date,symbol,open,high,low,close,volume
2005-07-04,EGX:ADIB,1.03386915,1.03386915,1.00515056,1.01807392,231264.85634438
2005-07-05,EGX:ADIB,1.05540809,1.06833145,1.05540809,1.06689552,611889.42643297
2005-07-06,EGX:ADIB,1.12002491,1.12002491,1.12002491,1.12002491,113167.12586112
2005-07-07,EGX:ADIB,1.17602616,1.17602616,1.16884651,1.17602616,1032251.32699317
2005-07-10,EGX:ADIB,1.23346333,1.23346333,1.2076166,1.22915554,363708.69632141
2005-07-11,EGX:ADIB,1.28802865,1.28802865,1.20618067,1.23489926,293586.86307245
2005-07-12,EGX:ADIB,1.19182138,1.2463867,1.18607766,1.23489926,153259.62700466
2005-07-13,EGX:ADIB,1.20618067,1.23489926,1.19469324,1.20618067,81793.71650701
2005-07-14,EGX:ADIB,1.23920705,1.26648971,1.23920705,1.26648971,421573.65932326
2005-07-17,EGX:ADIB,1.26792564,1.27079749,1.22053997,1.24351484,228305.10074493
2005-07-18,EGX:ADIB,1.26218192,1.26218192,1.21048846,1.22484775,133070.61175104
2005-07-19,EGX:ADIB,1.24925855,1.28515679,1.23059147,1.280849,522163.56491945
2005-07-20,EGX:ADIB,1.29233644,1.32105502,1.21766811,1.26505378,343805.2104315
2005-07-21,EGX:ADIB,1.22771961,1.29233644,1.22771961,1.27366935,160599.82089128
2005-07-24,EGX:ADIB,1.22341197,1.22341197,1.21048846,1.21910404,62120.04693423
2005-07-25,EGX:ADIB,1.158795,1.16453872,1.158795,1.158795,389155.63034582
2005-07-26,EGX:ADIB,1.11284526,1.11284526,1.10135783,1.10279376,304381.2658469
2005-07-27,EGX:ADIB,1.1487435,1.15735907,1.11284526,1.15448722,183093.96344706
2005-07-28,EGX:ADIB,1.21192439,1.21192439,1.21192439,1.21192439,6964.13082222
2005-07-31,EGX:ADIB,1.27223342,1.27223342,1.27223342,1.27223342,7326.26562498
2005-08-01,EGX:ADIB,1.33541432,1.33541432,1.33541432,1.33541432,505992.85315025
2005-08-02,EGX:ADIB,1.40146707,1.40146707,1.40146707,1.40146707,310077.92485948
2005-08-03,EGX:ADIB,1.47039168,1.47039168,1.3641329,1.45890424,2534302.91925349
2005-08-04,EGX:ADIB,1.43592937,1.43592937,1.38710777,1.39859521,604284.5955751
2005-08-07,EGX:ADIB,1.43592937,1.46464796,1.34259396,1.4273138,544205.03897179
2005-08-08,EGX:ADIB,1.42157008,1.42300601,1.3784922,1.40003114,300000.82755972
2005-08-09,EGX:ADIB,1.39428742,1.42874973,1.34977361,1.38423591,259692.43836069
2005-08-10,EGX:ADIB,1.32823467,1.40577486,1.32823467,1.3641329,117610.2413257
2005-08-11,EGX:ADIB,1.34977361,1.34977361,1.29664422,1.31100352,471443.8001412
2005-08-14,EGX:ADIB,1.28659272,1.31818316,1.2564382,1.28228493,289457.13349487
2005-08-15,EGX:ADIB,1.29233644,1.31387538,1.22341197,1.25787413,284805.09410563
2005-08-16,EGX:ADIB,1.27079749,1.27079749,1.20618067,1.2219759,260319.21013469
2005-08-17,EGX:ADIB,1.21479625,1.21479625,1.17746209,1.19038545,92358.30296432
2005-08-18,EGX:ADIB,1.18464173,1.24925855,1.18464173,1.2076166,150975.39209497
2005-08-21,EGX:ADIB,1.16741058,1.18464173,1.16741058,1.17746209,112609.99539534
2005-08-22,EGX:ADIB,1.17746209,1.21479625,1.16453872,1.18033394,197683.81751962
2005-08-23,EGX:ADIB,1.23489926,1.23920705,1.23489926,1.23777112,44570.43726223
2005-08-24,EGX:ADIB,1.29951608,1.29951608,1.29808015,1.29951608,362058.19731655
2005-08-25,EGX:ADIB,1.2564382,1.31961909,1.2564382,1.29377236,157653.99355348
2005-08-28,EGX:ADIB,1.29377236,1.29377236,1.24351484,1.26792564,206967.00390564
2005-08-29,EGX:ADIB,1.26648971,1.28372086,1.2463867,1.2564382,109629.34740343
2005-08-30,EGX:ADIB,1.2564382,1.2564382,1.2463867,1.24925855,39695.54568667
2005-08-31,EGX:ADIB,1.29233644,1.31100352,1.29233644,1.30813166,333923.10879477
2005-09-01,EGX:ADIB,1.31818316,1.34977361,1.31531131,1.32392688,139247.79579035
2005-09-04,EGX:ADIB,1.30382387,1.37131255,1.30238794,1.35120954,149380.60613668
2005-09-05,EGX:ADIB,1.3540814,1.3540814,1.30956759,1.31674723,57182.47818127
2005-09-06,EGX:ADIB,1.30669573,1.3397221,1.30238794,1.32249095,186060.68317733
2005-09-07,EGX:ADIB,1.30669573,1.30813166,1.28946458,1.30238794,73401.93886623
2005-09-08,EGX:ADIB,1.29233644,1.34546582,1.29233644,1.32536281,124309.73517668
2005-09-11,EGX:ADIB,1.29951608,1.30956759,1.28228493,1.29664422,78485.75436645
2005-09-12,EGX:ADIB,1.29951608,1.32105502,1.29664422,1.30382387,239405.92527556
2005-09-13,EGX:ADIB,1.29951608,1.32105502,1.29808015,1.30956759,126050.76788223
2005-09-14,EGX:ADIB,1.32536281,1.3296706,1.29233644,1.30669573,351194.15323388
2005-09-15,EGX:ADIB,1.32823467,1.36844069,1.29233644,1.30382387,316554.56652414
2005-09-18,EGX:ADIB,1.29233644,1.33541432,1.27797714,1.30956759,256865.00124687
2005-09-19,EGX:ADIB,1.29951608,1.29951608,1.26936157,1.28372086,121802.64808068
2005-09-20,EGX:ADIB,1.31243945,1.31243945,1.26361785,1.26792564,127095.38750557
2005-09-21,EGX:ADIB,1.26792564,1.33110667,1.26792564,1.30813166,148719.01370857
2005-09-22,EGX:ADIB,1.27797714,1.32823467,1.26361785,1.30813166,271601.10206669
2005-09-25,EGX:ADIB,1.35695326,1.37274848,1.35551733,1.36844069,686900.07951913
2005-09-26,EGX:ADIB,1.43592937,1.43592937,1.40721078,1.43162158,788374.42972974
2005-09-27,EGX:ADIB,1.50198212,1.50198212,1.42300601,1.49336655,3732732.33592655
2005-09-28,EGX:ADIB,1.56516302,1.56803487,1.50772584,1.54649593,404212.08118346
2005-09-29,EGX:ADIB,1.56516302,1.62260019,1.47039168,1.55080372,580460.30403228
2005-10-02,EGX:ADIB,1.62834391,1.62834391,1.52208513,1.60393311,422374.53436782
2005-10-03,EGX:ADIB,1.55223965,1.56516302,1.52495699,1.52926478,268822.41386863
2005-10-04,EGX:ADIB,1.45316052,1.47326354,1.45316052,1.46751982,137228.1978519
2005-10-05,EGX:ADIB,1.52926478,1.52926478,1.47900725,1.50916177,19360.28368578
2005-10-09,EGX:ADIB,1.50916177,1.5838301,1.50916177,1.57377859,188881.15616033
2005-10-10,EGX:ADIB,1.62260019,1.62977984,1.57952231,1.58957382,185218.02334784
2005-10-11,EGX:ADIB,1.57952231,1.57952231,1.55223965,1.5694708,37487.91621603
2005-10-12,EGX:ADIB,1.52352106,1.64701099,1.52352106,1.60106125,604298.52383675
2005-10-13,EGX:ADIB,1.57952231,1.58239417,1.53644443,1.55367558,426427.65850635
2005-10-16,EGX:ADIB,1.57808638,1.57808638,1.53931629,1.55511151,104663.92212719
2005-10-17,EGX:ADIB,1.56516302,1.6326517,1.56516302,1.62260019,833056.29308513
2005-10-18,EGX:ADIB,1.69439666,1.70301224,1.62260019,1.70157631,552255.57420228
2005-10-19,EGX:ADIB,1.78486021,1.78486021,1.61685647,1.6570625,206416.83757069
2005-10-20,EGX:ADIB,1.63695948,1.6570625,1.58095824,1.59962532,447856.28904633
2005-10-23,EGX:ADIB,1.65131878,1.65131878,1.55798337,1.57090673,191513.59761113
2005-10-24,EGX:ADIB,1.57234266,1.57952231,1.52782885,1.55223965,244092.78531891
2005-10-25,EGX:ADIB,1.51490549,1.54362408,1.50772584,1.51346956,140960.97197261
2005-10-26,EGX:ADIB,1.56085523,1.56085523,1.4861869,1.50054619,592891.27754995
2005-10-27,EGX:ADIB,1.49336655,1.53644443,1.49336655,1.50054619,498569.08969376
2005-10-30,EGX:ADIB,1.50054619,1.54218815,1.43592937,1.5105977,249984.43999451
2005-10-31,EGX:ADIB,1.54362408,1.58526603,1.52639292,1.57234266,358868.62539997
2005-11-01,EGX:ADIB,1.57952231,1.62116426,1.55798337,1.58957382,570216.06759279
2005-11-06,EGX:ADIB,1.5938816,1.62834391,1.55080372,1.57521452,302828.26467354
2005-11-07,EGX:ADIB,1.52926478,1.55080372,1.49767434,1.51634142,298977.10032885
2005-11-08,EGX:ADIB,1.56372709,1.56516302,1.49480248,1.52208513,155049.40862597
2005-11-09,EGX:ADIB,1.49623841,1.54936779,1.47182761,1.49767434,804176.04256537
2005-11-10,EGX:ADIB,1.56516302,1.56516302,1.50772584,1.52352106,239169.1448276
2005-11-13,EGX:ADIB,1.52208513,1.57090673,1.49336655,1.51203363,605942.05871079
2005-11-14,EGX:ADIB,1.49336655,1.50916177,1.49336655,1.49767434,502817.20949532
2005-11-15,EGX:ADIB,1.49336655,1.57234266,1.43880123,1.49911026,715473.90828271
2005-11-16,EGX:ADIB,1.54218815,1.54218815,1.49336655,1.49767434,192572.14549611
2005-11-17,EGX:ADIB,1.52208513,1.52208513,1.49336655,1.49767434,211354.40632364
2005-11-20,EGX:ADIB,1.54075222,1.54075222,1.48331504,1.50054619,350316.67275028
2005-11-21,EGX:ADIB,1.50772584,1.52208513,1.4861869,1.49911026,103041.27964561
2005-11-22,EGX:ADIB,1.49336655,1.50485398,1.47039168,1.48475097,314604.60989392
2005-11-23,EGX:ADIB,1.48331504,1.48905876,1.47039168,1.48331504,679044.53995167
2005-11-24,EGX:ADIB,1.48331504,1.49193062,1.48331504,1.48331504,133906.3074497
2005-11-27,EGX:ADIB,1.49336655,1.51490549,1.47326354,1.4861869,191235.03237824
2005-11-28,EGX:ADIB,1.47182761,1.54936779,1.47182761,1.51921328,125946.3059199
2005-11-29,EGX:ADIB,1.47900725,1.48044318,1.4517246,1.47039168,447333.97923467
2005-11-30,EGX:ADIB,1.44167309,1.44454495,1.40864671,1.43449344,118599.14790246
2005-12-01,EGX:ADIB,1.3641329,1.45890424,1.3641329,1.4273138,121001.77303612
2005-12-04,EGX:ADIB,1.46464796,1.4861869,1.40721078,1.44741681,174945.93038506
2005-12-05,EGX:ADIB,1.40721078,1.41726229,1.40721078,1.4129545,26463.69712445
2005-12-06,EGX:ADIB,1.45890424,1.46034017,1.40003114,1.41869822,77998.2652089
2005-12-07,EGX:ADIB,1.4861869,1.48905876,1.44023716,1.4861869,77998.2652089
2005-12-08,EGX:ADIB,1.50628991,1.50772584,1.4373653,1.46608389,224279.83312969
2005-12-11,EGX:ADIB,1.53213664,1.53931629,1.47900725,1.52782885,367699.14328255
2005-12-12,EGX:ADIB,1.60393311,1.60393311,1.57234266,1.5938816,475566.56558796
2005-12-13,EGX:ADIB,1.59962532,1.65131878,1.57952231,1.59531753,644760.12391386
2005-12-14,EGX:ADIB,1.5938816,1.67429365,1.54362408,1.63695948,286922.18987558
2005-12-15,EGX:ADIB,1.67285772,1.71880746,1.57952231,1.68721701,507065.32929687
2005-12-18,EGX:ADIB,1.72167932,1.75183383,1.65993435,1.70875595,275501.01532714
2005-12-19,EGX:ADIB,1.70875595,1.70875595,1.62403612,1.62834391,145097.66568101
2005-12-20,EGX:ADIB,1.54793186,1.61542054,1.54793186,1.55223965,390374.35323971
2005-12-21,EGX:ADIB,1.57952231,1.57952231,1.47900725,1.49193062,130918.69532697
2005-12-22,EGX:ADIB,1.47039168,1.56516302,1.47039168,1.5594193,167494.31040528
2005-12-25,EGX:ADIB,1.56372709,1.62260019,1.55080372,1.55367558,520645.38440021
2005-12-26,EGX:ADIB,1.56229116,1.61398461,1.5594193,1.57521452,177258.02181804
2005-12-27,EGX:ADIB,1.57952231,1.57952231,1.52208513,1.54936779,168183.75935668
2005-12-28,EGX:ADIB,1.56516302,1.61542054,1.53644443,1.57377859,278913.43943003
2005-12-29,EGX:ADIB,1.5594193,1.57952231,1.53070071,1.55511151,105388.1917327
2006-01-02,EGX:ADIB,1.55080372,1.6082409,1.54506,1.57521452,55155.91611201
2006-01-03,EGX:ADIB,1.57665045,1.57808638,1.52495699,1.54649593,146177.10595846
2006-01-04,EGX:ADIB,1.56516302,1.56516302,1.47039168,1.4861869,593483.22866984
2006-01-05,EGX:ADIB,1.47900725,1.51921328,1.46464796,1.47613539,463267.91055591
2006-01-08,EGX:ADIB,1.44310902,1.54649593,1.43592937,1.49193062,127360.02447681
2006-01-12,EGX:ADIB,1.48187911,1.52208513,1.4517246,1.47613539,149387.5702675
2006-01-15,EGX:ADIB,1.4517246,1.50772584,1.4517246,1.4861869,125507.5656781
2006-01-16,EGX:ADIB,1.45459645,1.5594193,1.45459645,1.51777735,316874.91654196
2006-01-17,EGX:ADIB,1.47326354,1.52064921,1.47326354,1.49193062,80122.32510967
2006-01-18,EGX:ADIB,1.47182761,1.50198212,1.46034017,1.47182761,91188.32898619
2006-01-19,EGX:ADIB,1.46464796,1.49336655,1.45028867,1.46751982,130661.02248655
2006-01-22,EGX:ADIB,1.50485398,1.50485398,1.40721078,1.43305751,293294.36957792
2006-01-23,EGX:ADIB,1.41582636,1.43592937,1.3641329,1.38567184,118167.37179148
2006-01-24,EGX:ADIB,1.31674723,1.43449344,1.31674723,1.33110667,65741.39496178
2006-01-25,EGX:ADIB,1.38710777,1.39715928,1.38567184,1.38997963,82107.10239401
2006-01-26,EGX:ADIB,1.38567184,1.45890424,1.38567184,1.43880123,150564.50837646
2006-01-29,EGX:ADIB,1.40003114,1.47326354,1.37274848,1.41439043,81271.40669534
2006-01-30,EGX:ADIB,1.36556883,1.44310902,1.3540814,1.38567184,100276.51970919
2006-02-01,EGX:ADIB,1.3784922,1.45459645,1.31674723,1.37274848,251899.57597062
2006-02-02,EGX:ADIB,1.3784922,1.44023716,1.32105502,1.37705627,124832.04498835
2006-02-05,EGX:ADIB,1.42874973,1.43162158,1.34402989,1.37705627,105193.19606968
2006-02-06,EGX:ADIB,1.33110667,1.43592937,1.33110667,1.39572335,262554.69612863
2006-02-07,EGX:ADIB,1.3641329,1.37705627,1.32679874,1.34546582,321185.71352092
2006-02-08,EGX:ADIB,1.36269697,1.36269697,1.27941307,1.29377236,916827.82274565
2006-02-09,EGX:ADIB,1.29233644,1.32823467,1.25069448,1.29520844,27327.2493464
2006-02-12,EGX:ADIB,1.35982512,1.35982512,1.35982512,1.35982512,94036.65849248
2006-02-13,EGX:ADIB,1.4273138,1.4273138,1.33685025,1.40864671,797964.03787195
2006-02-14,EGX:ADIB,1.41439043,1.41439043,1.33828617,1.34690175,108271.3418931
2006-02-15,EGX:ADIB,1.3784922,1.3784922,1.29951608,1.31818316,146831.73425575
2006-02-16,EGX:ADIB,1.38279999,1.38279999,1.25356634,1.26218192,309339.72699232
2006-02-19,EGX:ADIB,1.29233644,1.31674723,1.20043696,1.21192439,203714.75481166
2006-02-20,EGX:ADIB,1.18464173,1.25356634,1.1516155,1.17171837,572890.29382852
2006-02-21,EGX:ADIB,1.22053997,1.22053997,1.11428119,1.13582013,317042.0556817
2006-02-22,EGX:ADIB,1.12002491,1.1832058,1.12002491,1.1516155,81041.59037821
2006-02-23,EGX:ADIB,1.18751373,1.20905253,1.16453872,1.19469324,198784.15018953
2006-02-26,EGX:ADIB,1.22771961,1.22771961,1.18033394,1.19325731,45343.45578349
2006-02-27,EGX:ADIB,1.15017943,1.18033394,1.14156385,1.15735907,66347.27434332
2006-02-28,EGX:ADIB,1.1516155,1.17171837,1.1487435,1.16310279,72775.16709223
2006-03-01,EGX:ADIB,1.1487435,1.17459023,1.1487435,1.16741058,79739.29791445
2006-03-02,EGX:ADIB,1.15735907,1.15735907,1.1343842,1.14012792,149902.91594835
2006-03-05,EGX:ADIB,1.15017943,1.15592314,1.08412668,1.10566562,111809.12035079
2006-03-06,EGX:ADIB,1.11284526,1.1343842,1.09274225,1.1099734,30293.96907667
2006-03-07,EGX:ADIB,1.07838296,1.1343842,1.07838296,1.11140933,192432.86287966
2006-03-08,EGX:ADIB,1.13869199,1.16310279,1.1343842,1.15305129,77378.45756572
2006-03-09,EGX:ADIB,1.16310279,1.16310279,1.10853748,1.14587164,64056.07530281
2006-03-12,EGX:ADIB,1.09561411,1.11428119,1.09130632,1.09561411,106739.23311221
2006-03-13,EGX:ADIB,1.09848597,1.11284526,1.04104879,1.0755111,178330.49796466
2006-03-14,EGX:ADIB,1.07694703,1.07838296,1.02238171,1.03530508,120131.25668335
2006-03-15,EGX:ADIB,1.08699853,1.08699853,1.00658649,1.05397216,67176.00591116
2006-03-16,EGX:ADIB,1.03530508,1.09848597,1.02812543,1.08412668,163705.82323799
2006-03-19,EGX:ADIB,1.12720456,1.13725606,1.12720456,1.13725606,183365.56454913
2006-03-20,EGX:ADIB,1.13725606,1.17746209,1.13725606,1.1516155,36213.48027556
2006-03-21,EGX:ADIB,1.1343842,1.1487435,1.09417818,1.1243327,18942.43583645
2006-03-22,EGX:ADIB,1.16310279,1.18033394,1.10710155,1.1731543,236111.89139665
2006-03-23,EGX:ADIB,1.12146084,1.16310279,1.12146084,1.16023093,58373.34455187
2006-03-26,EGX:ADIB,1.15017943,1.1832058,1.1343842,1.14730757,51047.07892689
2006-03-27,EGX:ADIB,1.1343842,1.20330881,1.1243327,1.14156385,32035.00178223
2006-03-28,EGX:ADIB,1.1243327,1.12576863,1.08843446,1.10422969,43198.50349025
2006-03-29,EGX:ADIB,1.1487435,1.1487435,1.06258774,1.09417818,40196.96310587
2006-03-30,EGX:ADIB,1.05684402,1.13294827,1.05684402,1.06976738,128335.00279192
2006-04-02,EGX:ADIB,1.06402366,1.06976738,1.06402366,1.06833145,3133.85887
2006-04-03,EGX:ADIB,1.07120331,1.10422969,1.06258774,1.07263924,11839.02239778
2006-04-04,EGX:ADIB,1.06258774,1.08843446,1.04104879,1.0511003,99956.16969137
2006-04-05,EGX:ADIB,1.04104879,1.10279376,1.03961287,1.07981889,111321.63119323
2006-04-06,EGX:ADIB,1.07694703,1.13007642,1.07694703,1.11140933,156658.1228459
2006-04-09,EGX:ADIB,1.07694703,1.15305129,1.07694703,1.10566562,32069.82243634
2006-04-11,EGX:ADIB,1.08699853,1.15017943,1.05827995,1.09561411,228319.02900658
2006-04-12,EGX:ADIB,1.07838296,1.13007642,1.07694703,1.08269075,71939.47139356
2006-04-13,EGX:ADIB,1.04966437,1.11571712,1.04966437,1.06976738,2437.44578778
2006-04-16,EGX:ADIB,1.12002491,1.12002491,1.0266895,1.04248472,119615.9110025
2006-04-17,EGX:ADIB,1.01233021,1.02812543,1.01089428,1.016638,36714.89769476
2006-04-18,EGX:ADIB,1.00515056,1.02525357,0.96638047,0.97643197,117457.03044761
2006-04-19,EGX:ADIB,0.95489303,1.00515056,0.93479002,0.97930383,23016.45236745
2006-04-20,EGX:ADIB,1.00371463,1.02812543,0.97643197,1.00945835,110367.54527059
2006-04-26,EGX:ADIB,0.96350861,0.96925233,0.96063675,0.96350861,34806.72584947
2006-04-27,EGX:ADIB,0.96350861,1.00515056,0.96207268,0.98791941,47021.81131165
2006-04-30,EGX:ADIB,1.00515056,1.00515056,0.9778679,0.99653498,22354.85993934
2006-05-02,EGX:ADIB,0.97068826,1.03817694,0.97068826,1.01089428,52857.75294067
2006-05-03,EGX:ADIB,1.0266895,1.04104879,0.98361162,1.02094578,56214.46399698
2006-05-04,EGX:ADIB,0.99079127,1.00515056,0.97930383,0.9922272,44654.00683209
2006-05-07,EGX:ADIB,0.97930383,0.99079127,0.96207268,0.9678164,86215.93957912
2006-05-08,EGX:ADIB,0.93622595,0.97356011,0.92043073,0.92473852,365763.11491397
2006-05-09,EGX:ADIB,0.93191816,0.94053374,0.88596842,0.92186666,32954.26705076
2006-05-10,EGX:ADIB,0.92473852,0.92473852,0.89171214,0.91325108,66855.65589334
2006-05-11,EGX:ADIB,0.89745586,0.92617445,0.89745586,0.91612294,79342.34245759
2006-05-14,EGX:ADIB,0.94771339,0.94771339,0.9046355,0.92186666,75052.4378711
2006-05-15,EGX:ADIB,0.89745586,0.89745586,0.87591692,0.88022471,256266.08599616
2006-05-16,EGX:ADIB,0.88166063,0.91037922,0.88166063,0.88740435,61632.55777667
2006-05-17,EGX:ADIB,0.91037922,0.91037922,0.89601993,0.9046355,37606.30644
2006-05-18,EGX:ADIB,0.91181515,0.91181515,0.89745586,0.90176365,32557.31159389
2006-05-21,EGX:ADIB,0.90607143,0.90607143,0.86155762,0.88309656,70532.71696747
2006-05-22,EGX:ADIB,0.84145461,0.89745586,0.84001868,0.84289054,110680.93115759
2006-05-23,EGX:ADIB,0.80412045,0.80986417,0.80124859,0.80268452,108967.75497532
2006-05-24,EGX:ADIB,0.77540186,0.82996718,0.77253,0.78401744,100227.77079343
2006-05-25,EGX:ADIB,0.76822221,0.82278753,0.7481192,0.80555638,83472.07203516
2006-05-28,EGX:ADIB,0.8457624,0.8457624,0.78976115,0.81417195,27508.31674778
2006-05-29,EGX:ADIB,0.80268452,0.80268452,0.79837673,0.79981266,35029.57803578
2006-05-30,EGX:ADIB,0.83283904,0.83858275,0.80555638,0.83714682,91571.35618141
2006-05-31,EGX:ADIB,0.86442948,0.87735285,0.86442948,0.87160913,47272.52002125
2006-06-01,EGX:ADIB,0.91468701,0.91468701,0.86442948,0.894584,43936.7013574
2006-06-04,EGX:ADIB,0.85437798,0.89027621,0.85294205,0.88740435,98020.14132279
2006-06-05,EGX:ADIB,0.89027621,0.91181515,0.86873727,0.89027621,21226.67074614
2006-06-06,EGX:ADIB,0.88453249,0.88884028,0.87878878,0.88166063,24966.40899767
2006-06-07,EGX:ADIB,0.85581391,0.90176365,0.85581391,0.88309656,158301.65771995
2006-06-08,EGX:ADIB,0.9046355,0.92617445,0.90319958,0.9189948,78416.11305823
2006-06-11,EGX:ADIB,0.95489303,0.96494454,0.95489303,0.96494454,212482.59551684
2006-06-12,EGX:ADIB,1.01233021,1.01233021,0.94771339,0.9778679,191973.2302454
2006-06-13,EGX:ADIB,1.00945835,1.02094578,0.9290463,0.94053374,130995.30076601
2006-06-14,EGX:ADIB,0.89745586,0.89745586,0.894584,0.894584,170064.07467868
2006-06-15,EGX:ADIB,0.9189948,0.93622595,0.86299355,0.89745586,133425.78242297
2006-06-18,EGX:ADIB,0.93766188,0.94196967,0.93766188,0.94053374,26254.77319978
2006-06-19,EGX:ADIB,0.9189948,0.96207268,0.91468701,0.92473852,38442.00213867
2006-06-20,EGX:ADIB,0.91181515,0.91181515,0.88022471,0.89171214,77037.21515543
2006-06-21,EGX:ADIB,0.87591692,0.89027621,0.87591692,0.89027621,14032.72360678
2006-06-22,EGX:ADIB,0.87591692,0.92617445,0.87591692,0.90894329,84628.11775165
2006-06-25,EGX:ADIB,0.91755887,0.9189948,0.87591692,0.88596842,43874.02418
2006-06-26,EGX:ADIB,0.86442948,0.86442948,0.86155762,0.86299355,9053.37006889
2006-06-27,EGX:ADIB,0.89027621,0.89027621,0.86873727,0.87591692,10097.98969222
2006-06-28,EGX:ADIB,0.88884028,0.89027621,0.86299355,0.88166063,59229.93264301
2006-06-29,EGX:ADIB,0.89027621,0.89027621,0.87448099,0.87735285,13092.56594578
2006-07-02,EGX:ADIB,0.87735285,0.89745586,0.87735285,0.89027621,21937.01209
2006-07-03,EGX:ADIB,0.89314807,0.9046355,0.8457624,0.86155762,222155.77322891
2006-07-05,EGX:ADIB,0.90032772,0.9046355,0.90032772,0.90319958,86438.79176543
2006-07-06,EGX:ADIB,0.89027621,0.9290463,0.87591692,0.89601993,39786.07938736
2006-07-09,EGX:ADIB,0.87878878,0.93191816,0.87735285,0.90176365,86355.22219556
2006-07-10,EGX:ADIB,0.92617445,0.94627746,0.92617445,0.94484153,246425.76914436
2006-07-11,EGX:ADIB,0.99079127,0.99079127,0.99079127,0.99079127,83848.13509956
2006-07-12,EGX:ADIB,1.03961287,1.03961287,1.03961287,1.03961287,120653.56649501
2006-07-13,EGX:ADIB,1.09130632,1.09130632,1.09130632,1.09130632,34033.7073282
2006-07-16,EGX:ADIB,1.14587164,1.14587164,1.14587164,1.14587164,117004.36194417
2006-07-17,EGX:ADIB,1.20187288,1.20187288,1.20187288,1.20187288,67148.14938787
2006-07-18,EGX:ADIB,1.26074599,1.26074599,1.26074599,1.26074599,48609.63313912
2006-07-19,EGX:ADIB,1.32249095,1.32249095,1.32249095,1.32249095,58498.69890667
2006-07-20,EGX:ADIB,1.3885437,1.3885437,1.27079749,1.37992813,1054940.46521197
2006-07-24,EGX:ADIB,1.44885274,1.44885274,1.39285149,1.44023716,507824.41955649
2006-07-25,EGX:ADIB,1.43305751,1.43305751,1.36844069,1.38279999,138934.40990335
2006-07-26,EGX:ADIB,1.31387538,1.31387538,1.31387538,1.31387538,7841.61130582
2006-07-27,EGX:ADIB,1.24925855,1.24925855,1.24925855,1.24925855,148329.02238253
2006-07-30,EGX:ADIB,1.31100352,1.31100352,1.18751373,1.30238794,901471.91428264
2006-07-31,EGX:ADIB,1.36700491,1.36700491,1.24207891,1.35264547,732132.10920947
2006-08-01,EGX:ADIB,1.42013415,1.42013415,1.31674723,1.36556883,307856.36712719
2006-08-02,EGX:ADIB,1.30956759,1.3641329,1.29808015,1.31100352,163211.36994962
2006-08-03,EGX:ADIB,1.29233644,1.37562034,1.24925855,1.35120954,965729.9493793
2006-08-06,EGX:ADIB,1.39859521,1.41869822,1.34977361,1.41439043,337321.60463601
2006-08-07,EGX:ADIB,1.48475097,1.48475097,1.48187911,1.48475097,433356.96867447
2006-08-08,EGX:ADIB,1.55798337,1.55798337,1.45746831,1.53213664,1310008.72070671
2006-08-09,EGX:ADIB,1.49336655,1.49336655,1.45603238,1.45890424,163552.61235991
2006-08-10,EGX:ADIB,1.38710777,1.46895575,1.38710777,1.40290314,597633.85063988
2006-08-13,EGX:ADIB,1.40290314,1.47182761,1.38710777,1.45746831,310391.31074648
2006-08-14,EGX:ADIB,1.41439043,1.46321203,1.38567184,1.40721078,173246.68246444
2006-08-15,EGX:ADIB,1.42157008,1.46034017,1.3784922,1.42157008,323274.95276759
2006-08-16,EGX:ADIB,1.45028867,1.47039168,1.3540814,1.39859521,244218.13967371
2006-08-17,EGX:ADIB,1.42157008,1.42157008,1.33541432,1.34977361,164945.43852435
2006-08-20,EGX:ADIB,1.39859521,1.41726229,1.32392688,1.41008264,390255.96301573
2006-08-21,EGX:ADIB,1.47182761,1.47182761,1.36556883,1.4129545,124219.20147599
2006-08-22,EGX:ADIB,1.43592937,1.45746831,1.41151857,1.43305751,255444.31855914
2006-08-23,EGX:ADIB,1.43449344,1.43592937,1.38423591,1.42587787,257972.2980476
2006-08-24,EGX:ADIB,1.39141556,1.43592937,1.39141556,1.41869822,146455.67119135
2006-08-27,EGX:ADIB,1.44885274,1.44885274,1.38279999,1.41008264,110973.42465212
2006-08-28,EGX:ADIB,1.41439043,1.42157008,1.39428742,1.41008264,54389.86172156
2006-08-29,EGX:ADIB,1.40721078,1.43592937,1.3784922,1.40577486,270263.98894883
2006-08-30,EGX:ADIB,1.39285149,1.42444194,1.38423591,1.40290314,126029.87548977
2006-08-31,EGX:ADIB,1.43305751,1.43305751,1.3784922,1.38710777,397108.66774479
2006-09-03,EGX:ADIB,1.41726229,1.41869822,1.38136406,1.40003114,307076.3844751
2006-09-04,EGX:ADIB,1.42157008,1.46895575,1.42157008,1.46895575,355985.47523957
2006-09-05,EGX:ADIB,1.54218815,1.54218815,1.54218815,1.54218815,875196.2486904
2006-09-06,EGX:ADIB,1.6182924,1.6182924,1.6182924,1.6182924,506083.38685094
2006-09-07,EGX:ADIB,1.69726852,1.69870445,1.53788036,1.6182924,1220032.15048359
2006-09-10,EGX:ADIB,1.53788036,1.53788036,1.53788036,1.53788036,696.41308222
2006-09-11,EGX:ADIB,1.4617761,1.55223965,1.4617761,1.48044318,1504203.50868439
2006-09-12,EGX:ADIB,1.48187911,1.52208513,1.4517246,1.4861869,402812.2908882
2006-09-13,EGX:ADIB,1.44310902,1.5594193,1.44310902,1.54793186,722897.6717392
2006-09-14,EGX:ADIB,1.61542054,1.61542054,1.49480248,1.50916177,320976.78959625
2006-09-17,EGX:ADIB,1.48187911,1.53644443,1.43449344,1.44885274,996023.91845597
2006-09-18,EGX:ADIB,1.49193062,1.52064921,1.43592937,1.49480248,886102.077558
2006-09-19,EGX:ADIB,1.56516302,1.5694708,1.56516302,1.5694708,843509.45344928
2006-09-20,EGX:ADIB,1.64701099,1.64701099,1.64701099,1.64701099,440801.62452342
2006-09-21,EGX:ADIB,1.72885896,1.72885896,1.72885896,1.72885896,206096.48755286
2006-09-24,EGX:ADIB,1.81501473,1.81501473,1.81501473,1.81501473,323449.05603814
2006-09-25,EGX:ADIB,1.90547828,1.90547828,1.8379896,1.90547828,2997389.76240803
2006-09-26,EGX:ADIB,2.00024962,2.00024962,1.82650216,1.90260642,1424735.81187201
2006-09-27,EGX:ADIB,1.9945059,1.9945059,1.82506623,1.84373331,524552.26179147
2006-09-28,EGX:ADIB,1.81070694,1.93563279,1.78055242,1.89111898,1430460.32740787
2006-10-01,EGX:ADIB,1.9801466,1.98445439,1.91696571,1.97153103,858217.69774582
2006-10-02,EGX:ADIB,1.9801466,2.06917423,1.90260642,1.98589032,897746.10429276
2006-10-03,EGX:ADIB,1.93850465,1.93850465,1.8868112,1.90117049,467188.71620882
2006-10-04,EGX:ADIB,1.80639915,1.92414536,1.80639915,1.83511774,925741.91019809
2006-10-08,EGX:ADIB,1.79634764,1.87388783,1.79634764,1.8379896,635720.68210662
2006-10-09,EGX:ADIB,1.79634764,1.8379896,1.74609012,1.76188534,425438.7519296
2006-10-10,EGX:ADIB,1.68147329,1.77624463,1.67429365,1.6915248,444875.64105442
2006-10-11,EGX:ADIB,1.67429365,1.7748087,1.64126727,1.73603861,397610.08516399
2006-10-12,EGX:ADIB,1.79491172,1.82219437,1.75183383,1.81645066,673744.83639596
2006-10-15,EGX:ADIB,1.90691421,1.90691421,1.76619313,1.87532376,980897.8263101
2006-10-16,EGX:ADIB,1.88106748,1.93850465,1.82506623,1.88393934,491180.14689138
2006-10-17,EGX:ADIB,1.93850465,1.97440289,1.82506623,1.90404235,371564.23588888
2006-10-18,EGX:ADIB,1.82650216,1.95717173,1.82650216,1.89973456,490414.09250094
2006-10-19,EGX:ADIB,1.92414536,1.92414536,1.86670818,1.88968305,585885.36194279
2006-10-22,EGX:ADIB,1.90978607,1.97296696,1.8968627,1.94137651,589799.20346488
2006-10-29,EGX:ADIB,1.98301846,1.98301846,1.87388783,1.93994058,510770.24689429
2006-10-30,EGX:ADIB,1.8968627,1.93706872,1.86958004,1.89255491,636396.20279637
2006-10-31,EGX:ADIB,1.88393934,1.92270943,1.85234889,1.88106748,994289.84988123
2006-11-01,EGX:ADIB,1.91409385,1.91552978,1.8135788,1.87101597,639857.37581502
2006-11-02,EGX:ADIB,1.80927101,1.86527225,1.77768056,1.83224588,473414.64916389
2006-11-05,EGX:ADIB,1.79778357,1.79778357,1.74178233,1.76332127,1144485.25932411
2006-11-06,EGX:ADIB,1.73747454,1.74609012,1.67572958,1.69583259,486813.63686585
2006-11-07,EGX:ADIB,1.65131878,1.68721701,1.61685647,1.6326517,427005.6813646
2006-11-08,EGX:ADIB,1.60967683,1.71306374,1.60967683,1.70301224,523382.28781334
2006-11-09,EGX:ADIB,1.78773207,1.78773207,1.78773207,1.78773207,144791.24392484
2006-11-12,EGX:ADIB,1.87675969,1.87675969,1.87675969,1.87675969,13231.84856222
2006-11-13,EGX:ADIB,1.9700951,1.9700951,1.9700951,1.9700951,146239.78313586
2006-11-14,EGX:ADIB,2.0677383,2.0677383,2.0677383,2.0677383,351110.58366401
2006-11-16,EGX:ADIB,2.17112521,2.17112521,2.17112521,2.17112521,883581.06220035
2006-11-19,EGX:ADIB,2.27881991,2.27881991,2.10363653,2.25297319,4207825.34061859
2006-11-20,EGX:ADIB,2.34343674,2.36497553,2.22569053,2.30035885,811460.52340541
2006-11-21,EGX:ADIB,2.27020434,2.29461514,2.1854845,2.22138274,750029.92542259
2006-11-22,EGX:ADIB,2.18979229,2.22138274,2.13235512,2.16538149,937908.24674452
2006-11-23,EGX:ADIB,2.16825335,2.2730762,2.11512397,2.22999832,1713600.99424699
2006-11-26,EGX:ADIB,2.34056473,2.34056473,2.297487,2.34056473,982290.65247454
2006-11-27,EGX:ADIB,2.4568753,2.4568753,2.36928346,2.43820807,1821217.7078428
2006-11-28,EGX:ADIB,2.47410631,2.5401592,2.32189779,2.4295925,1372386.44048136
2006-11-29,EGX:ADIB,2.35492417,2.41092556,2.30897443,2.32046187,1589263.40254702
2006-11-30,EGX:ADIB,2.3980022,2.43533607,2.297487,2.41954099,1377386.68641171
2006-12-03,EGX:ADIB,2.5401592,2.5401592,2.39943784,2.53585127,1724527.71550706
2006-12-04,EGX:ADIB,2.5401592,2.5401592,2.40948963,2.44395179,994115.74661068
2006-12-05,EGX:ADIB,2.33482116,2.49851711,2.33338523,2.40230984,650421.96227233
2006-12-06,EGX:ADIB,2.46979866,2.47697817,2.40374577,2.44395179,487245.41297683
2006-12-07,EGX:ADIB,2.41954099,2.44682379,2.32189779,2.34056473,998551.89794443
2006-12-10,EGX:ADIB,2.27020434,2.36641161,2.2242546,2.25584504,718022.78016365
2006-12-11,EGX:ADIB,2.36210396,2.36784753,2.26302469,2.3563601,1329236.68590686
2006-12-12,EGX:ADIB,2.44107993,2.44107993,2.25010133,2.30323086,727668.10135243
2006-12-13,EGX:ADIB,2.34056473,2.34056473,2.24148575,2.28599956,654899.89839102
2006-12-14,EGX:ADIB,2.297487,2.32620573,2.24722947,2.27738398,582438.11718579
2006-12-17,EGX:ADIB,2.297487,2.3908224,2.297487,2.38938633,1278071.21675599
2006-12-18,EGX:ADIB,2.5056969,2.50856847,2.31184629,2.39225833,736610.04532816
2006-12-19,EGX:ADIB,2.44107993,2.44107993,2.2730762,2.29892293,456220.21016382
2006-12-20,EGX:ADIB,2.27594806,2.29317921,2.18979229,2.23287017,547840.31526099
2006-12-21,EGX:ADIB,2.22569053,2.32620573,2.13235512,2.24148575,498255.70380676
2006-12-24,EGX:ADIB,2.3534881,2.3534881,2.3534881,2.3534881,126921.28423501
2006-12-25,EGX:ADIB,2.46836273,2.46836273,2.2730762,2.3563601,1091474.29550535
2006-12-26,EGX:ADIB,2.40374577,2.44107993,2.297487,2.34630859,398564.17108664
2006-12-27,EGX:ADIB,2.31328236,2.46261887,2.31328236,2.43102843,2129464.06629603
2006-12-28,EGX:ADIB,2.5401592,2.55164649,2.46261887,2.54733871,1631438.17880641
2007-01-03,EGX:ADIB,2.67370063,2.67370063,2.47697817,2.53297927,355386.55998886
2007-01-04,EGX:ADIB,2.47697817,2.47697817,2.42097707,2.44107993,513938.92641841
2007-01-08,EGX:ADIB,2.34343674,2.44395179,2.31902594,2.34056473,1524155.74349006
2007-01-09,EGX:ADIB,2.33338523,2.34056473,2.297487,2.32333372,325594.00833139
2007-01-10,EGX:ADIB,2.33338523,2.43820807,2.25440911,2.41810506,757063.69755303
2007-01-11,EGX:ADIB,2.53872313,2.53872313,2.36497553,2.53154334,1806920.34726478
2007-01-14,EGX:ADIB,2.57031358,2.57031358,2.42672064,2.46549073,424199.13664324
2007-01-15,EGX:ADIB,2.40087377,2.46979866,2.40087377,2.43390043,482899.79534376
2007-01-16,EGX:ADIB,2.44107993,2.47697817,2.36641161,2.41954099,529232.15770401
2007-01-17,EGX:ADIB,2.44107993,2.44107993,2.33625709,2.3563601,329883.91291788
2007-01-18,EGX:ADIB,2.32620573,2.4051817,2.32620573,2.3534881,488519.84891729
2007-01-22,EGX:ADIB,2.33482116,2.36210396,2.26446062,2.29461514,414484.17414624
2007-01-23,EGX:ADIB,2.25728097,2.25728097,2.18117672,2.19697194,1137514.16437107
2007-01-24,EGX:ADIB,2.2242546,2.26015283,2.11799582,2.16538149,322829.24839497
2007-01-25,EGX:ADIB,2.1266114,2.15389406,2.05768679,2.07491794,824093.45671693
2007-01-28,EGX:ADIB,1.98445439,2.11799582,1.97153103,1.99019811,572521.19489495
2007-01-29,EGX:ADIB,1.89111898,1.97153103,1.89111898,1.8968627,924530.15143502
2007-01-30,EGX:ADIB,1.98589032,1.99163404,1.90835014,1.98301846,647016.50230026
2007-01-31,EGX:ADIB,1.91265792,1.96722324,1.8868112,1.91265792,311136.47274445
2007-02-01,EGX:ADIB,1.92414536,1.97583882,1.88824712,1.92558129,263348.60704236
2007-02-04,EGX:ADIB,2.15245813,2.439644,2.01173705,2.16394556,941313.70671658
2007-02-05,EGX:ADIB,2.29461514,2.29461514,1.95429988,2.09071317,601108.95192017
2007-02-06,EGX:ADIB,2.02753227,2.12517547,1.98158253,2.07348201,439673.43533022
2007-02-07,EGX:ADIB,2.15389406,2.297487,2.15389406,2.26158876,1695208.7247455
2007-02-08,EGX:ADIB,2.26158876,2.2831277,2.20558752,2.24722947,614466.15483719
2007-02-12,EGX:ADIB,2.15389406,2.5028249,2.15389406,2.40374577,1216348.12527863
2007-02-13,EGX:ADIB,2.3980022,2.72682988,2.37215532,2.57174951,3208326.32088234
2007-02-14,EGX:ADIB,2.72826581,2.94365521,2.72826581,2.86037131,1112255.26187887
2007-02-15,EGX:ADIB,2.83308865,2.85606338,2.67513628,2.76272811,1674601.86164254
2007-02-18,EGX:ADIB,2.75698454,2.84026844,2.72826581,2.77995941,580885.11601244
2007-02-19,EGX:ADIB,2.7454971,2.78426691,2.58754473,2.68375214,1978175.28831406
2007-02-20,EGX:ADIB,2.58467287,2.71677837,2.51574826,2.63636647,1246349.60086077
2007-02-21,EGX:ADIB,2.61913518,2.79001077,2.59759623,2.70098301,1496932.95610599
2007-02-22,EGX:ADIB,2.69811143,2.76272811,2.6205711,2.72395788,1112053.30208502
2007-02-25,EGX:ADIB,2.72826581,2.77852334,2.68949571,2.74118917,840292.02500942
2007-02-26,EGX:ADIB,2.7426251,3.14468533,2.72826581,2.96806601,2251928.30680482
2007-02-27,EGX:ADIB,3.23084109,3.80521284,3.23084109,3.5366939,3757489.82099955
2007-02-28,EGX:ADIB,3.5611047,3.96316507,2.87185874,3.55105334,2720189.49916027
2007-03-01,EGX:ADIB,3.73341637,4.08378328,3.60418272,3.92726683,1674560.07685761
2007-03-04,EGX:ADIB,4.09239871,4.09239871,3.75208331,3.9157794,1757697.87061331
2007-03-05,EGX:ADIB,3.83393157,3.8913686,3.60705473,3.75639124,1539365.4052058
2007-03-06,EGX:ADIB,3.64726061,3.83393157,3.6300296,3.75064766,1671969.42019174
2007-03-07,EGX:ADIB,3.79085354,4.34368635,3.79085354,4.04932097,2719708.97413354
2007-03-08,EGX:ADIB,4.30778812,4.91662246,4.14983589,4.57199912,3688182.79105679
2007-03-11,EGX:ADIB,4.66964232,5.05159953,4.66964232,4.91518624,2454006.49087326
2007-03-12,EGX:ADIB,4.99559843,5.04011181,4.52317752,4.87785222,3613088.56840076
2007-03-13,EGX:ADIB,4.93816097,5.0257528,4.76728566,4.92810961,1373208.20791838
2007-03-14,EGX:ADIB,4.94821247,4.94821247,4.52317752,4.67682197,1304771.6943284
2007-03-15,EGX:ADIB,4.66677046,4.84626163,4.52317752,4.68974533,2299827.59860007
2007-03-18,EGX:ADIB,4.77590081,5.22534684,4.77590081,5.05877918,2531203.88103761
2007-03-19,EGX:ADIB,5.23827035,5.23970657,4.95682819,5.09324163,1625866.87414863
2007-03-20,EGX:ADIB,4.96831534,5.08319027,4.78164467,4.91518624,1009534.33225108
2007-03-21,EGX:ADIB,4.88215987,5.04585567,4.74431079,4.94103297,1033093.98682266
2007-03-22,EGX:ADIB,5.02431716,5.09754927,4.76728566,4.90800659,791180.9744511
2007-03-25,EGX:ADIB,4.78164467,4.99559843,4.78164467,4.90657038,887933.64396424
2007-03-26,EGX:ADIB,4.88359551,5.06165104,4.88215987,4.9668797,516327.62329043
2007-03-27,EGX:ADIB,5.24114221,5.24114221,5.0257528,5.16934574,2653354.7356594
2007-03-28,EGX:ADIB,5.24114221,5.24114221,4.88646751,5.0113938,264616.078852
2007-03-29,EGX:ADIB,4.92667382,5.02144516,4.83333827,4.90944238,291539.40861072
2007-04-02,EGX:ADIB,4.9180581,5.02288094,4.8247224,4.89364759,298614.9655261
2007-04-03,EGX:ADIB,5.0257528,5.0257528,4.85344113,4.88359551,468874.0358678
2007-04-04,EGX:ADIB,4.95395633,5.31293868,4.95395633,5.15785802,1441247.7660515
2007-04-05,EGX:ADIB,5.16934574,5.16934574,4.73856693,5.05877918,1259010.39069557
2007-04-10,EGX:ADIB,5.15498673,5.52832808,5.02288094,5.19375625,1682729.00231208
2007-04-12,EGX:ADIB,2.33338523,2.33338523,2.33338523,2.33338523,13928.26164445
2007-06-26,EGX:ADIB,2.72682988,2.91924441,2.44107993,2.72539395,6747622.95909082
2007-06-27,EGX:ADIB,2.80006228,2.87185874,2.58467287,2.78713891,826224.48074853
2007-06-28,EGX:ADIB,2.78570298,2.79862635,2.38364276,2.48990153,1194480.75449685
2007-07-02,EGX:ADIB,2.41954099,2.62775061,2.4051817,2.56600593,549045.10989323
2007-07-03,EGX:ADIB,2.44251586,2.72826581,2.44251586,2.61769925,829922.43421513
2007-07-04,EGX:ADIB,2.6205711,2.69236757,2.46979866,2.5688775,841044.15113822
2007-07-05,EGX:ADIB,2.4784141,2.4784141,2.40805356,2.43533607,303838.06364276
2007-07-08,EGX:ADIB,2.42672064,2.42672064,2.24148575,2.32764137,392136.27833773
2007-07-09,EGX:ADIB,2.297487,2.297487,2.01317298,2.13809884,241585.69822291
2007-07-10,EGX:ADIB,2.10794432,2.10794432,1.90260642,1.99881369,414142.93173595
2007-07-11,EGX:ADIB,2.02322449,2.18979229,2.02322449,2.12373954,417123.57972786
2007-07-12,EGX:ADIB,2.15389406,2.2831277,2.15389406,2.18692043,415675.04051684
2007-07-15,EGX:ADIB,2.33338523,2.33338523,2.16968928,2.22999832,156985.43699455
2007-07-16,EGX:ADIB,2.22569053,2.24004982,2.1854845,2.21563902,279261.64597114
2007-07-17,EGX:ADIB,2.18404858,2.24004982,2.18261265,2.20558752,86348.25806474
2007-07-18,EGX:ADIB,2.19122822,2.22569053,2.08927724,2.16825335,204933.47770555
2007-07-19,EGX:ADIB,2.13235512,2.16681742,2.1022006,2.12948326,258612.99808325
2007-07-22,EGX:ADIB,2.18692043,2.22138274,2.13953476,2.17830486,270250.06068718
2007-07-24,EGX:ADIB,2.15532999,2.58323694,2.11799582,2.40661763,904013.82203276
2007-07-25,EGX:ADIB,2.44107993,2.58467287,2.41954099,2.5128764,609765.36653219
2007-07-26,EGX:ADIB,2.4051817,2.58323694,2.4051817,2.47123431,405834.72366504
2007-07-29,EGX:ADIB,2.58467287,2.58467287,2.2831277,2.3778989,958570.82289405
2007-07-30,EGX:ADIB,2.32620573,2.86180724,2.32620573,2.61769925,1159388.49928367
2007-07-31,EGX:ADIB,2.90057748,2.90775698,2.71390651,2.82016514,1082685.56240771
2007-08-01,EGX:ADIB,2.77134354,3.17053205,2.51862026,2.83452458,2586046.41126261
2007-08-02,EGX:ADIB,3.14468533,3.33853579,3.06140142,3.19207099,2183505.72147648
2007-08-05,EGX:ADIB,3.33853579,3.57402806,3.25955982,3.45484593,1949406.46388746
2007-08-06,EGX:ADIB,3.51802696,3.58982343,3.23084109,3.36725452,1751458.0093966
2007-08-07,EGX:ADIB,3.27104725,3.33853579,3.10160744,3.20355829,1590503.01783338
2007-08-08,EGX:ADIB,3.25955982,3.25955982,2.87185874,3.01545168,1460475.73125166
2007-08-09,EGX:ADIB,2.90775698,3.13750568,2.85749945,2.90919291,1583239.4293858
2007-08-12,EGX:ADIB,2.88621804,3.08294022,2.82878101,2.89052568,848022.21022208
2007-08-13,EGX:ADIB,2.84457594,3.22222565,2.80006228,3.06283735,1588218.78292369
2007-08-14,EGX:ADIB,3.30263756,3.55966906,3.13032589,3.22366158,1143377.96252338
2007-08-15,EGX:ADIB,3.26530339,3.3729981,2.92355235,3.04417041,835807.1247599
2007-08-16,EGX:ADIB,3.21217415,3.44623049,3.01401575,3.25668782,3300893.54777133
2007-08-19,EGX:ADIB,3.51084746,4.28912118,3.51084746,3.90859961,1402910.22587516
2007-08-20,EGX:ADIB,4.28768525,4.30635219,3.52664239,3.98901194,4673934.61654997
2007-08-21,EGX:ADIB,4.23455572,4.50738216,4.00767888,4.21732471,2714666.94341825
2007-08-22,EGX:ADIB,4.30778812,4.62800037,4.30778812,4.48153543,2699589.60018813
2007-08-23,EGX:ADIB,4.48727929,4.52317752,4.16706704,4.28768525,2106196.90521899
2007-08-26,EGX:ADIB,4.31065998,4.52317752,4.16563111,4.33794249,1921737.97213077
2007-08-27,EGX:ADIB,4.36378922,4.36378922,4.20870885,4.28481325,1023713.30260512
2007-08-28,EGX:ADIB,4.22306828,4.37527665,4.12398901,4.22881214,1695675.32151059
2007-08-29,EGX:ADIB,4.30778812,4.34368635,4.05650048,4.14839981,1033511.83467199
2007-08-30,EGX:ADIB,4.17137468,4.48009979,4.17137468,4.37671273,3198054.22791956
2007-09-02,EGX:ADIB,4.47722778,4.59353806,4.38102051,4.47148392,2055804.45458938
2007-09-03,EGX:ADIB,4.50881823,4.52030566,4.16419518,4.35660972,2050553.49994942
2007-09-04,EGX:ADIB,4.42266232,4.42697025,4.12829695,4.23311979,2036827.19809882
2007-09-05,EGX:ADIB,4.11393765,4.30060861,4.03639761,4.14696388,1817686.89351594
2007-09-06,EGX:ADIB,4.16419518,4.26327445,4.14839981,4.19722156,1130619.67485707
2007-09-09,EGX:ADIB,4.23599165,4.37240508,4.21158085,4.28912118,1730628.29410733
2007-09-10,EGX:ADIB,4.29630068,4.29630068,4.106758,4.17568261,1462822.64333874
2007-09-11,EGX:ADIB,4.11250158,4.37958459,4.11106565,4.26614602,2536106.62913645
2007-09-12,EGX:ADIB,4.17424669,4.26758195,4.14983589,4.20440135,877382.98576858
2007-09-13,EGX:ADIB,4.13547645,4.20009341,4.11393765,4.15270774,1049773.08014188
2007-09-16,EGX:ADIB,4.13547645,4.27906939,4.13547645,4.16275925,383835.03439764
2007-09-17,EGX:ADIB,4.16419518,4.17855447,4.06367998,4.11106565,594228.39066781
2007-09-18,EGX:ADIB,4.15557975,4.26471038,4.07229584,4.19865748,1016310.4315411
2007-09-19,EGX:ADIB,4.26471038,4.30778812,4.20727292,4.24891501,884291.40354422
2007-09-20,EGX:ADIB,4.23742758,4.27906939,4.16419518,4.19722156,1071257.42372844
2007-09-23,EGX:ADIB,4.20727292,4.26327445,4.18860598,4.20870885,549177.42837885
2007-09-24,EGX:ADIB,4.23455572,4.27476174,4.13691238,4.18573412,694971.50714209
2007-09-25,EGX:ADIB,4.20009341,4.20009341,4.12686102,4.15270774,524872.6118093
2007-09-26,EGX:ADIB,4.17137468,4.17711854,4.09527057,4.12111744,487593.61951794
2007-09-27,EGX:ADIB,4.09670664,4.13978438,4.06655198,4.08809078,890266.62778969
2007-09-30,EGX:ADIB,4.16419518,4.16419518,4.02921768,4.08091128,726414.55780443
2007-10-01,EGX:ADIB,4.06367998,4.12111744,4.04214118,4.07229584,223005.39718922
2007-10-02,EGX:ADIB,4.07947535,4.20583727,4.04501304,4.15701568,1025907.00381412
2007-10-03,EGX:ADIB,4.20727292,4.40830332,4.14265624,4.29199275,2488311.79930354
2007-10-04,EGX:ADIB,4.26471038,4.29342882,4.21014492,4.25178701,1063116.35479726
2007-10-08,EGX:ADIB,4.29199275,4.42984211,4.26327445,4.35804564,2106064.58673336
2007-10-09,EGX:ADIB,4.45856056,4.52317752,4.38102051,4.45425291,1447543.34031479
2007-10-10,EGX:ADIB,4.43845769,4.52174159,4.39537995,4.45568899,1573413.04079564
2007-10-11,EGX:ADIB,4.48584336,4.98985457,4.45425291,4.71846406,3858615.96466905
2007-10-16,EGX:ADIB,4.95395633,5.08319027,4.84913349,4.97118734,4331041.70725618
2007-10-17,EGX:ADIB,4.91949374,5.11478028,4.83190262,4.95826398,3404638.20462998
2007-10-18,EGX:ADIB,5.05447153,5.09754927,4.84626163,4.95682819,3172064.09169102
2007-10-21,EGX:ADIB,4.89651887,4.89651887,4.74000257,4.81610726,1471367.63185761
2007-10-22,EGX:ADIB,4.87498036,4.876416,4.68256583,4.74861843,1431560.66007779
2007-10-23,EGX:ADIB,4.73856693,5.16934574,4.73425928,5.03293231,4586311.92254476
2007-10-24,EGX:ADIB,5.15211473,5.45653161,5.09754927,5.32729768,4463485.54723322
2007-10-25,EGX:ADIB,5.42781288,5.56422632,5.31437432,5.40483801,3168630.77519567
2007-10-28,EGX:ADIB,5.44217261,6.01654436,5.44217261,5.69776775,5000050.93469303
2007-10-29,EGX:ADIB,6.01654436,6.01654436,5.55848246,5.74946135,3825027.96171347
2007-10-30,EGX:ADIB,5.79397473,5.81407832,5.38904279,5.52545622,4979847.99117776
2007-10-31,EGX:ADIB,5.55704681,5.92320866,5.38473515,5.67910052,3846282.48898289
2007-11-01,EGX:ADIB,5.84136069,5.92177302,5.67335666,5.79253909,2845000.65175615
2007-11-04,EGX:ADIB,5.8126421,6.00218463,5.62166378,5.89736193,2306645.48267503
2007-11-05,EGX:ADIB,5.74515313,5.84423269,5.65756201,5.71787076,1805896.62003391
2007-11-06,EGX:ADIB,5.80115495,5.91602916,5.41345388,5.60299641,4221377.53919864
2007-11-07,EGX:ADIB,5.60012455,5.6532538,5.33447791,5.51253272,3708169.84651657
2007-11-08,EGX:ADIB,5.52832808,5.62453506,5.47089062,5.57140582,2115229.38289541
2007-11-11,EGX:ADIB,5.60012455,5.80115495,5.55704681,5.73366598,3483708.9459855
2007-11-12,EGX:ADIB,5.77961572,5.77961572,5.58576555,5.66904916,2870844.54123742
2007-11-13,EGX:ADIB,5.60874027,5.75664085,5.41488952,5.62597128,4901341.34441884
2007-11-14,EGX:ADIB,5.7580765,5.84997655,5.55704681,5.70638361,1470239.44266441
2007-11-15,EGX:ADIB,5.65612565,5.65612565,5.24257785,5.40771002,2288294.99795847
2007-11-18,EGX:ADIB,5.45509597,5.45653161,4.95682819,5.09754927,2094100.20998078
2007-11-19,EGX:ADIB,4.98267507,5.09611363,4.50163858,4.74574643,2694206.32706256
2007-11-20,EGX:ADIB,5.00995744,5.00995744,4.66964232,4.73138743,865425.57314682
2007-11-21,EGX:ADIB,4.66964232,4.80174768,4.42266232,4.56625526,5275050.53260097
2007-11-22,EGX:ADIB,5.62199143,5.62199143,5.62199143,5.62199143,3575.24557896
2007-11-25,EGX:ADIB,4.89476866,5.31432026,4.75491812,5.11852923,1337699.5848397
2007-11-26,EGX:ADIB,5.23041022,5.2779594,5.10454446,5.19125151,730923.20616167
2007-11-27,EGX:ADIB,5.23041022,5.25837976,5.10734147,5.15768794,452643.96652367
2007-11-28,EGX:ADIB,5.17446972,5.17446972,4.88078388,4.95070915,869846.52362315
2007-11-29,EGX:ADIB,5.00664908,5.00664908,4.71576025,4.78848253,1052176.89765873
2007-12-02,EGX:ADIB,4.78288823,4.89197165,4.75491812,4.82204638,383284.20229193
2007-12-03,EGX:ADIB,4.7689029,4.87518958,4.74093335,4.78568552,777569.43523031
2007-12-04,EGX:ADIB,4.86400126,5.03461919,4.78568552,4.94511485,907769.15347913
2007-12-05,EGX:ADIB,5.00664908,5.00664908,4.87518958,4.91155044,365879.90681357
2007-12-06,EGX:ADIB,4.92273876,4.93112952,4.74652681,4.8024673,1409508.39229302
2007-12-09,EGX:ADIB,5.00385179,5.05699528,4.82484339,4.96189691,920672.21477358
2007-12-10,EGX:ADIB,5.00105478,5.01783741,4.75771513,4.80526432,580755.74135438
2007-12-11,EGX:ADIB,4.75491812,4.82484339,4.69897763,4.7437298,696929.77119696
2007-12-12,EGX:ADIB,4.71576025,4.82204638,4.67100808,4.7493241,648360.06000685
2007-12-13,EGX:ADIB,4.82204638,4.86679855,4.72135372,4.75771513,445175.27850923
2007-12-16,EGX:ADIB,4.8332347,4.87798687,4.70736894,4.83882816,994930.06544849
2007-12-17,EGX:ADIB,4.80526432,4.8528135,4.77169991,4.8024673,326384.16890285
2007-12-23,EGX:ADIB,4.8332347,5.31152325,4.8332347,5.10454446,2086473.99217709
2007-12-24,EGX:ADIB,5.30872623,5.4821409,5.0681836,5.32271157,1869839.13681144
2007-12-25,EGX:ADIB,5.34229036,5.42340339,5.11852923,5.28355286,1339619.49171559
2007-12-26,EGX:ADIB,5.36466645,5.39543384,5.1940488,5.29194417,629740.18103165
2007-12-27,EGX:ADIB,5.25837976,5.30033548,5.17726673,5.2220189,505124.99637716
2007-12-30,EGX:ADIB,5.23041022,5.25558331,4.98147571,5.0374162,837626.4104656
2007-12-31,EGX:ADIB,4.99266403,5.59402132,4.94231784,5.09895043,1047614.88429998
2008-01-02,EGX:ADIB,5.56605122,5.59402132,5.247192,5.35068111,1418471.53295946
2008-01-03,EGX:ADIB,5.31432026,5.437389,5.27516239,5.35068111,1371539.28424451
2008-01-06,EGX:ADIB,5.33389933,5.59402132,5.31432026,5.46535911,972205.80454865
2008-01-08,EGX:ADIB,5.55206616,5.55206616,5.23041022,5.34229036,854598.1012289
2008-01-10,EGX:ADIB,5.42620068,5.44018602,5.23041022,5.30872623,1111257.83085097
2008-01-13,EGX:ADIB,5.31711727,5.49612595,5.31432026,5.3982303,815531.39278766
2008-01-14,EGX:ADIB,5.31991428,5.4821409,5.26677107,5.32271157,999849.60336513
2008-01-15,EGX:ADIB,5.26397406,5.51011128,5.26397406,5.42060638,1241053.54634937
2008-01-16,EGX:ADIB,5.31711727,5.45417079,5.28355286,5.33389933,941355.01044784
2008-01-17,EGX:ADIB,5.2723651,5.35347813,5.247192,5.29194417,974522.56368381
2008-01-20,EGX:ADIB,5.23880097,5.30872623,5.11852923,5.22481591,627180.30519712
2008-01-21,EGX:ADIB,5.11852923,5.12971755,4.96469392,5.02902517,815059.46037124
2008-01-22,EGX:ADIB,4.96469392,4.96469392,4.67380453,4.7437298,1656275.41739811
2008-01-23,EGX:ADIB,4.89476866,5.02063442,4.76610645,4.87239257,557101.91660401
2008-01-24,EGX:ADIB,4.76610645,4.86679855,4.72694802,4.7689029,377417.22429686
2008-01-27,EGX:ADIB,4.86679855,4.89476866,4.78009122,4.81924937,263974.6820766
2008-01-28,EGX:ADIB,4.81085862,4.82484339,4.73254204,4.77169991,276874.16812548
2008-01-29,EGX:ADIB,4.79967029,4.89476866,4.74093335,4.83603171,345247.16457742
2008-01-30,EGX:ADIB,4.75771513,4.90875343,4.75771513,4.79687328,338422.0207672
2008-01-31,EGX:ADIB,4.78288823,5.28355286,4.78288823,5.14649962,2775795.64078204
2008-02-03,EGX:ADIB,5.31152325,5.38424552,5.14649962,5.28635015,676150.44389207
2008-02-04,EGX:ADIB,5.19125151,5.31432026,5.05419826,5.20803413,674731.07139723
2008-02-05,EGX:ADIB,5.23041022,5.31432026,5.0681836,5.15489065,689700.62463632
2008-02-06,EGX:ADIB,5.0681836,5.15489065,4.90036268,5.0625893,538825.26120439
2008-02-07,EGX:ADIB,5.09055968,5.14649962,4.95630261,5.03182218,576704.98811343
2008-02-10,EGX:ADIB,4.9535056,5.10454446,4.93392653,4.99825833,219123.22628861
2008-02-11,EGX:ADIB,5.03461919,5.05979229,4.91155044,4.99266403,342762.36890005
2008-02-12,EGX:ADIB,4.95070915,5.13251456,4.95070915,5.07937136,696622.30007717
2008-02-13,EGX:ADIB,5.11013848,5.20243983,5.04021321,5.11852923,512028.79559012
2008-02-14,EGX:ADIB,5.14649962,5.14649962,4.984273,5.03182218,932609.95976171
2008-02-17,EGX:ADIB,5.03461919,5.34229036,5.00944609,5.2220189,1619579.09677571
2008-02-18,EGX:ADIB,5.36746374,5.3982303,5.20523712,5.28914716,1016099.09452148
2008-02-19,EGX:ADIB,5.28075585,5.38424552,5.23320667,5.30592894,1491764.06732805
2008-02-20,EGX:ADIB,5.28914716,5.34788466,5.09055968,5.29194417,1589900.9832248
2008-02-21,EGX:ADIB,5.30033548,5.30033548,5.17446972,5.2527863,435032.30680173
2008-02-24,EGX:ADIB,5.30033548,5.45417079,5.23320667,5.35907243,877451.07096959
2008-02-25,EGX:ADIB,5.10734147,5.37026075,5.10734147,5.28355286,425632.98617466
2008-02-26,EGX:ADIB,5.21922189,5.30033548,5.18006374,5.21922189,307739.2632086
2008-02-27,EGX:ADIB,5.25837976,5.25837976,5.07657435,5.13251456,269609.26910904
2008-02-28,EGX:ADIB,5.0625893,5.21362759,5.04860396,5.14370233,419433.51034075
2008-03-02,EGX:ADIB,5.2220189,5.25837976,5.08496538,5.1688757,693805.00656096
2008-03-03,EGX:ADIB,5.11852923,5.31152325,5.02902517,5.1688757,933932.80062593
2008-03-04,EGX:ADIB,5.30033548,5.59122431,5.20243983,5.40662161,2015995.17607914
2008-03-05,EGX:ADIB,5.58003655,5.87372239,5.43459171,5.72548054,2311524.97563561
2008-03-06,EGX:ADIB,5.84295499,5.93805363,5.67793136,5.80659413,1959209.55054859
2008-03-09,EGX:ADIB,5.78981235,5.90448979,5.70030745,5.80100011,1319408.62845776
2008-03-10,EGX:ADIB,5.8569406,5.8569406,5.4821409,5.63317919,1337846.16990843
2008-03-11,EGX:ADIB,5.4569678,5.62199143,5.42899769,5.52129904,1012845.62104464
2008-03-12,EGX:ADIB,5.45417079,5.73387186,5.40102731,5.56884823,292955.62273962
2008-03-13,EGX:ADIB,5.56605122,5.56605122,5.23600368,5.33389933,759968.50124511
2008-03-16,EGX:ADIB,5.33389933,5.44018602,5.17446972,5.32271157,411828.96299431
2008-03-17,EGX:ADIB,5.24998901,5.42340339,5.04860396,5.20243983,605063.8360457
2008-03-18,EGX:ADIB,5.11293577,5.28355286,5.0625893,5.15768794,355268.57793523
2008-03-19,EGX:ADIB,5.20803413,5.35068111,5.14929663,5.23880097,496240.51111345
2008-03-23,EGX:ADIB,5.24439499,5.30033548,5.11852923,5.17726673,328879.69031696
2008-03-24,EGX:ADIB,5.16607841,5.28355286,5.13531185,5.1632814,272655.37834231
2008-03-25,EGX:ADIB,5.26956809,5.31432026,5.14929663,5.23041022,402240.15435155
2008-03-26,EGX:ADIB,5.31152325,5.437389,5.16048495,5.26677107,760315.30006627
2008-03-27,EGX:ADIB,5.28075585,5.71988708,5.17726673,5.52969008,3191217.7255832
2008-03-30,EGX:ADIB,5.6919167,6.06391911,5.59402132,5.92966288,2705963.94413388
2008-03-31,EGX:ADIB,6.01357292,6.20656694,5.6667436,5.90448979,1719700.27396878
2008-04-01,EGX:ADIB,5.67793136,5.80379712,5.45417079,5.55766046,717119.18298133
2008-04-02,EGX:ADIB,5.46535911,5.67793136,5.34788466,5.49332866,620691.23447132
2008-04-03,EGX:ADIB,5.40941862,5.41221563,5.26397406,5.31152325,558982.49577854
2008-04-06,EGX:ADIB,5.38144851,5.44857677,5.27516239,5.33949335,152194.62905056
2008-04-07,EGX:ADIB,5.34788466,5.44298247,5.31432026,5.32830503,325837.15632927
2008-04-08,EGX:ADIB,5.38144851,5.3982303,5.23320667,5.29194417,525990.12957594
2008-04-09,EGX:ADIB,5.20243983,5.39543384,5.20243983,5.32830503,606758.50245013
2008-04-10,EGX:ADIB,5.41221563,5.42620068,5.20803413,5.26677107,271318.23649578
2008-04-13,EGX:ADIB,5.31432026,5.31432026,5.21642488,5.25558331,248225.72530131
2008-04-14,EGX:ADIB,5.28635015,5.28635015,4.96469392,5.14929663,286030.37205318
2008-04-15,EGX:ADIB,5.17446972,5.17446972,5.01504012,5.0681836,360853.11152956
2008-04-16,EGX:ADIB,5.11852923,5.17446972,4.91994175,5.04580751,607630.86237139
2008-04-17,EGX:ADIB,4.96469392,5.08496538,4.91434773,4.95070915,196438.29309013
2008-04-20,EGX:ADIB,4.9786787,5.03182218,4.8584078,4.91994175,271936.75398094
2008-04-21,EGX:ADIB,4.98986702,5.28635015,4.88078388,5.09615314,1217560.60765005
2008-04-22,EGX:ADIB,5.20243983,5.28635015,5.02063442,5.09335613,282083.30093401
2008-04-23,EGX:ADIB,5.03461919,5.09055968,4.9786787,5.00105478,223417.09622893
2008-04-24,EGX:ADIB,4.99266403,5.09055968,4.93112952,4.99546132,272473.04081778
2008-04-29,EGX:ADIB,4.93672382,5.11852923,4.93672382,5.03182218,205354.95556405
2008-04-30,EGX:ADIB,4.984273,5.25837976,4.9786787,5.13531185,350116.64905596
2008-05-04,EGX:ADIB,5.0625893,5.19964282,5.03461919,5.08776267,297506.91036163
2008-05-05,EGX:ADIB,5.13810886,5.1632814,5.01504012,5.0625893,373008.94649801
2008-05-06,EGX:ADIB,5.03461919,5.5884273,5.03461919,5.33669634,1460730.93570271
2008-05-07,EGX:ADIB,5.38424552,5.47095257,5.24998901,5.35347813,591077.47534083
2008-05-08,EGX:ADIB,5.37026075,5.37026075,5.0625893,5.16607841,573408.61168963
2008-05-11,EGX:ADIB,5.38424552,5.45137378,5.05699528,5.16607841,418782.81564538
2008-05-12,EGX:ADIB,5.0625893,5.21362759,4.92553605,5.03461919,291285.98305425
2008-05-13,EGX:ADIB,4.93672382,5.03461919,4.57031542,4.77729421,421303.36377854
2008-05-14,EGX:ADIB,4.75491812,5.00385179,4.61506759,4.73813634,274768.34847947
2008-05-15,EGX:ADIB,4.62905236,4.67100808,4.198313,4.43885592,440355.8474688
2008-05-18,EGX:ADIB,4.66821107,4.71296296,4.47801407,4.58430019,215051.02157418
2008-05-19,EGX:ADIB,4.69338417,4.69338417,4.34375756,4.47242005,326030.21959054
2008-05-20,EGX:ADIB,4.39130674,4.82484339,4.39130674,4.60947357,458535.97123779
2008-05-21,EGX:ADIB,4.69618118,4.72415073,4.47521706,4.50878147,166399.07973575
2008-05-22,EGX:ADIB,4.43605891,4.6430377,4.36613364,4.52556325,312040.28364008
2008-05-25,EGX:ADIB,4.61506759,4.80806161,4.56751841,4.71296296,429944.73234288
2008-05-26,EGX:ADIB,4.66261677,4.88917464,4.61227058,4.76051215,476866.25532109
2008-05-27,EGX:ADIB,4.83043741,4.89197165,4.61506759,4.7437298,324281.92450243
2008-05-28,EGX:ADIB,4.7437298,4.7437298,4.53115755,4.6178646,289305.2970035
2008-05-29,EGX:ADIB,4.53675101,4.83043741,4.533954,4.69058688,422976.57870949
2008-06-01,EGX:ADIB,4.6234589,4.75491812,4.6178646,4.67939884,186706.47462422
2008-06-02,EGX:ADIB,4.62066161,4.69897763,4.56751841,4.60947357,137865.04477011
2008-06-03,EGX:ADIB,4.54234531,4.58430019,4.47801407,4.52556325,307960.92843449
2008-06-04,EGX:ADIB,4.61506759,4.73813634,4.58709748,4.67660155,503004.87574884
2008-06-05,EGX:ADIB,4.74093335,5.07937136,4.67100808,4.89756567,1782892.73957682
2008-06-08,EGX:ADIB,5.11573278,5.21922189,4.89756567,5.05419826,1363884.68345997
2008-06-09,EGX:ADIB,4.89756567,4.89756567,4.6178646,4.73813634,19200173.50987524
2008-06-10,EGX:ADIB,4.75212111,5.31152325,4.72694802,4.99266403,13185512.84567925
2008-06-11,EGX:ADIB,5.15209364,5.28635015,4.97028794,5.10174745,3946824.42722199
2008-06-12,EGX:ADIB,4.9786787,4.99266403,4.72974503,4.87518958,7765905.32990789
2008-06-15,EGX:ADIB,4.88917464,4.88917464,4.75491812,4.80806161,4049122.92897264
2008-06-16,EGX:ADIB,4.83603171,4.86400126,4.65702275,4.74093335,4577376.18900006
2008-06-17,EGX:ADIB,4.72694802,4.74093335,4.57870673,4.63744368,2067317.82636505
2008-06-18,EGX:ADIB,4.61506759,4.78288823,4.57590972,4.67660155,5078532.66278458
2008-06-19,EGX:ADIB,4.65981976,4.67939884,4.47801407,4.57870673,2962527.14212531
2008-06-22,EGX:ADIB,4.59828581,4.65422546,4.39690076,4.50598445,1863600.33327616
2008-06-23,EGX:ADIB,4.39690076,4.47521706,4.27942631,4.37732168,2187002.74736617
2008-06-24,EGX:ADIB,4.33536652,4.52276624,4.22628311,4.39410375,5393483.19632593
2008-06-25,EGX:ADIB,4.44444994,4.44724695,3.91861194,4.15635784,2476740.64908473
2008-06-26,EGX:ADIB,3.84588966,4.02769535,3.63611386,3.68925706,8500940.06848536
2008-06-29,EGX:ADIB,3.78897186,4.0488216,3.65904698,3.79803638,3572695.37231543
2008-06-30,EGX:ADIB,3.59861681,3.68624056,3.35387461,3.52912211,2256333.10096699
2008-07-02,EGX:ADIB,3.47473496,3.62581039,3.47473496,3.52912211,992553.83300565
2008-07-03,EGX:ADIB,3.47775647,3.53214362,3.32970254,3.39315422,1970753.90935912
2008-07-06,EGX:ADIB,3.26625086,3.34481008,3.26322935,3.28437991,893907.7479757
2008-07-08,EGX:ADIB,3.30250896,3.30250896,3.08193883,3.22394974,1274611.60495064
2008-07-09,EGX:ADIB,3.17258409,3.29646595,3.14539051,3.19977767,970710.44035995
2008-07-10,EGX:ADIB,3.20884219,3.37200366,3.13330448,3.23905728,4018009.33705238
2008-07-13,EGX:ADIB,3.2813584,3.2813584,3.18467013,3.21488521,551711.14455118
2008-07-14,EGX:ADIB,3.25718633,3.25718633,3.1756056,3.19373465,887003.91205769
2008-07-15,EGX:ADIB,3.23603577,3.23603577,3.142369,3.1756056,890829.81537563
2008-07-16,EGX:ADIB,3.13330448,3.17258409,3.0698528,3.11215392,1547733.44354057
2008-07-17,EGX:ADIB,3.10913241,3.142369,3.01244413,3.05172374,1905329.63878031
2008-07-20,EGX:ADIB,3.11819694,3.33876707,3.04870224,3.22697125,4044012.9031156
2008-07-21,EGX:ADIB,3.31761651,3.35689612,3.14539051,3.25114332,2757956.6842606
2008-07-22,EGX:ADIB,3.20582069,3.27833689,3.11517543,3.19977767,964928.56051874
2008-07-24,EGX:ADIB,3.17862711,3.25718633,3.15747655,3.2118637,1343630.10650115
2008-07-27,EGX:ADIB,3.26322935,3.32063802,3.19071314,3.24207879,1063673.93369708
2008-07-28,EGX:ADIB,3.25114332,3.26625086,3.19071314,3.23301426,859666.5752011
2008-07-29,EGX:ADIB,3.19373465,3.20279918,3.09704637,3.13632599,598763.79807298
2008-07-30,EGX:ADIB,3.11215392,3.1393475,3.04265922,3.07287431,525274.02023999
2008-07-31,EGX:ADIB,3.11215392,3.12726146,3.03963771,3.06683129,822853.83938321
2008-08-03,EGX:ADIB,3.09704637,3.16351956,3.04870224,3.08798185,597929.7776265
2008-08-04,EGX:ADIB,3.06380978,3.06380978,2.99431508,3.01848715,672223.78946145
2008-08-05,EGX:ADIB,3.00640111,3.09100336,2.99431508,3.01848715,623704.98094843
2008-08-06,EGX:ADIB,3.04870224,3.05172374,2.99733659,3.01546564,530092.80504183
2008-08-07,EGX:ADIB,3.02150866,3.08193883,2.99431508,3.05172374,1021562.52036013
2008-08-10,EGX:ADIB,3.0366162,3.05172374,2.96107848,2.99431508,487875.4843466
2008-08-11,EGX:ADIB,2.96107848,3.01244413,2.73748684,2.84928266,625684.12470632
2008-08-12,EGX:ADIB,2.72540111,2.83115361,2.66194913,2.72540111,1077120.85859396
2008-08-13,EGX:ADIB,2.60454046,2.80698154,2.59849745,2.71633628,1964915.76623382
2008-08-14,EGX:ADIB,2.80698154,2.84021814,2.68309969,2.73144383,1382157.21768124
2008-08-17,EGX:ADIB,2.81000305,2.81000305,2.71029327,2.73144383,832322.61913462
2008-08-18,EGX:ADIB,2.71935779,2.74050835,2.67101365,2.70727176,341673.68584301
2008-08-19,EGX:ADIB,2.7223793,2.7223793,2.54411029,2.63475555,794258.85264702
2008-08-20,EGX:ADIB,2.5471318,2.62871253,2.52295973,2.57130387,615239.01149575
2008-08-21,EGX:ADIB,2.60151895,2.71331477,2.59849745,2.64079857,761159.4935789
2008-08-24,EGX:ADIB,2.6166265,2.68309969,2.61360499,2.63475555,885759.50059787
2008-08-25,EGX:ADIB,2.60151895,2.67705667,2.59849745,2.64684158,887576.4737134
2008-08-26,EGX:ADIB,2.60151895,2.76468042,2.60151895,2.71331477,1010058.33356673
2008-08-27,EGX:ADIB,2.69216421,2.88856228,2.68914271,2.8281321,1645297.28775307
2008-08-28,EGX:ADIB,2.81604607,2.99431508,2.81604607,2.93992792,1512429.8875782
2008-08-31,EGX:ADIB,2.91877736,3.04568073,2.91877736,2.97316452,861807.88960137
2008-09-01,EGX:ADIB,3.01546564,3.10913241,2.99129357,3.04870224,1167631.93466586
2008-09-02,EGX:ADIB,3.05474525,3.13632599,2.99431508,3.08798185,1159427.42400394
2008-09-03,EGX:ADIB,3.06683129,3.11215392,3.05776676,3.08496034,446935.67116065
2008-09-04,EGX:ADIB,3.06078827,3.08798185,2.99431508,3.01848715,405419.98671404
2008-09-07,EGX:ADIB,2.97316452,3.03359469,2.91575586,2.98827206,191910.75241718
2008-09-08,EGX:ADIB,2.96107848,3.05172374,2.96107848,3.01848715,1663271.75221652
2008-09-09,EGX:ADIB,2.97014301,3.04870224,2.97014301,3.00640111,180439.66167325
2008-09-10,EGX:ADIB,3.07891732,3.07891732,2.96409999,2.97618603,321197.16004014
2008-09-11,EGX:ADIB,2.9671215,3.00337961,2.93388491,2.97316452,365099.06965305
2008-09-14,EGX:ADIB,2.91575586,2.97618603,2.89460529,2.92179887,124278.97533918
2008-09-15,EGX:ADIB,2.90366982,2.90366982,2.65892762,2.70122874,1420684.32886132
2008-09-16,EGX:ADIB,2.66194913,2.66194913,2.49274464,2.55015331,624055.79907274
2008-09-17,EGX:ADIB,2.56828236,2.70727176,2.54108878,2.60454046,416364.85027151
2008-09-18,EGX:ADIB,2.49274464,2.53806727,2.28123904,2.44742201,803730.94200338
2008-09-21,EGX:ADIB,2.59849745,2.71935779,2.58943292,2.64079857,3893141.25203276
2008-09-22,EGX:ADIB,2.64382008,2.74655137,2.63173404,2.71029327,1174191.57166947
2008-09-23,EGX:ADIB,2.62871253,2.73446534,2.59849745,2.67705667,591294.01970914
2008-09-24,EGX:ADIB,2.71935779,2.76468042,2.64684158,2.71633628,1594018.26871482
2008-09-25,EGX:ADIB,2.65892762,2.73748684,2.64079857,2.71331477,1329872.07873931
2008-09-28,EGX:ADIB,2.69820723,2.73446534,2.69216421,2.71633628,465975.82841681
2008-09-29,EGX:ADIB,2.71935779,2.76468042,2.71935779,2.74050835,349633.2857389
2008-10-07,EGX:ADIB,2.59849745,2.59849745,2.26613149,2.40512089,630211.66427289
2008-10-08,EGX:ADIB,2.41418542,2.58943292,2.23893792,2.41418542,1320664.75777865
2008-10-09,EGX:ADIB,2.39303486,2.65590611,2.32656167,2.59849745,1687355.74741088
2008-10-12,EGX:ADIB,2.42022844,2.56828236,2.39001335,2.5471318,1306916.65883165
2008-10-13,EGX:ADIB,2.59849745,2.64382008,2.51087369,2.56223934,323957.37056537
2008-10-14,EGX:ADIB,2.60756197,2.64079857,2.53806727,2.56526085,231874.23214397
2008-10-15,EGX:ADIB,2.53202426,2.58943292,2.45346503,2.55921783,1144252.88532507
2008-10-16,EGX:ADIB,2.49274464,2.55921783,2.46555106,2.49878796,227763.70280064
2008-10-19,EGX:ADIB,2.51087369,2.51087369,2.43231447,2.46252956,466174.40471359
2008-10-20,EGX:ADIB,2.42627145,2.4776371,2.42627145,2.45346503,155998.22914469
2008-10-21,EGX:ADIB,2.45044352,2.46252956,2.33260468,2.39303486,366518.89017502
2008-10-22,EGX:ADIB,2.27217451,2.35677675,2.1271421,2.20872283,515113.53305479
2008-10-23,EGX:ADIB,2.11807757,2.11807757,1.918658,2.02138929,317718.76524156
2008-10-26,EGX:ADIB,1.93376554,1.93376554,1.67995881,1.746432,199843.87547351
2008-10-27,EGX:ADIB,1.57722752,1.94283007,1.57722752,1.70715239,261746.72638944
2008-10-28,EGX:ADIB,1.7101739,1.99419571,1.7101739,1.87333537,441415.25011019
2008-10-29,EGX:ADIB,1.90355045,2.11505606,1.75247502,1.86729235,511393.53709513
2008-10-30,EGX:ADIB,1.76758256,1.918658,1.68902334,1.82801274,269246.29119779
2008-11-02,EGX:ADIB,1.90355045,1.96095912,1.87333537,1.90959347,220581.86006713
2008-11-03,EGX:ADIB,1.88239989,2.07275494,1.88239989,2.00326024,470321.33971133
2008-11-04,EGX:ADIB,2.00326024,2.10901304,1.92167951,2.03649684,517324.34915893
2008-11-05,EGX:ADIB,1.96398063,2.07879796,1.84614179,1.91563649,673501.29697072
2008-11-06,EGX:ADIB,1.81290519,1.9881527,1.75247502,1.89146442,666412.12317571
2008-11-09,EGX:ADIB,1.9881527,2.17548623,1.86729235,2.04556136,3698371.00094196
2008-11-10,EGX:ADIB,2.09994852,2.30843261,2.09994852,2.26310998,2770963.43169963
2008-11-11,EGX:ADIB,2.23591641,2.31145412,2.07275494,2.22080886,2668759.52135239
2008-11-12,EGX:ADIB,2.1301636,2.25706697,1.93376554,2.10599153,1102532.00537179
2008-11-13,EGX:ADIB,1.93376554,2.05160438,1.89448593,1.98210968,216057.63010552
2008-11-16,EGX:ADIB,2.01232477,2.03951834,1.83405576,1.94585158,591161.63551128
2008-11-17,EGX:ADIB,1.84614179,1.94887308,1.81290519,1.85218481,344979.98118438
2008-11-18,EGX:ADIB,1.81290519,1.918658,1.61650713,1.73736748,543761.47347012
2008-11-19,EGX:ADIB,1.73132446,1.80988369,1.59233506,1.66787278,327114.73368416
2008-11-20,EGX:ADIB,1.6044211,1.72225994,1.51377584,1.5711845,601388.31479541
2008-11-23,EGX:ADIB,1.56514148,1.76758256,1.52586187,1.59837808,22024388.32100165
2008-11-24,EGX:ADIB,1.73736748,1.73736748,1.49866829,1.58629205,894122.87229721
2008-11-25,EGX:ADIB,1.55003394,1.71621692,1.55003394,1.64370071,582037.05467429
2008-11-26,EGX:ADIB,1.58931355,1.66182976,1.5711845,1.61046411,431595.65223446
2008-11-27,EGX:ADIB,1.64672222,1.65880825,1.57722752,1.61046411,296974.16143804
2008-11-30,EGX:ADIB,1.65880825,1.65880825,1.5711845,1.6044211,479631.25842532
2008-12-01,EGX:ADIB,1.58629205,1.59837808,1.51981885,1.54701243,194174.52220046
2008-12-02,EGX:ADIB,1.51377584,1.52586187,1.3596789,1.45334566,1481786.25538024
2008-12-03,EGX:ADIB,1.54096942,1.54096942,1.4654317,1.50471131,474597.34930197
2008-12-04,EGX:ADIB,1.46845321,1.55909847,1.43521661,1.51679735,926401.44933865
2008-12-10,EGX:ADIB,1.56211998,1.56211998,1.51075433,1.53190489,464469.95816624
2008-12-11,EGX:ADIB,1.51075433,1.58327054,1.51075433,1.56514148,727590.1706084
2008-12-14,EGX:ADIB,1.56816299,1.5711845,1.50471131,1.51981885,889532.45023667
2008-12-15,EGX:ADIB,1.52888338,1.55305545,1.49866829,1.51981885,779368.93999354
2008-12-16,EGX:ADIB,1.51075433,1.5349264,1.47449623,1.49866829,577804.06994795
2008-12-17,EGX:ADIB,1.52284036,1.53190489,1.46845321,1.49564679,575745.49567134
2008-12-18,EGX:ADIB,1.5016898,1.51075433,1.46845321,1.48356075,211314.96621744
2008-12-21,EGX:ADIB,1.47449623,1.48356075,1.45032416,1.45938868,452280.68314895
2008-12-22,EGX:ADIB,1.46241019,1.49564679,1.44428114,1.45938868,622788.2203783
2008-12-23,EGX:ADIB,1.47449623,1.48053924,1.40198002,1.42615209,578969.05088905
2008-12-24,EGX:ADIB,1.43823812,1.44125963,1.40500153,1.4291736,444797.66636533
2008-12-25,EGX:ADIB,1.43521661,1.45032416,1.40802303,1.4291736,215743.21763562
2008-12-28,EGX:ADIB,1.42010907,1.58629205,1.41406605,1.49866829,3734548.29261016
2008-12-30,EGX:ADIB,1.59233506,1.71621692,1.56211998,1.64672222,2491808.18329256
2008-12-31,EGX:ADIB,1.55003394,1.61650713,1.52888338,1.56211998,3996824.555791
2009-01-04,EGX:ADIB,1.62557166,1.62859317,1.55607696,1.58629205,499743.72768409
2009-01-05,EGX:ADIB,1.57722752,1.59233506,1.54096942,1.55909847,1130455.14230388
2009-01-06,EGX:ADIB,1.54701243,1.60139959,1.53794791,1.56211998,1486598.42097219
2009-01-08,EGX:ADIB,1.58629205,1.77664709,1.54701243,1.70715239,6873179.04740117
2009-01-11,EGX:ADIB,1.72830295,1.918658,1.71621692,1.82196972,3723411.4719658
2009-01-12,EGX:ADIB,1.87031386,1.92772252,1.75549653,1.84312028,3115850.74394551
2009-01-13,EGX:ADIB,1.79477614,1.84312028,1.71923843,1.76456106,2092971.00081675
2009-01-14,EGX:ADIB,1.76758256,1.82499123,1.69204485,1.75549653,1721295.74613537
2009-01-15,EGX:ADIB,1.69808787,1.76456106,1.66485127,1.72225994,1451612.58708466
2009-01-18,EGX:ADIB,1.76153955,1.77664709,1.69808787,1.73434597,653716.47860164
2009-01-19,EGX:ADIB,1.7434105,1.77060407,1.60744261,1.67995881,857323.37489911
2009-01-20,EGX:ADIB,1.59233506,1.63463618,1.56514148,1.6044211,905137.23755856
2009-01-21,EGX:ADIB,1.58931355,1.58931355,1.48356075,1.52284036,822949.81792665
2009-01-22,EGX:ADIB,1.54096942,1.58629205,1.47449623,1.51377584,974523.10525811
2009-01-25,EGX:ADIB,1.48053924,1.53190489,1.43521661,1.48053924,703373.79121619
2009-01-26,EGX:ADIB,1.45334566,1.48658226,1.37780795,1.4291736,1528511.25801236
2009-01-27,EGX:ADIB,1.48356075,1.51981885,1.45032416,1.48658226,791015.43979963
2009-01-28,EGX:ADIB,1.4654317,1.61952864,1.45938868,1.56816299,2950962.91591501
2009-01-29,EGX:ADIB,1.61348562,1.61650713,1.48658226,1.54701243,1997330.03707806
2009-02-01,EGX:ADIB,1.5016898,1.53190489,1.42615209,1.46845321,837786.77690099
2009-02-02,EGX:ADIB,1.42615209,1.45938868,1.34154984,1.38989398,757922.6999414
2009-02-03,EGX:ADIB,1.32946381,1.44730265,1.28716269,1.38082946,888092.77208502
2009-02-04,EGX:ADIB,1.44428114,1.49564679,1.32946381,1.41406605,1596424.3515108
2009-02-05,EGX:ADIB,1.35665739,1.43823812,1.26903364,1.32946381,862304.33034332
2009-02-08,EGX:ADIB,1.3596789,1.40802303,1.28716269,1.33852834,362673.1292274
2009-02-09,EGX:ADIB,1.28414118,1.32946381,1.2569476,1.30227023,483066.6283596
2009-02-10,EGX:ADIB,1.3264423,1.35363588,1.29924872,1.32342079,339426.46408446
2009-02-11,EGX:ADIB,1.31435627,1.3627004,1.2901842,1.32342079,394071.35135311
2009-02-12,EGX:ADIB,1.30529174,1.33852834,1.28716269,1.30529174,321773.0313008
2009-02-15,EGX:ADIB,1.31133476,1.35665739,1.31133476,1.33852834,521732.74294743
2009-02-16,EGX:ADIB,1.32946381,1.43521661,1.32342079,1.38989398,1648570.48704498
2009-02-17,EGX:ADIB,1.36572191,1.38385097,1.31435627,1.34759286,651419.61276889
2009-02-18,EGX:ADIB,1.30227023,1.34154984,1.28716269,1.30831325,447673.71306368
2009-02-19,EGX:ADIB,1.30831325,1.35665739,1.29320571,1.32039928,863343.54629646
2009-02-22,EGX:ADIB,1.30227023,1.31133476,1.27507665,1.2901842,426253.94985111
2009-02-23,EGX:ADIB,1.29924872,1.35061437,1.28414118,1.31737777,1042250.86087956
2009-02-24,EGX:ADIB,1.29622721,1.29622721,1.26299062,1.28414118,307392.79780905
2009-02-25,EGX:ADIB,1.31133476,1.34154984,1.28111967,1.31133476,876224.52874753
2009-02-26,EGX:ADIB,1.29924872,1.3264423,1.28716269,1.30227023,376997.09943506
2009-03-01,EGX:ADIB,1.29924872,1.3264423,1.2901842,1.30529174,529516.93378117
2009-03-02,EGX:ADIB,1.29924872,1.30529174,1.27205515,1.28414118,324622.60115958
2009-03-03,EGX:ADIB,1.28716269,1.29924872,1.26601213,1.28414118,386988.79676799
2009-03-04,EGX:ADIB,1.28414118,1.33248532,1.28111967,1.31133476,522318.54302293
2009-03-05,EGX:ADIB,1.31133476,1.31737777,1.28414118,1.29622721,675940.47581616
2009-03-08,EGX:ADIB,1.29622721,1.31737777,1.28414118,1.29924872,312734.50019241
2009-03-10,EGX:ADIB,1.29320571,1.30227023,1.28111967,1.2901842,341061.40892794
2009-03-11,EGX:ADIB,1.31133476,1.34154984,1.28414118,1.30831325,1565565.59499133
2009-03-12,EGX:ADIB,1.31435627,1.31435627,1.28414118,1.28716269,221746.84100824
2009-03-15,EGX:ADIB,1.29320571,1.31435627,1.28111967,1.29622721,1380366.72140528
2009-03-16,EGX:ADIB,1.29320571,1.3596789,1.28716269,1.32039928,2390600.46403416
2009-03-17,EGX:ADIB,1.31435627,1.33852834,1.30227023,1.32039928,919911.31403892
2009-03-18,EGX:ADIB,1.3264423,1.3627004,1.29924872,1.3264423,1704224.80382226
2009-03-19,EGX:ADIB,1.3264423,1.54096942,1.31435627,1.4291736,7853388.05395706
2009-03-22,EGX:ADIB,1.48658226,1.54096942,1.45636717,1.49866829,1698161.60756061
2009-03-23,EGX:ADIB,1.51075433,1.56211998,1.45032416,1.51981885,5867644.94379606
2009-03-24,EGX:ADIB,1.62859317,1.64370071,1.51075433,1.56816299,4148609.65783903
2009-03-25,EGX:ADIB,1.55607696,1.57722752,1.52284036,1.54701243,2018759.72910546
2009-03-26,EGX:ADIB,1.59837808,1.63765769,1.53190489,1.59233506,2759151.45164622
2009-03-29,EGX:ADIB,1.60139959,1.68600183,1.56211998,1.63161468,3265818.87287801
2009-03-30,EGX:ADIB,1.61046411,1.68902334,1.51075433,1.61952864,3061272.04877578
2009-03-31,EGX:ADIB,1.56211998,1.5711845,1.48960377,1.53794791,1083610.99389369
2009-04-01,EGX:ADIB,1.58327054,1.59837808,1.52586187,1.55607696,1381031.95199949
2009-04-02,EGX:ADIB,1.57420601,1.76758256,1.55003394,1.68600183,5765090.21532451
2009-04-05,EGX:ADIB,1.80384067,1.93376554,1.78571162,1.85520632,4368867.17662143
2009-04-06,EGX:ADIB,1.88844291,2.00628175,1.78571162,1.90959347,6949098.07526476
2009-04-07,EGX:ADIB,1.85822782,2.01836778,1.78873313,1.92167951,5376966.22405993
2009-04-08,EGX:ADIB,1.83103425,2.16944322,1.81290519,2.00326024,7582946.99537365
2009-04-09,EGX:ADIB,2.21476585,2.65590611,2.17548623,2.45950805,8515603.59806084
2009-04-12,EGX:ADIB,2.70122874,2.79791702,2.26613149,2.52598124,6553371.92143849
2009-04-13,EGX:ADIB,2.50483068,2.50483068,2.1634002,2.27821753,2729616.53710528
2009-04-14,EGX:ADIB,2.20570132,2.36281977,2.19059378,2.28123904,1496239.30018081
2009-04-15,EGX:ADIB,2.26310998,2.29030356,2.03951834,2.13318511,1243173.66756557
2009-04-16,EGX:ADIB,2.14224964,2.30843261,2.11505606,2.21778736,3210773.52341085
2009-04-21,EGX:ADIB,2.17548623,2.3386477,2.14224964,2.27217451,4143883.54197569
2009-04-22,EGX:ADIB,2.28426055,2.35073374,2.21476585,2.27217451,1441822.77565345
2009-04-23,EGX:ADIB,2.25404546,2.27519602,2.15433567,2.20570132,1623156.03066221
2009-04-26,EGX:ADIB,2.24800244,2.36584128,2.21476585,2.31145412,3728918.65459647
2009-04-27,EGX:ADIB,2.32656167,2.34771223,2.09994852,2.17246473,4446484.03182247
2009-04-28,EGX:ADIB,2.15433567,2.19059378,2.06973343,2.12412059,3373288.36469484
2009-04-29,EGX:ADIB,2.12412059,2.16944322,2.11505606,2.13922813,1654627.06409674
2009-04-30,EGX:ADIB,2.17548623,2.22685188,2.13620662,2.18455076,2944260.96589872
2009-05-03,EGX:ADIB,2.20570132,2.32656167,2.15131416,2.23893792,12727694.78837519
2009-05-04,EGX:ADIB,2.29030356,2.45346503,2.269153,2.40512089,13010589.8903716
2009-05-05,EGX:ADIB,2.46252956,2.52900275,2.41116391,2.45648654,9331937.5156998
2009-05-06,EGX:ADIB,2.48065861,2.50483068,2.40512089,2.45346503,4631077.24770335
2009-05-07,EGX:ADIB,2.48670163,2.50785219,2.41720693,2.45346503,5985453.64146519
2009-05-10,EGX:ADIB,2.48972313,2.56828236,2.46252956,2.51087369,5538637.11608261
2009-05-11,EGX:ADIB,2.49274464,2.62569102,2.41720693,2.54108878,7755013.35653271
2009-05-12,EGX:ADIB,2.54411029,2.66497064,2.49274464,2.6166265,6437472.86582338
2009-05-13,EGX:ADIB,2.62871253,2.71029327,2.38699184,2.55619632,6475242.07747076
2009-05-14,EGX:ADIB,2.43231447,2.49878796,2.19059378,2.37792731,4343737.34626403
2009-05-17,EGX:ADIB,2.28123904,2.441379,2.27519602,2.38397033,5381185.97036649
2009-05-18,EGX:ADIB,2.42022844,2.52598124,2.41720693,2.46555106,4126226.79958708
2009-05-19,EGX:ADIB,2.50483068,2.56223934,2.43835749,2.50180917,4947657.50884337
2009-05-20,EGX:ADIB,2.49878796,2.51691671,2.36281977,2.42325025,3394906.70420419
2009-05-21,EGX:ADIB,2.34771223,2.441379,2.0244108,2.27519602,3759701.29020217
2009-05-24,EGX:ADIB,2.31447563,2.39605637,2.22383037,2.28426055,2952247.04263418
2009-05-25,EGX:ADIB,2.29634658,2.3386477,2.24195942,2.28728205,1973686.21934156
2009-05-26,EGX:ADIB,2.32656167,2.49274464,2.29332507,2.4081424,7362897.98170287
2009-05-27,EGX:ADIB,2.53504576,2.63475555,2.39907787,2.51993822,6686547.11487337
2009-05-28,EGX:ADIB,2.42022844,2.48972313,2.37792731,2.43533598,5205575.02230992
2009-05-31,EGX:ADIB,2.48368012,2.52295973,2.4444005,2.4776371,3726340.47234329
2009-06-01,EGX:ADIB,2.49274464,2.62871253,2.48368012,2.57130387,6994711.05063491
2009-06-02,EGX:ADIB,2.62871253,2.62871253,2.45346503,2.53806727,5072062.24917051
2009-06-03,EGX:ADIB,2.4776371,2.53202426,2.43231447,2.46252956,4089566.30559672
2009-06-04,EGX:ADIB,2.48065861,2.49274464,2.42022844,2.45346503,3045117.86703281
2009-06-07,EGX:ADIB,2.47159408,2.49274464,2.37792731,2.42929296,4449982.28425073
2009-06-08,EGX:ADIB,2.41720693,2.47159408,2.36281977,2.40209938,4351263.38791196
2009-06-09,EGX:ADIB,2.40209938,2.42627145,2.29936809,2.35375524,2698019.73868278
2009-06-10,EGX:ADIB,2.38094882,2.39605637,2.33260468,2.3718843,1668507.5472416
2009-06-11,EGX:ADIB,2.39303486,2.41720693,2.30843261,2.34771223,1718767.20795638
2009-06-14,EGX:ADIB,2.37792731,2.39303486,2.32051865,2.36281977,1646740.27550967
2009-06-15,EGX:ADIB,2.35677675,2.39303486,2.32656167,2.35979826,2224842.20990278
2009-06-16,EGX:ADIB,2.35677675,2.38397033,2.32656167,2.35979826,1858035.38409743
2009-06-17,EGX:ADIB,2.36886279,2.37490581,2.30843261,2.33562619,1452148.74308596
2009-06-18,EGX:ADIB,2.31145412,2.34771223,2.26613149,2.29936809,1448405.57989168
2009-06-21,EGX:ADIB,2.32656167,2.32656167,2.2328949,2.27217451,1589063.79011019
2009-06-22,EGX:ADIB,2.27519602,2.27519602,2.13318511,2.15735718,10442597.91081975
2009-06-23,EGX:ADIB,2.12412059,2.17246473,2.02743231,2.07275494,1526985.5301321
2009-06-24,EGX:ADIB,2.09994852,2.15433567,2.00326024,2.0606689,11860558.43481025
2009-06-25,EGX:ADIB,2.05160438,2.05462589,1.88844291,1.96095912,961278.06626295
2009-06-28,EGX:ADIB,1.90355045,1.98513119,1.8491633,1.90355045,888135.79694933
2009-06-29,EGX:ADIB,1.93376554,1.9549161,1.87937839,1.92470102,807659.44307466
2009-06-30,EGX:ADIB,1.92470102,2.03649684,1.918658,1.97606666,1881940.66062469
2009-07-02,EGX:ADIB,2.08181947,2.09692701,2.02138929,2.06671192,1348283.41105567
2009-07-05,EGX:ADIB,2.0606689,2.0606689,1.97908817,2.00628175,1138143.35459417
2009-07-06,EGX:ADIB,1.97908817,1.99419571,1.91563649,1.94585158,631942.58765981
2009-07-07,EGX:ADIB,1.96398063,2.00930326,1.92470102,1.96700214,948959.71665275
2009-07-08,EGX:ADIB,1.93376554,2.00930326,1.88239989,1.93980856,1023396.04150039
2009-07-09,EGX:ADIB,1.94585158,1.95793761,1.88239989,1.91261498,1153238.46275433
2009-07-12,EGX:ADIB,1.89750744,1.97908817,1.88844291,1.91261498,1081396.86818461
2009-07-13,EGX:ADIB,1.88844291,1.92772252,1.83405576,1.87937839,587001.46209376
2009-07-14,EGX:ADIB,1.918658,1.93376554,1.87937839,1.90959347,888804.33714848
2009-07-15,EGX:ADIB,1.89750744,1.94283007,1.88844291,1.91261498,1295882.43594062
2009-07-16,EGX:ADIB,1.94283007,2.06973343,1.92470102,2.00628175,3995123.4188486
2009-07-19,EGX:ADIB,2.05462589,2.17246473,2.02138929,2.12412059,3966631.02986575
2009-07-20,EGX:ADIB,2.14829266,2.18757227,2.10297003,2.14224964,3221989.77457392
2009-07-21,EGX:ADIB,2.15131416,2.23591641,2.14527115,2.18152925,4567466.64063512
2009-07-22,EGX:ADIB,2.14829266,2.21778736,2.11807757,2.16642171,2100324.94300747
2009-07-26,EGX:ADIB,2.22987339,2.22987339,2.17850774,2.20570132,3250796.57602667
2009-07-27,EGX:ADIB,2.20872283,2.4776371,2.16642171,2.35677675,9783013.50264829
2009-07-28,EGX:ADIB,2.45648654,2.53504576,2.4081424,2.46857257,6306008.73814575
2009-07-29,EGX:ADIB,2.40512089,2.47461559,2.36584128,2.43533598,5330899.83281213
2009-07-30,EGX:ADIB,2.43231447,2.48670163,2.42627145,2.45648654,2336912.05259499
2009-08-02,EGX:ADIB,2.48972313,2.51691671,2.441379,2.46555106,2086083.71292346
2009-08-03,EGX:ADIB,2.47461559,2.49274464,2.41418542,2.45044352,5317284.11806298
2009-08-04,EGX:ADIB,2.47461559,2.48670163,2.29634658,2.40209938,3829275.80538367
2009-08-05,EGX:ADIB,2.38094882,2.42325025,2.34166921,2.38397033,2260470.10714989
2009-08-06,EGX:ADIB,2.38397033,2.43835749,2.34166921,2.37792731,2271709.52554759
2009-08-09,EGX:ADIB,2.41720693,2.44742201,2.33260468,2.37792731,1857121.93313225
2009-08-10,EGX:ADIB,2.35073374,2.4081424,2.31749714,2.35677675,1992560.89635041
2009-08-11,EGX:ADIB,2.32958318,2.3718843,2.25706697,2.32354016,1141055.80694693
2009-08-12,EGX:ADIB,2.27821753,2.3386477,2.24195942,2.28728205,1832505.09154154
2009-08-13,EGX:ADIB,2.35677675,2.39907787,2.30541111,2.35375524,2836510.15766145
2009-08-16,EGX:ADIB,2.35375524,2.42627145,2.34166921,2.38397033,2199616.40100195
2009-08-17,EGX:ADIB,2.34771223,2.35677675,2.24498093,2.31145412,10896470.51394788
2009-08-18,EGX:ADIB,2.27217451,2.31749714,2.22987339,2.27519602,1460651.11819306
2009-08-19,EGX:ADIB,2.27519602,2.29030356,2.15433567,2.21174434,1596907.55383296
2009-08-20,EGX:ADIB,2.22987339,2.24800244,2.1634002,2.20872283,1444483.69803029
2009-08-23,EGX:ADIB,2.24800244,2.28123904,2.2328949,2.24800244,1837380.13962746
2009-08-24,EGX:ADIB,2.28123904,2.30541111,2.2328949,2.269153,1152470.63440678
2009-08-25,EGX:ADIB,2.269153,2.34771223,2.25404546,2.31145412,1370434.59696138
2009-08-26,EGX:ADIB,2.33562619,2.34771223,2.25102395,2.27519602,1105815.13347854
2009-08-27,EGX:ADIB,2.28426055,2.29030356,2.2328949,2.24800244,618667.76222013
2009-08-30,EGX:ADIB,2.27821753,2.29634658,2.20267981,2.22987339,1101045.9927509
2009-08-31,EGX:ADIB,2.25102395,2.31145412,2.22080886,2.269153,1871737.14857519
2009-09-01,EGX:ADIB,2.24800244,2.30843261,2.23591641,2.269153,1130580.90729184
2009-09-02,EGX:ADIB,2.21476585,2.26310998,2.20267981,2.24195942,638680.94333052
2009-09-03,EGX:ADIB,2.26310998,2.38397033,2.24498093,2.33562619,3674035.47577168
2009-09-06,EGX:ADIB,2.31447563,2.40209938,2.31447563,2.3718843,1398854.17463541
2009-09-07,EGX:ADIB,2.34469072,2.37792731,2.3023896,2.33562619,786898.29124641
2009-09-08,EGX:ADIB,2.25404546,2.39907787,2.25404546,2.36584128,1393363.54002947
2009-09-09,EGX:ADIB,2.32656167,2.36886279,2.32051865,2.34166921,481554.13889913
2009-09-10,EGX:ADIB,2.30541111,2.34469072,2.27821753,2.3023896,814924.02593183
2009-09-13,EGX:ADIB,2.33260468,2.39907787,2.30843261,2.36584128,2056737.44586446
2009-09-14,EGX:ADIB,2.39303486,2.45950805,2.36886279,2.42627145,5813509.73568914
2009-09-15,EGX:ADIB,2.45950805,2.52900275,2.44742201,2.49274464,4358799.35837473
2009-09-16,EGX:ADIB,2.50483068,2.67403516,2.50483068,2.61360499,5973429.84669522
2009-09-17,EGX:ADIB,2.67705667,2.86439021,2.67101365,2.78583098,7748582.79412201
2009-09-22,EGX:ADIB,2.84021814,2.91877736,2.78280947,2.84928266,4296754.19444611
2009-09-23,EGX:ADIB,2.87043323,2.95201426,2.84928266,2.90366982,3504428.15108774
2009-09-24,EGX:ADIB,2.84021814,2.94597094,2.81000305,2.89460529,3379043.76769649
2009-09-27,EGX:ADIB,2.9308634,3.01244413,2.90366982,2.97618603,3488098.5602826
2009-09-28,EGX:ADIB,2.98222905,2.99733659,2.90064831,2.92784189,4223671.49802152
2009-09-29,EGX:ADIB,2.96107848,3.01244413,2.88554077,2.94597094,5931996.90237227
2009-09-30,EGX:ADIB,2.95201426,2.97618603,2.72842232,2.88251926,3756838.48192361
2009-10-01,EGX:ADIB,2.86439021,2.90064831,2.77978797,2.81906758,3105849.11779774
2009-10-04,EGX:ADIB,2.81000305,2.8251106,2.73144383,2.77978797,5589611.6514658
2009-10-05,EGX:ADIB,2.80396003,2.8251106,2.69216421,2.74352986,2849209.11184047
2009-10-07,EGX:ADIB,2.77978797,2.81302456,2.69216421,2.7586374,4293891.38616754
2009-10-08,EGX:ADIB,2.77374495,2.77676646,2.61964801,2.67705667,3230674.17795306
2009-10-11,EGX:ADIB,2.70122874,2.70425025,2.62871253,2.66194913,1152606.32820958
2009-10-12,EGX:ADIB,2.67101365,2.70425025,2.58943292,2.64382008,1291662.68963407
2009-10-13,EGX:ADIB,2.60454046,2.63777706,2.57432568,2.60454046,876684.56383507
2009-10-14,EGX:ADIB,2.64079857,2.68914271,2.64079857,2.67101365,1270097.30380386
2009-10-15,EGX:ADIB,2.68914271,2.71935779,2.62871253,2.68309969,2742646.45177893
2009-10-18,EGX:ADIB,2.71633628,2.74957288,2.67705667,2.71331477,3303783.35121722
2009-10-19,EGX:ADIB,2.74050835,2.74957288,2.69820723,2.72842232,1275673.98813841
2009-10-20,EGX:ADIB,2.7223793,2.791874,2.71331477,2.73144383,2142873.22419733
2009-10-21,EGX:ADIB,2.71935779,2.74957288,2.70122874,2.7223793,3979025.50038971
2009-10-22,EGX:ADIB,2.71633628,2.7586374,2.67403516,2.72540111,1607776.29647667
2009-10-25,EGX:ADIB,2.73748684,2.74352986,2.71029327,2.71935779,1089915.79131643
2009-10-26,EGX:ADIB,2.6861212,2.73446534,2.66799215,2.70425025,1309481.60266504
2009-10-27,EGX:ADIB,2.66497064,2.67101365,2.61058348,2.64382008,422130.182088
2009-10-29,EGX:ADIB,2.57432568,2.60756197,2.52900275,2.58036839,561368.57178453
2009-11-01,EGX:ADIB,2.48065861,2.56828236,2.48065861,2.50785219,407869.09437431
2009-11-02,EGX:ADIB,2.56526085,2.56828236,2.46857257,2.49576615,530420.45593151
2009-11-03,EGX:ADIB,2.55015331,2.55015331,2.32958318,2.40512089,1696450.54180336
2009-11-04,EGX:ADIB,2.49274464,2.56223934,2.41720693,2.49878796,1207542.46071351
2009-11-05,EGX:ADIB,2.4776371,2.4776371,2.38094882,2.42627145,445423.18170018
2009-11-08,EGX:ADIB,2.49274464,2.49576615,2.44742201,2.4776371,520269.89756116
2009-11-09,EGX:ADIB,2.47461559,2.51087369,2.441379,2.4776371,837591.51020916
2009-11-10,EGX:ADIB,2.5138952,2.53504576,2.46555106,2.48972313,547004.88631751
2009-11-11,EGX:ADIB,2.48065861,2.53806727,2.44742201,2.48368012,1005855.1352849
2009-11-12,EGX:ADIB,2.45950805,2.48972313,2.38699184,2.42325025,1005798.87200082
2009-11-15,EGX:ADIB,2.41720693,2.45950805,2.31749714,2.38094882,212509.73360307
2009-11-16,EGX:ADIB,2.40209938,2.41720693,2.33562619,2.38699184,472985.57169311
2009-11-17,EGX:ADIB,2.41116391,2.41116391,2.29634658,2.33260468,198930.42450832
2009-11-18,EGX:ADIB,2.25404546,2.35073374,2.25404546,2.32051865,307316.67689528
2009-11-19,EGX:ADIB,2.269153,2.40209938,2.23893792,2.32656167,607454.82066201
2009-11-22,EGX:ADIB,2.35375524,2.37792731,2.3023896,2.34469072,322441.57149996
2009-11-23,EGX:ADIB,2.3386477,2.36886279,2.269153,2.29936809,336272.41057062
2009-11-24,EGX:ADIB,2.28728205,2.33562619,2.269153,2.29332507,330004.01880229
2009-11-25,EGX:ADIB,2.31749714,2.32051865,2.25404546,2.269153,314683.85750579
2009-11-30,EGX:ADIB,2.08786248,2.16037869,2.04858287,2.12412059,362398.43201685
2009-12-01,EGX:ADIB,2.1271421,2.15131416,2.0244108,2.08181947,1139103.1400286
2009-12-02,EGX:ADIB,2.07879796,2.1301636,2.0576474,2.09994852,770949.30501011
2009-12-03,EGX:ADIB,2.11203455,2.15433567,2.06973343,2.10297003,850373.20451184
2009-12-06,EGX:ADIB,2.0939055,2.1301636,2.05462589,2.08484097,282742.86016888
2009-12-07,EGX:ADIB,2.04858287,2.08181947,2.03951834,2.05160438,198817.89794015
2009-12-08,EGX:ADIB,2.09088399,2.09088399,1.96398063,1.99117421,360207.47354239
2009-12-09,EGX:ADIB,1.85822782,1.97908817,1.85218481,1.89146442,3729746.05583305
2009-12-10,EGX:ADIB,1.93074403,1.93678705,1.81290519,1.84614179,1556771.97464896
2009-12-13,EGX:ADIB,1.85520632,1.93980856,1.85520632,1.90657196,440048.38326736
2009-12-14,EGX:ADIB,1.96095912,2.01836778,1.918658,1.96095912,2381588.40976534
2009-12-15,EGX:ADIB,1.918658,1.97002365,1.89448593,1.9549161,577046.17041524
2009-12-16,EGX:ADIB,1.93980856,2.0244108,1.93074403,1.97606666,920705.61922604
2009-12-17,EGX:ADIB,1.97908817,1.99117421,1.93376554,1.95793761,319446.37902354
2009-12-20,EGX:ADIB,1.96398063,1.97908817,1.86124933,1.92470102,839229.76465759
2009-12-21,EGX:ADIB,1.91261498,1.92167951,1.87635688,1.89750744,265777.82521405
2009-12-22,EGX:ADIB,1.90355045,1.93678705,1.83707726,1.87031386,514696.52283156
2009-12-23,EGX:ADIB,1.83103425,1.87333537,1.82499123,1.84312028,603155.64383674
2009-12-24,EGX:ADIB,1.88844291,1.88844291,1.83103425,1.8491633,140449.70510689
2009-12-27,EGX:ADIB,1.87937839,1.8854214,1.78571162,1.81894821,387031.8216323
2009-12-28,EGX:ADIB,1.76758256,1.79779765,1.73736748,1.77362558,388057.79916565
2009-12-29,EGX:ADIB,1.78873313,1.81290519,1.77664709,1.79175463,630274.54676687
2009-12-30,EGX:ADIB,1.83707726,1.83707726,1.74945351,1.77362558,412294.03618754
2009-12-31,EGX:ADIB,1.7434105,1.81290519,1.73434597,1.7796686,464651.98643829
2010-01-03,EGX:ADIB,1.82196972,1.85520632,1.8159267,1.83405576,396401.31323532
2010-01-04,EGX:ADIB,1.85520632,1.89146442,1.85218481,1.87031386,623403.80689831
2010-01-05,EGX:ADIB,1.91563649,1.93678705,1.8854214,1.92167951,626322.87846096
2010-01-06,EGX:ADIB,1.89448593,1.96095912,1.87031386,1.91563649,2329985.04944235
2010-01-10,EGX:ADIB,1.97908817,2.11505606,1.95189459,2.00023873,1873434.97591265
2010-01-11,EGX:ADIB,1.97304515,1.99419571,1.93376554,1.96700214,885570.85311593
2010-01-12,EGX:ADIB,1.98513119,2.00930326,1.9549161,1.98210968,1008334.0293897
2010-01-13,EGX:ADIB,1.94887308,2.03951834,1.94887308,2.00326024,1527564.71099771
2010-01-14,EGX:ADIB,1.99117421,2.0244108,1.96398063,2.00023873,1255832.90648523
2010-01-17,EGX:ADIB,1.98513119,2.05462589,1.98210968,2.01232477,1256743.04784547
2010-01-18,EGX:ADIB,2.0244108,2.0244108,1.97908817,2.00930326,1108519.08071968
2010-01-19,EGX:ADIB,2.00930326,2.1301636,2.00326024,2.08786248,4744315.38094161
2010-01-20,EGX:ADIB,2.08181947,2.15735718,2.06973343,2.11203455,2282773.53488313
2010-01-21,EGX:ADIB,2.10901304,2.15433567,2.06973343,2.1271421,3020358.7124294
2010-01-24,EGX:ADIB,2.08484097,2.1271421,2.03045382,2.06973343,2425212.31256275
2010-01-26,EGX:ADIB,2.03951834,2.07879796,2.00628175,2.02743231,736453.29265464
2010-01-27,EGX:ADIB,2.01534627,2.09088399,2.01232477,2.05160438,720451.35273919
2010-01-28,EGX:ADIB,2.06671192,2.0939055,2.0244108,2.05462589,914394.20259341
2010-01-31,EGX:ADIB,2.03951834,2.04858287,1.94283007,1.98513119,828089.63440828
2010-02-01,EGX:ADIB,1.96700214,2.01836778,1.96398063,1.98513119,831412.47777439
2010-02-02,EGX:ADIB,1.9881527,2.05462589,1.9881527,2.03045382,680557.37471627
2010-02-03,EGX:ADIB,2.0244108,2.06973343,1.99419571,2.03649684,2078690.05547339
2010-02-04,EGX:ADIB,2.01534627,2.05462589,1.95793761,1.99117421,950422.56203903
2010-02-07,EGX:ADIB,1.9549161,1.99721722,1.93980856,1.96398063,730026.03984889
2010-02-08,EGX:ADIB,1.99117421,2.00628175,1.94585158,1.97606666,515308.79974663
2010-02-09,EGX:ADIB,1.98513119,2.00930326,1.94887308,1.97606666,787722.38287804
2010-02-10,EGX:ADIB,1.99419571,2.01232477,1.90657196,1.95793761,1758134.95879283
2010-02-11,EGX:ADIB,1.96095912,1.96095912,1.91563649,1.94283007,722728.36094226
2010-02-14,EGX:ADIB,1.95189459,2.00930326,1.93980856,1.97002365,1242938.68561438
2010-02-15,EGX:ADIB,1.9549161,1.96398063,1.918658,1.93980856,1393072.29479419
2010-02-16,EGX:ADIB,1.95793761,1.96398063,1.92470102,1.94585158,776317.48423303
2010-02-17,EGX:ADIB,1.95793761,1.96095912,1.88239989,1.91261498,1235687.341177
2010-02-18,EGX:ADIB,1.92167951,1.92167951,1.86427084,1.87937839,1031133.89786488
2010-02-21,EGX:ADIB,1.88239989,1.91261498,1.66182976,1.80686218,1976221.37673044
2010-02-22,EGX:ADIB,1.77664709,1.86729235,1.76758256,1.81290519,2044359.52336523
2010-02-23,EGX:ADIB,1.84009877,1.84312028,1.72528144,1.76456106,1278225.69355202
2010-02-24,EGX:ADIB,1.78269011,1.79477614,1.73736748,1.77362558,674338.62702214
2010-02-25,EGX:ADIB,1.81290519,1.81894821,1.73132446,1.77664709,1583185.93172553
2010-02-28,EGX:ADIB,1.77362558,1.79779765,1.7434105,1.7796686,308958.24094866
2010-03-01,EGX:ADIB,1.79477614,1.82499123,1.77060407,1.79779765,932504.36085966
2010-03-02,EGX:ADIB,1.81290519,1.81894821,1.77060407,1.79477614,591797.07966098
2010-03-03,EGX:ADIB,1.79779765,1.82196972,1.78571162,1.80384067,610059.47975476
2010-03-04,EGX:ADIB,1.79175463,1.80988369,1.75247502,1.77664709,607967.80942869
2010-03-07,EGX:ADIB,1.78571162,1.78873313,1.746432,1.75851804,392661.45964598
2010-03-08,EGX:ADIB,1.7796686,1.78269011,1.70715239,1.73736748,505588.49001929
2010-03-09,EGX:ADIB,1.74945351,1.74945351,1.67995881,1.70413088,223037.5869373
2010-03-10,EGX:ADIB,1.74945351,1.74945351,1.66787278,1.70715239,347346.348721
2010-03-11,EGX:ADIB,1.71319541,1.746432,1.69204485,1.7101739,509983.645388
2010-03-14,EGX:ADIB,1.69204485,1.71923843,1.62255015,1.67089429,732931.87299175
2010-03-15,EGX:ADIB,1.62859317,1.62859317,1.46241019,1.54399092,1307942.63636501
2010-03-16,EGX:ADIB,1.53794791,1.55909847,1.49564679,1.53190489,821731.88330641
2010-03-17,EGX:ADIB,1.54701243,1.56816299,1.5016898,1.53190489,552200.96608323
2010-03-18,EGX:ADIB,1.51377584,1.59535657,1.51075433,1.56211998,1044875.37760199
2010-03-21,EGX:ADIB,1.58024903,1.6406792,1.5711845,1.60744261,1296418.59194193
2010-03-22,EGX:ADIB,1.59535657,1.64672222,1.54399092,1.58931355,1062813.43641103
2010-03-23,EGX:ADIB,1.61650713,1.63765769,1.58931355,1.61650713,1222303.29877409
2010-03-24,EGX:ADIB,1.64672222,1.78269011,1.64672222,1.71923843,3405619.89541542
2010-03-25,EGX:ADIB,1.67693731,1.81894821,1.67693731,1.76153955,2302465.68431372
2010-03-28,EGX:ADIB,1.84312028,1.96095912,1.82499123,1.91261498,4883931.06560203
2010-03-29,EGX:ADIB,1.94887308,1.97304515,1.86427084,1.92470102,3356978.63151939
2010-03-30,EGX:ADIB,1.90052895,1.90959347,1.84312028,1.87031386,3285650.02571634
2010-03-31,EGX:ADIB,1.86729235,1.90657196,1.85520632,1.87333537,2008235.18537617
2010-04-01,EGX:ADIB,1.86427084,1.90959347,1.86427084,1.87937839,2111441.90602215
2010-04-06,EGX:ADIB,1.90355045,1.91563649,1.87937839,1.89750744,1927255.77154967
2010-04-07,EGX:ADIB,1.88844291,1.91563649,1.87031386,1.89448593,1903853.55497426
2010-04-08,EGX:ADIB,1.88844291,1.94585158,1.87333537,1.918658,3082969.81880384
2010-04-11,EGX:ADIB,1.96095912,1.96095912,1.89448593,1.93074403,1998538.04288346
2010-04-12,EGX:ADIB,1.89750744,1.92772252,1.85822782,1.88844291,1669831.38922013
2010-04-13,EGX:ADIB,1.89750744,1.89750744,1.85822782,1.87333537,898690.12712313
2010-04-14,EGX:ADIB,1.87635688,1.90959347,1.87031386,1.8854214,1957002.50080717
2010-04-15,EGX:ADIB,1.90657196,1.90657196,1.83405576,1.85520632,2339794.71850324
2010-04-18,EGX:ADIB,1.83405576,1.86427084,1.81290519,1.82801274,629255.1884434
2010-04-19,EGX:ADIB,1.79779765,1.84009877,1.79779765,1.81894821,760298.99629285
2010-04-20,EGX:ADIB,1.82499123,1.8491633,1.81290519,1.82801274,723952.91477239
2010-04-21,EGX:ADIB,1.83103425,1.85520632,1.78571162,1.82499123,1319383.94066443
2010-04-22,EGX:ADIB,1.80686218,1.82499123,1.76758256,1.78571162,700918.06434602
2010-04-26,EGX:ADIB,1.80384067,1.83405576,1.80384067,1.81894821,892358.85286083
2010-04-27,EGX:ADIB,1.81290519,1.83103425,1.79175463,1.80988369,906831.75529107
2010-04-28,EGX:ADIB,1.79175463,1.81290519,1.76758256,1.79779765,1130031.51287075
2010-04-29,EGX:ADIB,1.80686218,1.85218481,1.77060407,1.80988369,1604774.48479036
2010-05-02,EGX:ADIB,1.78269011,1.80988369,1.7434105,1.77664709,530976.46956249
2010-05-03,EGX:ADIB,1.7796686,1.79477614,1.71621692,1.74945351,978196.76674853
2010-05-04,EGX:ADIB,1.75851804,1.77362558,1.68600183,1.72830295,558532.24034554
2010-05-05,EGX:ADIB,1.6739158,1.69506636,1.65276524,1.67089429,466147.92787402
2010-05-06,EGX:ADIB,1.66182976,1.68600183,1.62557166,1.64370071,446660.9739501
2010-05-09,EGX:ADIB,1.5349264,1.62859317,1.52888338,1.58327054,793179.92143452
2010-05-10,EGX:ADIB,1.64370071,1.70715239,1.6044211,1.65880825,5858205.95048916
2010-05-11,EGX:ADIB,1.68298032,1.69808787,1.61046411,1.65276524,634464.50662891
2010-05-12,EGX:ADIB,1.61348562,1.67693731,1.59837808,1.63161468,611380.01212834
2010-05-13,EGX:ADIB,1.65578674,1.65880825,1.59837808,1.61046411,617482.92364935
2010-05-16,EGX:ADIB,1.58931355,1.58931355,1.53794791,1.55305545,451701.50228334
2010-05-17,EGX:ADIB,1.55607696,1.60139959,1.49866829,1.52586187,823591.88128624
2010-05-18,EGX:ADIB,1.55607696,1.55909847,1.51679735,1.54096942,474597.34930197
2010-05-19,EGX:ADIB,1.52586187,1.52586187,1.44125963,1.48356075,477043.1473573
2010-05-20,EGX:ADIB,1.4654317,1.5016898,1.43823812,1.45636717,637807.20762469
2010-05-23,EGX:ADIB,1.45636717,1.47751773,1.42615209,1.45636717,202153.97972604
2010-05-24,EGX:ADIB,1.48658226,1.48960377,1.39895851,1.43823812,485916.19821838
2010-05-25,EGX:ADIB,1.38989398,1.395937,1.29320571,1.32342079,1074264.66952529
2010-05-26,EGX:ADIB,1.34457135,1.3596789,1.32342079,1.34154984,436854.61449416
2010-05-27,EGX:ADIB,1.31435627,1.38989398,1.31133476,1.36572191,746775.9504822
2010-05-30,EGX:ADIB,1.42313058,1.4291736,1.37780795,1.40198002,898296.28413452
2010-05-31,EGX:ADIB,1.36572191,1.40500153,1.3264423,1.37780795,1545770.8478074
2010-06-01,EGX:ADIB,1.34759286,1.45032416,1.33248532,1.38687247,3380155.79495845
2010-06-02,EGX:ADIB,1.42010907,1.4654317,1.38082946,1.43521661,1513945.68664361
2010-06-03,EGX:ADIB,1.46241019,1.48053924,1.40198002,1.42615209,2052858.58886738
2010-06-06,EGX:ADIB,1.38082946,1.42615209,1.37478644,1.395937,450361.11228009
2010-06-07,EGX:ADIB,1.38082946,1.395937,1.3596789,1.37478644,311969.98144981
2010-06-08,EGX:ADIB,1.37478644,1.40500153,1.33248532,1.35363588,766544.22082656
2010-06-09,EGX:ADIB,1.36572191,1.38385097,1.34457135,1.36874342,826193.23077404
2010-06-10,EGX:ADIB,1.33550683,1.41104454,1.3264423,1.36874342,1214297.36440894
2010-06-13,EGX:ADIB,1.40802303,1.42313058,1.36874342,1.38687247,699584.29355265
2010-06-14,EGX:ADIB,1.40802303,1.4291736,1.37478644,1.40198002,1175909.2566366
2010-06-15,EGX:ADIB,1.36874342,1.39895851,1.3627004,1.37478644,258526.48077667
2010-06-16,EGX:ADIB,1.40802303,1.40802303,1.37478644,1.38989398,725531.59633179
2010-06-17,EGX:ADIB,1.39895851,1.48960377,1.39895851,1.45334566,3048324.87422579
2010-06-20,EGX:ADIB,1.5016898,1.54096942,1.48658226,1.51377584,1726501.75471592
2010-06-21,EGX:ADIB,1.52284036,1.52586187,1.43823812,1.47751773,2147337.88126991
2010-06-22,EGX:ADIB,1.45032416,1.45334566,1.40802303,1.42615209,917654.16346553
2010-06-23,EGX:ADIB,1.41406605,1.45032416,1.38385097,1.43823812,762261.59202602
2010-06-24,EGX:ADIB,1.45032416,1.45032416,1.41708756,1.4291736,256163.422845
2010-06-27,EGX:ADIB,1.44125963,1.44125963,1.41406605,1.42313058,516496.94792235
2010-06-28,EGX:ADIB,1.4321951,1.45636717,1.41104454,1.4321951,740438.05701
2010-06-29,EGX:ADIB,1.39895851,1.41708756,1.37478644,1.38989398,640157.02713657
2010-06-30,EGX:ADIB,1.37478644,1.39291549,1.34457135,1.37478644,1099778.41405646
2010-07-04,EGX:ADIB,1.3596789,1.38989398,1.35061437,1.3627004,196193.38121772
2010-07-05,EGX:ADIB,1.3596789,1.38989398,1.35061437,1.37176493,480124.38956232
2010-07-06,EGX:ADIB,1.38989398,1.41104454,1.38385097,1.39895851,619270.11032036
2010-07-07,EGX:ADIB,1.39291549,1.39291549,1.35363588,1.36572191,577072.64725481
2010-07-08,EGX:ADIB,1.38687247,1.42313058,1.37780795,1.39895851,984597.5427147
2010-07-11,EGX:ADIB,1.40802303,1.43521661,1.395937,1.40802303,1737016.36963038
2010-07-12,EGX:ADIB,1.41708756,1.4321951,1.37780795,1.40802303,1555183.36427473
2010-07-13,EGX:ADIB,1.40500153,1.41708756,1.38989398,1.40802303,591578.64573452
2010-07-14,EGX:ADIB,1.43521661,1.44125963,1.37478644,1.41104454,1666005.48590218
2010-07-15,EGX:ADIB,1.38989398,1.41406605,1.38989398,1.40198002,528342.02402523
2010-07-18,EGX:ADIB,1.36874342,1.40500153,1.36874342,1.38687247,518615.095088
2010-07-19,EGX:ADIB,1.39291549,1.395937,1.36874342,1.37780795,619594.4516051
2010-07-20,EGX:ADIB,1.38385097,1.395937,1.35363588,1.36874342,606796.20927769
2010-07-21,EGX:ADIB,1.3596789,1.40802303,1.35665739,1.38082946,1789543.10973339
2010-07-22,EGX:ADIB,1.37478644,1.42010907,1.3596789,1.395937,2761345.71972563
2010-07-25,EGX:ADIB,1.41406605,1.42010907,1.38989398,1.40802303,683996.0542555
2010-07-26,EGX:ADIB,1.39895851,1.40802303,1.38082946,1.39895851,1032636.45851051
2010-07-27,EGX:ADIB,1.40802303,1.48658226,1.40500153,1.45032416,4777077.16030521
2010-07-28,EGX:ADIB,1.46241019,1.48356075,1.41708756,1.45334566,1443858.18269544
2010-07-29,EGX:ADIB,1.45636717,1.4654317,1.43823812,1.45032416,1296385.49589246
2010-08-01,EGX:ADIB,1.46241019,1.46845321,1.43521661,1.45032416,782718.26019921
2010-08-02,EGX:ADIB,1.43521661,1.45636717,1.4291736,1.44125963,1141178.26232995
2010-08-03,EGX:ADIB,1.4654317,1.47147472,1.42615209,1.44730265,1733706.76468406
2010-08-04,EGX:ADIB,1.4291736,1.52888338,1.42615209,1.5016898,6684809.57227655
2010-08-05,EGX:ADIB,1.55003394,1.55003394,1.48960377,1.51981885,4213696.34871332
2010-08-08,EGX:ADIB,1.51075433,1.51679735,1.4654317,1.48658226,1656596.2790398
2010-08-09,EGX:ADIB,1.48960377,1.51377584,1.4654317,1.48960377,1493297.06138353
2010-08-10,EGX:ADIB,1.48053924,1.52284036,1.47449623,1.49866829,3433480.14985352
2010-08-11,EGX:ADIB,1.47449623,1.49262528,1.45032416,1.4654317,1049608.11267522
2010-08-12,EGX:ADIB,1.45938868,1.46241019,1.43823812,1.45032416,709182.14789698
2010-08-15,EGX:ADIB,1.46241019,1.4654317,1.42313058,1.43521661,1240095.73496549
2010-08-16,EGX:ADIB,1.42615209,1.43823812,1.41104454,1.42615209,668020.59117962
2010-08-17,EGX:ADIB,1.4321951,1.44730265,1.42615209,1.43521661,837617.98704873
2010-08-18,EGX:ADIB,1.45636717,1.45636717,1.41104454,1.4291736,1405668.65121988
2010-08-19,EGX:ADIB,1.42010907,1.44428114,1.42010907,1.4291736,453554.88105328
2010-08-22,EGX:ADIB,1.42313058,1.42313058,1.39291549,1.40500153,526796.4385153
2010-08-23,EGX:ADIB,1.42010907,1.42615209,1.40500153,1.41708756,624006.15499854
2010-08-24,EGX:ADIB,1.40500153,1.42010907,1.39895851,1.40802303,405327.31777554
2010-08-25,EGX:ADIB,1.40500153,1.40500153,1.38082946,1.38989398,356719.14992897
2010-08-26,EGX:ADIB,1.39895851,1.40500153,1.38989398,1.395937,231976.82989731
2010-08-29,EGX:ADIB,1.40500153,1.40500153,1.37478644,1.38385097,530364.19264743
2010-08-30,EGX:ADIB,1.38989398,1.40198002,1.38385097,1.39291549,968483.07623108
2010-08-31,EGX:ADIB,1.37478644,1.38989398,1.3596789,1.37478644,543973.28818668
2010-09-01,EGX:ADIB,1.38989398,1.40198002,1.38385097,1.395937,125033.56526694
2010-09-02,EGX:ADIB,1.40198002,1.41104454,1.38989398,1.39895851,414918.55290997
2010-09-05,EGX:ADIB,1.39291549,1.46845321,1.39291549,1.4291736,2565632.23122512
2010-09-06,EGX:ADIB,1.44730265,1.47751773,1.43521661,1.45636717,1403768.93798069
2010-09-07,EGX:ADIB,1.43521661,1.44730265,1.42010907,1.4291736,106572.58887638
2010-09-08,EGX:ADIB,1.4321951,1.45334566,1.4291736,1.44428114,561709.461094
2010-09-13,EGX:ADIB,1.46241019,1.47147472,1.44125963,1.45334566,1486340.27178637
2010-09-14,EGX:ADIB,1.45032416,1.45334566,1.42615209,1.43521661,754262.27687077
2010-09-15,EGX:ADIB,1.43823812,1.45032416,1.40500153,1.42010907,1387124.93470566
2010-09-16,EGX:ADIB,1.42010907,1.44125963,1.41406605,1.4291736,752925.19647246
2010-09-19,EGX:ADIB,1.44125963,1.45032416,1.4291736,1.43823812,487276.44585131
2010-09-20,EGX:ADIB,1.45334566,1.48053924,1.44125963,1.45938868,1636083.34758252
2010-09-21,EGX:ADIB,1.46845321,1.49564679,1.45334566,1.47751773,1640885.58435963
2010-09-22,EGX:ADIB,1.46241019,1.48356075,1.45938868,1.47147472,436864.543309
2010-09-23,EGX:ADIB,1.4654317,1.49866829,1.45938868,1.48053924,1828172.81866681
2010-09-26,EGX:ADIB,1.48053924,1.49866829,1.47147472,1.48356075,1101800.58267866
2010-09-27,EGX:ADIB,1.48356075,1.49262528,1.45938868,1.47751773,707517.41660898
2010-09-28,EGX:ADIB,1.45938868,1.49262528,1.45938868,1.48356075,1386185.0069009
2010-09-29,EGX:ADIB,1.48960377,1.56211998,1.48960377,1.52888338,8419840.17893913
2010-09-30,EGX:ADIB,1.52888338,1.59535657,1.50471131,1.55003394,7105321.3575458
2010-10-03,EGX:ADIB,1.60139959,1.63161468,1.58024903,1.6044211,7339068.82608938
2010-10-04,EGX:ADIB,1.60139959,1.62557166,1.58629205,1.6044211,3384104.15365941
2010-10-05,EGX:ADIB,1.60744261,1.60744261,1.54399092,1.56211998,4433397.85386473
2010-10-07,EGX:ADIB,1.57420601,1.58327054,1.54096942,1.55607696,2460793.87534062
2010-10-10,EGX:ADIB,1.56816299,1.56816299,1.54096942,1.55003394,1380512.34402292
2010-10-11,EGX:ADIB,1.54701243,1.55607696,1.51377584,1.52888338,1700948.29492541
2010-10-12,EGX:ADIB,1.51679735,1.55607696,1.51377584,1.54096942,1578999.28146843
2010-10-13,EGX:ADIB,1.56816299,1.57722752,1.54701243,1.56211998,1931012.17316374
2010-10-14,EGX:ADIB,1.5711845,1.62557166,1.55003394,1.59233506,4164217.75476586
2010-10-17,EGX:ADIB,1.61046411,1.63161468,1.58629205,1.61046411,2767892.11830944
2010-10-18,EGX:ADIB,1.58931355,1.60744261,1.55305545,1.57420601,1800382.06593258
2010-10-19,EGX:ADIB,1.56211998,1.58629205,1.53794791,1.55305545,1519730.87608977
2010-10-20,EGX:ADIB,1.52586187,1.54399092,1.49866829,1.51981885,1676255.33242093
2010-10-21,EGX:ADIB,1.53794791,1.5711845,1.51981885,1.54399092,1859071.29044563
2010-10-24,EGX:ADIB,1.5711845,1.59535657,1.54701243,1.5711845,1629348.30151677
2010-10-25,EGX:ADIB,1.56816299,1.58629205,1.55003394,1.56816299,1628858.47998471
2010-10-26,EGX:ADIB,1.5711845,1.59233506,1.53794791,1.56514148,2427859.99651981
2010-10-27,EGX:ADIB,1.54701243,1.55003394,1.48960377,1.51679735,1776840.84594942
2010-10-28,EGX:ADIB,1.51679735,1.54399092,1.49262528,1.51377584,1725644.56703483
2010-10-31,EGX:ADIB,1.51679735,1.51679735,1.46845321,1.48960377,1171567.05494704
2010-11-01,EGX:ADIB,1.49262528,1.49564679,1.4291736,1.45938868,1103405.74107762
2010-11-02,EGX:ADIB,1.46845321,1.47751773,1.44428114,1.46241019,1162085.03677583
2010-11-03,EGX:ADIB,1.45938868,1.48658226,1.45938868,1.47751773,306787.14010387
2010-11-04,EGX:ADIB,1.48960377,1.50773282,1.46241019,1.48356075,1098110.37316351
2010-11-07,EGX:ADIB,1.50471131,1.50773282,1.47147472,1.49262528,747259.15280436
2010-11-08,EGX:ADIB,1.49866829,1.49866829,1.45032416,1.46241019,1135085.27962377
2010-11-09,EGX:ADIB,1.45032416,1.4654317,1.43823812,1.45334566,596112.80451098
2010-11-10,EGX:ADIB,1.45032416,1.47751773,1.42010907,1.44125963,1865313.20537439
2010-11-11,EGX:ADIB,1.41406605,1.43521661,1.41104454,1.42313058,1138729.15466967
2010-11-14,EGX:ADIB,1.42010907,1.4321951,1.42010907,1.42615209,135898.9983057
2010-11-18,EGX:ADIB,1.4291736,1.44428114,1.42615209,1.4321951,326485.90874436
2010-11-21,EGX:ADIB,1.45636717,1.47751773,1.44730265,1.4654317,1408329.57359672
2010-11-22,EGX:ADIB,1.46845321,1.48053924,1.46241019,1.47449623,625859.53376848
2010-11-23,EGX:ADIB,1.45334566,1.47147472,1.4321951,1.45334566,317119.72674628
2010-11-24,EGX:ADIB,1.45334566,1.4654317,1.44125963,1.45334566,405870.09298674
2010-11-25,EGX:ADIB,1.46241019,1.4654317,1.45032416,1.45938868,526256.97290905
2010-11-28,EGX:ADIB,1.45636717,1.46845321,1.45334566,1.46241019,279436.5648275
2010-11-29,EGX:ADIB,1.47147472,1.51377584,1.45938868,1.49262528,4317482.2502249
2010-11-30,EGX:ADIB,1.48960377,1.5349264,1.47449623,1.51075433,4231376.25833655
2010-12-01,EGX:ADIB,1.51075433,1.61952864,1.51075433,1.58024903,10226738.85701101
2010-12-02,EGX:ADIB,1.61650713,1.61952864,1.52586187,1.56514148,3488068.77383809
2010-12-05,EGX:ADIB,1.55305545,1.5711845,1.51377584,1.53190489,2788798.89275533
2010-12-06,EGX:ADIB,1.54096942,1.65880825,1.53794791,1.61046411,10977416.83172492
2010-12-08,EGX:ADIB,1.65880825,1.68902334,1.62557166,1.66485127,8235644.11565182
2010-12-09,EGX:ADIB,1.6406792,1.66787278,1.61650713,1.64672222,7054058.88653228
2010-12-12,EGX:ADIB,1.63161468,1.73132446,1.63161468,1.67995881,6985483.87204457
2010-12-13,EGX:ADIB,1.68902334,1.69808787,1.65880825,1.68298032,5219369.45572617
2010-12-14,EGX:ADIB,1.68902334,1.80081916,1.68600183,1.76153955,13067382.71125041
2010-12-15,EGX:ADIB,1.81290519,1.90657196,1.78269011,1.85520632,13527675.9479744
2010-12-16,EGX:ADIB,1.84009877,1.86729235,1.77060407,1.82499123,10233242.23073053
2010-12-19,EGX:ADIB,1.80384067,1.82801274,1.74038899,1.7796686,3976400.98366728
2010-12-20,EGX:ADIB,1.74038899,1.80081916,1.71319541,1.75247502,3202565.70314398
2010-12-21,EGX:ADIB,1.76456106,1.80686218,1.73434597,1.76758256,4064648.28995589
2010-12-22,EGX:ADIB,1.76153955,1.77060407,1.70715239,1.73434597,1521177.17345131
2010-12-23,EGX:ADIB,1.73132446,1.76153955,1.68902334,1.71923843,2436028.10152732
2010-12-26,EGX:ADIB,1.73132446,1.73132446,1.67089429,1.69204485,1502213.13710891
2010-12-27,EGX:ADIB,1.70715239,1.74945351,1.70413088,1.72528144,2376097.7751594
2010-12-28,EGX:ADIB,1.71319541,1.75851804,1.71319541,1.73736748,1589546.99243235
2010-12-29,EGX:ADIB,1.74945351,1.76758256,1.73736748,1.75549653,3057274.04600063
2010-12-30,EGX:ADIB,1.77060407,1.83405576,1.7434105,1.79175463,5609651.30941575
2011-01-02,EGX:ADIB,1.80988369,1.89750744,1.7796686,1.84009877,7132552.7870441
2011-01-03,EGX:ADIB,1.90355045,1.93376554,1.85822782,1.89146442,5096162.7923896
2011-01-04,EGX:ADIB,1.88844291,1.91563649,1.85520632,1.8854214,4916024.30476647
2011-01-05,EGX:ADIB,1.88239989,1.98210968,1.86427084,1.93074403,10678165.66208381
2011-01-06,EGX:ADIB,1.94887308,2.00930326,1.94887308,1.98513119,6753705.61844405
2011-01-10,EGX:ADIB,2.00628175,2.01534627,1.92470102,1.95793761,4865529.6621005
2011-01-11,EGX:ADIB,1.95793761,1.96398063,1.90052895,1.92470102,3776725.89804603
2011-01-12,EGX:ADIB,1.93980856,1.94887308,1.86729235,1.89750744,3751953.50502284
2011-01-13,EGX:ADIB,1.8854214,1.90657196,1.87031386,1.8854214,3633026.16088186
2011-01-16,EGX:ADIB,1.88239989,1.88844291,1.82801274,1.8491633,5042116.94361623
2011-01-17,EGX:ADIB,1.86427084,1.86427084,1.68298032,1.76758256,5041848.86561558
2011-01-18,EGX:ADIB,1.78269011,1.78269011,1.56514148,1.67995881,6376463.60824296
2011-01-19,EGX:ADIB,1.62557166,1.6739158,1.58629205,1.62557166,3604964.02054203
2011-01-20,EGX:ADIB,1.61650713,1.66182976,1.60744261,1.63765769,3232570.5815873
2011-01-23,EGX:ADIB,1.63161468,1.63765769,1.56514148,1.59535657,2830764.68347464
2011-01-24,EGX:ADIB,1.59535657,1.64974373,1.58629205,1.62557166,4720860.21068705
2011-01-26,EGX:ADIB,1.57722752,1.57722752,1.37478644,1.47751773,3618066.7465245
2011-01-27,EGX:ADIB,1.39291549,1.395937,1.13004424,1.25392609,1993322.10548807
2011-03-24,EGX:ADIB,1.13004424,1.35363588,1.13004424,1.24788308,1192910.69724584
2011-03-27,EGX:ADIB,1.35665739,1.37176493,1.27809816,1.35061437,1078696.23054841
2011-03-28,EGX:ADIB,1.48356075,1.48356075,1.26601213,1.31133476,902631.8666142
2011-03-29,EGX:ADIB,1.30831325,1.35363588,1.2901842,1.3264423,909356.98386512
2011-03-30,EGX:ADIB,1.37780795,1.38082946,1.31435627,1.33248532,497516.36355522
2011-03-31,EGX:ADIB,1.31435627,1.34759286,1.30831325,1.32946381,445969.26651632
2011-04-03,EGX:ADIB,1.33248532,1.40198002,1.3264423,1.37478644,1707766.08111482
2011-04-04,EGX:ADIB,1.41406605,1.41406605,1.34457135,1.3596789,706918.3781137
2011-04-05,EGX:ADIB,1.38687247,1.38687247,1.32946381,1.35363588,1445469.9603043
2011-04-06,EGX:ADIB,1.3596789,1.38385097,1.34154984,1.3627004,1131391.76050368
2011-04-07,EGX:ADIB,1.34457135,1.34457135,1.29924872,1.31435627,1966557.33028719
2011-04-10,EGX:ADIB,1.31435627,1.31435627,1.25392609,1.27205515,1346363.84018681
2011-04-11,EGX:ADIB,1.26299062,1.29622721,1.20860346,1.23579704,2107728.52927238
2011-04-12,EGX:ADIB,1.22975402,1.25090458,1.18443139,1.21766799,2243187.35012022
2011-04-13,EGX:ADIB,1.25996911,1.29320571,1.24788308,1.27507665,1469222.99500402
2011-04-14,EGX:ADIB,1.28111967,1.30831325,1.25392609,1.28716269,1917393.14880964
2011-04-17,EGX:ADIB,1.29924872,1.32039928,1.24486157,1.28716269,1418271.62685546
2011-04-18,EGX:ADIB,1.24788308,1.25392609,1.20860346,1.22975402,1193708.3120379
2011-04-19,EGX:ADIB,1.25090458,1.26299062,1.22975402,1.23881855,1070001.89835443
2011-04-20,EGX:ADIB,1.23277553,1.23277553,1.19953894,1.21162497,1004302.93056508
2011-04-21,EGX:ADIB,1.20860346,1.23579704,1.20558195,1.21162497,819378.75418957
2011-04-26,EGX:ADIB,1.21162497,1.23277553,1.20558195,1.21162497,563771.34497556
2011-04-27,EGX:ADIB,1.20860346,1.21464648,1.1874529,1.20256045,530612.4130184
2011-04-28,EGX:ADIB,1.20256045,1.22673252,1.19349592,1.21464648,876297.34005635
2011-05-02,EGX:ADIB,1.22975402,1.26299062,1.22975402,1.24184006,894566.35936002
2011-05-03,EGX:ADIB,1.24184006,1.25090458,1.22371101,1.23579704,828096.25361817
2011-05-04,EGX:ADIB,1.23881855,1.23881855,1.19651743,1.20860346,975340.57767985
2011-05-05,EGX:ADIB,1.20860346,1.21162497,1.17838838,1.19953894,1133873.96421342
2011-05-08,EGX:ADIB,1.17838838,1.18443139,1.11191519,1.16328083,609778.16333432
2011-05-09,EGX:ADIB,1.17234536,1.19047441,1.16328083,1.17536687,746123.95830778
2011-05-10,EGX:ADIB,1.18140989,1.19047441,1.16328083,1.17838838,354458.68975064
2011-05-11,EGX:ADIB,1.19349592,1.19651743,1.17536687,1.18443139,1092368.20858165
2011-05-12,EGX:ADIB,1.18140989,1.20860346,1.17234536,1.19953894,2098306.08399021
2011-05-15,EGX:ADIB,1.20256045,1.2206895,1.19953894,1.20860346,1768225.94427415
2011-05-16,EGX:ADIB,1.20860346,1.21162497,1.17838838,1.19651743,1840613.62366002
2011-05-17,EGX:ADIB,1.20860346,1.20860346,1.19047441,1.19651743,1001966.34947298
2011-05-18,EGX:ADIB,1.19953894,1.24788308,1.18443139,1.22371101,3750321.86978431
2011-05-19,EGX:ADIB,1.23881855,1.26299062,1.23277553,1.24184006,973129.76157571
2011-05-22,EGX:ADIB,1.25392609,1.26601213,1.23277553,1.24486157,1341197.54686561
2011-05-23,EGX:ADIB,1.24486157,1.24788308,1.20860346,1.2206895,10646350.42973486
2011-05-24,EGX:ADIB,1.21766799,1.2206895,1.19651743,1.20558195,1026437.56844605
2011-05-25,EGX:ADIB,1.19651743,1.2206895,1.1874529,1.19953894,781583.06570262
2011-05-26,EGX:ADIB,1.20860346,1.21162497,1.19651743,1.20558195,579462.18202605
2011-05-29,EGX:ADIB,1.2206895,1.23881855,1.20860346,1.22975402,1898022.03105884
2011-05-30,EGX:ADIB,1.22673252,1.23881855,1.21766799,1.22673252,1094109.06078341
2011-05-31,EGX:ADIB,1.21464648,1.22975402,1.20558195,1.21766799,2166523.66114371
2011-06-01,EGX:ADIB,1.22371101,1.23579704,1.21162497,1.21766799,1233986.20423459
2011-06-02,EGX:ADIB,1.21162497,1.21162497,1.17838838,1.19651743,1203852.25119837
2011-06-05,EGX:ADIB,1.20256045,1.22673252,1.19953894,1.20860346,841526.63049033
2011-06-06,EGX:ADIB,1.20256045,1.26903364,1.19651743,1.24788308,3894167.22956612
2011-06-07,EGX:ADIB,1.23881855,1.30227023,1.23881855,1.27507665,5516816.89067154
2011-06-08,EGX:ADIB,1.27507665,1.29320571,1.26299062,1.28111967,2389812.77805694
2011-06-09,EGX:ADIB,1.29320571,1.29622721,1.2569476,1.26601213,2011644.07847088
2011-06-12,EGX:ADIB,1.26299062,1.26903364,1.24486157,1.25996911,848916.97833546
2011-06-13,EGX:ADIB,1.26903364,1.3264423,1.26299062,1.30227023,4222602.49562386
2011-06-14,EGX:ADIB,1.30831325,1.33550683,1.29924872,1.32039928,2910800.85989144
2011-06-15,EGX:ADIB,1.32946381,1.32946381,1.28414118,1.29924872,1954847.94798712
2011-06-16,EGX:ADIB,1.28111967,1.32342079,1.28111967,1.30831325,1959746.16330767
2011-06-19,EGX:ADIB,1.31133476,1.38989398,1.29622721,1.34154984,5622816.9178922
2011-06-20,EGX:ADIB,1.38687247,1.42615209,1.35665739,1.395937,5173541.35603451
2011-06-21,EGX:ADIB,1.38687247,1.39895851,1.34457135,1.36572191,2577096.70275917
2011-06-22,EGX:ADIB,1.34759286,1.37478644,1.31133476,1.34154984,1280108.85876647
2011-06-23,EGX:ADIB,1.31435627,1.37780795,1.31435627,1.35363588,4171690.84273465
2011-06-26,EGX:ADIB,1.37478644,1.38385097,1.31737777,1.34457135,1295829.48226148
2011-06-27,EGX:ADIB,1.31435627,1.3596789,1.31435627,1.33852834,1328568.09439046
2011-06-28,EGX:ADIB,1.35665739,1.3596789,1.31737777,1.34154984,1880752.51244896
2011-06-29,EGX:ADIB,1.31435627,1.33248532,1.23881855,1.27205515,3319583.40523094
2011-06-30,EGX:ADIB,1.24788308,1.28716269,1.24486157,1.26903364,2241290.94648598
2011-07-03,EGX:ADIB,1.29622721,1.31133476,1.28111967,1.29622721,1840302.52079506
2011-07-04,EGX:ADIB,1.28414118,1.2901842,1.26903364,1.28111967,836870.01633086
2011-07-05,EGX:ADIB,1.26903364,1.2901842,1.25392609,1.26601213,989926.00667828
2011-07-06,EGX:ADIB,1.25392609,1.25996911,1.21766799,1.23277553,1563553.35518397
2011-07-07,EGX:ADIB,1.22371101,1.25392609,1.20860346,1.23579704,1623460.51431727
2011-07-10,EGX:ADIB,1.23277553,1.2569476,1.20558195,1.21766799,1817168.3822203
2011-07-11,EGX:ADIB,1.21162497,1.22371101,1.17838838,1.19651743,1332354.28244905
2011-07-12,EGX:ADIB,1.18443139,1.19953894,1.14817329,1.17536687,1529007.6987543
2011-07-13,EGX:ADIB,1.20256045,1.22371101,1.1874529,1.20558195,1222041.83998333
2011-07-14,EGX:ADIB,1.20256045,1.22673252,1.19349592,1.20860346,1383100.45509094
2011-07-17,EGX:ADIB,1.22975402,1.26601213,1.22371101,1.24788308,1464923.81817875
2011-07-18,EGX:ADIB,1.23881855,1.25996911,1.22673252,1.23579704,954804.47898795
2011-07-19,EGX:ADIB,1.22371101,1.23881855,1.21162497,1.22371101,782940.00373061
2011-07-20,EGX:ADIB,1.23579704,1.23579704,1.21162497,1.2206895,654272.49223262
2011-07-21,EGX:ADIB,1.21162497,1.22371101,1.20256045,1.20860346,749946.55202077
2011-07-25,EGX:ADIB,1.19349592,1.20860346,1.17838838,1.19349592,809979.47614203
2011-07-26,EGX:ADIB,1.19651743,1.20860346,1.18443139,1.19349592,645770.11712553
2011-07-27,EGX:ADIB,1.18443139,1.19953894,1.17838838,1.18140989,535427.88821529
2011-07-28,EGX:ADIB,1.17536687,1.19953894,1.17536687,1.1874529,373836.42671133
2011-07-31,EGX:ADIB,1.1874529,1.23579704,1.1874529,1.20860346,1263554.21482499
2011-08-01,EGX:ADIB,1.2206895,1.22371101,1.19953894,1.20860346,449278.87146264
2011-08-02,EGX:ADIB,1.19953894,1.20256045,1.18140989,1.19349592,328392.24119344
2011-08-03,EGX:ADIB,1.18140989,1.20860346,1.17838838,1.19047441,191791.60663912
2011-08-04,EGX:ADIB,1.19349592,1.20256045,1.18140989,1.19047441,636092.83226249
2011-08-07,EGX:ADIB,1.18443139,1.18443139,1.14817329,1.16025932,1053139.46115295
2011-08-08,EGX:ADIB,1.16025932,1.16630234,1.12702273,1.14515178,1162588.09672768
2011-08-09,EGX:ADIB,1.10285066,1.12702273,1.04242049,1.08774312,590082.70429878
2011-08-10,EGX:ADIB,1.14515178,1.14515178,1.1179582,1.12702273,429702.55820517
2011-08-11,EGX:ADIB,1.12702273,1.12702273,1.07565708,1.09378613,726785.93660644
2011-08-14,EGX:ADIB,1.10889368,1.12097971,1.09076463,1.10587217,597873.51434242
2011-08-15,EGX:ADIB,1.10587217,1.10587217,1.08774312,1.09378613,205096.21852331
2011-08-16,EGX:ADIB,1.10285066,1.10285066,1.07565708,1.08472161,343265.60582219
2011-08-17,EGX:ADIB,1.09680764,1.11493669,1.08774312,1.10285066,440306.53245317
2011-08-18,EGX:ADIB,1.09982915,1.09982915,1.08472161,1.09076463,372734.3282642
2011-08-21,EGX:ADIB,1.0817001,1.0817001,1.04242049,1.05450652,299694.65670392
2011-08-22,EGX:ADIB,1.06659256,1.09378613,1.05752803,1.07565708,1057299.63457047
2011-08-23,EGX:ADIB,1.07867859,1.10285066,1.07867859,1.09076463,186324.1392678
2011-08-24,EGX:ADIB,1.10285066,1.14213027,1.08774312,1.12097971,920252.20334839
2011-08-25,EGX:ADIB,1.12097971,1.13608726,1.11493669,1.12702273,655126.37030877
2011-08-28,EGX:ADIB,1.12702273,1.12702273,1.09680764,1.10587217,348021.50813005
2011-08-29,EGX:ADIB,1.10587217,1.12702273,1.10285066,1.11493669,262074.37727912
2011-09-04,EGX:ADIB,1.12097971,1.12097971,1.10285066,1.11191519,224192.63906357
2011-09-05,EGX:ADIB,1.1179582,1.12702273,1.10889368,1.12097971,588547.04760369
2011-09-06,EGX:ADIB,1.1179582,1.15421631,1.1179582,1.13910876,793289.13839775
2011-09-07,EGX:ADIB,1.13910876,1.14213027,1.11191519,1.12400122,542507.13319547
2011-09-08,EGX:ADIB,1.13004424,1.15421631,1.12702273,1.13910876,543443.75139527
2011-09-11,EGX:ADIB,1.12097971,1.13004424,1.10889368,1.11493669,606183.93236262
2011-09-12,EGX:ADIB,1.12097971,1.12702273,1.09680764,1.10587217,325840.53577983
2011-09-13,EGX:ADIB,1.10285066,1.10587217,1.06659256,1.08472161,574381.93843345
2011-09-14,EGX:ADIB,1.09076463,1.09076463,1.0484635,1.06054954,655358.04265501
2011-09-15,EGX:ADIB,1.06659256,1.06659256,1.00011937,1.04242049,1197828.77019607
2011-09-18,EGX:ADIB,1.02429144,1.03637747,1.00011937,1.01824842,437860.73439784
2011-09-19,EGX:ADIB,1.02429144,1.04242049,1.0122054,1.03033445,418595.52400533
2011-09-20,EGX:ADIB,1.01824842,1.03939898,1.00314087,1.0122054,505264.14873455
2011-09-21,EGX:ADIB,1.02126993,1.02126993,0.99709786,1.00314087,305344.15234728
2011-09-22,EGX:ADIB,1.00011937,1.0122054,0.98501182,0.99709786,346350.15763216
2011-09-25,EGX:ADIB,1.00011937,1.00011937,0.93666768,0.95479674,675434.10625937
2011-09-26,EGX:ADIB,0.96083975,0.96688277,0.93666768,0.95177523,710721.11419701
2011-09-27,EGX:ADIB,0.96688277,0.96688277,0.90947411,0.93666768,764528.67141425
2011-09-28,EGX:ADIB,0.9064526,0.91249561,0.85810846,0.89134505,1173956.58971828
2011-09-29,EGX:ADIB,0.90343109,0.91551712,0.88228053,0.90343109,456262.13789937
2011-10-02,EGX:ADIB,0.90040958,0.92156014,0.89134505,0.90040958,933434.35984958
2011-10-03,EGX:ADIB,0.87925902,0.89436656,0.87623751,0.88228053,122207.16264278
2011-10-04,EGX:ADIB,0.86717298,0.89436656,0.86112997,0.873216,251318.16120359
2011-10-05,EGX:ADIB,0.86717298,0.873216,0.83997941,0.85508695,379300.5844777
2011-10-09,EGX:ADIB,0.86112997,0.88832355,0.84300092,0.86717298,452035.77238292
2011-10-10,EGX:ADIB,0.84602242,0.84904393,0.81580734,0.8369579,364195.5475027
2011-10-11,EGX:ADIB,0.86717298,0.873216,0.84602242,0.85508695,381779.47858249
2011-10-12,EGX:ADIB,0.86415148,0.87019449,0.84300092,0.85206544,424532.95527902
2011-10-13,EGX:ADIB,0.84904393,0.87623751,0.84904393,0.87019449,637264.43241349
2011-10-16,EGX:ADIB,0.85206544,0.9427107,0.85206544,0.91551712,1538757.79492616
2011-10-17,EGX:ADIB,0.93062467,0.97292579,0.92458165,0.94875372,1708911.20442625
2011-10-18,EGX:ADIB,0.92458165,0.95479674,0.91249561,0.92760316,1080642.27825685
2011-10-19,EGX:ADIB,0.95479674,0.96083975,0.92760316,0.93968919,699001.8030821
2011-10-20,EGX:ADIB,0.92760316,0.9427107,0.91853863,0.92458165,892034.51157609
2011-10-23,EGX:ADIB,0.93062467,0.96990428,0.92458165,0.95177523,1133119.37428566
2011-10-24,EGX:ADIB,0.94573221,0.96083975,0.93062467,0.94573221,686077.79576673
2011-10-25,EGX:ADIB,0.94573221,0.95177523,0.93062467,0.93968919,764704.0804764
2011-10-26,EGX:ADIB,0.92760316,0.93968919,0.92458165,0.93062467,313353.39631737
2011-10-27,EGX:ADIB,0.93968919,0.9427107,0.93062467,0.93666768,325592.31540885
2011-10-30,EGX:ADIB,0.93364618,0.95781824,0.93062467,0.94573221,654242.7057881
2011-10-31,EGX:ADIB,0.94875372,0.95177523,0.93062467,0.93666768,524853.70041181
2011-11-01,EGX:ADIB,0.93364618,0.93968919,0.92760316,0.93062467,330546.79401349
2011-11-02,EGX:ADIB,0.93666768,0.9427107,0.93062467,0.93666768,492634.6962594
2011-11-03,EGX:ADIB,0.9427107,0.95177523,0.9427107,0.94573221,1121823.69260388
2011-11-09,EGX:ADIB,0.94875372,0.95781824,0.93364618,0.93968919,281746.66908003
2011-11-10,EGX:ADIB,0.93364618,0.93666768,0.92156014,0.92760316,367283.40891762
2011-11-13,EGX:ADIB,0.93364618,0.93364618,0.87623751,0.90040958,1022409.77922638
2011-11-14,EGX:ADIB,0.86415148,0.873216,0.85508695,0.86112997,380257.06030718
2011-11-15,EGX:ADIB,0.88832355,0.88832355,0.86112997,0.873216,288733.24512171
2011-11-16,EGX:ADIB,0.86112997,0.88228053,0.86112997,0.873216,139665.32873461
2011-11-17,EGX:ADIB,0.85810846,0.90343109,0.85508695,0.88832355,552267.15818216
2011-11-20,EGX:ADIB,0.86112997,0.87623751,0.84602242,0.85206544,11875537.70679728
2011-11-21,EGX:ADIB,0.85810846,0.86717298,0.80069979,0.83393639,650582.28271747
2011-11-22,EGX:ADIB,0.8037213,0.82789337,0.7674632,0.8037213,318327.73255168
2011-11-23,EGX:ADIB,0.78257074,0.83393639,0.77652773,0.80976432,158000.54013721
2011-11-24,EGX:ADIB,0.82487186,0.84602242,0.81278583,0.83091488,337348.03217817
2011-11-29,EGX:ADIB,0.84602242,0.91249561,0.84602242,0.90343109,846272.60398335
2011-11-30,EGX:ADIB,0.9064526,0.92760316,0.90040958,0.9064526,571625.03751317
2011-12-01,EGX:ADIB,0.92156014,0.94875372,0.91551712,0.93364618,1190448.35116578
2011-12-04,EGX:ADIB,0.92156014,0.93968919,0.9064526,0.91551712,595894.37058452
2011-12-05,EGX:ADIB,0.90040958,0.92458165,0.89738807,0.91551712,422295.66233531
2011-12-06,EGX:ADIB,0.92156014,0.93666768,0.91853863,0.92760316,483599.47475596
2011-12-07,EGX:ADIB,0.93364618,1.01824842,0.93364618,0.98199031,3667346.76417518
2011-12-08,EGX:ADIB,1.00616238,1.03637747,0.98501182,1.0122054,1568623.66996173
2011-12-11,EGX:ADIB,1.01522691,1.07565708,0.99105484,1.04242049,3205081.00290318
2011-12-12,EGX:ADIB,1.05752803,1.05752803,0.99105484,1.01824842,1815043.61584476
2011-12-13,EGX:ADIB,0.99709786,1.06357105,0.99709786,1.03637747,2192308.79328048
2011-12-14,EGX:ADIB,1.03637747,1.09076463,1.03033445,1.06357105,1890184.88654596
2011-12-15,EGX:ADIB,1.0484635,1.06054954,1.02731294,1.03637747,1068373.57272085
2011-12-18,EGX:ADIB,0.99709786,1.02429144,0.97292579,1.00011937,1423315.46479364
2011-12-19,EGX:ADIB,1.00918389,1.02731294,1.00314087,1.01522691,836380.19479881
2011-12-20,EGX:ADIB,1.00314087,1.00314087,0.93968919,0.96688277,1348501.84498213
2011-12-21,EGX:ADIB,0.98501182,0.98501182,0.92156014,0.94573221,1114013.02493057
2011-12-22,EGX:ADIB,0.92458165,0.99709786,0.88832355,0.9427107,2219735.48947061
2011-12-25,EGX:ADIB,1.00616238,1.02429144,0.9759473,1.00011937,1079811.56741532
2011-12-26,EGX:ADIB,0.98501182,1.06357105,0.96990428,1.02126993,2891916.25406776
2011-12-27,EGX:ADIB,1.03033445,1.09680764,1.03033445,1.06357105,2609904.81659202
2011-12-28,EGX:ADIB,1.03033445,1.05450652,1.00616238,1.03637747,1903602.02499834
2011-12-29,EGX:ADIB,1.05450652,1.06659256,1.03939898,1.05752803,1065054.03895969
2012-01-02,EGX:ADIB,1.05752803,1.07867859,1.02126993,1.045442,2140976.82056309
2012-01-03,EGX:ADIB,1.02429144,1.05450652,1.0122054,1.03637747,779094.24278299
2012-01-04,EGX:ADIB,1.03637747,1.04242049,1.00918389,1.02429144,747606.66132373
2012-01-05,EGX:ADIB,1.0122054,1.02429144,1.00314087,1.0122054,451956.34186421
2012-01-09,EGX:ADIB,1.00616238,1.02429144,0.98501182,1.00616238,656112.63258277
2012-01-10,EGX:ADIB,1.0122054,1.0484635,1.0122054,1.03637747,1196981.51132981
2012-01-11,EGX:ADIB,1.03939898,1.0484635,1.01522691,1.02731294,706233.28988981
2012-01-12,EGX:ADIB,1.0122054,1.04242049,1.0122054,1.02731294,1060493.40334366
2012-01-15,EGX:ADIB,1.02731294,1.10285066,1.02126993,1.07263557,3110879.71731614
2012-01-16,EGX:ADIB,1.09680764,1.13608726,1.07565708,1.10587217,3359043.82500589
2012-01-17,EGX:ADIB,1.07867859,1.12097971,1.06961406,1.09982915,2132603.5200489
2012-01-18,EGX:ADIB,1.08774312,1.09680764,1.05450652,1.07263557,1357738.9523873
2012-01-19,EGX:ADIB,1.06054954,1.07565708,1.03335596,1.05148501,1312301.38607931
2012-01-22,EGX:ADIB,1.05450652,1.08774312,1.04242049,1.06357105,698641.05614295
2012-01-23,EGX:ADIB,1.06961406,1.07867859,1.05450652,1.06357105,197467.57912205
2012-01-24,EGX:ADIB,1.07263557,1.10285066,1.06659256,1.08472161,969793.67978982
2012-01-26,EGX:ADIB,1.10587217,1.15723782,1.10285066,1.13608726,2178094.04003604
2012-01-29,EGX:ADIB,1.14515178,1.14817329,1.10587217,1.12400122,995939.55886574
2012-01-30,EGX:ADIB,1.12702273,1.14213027,1.10587217,1.12400122,559432.45289094
2012-01-31,EGX:ADIB,1.12097971,1.1511948,1.1179582,1.13910876,1319622.23222056
2012-02-01,EGX:ADIB,1.15421631,1.15421631,1.12400122,1.13306575,671303.71928637
2012-02-02,EGX:ADIB,1.09680764,1.10285066,1.06659256,1.0817001,14810018.79007964
2012-02-06,EGX:ADIB,1.06054954,1.10889368,1.05752803,1.09076463,420779.8632699
2012-02-07,EGX:ADIB,1.08774312,1.10889368,1.06961406,1.09076463,1170302.78585754
2012-02-08,EGX:ADIB,1.09076463,1.1179582,1.09076463,1.10587217,831806.320763
2012-02-09,EGX:ADIB,1.11493669,1.13004424,1.09076463,1.10587217,845729.82877216
2012-02-12,EGX:ADIB,1.1179582,1.18140989,1.10889368,1.15421631,1870833.62642484
2012-02-13,EGX:ADIB,1.19047441,1.21162497,1.16328083,1.19047441,1722990.26386788
2012-02-14,EGX:ADIB,1.19651743,1.23277553,1.15421631,1.19047441,3650305.60830659
2012-02-15,EGX:ADIB,1.19047441,1.19953894,1.16025932,1.17536687,1040218.76344252
2012-02-16,EGX:ADIB,1.1511948,1.21766799,1.14817329,1.19349592,1795738.69019289
2012-02-19,EGX:ADIB,1.20860346,1.24486157,1.20860346,1.22673252,2288614.98761338
2012-02-20,EGX:ADIB,1.22673252,1.25090458,1.19651743,1.21162497,1659561.6850717
2012-02-21,EGX:ADIB,1.21162497,1.21162497,1.16025932,1.17536687,998309.2360073
2012-02-22,EGX:ADIB,1.17536687,1.19953894,1.14515178,1.16025932,802678.48763045
2012-02-23,EGX:ADIB,1.18443139,1.21162497,1.17838838,1.19651743,1094909.98518042
2012-02-26,EGX:ADIB,1.21766799,1.31435627,1.19651743,1.27507665,7542589.67265825
2012-02-27,EGX:ADIB,1.27507665,1.35665739,1.27507665,1.31737777,4533285.04074955
2012-02-28,EGX:ADIB,1.29924872,1.32039928,1.27507665,1.29320571,2116343.43094764
2012-02-29,EGX:ADIB,1.31435627,1.32946381,1.28414118,1.30529174,2284825.48994984
2012-03-01,EGX:ADIB,1.32039928,1.32946381,1.2901842,1.30831325,1285510.13403886
2012-03-05,EGX:ADIB,1.27809816,1.29622721,1.24788308,1.27809816,1453714.18622557
2012-03-06,EGX:ADIB,1.27809816,1.33248532,1.27809816,1.30831325,4566099.77379229
2012-03-07,EGX:ADIB,1.30831325,1.32946381,1.27507665,1.31133476,3030409.98265137
2012-03-08,EGX:ADIB,1.31133476,1.31133476,1.24788308,1.27205515,1154492.80302898
2012-03-12,EGX:ADIB,1.22673252,1.22975402,1.16630234,1.19349592,2766439.20173801
2012-03-13,EGX:ADIB,1.19349592,1.21766799,1.16630234,1.1874529,1928390.96604626
2012-03-14,EGX:ADIB,1.1874529,1.23579704,1.16932385,1.21162497,1618836.99620726
2012-03-15,EGX:ADIB,1.21162497,1.24184006,1.19349592,1.21162497,831733.50945418
2012-03-19,EGX:ADIB,1.19651743,1.22975402,1.17838838,1.19953894,1585194.86192794
2012-03-20,EGX:ADIB,1.19953894,1.22673252,1.17838838,1.21162497,2039305.7566122
2012-03-21,EGX:ADIB,1.21162497,1.27507665,1.20860346,1.25090458,2252477.41120453
2012-03-22,EGX:ADIB,1.25090458,1.25090458,1.21464648,1.22975402,955621.95140969
2012-03-25,EGX:ADIB,1.22975402,1.22975402,1.16025932,1.17838838,1609315.2627767
2012-03-26,EGX:ADIB,1.17838838,1.17838838,1.12702273,1.14817329,1039450.93509498
2012-03-27,EGX:ADIB,1.14817329,1.19047441,1.10285066,1.13910876,1455848.88141595
2012-03-28,EGX:ADIB,1.13910876,1.17536687,1.10889368,1.14817329,830115.11263543
2012-03-29,EGX:ADIB,1.14817329,1.14817329,1.12400122,1.13910876,714987.19497282
2012-04-01,EGX:ADIB,1.13910876,1.13910876,1.07565708,1.10285066,1048817.11709305
2012-04-02,EGX:ADIB,1.10285066,1.12400122,1.07867859,1.09378613,717297.29922535
2012-04-03,EGX:ADIB,1.09378613,1.1179582,1.07565708,1.09982915,367571.34454795
2012-04-04,EGX:ADIB,1.09982915,1.11191519,1.04242049,1.06659256,828923.65485475
2012-04-05,EGX:ADIB,1.06659256,1.07867859,1.05148501,1.06054954,273965.78785124
2012-04-08,EGX:ADIB,1.06054954,1.08774312,1.02126993,1.03939898,523275.01885241
2012-04-09,EGX:ADIB,1.03939898,1.04242049,0.98199031,1.00616238,645538.44477929
2012-04-17,EGX:ADIB,1.02731294,1.04242049,0.99407635,1.02126993,82740.12365794
2012-04-18,EGX:ADIB,1.02126993,1.02731294,0.99709786,1.00918389,102597.75333585
2012-04-19,EGX:ADIB,1.00918389,1.04242049,1.00918389,1.03033445,354955.13049258
2012-04-22,EGX:ADIB,1.03033445,1.09378613,1.03033445,1.07263557,930247.21028627
2012-04-23,EGX:ADIB,1.07263557,1.10587217,1.06961406,1.09076463,791806.4353818
2012-04-24,EGX:ADIB,1.09076463,1.09680764,1.05148501,1.06357105,1391678.95111179
2012-04-26,EGX:ADIB,1.06357105,1.09076463,1.0484635,1.07867859,434746.39614336
2012-04-29,EGX:ADIB,1.07867859,1.07867859,1.0484635,1.05752803,506611.1579477
2012-04-30,EGX:ADIB,1.05752803,1.06961406,1.03939898,1.0484635,785849.14647843
2012-05-02,EGX:ADIB,1.0484635,1.0484635,0.99709786,1.0122054,637611.94093285
2012-05-03,EGX:ADIB,1.0122054,1.03033445,0.99105484,1.02126993,134442.77212932
2012-05-06,EGX:ADIB,1.02126993,1.05450652,0.99709786,1.02126993,523837.65169329
2012-05-07,EGX:ADIB,1.02126993,1.045442,1.02126993,1.03335596,159695.05786973
2012-05-08,EGX:ADIB,1.03335596,1.06659256,1.03335596,1.045442,244884.28918795
2012-05-09,EGX:ADIB,1.045442,1.06961406,1.03637747,1.05450652,388349.04440093
2012-05-10,EGX:ADIB,1.05450652,1.06054954,1.045442,1.05450652,60082.56819545
2012-05-13,EGX:ADIB,1.05450652,1.09076463,1.05450652,1.07565708,360912.41939596
2012-05-14,EGX:ADIB,1.07565708,1.07565708,1.05450652,1.05752803,122869.08363205
2012-05-15,EGX:ADIB,1.05752803,1.05752803,1.02429144,1.03637747,1064425.21401989
2012-05-16,EGX:ADIB,1.03637747,1.03637747,1.00918389,1.02126993,399237.64467432
2012-05-17,EGX:ADIB,1.02126993,1.02126993,0.99407635,1.00011937,93413.59960982
2012-05-20,EGX:ADIB,1.00011937,1.02126993,0.98501182,1.00314087,74333.7270943
2012-05-21,EGX:ADIB,1.00314087,1.04242049,1.00314087,1.03335596,163941.28101585
2012-05-22,EGX:ADIB,1.03335596,1.0484635,1.02429144,1.02731294,160611.81843986
2012-05-23,EGX:ADIB,1.02731294,1.06659256,1.02126993,1.05752803,398310.95528935
2012-05-24,EGX:ADIB,1.05752803,1.10285066,1.03033445,1.07867859,585700.78734986
2012-05-27,EGX:ADIB,1.07867859,1.07867859,1.01522691,1.03939898,431704.86919769
2012-05-28,EGX:ADIB,1.03939898,1.04242049,1.00314087,1.02126993,232125.76211989
2012-05-29,EGX:ADIB,1.02126993,1.02731294,1.00011937,1.02429144,114561.97521679
2012-05-30,EGX:ADIB,1.02429144,1.02731294,1.00011937,1.01522691,257914.2038616
2012-05-31,EGX:ADIB,1.01522691,1.03637747,1.00616238,1.02126993,195435.48168501
2012-06-03,EGX:ADIB,1.02126993,1.02126993,0.9427107,0.99709786,68839.78288341
2012-06-04,EGX:ADIB,0.99709786,1.00011937,0.99407635,0.99709786,125278.47603297
2012-06-05,EGX:ADIB,0.99709786,0.99709786,0.93968919,0.95781824,266787.25472268
2012-06-06,EGX:ADIB,0.95781824,1.00918389,0.93666768,0.96386126,292900.03774912
2012-06-07,EGX:ADIB,0.96386126,1.0122054,0.96386126,0.99105484,36521.49058262
2012-06-10,EGX:ADIB,0.99105484,0.99105484,0.97292579,0.98803333,52126.27790451
2012-06-11,EGX:ADIB,0.98803333,0.99709786,0.95177523,0.9759473,179248.20389257
2012-06-12,EGX:ADIB,0.9759473,1.02429144,0.9759473,1.01522691,248220.37097383
2012-06-13,EGX:ADIB,1.01522691,1.01522691,0.96990428,0.98501182,77941.19648578
2012-06-14,EGX:ADIB,0.98501182,0.99709786,0.96688277,0.97896881,348613.92741544
2012-06-18,EGX:ADIB,0.97896881,0.98199031,0.94573221,0.96083975,107251.05789037
2012-06-19,EGX:ADIB,0.96083975,1.00314087,0.92760316,0.96990428,469437.67519066
2012-06-20,EGX:ADIB,0.96990428,1.01824842,0.96386126,0.99105484,377308.20230001
2012-06-21,EGX:ADIB,0.99105484,0.99709786,0.97292579,0.98803333,254657.55259442
2012-06-24,EGX:ADIB,0.98803333,1.02731294,0.98803333,1.00011937,362401.7416218
2012-06-25,EGX:ADIB,1.00011937,1.09982915,1.00011937,1.09378613,702466.9594609
2012-06-26,EGX:ADIB,1.09378613,1.11191519,1.06054954,1.09378613,597876.82394736
2012-06-27,EGX:ADIB,1.09378613,1.1179582,1.08774312,1.10285066,523377.61660575
2012-06-28,EGX:ADIB,1.10285066,1.12702273,1.08774312,1.10889368,803466.17360768
2012-07-02,EGX:ADIB,1.10889368,1.19047441,1.10889368,1.15421631,869582.15162027
2012-07-03,EGX:ADIB,1.15421631,1.19651743,1.13608726,1.17234536,1000860.94142091
2012-07-04,EGX:ADIB,1.17234536,1.17838838,1.1511948,1.16328083,438840.37746195
2012-07-05,EGX:ADIB,1.16328083,1.17838838,1.15723782,1.16328083,542613.04055375
2012-07-08,EGX:ADIB,1.16328083,1.19349592,1.13306575,1.14515178,401653.65628513
2012-07-09,EGX:ADIB,1.14515178,1.14515178,1.07263557,1.11191519,597049.42271078
2012-07-10,EGX:ADIB,1.11191519,1.14817329,1.10587217,1.12097971,208538.20766748
2012-07-11,EGX:ADIB,1.12097971,1.23277553,1.12097971,1.21464648,3338848.61562346
2012-07-12,EGX:ADIB,1.21464648,1.25392609,1.20256045,1.2206895,1883840.37386387
2012-07-15,EGX:ADIB,1.2206895,1.2206895,1.13910876,1.15421631,1809258.4263986
2012-07-16,EGX:ADIB,1.15421631,1.1874529,1.1511948,1.16630234,312360.51483347
2012-07-17,EGX:ADIB,1.16630234,1.19651743,1.15421631,1.17536687,768281.76342337
2012-07-18,EGX:ADIB,1.17536687,1.20558195,1.16328083,1.1874529,487206.94414744
2012-07-19,EGX:ADIB,1.1874529,1.20860346,1.18443139,1.19953894,419644.66877331
2012-07-22,EGX:ADIB,1.19953894,1.20256045,1.17838838,1.19047441,179049.62759579
2012-07-24,EGX:ADIB,1.19047441,1.19047441,1.14817329,1.16025932,798111.23280454
2012-07-25,EGX:ADIB,1.16025932,1.18443139,1.14817329,1.16932385,362477.86253556
2012-07-26,EGX:ADIB,1.16932385,1.17838838,1.15421631,1.16328083,429222.66548795
2012-07-29,EGX:ADIB,1.16328083,1.18140989,1.16328083,1.17536687,177623.18786393
2012-07-30,EGX:ADIB,1.17536687,1.2206895,1.16932385,1.19953894,1141466.19796028
2012-07-31,EGX:ADIB,1.19953894,1.21766799,1.19651743,1.20558195,434680.20404443
2012-08-01,EGX:ADIB,1.20558195,1.21464648,1.19349592,1.20860346,504870.30574594
2012-08-02,EGX:ADIB,1.20860346,1.20860346,1.17838838,1.18140989,814272.03375741
2012-08-05,EGX:ADIB,1.18140989,1.20860346,1.18140989,1.19047441,188879.15428636
2012-08-06,EGX:ADIB,1.19047441,1.20256045,1.17234536,1.19047441,310411.15752009
2012-08-07,EGX:ADIB,1.19047441,1.21464648,1.19047441,1.20860346,708457.34441373
2012-08-08,EGX:ADIB,1.20860346,1.20860346,1.17838838,1.19047441,419161.46645115
2012-08-09,EGX:ADIB,1.19047441,1.19047441,1.16328083,1.17838838,254988.51308905
2012-08-12,EGX:ADIB,1.17838838,1.20558195,1.15723782,1.17234536,667130.30744906
2012-08-13,EGX:ADIB,1.17234536,1.19349592,1.15723782,1.17838838,225112.70923864
2012-08-14,EGX:ADIB,1.17838838,1.18140989,1.16932385,1.17838838,291688.72233877
2012-08-15,EGX:ADIB,1.17838838,1.18443139,1.16328083,1.17838838,140466.25313162
2012-08-16,EGX:ADIB,1.17838838,1.25392609,1.17838838,1.22975402,3720720.76314444
2012-08-21,EGX:ADIB,1.22975402,1.31435627,1.22371101,1.28111967,2016760.72771789
2012-08-22,EGX:ADIB,1.28111967,1.29924872,1.25392609,1.27507665,1528987.84112463
2012-08-23,EGX:ADIB,1.27507665,1.30529174,1.27205515,1.29320571,1329342.5419479
2012-08-26,EGX:ADIB,1.29320571,1.36874342,1.29320571,1.33550683,4491133.91215325
2012-08-27,EGX:ADIB,1.33550683,1.39291549,1.33550683,1.37478644,4338180.51955917
2012-08-28,EGX:ADIB,1.37478644,1.40500153,1.35061437,1.37780795,3248833.98029351
2012-08-29,EGX:ADIB,1.37780795,1.40198002,1.34457135,1.3627004,2271024.4373237
2012-08-30,EGX:ADIB,1.3627004,1.4321951,1.3596789,1.40198002,4226904.98205407
2012-09-02,EGX:ADIB,1.40198002,1.54096942,1.40198002,1.50471131,5779894.07824939
2012-09-03,EGX:ADIB,1.50471131,1.65276524,1.50471131,1.6044211,5745560.23653629
2012-09-04,EGX:ADIB,1.6044211,1.67693731,1.60139959,1.63161468,4836580.54763506
2012-09-05,EGX:ADIB,1.63161468,1.64672222,1.59233506,1.61650713,3278772.6666379
2012-09-06,EGX:ADIB,1.61650713,1.63765769,1.58931355,1.61046411,1692220.86668196
2012-09-09,EGX:ADIB,1.61046411,1.62255015,1.56211998,1.59233506,1747021.30538309
2012-09-10,EGX:ADIB,1.59233506,1.65276524,1.53794791,1.61650713,3293341.54761159
2012-09-11,EGX:ADIB,1.61650713,1.67693731,1.61650713,1.65276524,2736576.63630738
2012-09-12,EGX:ADIB,1.65276524,1.65880825,1.5711845,1.61348562,2373761.1940673
2012-09-13,EGX:ADIB,1.61348562,1.62859317,1.55003394,1.59535657,1945263.33206258
2012-09-16,EGX:ADIB,1.59535657,1.7434105,1.59535657,1.69506636,5966919.85376581
2012-09-17,EGX:ADIB,1.69506636,1.74945351,1.66182976,1.71319541,4121120.07915491
2012-09-18,EGX:ADIB,1.71319541,1.71923843,1.65880825,1.69506636,1441236.97557796
2012-09-19,EGX:ADIB,1.69506636,1.78269011,1.66182976,1.70715239,3514744.18970541
2012-09-20,EGX:ADIB,1.70715239,1.70715239,1.61650713,1.64974373,1689540.08667545
2012-09-23,EGX:ADIB,1.64974373,1.68298032,1.59535657,1.62557166,1586502.15588174
2012-09-24,EGX:ADIB,1.62557166,1.66182976,1.58931355,1.64370071,1980421.26540732
2012-09-25,EGX:ADIB,1.64370071,1.71621692,1.62255015,1.68298032,2889986.75438405
2012-09-26,EGX:ADIB,1.68298032,1.70715239,1.6406792,1.67693731,1794586.94767157
2012-09-27,EGX:ADIB,1.67693731,1.77362558,1.65578674,1.71621692,5481807.88954939
2012-09-30,EGX:ADIB,1.71621692,1.74945351,1.66485127,1.70110937,2096969.0035919
2012-10-01,EGX:ADIB,1.70110937,1.70715239,1.5349264,1.62255015,4743967.87242225
2012-10-02,EGX:ADIB,1.62255015,1.62255015,1.49866829,1.5711845,2203174.22631924
2012-10-03,EGX:ADIB,1.5711845,1.58327054,1.51075433,1.54701243,2174536.21471875
2012-10-04,EGX:ADIB,1.54701243,1.61650713,1.54701243,1.58931355,2981388.11418651
2012-10-08,EGX:ADIB,1.58931355,1.61046411,1.52284036,1.55607696,2271802.19448608
2012-10-09,EGX:ADIB,1.55607696,1.60139959,1.52284036,1.57420601,2048125.85379414
2012-10-10,EGX:ADIB,1.57420601,1.69204485,1.57420601,1.65276524,6409337.91417473
2012-10-11,EGX:ADIB,1.65276524,1.80988369,1.63463618,1.746432,8066189.0327954
2012-10-14,EGX:ADIB,1.746432,1.79477614,1.70715239,1.75247502,4175099.73582936
2012-10-15,EGX:ADIB,1.75247502,1.80988369,1.66485127,1.74945351,3910149.31185189
2012-10-16,EGX:ADIB,1.74945351,1.85218481,1.73132446,1.79175463,5330059.19315577
2012-10-17,EGX:ADIB,1.79175463,1.89146442,1.79175463,1.86427084,5692593.31897542
2012-10-18,EGX:ADIB,1.86427084,1.90959347,1.8491633,1.87937839,5284366.78726691
2012-10-21,EGX:ADIB,1.87937839,1.87937839,1.8159267,1.84009877,4020077.84014383
2012-10-22,EGX:ADIB,1.84009877,1.87937839,1.81894821,1.8491633,1824317.12890435
2012-10-23,EGX:ADIB,1.8491633,1.87333537,1.80384067,1.84614179,1996218.00981609
2012-10-24,EGX:ADIB,1.84614179,1.89448593,1.81290519,1.87031386,2093278.79407676
2012-10-29,EGX:ADIB,1.87031386,1.93376554,1.86729235,1.90959347,3631321.71433451
2012-10-30,EGX:ADIB,1.90959347,1.93980856,1.87333537,1.90959347,3947259.91211495
2012-10-31,EGX:ADIB,1.90959347,1.91261498,1.84009877,1.86427084,2077419.167174
2012-11-01,EGX:ADIB,1.86427084,1.87333537,1.77664709,1.81290519,3764344.66594186
2012-11-04,EGX:ADIB,1.81290519,1.82801274,1.63161468,1.67995881,3176955.98006938
2012-11-05,EGX:ADIB,1.67995881,1.75247502,1.63161468,1.69506636,4109668.84604066
2012-11-06,EGX:ADIB,1.69506636,1.75851804,1.67693731,1.70413088,1522186.60295994
2012-11-07,EGX:ADIB,1.70413088,1.72225994,1.65578674,1.68600183,1545737.75175794
2012-11-08,EGX:ADIB,1.68600183,1.71319541,1.65880825,1.69204485,1380164.83550355
2012-11-11,EGX:ADIB,1.69204485,1.70110937,1.65276524,1.67089429,1060155.82363914
2012-11-12,EGX:ADIB,1.67089429,1.8159267,1.67089429,1.75549653,5490651.15396595
2012-11-13,EGX:ADIB,1.75549653,1.82801274,1.75549653,1.79779765,1015211.38846814
2012-11-14,EGX:ADIB,1.79779765,1.86729235,1.76758256,1.82196972,4014911.54682263
2012-11-18,EGX:ADIB,1.82196972,1.82196972,1.73736748,1.75549653,2281760.79576955
2012-11-19,EGX:ADIB,1.75549653,1.79175463,1.64974373,1.71621692,1574336.04809907
2012-11-20,EGX:ADIB,1.71621692,1.78873313,1.65578674,1.72225994,2080487.17095924
2012-11-21,EGX:ADIB,1.72225994,1.78571162,1.69506636,1.75247502,2421674.34487514
2012-11-22,EGX:ADIB,1.75247502,1.83707726,1.73434597,1.78571162,2494320.17344681
2012-11-25,EGX:ADIB,1.78571162,1.78571162,1.60744261,1.61046411,3003363.89103006
2012-11-26,EGX:ADIB,1.61046411,1.68902334,1.54701243,1.62557166,1359476.49498412
2012-11-27,EGX:ADIB,1.62557166,1.67089429,1.60139959,1.65276524,1065543.86049174
2012-11-28,EGX:ADIB,1.65276524,1.65276524,1.55003394,1.58931355,999666.17403529
2012-11-29,EGX:ADIB,1.58931355,1.63161468,1.55003394,1.60139959,928675.14793677
2012-12-02,EGX:ADIB,1.60139959,1.6739158,1.60139959,1.64672222,671935.85383112
2012-12-03,EGX:ADIB,1.64672222,1.64672222,1.60744261,1.62255015,963823.15246667
2012-12-04,EGX:ADIB,1.62255015,1.69204485,1.62255015,1.66182976,1264351.82961705
2012-12-05,EGX:ADIB,1.66182976,1.69808787,1.63161468,1.6739158,1234995.63374322
2012-12-06,EGX:ADIB,1.6739158,1.6739158,1.58629205,1.61348562,612045.24272255
2012-12-09,EGX:ADIB,1.61348562,1.69204485,1.61348562,1.64672222,474868.73690757
2012-12-10,EGX:ADIB,1.64672222,1.67693731,1.63161468,1.65578674,789837.22043874
2012-12-11,EGX:ADIB,1.65578674,1.67693731,1.64974373,1.66485127,429613.19887162
2012-12-12,EGX:ADIB,1.66485127,1.75247502,1.66485127,1.72225994,1368011.96614067
2012-12-13,EGX:ADIB,1.72225994,1.77362558,1.66182976,1.71621692,2823420.67009876
2012-12-16,EGX:ADIB,1.71621692,1.83707726,1.71621692,1.80988369,2014189.1646746
2012-12-17,EGX:ADIB,1.80988369,1.84312028,1.78269011,1.8159267,2074185.68314145
2012-12-18,EGX:ADIB,1.8159267,1.82801274,1.78269011,1.80081916,1719237.17185876
2012-12-19,EGX:ADIB,1.80081916,1.86729235,1.80081916,1.83707726,2992796.32243647
2012-12-20,EGX:ADIB,1.83707726,2.01836778,1.83103425,1.97002365,9584354.46574557
2012-12-23,EGX:ADIB,1.97002365,2.09692701,1.96398063,2.04858287,4584163.59758929
2012-12-24,EGX:ADIB,2.04858287,2.25102395,2.03347533,2.18152925,6667232.26040666
2012-12-25,EGX:ADIB,2.18152925,2.27217451,2.14829266,2.1996583,6658766.29095398
2012-12-26,EGX:ADIB,2.1996583,2.35073374,2.10901304,2.20872283,5382314.54565318
2012-12-27,EGX:ADIB,2.20872283,2.40209938,2.20872283,2.35677675,2737172.36519772
2012-12-30,EGX:ADIB,2.35677675,2.36886279,2.25102395,2.29936809,4420619.469167
2012-12-31,EGX:ADIB,2.29936809,2.31749714,2.25404546,2.27519602,3053107.25337322
2013-01-02,EGX:ADIB,2.27519602,2.32656167,2.2328949,2.269153,5338220.67895339
2013-01-03,EGX:ADIB,2.269153,2.34469072,2.22383037,2.29936809,3729891.67845069
2013-01-06,EGX:ADIB,2.29936809,2.32051865,2.24498093,2.26613149,3070098.76516761
2013-01-08,EGX:ADIB,2.26613149,2.29936809,2.24195942,2.27217451,3255744.43542142
2013-01-09,EGX:ADIB,2.27217451,2.31447563,2.24800244,2.27519602,3222568.95543953
2013-01-10,EGX:ADIB,2.27519602,2.27519602,2.21476585,2.24498093,2210104.53907683
2013-01-13,EGX:ADIB,2.24498093,2.24498093,2.17548623,2.19663679,1867202.98979873
2013-01-14,EGX:ADIB,2.19663679,2.24800244,2.17548623,2.20570132,1290352.08607533
2013-01-15,EGX:ADIB,2.20570132,2.22080886,2.13318511,2.16037869,2449832.46375841
2013-01-16,EGX:ADIB,2.16037869,2.17246473,2.10901304,2.14224964,1236825.84527853
2013-01-17,EGX:ADIB,2.14224964,2.17850774,2.07577645,2.11505606,1991127.83740866
2013-01-20,EGX:ADIB,2.11505606,2.11505606,2.01534627,2.05160438,1732631.14307651
2013-01-21,EGX:ADIB,2.05160438,2.0606689,1.99419571,2.03347533,814063.52864579
2013-01-22,EGX:ADIB,2.06973343,2.10599153,2.06369041,2.08786248,1149386.08259681
2013-01-23,EGX:ADIB,2.07275494,2.11505606,2.06671192,2.0939055,666339.31186689
2013-01-27,EGX:ADIB,2.3023896,2.3023896,1.8854214,2.06369041,985090.67385171
2013-01-28,EGX:ADIB,2.04556136,2.05462589,1.97908817,2.00326024,826305.75734222
2013-01-29,EGX:ADIB,1.99419571,1.99419571,1.89146442,1.92772252,1589540.37322246
2013-01-30,EGX:ADIB,1.98513119,1.99419571,1.94283007,1.96398063,599309.88288912
2013-01-31,EGX:ADIB,1.97606666,2.04253985,1.93376554,2.00326024,1658214.67585855
2013-02-03,EGX:ADIB,2.0244108,2.15433567,2.0244108,2.0939055,2607972.00730337
2013-02-04,EGX:ADIB,2.14224964,2.1996583,2.1301636,2.16642171,1929201.8192581
2013-02-05,EGX:ADIB,2.19059378,2.19059378,2.14224964,2.15735718,1056389.49321023
2013-02-06,EGX:ADIB,2.15131416,2.17548623,2.11505606,2.14224964,1306297.76270669
2013-02-07,EGX:ADIB,2.1301636,2.15433567,2.12109908,2.13620662,705160.9778872
2013-02-10,EGX:ADIB,2.15433567,2.17246473,2.05462589,2.1271421,1717536.03491635
2013-02-11,EGX:ADIB,2.10599153,2.13318511,2.07577645,2.11203455,1080999.71559105
2013-02-12,EGX:ADIB,2.13620662,2.20570132,2.13620662,2.17850774,2254340.71878931
2013-02-13,EGX:ADIB,2.20570132,2.28426055,2.19059378,2.23591641,4266706.29113849
2013-02-14,EGX:ADIB,2.24195942,2.25404546,2.20267981,2.22685188,2242737.24384752
2013-02-17,EGX:ADIB,2.24498093,2.28123904,2.22685188,2.25404546,2486966.2312561
2013-02-18,EGX:ADIB,2.22685188,2.25102395,2.18455076,2.20872283,1220231.48607769
2013-02-19,EGX:ADIB,2.17548623,2.21476585,2.08484097,2.1301636,3936126.40107554
2013-02-20,EGX:ADIB,2.12109908,2.15131416,2.06671192,2.10297003,1855311.57922661
2013-02-21,EGX:ADIB,2.11807757,2.12109908,2.07577645,2.09088399,1209812.84970668
2013-02-24,EGX:ADIB,2.11203455,2.11505606,2.04556136,2.07275494,819325.80051043
2013-02-25,EGX:ADIB,2.08484097,2.10297003,2.05462589,2.08484097,1072080.33026072
2013-02-26,EGX:ADIB,2.09994852,2.10599153,2.06671192,2.08786248,729221.80584693
2013-02-27,EGX:ADIB,2.10599153,2.11203455,2.06369041,2.08181947,524436.69018857
2013-02-28,EGX:ADIB,2.08484097,2.08786248,2.06369041,2.07275494,606432.15273359
2013-03-03,EGX:ADIB,2.06369041,2.06671192,2.01534627,2.04556136,661527.14627495
2013-03-04,EGX:ADIB,2.01232477,2.02138929,1.87635688,1.93678705,1461309.72957737
2013-03-05,EGX:ADIB,1.87635688,1.94283007,1.87635688,1.89750744,442692.75761947
2013-03-06,EGX:ADIB,1.92470102,1.92772252,1.86124933,1.89448593,584582.140878
2013-03-07,EGX:ADIB,1.92470102,1.97304515,1.90355045,1.93980856,906328.69533923
2013-03-10,EGX:ADIB,1.93376554,1.97908817,1.92772252,1.95793761,680329.01197498
2013-03-11,EGX:ADIB,1.96398063,2.00628175,1.96398063,1.99117421,668109.95051317
2013-03-12,EGX:ADIB,1.99419571,2.01534627,1.97304515,1.9881527,535358.38651142
2013-03-13,EGX:ADIB,1.97002365,1.97606666,1.94283007,1.95793761,650982.74491598
2013-03-14,EGX:ADIB,1.95189459,1.99117421,1.92772252,1.96398063,1012725.87515346
2013-03-17,EGX:ADIB,1.9881527,2.04253985,1.9881527,2.00628175,1145030.64248746
2013-03-18,EGX:ADIB,1.99721722,2.00930326,1.92167951,1.99117421,754010.74689485
2013-03-19,EGX:ADIB,2.02138929,2.07577645,2.00326024,2.04253985,1133632.36305234
2013-03-20,EGX:ADIB,1.99419571,2.00930326,1.97606666,1.9881527,1043362.88814152
2013-03-21,EGX:ADIB,1.99419571,2.00930326,1.98210968,1.99721722,650065.98434585
2013-03-24,EGX:ADIB,1.99721722,2.0244108,1.98210968,2.00023873,458380.28506501
2013-03-25,EGX:ADIB,2.00326024,2.07879796,2.00326024,2.04253985,984481.70654158
2013-03-26,EGX:ADIB,2.00930326,2.05462589,1.99721722,2.0244108,1452549.20528447
2013-03-27,EGX:ADIB,2.01836778,2.05462589,2.01232477,2.03347533,472657.92080343
2013-03-28,EGX:ADIB,2.05160438,2.08484097,2.04858287,2.06671192,959030.8445044
2013-03-31,EGX:ADIB,2.04858287,2.05462589,1.97606666,2.01534627,449262.32343791
2013-04-01,EGX:ADIB,1.9881527,2.00628175,1.96398063,1.98210968,680441.53854315
2013-04-02,EGX:ADIB,2.00628175,2.01232477,1.97304515,1.9881527,342411.72774604
2013-04-03,EGX:ADIB,2.00930326,2.01534627,1.91261498,1.94887308,379611.68734265
2013-04-04,EGX:ADIB,1.96095912,1.99419571,1.95793761,1.97606666,640590.58538454
2013-04-07,EGX:ADIB,1.99419571,1.99419571,1.95793761,1.96700214,160135.23532759
2013-04-08,EGX:ADIB,1.97002365,2.00628175,1.96095912,1.98513119,426157.97130766
2013-04-09,EGX:ADIB,1.97002365,2.03045382,1.97002365,2.00326024,359485.97966409
2013-04-10,EGX:ADIB,2.01232477,2.04253985,1.98513119,2.02138929,524148.75455824
2013-04-11,EGX:ADIB,2.02138929,2.22080886,2.02138929,2.14527115,3316197.67937086
2013-04-14,EGX:ADIB,2.25706697,2.33260468,2.25102395,2.29030356,1484374.36644826
2013-04-15,EGX:ADIB,2.28123904,2.28123904,2.1996583,2.23893792,4219183.67371431
2013-04-16,EGX:ADIB,2.25706697,2.26613149,2.22080886,2.24800244,897306.71225557
2013-04-17,EGX:ADIB,2.22685188,2.23591641,2.15433567,2.19361529,1039129.90341518
2013-04-18,EGX:ADIB,2.21174434,2.22383037,2.15735718,2.1996583,542202.6495404
2013-04-21,EGX:ADIB,2.23591641,2.24195942,2.18455076,2.1996583,344930.33711019
2013-04-22,EGX:ADIB,2.1996583,2.20267981,2.16037869,2.17850774,142951.7664463
2013-04-23,EGX:ADIB,2.18757227,2.25102395,2.17548623,2.20267981,466995.18674028
2013-04-24,EGX:ADIB,2.18455076,2.1996583,2.1634002,2.17850774,365367.1476537
2013-04-28,EGX:ADIB,2.20267981,2.20872283,2.16037869,2.16642171,426806.65387714
2013-04-29,EGX:ADIB,2.19663679,2.23591641,2.17548623,2.19663679,419022.4630434
2013-04-30,EGX:ADIB,2.17850774,2.20267981,2.16037869,2.17850774,409461.01435349
2013-05-02,EGX:ADIB,2.19663679,2.21476585,2.16944322,2.19059378,527100.92217036
2013-05-07,EGX:ADIB,2.21174434,2.269153,2.19663679,2.25102395,2210968.34596782
2013-05-08,EGX:ADIB,2.26613149,2.46857257,2.26613149,2.3718843,7117517.25177298
2013-05-09,EGX:ADIB,2.47461559,2.49274464,2.40209938,2.45044352,2883701.81459099
2013-05-12,EGX:ADIB,2.46252956,2.54108878,2.43231447,2.48670163,2932382.79374638
2013-05-13,EGX:ADIB,2.45044352,2.4776371,2.41720693,2.4444005,1406701.24796313
2013-05-14,EGX:ADIB,2.42627145,2.46857257,2.41720693,2.44742201,1248445.86824505
2013-05-15,EGX:ADIB,2.45648654,2.50785219,2.44742201,2.48065861,2117951.89895155
2013-05-16,EGX:ADIB,2.46555106,2.49274464,2.441379,2.45950805,1702881.10421405
2013-05-19,EGX:ADIB,2.4776371,2.51691671,2.46555106,2.48972313,1029677.6716885
2013-05-20,EGX:ADIB,2.4776371,2.49576615,2.43835749,2.46555106,1230911.58123946
2013-05-21,EGX:ADIB,2.45044352,2.49274464,2.45044352,2.4776371,955734.47797787
2013-05-22,EGX:ADIB,2.48065861,2.52295973,2.47159408,2.50180917,2517593.31542932
2013-05-23,EGX:ADIB,2.4776371,2.49274464,2.45044352,2.46555106,720497.68720844
2013-05-26,EGX:ADIB,2.47461559,2.47461559,2.42022844,2.43835749,866739.20097138
2013-05-27,EGX:ADIB,2.42929296,2.45648654,2.3718843,2.42325025,1045808.68619685
2013-05-28,EGX:ADIB,2.45648654,2.4776371,2.42022844,2.45346503,1365850.79411073
2013-05-29,EGX:ADIB,2.43231447,2.43533598,2.35073374,2.38699184,2350531.07694909
2013-05-30,EGX:ADIB,2.38699184,2.43231447,2.36584128,2.39907787,4052958.7652855
2013-06-02,EGX:ADIB,2.21778736,2.40209938,2.21778736,2.37792731,616327.87152308
2013-06-03,EGX:ADIB,2.39605637,2.41720693,2.29332507,2.3386477,1262419.0203284
2013-06-04,EGX:ADIB,2.29634658,2.29634658,2.21174434,2.24498093,952676.40300747
2013-06-05,EGX:ADIB,2.19361529,2.20570132,2.11203455,2.13922813,1329888.62676404
2013-06-06,EGX:ADIB,2.12412059,2.14527115,2.04556136,2.10599153,748172.60376955
2013-06-09,EGX:ADIB,2.0939055,2.0939055,1.90959347,1.97606666,875225.02805374
2013-06-10,EGX:ADIB,1.81290519,1.88844291,1.79175463,1.82801274,1264530.54828416
2013-06-11,EGX:ADIB,1.88844291,1.91261498,1.83103425,1.8854214,1274992.20951947
2013-06-12,EGX:ADIB,1.87333537,1.87333537,1.69808787,1.746432,1222654.1168984
2013-06-13,EGX:ADIB,1.66182976,1.80988369,1.66182976,1.76456106,337513.51242549
2013-06-16,EGX:ADIB,1.76758256,1.76758256,1.66182976,1.68600183,658429.35604519
2013-06-17,EGX:ADIB,1.68600183,1.82499123,1.61952864,1.746432,2250491.64823674
2013-06-18,EGX:ADIB,1.81290519,1.84614179,1.76153955,1.80384067,1496653.0007991
2013-06-19,EGX:ADIB,1.75549653,1.80384067,1.75247502,1.77664709,370295.14941877
2013-06-20,EGX:ADIB,1.75851804,1.92167951,1.73736748,1.85520632,2508928.76967986
2013-06-23,EGX:ADIB,1.84009877,1.95793761,1.78571162,1.8854214,1642619.8173515
2013-06-24,EGX:ADIB,1.94283007,1.94887308,1.87635688,1.91563649,273654.68498629
2013-06-25,EGX:ADIB,1.93376554,2.0244108,1.91261498,1.97304515,1374677.51050256
2013-06-26,EGX:ADIB,1.96398063,1.96398063,1.88239989,1.90959347,347452.25607928
2013-06-27,EGX:ADIB,2.0244108,2.0244108,1.88844291,1.98210968,808473.60589146
2013-06-30,EGX:ADIB,1.96700214,2.06369041,1.93980856,2.03045382,1474508.43410329
2013-07-02,EGX:ADIB,2.05462589,2.19059378,2.05462589,2.1271421,4267460.88106625
2013-07-03,EGX:ADIB,2.09088399,2.16037869,2.03649684,2.11807757,1645671.273112
2013-07-04,EGX:ADIB,2.32958318,2.32958318,2.16642171,2.32958318,1751681.22914751
2013-07-07,EGX:ADIB,2.48368012,2.48368012,2.25102395,2.29936809,3520373.82771909
2013-07-08,EGX:ADIB,2.25706697,2.25706697,2.12109908,2.18152925,2099911.24238918
2013-07-09,EGX:ADIB,2.21476585,2.30843261,2.21476585,2.27821753,2041020.1319744
2013-07-10,EGX:ADIB,2.29030356,2.34469072,2.24800244,2.29634658,1620395.82013698
2013-07-11,EGX:ADIB,2.27821753,2.28426055,2.20570132,2.24800244,1771469.35712154
2013-07-14,EGX:ADIB,2.23591641,2.27519602,2.20570132,2.24195942,668841.37320631
2013-07-15,EGX:ADIB,2.20570132,2.23591641,2.16037869,2.18455076,1106566.41380135
2013-07-16,EGX:ADIB,2.19059378,2.25102395,2.19059378,2.21174434,1170997.80289627
2013-07-17,EGX:ADIB,2.22987339,2.25706697,2.14527115,2.19361529,1432155.41960526
2013-07-18,EGX:ADIB,2.14527115,2.19059378,2.13620662,2.16642171,1513479.03234618
2013-07-21,EGX:ADIB,2.18152925,2.23591641,2.18152925,2.20872283,1033252.04503052
2013-07-22,EGX:ADIB,2.20872283,2.26008848,2.17548623,2.22080886,8525730.98919657
2013-07-24,EGX:ADIB,2.22987339,2.33260468,2.17548623,2.26613149,4073048.06730965
2013-07-25,EGX:ADIB,2.19361529,2.25404546,2.19059378,2.22987339,1543027.18530691
2013-07-28,EGX:ADIB,2.25404546,2.26008848,2.20267981,2.22080886,759852.1996251
2013-07-29,EGX:ADIB,2.20872283,2.24498093,2.19361529,2.20872283,924806.21975453
2013-07-30,EGX:ADIB,2.21174434,2.2328949,2.17548623,2.19663679,810846.59263797
2013-07-31,EGX:ADIB,2.17548623,2.23893792,2.16642171,2.21476585,1499843.45996735
2013-08-01,EGX:ADIB,2.21476585,2.27821753,2.20570132,2.24800244,2074245.25603048
2013-08-04,EGX:ADIB,2.25102395,2.29936809,2.24800244,2.27821753,1019163.05677405
2013-08-05,EGX:ADIB,2.29332507,2.39907787,2.29030356,2.33260468,3958568.83221652
2013-08-06,EGX:ADIB,2.35677675,2.41720693,2.34771223,2.39303486,2588041.56631664
2013-08-07,EGX:ADIB,2.40209938,2.40512089,2.32656167,2.35375524,2381578.4809505
2013-08-12,EGX:ADIB,2.31749714,2.34469072,2.26613149,2.30843261,2047632.72265714
2013-08-13,EGX:ADIB,2.34166921,2.36584128,2.31145412,2.32958318,809622.03880783
2013-08-14,EGX:ADIB,2.32656167,2.32656167,2.22685188,2.27821753,2435991.69587291
2013-08-18,EGX:ADIB,2.23591641,2.24498093,2.18757227,2.21778736,703787.49183448
2013-08-19,EGX:ADIB,2.21778736,2.24498093,2.20570132,2.21778736,533822.72981633
2013-08-20,EGX:ADIB,2.26008848,2.29634658,2.22987339,2.27217451,926421.30696833
2013-08-21,EGX:ADIB,2.26008848,2.29936809,2.24498093,2.28123904,1861791.7857115
2013-08-22,EGX:ADIB,2.30541111,2.3386477,2.28426055,2.30843261,1216951.66757589
2013-08-25,EGX:ADIB,2.32656167,2.33562619,2.29332507,2.29332507,689208.68204595
2013-08-26,EGX:ADIB,2.29030356,2.32656167,2.29030356,2.29936809,1475438.4330932
2013-08-27,EGX:ADIB,2.29332507,2.29332507,2.22383037,2.26008848,1641812.2737446
2013-08-28,EGX:ADIB,2.21174434,2.22383037,2.17246473,2.19663679,930876.03522607
2013-08-29,EGX:ADIB,2.2328949,2.23591641,2.18152925,2.20570132,791161.06241727
2013-09-01,EGX:ADIB,2.25102395,2.26613149,2.22080886,2.23591641,256881.60711835
2013-09-02,EGX:ADIB,2.20872283,2.23591641,2.16037869,2.18152925,630906.68131161
2013-09-03,EGX:ADIB,2.17548623,2.18757227,2.13922813,2.1634002,364983.23347993
2013-09-04,EGX:ADIB,2.14527115,2.21778736,2.14527115,2.18152925,1063673.93369708
2013-09-05,EGX:ADIB,2.19059378,2.21778736,2.16037869,2.20267981,722963.34289344
2013-09-08,EGX:ADIB,2.18757227,2.269153,2.18455076,2.22987339,961701.69569608
2013-09-09,EGX:ADIB,2.25102395,2.25706697,2.22383037,2.24195942,251347.9476481
2013-09-10,EGX:ADIB,2.26310998,2.3023896,2.24800244,2.28123904,1314207.71852839
2013-09-11,EGX:ADIB,2.29634658,2.36281977,2.28123904,2.32958318,3674382.98429105
2013-09-12,EGX:ADIB,2.33260468,2.35979826,2.3023896,2.32958318,1150286.29514221
2013-09-15,EGX:ADIB,2.34166921,2.41720693,2.34166921,2.38699184,1054119.10421706
2013-09-16,EGX:ADIB,2.38699184,2.39907787,2.35073374,2.37490581,898617.31581431
2013-09-17,EGX:ADIB,2.35073374,2.39303486,2.34166921,2.36886279,313816.74100985
2013-09-18,EGX:ADIB,2.35073374,2.35677675,2.28426055,2.33562619,389216.16089686
2013-09-19,EGX:ADIB,2.29634658,2.35073374,2.29634658,2.33562619,237788.49618304
2013-09-22,EGX:ADIB,2.35073374,2.38397033,2.31447563,2.34469072,500124.33225292
2013-09-23,EGX:ADIB,2.33562619,2.38397033,2.32656167,2.36584128,801861.01520871
2013-09-24,EGX:ADIB,2.35979826,2.38699184,2.32354016,2.35375524,464949.85088345
2013-09-25,EGX:ADIB,2.3386477,2.35677675,2.32354016,2.33260468,390457.26275173
2013-09-26,EGX:ADIB,2.32051865,2.3718843,2.32051865,2.35677675,251857.62680984
2013-09-29,EGX:ADIB,2.34166921,2.34166921,2.28123904,2.3023896,601941.01882144
2013-09-30,EGX:ADIB,2.29634658,2.32051865,2.27217451,2.29936809,338258.17353841
2013-10-01,EGX:ADIB,2.29634658,2.33562619,2.29634658,2.31447563,414167.27258715
2013-10-02,EGX:ADIB,2.32656167,2.34166921,2.28123904,2.3023896,391360.78490208
2013-10-03,EGX:ADIB,2.27217451,2.34771223,2.27217451,2.32656167,782622.28165577
2013-10-07,EGX:ADIB,2.32354016,2.37792731,2.32354016,2.35979826,844442.39244804
2013-10-08,EGX:ADIB,2.35677675,2.46857257,2.35677675,2.43835749,2980226.44285035
2013-10-09,EGX:ADIB,2.45346503,2.49878796,2.43835749,2.47461559,1378265.12226437
2013-10-10,EGX:ADIB,2.46252956,2.4776371,2.43533598,2.45044352,653991.17581218
2013-10-13,EGX:ADIB,2.46857257,2.48670163,2.441379,2.46252956,558896.29688963
2013-10-20,EGX:ADIB,2.4776371,2.50785219,2.43231447,2.4776371,1465675.09850157
2013-10-21,EGX:ADIB,2.29634658,2.50180917,2.29634658,2.4776371,1462914.88797634
2013-10-22,EGX:ADIB,2.4776371,2.50180917,2.45044352,2.47461559,891905.43698318
2013-10-23,EGX:ADIB,2.44742201,2.49576615,2.43533598,2.45950805,729685.15053942
2013-10-24,EGX:ADIB,2.45044352,2.50483068,2.4444005,2.47461559,749724.80848937
2013-10-27,EGX:ADIB,2.47461559,2.50483068,2.46252956,2.48065861,504979.52270917
2013-10-28,EGX:ADIB,2.45950805,2.46857257,2.40209938,2.43533598,827579.95524655
2013-10-29,EGX:ADIB,2.41720693,2.43231447,2.38699184,2.41418542,973768.51533035
2013-10-30,EGX:ADIB,2.42929296,2.44742201,2.4081424,2.42627145,368944.83060067
2013-10-31,EGX:ADIB,2.43533598,2.48972313,2.4081424,2.45044352,843555.41832243
2013-11-03,EGX:ADIB,2.47159408,2.47159408,2.41720693,2.43533598,418645.16807952
2013-11-04,EGX:ADIB,2.46857257,2.67705667,2.46857257,2.61964801,4497289.7773534
2013-11-06,EGX:ADIB,2.87949775,2.87949775,2.69518572,2.7586374,4574026.27763872
2013-11-07,EGX:ADIB,2.74957288,2.74957288,2.63173404,2.67101365,2549051.11044407
2013-11-10,EGX:ADIB,2.65892762,2.70425025,2.60151895,2.64684158,781348.08375144
2013-11-11,EGX:ADIB,2.65590611,2.67705667,2.57734689,2.63475555,669069.7359476
2013-11-12,EGX:ADIB,2.65892762,2.69216421,2.59849745,2.64382008,1113437.15366991
2013-11-13,EGX:ADIB,2.60454046,2.60454046,2.55921783,2.57734689,896148.35052436
2013-11-14,EGX:ADIB,2.60454046,2.62266952,2.53504576,2.55619632,600733.01301604
2013-11-17,EGX:ADIB,2.59547594,2.69518572,2.5833899,2.6528846,1947133.25885725
2013-11-18,EGX:ADIB,2.67403516,2.6861212,2.6528846,2.66497064,541110.47990812
2013-11-19,EGX:ADIB,2.65892762,2.67101365,2.62266952,2.64684158,1048386.86845003
2013-11-20,EGX:ADIB,2.6528846,2.68007818,2.6166265,2.64684158,1276478.22214036
2013-11-21,EGX:ADIB,2.62871253,2.62871253,2.60756197,2.62266952,583036.55536807
2013-11-24,EGX:ADIB,2.6498634,2.68309969,2.61360499,2.6498634,674487.55924473
2013-11-25,EGX:ADIB,2.6528846,2.67101365,2.5471318,2.58641141,1190306.03815309
2013-11-26,EGX:ADIB,2.56223934,2.56526085,2.49576615,2.52900275,1631833.81483145
2013-11-27,EGX:ADIB,2.55015331,2.5833899,2.47461559,2.50483068,1174466.26888001
2013-11-28,EGX:ADIB,2.4776371,2.54411029,2.4776371,2.51691671,485783.81402053
2013-12-01,EGX:ADIB,2.55619632,2.57130387,2.50785219,2.54108878,816416.65776262
2013-12-02,EGX:ADIB,2.51087369,2.55921783,2.47461559,2.50483068,480015.17259909
2013-12-03,EGX:ADIB,2.4776371,2.5138952,2.46857257,2.48368012,274938.81170546
2013-12-04,EGX:ADIB,2.49576615,2.50180917,2.47461559,2.48670163,218572.92986472
2013-12-05,EGX:ADIB,2.51087369,2.52295973,2.48065861,2.50483068,275028.17103901
2013-12-08,EGX:ADIB,2.52295973,2.59849745,2.51691671,2.55921783,1343239.57311749
2013-12-09,EGX:ADIB,2.53806727,2.56828236,2.49878796,2.52900275,297139.64168536
2013-12-10,EGX:ADIB,2.49576615,2.53806727,2.49576615,2.5138952,148260.3727802
2013-12-11,EGX:ADIB,2.55015331,2.55317482,2.5138952,2.54411029,139913.54910558
2013-12-12,EGX:ADIB,2.56526085,2.6166265,2.55921783,2.5833899,1013414.27298229
2013-12-15,EGX:ADIB,2.61964801,2.62569102,2.54411029,2.58641141,280965.6023127
2013-12-16,EGX:ADIB,2.55015331,2.58943292,2.53806727,2.55619632,474372.29616562
2013-12-17,EGX:ADIB,2.58943292,2.61058348,2.55619632,2.58036839,543595.9932228
2013-12-18,EGX:ADIB,2.57130387,2.61058348,2.56223934,2.59245443,501143.69057639
2013-12-19,EGX:ADIB,2.59245443,2.62871253,2.56828236,2.59849745,1119483.80190683
2013-12-22,EGX:ADIB,2.59849745,2.59849745,2.55317482,2.5833899,209150.48458255
2013-12-23,EGX:ADIB,2.54411029,2.55619632,2.52295973,2.53504576,427637.36471867
2013-12-24,EGX:ADIB,2.5138952,2.55921783,2.49274464,2.5138952,1087936.64755853
2013-12-25,EGX:ADIB,2.52900275,2.55619632,2.52295973,2.53504576,383927.41219265
2013-12-26,EGX:ADIB,2.5138952,2.53806727,2.50785219,2.51691671,334826.11320908
2013-12-29,EGX:ADIB,2.53202426,2.53202426,2.49274464,2.50483068,329054.1621827
2013-12-30,EGX:ADIB,2.49576615,2.52295973,2.47159408,2.48670163,804568.2720548
2013-12-31,EGX:ADIB,2.49274464,2.52295973,2.47461559,2.48670163,348501.40084726
2014-01-02,EGX:ADIB,2.52295973,2.52295973,2.49274464,2.50785219,335997.71336007
2014-01-05,EGX:ADIB,2.52598124,2.56223934,2.51993822,2.53806727,521276.01746484
2014-01-06,EGX:ADIB,2.52900275,2.62266952,2.49878796,2.56223934,902304.21572451
2014-01-08,EGX:ADIB,2.48972313,2.56828236,2.48972313,2.55317482,459939.10899473
2014-01-09,EGX:ADIB,2.56526085,2.59849745,2.53806727,2.55619632,583764.66845626
2014-01-12,EGX:ADIB,2.55317482,2.64079857,2.55317482,2.60756197,1179546.51247261
2014-01-14,EGX:ADIB,2.62266952,2.65892762,2.60151895,2.63777706,1192123.01126862
2014-01-15,EGX:ADIB,2.63475555,2.63475555,2.56828236,2.60151895,437969.95136107
2014-01-16,EGX:ADIB,2.62569102,2.62569102,2.54108878,2.55921783,302580.6322171
2014-01-19,EGX:ADIB,2.55317482,2.55317482,2.46555106,2.50180917,418830.50595652
2014-01-20,EGX:ADIB,2.48065861,2.5471318,2.46555106,2.49878796,534236.43043462
2014-01-21,EGX:ADIB,2.56223934,2.56223934,2.50483068,2.50785219,613822.50057872
2014-01-22,EGX:ADIB,2.53806727,2.55619632,2.51087369,2.54108878,326356.83415145
2014-01-23,EGX:ADIB,2.55921783,2.56828236,2.50483068,2.53806727,1235604.60105334
2014-01-26,EGX:ADIB,2.53806727,2.53806727,2.46857257,2.48368012,957395.89966092
2014-01-27,EGX:ADIB,2.48972313,2.51691671,2.47461559,2.48368012,950518.54058247
2014-01-28,EGX:ADIB,2.51691671,2.54411029,2.49274464,2.50785219,1189141.05721198
2014-01-29,EGX:ADIB,2.51993822,2.52295973,2.48368012,2.49878796,1381548.25037111
2014-01-30,EGX:ADIB,2.50785219,2.53202426,2.48670163,2.50785219,1967477.40046227
2014-02-02,EGX:ADIB,2.52900275,2.5471318,2.50483068,2.52598124,1525353.89489357
2014-02-03,EGX:ADIB,2.53806727,2.53806727,2.48972313,2.50180917,896820.20032846
2014-02-04,EGX:ADIB,2.50785219,2.50785219,2.45648654,2.47159408,778700.39979438
2014-02-05,EGX:ADIB,2.4776371,2.52295973,2.45044352,2.47461559,853470.99474159
2014-02-06,EGX:ADIB,2.49878796,2.71935779,2.49878796,2.67705667,11034692.85492589
2014-02-09,EGX:ADIB,2.79489551,2.79489551,2.67403516,2.73144383,2398761.94983178
2014-02-10,EGX:ADIB,2.6861212,2.71935779,2.60756197,2.65590611,2354006.16214272
2014-02-11,EGX:ADIB,2.65892762,2.67101365,2.61058348,2.64684158,1117785.97456937
2014-02-12,EGX:ADIB,2.70425025,2.71633628,2.63475555,2.66497064,1420032.3366869
2014-02-13,EGX:ADIB,2.68309969,2.68914271,2.62569102,2.6528846,1340780.53664237
2014-02-16,EGX:ADIB,2.64684158,2.6861212,2.58641141,2.61964801,643112.50435363
2014-02-17,EGX:ADIB,2.59849745,2.74352986,2.5833899,2.70122874,4515711.0384846
2014-02-18,EGX:ADIB,2.74957288,2.77978797,2.67403516,2.7223793,1427829.76594042
2014-02-19,EGX:ADIB,2.71935779,2.71935779,2.65892762,2.68309969,594573.83821094
2014-02-20,EGX:ADIB,2.66194913,2.74655137,2.64382008,2.69216421,2264411.84664096
2014-02-23,EGX:ADIB,2.71935779,2.77072344,2.65892762,2.72540111,2941513.99379327
2014-02-24,EGX:ADIB,2.66194913,2.68914271,2.64382008,2.66194913,1167565.74256694
2014-02-25,EGX:ADIB,2.67403516,2.67403516,2.55317482,2.60454046,2012497.95654703
2014-02-26,EGX:ADIB,2.55921783,2.59849745,2.54411029,2.56526085,1076131.28671502
2014-02-27,EGX:ADIB,2.62569102,2.65590611,2.58036839,2.60454046,365165.26175197
2014-03-02,EGX:ADIB,2.58943292,2.59849745,2.53202426,2.55619632,891617.50135285
2014-03-03,EGX:ADIB,2.55619632,2.55619632,2.46857257,2.48972313,634375.14729536
2014-03-04,EGX:ADIB,2.55619632,2.55921783,2.48670163,2.5138952,1065795.39046766
2014-03-05,EGX:ADIB,2.53806727,2.55317482,2.4776371,2.50180917,1149263.6272138
2014-03-06,EGX:ADIB,2.5138952,2.51691671,2.47159408,2.48670163,669953.40046827
2014-03-09,EGX:ADIB,2.46857257,2.48972313,2.46252956,2.47461559,517354.13560345
2014-03-10,EGX:ADIB,2.47159408,2.59849745,2.46857257,2.54108878,1726028.4812086
2014-03-11,EGX:ADIB,2.59547594,2.63475555,2.56526085,2.59547594,1945769.70161937
2014-03-12,EGX:ADIB,2.59849745,2.63475555,2.54411029,2.60454046,1187072.55412053
2014-03-13,EGX:ADIB,2.55619632,2.58943292,2.53202426,2.55015331,1349574.15698474
2014-03-16,EGX:ADIB,2.59849745,2.60454046,2.49576615,2.54411029,1093814.50594319
2014-03-17,EGX:ADIB,2.53806727,2.55317482,2.50785219,2.53202426,756800.7438646
2014-03-18,EGX:ADIB,2.56526085,2.56828236,2.51993822,2.54108878,2072640.09763152
2014-03-19,EGX:ADIB,2.56526085,2.56828236,2.52900275,2.55317482,379015.95845231
2014-03-20,EGX:ADIB,2.56223934,2.6861212,2.56223934,2.62266952,7975922.86748953
2014-03-23,EGX:ADIB,2.62871253,2.66194913,2.5471318,2.58641141,909330.50702554
2014-03-24,EGX:ADIB,2.55619632,2.57432568,2.52900275,2.55015331,817015.6962579
2014-03-25,EGX:ADIB,2.56828236,2.59849745,2.5471318,2.56526085,835460.12462373
2014-03-26,EGX:ADIB,2.55317482,2.57432568,2.55317482,2.56828236,816856.83522048
2014-03-27,EGX:ADIB,2.58036839,2.59849745,2.43533598,2.48972313,1265765.03092913
2014-03-30,EGX:ADIB,2.45346503,2.49274464,2.42929296,2.45950805,721162.91780265
2014-03-31,EGX:ADIB,2.4776371,2.4776371,2.28123904,2.37490581,599299.95407428
2014-04-01,EGX:ADIB,2.38094882,2.39303486,2.31145412,2.36281977,508371.86777914
2014-04-02,EGX:ADIB,2.38699184,2.38699184,2.18152925,2.27821753,900030.51712639
2014-04-03,EGX:ADIB,2.20570132,2.28123904,2.1271421,2.18757227,930584.7899908
2014-04-06,EGX:ADIB,2.24498093,2.24498093,2.01534627,2.11505606,372810.44917797
2014-04-07,EGX:ADIB,2.03045382,2.20570132,2.03045382,2.14527115,545704.21157361
2014-04-08,EGX:ADIB,2.17548623,2.26613149,2.15735718,2.22383037,612697.23489697
2014-04-09,EGX:ADIB,2.17548623,2.24498093,2.16037869,2.22987339,334385.93575122
2014-04-10,EGX:ADIB,2.23591641,2.28123904,2.23591641,2.25706697,736966.28142131
2014-04-13,EGX:ADIB,2.25706697,2.27217451,2.22685188,2.24800244,367991.66437613
2014-04-14,EGX:ADIB,2.23591641,2.25404546,2.21174434,2.2328949,209216.67668148
2014-04-15,EGX:ADIB,2.29634658,2.29634658,2.22383037,2.24195942,383569.97485845
2014-04-16,EGX:ADIB,2.26613149,2.29030356,2.24195942,2.26310998,264079.99787659
2014-04-17,EGX:ADIB,2.2328949,2.32656167,2.2328949,2.29634658,864948.70469542
2014-04-22,EGX:ADIB,2.32656167,2.3718843,2.29634658,2.32656167,378277.91654928
2014-04-23,EGX:ADIB,2.3023896,2.34166921,2.26613149,2.29936809,2641908.69642291
2014-04-27,EGX:ADIB,2.3023896,2.3023896,2.29634658,2.29634658,521110.53721752
2014-04-28,EGX:ADIB,2.28426055,2.31145412,2.26613149,2.28123904,596139.28135055
2014-04-29,EGX:ADIB,2.27821753,2.29936809,2.269153,2.28426055,232665.22772614
2014-04-30,EGX:ADIB,2.31145412,2.31749714,2.29030356,2.29936809,188846.05823689
2014-05-04,EGX:ADIB,2.29936809,2.29936809,2.27217451,2.28728205,1171600.1509965
2014-05-05,EGX:ADIB,2.28728205,2.32656167,2.26613149,2.28728205,2415687.26952725
2014-05-06,EGX:ADIB,2.29332507,2.29936809,2.26613149,2.29030356,1690774.56932042
2014-05-07,EGX:ADIB,2.29030356,2.29634658,2.26613149,2.28728205,1214055.76324786
2014-05-08,EGX:ADIB,2.28728205,2.28728205,2.22080886,2.24800244,1026523.61817466
2014-05-11,EGX:ADIB,2.22987339,2.3386477,2.22685188,2.29030356,2677940.36547347
2014-05-12,EGX:ADIB,2.32051865,2.33260468,2.28426055,2.30541111,351642.21594132
2014-05-13,EGX:ADIB,2.29030356,2.32051865,2.28426055,2.29634658,294730.24928444
2014-05-14,EGX:ADIB,2.30541111,2.35073374,2.29634658,2.30843261,1495488.019858
2014-05-15,EGX:ADIB,2.35375524,2.41418542,2.34166921,2.38397033,1498095.98855569
2014-05-18,EGX:ADIB,2.38397033,2.39605637,2.34469072,2.36584128,752534.66308879
2014-05-19,EGX:ADIB,2.38397033,2.46252956,2.35375524,2.42929296,1076399.36471567
2014-05-20,EGX:ADIB,2.47159408,2.50180917,2.38397033,2.4444005,1089766.85909384
2014-05-21,EGX:ADIB,2.41720693,2.46857257,2.38699184,2.441379,422636.55164478
2014-05-22,EGX:ADIB,2.4776371,2.50483068,2.41720693,2.46252956,1392605.64049676
2014-05-25,EGX:ADIB,2.44742201,2.50180917,2.42022844,2.46857257,275266.46259514
2014-05-26,EGX:ADIB,2.49576615,2.50785219,2.42325025,2.45044352,383851.29127888
2014-05-28,EGX:ADIB,2.43231447,2.43231447,2.32958318,2.40512089,742840.83020103
2014-05-29,EGX:ADIB,2.41720693,2.41720693,2.16642171,2.28123904,886788.78773617
2014-06-01,EGX:ADIB,2.23591641,2.23591641,2.06369041,2.12412059,363354.90784634
2014-06-02,EGX:ADIB,2.25102395,2.25102395,2.11505606,2.14829266,401623.86984061
2014-06-03,EGX:ADIB,2.17548623,2.26310998,2.14527115,2.1996583,217775.31507266
2014-06-04,EGX:ADIB,2.17548623,2.29936809,2.17548623,2.24800244,149101.01243656
2014-06-05,EGX:ADIB,2.32354016,2.38699184,2.29634658,2.33562619,524661.74332492
2014-06-09,EGX:ADIB,2.34166921,2.38699184,2.31145412,2.35073374,312724.57137757
2014-06-10,EGX:ADIB,2.35677675,2.38699184,2.32656167,2.34771223,90352.21503448
2014-06-11,EGX:ADIB,2.38699184,2.38699184,2.32656167,2.35073374,1322372.51393095
2014-06-12,EGX:ADIB,2.34166921,2.38397033,2.32656167,2.34469072,697995.68317842
2014-06-15,EGX:ADIB,2.32656167,2.36886279,2.31145412,2.31749714,77610.23599115
2014-06-16,EGX:ADIB,2.32051865,2.32051865,2.25404546,2.28123904,377586.2091155
2014-06-17,EGX:ADIB,2.26613149,2.29634658,2.23893792,2.26310998,127234.45255624
2014-06-18,EGX:ADIB,2.27821753,2.31749714,2.26613149,2.28728205,155647.41102038
2014-06-19,EGX:ADIB,2.24195942,2.26008848,2.20872283,2.23893792,290940.7516209
2014-06-22,EGX:ADIB,2.23893792,2.23893792,2.22080886,2.2328949,18964.0363424
2014-06-23,EGX:ADIB,2.28426055,2.28426055,2.19059378,2.20570132,67598.68102854
2014-06-24,EGX:ADIB,2.19059378,2.22080886,2.1634002,2.17548623,110100.62774915
2014-06-25,EGX:ADIB,2.16037869,2.21476585,2.16037869,2.18757227,207181.26963949
2014-06-26,EGX:ADIB,2.19059378,2.1996583,2.18455076,2.19663679,53350.83173464
2014-06-29,EGX:ADIB,2.15433567,2.16037869,2.14527115,2.15433567,146450.01887456
2014-06-30,EGX:ADIB,2.17246473,2.20570132,2.14527115,2.17246473,103540.99074555
2014-07-02,EGX:ADIB,2.19059378,2.20570132,2.12109908,2.17850774,77163.4393234
2014-07-03,EGX:ADIB,2.20267981,2.2328949,2.18455076,2.20267981,147806.95690255
2014-07-06,EGX:ADIB,2.17850774,2.22987339,2.17850774,2.20570132,164513.84267156
2014-07-07,EGX:ADIB,2.20570132,2.20570132,2.18455076,2.1996583,42971.91062299
2014-07-08,EGX:ADIB,2.21476585,2.23591641,2.20570132,2.20872283,730078.99352803
2014-07-09,EGX:ADIB,2.2328949,2.26613149,2.16642171,2.24195942,604558.91633398
2014-07-10,EGX:ADIB,2.19059378,2.27519602,2.17850774,2.24800244,650509.47140865
2014-07-13,EGX:ADIB,2.25102395,2.25102395,2.21476585,2.2328949,6453.72964532
2014-07-14,EGX:ADIB,2.19059378,2.21778736,2.19059378,2.20570132,39748.35540528
2014-07-15,EGX:ADIB,2.1996583,2.28123904,2.1996583,2.26613149,348756.24042813
2014-07-16,EGX:ADIB,2.23591641,2.32656167,2.22987339,2.29030356,838763.11036016
2014-07-17,EGX:ADIB,2.35375524,2.43231447,2.35375524,2.40512089,1268339.90357737
2014-07-20,EGX:ADIB,2.42022844,2.43835749,2.35073374,2.41116391,346548.73392894
2014-07-21,EGX:ADIB,2.37490581,2.37490581,2.34166921,2.35979826,284510.18921021
2014-07-22,EGX:ADIB,2.35677675,2.41720693,2.32656167,2.38397033,808735.06468222
2014-07-24,EGX:ADIB,2.41720693,2.44742201,2.41418542,2.42627145,809492.96421492
2014-07-27,EGX:ADIB,2.41720693,2.41720693,2.39001335,2.40209938,429007.54116644
2014-07-31,EGX:ADIB,2.40512089,2.43231447,2.38699184,2.39605637,386727.33797723
2014-08-03,EGX:ADIB,2.3718843,2.3718843,2.35677675,2.35979826,66063.02433345
2014-08-04,EGX:ADIB,2.33260468,2.41116391,2.33260468,2.37792731,341488.34796602
2014-08-05,EGX:ADIB,2.41418542,2.4776371,2.39303486,2.44742201,1317957.50093256
2014-08-06,EGX:ADIB,2.41720693,2.45346503,2.40512089,2.42022844,940311.71892803
2014-08-07,EGX:ADIB,2.441379,2.49274464,2.42627145,2.4776371,1042674.49031269
2014-08-10,EGX:ADIB,2.45346503,2.48368012,2.441379,2.44742201,460419.00171195
2014-08-11,EGX:ADIB,2.46252956,2.55015331,2.4444005,2.50785219,1531771.21888448
2014-08-12,EGX:ADIB,2.52295973,2.52295973,2.46252956,2.48670163,485423.06708138
2014-08-13,EGX:ADIB,2.48368012,2.52598124,2.42325025,2.49878796,826696.29072588
2014-08-14,EGX:ADIB,2.4776371,2.52900275,2.46252956,2.48972313,1183345.93895098
2014-08-17,EGX:ADIB,2.48368012,2.50785219,2.44742201,2.48972313,306472.72763397
2014-08-18,EGX:ADIB,2.44742201,2.53504576,2.43231447,2.49878796,1400558.62118276
2014-08-19,EGX:ADIB,2.46252956,2.50483068,2.41720693,2.45648654,1164431.54668277
2014-08-20,EGX:ADIB,2.48670163,2.49274464,2.43533598,2.45346503,485141.75066094
2014-08-21,EGX:ADIB,2.42627145,2.44742201,2.41720693,2.42325025,533554.65181568
2014-08-24,EGX:ADIB,2.48670163,2.48670163,2.44742201,2.45346503,60535.9840731
2014-08-25,EGX:ADIB,2.44742201,2.4776371,2.41720693,2.43835749,745379.29719485
2014-08-26,EGX:ADIB,2.42022844,2.4776371,2.41720693,2.4444005,256957.72803211
2014-08-27,EGX:ADIB,2.45648654,2.45648654,2.43533598,2.4444005,217000.86751522
2014-08-28,EGX:ADIB,2.43835749,2.46555106,2.43231447,2.441379,261339.64498104
2014-08-31,EGX:ADIB,2.441379,2.4776371,2.43231447,2.43835749,235329.45970793
2014-09-01,EGX:ADIB,2.43231447,2.44742201,2.41116391,2.42325025,297463.9829701
2014-09-02,EGX:ADIB,2.441379,2.47461559,2.43231447,2.45346503,709973.14347915
2014-09-03,EGX:ADIB,2.4776371,2.55921783,2.4776371,2.51691671,2000950.74488933
2014-09-04,EGX:ADIB,2.53202426,2.5471318,2.47159408,2.48670163,1085884.69249181
2014-09-07,EGX:ADIB,2.5138952,2.60151895,2.5138952,2.56223934,1712038.78110052
2014-09-08,EGX:ADIB,2.55317482,2.56526085,2.48065861,2.52295973,856886.50704619
2014-09-09,EGX:ADIB,2.4776371,2.52295973,2.45648654,2.48670163,498701.202126
2014-09-10,EGX:ADIB,2.46555106,2.46555106,2.3718843,2.43231447,591846.72373517
2014-09-11,EGX:ADIB,2.4081424,2.4081424,2.31749714,2.34166921,904134.42725983
2014-09-14,EGX:ADIB,2.36281977,2.36281977,2.29634658,2.31749714,568957.49592644
2014-09-15,EGX:ADIB,2.36281977,2.44742201,2.32354016,2.36886279,815499.89719249
2014-09-16,EGX:ADIB,2.38699184,2.38699184,2.32656167,2.36281977,325350.71424777
2014-09-17,EGX:ADIB,2.35677675,2.38094882,2.32656167,2.34166921,435007.85493412
2014-09-18,EGX:ADIB,2.36281977,2.441379,2.35677675,2.40512089,1094711.40888364
2014-09-21,EGX:ADIB,2.41418542,2.41418542,2.32354016,2.34166921,418168.58496725
2014-09-22,EGX:ADIB,2.38397033,2.38397033,2.29030356,2.31145412,1064984.53725582
2014-09-23,EGX:ADIB,2.33562619,2.36281977,2.32354016,2.34469072,215951.72274724
2014-09-24,EGX:ADIB,2.33562619,2.35979826,2.31145412,2.3386477,301008.5698676
2014-09-25,EGX:ADIB,2.3023896,2.35375524,2.269153,2.29634658,715294.98823283
2014-09-28,EGX:ADIB,2.27821753,2.28426055,2.26613149,2.27519602,213565.49758094
2014-09-29,EGX:ADIB,2.28728205,2.33260468,2.28728205,2.31447563,531214.76111863
2014-09-30,EGX:ADIB,2.35073374,2.35677675,2.32051865,2.34166921,252277.94663802
2014-10-01,EGX:ADIB,2.32656167,2.3386477,2.31145412,2.32051865,133946.33138737
2014-10-02,EGX:ADIB,2.34469072,2.34469072,2.30843261,2.32354016,108439.2060661
2014-10-08,EGX:ADIB,2.29634658,2.3718843,2.29634658,2.34469072,199724.72969544
2014-10-09,EGX:ADIB,2.33562619,2.3386477,2.29634658,2.31145412,203299.10303746
2014-10-12,EGX:ADIB,2.3023896,2.3023896,2.11505606,2.21778736,794348.21198057
2014-10-13,EGX:ADIB,2.16037869,2.21174434,2.13318511,2.18455076,259009.68309883
2014-10-14,EGX:ADIB,2.16037869,2.18152925,2.03045382,2.11505606,538161.62190095
2014-10-15,EGX:ADIB,2.1634002,2.19059378,2.1301636,2.17850774,528156.68614823
2014-10-16,EGX:ADIB,2.1301636,2.1301636,1.96398063,2.01836778,638512.15347825
2014-10-19,EGX:ADIB,2.00930326,2.08484097,1.97002365,2.01534627,267651.06161367
2014-10-20,EGX:ADIB,1.99721722,2.05462589,1.96700214,2.02743231,139996.28922924
2014-10-21,EGX:ADIB,2.03951834,2.14527115,2.03951834,2.10599153,848155.76919781
2014-10-22,EGX:ADIB,2.11505606,2.13922813,2.09994852,2.11203455,511168.48395878
2014-10-23,EGX:ADIB,2.08484097,2.11505606,2.05462589,2.0939055,171933.97696121
2014-10-26,EGX:ADIB,2.05462589,2.11203455,2.00628175,2.03649684,439224.29163573
2014-10-27,EGX:ADIB,2.00930326,2.0244108,1.96095912,1.98210968,773868.37657276
2014-10-28,EGX:ADIB,1.96398063,2.11505606,1.96398063,2.07577645,1181724.23252728
2014-10-29,EGX:ADIB,2.11505606,2.11505606,2.0576474,2.08786248,436010.66523285
2014-10-30,EGX:ADIB,2.0606689,2.14527115,2.05462589,2.10901304,1435541.14546534
2014-11-02,EGX:ADIB,2.09994852,2.11807757,2.0939055,2.11203455,795225.25729135
2014-11-03,EGX:ADIB,2.11807757,2.15735718,2.08786248,2.12109908,788384.30386731
2014-11-04,EGX:ADIB,2.16037869,2.19059378,2.10297003,2.14829266,1205841.3237711
2014-11-05,EGX:ADIB,2.12412059,2.14829266,2.10901304,2.12412059,681434.42002705
2014-11-06,EGX:ADIB,2.15131416,2.16037869,2.08786248,2.11505606,251907.27088403
2014-11-09,EGX:ADIB,2.1301636,2.13318511,2.09692701,2.11807757,619908.864075
2014-11-10,EGX:ADIB,2.13922813,2.25706697,2.13922813,2.21174434,2904284.24775215
2014-11-11,EGX:ADIB,2.24195942,2.29332507,2.21174434,2.25706697,1228747.09960457
2014-11-12,EGX:ADIB,2.21174434,2.25706697,2.13922813,2.17850774,671369.9113853
2014-11-13,EGX:ADIB,2.14527115,2.16642171,2.11505606,2.13922813,1282326.29408051
2014-11-16,EGX:ADIB,2.1996583,2.1996583,2.10297003,2.12412059,736718.06105034
2014-11-17,EGX:ADIB,2.11505606,2.15131416,2.07879796,2.11203455,931157.35164651
2014-11-18,EGX:ADIB,2.16037869,2.16037869,2.11505606,2.14224964,1370560.36194934
2014-11-19,EGX:ADIB,2.09692701,2.23591641,2.0939055,2.17246473,1285397.60747069
2014-11-20,EGX:ADIB,2.20570132,2.22383037,2.15735718,2.19361529,567746.18051609
2014-11-23,EGX:ADIB,2.15433567,2.18455076,2.13922813,2.15433567,556440.57001946
2014-11-24,EGX:ADIB,2.14527115,2.1634002,2.10599153,2.12412059,555745.55298074
2014-11-25,EGX:ADIB,2.10599153,2.14829266,2.10599153,2.13318511,281114.53453529
2014-11-26,EGX:ADIB,2.16037869,2.19361529,2.13318511,2.16037869,368872.01929185
2014-11-27,EGX:ADIB,2.14527115,2.17548623,2.14527115,2.1634002,168290.10191531
2014-11-30,EGX:ADIB,2.17548623,2.19361529,2.13620662,2.16037869,331794.51507825
2014-12-01,EGX:ADIB,2.14829266,2.16037869,2.1301636,2.15433567,124057.23180778
2014-12-02,EGX:ADIB,2.15433567,2.15433567,2.12109908,2.13922813,403159.5265357
2014-12-03,EGX:ADIB,2.14527115,2.16944322,2.13620662,2.14829266,96144.02369053
2014-12-04,EGX:ADIB,2.15131416,2.19663679,2.14829266,2.17850774,358364.02358729
2014-12-07,EGX:ADIB,2.19059378,2.23591641,2.19059378,2.20872283,870121.61722652
2014-12-08,EGX:ADIB,2.19361529,2.23591641,2.18757227,2.20872283,984150.74604695
2014-12-09,EGX:ADIB,2.20267981,2.20872283,2.16944322,2.19361529,1168052.25449405
2014-12-10,EGX:ADIB,2.1996583,2.20267981,2.16037869,2.17850774,274458.91898824
2014-12-11,EGX:ADIB,2.16037869,2.16037869,2.11807757,2.13620662,595540.24285526
2014-12-14,EGX:ADIB,2.11505606,2.14224964,1.97606666,2.05462589,411036.38630794
2014-12-15,EGX:ADIB,2.0244108,2.09994852,1.98513119,2.03951834,150772.36293445
2014-12-16,EGX:ADIB,2.04556136,2.07879796,1.97908817,2.0244108,172208.67417175
2014-12-17,EGX:ADIB,2.03951834,2.03951834,1.85218481,1.92772252,616738.26253643
2014-12-18,EGX:ADIB,1.96095912,2.00930326,1.93980856,1.96700214,564516.00608848
2014-12-21,EGX:ADIB,2.00628175,2.13318511,1.99419571,2.0606689,723277.75536334
2014-12-22,EGX:ADIB,2.0244108,2.20570132,2.0244108,2.15735718,1298212.39782283
2014-12-23,EGX:ADIB,2.15735718,2.29332507,2.15433567,2.25404546,2419569.43612928
2014-12-24,EGX:ADIB,2.25102395,2.29030356,2.23893792,2.269153,1035757.41597488
2014-12-25,EGX:ADIB,2.28123904,2.28123904,2.18455076,2.25102395,509844.64198026
2014-12-28,EGX:ADIB,2.18757227,2.19361529,2.16642171,2.18152925,343867.95392242
2014-12-29,EGX:ADIB,2.22383037,2.23591641,2.18152925,2.2328949,446114.88913396
2014-12-30,EGX:ADIB,2.19361529,2.2328949,2.17246473,2.18757227,228882.3492725
2014-12-31,EGX:ADIB,2.22383037,2.26613149,2.17548623,2.22383037,2427565.44167958
2015-01-04,EGX:ADIB,2.19059378,2.23591641,2.18152925,2.19663679,167446.152654
2015-01-05,EGX:ADIB,2.19059378,2.22080886,2.18455076,2.20267981,338082.76447626
2015-01-06,EGX:ADIB,2.18152925,2.34771223,2.14527115,2.26008848,2062069.21943298
2015-01-08,EGX:ADIB,2.34166921,2.35375524,2.28426055,2.32656167,447875.5989654
2015-01-11,EGX:ADIB,2.32656167,2.35375524,2.21778736,2.27217451,810737.37567474
2015-01-12,EGX:ADIB,2.29634658,2.30541111,2.23591641,2.25706697,180459.51930292
2015-01-13,EGX:ADIB,2.23893792,2.29634658,2.20570132,2.26008848,455358.61574903
2015-01-14,EGX:ADIB,2.22987339,2.41720693,2.22987339,2.35073374,1695404.70664032
2015-01-15,EGX:ADIB,2.32656167,2.42325025,2.32656167,2.38699184,1597612.49968652
2015-01-18,EGX:ADIB,2.34469072,2.41418542,2.32656167,2.37792731,1687951.47630122
2015-01-19,EGX:ADIB,2.35677675,2.41116391,2.35677675,2.39303486,432224.47717426
2015-01-20,EGX:ADIB,2.41116391,2.45044352,2.38397033,2.40209938,1603864.34343012
2015-01-21,EGX:ADIB,2.4081424,2.4444005,2.39001335,2.42022844,546442.25347664
2015-01-22,EGX:ADIB,2.441379,2.44742201,2.39303486,2.42325025,471866.92522126
2015-01-26,EGX:ADIB,2.42929296,2.50785219,2.40512089,2.48065861,1853024.64220871
2015-01-27,EGX:ADIB,2.50483068,2.52900275,2.46555106,2.49576615,1789665.5651164
2015-01-28,EGX:ADIB,2.441379,2.50180917,2.42022844,2.45648654,976767.01741172
2015-01-29,EGX:ADIB,2.42022844,2.45950805,2.42022844,2.441379,266932.87734032
2015-02-01,EGX:ADIB,2.42325025,2.44742201,2.40209938,2.42627145,507653.68350579
2015-02-02,EGX:ADIB,2.41720693,2.47461559,2.39303486,2.43533598,519164.48950909
2015-02-03,EGX:ADIB,2.47159408,2.51691671,2.46252956,2.50180917,842079.33451637
2015-02-04,EGX:ADIB,2.50483068,2.54411029,2.50483068,2.52598124,851905.55160198
2015-02-05,EGX:ADIB,2.53504576,2.55317482,2.48670163,2.53504576,1310553.91466765
2015-02-08,EGX:ADIB,2.55317482,2.55317482,2.50785219,2.5138952,456993.56059251
2015-02-09,EGX:ADIB,2.5138952,2.5138952,2.4776371,2.49878796,247604.78445382
2015-02-10,EGX:ADIB,2.51087369,2.53806727,2.48972313,2.51087369,932487.81283493
2015-02-11,EGX:ADIB,2.48065861,2.50785219,2.4776371,2.48368012,504688.27747389
2015-02-12,EGX:ADIB,2.46252956,2.5138952,2.45648654,2.49274464,263106.97402237
2015-02-15,EGX:ADIB,2.49274464,2.49878796,2.4776371,2.49274464,460366.0480328
2015-02-16,EGX:ADIB,2.4776371,2.53806727,2.39001335,2.45648654,565955.68424013
2015-02-17,EGX:ADIB,2.47159408,2.47159408,2.38699184,2.41720693,832064.46994881
2015-02-18,EGX:ADIB,2.4776371,2.4776371,2.41720693,2.42325025,547213.39142913
2015-02-19,EGX:ADIB,2.43231447,2.43835749,2.39001335,2.41418542,687011.10436159
2015-02-22,EGX:ADIB,2.41720693,2.44742201,2.41720693,2.42929296,281667.23856132
2015-02-23,EGX:ADIB,2.42325025,2.44742201,2.41720693,2.42325025,301140.95406546
2015-02-24,EGX:ADIB,2.42325025,2.441379,2.40209938,2.42022844,11583.61731211
2015-02-25,EGX:ADIB,2.42325025,2.44742201,2.40209938,2.42627145,944217.05276468
2015-02-26,EGX:ADIB,2.39303486,2.39605637,2.38699184,2.39001335,44517.49613292
2015-03-01,EGX:ADIB,2.38699184,2.4776371,2.38699184,2.43835749,207442.72843025
2015-03-02,EGX:ADIB,2.43835749,2.4776371,2.43835749,2.47461559,112867.45748428
2015-03-03,EGX:ADIB,2.46252956,2.4776371,2.41720693,2.441379,265642.13141125
2015-03-04,EGX:ADIB,2.42627145,2.48065861,2.41720693,2.47461559,171910.80972659
2015-03-05,EGX:ADIB,2.49274464,2.49274464,2.43835749,2.45648654,150206.42048863
2015-03-08,EGX:ADIB,2.4776371,2.4776371,2.44742201,2.4776371,13185.46610613
2015-03-09,EGX:ADIB,2.44742201,2.49576615,2.4444005,2.48065861,231295.05127837
2015-03-10,EGX:ADIB,2.50785219,2.50785219,2.44742201,2.48670163,327435.76536395
2015-03-11,EGX:ADIB,2.43231447,2.45346503,2.43231447,2.45044352,29028.54498415
2015-03-12,EGX:ADIB,2.4776371,2.4776371,2.44742201,2.46252956,121740.50834535
2015-03-15,EGX:ADIB,2.4776371,2.50785219,2.41720693,2.43835749,1330994.03481611
2015-03-16,EGX:ADIB,2.43835749,2.51691671,2.42325025,2.48670163,809165.31332524
2015-03-17,EGX:ADIB,2.50785219,2.53504576,2.50180917,2.51691671,251099.72727713
2015-03-18,EGX:ADIB,2.52295973,2.52900275,2.4444005,2.48368012,559190.85172985
2015-03-19,EGX:ADIB,2.45346503,2.50785219,2.45044352,2.47159408,28793.56303296
2015-03-22,EGX:ADIB,2.46555106,2.48368012,2.46252956,2.47159408,118616.24127603
2015-03-23,EGX:ADIB,2.45648654,2.49274464,2.44742201,2.47461559,252618.83594749
2015-03-24,EGX:ADIB,2.48368012,2.48368012,2.44742201,2.47461559,157216.16376493
2015-03-25,EGX:ADIB,2.4776371,2.4776371,2.40209938,2.42022844,175147.60336408
2015-03-26,EGX:ADIB,2.40209938,2.40209938,2.28426055,2.36281977,113023.00891675
2015-03-29,EGX:ADIB,2.34469072,2.34469072,2.28728205,2.32051865,82511.76091665
2015-03-30,EGX:ADIB,2.41418542,2.41720693,2.35677675,2.41116391,187489.1202089
2015-03-31,EGX:ADIB,2.41116391,2.42325025,2.35677675,2.3718843,245738.1672641
2015-04-01,EGX:ADIB,2.3718843,2.3718843,2.33260468,2.36281977,85007.20304617
2015-04-02,EGX:ADIB,2.38699184,2.38699184,2.38699184,2.38699184,19857.62967791
2015-04-05,EGX:ADIB,2.35677675,2.35677675,2.29332507,2.31447563,40476.46849347
2015-04-06,EGX:ADIB,2.26613149,2.29332507,2.21476585,2.25706697,54323.85558886
2015-04-07,EGX:ADIB,2.29030356,2.32656167,2.29030356,2.31447563,17312.54347419
2015-04-08,EGX:ADIB,2.30541111,2.38094882,2.30541111,2.35375524,23597.48326725
2015-04-09,EGX:ADIB,2.29936809,2.34166921,2.29634658,2.29936809,163848.61207735
2015-04-14,EGX:ADIB,2.31145412,2.31145412,2.31145412,2.31145412,8826.71639183
2015-04-15,EGX:ADIB,2.35073374,2.35073374,2.29634658,2.34469072,221687.2681192
2015-04-16,EGX:ADIB,2.29936809,2.33260468,2.29634658,2.31447563,28628.08278565
2015-04-19,EGX:ADIB,2.35375524,2.35677675,2.29634658,2.32958318,18699.2679467
2015-04-20,EGX:ADIB,2.29634658,2.3023896,2.29634658,2.29634658,10412.01716112
2015-04-21,EGX:ADIB,2.29634658,2.29634658,2.27519602,2.29634658,54793.81949124
2015-04-22,EGX:ADIB,2.29634658,2.35073374,2.29634658,2.31749714,69475.2270331
2015-04-23,EGX:ADIB,2.34166921,2.3718843,2.31749714,2.31749714,992.8814839
2015-04-26,EGX:ADIB,2.29936809,2.31145412,2.28728205,2.3023896,57368.69213947
2015-04-27,EGX:ADIB,2.27821753,2.27821753,2.22685188,2.26613149,40618.78150616
2015-04-29,EGX:ADIB,2.25102395,2.35073374,2.25102395,2.31749714,12212.44225191
2015-04-30,EGX:ADIB,2.23591641,2.36886279,2.23591641,2.3023896,76491.5895193
2015-05-03,EGX:ADIB,2.26613149,2.26613149,2.23591641,2.23893792,31874.80523799
2015-05-04,EGX:ADIB,2.20570132,2.32958318,2.20570132,2.24498093,9928.81483895
2015-05-05,EGX:ADIB,2.32354016,2.32656167,2.23893792,2.28728205,146317.63467671
2015-05-06,EGX:ADIB,2.25404546,2.29634658,2.25404546,2.26310998,9568.0678998
2015-05-07,EGX:ADIB,2.28728205,2.29030356,2.25102395,2.27217451,11749.09755943
2015-05-10,EGX:ADIB,2.28123904,2.28123904,2.21174434,2.24195942,14893.22225843
2015-05-11,EGX:ADIB,2.27821753,2.28123904,2.23591641,2.24800244,33625.58625459
2015-05-13,EGX:ADIB,2.22080886,2.22080886,2.03045382,2.1301636,47559.02307859
2015-05-14,EGX:ADIB,2.11505606,2.12109908,2.05462589,2.10599153,243206.31948016
2015-05-17,EGX:ADIB,2.14224964,2.26008848,2.11505606,2.13318511,4997.50346894
2015-05-18,EGX:ADIB,2.2328949,2.34469072,2.2328949,2.31749714,420342.99541698
2015-05-19,EGX:ADIB,2.28123904,2.31145412,2.20570132,2.27217451,46334.46924845
2015-05-20,EGX:ADIB,2.26613149,2.26613149,2.19361529,2.22080886,153539.19266958
2015-05-21,EGX:ADIB,2.24498093,2.26008848,2.20267981,2.23591641,199651.91838662
2015-05-24,EGX:ADIB,2.20872283,2.23591641,2.20570132,2.21778736,126463.31460375
2015-05-25,EGX:ADIB,2.22383037,2.24800244,2.20570132,2.21174434,85387.807615
2015-05-26,EGX:ADIB,2.20872283,2.22080886,2.20570132,2.20872283,28561.89068672
2015-05-27,EGX:ADIB,2.20872283,2.2328949,2.19361529,2.20570132,242190.27076164
2015-05-28,EGX:ADIB,2.19361529,2.19361529,2.11505606,2.15131416,229289.4306809
2015-06-02,EGX:ADIB,2.09994852,2.16642171,2.09994852,2.1271421,576854.21332835
2015-06-03,EGX:ADIB,2.11505606,2.13922813,2.08484097,2.11203455,146790.90818403
2015-06-04,EGX:ADIB,2.09994852,2.09994852,2.06973343,2.08484097,77921.33885611
2015-06-07,EGX:ADIB,2.08484097,2.09994852,2.08484097,2.0939055,4964.40741948
2015-06-08,EGX:ADIB,2.06973343,2.06973343,2.03951834,2.06369041,31520.67750873
2015-06-09,EGX:ADIB,2.05462589,2.06973343,2.05462589,2.0606689,5119.95885195
2015-06-10,EGX:ADIB,2.08484097,2.08786248,1.96398063,2.04253985,257169.54274868
2015-06-11,EGX:ADIB,1.96398063,2.00930326,1.96398063,1.99721722,89028.37305595
2015-06-14,EGX:ADIB,1.99419571,2.02138929,1.99419571,2.00628175,40708.14083971
2015-06-15,EGX:ADIB,2.01232477,2.01534627,1.99419571,2.00930326,69005.26313073
2015-06-16,EGX:ADIB,2.01836778,2.01836778,2.00326024,2.01232477,29541.53375083
2015-06-17,EGX:ADIB,2.08181947,2.08181947,2.00930326,2.07577645,93198.47528831
2015-06-18,EGX:ADIB,2.03045382,2.05462589,2.02138929,2.02743231,28859.75513189
2015-06-21,EGX:ADIB,2.01534627,2.01836778,1.97002365,1.99419571,424456.83436526
2015-06-22,EGX:ADIB,1.96700214,1.96700214,1.94585158,1.96398063,263414.76728238
2015-06-23,EGX:ADIB,1.93376554,1.96095912,1.93376554,1.93980856,12463.97222783
2015-06-24,EGX:ADIB,2.00628175,2.00628175,1.87333537,1.88239989,269037.78608617
2015-06-25,EGX:ADIB,1.85822782,1.918658,1.81290519,1.86427084,253353.56824557
2015-06-28,EGX:ADIB,1.88844291,1.93678705,1.87333537,1.90052895,63047.97422735
2015-06-29,EGX:ADIB,1.88844291,1.96095912,1.87333537,1.89146442,118003.96436096
2015-07-02,EGX:ADIB,1.93376554,1.93376554,1.93376554,1.93376554,6288.249398
2015-07-05,EGX:ADIB,1.90355045,1.90355045,1.76456106,1.79779765,171940.5961711
2015-07-06,EGX:ADIB,1.78269011,1.88844291,1.78269011,1.86729235,524903.344486
2015-07-07,EGX:ADIB,1.87333537,1.87333537,1.80988369,1.8159267,57163.4966328
2015-07-08,EGX:ADIB,1.84312028,1.88844291,1.81290519,1.85520632,420273.49371311
2015-07-09,EGX:ADIB,1.8159267,1.90355045,1.81290519,1.87333537,75214.08201002
2015-07-12,EGX:ADIB,1.84312028,1.84312028,1.81290519,1.83103425,39715.25935581
2015-07-13,EGX:ADIB,1.8159267,1.8159267,1.76456106,1.79477614,104186.36371008
2015-07-14,EGX:ADIB,1.84312028,1.86729235,1.84312028,1.85822782,22680.72269712
2015-07-15,EGX:ADIB,1.85822782,1.90355045,1.85822782,1.88239989,21333.71348396
2015-07-16,EGX:ADIB,1.88844291,1.95793761,1.86427084,1.89448593,164983.80657394
2015-07-21,EGX:ADIB,1.86729235,1.94887308,1.83103425,1.87031386,435785.6120965
2015-07-22,EGX:ADIB,1.87635688,1.94887308,1.85822782,1.90959347,106403.79902412
2015-07-26,EGX:ADIB,1.96398063,1.97908817,1.92167951,1.9549161,135611.06267537
2015-07-27,EGX:ADIB,1.88844291,1.90052895,1.88844291,1.89448593,90173.49636737
2015-07-28,EGX:ADIB,1.90355045,1.918658,1.90355045,1.90355045,122587.76721161
2015-07-29,EGX:ADIB,1.918658,1.96398063,1.89750744,1.91563649,272727.99560132
2015-07-30,EGX:ADIB,1.93980856,1.96398063,1.93376554,1.94887308,77775.71623847
2015-08-02,EGX:ADIB,1.91563649,1.9549161,1.91261498,1.92470102,110838.66965218
2015-08-04,EGX:ADIB,1.91563649,1.93376554,1.91563649,1.92772252,58745.48779714
2015-08-05,EGX:ADIB,1.918658,1.93980856,1.82801274,1.87333537,80559.09399832
2015-08-09,EGX:ADIB,1.84009877,1.84009877,1.78269011,1.8159267,231765.01518074
2015-08-10,EGX:ADIB,1.81290519,1.84312028,1.81290519,1.81290519,154197.80405389
2015-08-11,EGX:ADIB,1.81290519,1.81290519,1.78269011,1.80081916,157868.15593936
2015-08-12,EGX:ADIB,1.77060407,1.77362558,1.72830295,1.75247502,164603.20200512
2015-08-13,EGX:ADIB,1.73736748,1.80988369,1.73736748,1.74945351,244996.81575612
2015-08-16,EGX:ADIB,1.73132446,1.74945351,1.67995881,1.70715239,106297.89166583
2015-08-17,EGX:ADIB,1.71923843,1.75247502,1.69506636,1.72225994,30054.52251751
2015-08-18,EGX:ADIB,1.67693731,1.67693731,1.6044211,1.63161468,252314.35229243
2015-08-19,EGX:ADIB,1.61046411,1.62859317,1.58024903,1.59837808,98636.15621511
2015-08-20,EGX:ADIB,1.55909847,1.56816299,1.51981885,1.54399092,295034.7329395
2015-08-23,EGX:ADIB,1.52284036,1.53190489,1.44428114,1.51377584,733425.00412875
2015-08-24,EGX:ADIB,1.51377584,1.51377584,1.42010907,1.45032416,171983.6210354
2015-08-25,EGX:ADIB,1.50471131,1.54096942,1.50471131,1.51679735,74565.39944054
2015-08-26,EGX:ADIB,1.5349264,1.55607696,1.51075433,1.52284036,35283.69833269
2015-08-27,EGX:ADIB,1.56816299,1.5711845,1.51075433,1.53190489,228227.04749313
2015-08-30,EGX:ADIB,1.54701243,1.56816299,1.5349264,1.55003394,19692.14943059
2015-08-31,EGX:ADIB,1.52586187,1.62255015,1.52586187,1.59535657,70484.65654173
2015-09-01,EGX:ADIB,1.54096942,1.56816299,1.51075433,1.52586187,261568.00772233
2015-09-02,EGX:ADIB,1.52586187,1.55909847,1.52586187,1.54399092,77643.33204062
2015-09-03,EGX:ADIB,1.57722752,1.63161468,1.55909847,1.61046411,127419.79043323
2015-09-07,EGX:ADIB,1.61952864,1.61952864,1.53190489,1.56211998,157285.66546881
2015-09-08,EGX:ADIB,1.55607696,1.55607696,1.51981885,1.52586187,25431.00440751
2015-09-09,EGX:ADIB,1.5349264,1.5711845,1.52888338,1.55305545,26675.41586732
2015-09-10,EGX:ADIB,1.53190489,1.53794791,1.52586187,1.53190489,69501.70387267
2015-09-13,EGX:ADIB,1.53190489,1.53190489,1.52284036,1.52888338,12411.01854869
2015-09-14,EGX:ADIB,1.52888338,1.57722752,1.52888338,1.56816299,228584.48482733
2015-09-15,EGX:ADIB,1.55607696,1.57420601,1.52586187,1.55909847,221776.62745276
2015-09-16,EGX:ADIB,1.56211998,1.60139959,1.54096942,1.56514148,207608.20867757
2015-09-17,EGX:ADIB,1.55607696,1.55607696,1.52586187,1.54096942,58930.82567413
2015-09-20,EGX:ADIB,1.52586187,1.52586187,1.52586187,1.52586187,1985.76296779
2015-09-21,EGX:ADIB,1.54096942,1.54096942,1.53794791,1.53794791,14893.22225843
2015-09-22,EGX:ADIB,1.54096942,1.54701243,1.52284036,1.5349264,128187.61878078
2015-09-28,EGX:ADIB,1.54399092,1.54399092,1.51981885,1.52888338,117160.01509965
2015-09-29,EGX:ADIB,1.51981885,1.5349264,1.51075433,1.52586187,525158.18406687
2015-09-30,EGX:ADIB,1.52284036,1.52284036,1.48658226,1.51679735,234028.78496402
2015-10-01,EGX:ADIB,1.51075433,1.51377584,1.48960377,1.51075433,53009.94242517
2015-10-04,EGX:ADIB,1.50773282,1.50773282,1.48053924,1.48960377,100082.45357665
2015-10-05,EGX:ADIB,1.49262528,1.49262528,1.45334566,1.47449623,17762.64974689
2015-10-07,EGX:ADIB,1.50773282,1.52586187,1.46845321,1.51075433,107777.28507684
2015-10-08,EGX:ADIB,1.5349264,1.54701243,1.50773282,1.51981885,410199.05625652
2015-10-11,EGX:ADIB,1.55305545,1.58327054,1.51981885,1.54701243,1109511.96220358
2015-10-12,EGX:ADIB,1.58024903,1.6044211,1.55909847,1.59535657,805888.80442838
2015-10-13,EGX:ADIB,1.59233506,1.62859317,1.55607696,1.59837808,405651.65906028
2015-10-15,EGX:ADIB,1.61650713,1.61650713,1.57722752,1.58629205,71288.89054369
2015-10-18,EGX:ADIB,1.5711845,1.60139959,1.56514148,1.58629205,92668.9384969
2015-10-19,EGX:ADIB,1.59535657,1.6044211,1.58629205,1.60139959,372810.44917797
2015-10-20,EGX:ADIB,1.61348562,1.61650713,1.5711845,1.60139959,364761.48994852
2015-10-21,EGX:ADIB,1.60139959,1.6044211,1.5711845,1.59837808,401779.42127309
2015-10-22,EGX:ADIB,1.5711845,1.58629205,1.5711845,1.57722752,6811.16697952
2015-10-25,EGX:ADIB,1.5711845,1.60744261,1.5711845,1.60139959,173089.02908747
2015-10-26,EGX:ADIB,1.5711845,1.59233506,1.55607696,1.56816299,11087.17657016
2015-10-27,EGX:ADIB,1.55607696,1.5711845,1.55607696,1.5711845,7943.05187116
2015-10-28,EGX:ADIB,1.55909847,1.55909847,1.51679735,1.5349264,96868.82717378
2015-10-29,EGX:ADIB,1.53190489,1.58629205,1.53190489,1.5711845,74350.27511903
2015-11-01,EGX:ADIB,1.5711845,1.5711845,1.51981885,1.55003394,105083.26665054
2015-11-02,EGX:ADIB,1.51981885,1.58629205,1.51981885,1.58327054,262441.74342816
2015-11-03,EGX:ADIB,1.58024903,1.58327054,1.54096942,1.58327054,4663.23336936
2015-11-04,EGX:ADIB,1.52586187,1.58327054,1.52586187,1.58327054,661.92098926
2015-11-05,EGX:ADIB,1.58327054,1.58327054,1.54701243,1.55909847,30117.40501149
2015-11-08,EGX:ADIB,1.55003394,1.55003394,1.43521661,1.51377584,118851.22322722
2015-11-09,EGX:ADIB,1.5016898,1.54399092,1.48960377,1.48960377,45176.10751724
2015-11-10,EGX:ADIB,1.47147472,1.47147472,1.42313058,1.44730265,53294.56845056
2015-11-11,EGX:ADIB,1.42010907,1.49564679,1.42010907,1.4321951,92867.51479368
2015-11-12,EGX:ADIB,1.51075433,1.51075433,1.4654317,1.49866829,167796.97077831
2015-11-15,EGX:ADIB,1.39291549,1.39291549,1.37176493,1.38385097,14893.22225843
2015-11-16,EGX:ADIB,1.38082946,1.395937,1.3627004,1.38082946,670638.48869216
2015-11-17,EGX:ADIB,1.39291549,1.42313058,1.38989398,1.39291549,212291.29967661
2015-11-18,EGX:ADIB,1.41406605,1.45032416,1.395937,1.4321951,38225.93712997
2015-11-19,EGX:ADIB,1.45938868,1.46241019,1.41104454,1.44730265,131626.29832
2015-11-22,EGX:ADIB,1.42010907,1.45334566,1.42010907,1.42313058,15720.62349501
2015-11-23,EGX:ADIB,1.42010907,1.42010907,1.38082946,1.39291549,402514.15357117
2015-11-24,EGX:ADIB,1.38989398,1.38989398,1.37780795,1.38687247,69624.15925569
2015-11-25,EGX:ADIB,1.38989398,1.38989398,1.35363588,1.36874342,145493.54304508
2015-11-26,EGX:ADIB,1.38687247,1.38687247,1.35665739,1.36572191,237596.53909615
2015-11-29,EGX:ADIB,1.3596789,1.3627004,1.33550683,1.3596789,155054.99173499
2015-11-30,EGX:ADIB,1.33550683,1.33550683,1.28414118,1.29320571,31381.67410099
2015-12-01,EGX:ADIB,1.34457135,1.34457135,1.29320571,1.29320571,2184.33926457
2015-12-02,EGX:ADIB,1.3596789,1.38385097,1.34457135,1.37176493,89690.29404521
2015-12-03,EGX:ADIB,1.40500153,1.40500153,1.36572191,1.38385097,47658.31122698
2015-12-06,EGX:ADIB,1.37478644,1.43521661,1.37478644,1.40802303,34793.87680064
2015-12-07,EGX:ADIB,1.38989398,1.38989398,1.3596789,1.37478644,41277.39289048
2015-12-08,EGX:ADIB,1.3627004,1.37478644,1.3596789,1.36572191,8935.93335506
2015-12-09,EGX:ADIB,1.38989398,1.38989398,1.35665739,1.38687247,7943.05187116
2015-12-10,EGX:ADIB,1.3596789,1.395937,1.3596789,1.3596789,24487.76699781
2015-12-13,EGX:ADIB,1.3596789,1.3596789,1.29924872,1.31435627,39056.6479715
2015-12-14,EGX:ADIB,1.30227023,1.30529174,1.29622721,1.29924872,213893.14847063
2015-12-15,EGX:ADIB,1.29924872,1.35363588,1.28414118,1.31737777,30835.58928484
2015-12-16,EGX:ADIB,1.32946381,1.38989398,1.32946381,1.38687247,77467.92297846
2015-12-17,EGX:ADIB,1.3627004,1.43521661,1.3627004,1.40198002,211957.02957703
2015-12-20,EGX:ADIB,1.40500153,1.40500153,1.395937,1.39895851,134598.3235618
2015-12-21,EGX:ADIB,1.41708756,1.44428114,1.38385097,1.41406605,288809.36603548
2015-12-22,EGX:ADIB,1.4321951,1.4654317,1.42010907,1.42615209,769059.52058576
2015-12-24,EGX:ADIB,1.43521661,1.46241019,1.42010907,1.43823812,129521.38957415
2015-12-27,EGX:ADIB,1.43521661,1.44730265,1.43521661,1.43521661,11841.76649793
2015-12-28,EGX:ADIB,1.40802303,1.43521661,1.39895851,1.43521661,4954.47860464
2015-12-29,EGX:ADIB,1.43521661,1.43521661,1.3627004,1.41104454,12162.79817772
2015-12-30,EGX:ADIB,1.42010907,1.50471131,1.42010907,1.48356075,299211.45438175
2015-12-31,EGX:ADIB,1.49564679,1.54096942,1.48356075,1.51377584,465148.42718023
2016-01-03,EGX:ADIB,1.51377584,1.52586187,1.51075433,1.51377584,6807.85737458
2016-01-04,EGX:ADIB,1.49564679,1.64672222,1.45334566,1.58629205,453720.3613006
2016-01-05,EGX:ADIB,1.61348562,1.65880825,1.54399092,1.60744261,424575.98014332
2016-01-06,EGX:ADIB,1.5711845,1.61348562,1.54096942,1.56211998,144427.85025236
2016-01-10,EGX:ADIB,1.5016898,1.51075433,1.48053924,1.49564679,77444.75574384
2016-01-11,EGX:ADIB,1.55305545,1.55607696,1.40500153,1.45636717,191179.32972405
2016-01-12,EGX:ADIB,1.42010907,1.43521661,1.38989398,1.41708756,106900.23976606
2016-01-13,EGX:ADIB,1.39291549,1.39291549,1.29924872,1.34759286,56263.2840874
2016-01-14,EGX:ADIB,1.28716269,1.2901842,1.21464648,1.27809816,112781.40775567
2016-01-17,EGX:ADIB,1.21766799,1.28716269,1.21766799,1.26903364,357371.1421034
2016-01-18,EGX:ADIB,1.2901842,1.30529174,1.26903364,1.28716269,367068.28459611
2016-01-19,EGX:ADIB,1.31435627,1.31737777,1.29320571,1.31133476,333270.59888431
2016-01-20,EGX:ADIB,1.2569476,1.26601213,1.21464648,1.24184006,82832.79259644
2016-01-21,EGX:ADIB,1.21766799,1.2569476,1.20860346,1.22673252,1154823.76352361
2016-01-24,EGX:ADIB,1.2901842,1.29924872,1.23881855,1.27507665,426508.78943197
2016-01-26,EGX:ADIB,1.26903364,1.27205515,1.25392609,1.26601213,307131.33901829
2016-01-27,EGX:ADIB,1.27507665,1.30227023,1.25996911,1.28414118,615586.52001511
2016-01-28,EGX:ADIB,1.27205515,1.27809816,1.25996911,1.27205515,44348.70628066
2016-01-31,EGX:ADIB,1.27507665,1.27507665,1.26903364,1.27507665,92351.21642205
2016-02-01,EGX:ADIB,1.28414118,1.28414118,1.25392609,1.27809816,208382.65623501
2016-02-02,EGX:ADIB,1.26299062,1.3264423,1.26299062,1.29320571,802542.79382766
2016-02-03,EGX:ADIB,1.27809816,1.33550683,1.27809816,1.30529174,1063657.38567234
2016-02-04,EGX:ADIB,1.31435627,1.31435627,1.27507665,1.29924872,415180.01170073
2016-02-07,EGX:ADIB,1.27809816,1.29924872,1.27809816,1.2901842,106420.34704885
2016-02-08,EGX:ADIB,1.28414118,1.28414118,1.24184006,1.25090458,54807.05791102
2016-02-09,EGX:ADIB,1.23881855,1.25996911,1.21464648,1.24486157,381150.65364269
2016-02-10,EGX:ADIB,1.22673252,1.25090458,1.22673252,1.23881855,56250.04566762
2016-02-11,EGX:ADIB,1.22371101,1.22371101,1.14817329,1.21162497,238725.11438285
2016-02-14,EGX:ADIB,1.20860346,1.20860346,1.17838838,1.20860346,73142.26931362
2016-02-15,EGX:ADIB,1.20860346,1.20860346,1.19651743,1.20860346,251642.50248833
2016-02-16,EGX:ADIB,1.21162497,1.21162497,1.16328083,1.17838838,1472151.99538151
2016-02-17,EGX:ADIB,1.17838838,1.17838838,1.13004424,1.1511948,437470.20101418
2016-02-18,EGX:ADIB,1.13004424,1.17838838,1.1179582,1.14213027,1000344.64304928
2016-02-21,EGX:ADIB,1.13306575,1.14515178,1.08774312,1.10587217,1566972.17709351
2016-02-22,EGX:ADIB,1.10587217,1.17838838,1.10285066,1.14515178,2018316.24204266
2016-02-23,EGX:ADIB,1.17536687,1.17838838,1.13004424,1.1511948,1626128.055904
2016-02-24,EGX:ADIB,1.14817329,1.16025932,1.13910876,1.14817329,1047572.70563324
2016-02-25,EGX:ADIB,1.15421631,1.24184006,1.14817329,1.19953894,5547172.58723916
2016-02-28,EGX:ADIB,1.22371101,1.23881855,1.18443139,1.21162497,3691199.08702329
2016-02-29,EGX:ADIB,1.20860346,1.20860346,1.16025932,1.18443139,2029231.31915561
2016-03-01,EGX:ADIB,1.16328083,1.18140989,1.14817329,1.16328083,1205980.32717885
2016-03-02,EGX:ADIB,1.16328083,1.16932385,1.10285066,1.13910876,2020513.81972701
2016-03-03,EGX:ADIB,1.12400122,1.14213027,1.09680764,1.11493669,2243475.28575055
2016-03-06,EGX:ADIB,1.14213027,1.15421631,1.12702273,1.13608726,949710.99697557
2016-03-07,EGX:ADIB,1.13608726,1.16025932,1.12400122,1.14817329,1516100.23946366
2016-03-08,EGX:ADIB,1.16328083,1.17234536,1.12702273,1.14515178,1217878.35696086
2016-03-09,EGX:ADIB,1.13608726,1.19047441,1.13004424,1.16328083,1674613.76836755
2016-03-10,EGX:ADIB,1.16630234,1.21464648,1.16630234,1.19047441,2391216.05055418
2016-03-13,EGX:ADIB,1.19047441,1.2569476,1.16932385,1.22673252,3438116.90638331
2016-03-14,EGX:ADIB,1.22673252,1.28111967,1.22673252,1.2569476,2881745.83806772
2016-03-15,EGX:ADIB,1.2569476,1.27507665,1.2206895,1.24486157,1912931.80134201
2016-03-16,EGX:ADIB,1.24486157,1.30831325,1.24184006,1.27507665,3369220.86021581
2016-03-17,EGX:ADIB,1.28716269,1.32039928,1.26299062,1.29622721,1967781.88411733
2016-03-20,EGX:ADIB,1.24486157,1.28414118,1.2206895,1.24486157,628361.5951079
2016-03-21,EGX:ADIB,1.26299062,1.27507665,1.23881855,1.26299062,741695.7068896
2016-03-22,EGX:ADIB,1.26903364,1.28414118,1.22975402,1.25090458,730135.25681211
2016-03-23,EGX:ADIB,1.23881855,1.26601213,1.22975402,1.25090458,674672.89712172
2016-03-24,EGX:ADIB,1.24184006,1.26299062,1.23277553,1.24788308,589338.04318586
2016-03-27,EGX:ADIB,1.25090458,1.30529174,1.23881855,1.26903364,1183240.0315927
2016-03-28,EGX:ADIB,1.24486157,1.27205515,1.23881855,1.25392609,949287.36754244
2016-03-29,EGX:ADIB,1.26903364,1.29622721,1.25090458,1.26903364,1210766.01593122
2016-03-30,EGX:ADIB,1.25392609,1.25996911,1.23579704,1.24486157,718276.94228946
2016-03-31,EGX:ADIB,1.25090458,1.25392609,1.24184006,1.24486157,256411.64321597
2016-04-03,EGX:ADIB,1.24788308,1.26601213,1.23881855,1.25392609,765763.15405923
2016-04-04,EGX:ADIB,1.24486157,1.33550683,1.24184006,1.30227023,3043863.52675815
2016-04-05,EGX:ADIB,1.32039928,1.37780795,1.29924872,1.34154984,2318854.84800788
2016-04-06,EGX:ADIB,1.30227023,1.32946381,1.24184006,1.28414118,1528176.98791278
2016-04-07,EGX:ADIB,1.28414118,1.29924872,1.26903364,1.2901842,476957.0976287
2016-04-10,EGX:ADIB,1.26299062,1.26601213,1.23579704,1.24486157,753967.72203055
2016-04-11,EGX:ADIB,1.27507665,1.27507665,1.22975402,1.24486157,242527.85046617
2016-04-12,EGX:ADIB,1.22371101,1.25392609,1.22371101,1.23579704,424175.51794482
2016-04-13,EGX:ADIB,1.24486157,1.28111967,1.22371101,1.23579704,1307661.31994457
2016-04-14,EGX:ADIB,1.23881855,1.25996911,1.20860346,1.22975402,1026526.9277796
2016-04-17,EGX:ADIB,1.22673252,1.25392609,1.22673252,1.23881855,577158.69698341
2016-04-18,EGX:ADIB,1.23881855,1.29924872,1.22673252,1.27205515,1797545.73449358
2016-04-19,EGX:ADIB,1.29320571,1.29622721,1.24184006,1.27809816,908575.91709778
2016-04-20,EGX:ADIB,1.26903364,1.27809816,1.25090458,1.26299062,1186533.08851428
2016-04-21,EGX:ADIB,1.27507665,1.28716269,1.25392609,1.26299062,624267.6137893
2016-04-24,EGX:ADIB,1.25392609,1.28414118,1.23277553,1.26299062,722364.30439816
2016-04-26,EGX:ADIB,1.28111967,1.30831325,1.26299062,1.28111967,1047532.99037388
2016-04-27,EGX:ADIB,1.26903364,1.26903364,1.22371101,1.24486157,655784.98169309
2016-04-28,EGX:ADIB,1.25392609,1.28414118,1.24184006,1.2569476,500581.05773551
2016-05-03,EGX:ADIB,1.24184006,1.24184006,1.17838838,1.20558195,1087168.81921099
2016-05-04,EGX:ADIB,1.19047441,1.21464648,1.17838838,1.19953894,386876.27019982
2016-05-05,EGX:ADIB,1.23277553,1.25392609,1.19651743,1.2206895,933308.59486162
2016-05-08,EGX:ADIB,1.23579704,1.23579704,1.20860346,1.21464648,466157.85668886
2016-05-09,EGX:ADIB,1.21766799,1.21766799,1.19953894,1.21162497,783608.54392977
2016-05-10,EGX:ADIB,1.22673252,1.22673252,1.17234536,1.19651743,620289.46864383
2016-05-11,EGX:ADIB,1.18140989,1.19349592,1.16025932,1.17234536,530903.65825368
2016-05-12,EGX:ADIB,1.19349592,1.20860346,1.16932385,1.18443139,460650.67405819
2016-05-15,EGX:ADIB,1.18443139,1.1874529,1.13608726,1.15723782,344506.70767706
2016-05-16,EGX:ADIB,1.17536687,1.17838838,1.14213027,1.15421631,190689.50819199
2016-05-17,EGX:ADIB,1.1511948,1.17838838,1.1511948,1.17838838,586435.51964794
2016-05-18,EGX:ADIB,1.19047441,1.19651743,1.16025932,1.17234536,548338.65711088
2016-05-19,EGX:ADIB,1.1511948,1.17838838,1.1511948,1.16630234,195193.88052393
2016-05-22,EGX:ADIB,1.16630234,1.17838838,1.1179582,1.15421631,790002.70068606
2016-05-23,EGX:ADIB,1.16630234,1.16630234,1.12097971,1.13910876,726325.9015189
2016-05-24,EGX:ADIB,1.14817329,1.1874529,1.14817329,1.17234536,622195.80109291
2016-05-25,EGX:ADIB,1.17838838,1.19349592,1.16328083,1.18140989,596013.51636259
2016-05-26,EGX:ADIB,1.17838838,1.17838838,1.14817329,1.16328083,352499.40362242
2016-05-29,EGX:ADIB,1.16328083,1.16328083,1.1511948,1.15723782,58166.30693154
2016-05-30,EGX:ADIB,1.14817329,1.16025932,1.13306575,1.14213027,306303.93778171
2016-05-31,EGX:ADIB,1.14817329,1.14817329,1.10285066,1.12400122,563039.92228242
2016-06-01,EGX:ADIB,1.12702273,1.15723782,1.12702273,1.14213027,598260.73812114
2016-06-02,EGX:ADIB,1.15421631,1.15421631,1.13004424,1.13910876,205682.01859881
2016-06-05,EGX:ADIB,1.15421631,1.16630234,1.13306575,1.13910876,264698.89400155
2016-06-06,EGX:ADIB,1.14817329,1.14817329,1.13608726,1.14515178,73277.96311642
2016-06-07,EGX:ADIB,1.13608726,1.16932385,1.13608726,1.1511948,234065.19061843
2016-06-08,EGX:ADIB,1.16630234,1.20860346,1.13910876,1.18443139,1386231.34137015
2016-06-09,EGX:ADIB,1.1874529,1.1874529,1.16025932,1.17838838,96276.40788838
2016-06-12,EGX:ADIB,1.16328083,1.16328083,1.14817329,1.14817329,291245.23527597
2016-06-13,EGX:ADIB,1.14817329,1.14817329,1.13608726,1.14515178,187340.18798632
2016-06-14,EGX:ADIB,1.13608726,1.13608726,1.1179582,1.12702273,354994.84575194
2016-06-15,EGX:ADIB,1.13306575,1.13306575,1.10587217,1.1179582,278149.12850339
2016-06-16,EGX:ADIB,1.12097971,1.12400122,1.10587217,1.1179582,217275.56472576
2016-06-19,EGX:ADIB,1.12097971,1.12097971,1.08774312,1.09680764,337897.42659926
2016-06-20,EGX:ADIB,1.09378613,1.1179582,1.07565708,1.09378613,201058.50048881
2016-06-21,EGX:ADIB,1.11493669,1.11493669,1.05752803,1.08472161,259261.21307475
2016-06-22,EGX:ADIB,1.06357105,1.08472161,1.05752803,1.06357105,127979.11366916
2016-06-23,EGX:ADIB,1.08472161,1.09378613,1.06659256,1.0817001,60625.34340665
2016-06-26,EGX:ADIB,0.9759473,1.03033445,0.9759473,1.00616238,185006.91649916
2016-06-27,EGX:ADIB,1.02731294,1.02731294,1.00011937,1.01824842,220254.20917745
2016-06-28,EGX:ADIB,1.00616238,1.08774312,1.00616238,1.03637747,66069.64354334
2016-06-29,EGX:ADIB,1.08472161,1.08472161,1.03033445,1.03637747,23183.78264896
2016-07-03,EGX:ADIB,1.03637747,1.03637747,1.03637747,1.03637747,0.0
2016-07-04,EGX:ADIB,1.07263557,1.09378613,1.04242049,1.07263557,371820.87729902
2016-07-10,EGX:ADIB,1.09378613,1.1179582,1.07263557,1.10889368,384996.41459031
2016-07-11,EGX:ADIB,1.08774312,1.10889368,1.05148501,1.06659256,767212.76102571
2016-07-12,EGX:ADIB,1.04242049,1.07263557,1.03939898,1.045442,1461984.88898642
2016-07-13,EGX:ADIB,1.06357105,1.07867859,1.05148501,1.06357105,450483.5676631
2016-07-14,EGX:ADIB,1.06961406,1.07565708,1.05450652,1.06659256,284248.73041945
2016-07-17,EGX:ADIB,1.06659256,1.09378613,1.05752803,1.07565708,504413.58026335
2016-07-18,EGX:ADIB,1.10285066,1.10587217,1.07263557,1.09076463,563261.66581383
2016-07-19,EGX:ADIB,1.08774312,1.13306575,1.08774312,1.11493669,750039.22095927
2016-07-20,EGX:ADIB,1.10889368,1.14213027,1.08774312,1.10587217,631763.86899271
2016-07-21,EGX:ADIB,1.10285066,1.1179582,1.09982915,1.10889368,314822.86091353
2016-07-24,EGX:ADIB,1.11493669,1.12702273,1.07867859,1.10285066,198973.44937263
2016-07-25,EGX:ADIB,1.10285066,1.11493669,1.08774312,1.10587217,188349.61749495
2016-07-26,EGX:ADIB,1.1179582,1.1179582,1.08774312,1.10587217,353452.56984695
2016-07-27,EGX:ADIB,1.12400122,1.14817329,1.10285066,1.13306575,789397.04298088
2016-07-28,EGX:ADIB,1.14817329,1.16025932,1.12097971,1.13608726,1057835.79057177
2016-07-31,EGX:ADIB,1.13306575,1.13306575,1.10285066,1.1179582,265105.97540995
2016-08-01,EGX:ADIB,1.13306575,1.13306575,1.10285066,1.12097971,220101.96734992
2016-08-02,EGX:ADIB,1.10587217,1.12097971,1.10587217,1.11493669,169170.45683103
2016-08-03,EGX:ADIB,1.12702273,1.17838838,1.09378613,1.14213027,919123.6280617
2016-08-04,EGX:ADIB,1.16630234,1.17838838,1.14817329,1.16328083,1155161.34322814
2016-08-07,EGX:ADIB,1.17536687,1.20558195,1.16328083,1.19047441,1321703.9737318
2016-08-08,EGX:ADIB,1.20558195,1.26903364,1.20558195,1.23579704,3129602.15249746
2016-08-09,EGX:ADIB,1.23881855,1.23881855,1.19953894,1.20860346,373508.77582164
2016-08-10,EGX:ADIB,1.22673252,1.24486157,1.19651743,1.21766799,1147406.93883892
2016-08-11,EGX:ADIB,1.23579704,1.23881855,1.19651743,1.21766799,1501124.27708158
2016-08-14,EGX:ADIB,1.22673252,1.23881855,1.20860346,1.22371101,303100.24019368
2016-08-15,EGX:ADIB,1.22975402,1.25996911,1.21766799,1.23881855,1377464.19786736
2016-08-16,EGX:ADIB,1.23579704,1.23881855,1.21162497,1.22371101,497655.36696297
2016-08-17,EGX:ADIB,1.21464648,1.23579704,1.21464648,1.21464648,63544.4149693
2016-08-18,EGX:ADIB,1.22673252,1.23277553,1.20860346,1.21162497,244321.65634707
2016-08-21,EGX:ADIB,1.20860346,1.30529174,1.20860346,1.27507665,2521674.05832813
2016-08-22,EGX:ADIB,1.2901842,1.31133476,1.25996911,1.2901842,4077479.62833277
2016-08-23,EGX:ADIB,1.27205515,1.2901842,1.25090458,1.26903364,641308.76965789
2016-08-24,EGX:ADIB,1.26903364,1.27205515,1.22673252,1.25090458,535189.59665916
2016-08-25,EGX:ADIB,1.22975402,1.23579704,1.17838838,1.21162497,1863621.99724682
2016-08-28,EGX:ADIB,1.17536687,1.1874529,1.15421631,1.16932385,341342.72534838
2016-08-29,EGX:ADIB,1.16932385,1.18140989,1.13910876,1.15421631,441997.74058074
2016-08-30,EGX:ADIB,1.14817329,1.19349592,1.14817329,1.16932385,654216.22894853
2016-08-31,EGX:ADIB,1.17838838,1.19651743,1.15421631,1.16630234,325006.51533335
2016-09-01,EGX:ADIB,1.17838838,1.17838838,1.15723782,1.16630234,371536.25127364
2016-09-04,EGX:ADIB,1.16328083,1.19349592,1.16328083,1.17536687,540074.57355992
2016-09-05,EGX:ADIB,1.17536687,1.18140989,1.15421631,1.16630234,573011.76198568
2016-09-06,EGX:ADIB,1.15421631,1.15421631,1.12400122,1.14213027,326502.45676909
2016-09-07,EGX:ADIB,1.12702273,1.13004424,1.05752803,1.10285066,616635.66478309
2016-09-08,EGX:ADIB,1.1179582,1.16328083,1.1179582,1.14213027,785660.49899649
2016-09-14,EGX:ADIB,1.12097971,1.13608726,1.12097971,1.13004424,415759.19256633
2016-09-15,EGX:ADIB,1.13306575,1.13306575,1.09076463,1.11191519,688665.90683475
2016-09-18,EGX:ADIB,1.09680764,1.09982915,1.08774312,1.09378613,71960.74034779
2016-09-19,EGX:ADIB,1.09076463,1.15421631,1.08774312,1.12702273,1307797.01374737
2016-09-20,EGX:ADIB,1.13004424,1.14817329,1.10587217,1.13004424,340359.77267932
2016-09-21,EGX:ADIB,1.12400122,1.12400122,1.08774312,1.10587217,420114.63267569
2016-09-22,EGX:ADIB,1.10587217,1.11493669,1.08774312,1.09680764,419810.14902063
2016-09-25,EGX:ADIB,1.09680764,1.11191519,1.08774312,1.09378613,177523.89971554
2016-09-26,EGX:ADIB,1.09378613,1.1179582,1.09378613,1.11191519,491678.22042992
2016-09-27,EGX:ADIB,1.11191519,1.11191519,1.0817001,1.09076463,268541.34534423
2016-09-28,EGX:ADIB,1.09076463,1.09076463,1.06659256,1.07867859,112476.92410061
2016-09-29,EGX:ADIB,1.07867859,1.08472161,1.05752803,1.06659256,247958.91218308
2016-10-03,EGX:ADIB,1.06659256,1.1179582,1.06659256,1.10285066,402623.3705344
2016-10-04,EGX:ADIB,1.10285066,1.1179582,1.08774312,1.10285066,339932.83364125
2016-10-05,EGX:ADIB,1.10285066,1.13004424,1.09076463,1.11493669,864799.77247284
2016-10-09,EGX:ADIB,1.11493669,1.11493669,1.07263557,1.09076463,951892.02663519
2016-10-10,EGX:ADIB,1.09076463,1.09076463,1.04242049,1.06357105,310987.02878075
2016-10-11,EGX:ADIB,1.06357105,1.06357105,1.03637747,1.05450652,390774.98482658
2016-10-12,EGX:ADIB,1.05450652,1.05752803,1.03335596,1.045442,629486.86078964
2016-10-13,EGX:ADIB,1.045442,1.07263557,1.045442,1.06054954,791614.47829491
2016-10-16,EGX:ADIB,1.06054954,1.07565708,1.01522691,1.045442,379767.23877513
2016-10-17,EGX:ADIB,1.045442,1.045442,0.99407635,1.00918389,722893.84118957
2016-10-18,EGX:ADIB,1.00918389,1.0122054,0.96688277,0.99407635,306995.64521549
2016-10-19,EGX:ADIB,0.99407635,0.99407635,0.94875372,0.96688277,505697.70698252
2016-10-20,EGX:ADIB,0.96688277,0.99709786,0.96386126,0.97896881,313065.46068704
2016-10-23,EGX:ADIB,0.97896881,0.97896881,0.95177523,0.95781824,53284.63963572
2016-10-24,EGX:ADIB,0.95781824,0.99709786,0.95781824,0.9759473,468348.81516332
2016-10-25,EGX:ADIB,0.9759473,0.98803333,0.96688277,0.96688277,633306.14489769
2016-10-26,EGX:ADIB,0.96688277,0.98199031,0.96386126,0.96990428,372168.38581838
2016-10-27,EGX:ADIB,0.96990428,1.01522691,0.96990428,0.99709786,494746.22421515
2016-10-30,EGX:ADIB,0.99709786,1.00011937,0.98199031,0.99105484,199489.74774425
2016-10-31,EGX:ADIB,0.99105484,1.00616238,0.98199031,0.99709786,408018.0265969
2016-11-01,EGX:ADIB,0.99709786,1.01522691,0.99709786,1.00011937,972620.08241398
2016-11-02,EGX:ADIB,1.00011937,1.03939898,1.00011937,1.01522691,359247.68810796
2016-11-03,EGX:ADIB,1.01522691,1.0817001,1.01522691,1.06054954,3654379.7319955
2016-11-06,EGX:ADIB,1.06054954,1.13910876,1.06054954,1.11493669,1202842.82168974
2016-11-07,EGX:ADIB,1.11493669,1.16630234,1.10889368,1.14515178,1820276.10126489
2016-11-08,EGX:ADIB,1.14515178,1.25392609,1.14515178,1.21464648,3418375.11287853
2016-11-09,EGX:ADIB,1.21464648,1.28414118,1.20256045,1.24788308,2750844.34323096
2016-11-10,EGX:ADIB,1.24788308,1.37176493,1.24788308,1.34154984,4845890.46634905
2016-11-13,EGX:ADIB,1.34154984,1.45032416,1.33550683,1.395937,3995460.99855312
2016-11-14,EGX:ADIB,1.395937,1.5349264,1.34457135,1.48658226,8389448.0767171
2016-11-15,EGX:ADIB,1.48658226,1.57722752,1.48658226,1.53794791,4486298.57932667
2016-11-16,EGX:ADIB,1.53794791,1.59837808,1.53794791,1.56514148,4202811.05804488
2016-11-17,EGX:ADIB,1.56514148,1.61046411,1.48356075,1.55305545,5257558.98720173
2016-11-20,EGX:ADIB,1.55305545,1.55305545,1.48960377,1.52586187,1222422.44455215
2016-11-21,EGX:ADIB,1.52586187,1.59837808,1.52586187,1.55909847,2289273.59899769
2016-11-22,EGX:ADIB,1.55909847,1.58629205,1.4654317,1.52888338,4163794.12533274
2016-11-23,EGX:ADIB,1.52888338,1.56514148,1.4654317,1.52888338,2159795.23428785
2016-11-24,EGX:ADIB,1.52888338,1.54701243,1.48053924,1.50471131,1538377.19035733
2016-11-27,EGX:ADIB,1.50471131,1.51981885,1.4654317,1.48960377,524936.44053547
2016-11-28,EGX:ADIB,1.48960377,1.51679735,1.4654317,1.49262528,612776.66541569
2016-11-29,EGX:ADIB,1.49262528,1.51075433,1.45032416,1.49564679,466697.32229511
2016-11-30,EGX:ADIB,1.49564679,1.5349264,1.49564679,1.51377584,823525.68918731
2016-12-01,EGX:ADIB,1.51377584,1.54701243,1.49262528,1.51679735,1912051.44642629
2016-12-04,EGX:ADIB,1.51679735,1.54096942,1.49262528,1.51679735,686084.41497662
2016-12-05,EGX:ADIB,1.51679735,1.63765769,1.49564679,1.59233506,6103719.06461691
2016-12-06,EGX:ADIB,1.59233506,1.63161468,1.56514148,1.59837808,1869738.14718761
2016-12-07,EGX:ADIB,1.59837808,1.59837808,1.48053924,1.51679735,2175436.42726415
2016-12-08,EGX:ADIB,1.51679735,1.52888338,1.48053924,1.51075433,893841.55587678
2016-12-12,EGX:ADIB,1.51075433,1.52586187,1.49564679,1.51377584,479614.71040059
2016-12-13,EGX:ADIB,1.51377584,1.58024903,1.51377584,1.55305545,2198587.11386364
2016-12-14,EGX:ADIB,1.55305545,1.6044211,1.51075433,1.55305545,6749297.22465555
2016-12-15,EGX:ADIB,1.55305545,1.55305545,1.52284036,1.5349264,331212.0246077
2016-12-18,EGX:ADIB,1.5349264,1.56816299,1.52284036,1.53794791,729228.42505682
2016-12-19,EGX:ADIB,1.53794791,1.57722752,1.52284036,1.55305545,2203899.02980248
2016-12-20,EGX:ADIB,1.55305545,1.70715239,1.54399092,1.65276524,8453022.27813092
2016-12-21,EGX:ADIB,1.65276524,1.8159267,1.65276524,1.80988369,4520996.47758387
2016-12-22,EGX:ADIB,1.80988369,1.87333537,1.75247502,1.81290519,2866577.91859875
2016-12-25,EGX:ADIB,1.81290519,1.82801274,1.70715239,1.7434105,1057782.83689263
2016-12-26,EGX:ADIB,1.7434105,1.91563649,1.69506636,1.86124933,4544934.85016059
2016-12-27,EGX:ADIB,1.86124933,2.04556136,1.86124933,2.00930326,5508122.55847756
2016-12-28,EGX:ADIB,2.00930326,2.20872283,2.00930326,2.1634002,3487327.42233011
2016-12-29,EGX:ADIB,2.1634002,2.20570132,2.04858287,2.12109908,3951840.40536065
2017-01-02,EGX:ADIB,2.12109908,2.33260468,2.09994852,2.23893792,5128107.09933146
2017-01-03,EGX:ADIB,2.23893792,2.41720693,2.23893792,2.36584128,2516305.8791052
2017-01-04,EGX:ADIB,2.36584128,2.44742201,2.31145412,2.3718843,2718221.5672751
2017-01-05,EGX:ADIB,2.3718843,2.3718843,2.25706697,2.3023896,2414300.54505474
2017-01-08,EGX:ADIB,2.3023896,2.33260468,2.19059378,2.26310998,2291150.14500226
2017-01-09,EGX:ADIB,2.26310998,2.4081424,2.20267981,2.33260468,5659930.82776021
2017-01-10,EGX:ADIB,2.33260468,2.44742201,2.29030356,2.38397033,7761433.99012857
2017-01-11,EGX:ADIB,2.38397033,2.52295973,2.34469072,2.44742201,7668245.4436551
2017-01-12,EGX:ADIB,2.44742201,2.69216421,2.44742201,2.58641141,7868612.23671012
2017-01-15,EGX:ADIB,2.58641141,2.77374495,2.58641141,2.70122874,2198140.31719589
2017-01-16,EGX:ADIB,2.70122874,2.84021814,2.61964801,2.74957288,6152284.20759918
2017-01-17,EGX:ADIB,2.74957288,2.90971284,2.74957288,2.84021814,5105889.72132683
2017-01-18,EGX:ADIB,2.84021814,2.84021814,2.55619632,2.6861212,6529274.68782434
2017-01-19,EGX:ADIB,2.6861212,2.6861212,2.42022844,2.46555106,7533173.84658598
2017-01-22,EGX:ADIB,2.46555106,2.56828236,2.36281977,2.48972313,6602039.66217409
2017-01-23,EGX:ADIB,2.48972313,2.61058348,2.48065861,2.5471318,3432076.87735628
2017-01-24,EGX:ADIB,2.5471318,2.58943292,2.41720693,2.52598124,2220864.06475731
2017-01-26,EGX:ADIB,2.52598124,2.63777706,2.52295973,2.5833899,4014471.36936477
2017-01-29,EGX:ADIB,2.5833899,2.61964801,2.46252956,2.54108878,3151402.52027886
2017-01-30,EGX:ADIB,2.54108878,2.54108878,2.28728205,2.36281977,3652989.69791805
2017-01-31,EGX:ADIB,2.36281977,2.36281977,2.13620662,2.22080886,4135053.51597891
2017-02-01,EGX:ADIB,2.22080886,2.30843261,2.16642171,2.22987339,2403881.90868373
2017-02-02,EGX:ADIB,2.22987339,2.33562619,2.21174434,2.27217451,4138982.01705019
2017-02-05,EGX:ADIB,2.27217451,2.31749714,2.15433567,2.21778736,2391517.22460429
2017-02-06,EGX:ADIB,2.21778736,2.21778736,2.11203455,2.1634002,1934083.48655392
2017-02-07,EGX:ADIB,2.1634002,2.37792731,2.1634002,2.30541111,6831070.94366917
2017-02-08,EGX:ADIB,2.30541111,2.51993822,2.30541111,2.43231447,5977818.38285404
2017-02-09,EGX:ADIB,2.43231447,2.52295973,2.31145412,2.4081424,5377657.93149371
2017-02-12,EGX:ADIB,2.4081424,2.53806727,2.32354016,2.4081424,4555178.07746944
2017-02-13,EGX:ADIB,2.4081424,2.4081424,2.23591641,2.29332507,5090943.54538926
2017-02-14,EGX:ADIB,2.29332507,2.35677675,2.16642171,2.26310998,3418659.73890391
2017-02-15,EGX:ADIB,2.26310998,2.29332507,2.20267981,2.25706697,2508673.93009899
2017-02-16,EGX:ADIB,2.25706697,2.32051865,2.25706697,2.28426055,2678413.63898079
2017-02-19,EGX:ADIB,2.28426055,2.51087369,2.28426055,2.50785219,4513156.02346604
2017-02-20,EGX:ADIB,2.50785219,2.56828236,2.3718843,2.4444005,15807106.78186174
2017-02-21,EGX:ADIB,2.4444005,2.4444005,2.31145412,2.37490581,8896754.25170353
2017-02-22,EGX:ADIB,2.37490581,2.40512089,2.29030356,2.35073374,7448308.95655249
2017-02-23,EGX:ADIB,2.35073374,2.36886279,2.1271421,2.22987339,5010910.6785774
2017-02-26,EGX:ADIB,2.22987339,2.26310998,2.17548623,2.20570132,2953286.25858733
2017-02-27,EGX:ADIB,2.20570132,2.20570132,2.04556136,2.11807757,2544275.35050653
2017-02-28,EGX:ADIB,2.11807757,2.14527115,2.03649684,2.09692701,3061189.30865213
2017-03-01,EGX:ADIB,2.09692701,2.1301636,2.05160438,2.08484097,2845806.83795566
2017-03-02,EGX:ADIB,2.08484097,2.15735718,2.08484097,2.13318511,4641581.93380296
2017-03-05,EGX:ADIB,2.13318511,2.24498093,2.13318511,2.20872283,5477386.25734111
2017-03-06,EGX:ADIB,2.20872283,2.25102395,2.1634002,2.21476585,2988070.20657313
2017-03-07,EGX:ADIB,2.21476585,2.41720693,2.21476585,2.31749714,13789690.75236448
2017-03-08,EGX:ADIB,2.31749714,2.41116391,2.31749714,2.36886279,3535856.15965797
2017-03-09,EGX:ADIB,2.36886279,2.39303486,2.32656167,2.35979826,3239964.23903737
2017-03-12,EGX:ADIB,2.35979826,2.38094882,2.24498093,2.29936809,3774597.82206555
2017-03-13,EGX:ADIB,2.29936809,2.3023896,2.22383037,2.25404546,2780855.84088417
2017-03-14,EGX:ADIB,2.25404546,2.25404546,2.17850774,2.21476585,1694656.73592246
2017-03-15,EGX:ADIB,2.21476585,2.23591641,2.17548623,2.20267981,2110214.04258706
2017-03-16,EGX:ADIB,2.20267981,2.29332507,2.20267981,2.26008848,6384247.7990767
2017-03-19,EGX:ADIB,2.26008848,2.31447563,2.26008848,2.29332507,3728365.95057044
2017-03-20,EGX:ADIB,2.29332507,2.42929296,2.29030356,2.36886279,12257406.54471333
2017-03-21,EGX:ADIB,2.36886279,2.56526085,2.36886279,2.50483068,9680190.69617609
2017-03-22,EGX:ADIB,2.50483068,2.56526085,2.45648654,2.51087369,2272646.14374739
2017-03-23,EGX:ADIB,2.51087369,2.68914271,2.46252956,2.5833899,9657979.93738135
2017-03-26,EGX:ADIB,2.5833899,2.75259439,2.5833899,2.70122874,3894676.90872785
2017-03-27,EGX:ADIB,2.70122874,2.7586374,2.62569102,2.66799215,3434794.06301721
2017-03-28,EGX:ADIB,2.66799215,2.81000305,2.62569102,2.73144383,6227005.15847219
2017-03-29,EGX:ADIB,2.73144383,2.77978797,2.69216421,2.73446534,2398553.44472016
2017-03-30,EGX:ADIB,2.73446534,2.81000305,2.71935779,2.76468042,4794915.93096586
2017-04-02,EGX:ADIB,2.76468042,2.97920754,2.76468042,2.89460529,5524776.49056743
2017-04-03,EGX:ADIB,2.89460529,3.18164862,2.89460529,3.08193883,5298402.82184424
2017-04-04,EGX:ADIB,3.08193883,3.41128327,3.08193883,3.30855198,2905522.04000207
2017-04-05,EGX:ADIB,3.30855198,3.41128327,3.21790672,3.32365952,2887100.77887086
2017-04-06,EGX:ADIB,3.32365952,3.35387461,3.18164862,3.27531539,3542812.94925513
2017-04-09,EGX:ADIB,3.27531539,3.29344444,3.0698528,3.19373465,2653177.90126512
2017-04-10,EGX:ADIB,3.19373465,3.25114332,3.14539051,3.19977767,1107165.45229664
2017-04-11,EGX:ADIB,3.19977767,3.36898215,3.19977767,3.29042293,4912453.24102939
2017-04-12,EGX:ADIB,3.29042293,3.30855198,3.11215392,3.19675616,3391914.82133272
2017-04-13,EGX:ADIB,3.19675616,3.2118637,3.13028297,3.16049806,1016561.70728624
2017-04-18,EGX:ADIB,3.16049806,3.21790672,2.98222905,3.10006788,1220145.43634909
2017-04-19,EGX:ADIB,3.10006788,3.10006788,2.94597094,3.0003581,848758.11729804
2017-04-20,EGX:ADIB,3.0003581,3.22999276,3.0003581,3.12121844,3776140.09797053
2017-04-23,EGX:ADIB,3.12121844,3.25416482,3.02453017,3.12726146,1549044.04709931
2017-04-24,EGX:ADIB,3.12726146,3.12726146,2.90366982,3.03359469,1961741.8550903
2017-04-26,EGX:ADIB,3.03359469,3.142369,2.98222905,3.06380978,2834964.57215152
2017-04-27,EGX:ADIB,3.06380978,3.16956258,3.02755168,3.10308939,3488439.44959207
2017-04-30,EGX:ADIB,3.10308939,3.15143353,3.05474525,3.10308939,2232507.25495845
2017-05-02,EGX:ADIB,3.10308939,3.15747655,3.02755168,3.10308939,4375592.29387234
2017-05-03,EGX:ADIB,3.10308939,3.13632599,3.05172374,3.09402487,1905389.21166935
2017-05-04,EGX:ADIB,3.09402487,3.32365952,3.09402487,3.18769163,9271646.44239273
2017-05-07,EGX:ADIB,3.18769163,3.52912211,3.18769163,3.43847685,5138615.09503602
2017-05-08,EGX:ADIB,3.43847685,3.62581039,3.43847685,3.55329418,5300924.74081333
2017-05-09,EGX:ADIB,3.55329418,3.5955953,3.43243384,3.4898425,4898622.40195873
2017-05-10,EGX:ADIB,3.4898425,3.5955953,3.44149836,3.52005759,3225431.76371809
2017-05-11,EGX:ADIB,3.52005759,3.5955953,3.42941233,3.52912211,2342508.59455922
2017-05-14,EGX:ADIB,3.52912211,3.56235871,3.46264892,3.48682099,1193496.49732134
2017-05-15,EGX:ADIB,3.48682099,3.5230791,3.33574556,3.40826177,2537626.35416938
2017-05-16,EGX:ADIB,3.40826177,3.40826177,3.24812181,3.30553047,3105260.00811729
2017-05-17,EGX:ADIB,3.30553047,3.33574556,3.14539051,3.23301426,3022298.14092794
2017-05-18,EGX:ADIB,3.23301426,3.29646595,3.13028297,3.22394974,2821749.31960087
2017-05-21,EGX:ADIB,3.22394974,3.3508531,3.22394974,3.29646595,1806481.66784864
2017-05-22,EGX:ADIB,3.29646595,3.29646595,2.9671215,3.01848715,6023977.44304033
2017-05-23,EGX:ADIB,3.01848715,3.02150866,2.92482038,2.96409999,5672980.60006354
2017-05-24,EGX:ADIB,2.96409999,3.1393475,2.96107848,3.05776676,8119179.1175909
2017-05-25,EGX:ADIB,3.05776676,3.23905728,3.05776676,3.18769163,4335291.23444103
2017-05-28,EGX:ADIB,3.18769163,3.25416482,3.15143353,3.19071314,973056.95026689
2017-05-29,EGX:ADIB,3.19071314,3.20279918,3.05172374,3.11819694,3078323.13345921
2017-05-30,EGX:ADIB,3.11819694,3.11819694,3.03359469,3.06078827,1797151.89150497
2017-05-31,EGX:ADIB,3.06078827,3.10913241,3.00640111,3.06078827,2499916.71541104
2017-06-01,EGX:ADIB,3.06078827,3.08798185,3.02755168,3.06078827,1550579.7037944
2017-06-04,EGX:ADIB,3.06078827,3.1393475,3.06078827,3.1061109,1476143.37894677
2017-06-05,EGX:ADIB,3.1061109,3.13330448,3.0698528,3.10913241,1128489.23696576
2017-06-06,EGX:ADIB,3.10913241,3.17258409,3.08193883,3.14841202,2070740.38439233
2017-06-07,EGX:ADIB,3.14841202,3.35387461,3.11517543,3.23603577,7883661.01040103
2017-06-08,EGX:ADIB,3.23603577,3.41430478,3.23603577,3.30855198,1918478.69923203
2017-06-11,EGX:ADIB,3.30855198,3.32365952,3.24812181,3.29344444,1620157.52858084
2017-06-12,EGX:ADIB,3.29344444,3.29344444,3.17258409,3.21488521,772206.95488971
2017-06-13,EGX:ADIB,3.21488521,3.21488521,3.11215392,3.15747655,4820300.60090412
2017-06-14,EGX:ADIB,3.15747655,3.20582069,3.1061109,3.15445504,4481119.04758569
2017-06-15,EGX:ADIB,3.15445504,3.15445504,3.06380978,3.08496034,1557523.25497178
2017-06-18,EGX:ADIB,3.08496034,3.142369,3.07891732,3.11215392,2767587.63465438
2017-06-19,EGX:ADIB,3.11215392,3.16654107,3.11215392,3.1393475,3036208.41051732
2017-06-20,EGX:ADIB,3.1393475,3.17258409,3.08798185,3.1393475,2328095.265018
2017-06-21,EGX:ADIB,3.1393475,3.1393475,3.03359469,3.06683129,2346638.98153222
2017-06-22,EGX:ADIB,3.06683129,3.1061109,2.96409999,3.03359469,4295979.74688867
2017-06-28,EGX:ADIB,3.03359469,3.09100336,2.97316452,3.03963771,2150591.22293214
2017-07-02,EGX:ADIB,3.03963771,3.14539051,3.03963771,3.11517543,1242528.29460104
2017-07-03,EGX:ADIB,3.11517543,3.11517543,3.05776676,3.08496034,683353.99089591
2017-07-04,EGX:ADIB,3.08496034,3.14841202,3.08193883,3.11819694,2322326.62359657
2017-07-05,EGX:ADIB,3.11819694,3.24812181,3.11819694,3.19071314,4702452.18797564
2017-07-06,EGX:ADIB,3.19071314,3.19071314,3.0698528,3.1061109,1549305.50589007
2017-07-09,EGX:ADIB,3.1061109,3.21488521,3.02453017,3.14841202,3957705.02532553
2017-07-10,EGX:ADIB,3.14841202,3.2451003,3.14841202,3.20884219,2188893.28097588
2017-07-11,EGX:ADIB,3.20884219,3.21790672,3.09402487,3.15143353,1952647.06069782
2017-07-12,EGX:ADIB,3.15143353,3.16654107,3.06380978,3.09704637,912726.16170047
2017-07-13,EGX:ADIB,3.09704637,3.17258409,3.08798185,3.11215392,1222925.50450399
2017-07-16,EGX:ADIB,3.11215392,3.19977767,3.08798185,3.14539051,1812170.87875136
2017-07-17,EGX:ADIB,3.14539051,3.19675616,3.12726146,3.1756056,3652989.69791805
2017-07-18,EGX:ADIB,3.1756056,3.1756056,3.04870224,3.10913241,2592307.64709244
2017-07-19,EGX:ADIB,3.10913241,3.12121844,3.05776676,3.08496034,2301764.0480651
2017-07-20,EGX:ADIB,3.08496034,3.12121844,3.05172374,3.08193883,751525.23358017
2017-07-24,EGX:ADIB,3.08193883,3.12726146,3.0698528,3.09100336,1206959.97024296
2017-07-25,EGX:ADIB,3.09100336,3.10308939,3.04870224,3.07287431,458777.43765857
2017-07-26,EGX:ADIB,3.07287431,3.12121844,3.06683129,3.09402487,641219.41032434
2017-07-27,EGX:ADIB,3.09402487,3.09402487,2.96107848,3.02453017,1264983.9641618
2017-07-30,EGX:ADIB,3.02453017,3.02453017,2.90064831,2.94899245,2385788.29844221
2017-07-31,EGX:ADIB,2.94899245,2.98827206,2.88251926,2.93690642,866904.6812187
2017-08-01,EGX:ADIB,2.93690642,2.97316452,2.88554077,2.92482038,710400.08251722
2017-08-02,EGX:ADIB,2.92482038,2.9671215,2.87949775,2.92784189,1018405.15724134
2017-08-03,EGX:ADIB,2.92784189,2.94294943,2.90064831,2.91273435,1036439.19459383
2017-08-06,EGX:ADIB,2.91273435,3.00337961,2.91273435,2.9671215,730810.41622116
2017-08-07,EGX:ADIB,2.9671215,3.0003581,2.91877736,2.95201426,872342.3621455
2017-08-08,EGX:ADIB,2.95201426,2.99431508,2.9308634,2.97316452,854185.86941
2017-08-09,EGX:ADIB,2.97316452,3.26927237,2.97316452,3.16049806,9349862.33608906
2017-08-10,EGX:ADIB,3.16049806,3.41430478,3.16049806,3.30855198,7847195.7831025
2017-08-13,EGX:ADIB,3.30855198,3.35387461,3.2118637,3.2813584,3020772.41304769
2017-08-14,EGX:ADIB,3.2813584,3.35387461,3.20279918,3.25114332,3513612.30481377
2017-08-15,EGX:ADIB,3.25114332,3.29344444,3.17862711,3.22999276,1698121.89230125
2017-08-16,EGX:ADIB,3.22999276,3.25718633,3.15747655,3.18769163,2532519.63373721
2017-08-17,EGX:ADIB,3.18769163,3.22394974,3.10913241,3.16049806,2255413.03079192
2017-08-20,EGX:ADIB,3.16049806,3.19373465,3.02150866,3.08798185,963614.64735505
2017-08-21,EGX:ADIB,3.08798185,3.12726146,3.0366162,3.09704637,479475.70699284
2017-08-22,EGX:ADIB,3.09704637,3.09704637,3.06078827,3.07287431,145357.84924228
2017-08-23,EGX:ADIB,3.07287431,3.11517543,3.02755168,3.0698528,564956.18354634
2017-08-24,EGX:ADIB,3.0698528,3.09100336,3.02453017,3.06380978,450956.84117042
2017-08-27,EGX:ADIB,3.06380978,3.12121844,3.05474525,3.07891732,272354.01024238
2017-08-28,EGX:ADIB,3.07891732,3.11517543,3.07287431,3.09704637,306883.11864732
2017-08-29,EGX:ADIB,3.09704637,3.13028297,3.08193883,3.10006788,911839.18757485
2017-08-30,EGX:ADIB,3.10006788,3.12121844,3.05776676,3.08193883,556917.15313173
2017-09-05,EGX:ADIB,3.08193883,3.12121844,3.07589581,3.11215392,312817.24031607
2017-09-06,EGX:ADIB,3.11215392,3.11215392,3.06380978,3.07891732,482573.4972226
2017-09-07,EGX:ADIB,3.07891732,3.17862711,3.07891732,3.142369,2915960.53400275
2017-09-10,EGX:ADIB,3.142369,3.19675616,3.11215392,3.15747655,1192639.30964024
2017-09-11,EGX:ADIB,3.15747655,3.17258409,3.12121844,3.14841202,820950.81653907
2017-09-12,EGX:ADIB,3.14841202,3.17258409,3.12726146,3.1393475,584357.08774165
2017-09-13,EGX:ADIB,3.1393475,3.23301426,3.11215392,3.19675616,1963055.76825399
2017-09-14,EGX:ADIB,3.19675616,3.24812181,3.16351956,3.20582069,1326261.29974288
2017-09-17,EGX:ADIB,3.20582069,3.20582069,3.15143353,3.17258409,391006.65717282
2017-09-18,EGX:ADIB,3.17258409,3.17258409,3.10913241,3.12121844,2400410.13309505
2017-09-19,EGX:ADIB,3.12121844,3.29646595,3.12121844,3.22999276,6075825.71412935
2017-09-20,EGX:ADIB,3.22999276,3.55027267,3.22999276,3.50192853,7518786.99388433
2017-09-24,EGX:ADIB,3.50192853,3.84638052,3.50192853,3.74667074,3262393.43175857
2017-09-25,EGX:ADIB,3.74667074,4.12133781,3.74667074,4.03975708,7894178.93492043
2017-09-26,EGX:ADIB,4.03975708,4.37514454,4.03975708,4.16666044,4158455.73255433
2017-09-27,EGX:ADIB,4.16666044,4.58060713,4.09414423,4.34492945,5381420.95231768
2017-09-28,EGX:ADIB,4.34492945,4.77398368,4.34492945,4.51715544,3345408.25262706
2017-10-01,EGX:ADIB,4.51715544,4.61988674,4.38420906,4.47787583,2551268.5457581
2017-10-02,EGX:ADIB,4.47787583,4.60477919,4.10925177,4.32377889,5045429.85816749
2017-10-03,EGX:ADIB,4.32377889,4.48391885,4.10925177,4.30564984,5034564.42512873
2017-10-04,EGX:ADIB,4.30564984,4.40233811,3.89774617,4.06090764,11736643.51601517
2017-10-08,EGX:ADIB,4.06090764,4.21500458,4.01860652,4.10623027,5814621.7629511
2017-10-09,EGX:ADIB,4.10623027,4.16666044,3.91587522,3.99443445,4450789.82785763
2017-10-10,EGX:ADIB,3.99443445,3.99443445,3.80105789,3.86753108,7171205.66321214
2017-10-11,EGX:ADIB,3.86753108,4.03371406,3.86753108,3.97328389,5170860.57602799
2017-10-12,EGX:ADIB,3.97328389,4.07903669,3.95817634,4.03673557,5237823.81290684
2017-10-15,EGX:ADIB,4.03673557,4.14550988,4.02767104,4.09716574,4288188.93684504
2017-10-16,EGX:ADIB,4.09716574,4.10925177,3.77688582,3.91889673,4131247.47029065
2017-10-17,EGX:ADIB,3.91889673,3.96724087,3.78595035,3.89774617,2455336.33678414
2017-10-18,EGX:ADIB,3.89774617,4.06392915,3.89774617,3.97328389,3958135.27396855
2017-10-19,EGX:ADIB,3.97328389,4.08810121,3.87055259,4.01558501,6726613.19235349
2017-10-22,EGX:ADIB,4.01558501,4.10925177,3.99141294,4.04580009,2334039.31550159
2017-10-23,EGX:ADIB,4.04580009,4.09414423,4.00954199,4.05788613,2669030.90895798
2017-10-24,EGX:ADIB,4.05788613,4.12435932,3.96421936,4.04277858,2306099.63054477
2017-10-25,EGX:ADIB,4.04277858,4.0488216,3.95817634,4.00047746,1358821.19320475
2017-10-26,EGX:ADIB,4.00047746,4.03975708,3.95817634,3.99141294,1404358.04766114
2017-10-29,EGX:ADIB,3.99141294,4.0125635,3.91587522,3.93400427,1858952.14466756
2017-10-30,EGX:ADIB,3.93400427,4.03371406,3.92796126,3.98536992,1691234.60440796
2017-10-31,EGX:ADIB,3.98536992,4.33888643,3.98536992,4.19385402,11051753.86842416
2017-11-01,EGX:ADIB,4.19385402,4.40838113,4.19385402,4.32075738,3424607.09899244
2017-11-02,EGX:ADIB,4.32075738,4.32075738,4.16968195,4.23917665,1537007.01390955
2017-11-05,EGX:ADIB,4.23917665,4.23917665,4.05788613,4.16968195,1484933.68968419
2017-11-06,EGX:ADIB,4.16968195,4.21802609,3.97328389,4.10320876,2357226.40775549
2017-11-07,EGX:ADIB,4.10320876,4.10320876,3.91285371,3.9793269,3857569.61806974
2017-11-08,EGX:ADIB,3.9793269,4.03371406,3.95817634,4.00047746,1257467.85132871
2017-11-09,EGX:ADIB,4.00047746,4.13946686,3.97328389,4.05788613,1333896.55835403
2017-11-12,EGX:ADIB,4.05788613,4.28449928,4.04580009,4.18176798,5472203.41599517
2017-11-13,EGX:ADIB,4.18176798,4.29054229,4.1545744,4.21802609,3814091.33788996
2017-11-14,EGX:ADIB,4.21802609,4.54737053,4.18478949,4.4325532,6931782.22218562
2017-11-15,EGX:ADIB,4.4325532,4.65312333,4.4325532,4.55643506,5478101.13200951
2017-11-16,EGX:ADIB,4.55643506,4.59269316,4.35097247,4.45672527,3354546.07188384
2017-11-19,EGX:ADIB,4.45672527,4.49298337,4.23615514,4.36910152,3463445.31303748
2017-11-20,EGX:ADIB,4.36910152,4.36910152,4.08810121,4.21198307,3819151.72385288
2017-11-21,EGX:ADIB,4.21198307,4.26939173,4.13040234,4.19687553,1601835.55559803
2017-11-22,EGX:ADIB,4.19687553,4.41744566,4.16968195,4.31471436,2821904.87103335
2017-11-23,EGX:ADIB,4.31471436,4.49600488,4.31471436,4.4325532,2838184.81776429
2017-11-26,EGX:ADIB,4.4325532,4.47183281,4.32075738,4.39025208,1770893.48586089
2017-11-27,EGX:ADIB,4.39025208,4.42046717,4.27845626,4.37212303,1495157.05936336
2017-11-28,EGX:ADIB,4.37212303,4.48089734,4.36910152,4.43557471,2638228.4157226
2017-11-29,EGX:ADIB,4.43557471,4.44161773,4.32075738,4.3630585,1630887.2678168
2017-12-03,EGX:ADIB,4.3630585,4.41140264,4.33284342,4.38723057,664184.75904684
2017-12-04,EGX:ADIB,4.38723057,4.38723057,4.33284342,4.35701548,2185649.86812848
2017-12-05,EGX:ADIB,4.35701548,4.37816605,4.31773587,4.34795096,660693.12582847
2017-12-06,EGX:ADIB,4.34795096,4.43859622,4.31169286,4.37212303,961436.92730037
2017-12-07,EGX:ADIB,4.37212303,4.48391885,4.32075738,4.4325532,1679879.34983715
2017-12-10,EGX:ADIB,4.4325532,4.5715426,4.41442415,4.51111243,1746296.50189985
2017-12-11,EGX:ADIB,4.51111243,4.84952109,4.51111243,4.71959652,6325406.33273612
2017-12-12,EGX:ADIB,4.71959652,4.79815575,4.62895126,4.70751049,1758945.81200468
2017-12-13,EGX:ADIB,4.70751049,4.90995157,4.62592976,4.81326329,9365334.7392131
2017-12-14,EGX:ADIB,4.81326329,4.81326329,4.69844596,4.72866105,1652896.14070982
2017-12-17,EGX:ADIB,4.72866105,4.8162848,4.68635993,4.74376859,1126850.98251734
2017-12-18,EGX:ADIB,4.74376859,4.82534933,4.68031691,4.74376859,1089290.27598157
2017-12-19,EGX:ADIB,4.74376859,4.86765075,4.69240295,4.82534933,3122926.67932074
2017-12-20,EGX:ADIB,4.82534933,4.82534933,4.56247807,4.65916635,669963.32928311
2017-12-21,EGX:ADIB,4.65916635,4.65916635,4.44161773,4.50809092,1846177.06957478
2017-12-24,EGX:ADIB,4.50809092,4.71355351,4.50809092,4.65312333,2419923.56385854
2017-12-25,EGX:ADIB,4.65312333,4.68333842,4.55341355,4.59873618,609410.79718528
2017-12-26,EGX:ADIB,4.59873618,4.68333842,4.50809092,4.58967165,1440452.59920568
2017-12-27,EGX:ADIB,4.58967165,4.63801579,4.5020479,4.57758562,751823.09802533
2017-12-28,EGX:ADIB,4.57758562,4.77398368,4.54737053,4.70146747,3026915.03982806
2017-12-31,EGX:ADIB,4.70146747,4.75283312,4.65312333,4.69240295,1118732.52158402
2018-01-02,EGX:ADIB,4.69240295,4.7467901,4.68333842,4.70448898,324725.19891292
2018-01-03,EGX:ADIB,4.70448898,4.77096217,4.61988674,4.66218786,762063.01572924
2018-01-04,EGX:ADIB,4.66218786,4.6772954,4.51111243,4.57758562,914559.68284073
2018-01-08,EGX:ADIB,4.57758562,4.90390855,4.5352845,4.73470407,3488462.6168267
2018-01-09,EGX:ADIB,4.73470407,4.89786523,4.73470407,4.8525426,1576649.46195655
2018-01-10,EGX:ADIB,4.8525426,5.07311334,4.78304821,4.96736054,3392580.05192693
2018-01-11,EGX:ADIB,4.96736054,5.061027,4.94016666,5.00361804,1203031.46917168
2018-01-14,EGX:ADIB,5.00361804,5.16073679,4.92808032,5.03987644,2148281.11867961
2018-01-15,EGX:ADIB,5.03987644,5.03987644,4.8857795,4.94318847,1393092.15242387
2018-01-16,EGX:ADIB,4.94318847,4.98548929,4.88275799,4.91297308,249991.00962011
2018-01-17,EGX:ADIB,4.91297308,5.13656472,4.91297308,5.09124209,2207423.75907031
2018-01-18,EGX:ADIB,5.09124209,5.24231752,5.09124209,5.18490886,1460482.32834079
2018-01-21,EGX:ADIB,5.18490886,5.18490886,5.0277901,5.06404851,378830.62057532
2018-01-22,EGX:ADIB,5.06404851,5.1305217,4.90995157,4.97642446,345767.66716161
2018-01-23,EGX:ADIB,4.97642446,5.10634963,4.96433873,5.01570437,279678.16598858
2018-01-24,EGX:ADIB,5.01570437,5.13958623,4.98548929,5.10030631,1876529.45653746
2018-01-28,EGX:ADIB,5.10030631,5.15167196,5.01570437,5.12749989,537612.22747986
2018-01-29,EGX:ADIB,5.12749989,5.21210244,5.07613424,5.14260774,1379506.22411924
2018-01-30,EGX:ADIB,5.14260774,5.19699519,4.98851079,5.10937114,1175396.26786992
2018-01-31,EGX:ADIB,5.10937114,5.13958623,4.86462894,4.99757562,2028129.22070849
2018-02-01,EGX:ADIB,4.99757562,5.03081192,4.85556441,4.97340295,1370570.29076418
2018-02-04,EGX:ADIB,4.97340295,5.04289825,4.81326329,4.92808032,495550.45821711
2018-02-05,EGX:ADIB,4.92808032,4.97038204,4.78304821,4.86462894,535527.17636368
2018-02-06,EGX:ADIB,4.86462894,4.86462894,4.48089734,4.65916635,2117908.87408725
2018-02-07,EGX:ADIB,4.65916635,4.80419877,4.62592976,4.710532,1233145.56457822
2018-02-08,EGX:ADIB,4.710532,4.7467901,4.46881131,4.54132751,1845462.19490637
2018-02-11,EGX:ADIB,4.54132751,4.58362863,4.35399398,4.45370376,1548021.3791709
2018-02-12,EGX:ADIB,4.45370376,4.67427389,4.45370376,4.58665014,2917545.83477204
2018-02-13,EGX:ADIB,4.58665014,4.64708032,4.42046717,4.52924148,1311973.73518962
2018-02-14,EGX:ADIB,4.52924148,4.55341355,4.42953169,4.50809092,423242.20934996
2018-02-15,EGX:ADIB,4.50809092,4.57758562,4.38723057,4.49298337,1238047.08950372
2018-02-18,EGX:ADIB,4.49298337,4.60175769,4.44161773,4.49902639,959219.49198634
2018-02-19,EGX:ADIB,4.49902639,4.61988674,4.48694036,4.55039204,1671711.24482963
2018-02-20,EGX:ADIB,4.55039204,4.72866105,4.5020479,4.62592976,3544623.30316077
2018-02-21,EGX:ADIB,4.62592976,4.85858592,4.62592976,4.77398368,2238199.77546612
2018-02-22,EGX:ADIB,4.77398368,5.25138175,4.66823088,5.11239265,5754433.28739737
2018-02-25,EGX:ADIB,5.11239265,5.22720968,5.04591976,5.1305217,1901040.39076989
2018-02-26,EGX:ADIB,5.1305217,5.49008123,5.12749989,5.3390058,3591090.15660707
2018-02-27,EGX:ADIB,5.3390058,5.43871558,5.3057689,5.37828511,1202475.4555407
2018-02-28,EGX:ADIB,5.37828511,5.68043597,5.30274739,5.49310274,1455031.40899421
2018-03-01,EGX:ADIB,5.49310274,5.49310274,5.14865106,5.28159713,923515.47382546
2018-03-04,EGX:ADIB,5.28159713,5.31785524,5.18188735,5.24836084,387018.58321251
2018-03-05,EGX:ADIB,5.24836084,5.34202731,5.23023118,5.29670498,322448.19070985
2018-03-06,EGX:ADIB,5.29670498,5.43267257,5.25742506,5.34807063,857594.76250471
2018-03-07,EGX:ADIB,5.34807063,5.4085005,5.27253291,5.34504912,850300.39320302
2018-03-08,EGX:ADIB,5.34504912,5.34807063,5.19397369,5.2362745,359876.51304776
2018-03-11,EGX:ADIB,5.2362745,5.31785524,5.14562955,5.17282312,367726.89598042
2018-03-12,EGX:ADIB,5.17282312,5.43871558,5.13656472,5.3390058,2204441.80501368
2018-03-13,EGX:ADIB,5.3390058,5.42360834,5.3057689,5.3752642,439085.28822798
2018-03-14,EGX:ADIB,5.3752642,5.55957593,5.29066166,5.41756502,2176018.9177347
2018-03-15,EGX:ADIB,5.41756502,5.51123179,5.29368317,5.43871558,1175412.81589466
2018-03-18,EGX:ADIB,5.43871558,5.45986615,5.31785524,5.39641477,283404.78115814
2018-03-19,EGX:ADIB,5.39641477,5.39641477,5.17886554,5.233253,455557.19204581
2018-03-20,EGX:ADIB,5.233253,5.37828511,5.20605942,5.27555381,444271.43917886
2018-03-21,EGX:ADIB,5.27555381,5.30274739,5.25742506,5.27555381,77610.23599115
2018-03-22,EGX:ADIB,5.27555381,5.27555381,5.18793037,5.21814545,152413.92698783
2018-03-25,EGX:ADIB,5.21814545,5.22720968,5.15469347,5.17886554,60221.5716032
2018-03-26,EGX:ADIB,5.17886554,5.19699519,5.04894067,5.0942639,248250.15741835
2018-03-27,EGX:ADIB,5.0942639,5.15167196,4.98548929,5.0247686,384218.65742793
2018-03-28,EGX:ADIB,5.0247686,5.09124209,4.80419877,4.86765075,847096.69561499
2018-03-29,EGX:ADIB,4.86765075,5.0247686,4.86462894,4.94318847,1077935.02141076
2018-04-01,EGX:ADIB,4.94318847,5.03081192,4.8857795,4.94016666,246486.13798196
2018-04-02,EGX:ADIB,4.94016666,4.96736054,4.83441385,4.89182282,590671.81397923
2018-04-03,EGX:ADIB,4.89182282,4.89182282,4.76491915,4.81930631,957673.90647641
2018-04-04,EGX:ADIB,4.81930631,4.83441385,4.68938144,4.75585463,483579.61712628
2018-04-05,EGX:ADIB,4.75585463,4.75585463,4.59269316,4.61082221,862463.19138074
2018-04-10,EGX:ADIB,4.61082221,4.83139234,4.61082221,4.74981161,417758.19395391
2018-04-11,EGX:ADIB,4.74981161,4.83441385,4.56549958,4.66823088,1189872.47990512
2018-04-12,EGX:ADIB,4.66823088,4.68333842,4.53226299,4.61988674,448047.69842261
2018-04-15,EGX:ADIB,4.61988674,4.68333842,4.5715426,4.63499428,329120.35428163
2018-04-16,EGX:ADIB,4.63499428,4.74981161,4.62290825,4.70751049,838488.41314961
2018-04-17,EGX:ADIB,4.70751049,5.05800549,4.70751049,4.95225239,3282317.2535354
2018-04-18,EGX:ADIB,4.95225239,5.04289825,4.80419877,4.89182282,2628885.40095915
2018-04-19,EGX:ADIB,4.89182282,4.98548929,4.81024178,4.87973648,1415640.49092313
2018-04-22,EGX:ADIB,4.87973648,5.01268286,4.83441385,4.90995157,506144.50365027
2018-04-23,EGX:ADIB,4.90995157,5.01872618,4.83743536,4.96131722,987341.2052152
2018-04-24,EGX:ADIB,4.96131722,5.31785524,4.96131722,5.19397369,4197479.28447636
2018-04-26,EGX:ADIB,5.19397369,5.71065136,5.19397369,5.5142533,4180729.37384304
2018-04-29,EGX:ADIB,5.5142533,5.62302791,5.32389856,5.43871558,883055.55335673
2018-04-30,EGX:ADIB,5.43871558,5.43871558,5.20908093,5.26346808,346561.97234872
2018-05-02,EGX:ADIB,5.26346808,5.49914606,5.19699519,5.35109153,959193.01514677
2018-05-03,EGX:ADIB,5.35109153,5.36015636,5.23929601,5.31181222,594649.9591247
2018-05-06,EGX:ADIB,5.31181222,5.31181222,5.09124209,5.18793037,242815.7860965
2018-05-07,EGX:ADIB,5.18793037,5.2362745,5.09124209,5.13958623,2005332.66183825
2018-05-08,EGX:ADIB,5.13958623,5.21210244,5.04591976,5.16980162,1146397.50933029
2018-05-09,EGX:ADIB,5.16980162,5.16980162,4.9552742,5.08519907,1005868.37370469
2018-05-10,EGX:ADIB,5.08519907,5.08519907,4.9552742,4.99455411,1517910.5933693
2018-05-13,EGX:ADIB,4.99455411,5.22418877,4.89786523,5.09728541,144977.24467345
2018-05-14,EGX:ADIB,5.09728541,5.33296278,5.06404851,5.20605942,1476328.71682376
2018-05-15,EGX:ADIB,5.20605942,5.22720968,5.08519907,5.13656472,694153.23183575
2018-05-16,EGX:ADIB,5.13656472,5.26044657,5.13656472,5.18793037,384622.42923138
2018-05-17,EGX:ADIB,5.18793037,5.18793037,5.15167196,5.16677981,12728.74062354
2018-05-20,EGX:ADIB,5.16677981,5.27857532,5.13656472,5.17282312,284255.34962934
2018-05-21,EGX:ADIB,5.17282312,5.33296278,5.16677981,5.25440325,588851.53125875
2018-05-22,EGX:ADIB,5.25440325,5.34504912,5.19699519,5.27857532,2521462.24361157
2018-05-23,EGX:ADIB,5.27857532,5.27857532,5.13656472,5.14562955,183467.95019913
2018-05-24,EGX:ADIB,5.14562955,5.22720968,5.14562955,5.18188735,785650.57018165
2018-05-27,EGX:ADIB,5.18188735,5.27253291,5.18188735,5.23023118,9266.89384969
2018-05-28,EGX:ADIB,5.23023118,5.34807063,5.08822058,5.19699519,613590.82823248
2018-05-29,EGX:ADIB,5.19699519,5.33296278,5.18793037,5.21512394,599759.98916182
2018-05-30,EGX:ADIB,5.21512394,5.21512394,5.10634963,5.13656472,134618.18119148
2018-05-31,EGX:ADIB,5.13656472,5.19699519,5.04591976,5.09728541,493395.90539706
2018-06-03,EGX:ADIB,5.09728541,5.20908093,5.07915575,5.10937114,25318.47783933
2018-06-04,EGX:ADIB,5.10937114,5.34202731,4.85556441,5.15771528,476871.04790009
2018-06-05,EGX:ADIB,5.15771528,5.15771528,4.76794066,5.00361804,53516.31198196
2018-06-06,EGX:ADIB,5.00361804,5.00361804,4.68333842,4.81024178,1053046.79221445
2018-06-07,EGX:ADIB,4.81024178,4.83441385,4.63197277,4.78304821,295977.9703492
2018-06-10,EGX:ADIB,4.78304821,4.84045687,4.77700519,4.80419877,23746.41548983
2018-06-11,EGX:ADIB,4.80419877,4.9552742,4.80419877,4.8857795,28005.87705574
2018-06-12,EGX:ADIB,4.8857795,5.00059653,4.88275799,4.97038204,64656.44223126
2018-06-13,EGX:ADIB,4.97038204,5.14865106,4.90995157,5.03383342,434316.14750034
2018-06-14,EGX:ADIB,5.03383342,5.13656472,4.94318847,5.12447838,95194.16707094
2018-06-19,EGX:ADIB,5.12447838,5.17282312,5.06404851,5.11843597,72622.66133705
2018-06-20,EGX:ADIB,5.11843597,5.49612455,5.11843597,5.38734994,932878.3462186
2018-06-21,EGX:ADIB,5.38734994,5.5142533,5.36317787,5.45382283,174436.03830063
2018-06-24,EGX:ADIB,5.45382283,5.45382283,5.31181222,5.36317787,97279.21818712
2018-06-25,EGX:ADIB,5.36317787,5.36317787,5.16980162,5.28764015,121244.06760341
2018-06-26,EGX:ADIB,5.28764015,5.28764015,5.17282312,5.25742506,72609.42291727
2018-06-27,EGX:ADIB,5.25742506,5.43569408,5.25742506,5.36317787,372012.83438591
2018-06-28,EGX:ADIB,5.36317787,5.43871558,5.36317787,5.43871558,367932.0914871
2018-07-02,EGX:ADIB,5.43871558,5.47497399,5.4085005,5.4447586,57967.73063476
2018-07-03,EGX:ADIB,5.4447586,5.46288765,5.31785524,5.42058683,317556.59459919
2018-07-04,EGX:ADIB,5.42058683,5.42058683,5.32389856,5.34504912,42197.46306555
2018-07-05,EGX:ADIB,5.34504912,5.43267257,5.21512394,5.31785524,247574.9980093
2018-07-08,EGX:ADIB,5.31785524,5.40547869,5.03081192,5.10332782,154558.55099304
2018-07-09,EGX:ADIB,5.10332782,5.28461864,5.01570437,5.21814545,105334.79662646
2018-07-10,EGX:ADIB,5.21814545,5.22720968,5.21210244,5.21512394,47989.27172161
2018-07-11,EGX:ADIB,5.21512394,5.21512394,5.19699519,5.21512394,353707.40942782
2018-07-12,EGX:ADIB,5.21512394,5.21512394,5.07613424,5.19699519,43623.90279741
2018-07-15,EGX:ADIB,5.19699519,5.28764015,5.16980162,5.26648959,139774.54569784
2018-07-16,EGX:ADIB,5.26648959,5.34807063,5.13656472,5.28159713,122984.91980517
2018-07-17,EGX:ADIB,5.28159713,5.28159713,5.03383342,5.10634963,71328.60580304
2018-07-18,EGX:ADIB,5.10634963,5.21210244,5.10634963,5.10634963,4302.48643021
2018-07-19,EGX:ADIB,5.10634963,5.26346808,5.0942639,5.10634963,23521.36235348
2018-07-22,EGX:ADIB,5.10634963,5.10634963,5.0277901,5.05800549,36405.6544095
2018-07-24,EGX:ADIB,5.05800549,5.25742506,5.05800549,5.18793037,19093.11093531
2018-07-25,EGX:ADIB,5.18793037,5.18793037,5.0277901,5.18793037,4302.48643021
2018-07-26,EGX:ADIB,5.18793037,5.18793037,4.92505881,5.00663985,645455.70465563
2018-07-29,EGX:ADIB,5.00663985,5.15167196,4.98548929,5.03081192,147949.26991524
2018-07-30,EGX:ADIB,5.03081192,5.03081192,4.91599459,4.98246778,442100.33833408
2018-07-31,EGX:ADIB,4.98246778,5.04591976,4.90995157,5.00059653,398337.43212892
2018-08-01,EGX:ADIB,5.00059653,5.11239265,4.94016666,5.00361804,170603.51577279
2018-08-02,EGX:ADIB,5.00361804,5.16677981,4.92505881,5.12447838,185586.09736477
2018-08-05,EGX:ADIB,5.12447838,5.13656472,5.04591976,5.061027,7909.9558217
2018-08-06,EGX:ADIB,5.061027,5.061027,4.98851079,5.01570437,41949.24269458
2018-08-07,EGX:ADIB,5.01570437,5.18188735,5.01570437,5.13354321,67572.20418897
2018-08-08,EGX:ADIB,5.13354321,5.4085005,5.13354321,5.3057689,337146.14627645
2018-08-09,EGX:ADIB,5.3057689,5.31483373,5.16677981,5.27857532,362762.48856095
2018-08-12,EGX:ADIB,5.27857532,5.27857532,5.13656472,5.15771528,49998.20192402
2018-08-13,EGX:ADIB,5.15771528,5.21210244,5.0247686,5.11239265,64457.86593449
2018-08-14,EGX:ADIB,5.11239265,5.11239265,4.89786523,4.9915323,25914.20672967
2018-08-15,EGX:ADIB,4.9915323,5.13656472,4.98548929,5.04289825,28803.4918478
2018-08-16,EGX:ADIB,5.04289825,5.26044657,5.04289825,5.25742506,165410.74561202
2018-08-19,EGX:ADIB,5.25742506,5.25742506,5.25742506,5.25742506,0.0
2018-08-26,EGX:ADIB,5.25742506,5.25742506,5.14260774,5.25742506,5096.79161733
2018-08-27,EGX:ADIB,5.25742506,5.25742506,5.13656472,5.14562955,23571.00642768
2018-08-28,EGX:ADIB,5.14562955,5.28764015,5.13656472,5.2000161,38722.37787192
2018-08-29,EGX:ADIB,5.2000161,5.28764015,5.13958623,5.23929601,84428.02218057
2018-08-30,EGX:ADIB,5.23929601,5.28764015,5.16677981,5.25440325,60996.01916064
2018-09-02,EGX:ADIB,5.25440325,5.25440325,5.25440325,5.25440325,0.0
2018-09-03,EGX:ADIB,5.25440325,5.28764015,5.13958623,5.28764015,49644.07419477
2018-09-04,EGX:ADIB,5.28764015,5.28764015,5.03383342,5.10634963,8240.91631633
2018-09-05,EGX:ADIB,5.10634963,5.13656472,4.94318847,4.99757562,586352.77952428
2018-09-06,EGX:ADIB,4.99757562,5.25742506,4.98548929,4.99455411,658747.07812004
2018-09-09,EGX:ADIB,4.99455411,5.23929601,4.97038204,4.98548929,310765.28524935
2018-09-10,EGX:ADIB,4.98548929,4.98548929,4.92505881,4.94923088,31358.50686636
2018-09-13,EGX:ADIB,4.93110213,4.98548929,4.83743536,4.93714515,103656.82691867
2018-09-16,EGX:ADIB,4.93714515,4.93714515,4.77398368,4.81024178,8214.43947676
2018-09-17,EGX:ADIB,4.81024178,4.82837084,4.68333842,4.71355351,501153.61939123
2018-09-18,EGX:ADIB,4.71355351,4.79211273,4.39931661,4.65614484,27502.8171039
2018-09-19,EGX:ADIB,4.65614484,5.12145748,4.23011212,4.55039204,131950.63960474
2018-09-20,EGX:ADIB,4.55039204,4.75887614,4.23011212,4.30564984,56968.22994097
2018-09-23,EGX:ADIB,4.30564984,4.72866105,4.30564984,4.54434902,122514.95590279
2018-09-24,EGX:ADIB,4.54434902,4.54434902,4.40535962,4.52924148,201386.15137849
2018-09-25,EGX:ADIB,4.52924148,4.53226299,4.36608001,4.50809092,116117.48954156
2018-09-26,EGX:ADIB,4.50809092,4.65010182,4.4657898,4.53226299,287750.29245265
2018-09-27,EGX:ADIB,4.53226299,4.74981161,4.47183281,4.52924148,477913.57345818
2018-09-30,EGX:ADIB,4.52924148,4.63499428,4.38118755,4.42046717,16107.84727373
2018-10-01,EGX:ADIB,4.42046717,4.52621997,4.29054229,4.46881131,8386.53893397
2018-10-02,EGX:ADIB,4.46881131,4.46881131,4.26334872,4.29960682,617003.03093213
2018-10-03,EGX:ADIB,4.29960682,4.38118755,4.19385402,4.26032721,549957.05392963
2018-10-04,EGX:ADIB,4.26032721,4.26032721,4.06392915,4.10018725,640636.91985379
2018-10-08,EGX:ADIB,4.10018725,4.10018725,3.69228358,3.72249867,833851.65661982
2018-10-09,EGX:ADIB,3.72249867,3.77084281,3.62278888,3.64696095,84653.07531692
2018-10-10,EGX:ADIB,3.64696095,3.74667074,3.45056289,3.66811151,466525.2228379
2018-10-11,EGX:ADIB,3.66811151,3.66811151,3.36293914,3.64393944,476281.93821965
2018-10-14,EGX:ADIB,3.64393944,4.00652048,3.62581039,3.7678213,1451701.94641821
2018-10-15,EGX:ADIB,3.7678213,3.97328389,3.72854168,3.84335901,264182.59562993
2018-10-16,EGX:ADIB,3.84335901,3.85242354,3.75573526,3.84335901,553660.50186456
2018-10-17,EGX:ADIB,3.84335901,4.07903669,3.837316,3.93098276,614150.15146841
2018-10-18,EGX:ADIB,3.93098276,3.93098276,3.80710091,3.84940203,42356.32410298
2018-10-21,EGX:ADIB,3.84940203,3.88263863,3.80710091,3.84940203,2151.24321511
2018-10-22,EGX:ADIB,3.84940203,3.86148806,3.72854168,3.77084281,153337.30676785
2018-10-23,EGX:ADIB,3.77084281,3.77990733,3.68624056,3.74667074,129597.51048791
2018-10-24,EGX:ADIB,3.74667074,3.74667074,3.67113302,3.70436961,52788.19889377
2018-10-25,EGX:ADIB,3.70436961,3.73760621,3.5955953,3.68019755,84987.34541649
2018-10-28,EGX:ADIB,3.68019755,3.85242354,3.67113302,3.68019755,6145.93638531
2018-10-29,EGX:ADIB,3.68019755,3.80710091,3.45962741,3.8040794,1173089.47322234
2018-10-30,EGX:ADIB,3.8040794,3.8040794,3.71645565,3.77084281,12225.6806717
2018-10-31,EGX:ADIB,3.77084281,3.77688582,3.66206849,3.73760621,56448.6219644
2018-11-01,EGX:ADIB,3.73760621,3.84335901,3.71645565,3.82220845,54277.52111961
2018-11-04,EGX:ADIB,3.82220845,3.86148806,3.76177828,3.8403375,27138.76055981
2018-11-05,EGX:ADIB,3.8403375,3.88868164,3.81314393,3.85846656,42475.46988104
2018-11-06,EGX:ADIB,3.85846656,3.91587522,3.85846656,3.90681069,42144.50938641
2018-11-07,EGX:ADIB,3.90681069,4.09414423,3.90681069,4.04277858,208207.24717285
2018-11-08,EGX:ADIB,4.04277858,4.23615514,4.04277858,4.14550988,830290.52169758
2018-11-11,EGX:ADIB,4.14550988,4.14550988,3.93098276,4.03371406,103504.58509114
2018-11-12,EGX:ADIB,4.03371406,4.07903669,3.93098276,4.02464953,183947.84291634
2018-11-13,EGX:ADIB,4.02464953,4.03371406,3.90076768,3.94004729,193462.95713701
2018-11-14,EGX:ADIB,3.94004729,4.00349897,3.85242354,3.9098322,108310.1314732
2018-11-15,EGX:ADIB,3.9098322,4.01558501,3.89774617,3.93400427,132953.44990348
2018-11-18,EGX:ADIB,3.93400427,3.94609031,3.88263863,3.92493975,94714.27435372
2018-11-19,EGX:ADIB,3.92493975,4.07903669,3.92493975,3.95213332,1492853.57432073
2018-11-22,EGX:ADIB,3.99141294,4.07903669,3.91285371,3.94004729,415421.61286181
2018-11-25,EGX:ADIB,3.94004729,3.94004729,3.54725116,3.61372436,1511211.95295795
2018-11-26,EGX:ADIB,3.61372436,3.61976737,3.32365952,3.43243384,2055072.71457646
2018-11-27,EGX:ADIB,3.43243384,3.5230791,3.3840897,3.44451987,1032288.94999114
2018-11-28,EGX:ADIB,3.44451987,3.51703608,3.39919724,3.42941233,211467.20804498
2018-11-29,EGX:ADIB,3.42941233,3.48077797,3.41430478,3.44451987,186717.98225641
2018-12-02,EGX:ADIB,3.44451987,3.44451987,3.37804668,3.40524026,42472.1602761
2018-12-03,EGX:ADIB,3.40524026,3.47473496,3.26322935,3.35387461,176802.40583724
2018-12-04,EGX:ADIB,3.35387461,3.35387461,3.17258409,3.22394974,106605.68492584
2018-12-05,EGX:ADIB,3.22394974,3.23301426,3.142369,3.18467013,70706.40007313
2018-12-06,EGX:ADIB,3.18467013,3.31157349,3.02150866,3.13028297,263163.23730646
2018-12-09,EGX:ADIB,3.13028297,3.23301426,3.0366162,3.16351956,210325.3943385
2018-12-10,EGX:ADIB,3.16351956,3.3840897,3.13330448,3.32063802,499316.78864602
2018-12-11,EGX:ADIB,3.32063802,3.47473496,3.32063802,3.44754138,421637.05095099
2018-12-12,EGX:ADIB,3.44754138,3.50192853,3.44754138,3.47775647,127452.8864827
2018-12-13,EGX:ADIB,3.47775647,3.71645565,3.39013271,3.54120815,1843486.36075342
2018-12-16,EGX:ADIB,3.54120815,3.66509,3.4898425,3.52005759,224232.35432292
2018-12-17,EGX:ADIB,3.52005759,3.5955953,3.46869194,3.50495004,418132.17931284
2018-12-18,EGX:ADIB,3.50495004,3.50495004,3.40221875,3.4566059,1860808.83304245
2018-12-19,EGX:ADIB,3.4566059,3.49588552,3.38106819,3.41430478,395189.99782497
2018-12-20,EGX:ADIB,3.41430478,3.42941233,3.34783159,3.3840897,605601.44189207
2018-12-23,EGX:ADIB,3.3840897,3.3840897,3.22092823,3.30553047,336394.86595363
2018-12-24,EGX:ADIB,3.30553047,3.32365952,3.17862711,3.31157349,197599.9633199
2018-12-25,EGX:ADIB,3.31157349,3.37804668,3.25114332,3.30553047,611118.55333758
2018-12-26,EGX:ADIB,3.30553047,3.36898215,3.24812181,3.29042293,363086.82984569
2018-12-27,EGX:ADIB,3.29042293,3.3508531,3.26625086,3.29948745,182541.26081416
2018-12-30,EGX:ADIB,3.29948745,3.46869194,3.29948745,3.39315422,542004.07324363
2018-12-31,EGX:ADIB,3.39315422,3.4898425,3.33876707,3.45962741,907089.90447689
2019-01-02,EGX:ADIB,3.45962741,3.53214362,3.42336931,3.47171345,473475.39322517
2019-01-03,EGX:ADIB,3.47171345,3.65602548,3.42336931,3.58048776,1745042.1616252
2019-01-06,EGX:ADIB,3.58048776,3.71645565,3.58048776,3.64091793,1030356.14070249
2019-01-08,EGX:ADIB,3.64091793,3.71645565,3.56538022,3.58653078,368203.47909269
2019-01-09,EGX:ADIB,3.58653078,3.61070285,3.38711121,3.49286401,641120.12217595
2019-01-10,EGX:ADIB,3.49286401,3.51703608,3.39617573,3.43847685,2529799.13847134
2019-01-13,EGX:ADIB,3.43847685,3.49286401,3.3840897,3.42941233,1053834.47819167
2019-01-14,EGX:ADIB,3.42941233,3.42941233,3.27229388,3.34178858,1627858.97929092
2019-01-15,EGX:ADIB,3.34178858,3.3508531,3.26927237,3.30855198,1572939.39481173
2019-01-16,EGX:ADIB,3.30855198,3.3508531,3.19675616,3.24207879,2039961.05839158
2019-01-17,EGX:ADIB,3.24207879,3.26322935,3.142369,3.19675616,2042274.47224905
2019-01-20,EGX:ADIB,3.19675616,3.23301426,3.10006788,3.1393475,1700547.8327269
2019-01-21,EGX:ADIB,3.1393475,3.41430478,3.08496034,3.23301426,8840563.77892494
2019-01-22,EGX:ADIB,3.23301426,3.50495004,3.23301426,3.43545534,3617530.5905232
2019-01-23,EGX:ADIB,3.43545534,3.43847685,3.33272405,3.38106819,1634133.99026914
2019-01-27,EGX:ADIB,3.38106819,3.4566059,3.2813584,3.34783159,3315261.06117105
2019-01-28,EGX:ADIB,3.34783159,3.4203478,3.25718633,3.32668103,4526030.38670722
2019-01-29,EGX:ADIB,3.32668103,3.52005759,3.32668103,3.46264892,4201354.8318685
2019-01-30,EGX:ADIB,3.46264892,3.58653078,3.4535844,3.52005759,2934696.20760386
2019-01-31,EGX:ADIB,3.52005759,3.53214362,3.41732629,3.4566059,1630394.1366798
2019-02-03,EGX:ADIB,3.4566059,3.47473496,3.37502517,3.40524026,1710741.41596156
2019-02-04,EGX:ADIB,3.40524026,3.52005759,3.3840897,3.43545534,3323611.19445061
2019-02-05,EGX:ADIB,3.43545534,3.56840173,3.42639082,3.51703608,4849398.64759215
2019-02-06,EGX:ADIB,3.51703608,3.79501487,3.51703608,3.68019755,12438484.96014121
2019-02-07,EGX:ADIB,3.68019755,3.86753108,3.68019755,3.78595035,2536153.57996827
2019-02-10,EGX:ADIB,3.78595035,3.78595035,3.64696095,3.71645565,806097.30954
2019-02-11,EGX:ADIB,3.71645565,3.82220845,3.70134811,3.75271375,1178037.33261709
2019-02-12,EGX:ADIB,3.75271375,3.82220845,3.73760621,3.77688582,1877062.30293381
2019-02-13,EGX:ADIB,3.77688582,3.92191824,3.77688582,3.85544505,4383489.01127426
2019-02-14,EGX:ADIB,3.85544505,3.85544505,3.77688582,3.79803638,815268.22484625
2019-02-17,EGX:ADIB,3.79803638,3.89774617,3.79803638,3.85544505,972186.52416601
2019-02-18,EGX:ADIB,3.85544505,3.88868164,3.74667074,3.8040794,532694.15452963
2019-02-19,EGX:ADIB,3.8040794,3.88263863,3.8040794,3.8403375,987523.23348725
2019-02-20,EGX:ADIB,3.8403375,3.98234841,3.8403375,3.91285371,3767839.60876517
2019-02-21,EGX:ADIB,3.91285371,3.97328389,3.89170315,3.92191824,1160688.38348849
2019-02-24,EGX:ADIB,3.92191824,3.96421936,3.78595035,3.82825147,664777.17833223
2019-02-25,EGX:ADIB,3.82825147,3.86753108,3.79199337,3.82825147,755721.8126521
2019-02-26,EGX:ADIB,3.82825147,3.92191824,3.82825147,3.86753108,1177239.71782502
2019-02-27,EGX:ADIB,3.86753108,4.12435932,3.86753108,4.04580009,5775853.05060994
2019-02-28,EGX:ADIB,4.04580009,4.13644535,3.89774617,3.99141294,3622243.46796676
2019-03-03,EGX:ADIB,3.99141294,4.03371406,3.90378919,3.94004729,766673.29541946
2019-03-04,EGX:ADIB,3.94004729,4.13040234,3.93400427,4.08810121,3186318.85246251
2019-03-05,EGX:ADIB,4.08810121,4.22709061,4.0820582,4.1545744,2555488.29206466
2019-03-06,EGX:ADIB,4.1545744,4.23011212,4.11227328,4.16061742,2200331.27567035
2019-03-07,EGX:ADIB,4.16061742,4.16363893,4.09112272,4.12738083,770485.96031762
2019-03-10,EGX:ADIB,4.12738083,4.19083251,4.07903669,4.10018725,390377.83223302
2019-03-11,EGX:ADIB,4.10018725,4.21198307,4.10018725,4.16968195,1023674.04831588
2019-03-12,EGX:ADIB,4.16968195,4.17874647,4.0488216,4.09414423,1308468.86355147
2019-03-13,EGX:ADIB,4.09414423,4.11529479,3.91285371,3.97328389,2954633.26780048
2019-03-14,EGX:ADIB,3.97328389,3.97328389,3.89170315,3.93400427,2846266.87304319
2019-03-17,EGX:ADIB,3.93400427,3.98839143,3.92796126,3.94609031,410721.97383804
2019-03-18,EGX:ADIB,3.94609031,3.96724087,3.91587522,3.93098276,576516.63362383
2019-03-19,EGX:ADIB,3.93098276,3.93098276,3.78292884,3.84940203,791108.10873813
2019-03-20,EGX:ADIB,3.84940203,3.89774617,3.81616544,3.86450957,2391020.78386234
2019-03-21,EGX:ADIB,3.86450957,3.88566013,3.79199337,3.83429449,281462.04305465
2019-03-24,EGX:ADIB,3.83429449,3.92796126,3.83429449,3.87659561,1178441.10442054
2019-03-25,EGX:ADIB,3.87659561,3.87961712,3.62581039,3.71041263,798756.60576907
2019-03-26,EGX:ADIB,3.71041263,3.71041263,3.59861681,3.65300397,681914.31274426
2019-03-27,EGX:ADIB,3.65300397,3.70134811,3.56538022,3.6288319,610913.35783091
2019-03-28,EGX:ADIB,3.6288319,3.74667074,3.61070285,3.71041263,320975.41650874
2019-03-31,EGX:ADIB,3.71041263,3.81918694,3.70739112,3.77084281,258576.12485086
2019-04-01,EGX:ADIB,3.77084281,3.84335901,3.71645565,3.80710091,1749983.40181005
2019-04-02,EGX:ADIB,3.80710091,3.84638052,3.74969224,3.79501487,541732.68563803
2019-04-03,EGX:ADIB,3.79501487,3.837316,3.76177828,3.80710091,127386.69438377
2019-04-04,EGX:ADIB,3.80710091,3.82522996,3.75875677,3.79199337,1777754.2969146
2019-04-07,EGX:ADIB,3.79199337,3.79199337,3.62581039,3.69530509,235008.42802813
2019-04-08,EGX:ADIB,3.69530509,3.75271375,3.60163832,3.67113302,950257.08179171
2019-04-09,EGX:ADIB,3.67113302,3.67113302,3.58048776,3.60465983,646885.45399244
2019-04-10,EGX:ADIB,3.60465983,3.68624056,3.5955953,3.63185341,365502.8414565
2019-04-11,EGX:ADIB,3.63185341,3.68019755,3.59861681,3.61372436,103249.74551028
2019-04-14,EGX:ADIB,3.61372436,3.62581039,3.50495004,3.54120815,287114.84830296
2019-04-15,EGX:ADIB,3.54120815,3.58048776,3.47473496,3.5261006,167356.79332045
2019-04-16,EGX:ADIB,3.5261006,3.56538022,3.44451987,3.46567043,324328.04631936
2019-04-17,EGX:ADIB,3.46567043,3.46567043,3.32365952,3.38106819,254932.24980497
2019-04-18,EGX:ADIB,3.38106819,3.48077797,3.36293914,3.37502517,191857.79873804
2019-04-21,EGX:ADIB,3.37502517,3.41430478,3.32970254,3.3508531,114535.49837722
2019-04-22,EGX:ADIB,3.3508531,3.4535844,3.33876707,3.4203478,193956.08827401
2019-04-23,EGX:ADIB,3.4203478,3.4203478,3.32365952,3.36293914,352479.54599274
2019-04-24,EGX:ADIB,3.36293914,3.43243384,3.36293914,3.41430478,124325.30980843
2019-04-30,EGX:ADIB,3.41430478,3.54725116,3.41430478,3.49588552,1152047.00497365
2019-05-02,EGX:ADIB,3.49588552,3.59257379,3.47775647,3.51401457,679647.23335604
2019-05-05,EGX:ADIB,3.51401457,3.51703608,3.34178858,3.40826177,130302.45634148
2019-05-06,EGX:ADIB,3.40826177,3.61070285,3.32668103,3.3840897,225893.77600597
2019-05-07,EGX:ADIB,3.3840897,3.41430478,3.30855198,3.36293914,1787156.88456709
2019-05-08,EGX:ADIB,3.36293914,3.36293914,3.23905728,3.29646595,915751.1406214
2019-05-09,EGX:ADIB,3.29646595,3.32365952,3.142369,3.26322935,1194664.78786739
2019-05-12,EGX:ADIB,3.26322935,3.32365952,3.26322935,3.27531539,1133274.92571814
2019-05-13,EGX:ADIB,3.27531539,3.38711121,3.26322935,3.314595,4515575.3446818
2019-05-14,EGX:ADIB,3.314595,3.44149836,3.30855198,3.32668103,1133579.4093732
2019-05-15,EGX:ADIB,3.32668103,3.44149836,3.32365952,3.37200366,3076588.90046734
2019-05-16,EGX:ADIB,3.37200366,3.56538022,3.37200366,3.4898425,6742608.51305904
2019-05-19,EGX:ADIB,3.4898425,3.56538022,3.43243384,3.52005759,323570.14678665
2019-05-20,EGX:ADIB,3.52005759,3.52005759,3.45962741,3.50192853,1889251.5779511
2019-05-21,EGX:ADIB,3.50192853,3.58048776,3.47473496,3.51703608,534739.49038646
2019-05-22,EGX:ADIB,3.51703608,3.64091793,3.51401457,3.59861681,604783.96947033
2019-05-23,EGX:ADIB,3.59861681,3.62581039,3.56538022,3.60465983,370377.88954242
2019-05-26,EGX:ADIB,3.60465983,3.74667074,3.60465983,3.70739112,550738.12069696
2019-05-27,EGX:ADIB,3.70739112,3.70739112,3.60465983,3.64091793,382735.95441197
2019-05-28,EGX:ADIB,3.64091793,3.71645565,3.56538022,3.58350927,851448.82611939
2019-05-29,EGX:ADIB,3.58350927,3.66206849,3.45962741,3.51703608,676291.29394047
2019-05-30,EGX:ADIB,3.51703608,3.51703608,3.38711121,3.47171345,1663649.0471804
2019-06-02,EGX:ADIB,3.47171345,3.47171345,3.38711121,3.41430478,49634.14537993
2019-06-03,EGX:ADIB,3.41430478,3.49286401,3.41430478,3.44451987,229610.46236069
2019-06-09,EGX:ADIB,3.44451987,3.52005759,3.44451987,3.50192853,57610.29330055
2019-06-10,EGX:ADIB,3.50192853,3.56538022,3.49890703,3.53516513,122111.18409934
2019-06-11,EGX:ADIB,3.53516513,3.67113302,3.53516513,3.5955953,654944.34203672
2019-06-12,EGX:ADIB,3.5955953,3.5955953,3.53516513,3.54725116,46334.46924845
2019-06-13,EGX:ADIB,3.54725116,3.55027267,3.51703608,3.53214362,51461.0473103
2019-06-16,EGX:ADIB,3.53214362,3.56538022,3.47473496,3.48379948,1174353.74231183
2019-06-17,EGX:ADIB,3.48379948,3.55329418,3.48379948,3.54120815,86969.79877934
2019-06-18,EGX:ADIB,3.54120815,3.54120815,3.4898425,3.49286401,1121995.79206109
2019-06-19,EGX:ADIB,3.49286401,3.50797155,3.49286401,3.50495004,211622.75947745
2019-06-20,EGX:ADIB,3.50495004,3.54120815,3.50495004,3.5261006,358761.17618085
2019-06-23,EGX:ADIB,3.5261006,3.5261006,3.47473496,3.48379948,175273.36835204
2019-06-24,EGX:ADIB,3.48379948,3.51401457,3.46567043,3.47775647,499823.15820281
2019-06-25,EGX:ADIB,3.47775647,3.49890703,3.40221875,3.44754138,131000.78298515
2019-06-26,EGX:ADIB,3.44754138,3.58955229,3.44754138,3.51703608,176934.7900351
2019-06-27,EGX:ADIB,3.51703608,3.60768134,3.50797155,3.53214362,60377.12303568
2019-07-02,EGX:ADIB,3.53214362,3.5955953,3.45056289,3.49890703,15422.75904984
2019-07-03,EGX:ADIB,3.49890703,3.50192853,3.45056289,3.48682099,48790.19611862
2019-07-04,EGX:ADIB,3.48682099,3.56538022,3.43847685,3.50797155,208872.47776706
2019-07-07,EGX:ADIB,3.50797155,3.50797155,3.42336931,3.47775647,69988.21579978
2019-07-08,EGX:ADIB,3.47775647,3.50495004,3.47473496,3.47775647,79099.558217
2019-07-09,EGX:ADIB,3.47775647,3.53516513,3.47473496,3.4898425,60731.25076493
2019-07-10,EGX:ADIB,3.4898425,3.4898425,3.44451987,3.47473496,227121.63944106
2019-07-11,EGX:ADIB,3.47473496,3.47473496,3.39919724,3.4203478,166754.44522022
2019-07-14,EGX:ADIB,3.4203478,3.4566059,3.35991763,3.37804668,73747.9270188
2019-07-15,EGX:ADIB,3.37804668,3.37804668,3.28437991,3.32063802,360041.99329507
2019-07-16,EGX:ADIB,3.32063802,3.38106819,3.32063802,3.32365952,82061.65464395
2019-07-17,EGX:ADIB,3.32365952,3.32365952,3.27229388,3.28437991,190103.70811649
2019-07-18,EGX:ADIB,3.28437991,3.32365952,3.28437991,3.314595,139417.10836364
2019-07-21,EGX:ADIB,3.314595,3.33272405,3.29344444,3.32365952,80784.14713467
2019-07-22,EGX:ADIB,3.32365952,3.33876707,3.26927237,3.314595,311619.1633255
2019-07-24,EGX:ADIB,3.314595,3.32063802,3.22394974,3.27833689,148462.25868192
2019-07-25,EGX:ADIB,3.27833689,3.32365952,3.24812181,3.28437991,170103.7654259
2019-07-28,EGX:ADIB,3.28437991,3.28740142,3.23301426,3.23603577,32318.29230079
2019-07-29,EGX:ADIB,3.23603577,3.29344444,3.22092823,3.22999276,150451.33125466
2019-07-30,EGX:ADIB,3.22999276,3.22999276,3.18769163,3.20884219,29832.77898611
2019-07-31,EGX:ADIB,3.20884219,3.23301426,3.142369,3.17862711,196097.40267428
2019-08-01,EGX:ADIB,3.17862711,3.49588552,3.17862711,3.4535844,1330308.94659222
2019-08-04,EGX:ADIB,3.4535844,3.67717604,3.4535844,3.60163832,261965.16031589
2019-08-05,EGX:ADIB,3.60163832,3.60163832,3.39919724,3.43847685,320670.93285368
2019-08-06,EGX:ADIB,3.43847685,3.52005759,3.35991763,3.39919724,285287.94637259
2019-08-07,EGX:ADIB,3.39919724,3.47473496,3.39919724,3.42941233,451678.33504872
2019-08-08,EGX:ADIB,3.42941233,3.54725116,3.41732629,3.50495004,367521.70047375
2019-08-14,EGX:ADIB,3.50495004,3.65602548,3.4898425,3.62278888,910564.98967052
2019-08-15,EGX:ADIB,3.62278888,3.62278888,3.51703608,3.54422966,282699.83530457
2019-08-18,EGX:ADIB,3.54422966,3.55329418,3.4898425,3.52912211,205301.41402999
2019-08-19,EGX:ADIB,3.52912211,3.58048776,3.49286401,3.53214362,219622.0746327
2019-08-20,EGX:ADIB,3.53214362,3.61976737,3.50797155,3.5955953,437986.4993858
2019-08-21,EGX:ADIB,3.5955953,3.61372436,3.5593372,3.57142323,141604.75723315
2019-08-22,EGX:ADIB,3.57142323,3.75573526,3.56538022,3.71041263,1833286.15830887
2019-08-25,EGX:ADIB,3.71041263,3.7345847,3.5261006,3.58350927,1163716.67201437
2019-08-26,EGX:ADIB,3.58350927,3.86753108,3.53818664,3.76479979,2511579.76324186
2019-08-27,EGX:ADIB,3.76479979,3.98839143,3.76479979,3.86753108,1936704.69367141
2019-08-28,EGX:ADIB,3.86753108,4.19083251,3.86753108,4.06392915,4624477.89544039
2019-08-29,EGX:ADIB,4.06392915,4.42651018,3.92796126,4.1183163,9495885.41592555
2019-09-01,EGX:ADIB,4.1183163,4.35097247,4.1183163,4.20594005,1586290.34116517
2019-09-02,EGX:ADIB,4.20594005,4.20594005,4.07903669,4.12133781,2227033.16837724
2019-09-03,EGX:ADIB,4.12133781,4.23011212,4.08507971,4.15759591,1241710.82217929
2019-09-04,EGX:ADIB,4.15759591,4.16968195,4.06392915,4.11529479,646849.04833803
2019-09-05,EGX:ADIB,4.11529479,4.20594005,4.07903669,4.11227328,715235.41534379
2019-09-08,EGX:ADIB,4.11227328,4.19989703,4.02767104,4.11227328,202749.70861637
2019-09-09,EGX:ADIB,4.11227328,4.11227328,4.0488216,4.10018725,794282.01988165
2019-09-10,EGX:ADIB,4.10018725,4.31471436,4.05184311,4.22709061,3356204.18396195
2019-09-11,EGX:ADIB,4.22709061,4.44161773,4.22709061,4.37212303,2409365.92407978
2019-09-12,EGX:ADIB,4.37212303,4.47183281,4.32982191,4.42046717,826947.8207018
2019-09-15,EGX:ADIB,4.42046717,4.42046717,4.09716574,4.18478949,3636153.73755613
2019-09-16,EGX:ADIB,4.18478949,4.18478949,4.03975708,4.09716574,1759488.58721587
2019-09-17,EGX:ADIB,4.09716574,4.13644535,3.85846656,3.99443445,1005749.22792662
2019-09-18,EGX:ADIB,3.99443445,3.99443445,3.86753108,3.9098322,724856.43692274
2019-09-19,EGX:ADIB,3.9098322,3.95817634,3.88263863,3.92191824,910293.60206492
2019-09-22,EGX:ADIB,3.92191824,3.92191824,3.57142323,3.6288319,1298020.44073595
2019-09-23,EGX:ADIB,3.6288319,3.83127298,3.47473496,3.68019755,2598099.4557485
2019-09-24,EGX:ADIB,3.68019755,3.76177828,3.47473496,3.5955953,805498.27104472
2019-09-25,EGX:ADIB,3.5955953,3.7678213,3.5955953,3.69530509,461775.93973994
2019-09-26,EGX:ADIB,3.69530509,3.85544505,3.67113302,3.78292884,1050210.46077545
2019-09-29,EGX:ADIB,3.78292884,3.95213332,3.78292884,3.87961712,1044173.74135337
2019-09-30,EGX:ADIB,3.87961712,3.91889673,3.79803638,3.84335901,256646.62516716
2019-10-01,EGX:ADIB,3.84335901,4.03371406,3.82825147,3.94609031,1647329.38519011
2019-10-02,EGX:ADIB,3.94609031,4.0488216,3.87659561,3.94004729,777204.45835865
2019-10-03,EGX:ADIB,3.94004729,3.94004729,3.79199337,3.8403375,1841897.75037919
2019-10-07,EGX:ADIB,3.8403375,3.9793269,3.8403375,3.88566013,3664987.01584845
2019-10-08,EGX:ADIB,3.88566013,3.92796126,3.70134811,3.77688582,1336904.98925023
2019-10-09,EGX:ADIB,3.77688582,3.81616544,3.68926207,3.74667074,1009916.02055404
2019-10-10,EGX:ADIB,3.74667074,3.84638052,3.70134811,3.78595035,1400853.17602299
2019-10-13,EGX:ADIB,3.78595035,3.78595035,3.73156319,3.75875677,356861.46294166
2019-10-14,EGX:ADIB,3.75875677,3.837316,3.71645565,3.77084281,558661.31493844
2019-10-15,EGX:ADIB,3.77084281,3.77084281,3.65602548,3.69530509,888023.27038115
2019-10-16,EGX:ADIB,3.69530509,3.79501487,3.68624056,3.73156319,3691539.97633276
2019-10-17,EGX:ADIB,3.73156319,3.84335901,3.72249867,3.78595035,1121191.55805913
2019-10-20,EGX:ADIB,3.78595035,3.837316,3.71947716,3.79199337,1117196.86488893
2019-10-21,EGX:ADIB,3.79199337,3.85544505,3.77688582,3.81314393,1487544.96798683
2019-10-22,EGX:ADIB,3.81314393,3.89774617,3.78595035,3.86450957,3459301.68764469
2019-10-23,EGX:ADIB,3.86450957,3.88263863,3.79803638,3.837316,1313661.63371224
2019-10-24,EGX:ADIB,3.837316,3.89774617,3.837316,3.87659561,422557.12112607
2019-10-27,EGX:ADIB,3.87659561,3.93098276,3.86753108,3.90378919,1130878.771737
2019-10-28,EGX:ADIB,3.90378919,3.91889673,3.837316,3.87961712,752935.1252873
2019-10-29,EGX:ADIB,3.87961712,3.91587522,3.87659561,3.89472466,495216.18811753
2019-10-30,EGX:ADIB,3.89472466,3.92796126,3.837316,3.86148806,479376.41884445
2019-10-31,EGX:ADIB,3.86148806,3.91285371,3.84335901,3.87961712,438787.42378281
2019-11-03,EGX:ADIB,3.87961712,3.98839143,3.837316,3.91285371,971719.86986858
2019-11-04,EGX:ADIB,3.91285371,4.02162802,3.91285371,3.98234841,1952183.71600533
2019-11-05,EGX:ADIB,3.98234841,4.07903669,3.97328389,4.02464953,2157405.69951661
2019-11-06,EGX:ADIB,4.02464953,4.02464953,3.92796126,3.98234841,442818.52260743
2019-11-07,EGX:ADIB,3.98234841,4.16968195,3.98234841,4.10018725,2900468.27324904
2019-11-11,EGX:ADIB,4.10018725,4.16666044,4.08810121,4.1183163,438410.12881893
2019-11-12,EGX:ADIB,4.1183163,4.12133781,4.00349897,4.06997216,835473.36304352
2019-11-13,EGX:ADIB,4.06997216,4.10623027,3.98839143,4.04277858,1326641.9043117
2019-11-14,EGX:ADIB,4.04277858,4.05184311,3.9793269,4.02464953,956396.39896713
2019-11-17,EGX:ADIB,4.02464953,4.09414423,4.01860652,4.06392915,3127576.67427031
2019-11-18,EGX:ADIB,4.06392915,4.1183163,4.02162802,4.06997216,2790483.48167301
2019-11-19,EGX:ADIB,4.06997216,4.07601518,3.97328389,4.00047746,654110.32159025
2019-11-20,EGX:ADIB,4.00047746,4.04277858,3.95817634,3.98536992,266224.6218818
2019-11-21,EGX:ADIB,3.98536992,4.00349897,3.92796126,3.95515483,1103703.60552279
2019-11-24,EGX:ADIB,3.95213332,3.95817634,3.87055259,3.91285371,284569.76209924
2019-11-25,EGX:ADIB,3.91285371,3.92796126,3.84638052,3.87659561,296209.64269544
2019-11-26,EGX:ADIB,3.87659561,3.89472466,3.73156319,3.83127298,1626147.91353368
2019-11-27,EGX:ADIB,3.83127298,3.84335901,3.70134811,3.74969224,682735.09477095
2019-11-28,EGX:ADIB,3.74969224,3.837316,3.71645565,3.7678213,755612.59568887
2019-12-01,EGX:ADIB,3.7678213,3.82825147,3.7345847,3.75271375,89955.06244092
2019-12-02,EGX:ADIB,3.75271375,3.75271375,3.52005759,3.61976737,3590653.28875415
2019-12-03,EGX:ADIB,3.61976737,3.74364923,3.53516513,3.64091793,557744.55436831
2019-12-04,EGX:ADIB,3.64091793,3.77386431,3.64091793,3.74969224,184934.10519035
2019-12-05,EGX:ADIB,3.74969224,3.77688582,3.59861681,3.65904698,407167.45812569
2019-12-08,EGX:ADIB,3.65904698,3.6983266,3.58350927,3.61976737,128839.61095521
2019-12-09,EGX:ADIB,3.61976737,3.6983266,3.58048776,3.61674586,452651.35890294
2019-12-10,EGX:ADIB,3.61674586,3.68926207,3.61674586,3.66206849,171149.60058893
2019-12-11,EGX:ADIB,3.66206849,3.70739112,3.61070285,3.64393944,190719.29463651
2019-12-12,EGX:ADIB,3.64393944,3.65602548,3.58350927,3.60163832,130944.51970106
2019-12-15,EGX:ADIB,3.60163832,3.68624056,3.60163832,3.65602548,40708.14083971
2019-12-16,EGX:ADIB,3.65602548,3.69530509,3.61674586,3.63789642,215835.88657411
2019-12-17,EGX:ADIB,3.63789642,3.77084281,3.63789642,3.72249867,276970.9091425
2019-12-18,EGX:ADIB,3.72249867,3.80710091,3.72249867,3.77688582,1668884.84220548
2019-12-19,EGX:ADIB,3.77688582,3.79501487,3.74667074,3.7678213,113870.26778301
2019-12-22,EGX:ADIB,3.7678213,3.7678213,3.71645565,3.74364923,165384.26877245
2019-12-23,EGX:ADIB,3.74364923,3.81918694,3.71645565,3.75573526,547825.6683442
2019-12-24,EGX:ADIB,3.75573526,3.77688582,3.71343414,3.74062772,114161.51301829
2019-12-25,EGX:ADIB,3.74062772,3.75271375,3.70739112,3.72249867,98626.22740027
2019-12-26,EGX:ADIB,3.72249867,3.74667074,3.68624056,3.71041263,121204.35234405
2019-12-29,EGX:ADIB,3.71041263,3.71645565,3.66509,3.68926207,130024.44952599
2019-12-30,EGX:ADIB,3.68926207,3.68926207,3.6288319,3.67113302,224172.78143389
2019-12-31,EGX:ADIB,3.67113302,3.77386431,3.65602548,3.72249867,597453.19451423
2020-01-02,EGX:ADIB,3.72249867,3.77386431,3.68624056,3.71343414,37302.55734995
2020-01-05,EGX:ADIB,3.71343414,3.71343414,3.34481008,3.4203478,871766.49088484
2020-01-06,EGX:ADIB,3.4203478,3.49890703,3.35387461,3.43545534,1023336.46861135
2020-01-08,EGX:ADIB,3.43545534,3.64091793,3.43545534,3.60163832,309186.60368995
2020-01-09,EGX:ADIB,3.60163832,3.72854168,3.60163832,3.67717604,577519.44392256
2020-01-12,EGX:ADIB,3.67717604,3.73156319,3.66509,3.69228358,67846.90139951
2020-01-13,EGX:ADIB,3.69228358,3.69228358,3.63185341,3.65300397,140601.94693442
2020-01-14,EGX:ADIB,3.65300397,3.837316,3.65300397,3.77386431,742979.83360877
2020-01-15,EGX:ADIB,3.77386431,3.86753108,3.77386431,3.81918694,729552.76634156
2020-01-16,EGX:ADIB,3.81918694,4.00652048,3.81918694,3.94911182,2100784.978095
2020-01-19,EGX:ADIB,3.94911182,4.06392915,3.87659561,3.97026238,1271162.99659658
2020-01-20,EGX:ADIB,3.97026238,4.09112272,3.87961712,3.99141294,3656977.77187836
2020-01-21,EGX:ADIB,3.99141294,3.99141294,3.82825147,3.86753108,607683.1834033
2020-01-22,EGX:ADIB,3.86753108,4.00047746,3.86753108,3.93098276,1066536.74197564
2020-01-23,EGX:ADIB,3.93098276,4.07903669,3.93098276,3.95213332,4562472.44677112
2020-01-26,EGX:ADIB,3.95213332,4.0488216,3.93702578,3.99141294,93562.5318324
2020-01-27,EGX:ADIB,3.99141294,4.02767104,3.95213332,3.98234841,202256.57747937
2020-01-28,EGX:ADIB,3.98234841,3.98234841,3.82522996,3.86753108,735877.42139398
2020-01-29,EGX:ADIB,3.86753108,3.9793269,3.86753108,3.92796126,1196342.75757517
2020-01-30,EGX:ADIB,3.92796126,3.9793269,3.86148806,3.90076768,815341.03615507
2020-02-02,EGX:ADIB,3.90076768,3.92191824,3.81012242,3.84335901,282620.40478586
2020-02-03,EGX:ADIB,3.84335901,3.89472466,3.77688582,3.81314393,302736.18364958
2020-02-04,EGX:ADIB,3.81314393,3.86753108,3.74969224,3.79199337,781444.06229488
2020-02-05,EGX:ADIB,3.79199337,3.837316,3.74667074,3.80710091,422113.63406326
2020-02-06,EGX:ADIB,3.80710091,3.95213332,3.80710091,3.89170315,905037.94941017
2020-02-09,EGX:ADIB,3.89170315,4.00349897,3.89170315,3.96724087,533349.456309
2020-02-10,EGX:ADIB,3.96724087,3.96724087,3.87659561,3.89472466,294710.39165476
2020-02-11,EGX:ADIB,3.89472466,3.94911182,3.89472466,3.92493975,153009.65587816
2020-02-12,EGX:ADIB,3.92493975,3.92796126,3.80710091,3.87055259,293247.54626849
2020-02-13,EGX:ADIB,3.87055259,3.97026238,3.87055259,3.92191824,183967.70054602
2020-02-16,EGX:ADIB,3.92191824,4.00349897,3.88263863,3.94609031,2713521.92825133
2020-02-17,EGX:ADIB,3.94609031,3.94609031,3.86753108,3.89774617,304496.89348102
2020-02-18,EGX:ADIB,3.89774617,3.91285371,3.85846656,3.8735741,623297.89954003
2020-02-19,EGX:ADIB,3.8735741,3.92796126,3.86148806,3.89472466,260168.04483004
2020-02-20,EGX:ADIB,3.89472466,3.89472466,3.837316,3.86450957,363325.12140182
2020-02-23,EGX:ADIB,3.86450957,3.86450957,3.837316,3.8403375,117365.21060632
2020-02-24,EGX:ADIB,3.8403375,3.8403375,3.71645565,3.75875677,556761.60169926
2020-02-25,EGX:ADIB,3.75875677,3.84335901,3.75271375,3.77990733,1106473.74486286
2020-02-26,EGX:ADIB,3.77990733,3.80710091,3.75271375,3.77688582,846782.28314509
2020-02-27,EGX:ADIB,3.77688582,3.79199337,3.75573526,3.77688582,389960.82200979
2020-03-01,EGX:ADIB,3.77688582,3.77688582,3.6288319,3.63789642,786901.60085136
2020-03-02,EGX:ADIB,3.63789642,3.71645565,3.6288319,3.68321905,912146.98083486
2020-03-03,EGX:ADIB,3.68321905,3.81918694,3.68321905,3.74364923,326009.32563209
2020-03-04,EGX:ADIB,3.74364923,3.74364923,3.68624056,3.70436961,889896.50678077
2020-03-05,EGX:ADIB,3.70436961,3.76177828,3.70436961,3.7345847,161803.27622053
2020-03-08,EGX:ADIB,3.7345847,3.7345847,3.50495004,3.58653078,135475.36887257
2020-03-09,EGX:ADIB,3.58653078,3.62581039,3.32365952,3.42639082,404473.43969939
2020-03-10,EGX:ADIB,3.42639082,3.62581039,3.42639082,3.55631569,89173.99567359
2020-03-11,EGX:ADIB,3.55631569,3.62278888,3.43243384,3.5230791,133079.21489144
2020-03-15,EGX:ADIB,3.5230791,3.5230791,3.17258409,3.23301426,223361.92822204
2020-03-16,EGX:ADIB,3.23301426,3.3508531,2.96409999,3.06078827,173188.31723586
2020-03-17,EGX:ADIB,3.06078827,3.06078827,2.77978797,2.83115361,677227.91214028
2020-03-18,EGX:ADIB,2.83115361,2.83115361,2.55015331,2.55921783,707269.196238
2020-03-19,EGX:ADIB,2.55921783,2.80093883,2.31749714,2.6528846,192810.96496258
2020-03-22,EGX:ADIB,2.6528846,2.91575586,2.42022844,2.77978797,114105.2497342
2020-03-23,EGX:ADIB,2.77978797,3.05776676,2.77978797,3.00337961,383239.01436381
2020-03-24,EGX:ADIB,3.00337961,3.02150866,2.90064831,2.94597094,105447.32319463
2020-03-25,EGX:ADIB,2.94597094,3.02150866,2.94597094,3.01848715,172705.1149137
2020-03-26,EGX:ADIB,3.01848715,3.02150866,2.97014301,3.00337961,294687.22442014
2020-03-29,EGX:ADIB,3.00337961,3.07287431,3.0003581,3.00337961,64305.62410695
2020-03-30,EGX:ADIB,3.00337961,3.00640111,2.94294943,2.97014301,37431.63194285
2020-03-31,EGX:ADIB,2.97014301,2.97014301,2.86741172,2.90971284,370966.99922287
2020-04-01,EGX:ADIB,2.90971284,2.90971284,2.87043323,2.88856228,45755.28838284
2020-04-02,EGX:ADIB,2.88856228,2.96107848,2.87043323,2.91877736,122816.12995291
2020-04-05,EGX:ADIB,2.91877736,3.00640111,2.87345473,2.8976268,184162.96723785
2020-04-06,EGX:ADIB,2.8976268,2.99431508,2.87949775,2.91575586,1944445.85964084
2020-04-07,EGX:ADIB,2.91575586,3.07891732,2.91575586,3.01244413,1032318.73643566
2020-04-08,EGX:ADIB,3.01244413,3.02150866,2.97618603,3.0003581,788251.91966945
2020-04-09,EGX:ADIB,3.0003581,3.09704637,2.99129357,3.0366162,1593594.63928169
2020-04-12,EGX:ADIB,3.0366162,3.0366162,2.94899245,3.00337961,294323.16787604
2020-04-13,EGX:ADIB,3.00337961,3.04870224,2.97618603,3.00640111,430913.87361552
2020-04-14,EGX:ADIB,3.00640111,3.15143353,3.0003581,3.06380978,846646.58934229
2020-04-15,EGX:ADIB,3.06380978,3.07287431,2.99431508,3.02453017,330894.30253285
2020-04-16,EGX:ADIB,3.02453017,3.04870224,2.99431508,3.01848715,224838.0120281
2020-04-21,EGX:ADIB,3.01848715,3.1061109,2.98222905,3.03359469,645025.45601261
2020-04-22,EGX:ADIB,3.03359469,3.03359469,2.92179887,2.94294943,979646.37371501
2020-04-23,EGX:ADIB,2.94294943,3.00942262,2.9308634,2.9671215,1207373.67086125
2020-04-26,EGX:ADIB,2.9671215,3.11215392,2.9671215,3.08496034,737942.61488048
2020-04-27,EGX:ADIB,3.08496034,3.08496034,3.01244413,3.0366162,812378.93972811
2020-04-28,EGX:ADIB,3.0366162,3.09704637,3.03359469,3.06380978,288630.64736837
2020-04-29,EGX:ADIB,3.06380978,3.17258409,3.06380978,3.142369,927738.52973696
2020-04-30,EGX:ADIB,3.142369,3.21488521,3.11215392,3.1756056,598118.42510844
2020-05-03,EGX:ADIB,3.1756056,3.1756056,2.9308634,2.99129357,377745.07015293
2020-05-04,EGX:ADIB,2.99129357,2.99129357,2.94597094,2.95201426,55813.1778147
2020-05-05,EGX:ADIB,2.95201426,3.02150866,2.95201426,2.98827206,749095.98354957
2020-05-06,EGX:ADIB,2.98827206,2.98827206,2.93388491,2.95805698,334687.10980133
2020-05-07,EGX:ADIB,2.95805698,2.95805698,2.66497064,2.76165891,1852184.00255234
2020-05-10,EGX:ADIB,2.76165891,2.76770193,2.66497064,2.70122874,353843.10323062
2020-05-11,EGX:ADIB,2.70122874,2.71935779,2.60454046,2.65892762,290576.69507681
2020-05-12,EGX:ADIB,2.65892762,2.85230417,2.65892762,2.791874,382851.7905851
2020-05-13,EGX:ADIB,2.791874,2.83417512,2.71935779,2.74050835,183947.84291634
2020-05-14,EGX:ADIB,2.74050835,2.74050835,2.63475555,2.6498634,508024.35925978
2020-05-17,EGX:ADIB,2.6498634,2.77072344,2.6498634,2.74352986,39251.91466333
2020-05-18,EGX:ADIB,2.74352986,2.74957288,2.66194913,2.71935779,44679.66677529
2020-05-19,EGX:ADIB,2.71935779,2.74655137,2.69518572,2.71029327,47201.58574438
2020-05-20,EGX:ADIB,2.71029327,2.71029327,2.64684158,2.66799215,123090.82716345
2020-05-21,EGX:ADIB,2.66799215,2.71029327,2.63173404,2.67101365,174472.44395504
2020-05-31,EGX:ADIB,2.67101365,2.74655137,2.67101365,2.70727176,25285.38178987
2020-06-01,EGX:ADIB,2.70727176,2.76468042,2.68309969,2.71633628,130309.07555137
2020-06-02,EGX:ADIB,2.71633628,2.74957288,2.71633628,2.73748684,89690.29404521
2020-06-03,EGX:ADIB,2.73748684,2.791874,2.71935779,2.73144383,862115.68286138
2020-06-04,EGX:ADIB,2.73144383,2.8251106,2.71935779,2.72842232,2965389.48387601
2020-06-07,EGX:ADIB,2.72842232,2.9308634,2.72842232,2.88554077,893202.80212214
2020-06-08,EGX:ADIB,2.88554077,2.94597094,2.84021814,2.90064831,428719.60553611
2020-06-09,EGX:ADIB,2.90064831,2.94899245,2.87043323,2.90971284,631227.71299141
2020-06-10,EGX:ADIB,2.90971284,2.91575586,2.84928266,2.8613687,159403.81263445
2020-06-11,EGX:ADIB,2.8613687,2.90971284,2.79489551,2.82208909,312204.963401
2020-06-14,EGX:ADIB,2.82208909,2.87043323,2.77374495,2.80093883,315918.34015076
2020-06-15,EGX:ADIB,2.80093883,2.83417512,2.77676646,2.80698154,312555.78152531
2020-06-16,EGX:ADIB,2.80698154,2.86741172,2.80698154,2.83115361,528179.85338286
2020-06-17,EGX:ADIB,2.83115361,2.86439021,2.81000305,2.81906758,374931.90594856
2020-06-18,EGX:ADIB,2.81906758,2.81906758,2.73748684,2.78885249,561540.67124174
2020-06-21,EGX:ADIB,2.78885249,2.78885249,2.71935779,2.76468042,440670.58899727
2020-06-22,EGX:ADIB,2.76468042,2.77978797,2.74655137,2.76165891,264106.47471616
2020-06-23,EGX:ADIB,2.76165891,2.76165891,2.71935779,2.74957288,695463.83539449
2020-06-24,EGX:ADIB,2.74957288,2.84021814,2.74957288,2.80093883,2563305.57894786
2020-06-25,EGX:ADIB,2.80093883,2.84021814,2.71935779,2.76468042,445711.11733051
2020-06-28,EGX:ADIB,2.76468042,2.77676646,2.71935779,2.73748684,102465.369138
2020-06-29,EGX:ADIB,2.73748684,2.76770193,2.72540111,2.73446534,213082.29525878
2020-06-30,EGX:ADIB,2.73446534,2.81000305,2.71935779,2.74655137,700610.27108601
2020-07-05,EGX:ADIB,2.74655137,2.8613687,2.74655137,2.83115361,842370.57975164
2020-07-06,EGX:ADIB,2.83115361,2.87043323,2.79489551,2.83115361,737366.74361982
2020-07-07,EGX:ADIB,2.83115361,3.04265922,2.8251106,2.96107848,2535064.71994093
2020-07-08,EGX:ADIB,2.96107848,3.00942262,2.91273435,2.95503547,536390.98325467
2020-07-09,EGX:ADIB,2.95503547,2.96409999,2.90064831,2.93388491,895380.52217682
2020-07-12,EGX:ADIB,2.93388491,3.11215392,2.93388491,3.0698528,766001.44561536
2020-07-13,EGX:ADIB,3.0698528,3.11215392,3.04265922,3.0698528,4255324.5597281
2020-07-14,EGX:ADIB,3.0698528,3.0698528,2.93992792,3.01546564,156580.71961524
2020-07-15,EGX:ADIB,3.01546564,3.02150866,2.71633628,2.85834719,587769.29044131
2020-07-16,EGX:ADIB,2.85834719,2.89460529,2.81604607,2.86741172,51894.60555826
2020-07-19,EGX:ADIB,2.86741172,2.94597094,2.80698154,2.84021814,223775.62884033
2020-07-20,EGX:ADIB,2.84021814,2.91273435,2.81000305,2.83115361,173621.87548383
2020-07-21,EGX:ADIB,2.83115361,2.93388491,2.83115361,2.92482038,454008.29693093
2020-07-22,EGX:ADIB,2.92482038,3.02150866,2.87345473,2.97316452,527964.72906135
2020-07-26,EGX:ADIB,2.97316452,2.97316452,2.91877736,2.93388491,241167.60283323
2020-07-27,EGX:ADIB,2.93388491,3.06683129,2.93388491,3.02453017,564866.82421279
2020-07-28,EGX:ADIB,3.02453017,3.08496034,3.02150866,3.04568073,157454.45532107
2020-07-29,EGX:ADIB,3.04568073,3.04568073,3.02150866,3.02453017,52728.62600474
2020-08-04,EGX:ADIB,3.02453017,3.20279918,3.02453017,3.11517543,768599.48549822
2020-08-05,EGX:ADIB,3.11517543,3.11517543,3.05172374,3.1061109,1014284.69908317
2020-08-06,EGX:ADIB,3.1061109,3.12121844,3.07287431,3.09100336,667342.12216563
2020-08-09,EGX:ADIB,3.09100336,3.26322935,3.09100336,3.2118637,914245.27037083
2020-08-10,EGX:ADIB,3.2118637,3.28740142,3.20279918,3.24812181,266267.64674611
2020-08-11,EGX:ADIB,3.24812181,3.3840897,3.24812181,3.32970254,1121641.66433183
2020-08-12,EGX:ADIB,3.32970254,3.40221875,3.32365952,3.35387461,414534.6387362
2020-08-13,EGX:ADIB,3.35387461,3.50495004,3.35387461,3.44451987,394355.9773785
2020-08-16,EGX:ADIB,3.44451987,3.49890703,3.40826177,3.47775647,262051.2100445
2020-08-17,EGX:ADIB,3.47775647,3.47775647,3.39617573,3.43545534,570430.27012755
2020-08-18,EGX:ADIB,3.43545534,3.43545534,3.3840897,3.39013271,98775.15962285
2020-08-19,EGX:ADIB,3.39013271,3.44451987,3.05172374,3.39315422,3103125.31292692
2020-08-23,EGX:ADIB,3.39315422,3.44451987,3.39315422,3.42941233,42660.80775804
2020-08-24,EGX:ADIB,3.42941233,3.58955229,3.42941233,3.48682099,3451431.44708235
2020-08-25,EGX:ADIB,3.48682099,3.57746625,3.47473496,3.51703608,587762.67123142
2020-08-26,EGX:ADIB,3.51703608,3.61070285,3.51703608,3.56840173,878451.8928764
2020-08-27,EGX:ADIB,3.56840173,3.74667074,3.56840173,3.68019755,454541.14332729
2020-08-30,EGX:ADIB,3.68019755,3.68624056,3.62581039,3.65602548,95789.89596128
2020-08-31,EGX:ADIB,3.65602548,3.71343414,3.62581039,3.65300397,622070.03610495
2020-09-01,EGX:ADIB,3.65300397,3.66206849,3.60768134,3.65300397,497529.60197501
2020-09-02,EGX:ADIB,3.65300397,3.68624056,3.62581039,3.65300397,261852.63374772
2020-09-03,EGX:ADIB,3.65300397,3.66206849,3.53516513,3.61976737,311764.78594314
2020-09-06,EGX:ADIB,3.61976737,3.61976737,3.49286401,3.50192853,180906.31597068
2020-09-07,EGX:ADIB,3.50192853,3.5955953,3.4898425,3.57142323,221065.0623893
2020-09-08,EGX:ADIB,3.57142323,3.58048776,3.36898215,3.4898425,129177.19065973
2020-09-09,EGX:ADIB,3.4898425,3.4898425,3.41128327,3.46869194,97808.75497853
2020-09-10,EGX:ADIB,3.46869194,3.55329418,3.43243384,3.50495004,141386.3233067
2020-09-13,EGX:ADIB,3.51099306,3.57142323,3.37502517,3.44451987,184530.33338689
2020-09-14,EGX:ADIB,3.44451987,3.53214362,3.36293914,3.37502517,94459.43477286
2020-09-15,EGX:ADIB,3.37502517,3.38711121,3.34178858,3.35387461,177507.35169081
2020-09-16,EGX:ADIB,3.35387461,3.42941233,3.33272405,3.35991763,163825.44484273
2020-09-17,EGX:ADIB,3.35991763,3.37502517,3.26322935,3.314595,273909.52456715
2020-09-20,EGX:ADIB,3.314595,3.34783159,3.26322935,3.30855198,23666.98497112
2020-09-21,EGX:ADIB,3.30855198,3.44451987,3.23603577,3.29344444,74456.18247731
2020-09-22,EGX:ADIB,3.29344444,3.35387461,3.29344444,3.32365952,34370.24736751
2020-09-23,EGX:ADIB,3.32365952,3.36596065,3.25114332,3.29646595,206327.39156334
2020-09-24,EGX:ADIB,3.29646595,3.3508531,3.20884219,3.2451003,100016.26147772
2020-09-27,EGX:ADIB,3.2451003,3.3508531,3.21790672,3.26322935,13387169.97958342
2020-09-28,EGX:ADIB,3.26322935,3.4566059,3.22092823,3.33574556,611462.752252
2020-09-29,EGX:ADIB,3.33574556,3.47473496,3.33574556,3.42941233,200174.83596814
2020-09-30,EGX:ADIB,3.42941233,3.47473496,3.32365952,3.36596065,91328.54849364
2020-10-01,EGX:ADIB,3.36596065,3.38711121,3.32365952,3.35689612,94009.32850016
2020-10-04,EGX:ADIB,3.35689612,3.47473496,3.33876707,3.44451987,82230.44449621
2020-10-05,EGX:ADIB,3.44451987,3.47473496,3.36898215,3.4566059,208008.67087607
2020-10-06,EGX:ADIB,3.4566059,3.45962741,3.3840897,3.44149836,217993.74899911
2020-10-07,EGX:ADIB,3.44149836,3.64696095,3.39315422,3.55329418,2177137.56420656
2020-10-11,EGX:ADIB,3.55329418,3.76177828,3.55329418,3.66206849,1782179.23872783
2020-10-12,EGX:ADIB,3.66206849,3.71645565,3.5230791,3.64091793,1629563.42583828
2020-10-13,EGX:ADIB,3.64091793,3.64091793,3.50495004,3.52912211,237632.94475056
2020-10-14,EGX:ADIB,3.52912211,3.65904698,3.52912211,3.61674586,503228.74169257
2020-10-15,EGX:ADIB,3.61674586,3.65300397,3.53516513,3.57142323,212493.18557833
2020-10-18,EGX:ADIB,3.57142323,3.5955953,3.48077797,3.5230791,208485.25398834
2020-10-19,EGX:ADIB,3.5230791,3.58955229,3.47473496,3.49890703,347151.08202917
2020-10-20,EGX:ADIB,3.49890703,3.68321905,3.49890703,3.61976737,319436.4502087
2020-10-21,EGX:ADIB,3.61976737,3.61976737,3.47473496,3.5230791,361147.40134714
2020-10-22,EGX:ADIB,3.5230791,3.5230791,3.29948745,3.38106819,579399.29953207
2020-10-25,EGX:ADIB,3.38106819,3.38106819,3.26927237,3.29042293,254128.01580301
2020-10-26,EGX:ADIB,3.29042293,3.36898215,3.26927237,3.33876707,74072.26830354
2020-10-27,EGX:ADIB,3.33876707,3.43243384,3.29344444,3.36293914,157666.27003763
2020-10-28,EGX:ADIB,3.36293914,3.36293914,3.33876707,3.3508531,9101.41360237
2020-11-01,EGX:ADIB,3.3508531,3.40826177,3.30250896,3.33876707,70583.94469012
2020-11-02,EGX:ADIB,3.33876707,3.50495004,3.29344444,3.36596065,345330.79930869
2020-11-03,EGX:ADIB,3.36596065,3.36596065,3.32365952,3.32970254,156848.79761589
2020-11-04,EGX:ADIB,3.32970254,3.38106819,3.27229388,3.32668103,52457.23839914
2020-11-05,EGX:ADIB,3.32668103,3.35387461,3.32365952,3.34783159,46301.37319899
2020-11-08,EGX:ADIB,3.34783159,3.36898215,3.26927237,3.34481008,47727.81293085
2020-11-09,EGX:ADIB,3.34481008,3.4898425,3.2813584,3.43847685,108621.23433815
2020-11-10,EGX:ADIB,3.43847685,3.56538022,3.43847685,3.50495004,1657536.20684455
2020-11-11,EGX:ADIB,3.50495004,3.68624056,3.47473496,3.61976737,883528.82686405
2020-11-12,EGX:ADIB,3.61976737,3.68321905,3.59861681,3.6288319,220009.29841142
2020-11-15,EGX:ADIB,3.6288319,3.71645565,3.4898425,3.5955953,272095.86105657
2020-11-16,EGX:ADIB,3.5955953,3.5955953,3.52005759,3.56840173,313187.91607005
2020-11-17,EGX:ADIB,3.56840173,3.62278888,3.56538022,3.59257379,517162.17851656
2020-11-18,EGX:ADIB,3.59257379,3.59861681,3.56538022,3.59257379,182041.51046726
2020-11-19,EGX:ADIB,3.59257379,3.59257379,3.50495004,3.55329418,169120.81275684
2020-11-22,EGX:ADIB,3.55329418,3.55329418,3.48077797,3.50192853,53615.60013035
2020-11-23,EGX:ADIB,3.50192853,3.62581039,3.47473496,3.50495004,343351.65555079
2020-11-24,EGX:ADIB,3.50495004,3.58048776,3.47473496,3.50495004,373925.78604488
2020-11-25,EGX:ADIB,3.50495004,3.58955229,3.44451987,3.47775647,4284502.03693484
2020-11-26,EGX:ADIB,3.47775647,3.52005759,3.42336931,3.46264892,501981.0206278
2020-11-29,EGX:ADIB,3.46264892,3.53516513,3.46264892,3.47775647,392125.30364468
2020-11-30,EGX:ADIB,3.47775647,3.53214362,3.4566059,3.47775647,375848.66651869
2020-12-01,EGX:ADIB,3.47775647,3.50495004,3.47171345,3.47473496,760097.11039113
2020-12-02,EGX:ADIB,3.47473496,3.72854168,3.47473496,3.53214362,9232060.25762982
2020-12-03,EGX:ADIB,3.53214362,3.86753108,3.53214362,3.79803638,3068659.08701596
2020-12-06,EGX:ADIB,3.79803638,3.83127298,3.71947716,3.77688582,1893074.1716641
2020-12-07,EGX:ADIB,3.77688582,3.77688582,3.68624056,3.75573526,804035.42565844
2020-12-08,EGX:ADIB,3.75573526,3.837316,3.73760621,3.78897186,2163935.55007569
2020-12-09,EGX:ADIB,3.78897186,3.82220845,3.71947716,3.75875677,532277.1443064
2020-12-10,EGX:ADIB,3.75875677,3.75875677,3.56538022,3.63185341,4504259.80537034
2020-12-13,EGX:ADIB,3.63185341,3.73760621,3.5955953,3.65602548,573686.92139473
2020-12-14,EGX:ADIB,3.65602548,3.77688582,3.62581039,3.70739112,1051464.80105011
2020-12-15,EGX:ADIB,3.70739112,3.73760621,3.60163832,3.64696095,445178.27093415
2020-12-16,EGX:ADIB,3.64696095,3.65602548,3.53516513,3.59257379,387488.54711489
2020-12-17,EGX:ADIB,3.59257379,3.67113302,3.55027267,3.61674586,362120.42520136
2020-12-20,EGX:ADIB,3.61674586,3.70739112,3.61674586,3.64998246,164090.21323844
2020-12-21,EGX:ADIB,3.64998246,3.64998246,3.40221875,3.48379948,1168264.06921061
2020-12-22,EGX:ADIB,3.48379948,3.57746625,3.40221875,3.5230791,281958.4837966
2020-12-23,EGX:ADIB,3.5230791,3.57746625,3.47473496,3.50797155,670145.35755516
2020-12-24,EGX:ADIB,3.50797155,3.61674586,3.50797155,3.55027267,231672.34624225
2020-12-27,EGX:ADIB,3.55027267,3.61976737,3.4566059,3.47473496,7316262.33840431
2020-12-28,EGX:ADIB,3.47473496,3.59257379,3.47473496,3.47775647,3970705.15355466
2020-12-29,EGX:ADIB,3.47775647,3.61070285,3.47775647,3.56235871,152231.89871578
2020-12-30,EGX:ADIB,3.56235871,3.62581039,3.55329418,3.59861681,377119.55481807
2020-12-31,EGX:ADIB,3.59861681,3.6288319,3.53818664,3.61070285,382110.43907712
2021-01-03,EGX:ADIB,3.61070285,3.62581039,3.54422966,3.58350927,265906.89980696
2021-01-04,EGX:ADIB,3.58350927,3.60768134,3.50495004,3.51401457,809565.77552374
2021-01-05,EGX:ADIB,3.51401457,3.58955229,3.51401457,3.55027267,102243.6256066
2021-01-06,EGX:ADIB,3.55027267,3.60465983,3.55027267,3.59257379,272456.60799572
2021-01-10,EGX:ADIB,3.59257379,3.6983266,3.59257379,3.66509,462060.56576532
2021-01-11,EGX:ADIB,3.66509,3.79803638,3.66509,3.77084281,2195459.53718937
2021-01-12,EGX:ADIB,3.77084281,3.91587522,3.68624056,3.77084281,1416285.86388767
2021-01-13,EGX:ADIB,3.77084281,3.77084281,3.61070285,3.65300397,724009.17805648
2021-01-14,EGX:ADIB,3.65300397,3.68321905,3.60768134,3.62278888,327793.20269815
2021-01-17,EGX:ADIB,3.62278888,3.67113302,3.60163832,3.6288319,465979.13802176
2021-01-18,EGX:ADIB,3.6288319,3.73156319,3.61674586,3.67113302,354690.36209688
2021-01-19,EGX:ADIB,3.67113302,3.67717604,3.60465983,3.63789642,55584.81507341
2021-01-20,EGX:ADIB,3.63789642,3.71343414,3.63789642,3.67113302,475318.84318027
2021-01-21,EGX:ADIB,3.67113302,3.68926207,3.65602548,3.66811151,121846.41570364
2021-01-24,EGX:ADIB,3.66811151,3.68624056,3.62581039,3.64696095,144431.15985731
2021-01-25,EGX:ADIB,3.64696095,3.70134811,3.6288319,3.64998246,313273.96579866
2021-01-26,EGX:ADIB,3.64998246,3.68624056,3.61070285,3.64091793,299019.49729487
2021-01-27,EGX:ADIB,3.64091793,3.67113302,3.62581039,3.64091793,788893.98302904
2021-01-31,EGX:ADIB,3.64091793,3.67113302,3.56538022,3.61070285,640342.36501357
2021-02-01,EGX:ADIB,3.61070285,3.64091793,3.56840173,3.61372436,497029.85162811
2021-02-02,EGX:ADIB,3.61372436,3.66509,3.58048776,3.6288319,2069552.2362166
2021-02-03,EGX:ADIB,3.6288319,3.69228358,3.57142323,3.63487492,1909297.85511095
2021-02-04,EGX:ADIB,3.63487492,3.71343414,3.63487492,3.67113302,1876986.18202005
2021-02-07,EGX:ADIB,3.67113302,3.89472466,3.64696095,3.79803638,3639685.08603385
2021-02-08,EGX:ADIB,3.79803638,3.86753108,3.64091793,3.77084281,1902460.21129186
2021-02-09,EGX:ADIB,3.77084281,3.77084281,3.65602548,3.68624056,779577.44510516
2021-02-10,EGX:ADIB,3.68624056,3.76177828,3.67415453,3.70739112,565287.14404097
2021-02-11,EGX:ADIB,3.70739112,3.77688582,3.64696095,3.71947716,1239682.0343472
2021-02-14,EGX:ADIB,3.71947716,3.73156319,3.60163832,3.65300397,694024.15724284
2021-02-15,EGX:ADIB,3.65300397,3.75573526,3.64393944,3.70134811,1053609.42505532
2021-02-16,EGX:ADIB,3.70134811,3.76177828,3.65904698,3.7345847,622122.98978409
2021-02-17,EGX:ADIB,3.7345847,3.7345847,3.5955953,3.63487492,305777.71059525
2021-02-18,EGX:ADIB,3.63487492,3.63487492,3.54422966,3.58048776,538677.92027258
2021-02-21,EGX:ADIB,3.58048776,3.68624056,3.58048776,3.64998246,709959.90505936
2021-02-22,EGX:ADIB,3.64998246,3.66509,3.56538022,3.60768134,864240.44923691
2021-02-23,EGX:ADIB,3.60768134,3.65602548,3.32365952,3.58350927,841893.99663937
2021-02-24,EGX:ADIB,3.58350927,3.63185341,3.56538022,3.5955953,472462.6541116
2021-02-25,EGX:ADIB,3.5955953,3.67415453,3.58653078,3.64091793,566121.16448744
2021-02-28,EGX:ADIB,3.64091793,3.74667074,3.60768134,3.6983266,1371106.44676548
2021-03-01,EGX:ADIB,3.6983266,3.74364923,3.63487492,3.70436961,528431.38335878
2021-03-02,EGX:ADIB,3.70436961,3.7345847,3.58048776,3.68321905,1047400.60617603
2021-03-03,EGX:ADIB,3.68321905,3.68321905,3.52005759,3.56538022,373740.44816788
2021-03-04,EGX:ADIB,3.56538022,3.61674586,3.52005759,3.56840173,185026.77412884
2021-03-07,EGX:ADIB,3.56840173,3.65602548,3.56538022,3.60163832,271096.36036278
2021-03-08,EGX:ADIB,3.60163832,3.62278888,3.54120815,3.56840173,123607.12553508
2021-03-09,EGX:ADIB,3.56840173,3.62278888,3.53818664,3.57746625,332750.99090774
2021-03-10,EGX:ADIB,3.57746625,3.61674586,3.53214362,3.55631569,709344.31853935
2021-03-11,EGX:ADIB,3.55631569,3.56538022,3.47473496,3.4898425,3874286.43265359
2021-03-14,EGX:ADIB,3.4898425,3.58653078,3.4898425,3.53818664,183295.85074192
2021-03-15,EGX:ADIB,3.53818664,3.58653078,3.44451987,3.49286401,632998.35163769
2021-03-16,EGX:ADIB,3.49286401,3.53214362,3.43847685,3.50797155,94191.3567722
2021-03-17,EGX:ADIB,3.50797155,3.53818664,3.45962741,3.50192853,321114.41991648
2021-03-18,EGX:ADIB,3.50192853,3.5593372,3.42336931,3.48682099,295762.84602769
2021-03-21,EGX:ADIB,3.48682099,3.53516513,3.35689612,3.42941233,124020.82615337
2021-03-22,EGX:ADIB,3.42941233,3.45962741,3.26625086,3.34178858,427965.01560835
2021-03-23,EGX:ADIB,3.34178858,3.34178858,3.08798185,3.23301426,2573681.19045457
2021-03-24,EGX:ADIB,3.23301426,3.30553047,3.17258409,3.21488521,475778.87826781
2021-03-25,EGX:ADIB,3.21488521,3.24812181,3.18467013,3.22394974,174770.3084002
2021-03-28,EGX:ADIB,3.22394974,3.32063802,3.19675616,3.22394974,134138.28847426
2021-03-29,EGX:ADIB,3.22394974,3.26322935,3.20279918,3.2118637,152327.87725922
2021-03-30,EGX:ADIB,3.2118637,3.29042293,3.2118637,3.24812181,46794.50433599
2021-03-31,EGX:ADIB,3.24812181,3.35387461,3.20582069,3.26927237,411241.58181461
2021-04-01,EGX:ADIB,3.26927237,3.34783159,3.26625086,3.32063802,192761.32088839
2021-04-04,EGX:ADIB,3.32063802,3.35387461,3.25416482,3.26927237,73344.15521535
2021-04-05,EGX:ADIB,3.26927237,3.26927237,3.09100336,3.15747655,278400.65847931
2021-04-06,EGX:ADIB,3.15747655,3.21488521,3.02150866,3.13028297,691373.16368084
2021-04-07,EGX:ADIB,3.13028297,3.22092823,3.07287431,3.14841202,365466.43580209
2021-04-08,EGX:ADIB,3.14841202,3.19977767,3.12726146,3.15747655,184947.34361013
2021-04-11,EGX:ADIB,3.15747655,3.18769163,3.1393475,3.14841202,271559.70505527
2021-04-12,EGX:ADIB,3.14841202,3.23301426,3.14841202,3.16956258,462130.06746919
2021-04-13,EGX:ADIB,3.16956258,3.16956258,3.09100336,3.16956258,28793.56303296
2021-04-14,EGX:ADIB,3.16956258,3.16956258,3.06380978,3.08798185,193241.2136056
2021-04-15,EGX:ADIB,3.08798185,3.16351956,3.05776676,3.13330448,134965.68971084
2021-04-18,EGX:ADIB,3.13330448,3.22092823,3.13330448,3.13330448,26437.12431119
2021-04-19,EGX:ADIB,3.13330448,3.19373465,3.13028297,3.16351956,71388.17869207
2021-04-20,EGX:ADIB,3.16351956,3.20279918,3.08193883,3.18164862,136594.01534443
2021-04-21,EGX:ADIB,3.18164862,3.20279918,3.1061109,3.12726146,357510.14551114
2021-04-22,EGX:ADIB,3.12726146,3.12726146,3.05776676,3.07891732,1937446.04517938
2021-04-25,EGX:ADIB,3.07891732,3.10913241,3.05172374,3.08496034,248021.79467706
2021-04-26,EGX:ADIB,3.08496034,3.11215392,3.06683129,3.09704637,251314.85159864
2021-04-27,EGX:ADIB,3.09704637,3.12423995,3.09100336,3.11517543,90898.29985062
2021-04-28,EGX:ADIB,3.11517543,3.13632599,3.09402487,3.11517543,180502.54416723
2021-05-04,EGX:ADIB,3.11517543,3.14841202,3.11517543,3.1393475,220042.39446088
2021-05-05,EGX:ADIB,3.1393475,3.15143353,3.1061109,3.12121844,153108.94402655
2021-05-06,EGX:ADIB,3.12121844,3.17258409,3.12121844,3.16956258,191626.1263918
2021-05-09,EGX:ADIB,3.16956258,3.19373465,3.16049806,3.1756056,59341.21668748
2021-05-10,EGX:ADIB,3.1756056,3.24207879,3.142369,3.18467013,206926.43005863
2021-05-11,EGX:ADIB,3.18467013,3.30250896,3.17862711,3.27833689,278840.83593717
2021-05-17,EGX:ADIB,3.27833689,3.35689612,3.25416482,3.32970254,396924.23081684
2021-05-18,EGX:ADIB,3.32970254,3.42336931,3.32970254,3.39013271,266280.88516589
2021-05-19,EGX:ADIB,3.39013271,3.42639082,3.34783159,3.38711121,254856.1288912
2021-05-20,EGX:ADIB,3.38711121,3.38711121,3.26625086,3.32970254,763482.83625121
2021-05-23,EGX:ADIB,3.32970254,3.37804668,3.30553047,3.32063802,362017.82744803
2021-05-24,EGX:ADIB,3.32063802,3.35991763,3.26322935,3.30855198,284685.59827236
2021-05-25,EGX:ADIB,3.30855198,3.30855198,3.26322935,3.27833689,151139.72908349
2021-05-26,EGX:ADIB,3.27833689,3.3508531,3.24207879,3.26322935,484459.972042
2021-05-27,EGX:ADIB,3.26322935,3.33876707,3.26322935,3.28740142,382606.87981907
2021-05-30,EGX:ADIB,3.28740142,3.61372436,3.28740142,3.51099306,1659982.00489988
2021-05-31,EGX:ADIB,3.51099306,3.77688582,3.51099306,3.68624056,3893316.66109491
2021-06-01,EGX:ADIB,3.68624056,3.68624056,3.41430478,3.58955229,2117852.61080316
2021-06-02,EGX:ADIB,3.58955229,3.58955229,3.3840897,3.45056289,362716.1540917
2021-06-03,EGX:ADIB,3.45056289,3.65602548,3.30250896,3.4535844,1656735.28244755
2021-06-06,EGX:ADIB,3.4535844,3.50495004,3.32365952,3.33272405,732097.85254528
2021-06-07,EGX:ADIB,3.33272405,3.66509,3.32365952,3.43847685,8001678.21318177
2021-06-08,EGX:ADIB,3.43847685,3.56235871,3.35387461,3.44754138,5261785.35271818
2021-06-09,EGX:ADIB,3.44754138,3.58350927,3.44754138,3.52912211,1690337.70146751
2021-06-10,EGX:ADIB,3.52912211,3.5593372,3.44451987,3.48682099,1183991.31191551
2021-06-13,EGX:ADIB,3.48682099,3.57142323,3.47473496,3.52005759,1200248.09141183
2021-06-14,EGX:ADIB,3.52005759,3.52912211,3.43545534,3.46869194,338225.07748895
2021-06-15,EGX:ADIB,3.46869194,3.49890703,3.32668103,3.40221875,1809837.60726421
2021-06-16,EGX:ADIB,3.40221875,3.46567043,3.39013271,3.4203478,52113.03948472
2021-06-17,EGX:ADIB,3.4203478,3.46264892,3.39013271,3.41430478,340253.86532104
2021-06-20,EGX:ADIB,3.41430478,3.44451987,3.39919724,3.41430478,361465.12342199
2021-06-21,EGX:ADIB,3.41430478,3.51703608,3.41430478,3.46869194,411201.86655525
2021-06-22,EGX:ADIB,3.46869194,3.5261006,3.44451987,3.47171345,729734.79461361
2021-06-23,EGX:ADIB,3.47171345,3.59257379,3.47171345,3.53516513,1310060.78353065
2021-06-24,EGX:ADIB,3.53516513,3.60465983,3.49588552,3.57142323,1200939.79884561
2021-06-27,EGX:ADIB,3.57142323,3.59257379,3.48379948,3.5593372,2014450.62346536
2021-06-28,EGX:ADIB,3.5593372,3.74667074,3.53516513,3.63185341,4257949.07645053
2021-06-29,EGX:ADIB,3.63185341,3.65602548,3.55631569,3.58653078,810277.3405872
2021-06-30,EGX:ADIB,3.58653078,3.59257379,3.53516513,3.55329418,662778.17694465
2021-07-04,EGX:ADIB,3.55329418,3.61674586,3.47473496,3.49890703,498651.55805181
2021-07-05,EGX:ADIB,3.49890703,3.58350927,3.49890703,3.53516513,618972.24587519
2021-07-06,EGX:ADIB,3.53516513,3.53516513,3.43243384,3.45962741,149825.81591981
2021-07-07,EGX:ADIB,3.45962741,3.53214362,3.45056289,3.47775647,1102866.27547137
2021-07-08,EGX:ADIB,3.47775647,3.54725116,3.4203478,3.43545534,650016.34027165
2021-07-11,EGX:ADIB,3.43545534,3.4898425,3.40826177,3.41430478,538777.20842097
2021-07-12,EGX:ADIB,3.41430478,3.46264892,3.39919724,3.41430478,327455.62299363
2021-07-13,EGX:ADIB,3.41430478,3.45962741,3.41430478,3.43847685,377010.33785484
2021-07-14,EGX:ADIB,3.43847685,3.4898425,3.39919724,3.42639082,338026.50119217
2021-07-15,EGX:ADIB,3.42639082,3.4898425,3.39013271,3.45056289,308514.75388585
2021-07-18,EGX:ADIB,3.45056289,3.49588552,3.40826177,3.42639082,1130739.76832926
2021-07-25,EGX:ADIB,3.42639082,3.50495004,3.42639082,3.47473496,761794.93772859
2021-07-26,EGX:ADIB,3.47473496,3.52005759,3.42336931,3.44451987,746709.75838327
2021-07-27,EGX:ADIB,3.44451987,3.67415453,3.44451987,3.56840173,4260778.78867963
2021-07-28,EGX:ADIB,3.56840173,3.76177828,3.55027267,3.71041263,4010499.84342919
2021-07-29,EGX:ADIB,3.71041263,3.79803638,3.70739112,3.75271375,1591115.7451769
2021-08-01,EGX:ADIB,3.75271375,4.05788613,3.74364923,3.95515483,8571317.48772715
2021-08-02,EGX:ADIB,3.95515483,4.59269316,3.95515483,4.36910152,13493507.58650861
2021-08-03,EGX:ADIB,4.36910152,4.58665014,4.23313363,4.42046717,5796720.10979647
2021-08-04,EGX:ADIB,4.42046717,4.42046717,4.26637023,4.34492945,2236177.60684392
2021-08-05,EGX:ADIB,4.34492945,4.71355351,4.32075738,4.59571467,7943359.66442271
2021-08-08,EGX:ADIB,4.59571467,5.05498398,4.59571467,4.96131722,11963182.66498568
2021-08-09,EGX:ADIB,4.96131722,5.41756502,4.96131722,5.17886554,10206682.65103633
2021-08-10,EGX:ADIB,5.17886554,5.57468378,5.17886554,5.43267257,11519123.04052338
2021-08-11,EGX:ADIB,5.43267257,5.43267257,5.19699519,5.27857532,5233230.08124135
2021-08-15,EGX:ADIB,5.27857532,5.43871558,5.21512394,5.32691946,5321454.22029534
2021-08-16,EGX:ADIB,5.32691946,5.5142533,5.21210244,5.39943627,6928164.8239793
2021-08-17,EGX:ADIB,5.39943627,5.74086645,5.39641477,5.55957593,14227548.17715738
2021-08-18,EGX:ADIB,5.55957593,5.55957593,5.06404851,5.28461864,10672883.53258949
2021-08-19,EGX:ADIB,5.28461864,5.28461864,4.83743536,4.98246778,7489404.32117092
2021-08-22,EGX:ADIB,4.98246778,5.06707002,4.76189765,4.89786523,10202985.82231129
2021-08-23,EGX:ADIB,4.89786523,5.13656472,4.89786523,5.04591976,9713131.19420679
2021-08-24,EGX:ADIB,5.04591976,5.25138175,4.90693006,5.07009183,7095610.9766333
2021-08-25,EGX:ADIB,5.07009183,5.22720968,4.87369316,5.10634963,12150499.68573737
2021-08-26,EGX:ADIB,5.10634963,5.22720968,4.83139234,4.98548929,5808982.19612258
2021-08-29,EGX:ADIB,4.98548929,4.98548929,4.79815575,4.85556441,1926924.81105504
2021-08-30,EGX:ADIB,4.85556441,4.98548929,4.56247807,4.76491915,6517072.17438727
2021-08-31,EGX:ADIB,4.76491915,4.76491915,4.5352845,4.66218786,2965899.16303774
2021-09-01,EGX:ADIB,4.66218786,5.09124209,4.66218786,4.96736054,9329825.98774405
2021-09-02,EGX:ADIB,4.96736054,5.00361804,4.80722027,4.86462894,5530809.90038457
2021-09-05,EGX:ADIB,4.86462894,4.89182282,4.52924148,4.55643506,3939561.77100981
2021-09-06,EGX:ADIB,4.55643506,4.62290825,4.27543475,4.29960682,5208566.90518139
2021-09-07,EGX:ADIB,4.29960682,4.5352845,4.29960682,4.42651018,2838118.62566536
2021-09-08,EGX:ADIB,4.42651018,4.5020479,4.29054229,4.32075738,2509100.86913707
2021-09-09,EGX:ADIB,4.32075738,4.38118755,4.12738083,4.16363893,2360267.93470116
2021-09-12,EGX:ADIB,4.16363893,4.48391885,4.16363893,4.34795096,3831748.08027856
2021-09-13,EGX:ADIB,4.34795096,4.47183281,4.34795096,4.38420906,2002493.02079431
2021-09-14,EGX:ADIB,4.38420906,4.74074708,4.38420906,4.61988674,6967648.41098887
2021-09-15,EGX:ADIB,4.61988674,4.68333842,4.42651018,4.4657898,2192077.12093423
2021-09-16,EGX:ADIB,4.4657898,4.53226299,4.32075738,4.35097247,3397124.13951822
2021-09-19,EGX:ADIB,4.35097247,4.36910152,4.19989703,4.20896156,2509478.16410095
2021-09-20,EGX:ADIB,4.20896156,4.26334872,4.01860652,4.06997216,1917459.34090857
2021-09-21,EGX:ADIB,4.06997216,4.06997216,3.81012242,3.93098276,1783380.62532334
2021-09-22,EGX:ADIB,3.93098276,4.01860652,3.92796126,3.94911182,2057071.71596404
2021-09-23,EGX:ADIB,3.94911182,4.73772558,3.94004729,4.68635993,13266243.63405486
2021-09-26,EGX:ADIB,4.68635993,5.13656472,4.68635993,4.90693006,20222579.81533722
2021-09-27,EGX:ADIB,4.90693006,4.9552742,4.62290825,4.65312333,7228686.88191979
2021-09-28,EGX:ADIB,4.65312333,4.74376859,4.53226299,4.65312333,4693211.77096552
2021-09-29,EGX:ADIB,4.65312333,4.69844596,4.44161773,4.48694036,4436724.00683578
2021-09-30,EGX:ADIB,4.48694036,4.57758562,4.44463924,4.55039204,2684999.75282397
2021-10-03,EGX:ADIB,4.55039204,4.68333842,4.42953169,4.45672527,2668034.71786914
2021-10-04,EGX:ADIB,4.45672527,4.57456411,4.3962951,4.4325532,1496669.54882383
2021-10-05,EGX:ADIB,4.4325532,4.52017695,4.38420906,4.41744566,1345162.4535913
2021-10-06,EGX:ADIB,4.41744566,4.45672527,4.38420906,4.42046717,918839.00203632
2021-10-10,EGX:ADIB,4.42046717,4.59269316,4.41140264,4.45068225,1524099.55461891
2021-10-11,EGX:ADIB,4.45068225,4.80419877,4.45068225,4.77700519,6759844.93561947
2021-10-12,EGX:ADIB,4.77700519,4.8525426,4.65312333,4.69240295,4091009.29335332
2021-10-13,EGX:ADIB,4.69240295,4.74376859,4.65312333,4.710532,3782901.62087586
2021-10-14,EGX:ADIB,4.710532,4.83441385,4.70146747,4.80117726,1939554.26353019
2021-10-17,EGX:ADIB,4.80117726,4.95225239,4.80117726,4.89484433,5406355.51598323
2021-10-18,EGX:ADIB,4.89484433,4.9552742,4.84045687,4.94923088,3484136.96316186
2021-10-19,EGX:ADIB,4.94923088,4.9552742,3.98839143,4.55039204,5683210.58895261
2021-10-20,EGX:ADIB,4.55039204,4.63801579,4.38118755,4.61384372,2593214.47884774
2021-10-24,EGX:ADIB,4.61384372,4.65312333,4.5020479,4.5352845,1172791.60877717
2021-10-25,EGX:ADIB,4.5352845,4.59571467,4.45974678,4.54737053,1824055.67011359
2021-10-26,EGX:ADIB,4.54737053,4.63499428,4.41140264,4.42651018,2052090.76051983
2021-10-27,EGX:ADIB,4.42651018,4.49902639,4.07903669,4.39025208,2114536.38664695
2021-10-28,EGX:ADIB,4.39025208,4.47183281,4.35097247,4.44463924,787252.41897567
2021-10-31,EGX:ADIB,4.44463924,4.46276829,4.34492945,4.38723057,1380677.82427023
2021-11-01,EGX:ADIB,4.38723057,4.44161773,4.35399398,4.36910152,753395.16037484
2021-11-02,EGX:ADIB,4.36910152,4.46276829,4.23313363,4.2573057,1220701.44998007
2021-11-03,EGX:ADIB,4.2573057,4.35701548,4.15759591,4.187811,1255055.14932285
2021-11-04,EGX:ADIB,4.187811,4.21198307,4.03371406,4.07601518,1665035.77165291
2021-11-07,EGX:ADIB,4.07601518,4.13342384,3.96724087,4.07903669,1323395.18185936
2021-11-08,EGX:ADIB,4.07903669,4.23011212,4.07903669,4.23011212,715258.58257842
2021-11-09,EGX:ADIB,4.23011212,4.29054229,4.18478949,4.2210476,828149.20729732
2021-11-10,EGX:ADIB,4.2210476,4.25126268,4.04277858,4.13946686,665988.49374258
2021-11-11,EGX:ADIB,4.13946686,4.27543475,4.13946686,4.22709061,453048.5114965
2021-11-14,EGX:ADIB,4.22709061,4.29658531,4.17270346,4.23313363,346750.61983066
2021-11-15,EGX:ADIB,4.23313363,4.34190794,4.19083251,4.23917665,425343.80849087
2021-11-16,EGX:ADIB,4.23917665,4.26032721,4.13946686,4.14853139,477079.55301171
2021-11-17,EGX:ADIB,4.14853139,4.23011212,4.09716574,4.16061742,643403.74958891
2021-11-18,EGX:ADIB,4.16061742,4.19989703,4.10320876,4.13644535,552601.42828174
2021-11-21,EGX:ADIB,4.13644535,4.13644535,4.0488216,4.07903669,10619479.7471757
2021-11-22,EGX:ADIB,4.07903669,4.187811,4.07903669,4.13040234,328812.56102162
2021-11-23,EGX:ADIB,4.13040234,4.19687553,4.11227328,4.18478949,457013.41822219
2021-11-24,EGX:ADIB,4.18478949,4.45672527,4.13946686,4.39025208,1853425.10440721
2021-11-25,EGX:ADIB,4.39025208,4.46881131,4.32982191,4.34492945,707854.9963135
2021-11-28,EGX:ADIB,4.34492945,4.37212303,4.11227328,4.34795096,663665.15107027
2021-11-29,EGX:ADIB,4.34795096,4.3962951,4.30564984,4.32377889,277066.88768594
2021-11-30,EGX:ADIB,4.32377889,4.56247807,4.29054229,4.51111243,2671632.25844579
2021-12-01,EGX:ADIB,4.51111243,4.53226299,4.47183281,4.49298337,435193.19281111
2021-12-02,EGX:ADIB,4.49298337,4.53226299,4.41442415,4.4325532,673891.83035439
2021-12-05,EGX:ADIB,4.4325532,4.64708032,4.3630585,4.52924148,1561120.79554842
2021-12-06,EGX:ADIB,4.52924148,4.63197277,4.47485432,4.5352845,1705942.4887894
2021-12-07,EGX:ADIB,4.5352845,4.90693006,4.5352845,4.82837084,5715505.71401878
2021-12-08,EGX:ADIB,4.82837084,4.92808032,4.72261803,4.77700519,1290054.22163016
2021-12-09,EGX:ADIB,4.77700519,4.80419877,4.65614484,4.7467901,1153278.17801368
2021-12-12,EGX:ADIB,4.7467901,4.80419877,4.71355351,4.73772558,434716.60969884
2021-12-13,EGX:ADIB,4.73772558,4.78909122,4.69240295,4.72261803,190487.62229027
2021-12-14,EGX:ADIB,4.72261803,4.75887614,4.62290825,4.65010182,1048549.0390924
2021-12-15,EGX:ADIB,4.65010182,4.72866105,4.62290825,4.71355351,904319.76513682
2021-12-16,EGX:ADIB,4.71355351,4.78909122,4.68031691,4.71959652,1931829.64558548
2021-12-19,EGX:ADIB,4.71959652,4.75887614,4.61686523,4.62592976,639207.17051698
2021-12-20,EGX:ADIB,4.62592976,4.62592976,4.50809092,4.55341355,851372.70520563
2021-12-21,EGX:ADIB,4.55341355,4.62592976,4.51111243,4.52924148,669533.08064009
2021-12-22,EGX:ADIB,4.52924148,4.59269316,4.52924148,4.56852109,392734.2709548
2021-12-23,EGX:ADIB,4.56852109,4.82534933,4.56852109,4.8162848,2144673.64928812
2021-12-26,EGX:ADIB,4.8162848,4.84952109,4.76189765,4.83139234,1296987.84399269
2021-12-27,EGX:ADIB,4.83139234,4.89484433,4.72866105,4.74376859,673398.69921739
2021-12-28,EGX:ADIB,4.74376859,4.83441385,4.70146747,4.80722027,851167.50969896
2021-12-29,EGX:ADIB,4.80722027,4.85858592,4.79211273,4.81930631,528858.32239685
2021-12-30,EGX:ADIB,4.81930631,4.83441385,4.70751049,4.76491915,557476.47636766
2022-01-02,EGX:ADIB,4.76491915,4.83441385,4.74376859,4.81326329,698101.5905367
2022-01-03,EGX:ADIB,4.81326329,4.83441385,4.74376859,4.74376859,649278.29836862
2022-01-04,EGX:ADIB,4.74376859,4.8162848,4.73470407,4.7467901,988711.38166298
2022-01-05,EGX:ADIB,4.7467901,4.83441385,4.7467901,4.78304821,420581.28697312
2022-01-09,EGX:ADIB,4.78304821,4.82837084,4.74376859,4.7467901,409500.72961285
2022-01-10,EGX:ADIB,4.7467901,4.78606971,4.74376859,4.76794066,322249.61441307
2022-01-11,EGX:ADIB,4.76794066,4.76794066,4.66823088,4.68333842,496540.03009606
2022-01-12,EGX:ADIB,4.68333842,4.71355351,4.63197277,4.65010182,1260396.8517062
2022-01-13,EGX:ADIB,4.65010182,4.66823088,4.56549958,4.59571467,1027784.57765921
2022-01-16,EGX:ADIB,4.59571467,4.60477919,4.50506941,4.53226299,1328465.49663712
2022-01-17,EGX:ADIB,4.53226299,4.57758562,4.52017695,4.54132751,721282.06358071
2022-01-18,EGX:ADIB,4.54132751,4.71355351,4.54132751,4.68031691,1321280.34429867
2022-01-19,EGX:ADIB,4.68031691,4.71355351,4.6078007,4.63801579,741854.56792703
2022-01-20,EGX:ADIB,4.63801579,4.65312333,4.55341355,4.58362863,855215.1565483
2022-01-23,EGX:ADIB,4.58362863,4.62290825,4.42651018,4.42651018,572932.33146697
2022-01-24,EGX:ADIB,4.49600488,4.5020479,4.37514454,4.38723057,575993.71604231
2022-01-25,EGX:ADIB,4.38723057,4.53226299,4.35097247,4.47183281,2490888.11311748
2022-01-26,EGX:ADIB,4.47183281,4.48694036,4.42651018,4.44463924,483927.12564564
2022-01-30,EGX:ADIB,4.44463924,4.44463924,3.58653078,3.63185341,18259229.492243
2022-01-31,EGX:ADIB,3.63185341,3.80710091,3.62581039,3.77990733,2715726.12514558
2022-02-01,EGX:ADIB,3.77990733,3.92796126,3.77990733,3.89774617,4473778.34381475
2022-02-02,EGX:ADIB,3.89774617,4.03673557,3.89774617,3.98839143,2540108.55787912
2022-02-03,EGX:ADIB,3.98839143,4.05486462,3.98839143,4.01860652,2879419.18579046
2022-02-06,EGX:ADIB,4.01860652,4.08810121,3.98839143,4.04277858,1252433.94220536
2022-02-07,EGX:ADIB,4.04277858,4.10018725,4.02162802,4.06997216,1138732.46427462
2022-02-08,EGX:ADIB,4.06997216,4.09716574,4.06997216,4.07903669,1116544.8727145
2022-02-09,EGX:ADIB,4.07903669,4.12133781,4.07299367,4.09414423,424609.07619279
2022-02-10,EGX:ADIB,4.0820582,4.19989703,4.06392915,4.1545744,1043458.86668497
2022-02-13,EGX:ADIB,4.17572497,4.17874647,4.10925177,4.13946686,1308065.09174802
2022-02-14,EGX:ADIB,4.13946686,4.20594005,4.0820582,4.20291854,1268869.44036878
2022-02-15,EGX:ADIB,4.17874647,4.2240691,4.13946686,4.16968195,883925.97945761
2022-02-16,EGX:ADIB,4.16363893,4.19989703,4.14853139,4.187811,164411.24491823
2022-02-17,EGX:ADIB,4.187811,4.19989703,4.1545744,4.16968195,194240.71429939
2022-02-20,EGX:ADIB,4.16968195,4.17874647,4.07903669,4.12435932,1869370.78103857
2022-02-21,EGX:ADIB,4.12435932,4.17270346,4.12435932,4.1545744,706273.00514916
2022-02-22,EGX:ADIB,4.13946686,4.14853139,4.0820582,4.0820582,239178.53026049
2022-02-23,EGX:ADIB,4.10018725,4.16061742,4.07903669,4.13946686,363533.62651344
2022-02-24,EGX:ADIB,4.14248837,4.14248837,3.89774617,3.94609031,1747991.01963237
2022-02-27,EGX:ADIB,3.94609031,4.13946686,3.94609031,4.04277858,320998.58374336
2022-02-28,EGX:ADIB,4.04277858,4.08507971,4.01860652,4.0820582,695132.87489986
2022-03-01,EGX:ADIB,4.07903669,4.10925177,4.03371406,4.07903669,327432.455759
2022-03-02,EGX:ADIB,4.07903669,4.10018725,4.0488216,4.07903669,535851.51764842
2022-03-03,EGX:ADIB,4.07903669,4.10925177,4.05184311,4.07903669,445016.10029178
2022-03-06,EGX:ADIB,4.07903669,4.10925177,4.05486462,4.07903669,458850.24896739
2022-03-07,EGX:ADIB,4.0820582,4.10925177,4.0488216,4.07903669,3222741.05489674
2022-03-08,EGX:ADIB,4.0820582,4.09414423,4.01860652,4.09112272,446588.16264128
2022-03-09,EGX:ADIB,4.08507971,4.1545744,4.07903669,4.12738083,460720.17576206
2022-03-10,EGX:ADIB,4.12738083,4.14853139,4.0820582,4.14853139,267323.41072398
2022-03-13,EGX:ADIB,4.13946686,4.16666044,4.10925177,4.10925177,171278.67518184
2022-03-14,EGX:ADIB,4.12133781,4.1545744,4.10925177,4.13946686,163712.91827456
2022-03-15,EGX:ADIB,4.13946686,4.13946686,4.10925177,4.10925177,173059.24264296
2022-03-16,EGX:ADIB,4.12133781,4.16363893,4.10925177,4.13644535,745144.31524367
2022-03-17,EGX:ADIB,4.13644535,4.1545744,4.1183163,4.12133781,210795.35824087
2022-03-20,EGX:ADIB,4.12133781,4.16968195,4.10925177,4.10925177,276358.63222743
2022-03-21,EGX:ADIB,4.1183163,4.30564984,4.1183163,4.23917665,388881.89079729
2022-03-22,EGX:ADIB,4.2573057,4.62290825,4.2573057,4.44766074,874659.08560792
2022-03-23,EGX:ADIB,4.44766074,4.55945656,4.32075738,4.40838113,239701.44784201
2022-03-24,EGX:ADIB,4.40838113,4.44161773,4.32982191,4.33284342,410510.15912147
2022-03-27,EGX:ADIB,4.33284342,4.34492945,4.23615514,4.28752079,77385.1828548
2022-03-28,EGX:ADIB,4.28752079,4.28752079,4.19989703,4.21500458,208286.67769156
2022-03-29,EGX:ADIB,4.20896156,4.29054229,4.17874647,4.24521966,349500.90154105
2022-03-30,EGX:ADIB,4.25126268,4.27241324,4.23011212,4.23011212,57103.92374377
2022-03-31,EGX:ADIB,4.25126268,4.25126268,4.16968195,4.19083251,131616.36950517
2022-04-03,EGX:ADIB,4.19083251,4.35399398,4.19083251,4.33284342,236832.02035355
2022-04-04,EGX:ADIB,4.32982191,4.35097247,4.23011212,4.29658531,64057.40373598
2022-04-05,EGX:ADIB,4.32982191,4.35097247,4.26939173,4.26939173,83911.72380894
2022-04-06,EGX:ADIB,4.27241324,4.32075738,4.19989703,4.20594005,86751.36485288
2022-04-07,EGX:ADIB,4.20594005,4.20594005,4.17874647,4.19989703,172162.33970251
2022-04-10,EGX:ADIB,4.19989703,4.19989703,4.07903669,4.14550988,132529.82047035
2022-04-11,EGX:ADIB,4.14248837,4.14248837,3.92796126,4.10925177,393955.51517999
2022-04-12,EGX:ADIB,4.05788613,4.07903669,3.86753108,3.92796126,1171960.89793565
2022-04-13,EGX:ADIB,3.88566013,4.06392915,3.87055259,3.95213332,142571.16187748
2022-04-14,EGX:ADIB,3.93400427,4.03371406,3.66206849,3.74667074,156977.8722088
2022-04-17,EGX:ADIB,3.74667074,3.91285371,3.74667074,3.77688582,49084.75095884
2022-04-18,EGX:ADIB,3.74667074,3.837316,3.70134811,3.74667074,54529.05109553
2022-04-19,EGX:ADIB,3.74667074,3.77386431,3.66206849,3.72249867,275809.23780634
2022-04-20,EGX:ADIB,3.72249867,3.83429449,3.69530509,3.73156319,231314.90890804
2022-04-21,EGX:ADIB,3.73156319,3.86753108,3.70134811,3.76177828,212883.718962
2022-04-26,EGX:ADIB,3.82825147,3.82825147,3.71947716,3.77688582,160310.64438974
2022-04-27,EGX:ADIB,3.75875677,3.8040794,3.74667074,3.74667074,97874.94707746
2022-04-28,EGX:ADIB,3.74969224,3.85242354,3.74969224,3.85242354,139493.2292774
2022-05-08,EGX:ADIB,3.81616544,3.92796126,3.81616544,3.86753108,250077.05934872
2022-05-09,EGX:ADIB,3.87055259,4.01860652,3.837316,3.87055259,434504.79498228
2022-05-10,EGX:ADIB,3.8735741,3.97026238,3.85242354,3.86753108,167452.7718639
2022-05-11,EGX:ADIB,3.86753108,3.92796126,3.837316,3.84638052,54303.99795918
2022-05-12,EGX:ADIB,3.86753108,3.92796126,3.78292884,3.81314393,65573.20280139
2022-05-15,EGX:ADIB,3.86753108,3.89774617,3.8403375,3.84638052,106440.20467853
2022-05-16,EGX:ADIB,3.84940203,3.86753108,3.77688582,3.82522996,101313.62661668
2022-05-17,EGX:ADIB,3.82522996,3.86753108,3.80710091,3.86148806,67936.26073307
2022-05-18,EGX:ADIB,3.82522996,3.89774617,3.81012242,3.81012242,3946786.63860762
2022-05-19,EGX:ADIB,3.82825147,3.87659561,3.81314393,3.837316,1495008.12714078
2022-05-22,EGX:ADIB,3.837316,3.87055259,3.81616544,3.82220845,11153.36866909
2022-05-23,EGX:ADIB,3.837316,3.86753108,3.77688582,3.83127298,1421872.47703705
2022-05-24,EGX:ADIB,3.81616544,3.86148806,3.72552018,3.82220845,102551.4188666
2022-05-25,EGX:ADIB,3.77084281,3.82220845,3.58048776,3.58048776,367779.84965956
2022-05-26,EGX:ADIB,3.64696095,3.71645565,3.56538022,3.56538022,109336.10900655
2022-05-29,EGX:ADIB,3.59861681,3.65602548,3.57444474,3.63185341,36104.48035938
2022-05-30,EGX:ADIB,3.59861681,3.70134811,3.58955229,3.62581039,22677.41309217
2022-05-31,EGX:ADIB,3.59861681,3.6983266,3.59861681,3.61372436,224047.01644593
2022-06-01,EGX:ADIB,3.62278888,3.68624056,3.41430478,3.66206849,524933.13093052
2022-06-02,EGX:ADIB,3.64998246,3.71041263,3.62581039,3.65904698,166582.34576301
2022-06-05,EGX:ADIB,3.62581039,3.71343414,3.56538022,3.62581039,100221.4569844
2022-06-06,EGX:ADIB,3.65300397,3.65602548,3.62581039,3.6288319,103670.06533846
2022-06-07,EGX:ADIB,3.62581039,3.68624056,3.62581039,3.64091793,72278.46242263
2022-06-08,EGX:ADIB,3.62581039,3.77386431,3.62581039,3.77386431,788420.70952172
2022-06-09,EGX:ADIB,3.76479979,3.79501487,3.70134811,3.71041263,480365.9907234
2022-06-12,EGX:ADIB,3.71343414,3.75573526,3.71343414,3.71343414,60790.82365397
2022-06-13,EGX:ADIB,3.71343414,3.79199337,3.69228358,3.73156319,132400.74587744
2022-06-14,EGX:ADIB,3.74364923,3.78292884,3.69530509,3.74667074,111914.29125974
2022-06-15,EGX:ADIB,3.77688582,3.78897186,3.70436961,3.71645565,106843.97648198
2022-06-16,EGX:ADIB,3.71645565,3.74667074,3.67415453,3.68624056,253674.59992537
2022-06-19,EGX:ADIB,3.68751822,4.02545789,3.68751822,3.77697284,82607.58373611
2022-06-20,EGX:ADIB,3.81673045,3.84323552,3.72064956,3.72727583,72692.50051885
2022-06-21,EGX:ADIB,3.81673045,3.81673045,3.66101315,3.66101315,360785.27921109
2022-06-22,EGX:ADIB,3.66432628,3.72727583,3.5881242,3.70739702,948542.96111763
2022-06-23,EGX:ADIB,3.70739702,3.84323552,3.64444748,3.81010418,2377875.40042197
2022-06-26,EGX:ADIB,3.80347791,4.15798326,3.80347791,3.98238715,2963960.94957284
2022-06-27,EGX:ADIB,4.05196297,4.05196297,3.81010418,3.82004358,632337.82775704
2022-06-28,EGX:ADIB,3.82004358,3.87636686,3.71071016,3.80347791,337456.91446644
2022-06-29,EGX:ADIB,3.79022537,3.94262954,3.58149793,3.76040717,258522.58987048
2022-07-03,EGX:ADIB,3.76040717,3.78359911,3.65107374,3.65107374,125509.5602506
2022-07-04,EGX:ADIB,3.68420508,3.74052836,3.56161912,3.61131613,230370.99742989
2022-07-05,EGX:ADIB,3.61131613,3.64444748,3.49866958,3.53180092,237026.32726065
2022-07-06,EGX:ADIB,3.53180092,3.59475046,3.48541704,3.56161912,135418.60688751
2022-07-07,EGX:ADIB,3.57155853,3.71733642,3.57155853,3.63119494,654356.25456675
2022-07-17,EGX:ADIB,3.63119494,3.66763941,3.54505345,3.54836659,1140789.93537638
2022-07-18,EGX:ADIB,3.54836659,3.57818479,3.47879077,3.51854838,3637093.98730384
2022-07-19,EGX:ADIB,3.50860898,3.54505345,3.49535644,3.51854838,532124.55744368
2022-07-20,EGX:ADIB,3.51854838,3.57155853,3.51192211,3.54836659,767641.73961798
2022-07-21,EGX:ADIB,3.54836659,3.67757882,3.54836659,3.61131613,2061093.7736384
2022-07-24,EGX:ADIB,3.61131613,3.7438415,3.60468987,3.67426568,677871.7533021
2022-07-25,EGX:ADIB,3.67426568,3.81010418,3.67426568,3.81010418,1126368.54493131
2022-07-26,EGX:ADIB,3.78028597,3.97576088,3.78028597,3.96250835,2598086.83313061
2022-07-27,EGX:ADIB,3.96250835,4.11491251,3.94262954,4.01551849,1732362.73606118
2022-07-28,EGX:ADIB,3.99232655,4.1911146,3.97576088,4.17454893,2042748.60596884
2022-07-31,EGX:ADIB,4.16460952,4.17454893,4.04864983,4.08840744,607759.89088089
2022-08-01,EGX:ADIB,4.08840744,4.13810445,4.04202356,4.07846804,397122.4746
2022-08-02,EGX:ADIB,4.08509431,4.09172057,4.00889222,4.0751549,337861.36534958
2022-08-03,EGX:ADIB,4.0751549,4.09503371,3.98238715,3.99563969,232975.78184891
2022-08-04,EGX:ADIB,3.99563969,4.12485192,3.99563969,4.0453367,710867.70146985
2022-08-07,EGX:ADIB,4.09172057,4.14141759,4.00889222,4.03871043,823036.4191572
2022-08-08,EGX:ADIB,4.03871043,4.22424594,3.99895282,4.14804385,1241108.84584578
2022-08-09,EGX:ADIB,4.14804385,4.3567713,4.14804385,4.27394295,2360387.42716146
2022-08-10,EGX:ADIB,4.27394295,4.50586233,4.20768027,4.35014503,1083834.79981788
2022-08-11,EGX:ADIB,4.34351876,4.45947846,4.25737728,4.30376116,366562.2866016
2022-08-14,EGX:ADIB,4.28056922,4.4926098,4.27394295,4.46941786,831143.54656102
2022-08-15,EGX:ADIB,4.46941786,4.53899367,4.22424594,4.37333697,289855.46015308
2022-08-16,EGX:ADIB,4.38658951,4.51911487,4.33026623,4.3766501,333931.55154475
2022-08-17,EGX:ADIB,4.37333697,4.56218561,4.37333697,4.56218561,682556.1396501
2022-08-18,EGX:ADIB,4.5025492,4.73446858,4.48929666,4.72121605,1570724.24244359
2022-08-21,EGX:ADIB,4.71790291,4.9697011,4.71790291,4.93656976,1149044.95899866
2022-08-22,EGX:ADIB,4.96638797,4.9697011,4.75434739,4.77422619,314249.28132869
2022-08-23,EGX:ADIB,4.77422619,4.86036768,4.67151904,4.82061007,68895.49148162
2022-08-24,EGX:ADIB,4.78085246,4.87030708,4.72452918,4.8040444,478429.17527168
2022-08-25,EGX:ADIB,4.78747873,4.83717574,4.68808471,4.794105,167406.44613758
2022-08-28,EGX:ADIB,4.76097366,4.82061007,4.65495337,4.794105,427181.62642973
2022-08-29,EGX:ADIB,4.78747873,4.80073127,4.60856949,4.6483271,209378.78927889
2022-08-30,EGX:ADIB,4.6483271,4.70796351,4.48929666,4.64170083,359113.14645542
2022-08-31,EGX:ADIB,4.64170083,4.70465038,4.47273099,4.53899367,1006092.69984014
2022-09-01,EGX:ADIB,4.55224621,4.58869068,4.45616532,4.47273099,125639.34672802
2022-09-04,EGX:ADIB,4.47604413,4.53899367,4.41640771,4.47273099,120749.71664828
2022-09-05,EGX:ADIB,4.46610472,4.55555934,4.45616532,4.5124886,803085.52111578
2022-09-06,EGX:ADIB,4.49923607,4.69802411,4.49923607,4.6383877,853500.02187007
2022-09-07,EGX:ADIB,4.64170083,4.70465038,4.57543815,4.64501396,584223.26411433
2022-09-08,EGX:ADIB,4.6383877,4.64501396,4.57212501,4.6383877,180460.55113443
2022-09-11,EGX:ADIB,4.63176143,4.70133724,4.58206442,4.68808471,86126.91007746
2022-09-12,EGX:ADIB,4.62182203,4.80073127,4.62182203,4.80073127,344555.93295258
2022-09-13,EGX:ADIB,4.76759992,4.80073127,4.74440799,4.74440799,40399.81396134
2022-09-14,EGX:ADIB,4.76759992,4.76759992,4.55887248,4.60525636,172163.27144973
2022-09-15,EGX:ADIB,4.60525636,4.69802411,4.55887248,4.55887248,619588.57006763
2022-09-18,EGX:ADIB,4.61850889,4.6383877,4.40646831,4.45616532,492159.37726721
2022-09-19,EGX:ADIB,4.43628652,4.6383877,4.34020563,4.61519576,757451.99199501
2022-09-20,EGX:ADIB,4.61188262,4.73778172,4.54893308,4.71127665,1604393.26931985
2022-09-21,EGX:ADIB,4.71127665,4.73778172,4.60856949,4.6682059,555522.3428623
2022-09-22,EGX:ADIB,4.66157963,4.6682059,4.60525636,4.62182203,62695.92346693
2022-09-25,EGX:ADIB,4.66157963,4.67151904,4.40646831,4.6383877,557420.84738092
2022-09-26,EGX:ADIB,4.6383877,4.68808471,4.47273099,4.62182203,111236.06602399
2022-09-27,EGX:ADIB,4.60856949,4.64170083,4.55555934,4.60194322,45754.26072767
2022-09-28,EGX:ADIB,4.60856949,4.63507456,4.47935726,4.52905427,33916.52667042
2022-09-29,EGX:ADIB,4.60856949,4.6383877,4.50586233,4.50586233,172709.58197099
2022-10-02,EGX:ADIB,4.522428,4.63507456,4.51580174,4.56218561,25598.11895451
2022-10-03,EGX:ADIB,4.522428,4.61850889,4.40646831,4.53899367,78729.08086421
2022-10-04,EGX:ADIB,4.43959965,4.61850889,4.43959965,4.48929666,165064.25296358
2022-10-05,EGX:ADIB,4.48929666,4.57212501,4.43959965,4.48929666,171152.14424188
2022-10-09,EGX:ADIB,4.48929666,4.57212501,4.47273099,4.47604413,84626.81986163
2022-10-10,EGX:ADIB,4.47604413,4.53899367,4.40646831,4.41309458,213423.29811028
2022-10-11,EGX:ADIB,4.41309458,4.50586233,4.24081161,4.33026623,415304.65460023
2022-10-12,EGX:ADIB,4.33026623,4.34020563,4.24081161,4.25737728,242528.67024544
2022-10-13,EGX:ADIB,4.26069041,4.40646831,4.14473072,4.17786206,237684.31451829
2022-10-16,EGX:ADIB,4.17786206,4.40646831,4.17786206,4.20436713,167819.95189124
2022-10-17,EGX:ADIB,4.20436713,4.38990264,4.20436713,4.23749847,301131.79223822
2022-10-18,EGX:ADIB,4.23749847,4.32363996,4.21761967,4.31038742,245495.64948519
2022-10-19,EGX:ADIB,4.31038742,4.37333697,4.31038742,4.31038742,75577.98592393
2022-10-20,EGX:ADIB,4.31370056,4.3567713,4.27394295,4.27394295,217039.20973715
2022-10-23,EGX:ADIB,4.31701369,4.49923607,4.31701369,4.46610472,382689.01099424
2022-10-24,EGX:ADIB,4.43297338,4.5025492,4.36008443,4.39321577,221856.40085275
2022-10-25,EGX:ADIB,4.39321577,4.45616532,4.34020563,4.3468319,42174.56858287
2022-10-26,EGX:ADIB,4.39321577,4.41972085,4.34020563,4.37996324,87213.49453962
2022-10-27,EGX:ADIB,4.36008443,4.67151904,4.36008443,4.40646831,1810726.6038145
2022-10-30,EGX:ADIB,4.48598353,4.48598353,4.38990264,4.42303398,317318.88243431
2022-10-31,EGX:ADIB,4.42303398,4.43959965,4.29050862,4.39321577,99558.30134589
2022-11-01,EGX:ADIB,4.39321577,4.39321577,3.9094982,4.24743788,5056604.91038628
2022-11-02,EGX:ADIB,4.24743788,4.28719548,4.12816505,4.17454893,1206866.34383671
2022-11-03,EGX:ADIB,4.17454893,4.26731668,4.14141759,4.201054,1415762.20668797
2022-11-06,EGX:ADIB,4.2010541,4.22424594,4.16129653,4.17454905,2743010.0357719
2022-11-07,EGX:ADIB,4.17454893,4.20768027,4.13479132,4.15135699,2364024.46681954
2022-11-08,EGX:ADIB,4.15798326,4.19774086,4.01883163,4.04202356,2579138.00742652
2022-11-09,EGX:ADIB,4.0353973,4.08509431,4.01551849,4.08509431,682670.83467667
2022-11-10,EGX:ADIB,4.05858923,4.18448833,4.05858923,4.16460952,2878676.14245357
2022-11-13,EGX:ADIB,4.16460952,4.29382175,4.16460952,4.29382175,1865236.92433312
2022-11-14,EGX:ADIB,4.27062981,4.40315518,4.24081161,4.38327637,4038022.52581159
2022-11-15,EGX:ADIB,4.38327637,4.38327637,4.31701369,4.37333697,1075386.60562455
2022-11-16,EGX:ADIB,4.3567713,4.6383877,4.32363996,4.57212501,4166840.13209144
2022-11-17,EGX:ADIB,4.59200382,4.62182203,4.522428,4.53568054,1414977.45124307
2022-11-20,EGX:ADIB,4.53568054,4.57212501,4.46279159,4.52905427,886885.3294701
2022-11-21,EGX:ADIB,4.52905427,4.54561994,4.42303398,4.45285219,1758561.49476005
2022-11-22,EGX:ADIB,4.43297338,4.43297338,4.25737728,4.29713489,3003687.68482567
2022-11-23,EGX:ADIB,4.29713489,4.50586233,4.29713489,4.49923607,10932011.57881748
2022-11-24,EGX:ADIB,4.49923607,4.63507456,4.49923607,4.54230681,10898188.61914242
2022-11-27,EGX:ADIB,4.54230681,4.80073127,4.54230681,4.73778172,7215240.76753521
2022-11-28,EGX:ADIB,4.71127665,4.92994349,4.71127665,4.87693335,16365250.8101116
2022-11-29,EGX:ADIB,4.87693335,5.20162049,4.86036768,5.18174168,16413446.86758897
2022-11-30,EGX:ADIB,5.18174168,5.39709573,5.16848915,5.21487302,8127525.00880842
2022-12-01,EGX:ADIB,5.21487302,5.30101451,5.17180228,5.19168109,1902503.75309522
2022-12-04,EGX:ADIB,5.19168109,5.36065092,5.19168109,5.25463063,4699664.93285518
2022-12-05,EGX:ADIB,5.25463063,5.30101451,5.14198407,5.16848915,6142184.28192397
2022-12-06,EGX:ADIB,5.18174168,5.28444884,5.16848915,5.26788317,3052270.08344515
2022-12-07,EGX:ADIB,5.26788317,5.46335808,5.26788317,5.44016614,8007695.87066281
2022-12-08,EGX:ADIB,5.44016614,5.49980255,5.25463063,5.30764078,2069176.75472084
2022-12-11,EGX:ADIB,5.30764078,5.58263091,5.30764078,5.35402465,5720378.23029179
2022-12-12,EGX:ADIB,5.45341835,6.04646968,5.35402465,6.04646968,7772543.9015994
2022-12-13,EGX:ADIB,6.04646968,6.19224791,5.82117656,5.89075271,3363582.56843582
2022-12-14,EGX:ADIB,5.88930342,6.51343206,5.88930342,6.49528843,1818741.12669403
2022-12-15,EGX:ADIB,6.45174496,6.7130076,6.45174496,6.49165942,2527494.5328887
2022-12-18,EGX:ADIB,6.49165942,6.49165942,5.9909057,6.16508103,4860437.52070925
2022-12-19,EGX:ADIB,6.16508103,6.42271574,6.02719259,6.34651367,1747182.88799439
2022-12-20,EGX:ADIB,6.34651367,6.52431765,6.31385579,6.48077418,2769942.64225632
2022-12-21,EGX:ADIB,6.48077418,6.48077418,6.38642885,6.38642885,845564.5131039
2022-12-22,EGX:ADIB,6.42997232,6.47714517,6.259426,6.29934155,777260.92586787
2022-12-25,EGX:ADIB,6.28482657,6.45537361,6.25579735,6.43360133,600200.72105338
2022-12-26,EGX:ADIB,6.43360133,6.52794631,6.35014232,6.51343206,422151.16833419
2022-12-27,EGX:ADIB,6.51343206,6.7130076,6.38642885,6.6513205,3418161.18473397
2022-12-28,EGX:ADIB,6.6513205,6.7130076,6.35014232,6.44811595,3111322.78624915
2022-12-29,EGX:ADIB,6.44811595,7.73628767,6.35014232,6.53157496,1965156.34905686
2023-01-02,EGX:ADIB,6.52068864,6.61866263,6.49528843,6.50617439,684240.17607708
2023-01-03,EGX:ADIB,6.51343206,6.56786149,6.41908709,6.42997232,3042454.25104527
2023-01-04,EGX:ADIB,6.42997232,6.49528843,6.25579735,6.3828002,2306475.86448729
2023-01-05,EGX:ADIB,6.3828002,6.54971786,6.33199942,6.43722999,2084864.68968056
2023-01-09,EGX:ADIB,6.37191387,6.52068864,6.22313947,6.2521687,2084230.84561906
2023-01-10,EGX:ADIB,6.2521687,6.7130076,6.20499621,6.56786149,7059151.62721024
2023-01-11,EGX:ADIB,6.56786149,7.25730551,6.47714517,6.66583547,3371901.59161943
2023-01-12,EGX:ADIB,6.66583547,6.95975598,6.49528843,6.85815371,820524.91683089
2023-01-15,EGX:ADIB,6.85815371,7.18473209,6.85815371,7.11578842,899127.09214442
2023-01-16,EGX:ADIB,7.11578842,7.94312052,7.11578842,7.70725845,4519583.74287183
2023-01-17,EGX:ADIB,7.70725845,7.78346052,7.43873815,7.44599545,1383339.86163073
2023-01-18,EGX:ADIB,7.49316794,7.58388426,6.94887003,6.95612733,2715269.4581863
2023-01-19,EGX:ADIB,6.99967153,7.16658919,6.95612733,6.95612733,1189532.3943739
2023-01-22,EGX:ADIB,6.99604287,7.07224422,6.87629733,6.93072676,1021853.08166961
2023-01-23,EGX:ADIB,6.95249868,7.21738997,6.89444023,7.10490209,1231228.31024564
2023-01-24,EGX:ADIB,7.10490209,7.25367686,6.97064158,7.15207422,1033413.84618263
2023-01-25,EGX:ADIB,7.15207422,7.98666471,7.15207422,7.7544313,5517496.80992295
2023-01-29,EGX:ADIB,7.7544313,8.70513796,7.7544313,8.37130191,3783861.64978219
2023-01-30,EGX:ADIB,8.57813475,8.70876661,7.51493949,8.01932259,4452823.42813338
2023-01-31,EGX:ADIB,8.01932259,8.38944553,7.6927442,7.93223529,3484954.56959737
2023-02-01,EGX:ADIB,7.93223529,8.1463258,7.25730551,7.98303606,8235466.99497999
2023-02-02,EGX:ADIB,7.77983187,8.34590134,7.58388426,7.71814441,4478576.78793651
2023-02-05,EGX:ADIB,7.71814441,7.89231974,7.29359204,7.65645731,4008074.34108482
2023-02-06,EGX:ADIB,7.65645731,7.98303606,7.65645731,7.80160342,1291774.19733765
2023-02-07,EGX:ADIB,7.78708845,8.30235714,7.78708845,8.27332792,2744404.23826535
2023-02-08,EGX:ADIB,8.26607134,8.31687211,7.63105711,7.83788995,4086797.77352316
2023-02-09,EGX:ADIB,7.83788995,8.16084005,7.81974632,8.09189528,2405096.48876925
2023-02-12,EGX:ADIB,8.09189528,8.09189528,7.6927442,7.74717363,2189688.71823398
2023-02-13,EGX:ADIB,7.74717363,7.98303606,7.74717363,7.87417684,1701008.72603596
2023-02-14,EGX:ADIB,7.87417684,8.03746585,7.80160342,7.99029337,9955303.64548626
2023-02-15,EGX:ADIB,7.99029337,8.09189528,7.89231974,7.92860627,1991527.01785902
2023-02-16,EGX:ADIB,7.92860627,8.09189528,7.7653169,7.80523208,965361.04072746
2023-02-19,EGX:ADIB,7.80523208,7.89231974,7.67460058,7.72177343,1202997.44691516
2023-02-20,EGX:ADIB,7.72177343,7.86329052,7.45688105,7.52219716,1151788.35843343
2023-02-21,EGX:ADIB,7.52219716,7.52219716,7.32987893,7.43873815,4046970.31971098
2023-02-22,EGX:ADIB,7.43873815,7.52582581,7.18473209,7.30810629,2083122.9964333
2023-02-23,EGX:ADIB,7.30810629,7.30810629,7.13030266,7.22827629,5482949.55272744
2023-02-26,EGX:ADIB,7.22827629,7.46413872,7.22827629,7.46413872,1067324.50347289
2023-02-27,EGX:ADIB,7.43148084,7.54759737,7.18473209,7.23190494,2191730.79844951
2023-02-28,EGX:ADIB,7.23190494,7.32625028,7.19924707,7.21738997,803256.79992062
2023-03-01,EGX:ADIB,7.21738997,7.32987893,7.21738997,7.23190494,1264331.50531843
2023-03-02,EGX:ADIB,7.23190494,7.3117353,7.08313018,7.1121594,1036869.67423968
2023-03-05,EGX:ADIB,7.1121594,7.24279054,6.90169754,7.19561841,1098140.34823679
2023-03-06,EGX:ADIB,7.18473209,7.28633473,7.11578842,7.11578842,838013.50124081
2023-03-07,EGX:ADIB,7.13393132,7.23553396,7.02144308,7.02870075,272244.29194562
2023-03-08,EGX:ADIB,7.02870075,7.07587287,6.80735257,6.85815371,903704.54860595
2023-03-09,EGX:ADIB,6.9198408,7.01781443,6.83638179,6.99241386,462904.58564492
2023-03-12,EGX:ADIB,6.99241386,6.99241386,6.53157496,6.70212128,695434.41337193
2023-03-13,EGX:ADIB,6.70212128,6.85815371,6.41545807,6.49165942,969401.10765859
2023-03-14,EGX:ADIB,6.44448729,6.7130076,6.2412831,6.61866263,1021461.75185773
2023-03-15,EGX:ADIB,6.61866263,6.82186682,5.98727705,6.15056678,763382.49676476
2023-03-16,EGX:ADIB,6.15056678,6.31385579,5.80584441,6.29208388,944821.7372911
2023-03-19,EGX:ADIB,6.179596,6.53157496,5.9219613,6.53157496,703021.25120371
2023-03-20,EGX:ADIB,6.47351651,6.7130076,6.42271574,6.60414838,259382.76918466
2023-03-21,EGX:ADIB,6.59326206,6.70575029,6.53520361,6.6331776,154194.96925681
2023-03-22,EGX:ADIB,6.6513205,6.70212128,6.35014232,6.35739963,3820051.38985012
2023-03-23,EGX:ADIB,6.43360133,6.50617439,6.31385579,6.35014232,1672852.27048662
2023-03-26,EGX:ADIB,6.35014232,6.58237573,6.35014232,6.45900154,813993.56715369
2023-03-27,EGX:ADIB,6.45900154,6.53157496,6.31022678,6.32837077,2016751.25566298
2023-03-28,EGX:ADIB,6.32837077,6.44085864,6.28845522,6.31385579,927746.52944303
2023-03-29,EGX:ADIB,6.31385579,6.89444023,6.31385579,6.77469469,4811314.60594297
2023-03-30,EGX:ADIB,6.77469469,7.07587287,6.62591993,6.68760703,3222829.73588579
2023-04-02,EGX:ADIB,6.68760703,6.85815371,6.67672107,6.79646661,1777814.09122733
2023-04-03,EGX:ADIB,6.79646661,7.06498655,6.77832335,7.06498655,2204330.51605464
2023-04-04,EGX:ADIB,7.03595733,7.28633473,6.95975598,7.25730551,3456839.45170421
2023-04-05,EGX:ADIB,7.25730551,7.34802183,7.00692811,7.08313018,1605904.55837346
2023-04-06,EGX:ADIB,7.08313018,7.17747551,6.82186682,6.94887003,1261198.11097962
2023-04-09,EGX:ADIB,6.94887003,6.94887003,6.7130076,6.80009526,906212.3664145
2023-04-10,EGX:ADIB,6.80009526,6.97789925,6.76743739,6.82186682,3313237.9458057
2023-04-11,EGX:ADIB,6.79283759,7.03958634,6.79283759,6.86541101,813494.75943573
2023-04-12,EGX:ADIB,6.88355391,6.98515655,6.82186682,6.89444023,440634.61233629
2023-04-13,EGX:ADIB,6.86541101,7.1121594,6.80372392,7.05772997,2352076.81094662
2023-04-18,EGX:ADIB,7.05772997,7.83788995,7.03958634,7.76168788,4958245.17108624
2023-04-19,EGX:ADIB,7.76168788,7.82700399,7.53671177,7.7108871,805224.47235502
2023-04-26,EGX:ADIB,7.68911555,7.68911555,7.25730551,7.57662659,1849854.60258246
2023-04-27,EGX:ADIB,7.57662659,7.96126451,7.47502468,7.87417684,1092700.31268287
2023-04-30,EGX:ADIB,7.87417684,8.1644687,7.58751291,7.61654213,3798605.41382144
2023-05-01,EGX:ADIB,7.61654213,7.76168788,7.36616473,7.64920001,1646795.76787147
2023-05-02,EGX:ADIB,7.64920001,7.7907171,7.54759737,7.74354498,958069.07817646
2023-05-03,EGX:ADIB,7.74354498,7.87417684,7.58751291,7.87417684,1640912.0414745
2023-05-07,EGX:ADIB,7.87417684,7.87417684,7.65645731,7.6927442,244435.07270823
2023-05-08,EGX:ADIB,7.6927442,7.97577876,7.6927442,7.97577876,2812159.41259599
2023-05-09,EGX:ADIB,7.97577876,8.1826116,7.89231974,7.89231974,3260033.62645211
2023-05-10,EGX:ADIB,7.89231974,8.05560948,7.7108871,7.79434612,426803.03257686
2023-05-11,EGX:ADIB,7.79434612,7.89231974,7.57299866,7.80160342,1142862.18054126
2023-05-14,EGX:ADIB,7.80160342,8.63619319,7.62017079,8.49830475,6658140.53624896
2023-05-15,EGX:ADIB,8.49830475,8.65433682,8.43661766,8.48378978,5928690.74352443
2023-05-16,EGX:ADIB,8.48378978,8.48378978,8.12818217,8.37493056,1056397.58302138
2023-05-17,EGX:ADIB,8.37493056,8.38218786,8.12818217,8.20075523,791164.1575647
2023-05-18,EGX:ADIB,8.24792771,8.47290418,8.1027816,8.32775844,229385.41001322
2023-05-21,EGX:ADIB,8.22252714,8.4148461,8.16809735,8.20075523,496005.02487396
2023-05-22,EGX:ADIB,8.34590134,8.34590134,8.17898367,8.20438424,675035.6579666
2023-05-23,EGX:ADIB,8.20075523,8.21889849,7.94674953,8.01206528,830247.53356556
2023-05-24,EGX:ADIB,8.09552393,8.22978445,7.98303606,8.12818217,236184.07653375
2023-05-25,EGX:ADIB,8.12455316,8.38581688,7.99392238,8.06649507,1886074.65693158
2023-05-28,EGX:ADIB,8.06649507,8.69062371,8.06649507,8.67248008,2768741.09438322
2023-05-29,EGX:ADIB,8.66885107,8.69062371,8.45476056,8.66159449,1466836.41543654
2023-05-30,EGX:ADIB,8.66159449,9.42723986,8.46564688,9.42723986,4267344.12067591
2023-05-31,EGX:ADIB,9.39821064,9.43449716,8.78134003,9.03171634,4568285.01354502
2023-06-01,EGX:ADIB,8.78859661,9.12606168,8.78859661,9.07163189,2410974.70347872
2023-06-04,EGX:ADIB,9.02083111,9.27846509,8.74505314,9.2240353,489969.72707098
2023-06-05,EGX:ADIB,9.2240353,9.27846509,9.02083111,9.07163189,891135.14528203
2023-06-06,EGX:ADIB,9.07163189,9.14420531,8.89019925,8.92648578,1175879.94445793
2023-06-07,EGX:ADIB,8.91559982,9.06800323,8.52733397,8.58539242,633312.18365741
2023-06-08,EGX:ADIB,8.58539242,8.70876661,8.171726,8.33864403,1244516.98878718
2023-06-11,EGX:ADIB,8.33864403,8.55273454,8.01932259,8.12818217,1468848.18137087
2023-06-12,EGX:ADIB,8.03746585,8.30961481,7.98303606,8.1644687,173450.04950769
2023-06-13,EGX:ADIB,8.07738103,8.27332792,7.87417684,7.98303606,1338066.86057714
2023-06-14,EGX:ADIB,7.98303606,8.1644687,7.90683472,7.91046264,652291.67953372
2023-06-15,EGX:ADIB,7.91046264,7.98303606,7.91046264,7.97577876,227968.90632795
2023-06-18,EGX:ADIB,7.97577876,8.15721139,7.89594839,7.9140913,993338.36643333
2023-06-19,EGX:ADIB,7.9140913,8.5636205,7.83788995,8.22252714,7990020.5276171
2023-06-20,EGX:ADIB,8.22252714,8.34590134,8.06286606,8.09552393,5601304.77407202
2023-06-21,EGX:ADIB,8.09552393,8.38218786,8.09189528,8.17535502,2300057.50440366
2023-06-22,EGX:ADIB,8.17535502,8.25881367,8.06649507,8.09552393,2518006.16287242
2023-06-25,EGX:ADIB,8.09552393,8.27332792,7.99029337,8.06649507,351711.80219529
2023-06-26,EGX:ADIB,8.06649507,8.43661766,8.05560948,8.43661766,1961471.78596892
2023-07-04,EGX:ADIB,8.43661766,8.52733397,8.34590134,8.44387496,1654856.6108275
2023-07-05,EGX:ADIB,8.44387496,8.85391272,8.34590134,8.57813475,1490856.34952366
2023-07-06,EGX:ADIB,8.57813475,8.74505314,8.49104745,8.63256527,606809.23435546
2023-07-09,EGX:ADIB,8.63256527,8.63256527,8.06649507,8.13906813,460804.63271073
2023-07-10,EGX:ADIB,8.13906813,8.43661766,8.01932259,8.34590134,510544.85647603
2023-07-11,EGX:ADIB,8.34590134,8.47290418,8.21889849,8.24067004,4852682.57640898
2023-07-12,EGX:ADIB,8.30235714,8.34590134,8.1644687,8.28421424,529604.27182097
2023-07-13,EGX:ADIB,8.28421424,8.35678766,8.25518502,8.30961481,907187.93510046
2023-07-16,EGX:ADIB,8.30961481,8.34590134,8.1644687,8.26969999,68433.11189207
2023-07-17,EGX:ADIB,8.2261558,8.30598579,8.14995372,8.21889849,251906.1651027
2023-07-18,EGX:ADIB,8.16809735,8.34590134,8.16809735,8.26969999,1502932.45681712
2023-07-19,EGX:ADIB,8.26969999,8.32775844,8.1826116,8.19712657,2039644.04965813
2023-07-24,EGX:ADIB,8.19349792,8.26244232,8.1644687,8.19712657,2417864.31284286
2023-07-25,EGX:ADIB,8.171726,8.2442987,8.11003891,8.1644687,1677900.97622866
2023-07-26,EGX:ADIB,8.12455316,8.40395978,8.12455316,8.34952999,1057579.83998826
2023-07-27,EGX:ADIB,8.38218786,8.52733397,8.27695657,8.49830475,569704.55416398
2023-07-30,EGX:ADIB,8.49830475,8.89019925,8.42573133,8.8865706,1591262.7605528
2023-07-31,EGX:ADIB,8.8865706,8.92285712,8.74505314,8.85391272,420767.73477388
2023-08-01,EGX:ADIB,8.85391272,9.07163189,8.5382203,8.66159449,1460881.03710219
2023-08-02,EGX:ADIB,8.58539242,8.85028371,8.5745061,8.71602392,154859.12759951
2023-08-03,EGX:ADIB,8.71602392,8.89019925,8.54184895,8.62167895,126779.83567505
2023-08-06,EGX:ADIB,8.71239526,8.82851215,8.58176377,8.71965293,242817.39242953
2023-08-07,EGX:ADIB,8.71965293,8.99905847,8.67973739,8.99905847,957311.2211464
2023-08-08,EGX:ADIB,8.99905847,9.14057665,8.91922847,9.04623132,834574.20824623
2023-08-09,EGX:ADIB,9.04623132,9.14420531,8.92648578,9.04260267,1337862.92813996
2023-08-10,EGX:ADIB,9.04260267,9.04260267,8.83576946,8.99905847,90689.30598197
2023-08-13,EGX:ADIB,8.95914401,9.14420531,8.83576946,9.03171634,802840.66751503
2023-08-14,EGX:ADIB,9.07163189,9.16234821,9.00268712,9.07163189,2538969.8662456
2023-08-15,EGX:ADIB,9.07163189,9.07163189,8.89745656,8.93374345,647256.75301041
2023-08-16,EGX:ADIB,8.93374345,9.25306453,8.93374345,9.07526054,416920.57690494
2023-08-17,EGX:ADIB,9.15871955,9.16234821,9.03897401,9.07163189,74223.13960169
2023-08-20,EGX:ADIB,9.06800323,9.15146189,9.02808769,9.02808769,129764.41445159
2023-08-21,EGX:ADIB,9.05348899,9.16234821,8.89019925,8.89019925,511889.70822391
2023-08-22,EGX:ADIB,8.91559982,8.98091557,8.87568428,8.92648578,184663.57770875
2023-08-23,EGX:ADIB,8.90834215,8.98817287,8.70876661,8.78496796,283854.66164606
2023-08-24,EGX:ADIB,8.78496796,9.0172021,8.70876661,8.77771138,204657.22408347
2023-08-27,EGX:ADIB,8.77771138,9.07163189,8.77771138,8.96277267,251964.03782136
2023-08-28,EGX:ADIB,9.06437458,9.33289452,9.00994479,9.25306453,1240617.46988708
2023-08-29,EGX:ADIB,9.25306453,9.35103815,9.00268712,9.06800323,2160093.71224941
2023-08-30,EGX:ADIB,9.06800323,9.20226375,8.99905847,9.07163189,489308.32457203
2023-08-31,EGX:ADIB,9.07163189,9.2421782,8.99905847,9.0172021,195254.2852233
2023-09-03,EGX:ADIB,9.0172021,9.07163189,8.70876661,8.74505314,423862.54730025
2023-09-04,EGX:ADIB,8.77771138,8.88294194,8.70876661,8.78134003,671249.12866007
2023-09-05,EGX:ADIB,8.78134003,8.87205635,8.61805029,8.63256527,1659930.11916325
2023-09-06,EGX:ADIB,8.63256527,8.63256527,8.45476056,8.46201822,882242.0375148
2023-09-07,EGX:ADIB,8.46201822,8.63256527,8.46201822,8.61079299,784676.90138743
2023-09-10,EGX:ADIB,8.61079299,8.79948293,8.59990739,8.70876661,844335.40679334
2023-09-11,EGX:ADIB,8.70876661,8.74505314,8.52733397,8.5563632,445443.55967246
2023-09-12,EGX:ADIB,8.5563632,8.70876661,8.47290418,8.70876661,1061391.1718885
2023-09-13,EGX:ADIB,8.70876661,8.74505314,8.59990739,8.70876661,340815.19602498
2023-09-14,EGX:ADIB,8.70876661,9.07526054,8.70876661,9.01357344,3209924.11962489
2023-09-17,EGX:ADIB,9.01357344,9.18049111,8.71239526,8.8248835,1138579.59936051
2023-09-18,EGX:ADIB,8.8248835,9.0172021,8.75593873,8.81762583,743162.8712029
2023-09-19,EGX:ADIB,8.81762583,8.90834215,8.63982185,8.71602392,1346673.36059481
2023-09-20,EGX:ADIB,8.71602392,8.79222563,8.58176377,8.67248008,678320.62371142
2023-09-21,EGX:ADIB,8.67248008,8.75956739,8.59990739,8.74505314,1229814.56240412
2023-09-24,EGX:ADIB,8.74505314,8.86117003,8.66159449,8.81036925,1605055.7584998
2023-09-25,EGX:ADIB,8.81036925,9.52521348,8.81036925,9.39821064,11292615.40487709
2023-09-26,EGX:ADIB,9.39821064,9.76107591,9.39821064,9.71753244,8072720.64258042
2023-09-27,EGX:ADIB,9.71753244,9.85179223,9.44901214,9.56150001,2986080.71138418
2023-10-01,EGX:ADIB,9.56150001,10.0150816,9.45626872,9.98242373,4085497.01527521
2023-10-02,EGX:ADIB,9.98242373,10.19651424,9.45264006,9.71027477,3084031.66563595
2023-10-03,EGX:ADIB,9.71027477,9.94250855,9.6159298,9.80099109,1933229.89926346
2023-10-04,EGX:ADIB,9.80099109,9.80099109,9.47078369,9.70664612,3505463.55875253
2023-10-08,EGX:ADIB,9.70664612,9.70664612,8.89745656,9.39821064,2907335.23219588
2023-10-09,EGX:ADIB,9.39821064,9.6159298,9.33289452,9.47804136,782830.48607784
2023-10-10,EGX:ADIB,9.47804136,9.90622166,9.44538348,9.82276301,2193307.14107202
2023-10-11,EGX:ADIB,9.82276301,9.96790876,9.68850322,9.76107591,693320.68121901
2023-10-12,EGX:ADIB,9.76107591,10.43237667,9.61955845,10.34166035,3402177.29100918
2023-10-15,EGX:ADIB,10.34166035,10.81338485,10.25094403,10.34166035,3466887.25800087
2023-10-16,EGX:ADIB,10.34166035,10.95853168,10.34166035,10.84967174,1703414.57762592
2023-10-17,EGX:ADIB,10.88595826,12.33741937,10.79524195,11.97455409,7109770.96513041
2023-10-18,EGX:ADIB,11.97455409,12.33741937,10.99481748,11.97455409,5719759.20579145
2023-10-19,EGX:ADIB,11.97455409,11.97455409,11.27422411,11.43025618,2820380.09448927
2023-10-22,EGX:ADIB,11.43025618,12.04712751,10.88595826,11.79312145,2019369.30722135
2023-10-23,EGX:ADIB,11.79312145,12.70028464,11.79312145,11.84755197,4520746.7089325
2023-10-24,EGX:ADIB,11.84755197,12.518852,11.5391154,12.37733491,3296314.30936364
2023-10-25,EGX:ADIB,12.37733491,13.06677785,12.33741937,12.88171728,4796493.67827885
2023-10-26,EGX:ADIB,12.91074723,13.24458256,12.06527041,12.518852,3685974.07993658
2023-10-29,EGX:ADIB,12.518852,13.06314992,12.30113357,12.48619413,2879790.57395807
2023-10-30,EGX:ADIB,12.61682563,12.88171728,12.42813569,12.88171728,1958432.09031746
2023-10-31,EGX:ADIB,12.88171728,12.88171728,11.94552414,11.98543969,4131153.07860946
2023-11-01,EGX:ADIB,11.98543969,12.33016206,11.55725902,11.96729679,2566649.56082695
2023-11-02,EGX:ADIB,11.96729679,12.49707973,11.96729679,12.03986984,2473664.63700485
2023-11-05,EGX:ADIB,12.03986984,12.63496889,12.03986984,12.518852,958496.23395704
2023-11-06,EGX:ADIB,12.518852,12.68576967,12.45716563,12.53699491,2515931.01253194
2023-11-07,EGX:ADIB,12.56602485,12.73657044,12.40999278,12.65674117,3767932.87293232
2023-11-08,EGX:ADIB,12.65674117,13.6038199,12.59868273,13.39698525,3948437.88242888
2023-11-09,EGX:ADIB,13.39698525,13.75259467,13.24458256,13.42601519,3722442.16022281
2023-11-12,EGX:ADIB,13.42601519,13.6038199,12.93251806,12.93251806,1215936.13330101
2023-11-13,EGX:ADIB,12.93251806,13.06314992,12.60956832,12.62771122,1471141.04336726
2023-11-14,EGX:ADIB,12.62771122,13.0087194,12.48982206,12.77285806,1708876.65992981
2023-11-15,EGX:ADIB,12.73294252,12.88171728,12.49345144,12.58416775,2457595.31212395
2023-11-16,EGX:ADIB,12.58416775,12.9361478,12.58416775,12.84543148,1341103.80038485
2023-11-19,EGX:ADIB,12.84543148,13.97031311,12.84543148,13.16838121,5666265.52284457
2023-11-20,EGX:ADIB,13.16838121,13.35344178,12.92526075,12.92889013,2185273.85655344
2023-11-21,EGX:ADIB,12.92889013,13.17200914,12.55513781,13.15386624,4893937.55728141
2023-11-22,EGX:ADIB,13.14660893,13.60744783,13.0087194,13.24821048,3333609.14277357
2023-11-23,EGX:ADIB,13.24821048,14.14086015,13.24458256,13.91951233,2491723.68107012
2023-11-26,EGX:ADIB,13.91951233,14.49646812,13.71630705,14.4601805,2319183.0599985
2023-11-27,EGX:ADIB,14.4601805,14.49646812,14.13360284,14.19528921,2670145.27269497
2023-11-28,EGX:ADIB,14.19528921,14.42026677,14.02111388,14.02474362,587058.10223036
2023-11-29,EGX:ADIB,14.02474362,14.02474362,13.35344178,13.91588259,2586224.31895233
2023-11-30,EGX:ADIB,13.91588259,14.60532734,13.60744783,13.99208539,1762814.03371974
2023-12-03,EGX:ADIB,13.99208539,14.24246206,13.71630705,13.78888047,381348.14583605
2023-12-04,EGX:ADIB,13.78888047,14.33317838,13.78888047,14.21343212,1267109.39581405
2023-12-05,EGX:ADIB,14.21343212,14.33317838,13.86145389,13.86508181,1429897.0858698
2023-12-06,EGX:ADIB,13.86508181,14.21343212,13.57116203,13.78888047,1262079.98097823
2023-12-07,EGX:ADIB,13.69816415,13.9340273,13.42601519,13.78888047,1250251.89962189
2023-12-10,EGX:ADIB,13.78888047,14.12997347,13.60744783,13.64736337,609272.95866407
2023-12-11,EGX:ADIB,13.64736337,13.71630705,13.00509147,13.40424291,904269.49657381
2023-12-12,EGX:ADIB,13.40424291,13.74896493,12.79100096,13.02686412,1430530.9299313
2023-12-13,EGX:ADIB,13.02686412,13.2917554,13.02686412,13.15386624,985963.72856996
2023-12-14,EGX:ADIB,13.15386624,13.74896493,13.15386624,13.61107576,714730.831279
2023-12-17,EGX:ADIB,13.61107576,14.95004971,13.462301,14.67427138,4862259.13342512
2023-12-18,EGX:ADIB,14.67427138,15.74835368,14.67427138,14.95004971,4123502.85637152
2023-12-19,EGX:ADIB,14.95004971,15.24034157,14.55089682,14.8774763,1451367.86449219
2023-12-20,EGX:ADIB,15.04076603,15.58869187,14.69967158,14.73232946,2055010.63438389
2023-12-21,EGX:ADIB,14.73232946,15.05890893,14.22794709,14.47832522,1430404.161119
2023-12-24,EGX:ADIB,14.47832522,14.79401728,13.78888047,13.90499736,1785930.05105828
2023-12-25,EGX:ADIB,13.90499736,14.67790076,13.78888047,14.51461102,2251452.68826157
2023-12-26,EGX:ADIB,14.51461102,14.78675998,13.78888047,13.78888047,2779108.57855436
2023-12-27,EGX:ADIB,13.78888047,14.32955046,13.58204726,13.64373363,3964733.18649693
2023-12-28,EGX:ADIB,13.64373363,14.30052051,13.64373363,14.16626072,1885754.97905709
2023-12-31,EGX:ADIB,14.16626072,14.51098309,13.92676964,14.51098309,1659180.52966443
2024-01-02,EGX:ADIB,14.51098309,14.51461102,14.09731523,14.22794709,1272632.10668034
2024-01-03,EGX:ADIB,14.22794709,14.4057518,13.78888047,13.97031311,2272590.00979073
2024-01-04,EGX:ADIB,13.97031311,14.15174574,13.87959679,13.92676964,1813254.24179643
2024-01-08,EGX:ADIB,13.92676964,14.55089682,13.92676964,14.15537367,3878155.59938348
2024-01-09,EGX:ADIB,14.15537367,14.51461102,14.14086015,14.51461102,2807670.14313432
2024-01-10,EGX:ADIB,14.51461102,15.42177421,14.51461102,15.00447842,6477872.52931452
2024-01-11,EGX:ADIB,15.00447842,15.39274426,14.84481842,14.97544992,3206316.72016183
2024-01-14,EGX:ADIB,14.97544992,15.27662737,14.97544992,15.07342391,1473783.89751934
2024-01-15,EGX:ADIB,15.07342391,15.33468582,15.05890893,15.33468582,2945875.70697884
2024-01-16,EGX:ADIB,15.33468582,16.3470803,15.33105789,16.3470803,6216646.10066402
2024-01-17,EGX:ADIB,16.3470803,16.3470803,15.79189679,15.96607212,2476161.43143841
2024-01-18,EGX:ADIB,15.96607212,16.57931407,15.8753558,16.51037004,903464.79020008
2024-01-21,EGX:ADIB,16.51037004,17.01475241,16.3652232,16.95669432,710269.12025478
2024-01-22,EGX:ADIB,16.95669432,17.29778696,16.76800402,17.09458349,1826788.19043134
2024-01-23,EGX:ADIB,17.05466795,17.05466795,15.96607212,16.6954306,1689671.18486635
2024-01-24,EGX:ADIB,16.82243454,17.05466795,16.33256532,17.05466795,609959.16375674
2024-01-28,EGX:ADIB,17.05104002,17.25424349,16.09307424,16.6482592,1634512.97229709
2024-01-29,EGX:ADIB,16.6482592,17.41753322,16.6482592,17.308674,2749891.12316295
2024-01-30,EGX:ADIB,17.308674,18.32106849,17.18167007,18.14326377,2058196.38975387
2024-01-31,EGX:ADIB,18.14326377,18.14326377,16.09307424,16.3361947,2179288.16393788
2024-02-01,EGX:ADIB,16.3361947,17.05466795,14.7359592,16.98209453,1751796.17042461
2024-02-04,EGX:ADIB,16.98209453,17.308674,15.9805871,16.19104823,899515.66611256
2024-02-05,EGX:ADIB,16.19104823,17.23610059,16.11121896,17.23610059,1248306.27393745
2024-02-06,EGX:ADIB,17.23610059,17.41753322,16.33982299,16.87686324,612676.42568995
2024-02-07,EGX:ADIB,16.87686324,17.14538427,16.70268827,16.87323531,494632.61468863
2024-02-08,EGX:ADIB,16.87323531,17.19981478,16.83694951,17.06192525,947888.99138001
2024-02-11,EGX:ADIB,17.06192525,17.57356529,17.05466795,17.21432831,787653.21263273
2024-02-12,EGX:ADIB,17.07644023,17.15264157,16.90952111,17.15264157,344064.3358011
2024-02-13,EGX:ADIB,17.09821142,17.40664763,17.09458349,17.14538427,1106126.7834117
2024-02-14,EGX:ADIB,17.14538427,17.87111482,17.14538427,17.64976664,732988.29609395
2024-02-15,EGX:ADIB,17.64976664,18.05254746,17.64976664,17.83845694,520000.15636737
2024-02-18,EGX:ADIB,17.83845694,18.32469641,17.83845694,18.05254746,538643.43930672
2024-02-19,EGX:ADIB,18.05254746,18.30292413,17.41753322,17.94731616,846190.08963416
2024-02-20,EGX:ADIB,17.94731616,18.03440456,17.56268006,17.74048296,335595.62797071
2024-02-21,EGX:ADIB,17.79128409,17.95820321,17.60259379,17.61348084,177140.12428312
2024-02-22,EGX:ADIB,17.70782508,17.7803985,17.09458349,17.41753322,627852.85719727
2024-02-25,EGX:ADIB,17.41753322,17.61710876,16.3652232,17.05466795,2671961.37372335
2024-02-26,EGX:ADIB,17.05466795,17.87111482,16.69905998,17.14538427,1943148.18090407
2024-02-27,EGX:ADIB,17.14538427,17.77677057,16.87323531,16.87323531,596320.4930595
2024-02-28,EGX:ADIB,16.87323531,17.21432831,16.14750476,16.3289374,734010.71412359
2024-02-29,EGX:ADIB,16.30353683,16.77889106,16.00598767,16.12936186,652851.11581409
2024-03-03,EGX:ADIB,16.12936186,16.48496947,15.42177421,15.62134975,3140523.7065781
2024-03-04,EGX:ADIB,15.62134975,17.05466795,15.45080416,16.90589319,1552824.25198843
2024-03-05,EGX:ADIB,16.90589319,17.23610059,16.44505429,16.50311273,507791.76857412
2024-03-06,EGX:ADIB,16.50311273,19.80155808,16.50311273,18.50250112,5829367.37908733
2024-03-07,EGX:ADIB,18.50250112,20.53817387,18.50250112,20.3168275,5093920.87037225
2024-03-10,EGX:ADIB,20.3168275,21.22761862,20.29142548,20.67969278,2847323.97879053
2024-03-11,EGX:ADIB,20.67969278,21.37276545,19.91767461,20.04830647,2175744.14888097
2024-03-12,EGX:ADIB,20.04830647,20.39302885,19.16291556,19.2318596,1697200.14997947
2024-03-13,EGX:ADIB,19.2318596,19.95033285,17.7803985,17.7803985,2569532.1733849
2024-03-14,EGX:ADIB,17.7803985,18.32106849,17.41753322,17.87474275,2778080.64883724
2024-03-17,EGX:ADIB,17.87474275,18.30655351,17.12724137,17.41753322,1347505.625406
2024-03-18,EGX:ADIB,17.41753322,17.46107669,16.69180267,17.19981478,699411.09589691
2024-03-19,EGX:ADIB,17.13812696,17.14175634,16.51037004,16.69180267,1309348.21290368
2024-03-20,EGX:ADIB,16.69180267,17.63525166,16.69180267,16.78251899,582982.20933054
2024-03-21,EGX:ADIB,16.78251899,17.16352717,16.6954306,16.78251899,739100.75752181
2024-03-24,EGX:ADIB,16.78251899,17.03652505,16.15476207,16.3289374,523701.25451778
2024-03-25,EGX:ADIB,16.3289374,17.05466795,16.15113269,16.86960738,3928223.76855451
2024-03-26,EGX:ADIB,16.86960738,17.05466795,16.50674211,16.50674211,1119903.24629622
2024-03-27,EGX:ADIB,16.50674211,16.69180267,15.64675032,15.96244419,2533783.36831628
2024-03-28,EGX:ADIB,15.96244419,15.98421502,15.05890893,15.09519474,2254657.73453776
2024-03-31,EGX:ADIB,15.09519474,15.27662737,13.82516627,14.33317838,2618919.64915076
2024-04-01,EGX:ADIB,14.33317838,15.24034157,14.26060496,14.80490288,1742743.22372014
2024-04-02,EGX:ADIB,14.80490288,15.5270055,14.34043569,14.51461102,2462351.89842894
2024-04-03,EGX:ADIB,14.51461102,14.51461102,13.91588259,13.9811987,815754.55130716
2024-04-04,EGX:ADIB,13.9811987,14.4238947,13.9811987,14.22431916,1107733.44031541
2024-04-07,EGX:ADIB,14.22431916,14.84119049,14.22431916,14.84119049,4226171.81511584
2024-04-08,EGX:ADIB,14.84119049,15.20042603,14.51461102,14.96093531,1652296.43198779
2024-04-15,EGX:ADIB,14.96093531,15.95155715,14.80853226,15.74835368,8249047.79295857
2024-04-16,EGX:ADIB,15.74835368,15.96607212,15.31291499,15.49797555,3577829.25966964
2024-04-17,EGX:ADIB,15.49797555,15.60320685,15.14962525,15.23671364,1359038.83148156
2024-04-18,EGX:ADIB,15.23671364,15.78463948,14.69604366,14.72144423,2181553.46749681
2024-04-21,EGX:ADIB,14.72144423,15.23308427,14.72144423,14.96456396,1754890.98295098
2024-04-22,EGX:ADIB,14.96456396,15.14962525,14.19166092,14.42752335,608768.63925862
2024-04-23,EGX:ADIB,14.42752263,14.68515806,12.91800308,13.42601519,3283574.04372748
2024-04-24,EGX:ADIB,13.42601519,13.42964312,12.70028464,12.88897459,2701787.87058256
2024-04-28,EGX:ADIB,12.88897459,13.15023831,12.21404517,12.55150988,1358493.17441992
2024-04-29,EGX:ADIB,12.55150988,12.88171728,12.34104729,12.68576967,3702633.15537906
2024-04-30,EGX:ADIB,12.68576967,13.42601519,11.29962432,11.37582639,7834979.51433038
2024-05-01,EGX:ADIB,11.37582639,12.15598673,11.37582639,12.06164248,11920024.5712313
2024-05-02,EGX:ADIB,12.06164248,12.89986018,12.06164248,12.55513781,5789291.89933803
2024-05-07,EGX:ADIB,12.55513781,13.77073757,12.55513781,13.66187835,5439451.31504604
2024-05-08,EGX:ADIB,13.66187835,13.78888047,13.13935126,13.42601519,2172081.632543
2024-05-09,EGX:ADIB,13.42601519,13.60744783,13.24458256,13.44415809,1530694.82671083
2024-05-12,EGX:ADIB,13.44415809,14.14811782,13.44415809,13.7634799,5449096.76815583
2024-05-13,EGX:ADIB,13.7634799,13.80702337,13.2844981,13.78888047,2005981.41830497
2024-05-14,EGX:ADIB,13.78888047,13.9340273,13.60744783,13.70179208,2271848.68782315
2024-05-15,EGX:ADIB,13.70179208,13.84331099,13.60744783,13.78888047,998555.17864386
2024-05-16,EGX:ADIB,13.78888047,14.4057518,13.78888047,14.15174574,4247744.55995682
2024-05-19,EGX:ADIB,14.15174574,15.34920079,14.15174574,14.8956192,3520179.76435432
2024-05-20,EGX:ADIB,14.8956192,15.42177421,14.59081236,14.70330096,2332457.95932131
2024-05-21,EGX:ADIB,14.70330096,14.85570402,14.36946418,14.48195315,3514753.50801912
2024-05-22,EGX:ADIB,14.48195315,14.75047417,14.15174574,14.29689258,1377051.02620315
2024-05-23,EGX:ADIB,14.29689258,14.71781594,14.29689258,14.34769336,2089006.72283027
2024-05-26,EGX:ADIB,14.34769336,14.51461102,14.11545994,14.33317838,1172782.37608782
2024-05-27,EGX:ADIB,14.33317838,14.65250019,14.33317838,14.44929527,887679.31722498
2024-05-28,EGX:ADIB,14.55089682,14.55089682,14.22431916,14.30052051,380411.15896253
2024-05-29,EGX:ADIB,14.30052051,14.4238947,14.09731523,14.10820227,695759.60293392
2024-05-30,EGX:ADIB,14.10820227,14.29689258,13.42601519,13.84693891,1442761.36447452
2024-06-02,EGX:ADIB,13.84693891,14.22431916,13.84693891,13.95942751,1702789.00109566
2024-06-03,EGX:ADIB,13.95942751,14.11545994,13.42601519,13.80702337,2370797.25751084
2024-06-04,EGX:ADIB,13.80702337,14.15537367,13.80702337,14.00659891,1915986.58494691
2024-06-05,EGX:ADIB,14.00659891,14.0936873,13.42964312,13.61833343,2051976.45041993
2024-06-06,EGX:ADIB,13.61833343,13.73444995,13.51673151,13.52035944,1623051.41815892
2024-06-09,EGX:ADIB,13.52035944,13.62196281,12.59142542,12.70028464,1721583.85544101
2024-06-10,EGX:ADIB,12.70028464,13.15023831,12.55513781,13.06314992,698997.71933506
2024-06-11,EGX:ADIB,13.06314992,13.66550628,12.91800308,13.44415809,843552.74716957
2024-06-12,EGX:ADIB,13.44415809,13.68002125,13.29901307,13.59656224,1753397.31564084
2024-06-13,EGX:ADIB,13.59656224,14.1118302,13.59656224,14.0936873,764553.73035667
2024-06-23,EGX:ADIB,14.0936873,14.47832522,14.0936873,14.47832522,818868.65473975
2024-06-24,EGX:ADIB,14.47832522,14.69604366,14.04288652,14.51461102,6712419.63466335
2024-06-25,EGX:ADIB,14.51461102,15.04076603,14.36946418,14.8774763,5565120.54569159
2024-06-26,EGX:ADIB,14.8774763,15.39274426,14.8774763,15.13873966,5990840.53167641
2024-06-27,EGX:ADIB,15.13873966,15.70480876,15.05890893,15.29114235,5720627.29657133
2024-07-01,EGX:ADIB,15.29477209,15.94792922,15.16776815,15.60320685,5267246.90691139
2024-07-02,EGX:ADIB,15.60320685,15.78463948,15.44354649,15.53063343,1656217.99763786
2024-07-03,EGX:ADIB,15.53063343,15.67215089,15.49797555,15.556034,1043117.17201107
2024-07-04,EGX:ADIB,15.556034,16.40151082,15.53063343,16.11484688,6066827.41127531
2024-07-07,EGX:ADIB,16.11484688,16.39062377,15.96607212,16.27813662,2804947.36951361
2024-07-08,EGX:ADIB,16.27813662,16.38336791,15.67940819,15.8680985,2499506.18380785
2024-07-09,EGX:ADIB,15.8680985,16.14024745,15.63949265,15.69392317,1103034.72672907
2024-07-10,EGX:ADIB,15.64675032,16.22007818,15.64675032,15.81729736,3336268.53198813
2024-07-14,EGX:ADIB,15.81948194,18.1577863,15.7628745,16.24621124,6145239.65737436
2024-07-15,EGX:ADIB,16.24621124,16.24621124,15.3056645,15.56692673,2496347.87699416
2024-07-16,EGX:ADIB,15.56692673,15.65401487,15.34049871,15.35356099,1984971.42570142
2024-07-17,EGX:ADIB,15.35356099,15.61046971,15.24034785,15.41016843,1260253.71527199
2024-07-18,EGX:ADIB,15.41016843,15.78464599,15.41016843,15.61917892,2387680.40980115
2024-07-21,EGX:ADIB,15.61917892,15.7628745,15.54515524,15.64095041,1184768.88964185
2024-07-22,EGX:ADIB,15.64095041,15.95882226,15.52773727,15.53644604,1905782.288296
2024-07-23,EGX:ADIB,15.53644604,16.56408136,15.46242062,16.49876471,7200295.62842294
2024-07-24,EGX:ADIB,16.49876471,16.54666338,16.21137573,16.23750247,3122587.84828195
2024-07-28,EGX:ADIB,16.23750247,16.33329764,15.9370486,16.10687136,1337814.60900185
2024-07-29,EGX:ADIB,16.10687136,16.19831301,15.76722801,15.89350562,943885.28015127
2024-07-30,EGX:ADIB,15.89350562,16.80792562,15.80641748,16.59456205,7339830.82938622
2024-07-31,EGX:ADIB,16.59456205,17.37399742,16.59456205,17.19546763,3796203.05057538
2024-08-01,EGX:ADIB,17.19546763,17.19546763,16.93855891,16.99951987,3022957.24831504
2024-08-04,EGX:ADIB,16.99951987,16.99951987,15.80641748,16.53360066,1369160.02215789
2024-08-05,EGX:ADIB,16.53360066,16.98210189,15.90656833,16.70342168,3878917.36998641
2024-08-06,EGX:ADIB,16.70342168,16.89501375,16.54666338,16.88195103,3413712.76509283
2024-08-07,EGX:ADIB,16.88195103,17.15627816,16.78615413,16.98210189,4178013.56154742
2024-08-08,EGX:ADIB,16.98210189,17.43931189,16.85147077,17.4175404,1801882.42881871
2024-08-11,EGX:ADIB,17.4175404,17.98361003,17.4175404,17.85297891,1875401.42005355
2024-08-12,EGX:ADIB,17.85297891,17.94006705,17.19982115,17.36093296,2026896.97794529
2024-08-13,EGX:ADIB,17.32174349,17.72234779,16.78615413,16.97774838,2450701.93722645
2024-08-14,EGX:ADIB,16.97774838,17.33045226,16.9603304,17.15192247,2559165.01275921
2024-08-15,EGX:ADIB,17.15192247,17.81378944,17.13015098,17.5351088,1868833.32849913
2024-08-18,EGX:ADIB,17.5351088,17.85297891,17.5351088,17.757182,742210.42139796
2024-08-19,EGX:ADIB,17.757182,17.78766226,17.36528821,17.52640003,506719.07728143
2024-08-20,EGX:ADIB,17.52640003,17.93571179,17.37835093,17.85297891,1513090.79208451
2024-08-21,EGX:ADIB,17.85297891,18.67595726,17.85297891,18.67595726,3987729.51891646
2024-08-22,EGX:ADIB,18.67595726,19.20719311,18.41904854,18.66724849,2585756.59741257
2024-08-25,EGX:ADIB,18.66724849,18.9459287,18.41904854,18.50613668,596492.9468457
2024-08-26,EGX:ADIB,18.48436518,18.61064279,18.41904854,18.52355465,3892912.45737544
2024-08-27,EGX:ADIB,18.52355465,19.15929444,18.52355465,18.91980369,790841.85732677
2024-08-28,EGX:ADIB,18.91980369,19.42055668,18.7325647,19.20719311,1322988.17575873
2024-08-29,EGX:ADIB,19.20719311,19.59473295,18.73691865,18.74998268,1070879.10070242
2024-09-01,EGX:ADIB,18.74998268,18.94157519,18.3319604,18.50613668,1786275.17350268
2024-09-02,EGX:ADIB,18.50613668,18.63676779,18.29277093,18.29277093,2718484.86712854
2024-09-03,EGX:ADIB,18.29277181,18.41469459,18.00538239,18.28841742,666213.46834941
2024-09-04,EGX:ADIB,18.28841742,18.65854015,17.46108425,18.65854015,4547312.54706893
2024-09-05,EGX:ADIB,18.65853928,18.72385593,18.11424115,18.24487444,3816515.90714841
2024-09-08,EGX:ADIB,18.24487444,18.28841742,17.72234779,17.72670131,752140.64093688
2024-09-09,EGX:ADIB,17.72670174,17.96183854,17.63525966,17.83556137,504691.23642739
2024-09-10,EGX:ADIB,17.83556137,17.86168768,17.19982115,17.19982115,1944184.95506978
2024-09-11,EGX:ADIB,17.19982115,17.41318601,16.98210189,17.3870597,1934188.13600111
2024-09-12,EGX:ADIB,17.3870597,17.6221965,17.07354398,17.07354398,289009.80760751
2024-09-16,EGX:ADIB,17.07354398,17.22159307,16.76873702,16.9777475,992314.62095532
2024-09-17,EGX:ADIB,16.9777475,17.13885975,16.72954755,16.9777475,1165856.91972903
2024-09-18,EGX:ADIB,16.9777475,17.13450537,16.87759665,17.04741767,477693.16498901
2024-09-19,EGX:ADIB,17.04741767,17.15192291,16.93855804,17.13885975,1393801.84816451
2024-09-22,EGX:ADIB,17.13885975,17.36964216,17.13885975,17.26513692,1805189.439951
2024-09-23,EGX:ADIB,17.26513692,17.39576847,17.16063168,17.19982115,1180168.92901824
2024-09-24,EGX:ADIB,17.19982115,17.30868077,16.96032996,16.99516505,2748750.90859557
2024-09-25,EGX:ADIB,16.99516505,17.28690885,16.99516505,17.28690885,882579.26475084
2024-09-26,EGX:ADIB,17.28690885,17.74411928,17.28690885,17.5917158,2763949.38059107
2024-09-29,EGX:ADIB,17.5917158,17.83120698,17.42624917,17.54381757,1355107.52138115
2024-09-30,EGX:ADIB,17.54381757,17.76153682,17.54381757,17.72234736,1164083.99431644
2024-10-01,EGX:ADIB,17.72234736,17.80943506,17.56994388,17.59607019,1346699.90488439
2024-10-02,EGX:ADIB,17.62655088,17.62655088,17.19982115,17.23901061,1080848.36134498
2024-10-03,EGX:ADIB,17.23901061,17.40012286,16.93855804,17.15627729,4038951.4468989
2024-10-07,EGX:ADIB,17.15627729,17.30868077,16.54666338,16.84276157,3749215.93407069
2024-10-08,EGX:ADIB,16.84276157,16.84276157,15.91963193,16.11557926,4909804.60134314
2024-10-09,EGX:ADIB,16.11557926,16.59020723,16.02413717,16.54666338,1346506.99590167
2024-10-10,EGX:ADIB,16.54666338,16.72083878,16.15476872,16.35507044,862454.72408952
2024-10-13,EGX:ADIB,16.35507044,16.67729493,15.89350562,16.63810547,1492442.64132725
2024-10-14,EGX:ADIB,16.60327039,16.60327039,16.02413717,16.11122487,1044510.27999338
2024-10-15,EGX:ADIB,16.11122487,16.2766915,16.06768102,16.1025161,1640491.09942067
2024-10-16,EGX:ADIB,16.1025161,16.26362835,15.95446701,15.98059332,1572095.67890539
2024-10-17,EGX:ADIB,16.05897225,16.26362835,15.89350562,16.11122487,1245503.06770065
2024-10-20,EGX:ADIB,16.11122487,16.1896038,15.97623893,16.02413717,1543230.52409857
2024-10-21,EGX:ADIB,16.02413717,16.11122487,15.63224251,16.08074417,3274368.17657676
2024-10-22,EGX:ADIB,16.08074417,16.9777475,16.08074417,16.77744579,3894836.9541316
2024-10-23,EGX:ADIB,16.77744579,17.67009474,16.76438264,17.42189479,6317925.34840338
2024-10-24,EGX:ADIB,17.42189479,17.67444912,17.26513692,17.52640003,2891122.33091189
2024-10-27,EGX:ADIB,17.52640003,18.28841742,17.52640003,18.15778587,4773955.33987107
2024-10-28,EGX:ADIB,18.15778587,18.33196127,17.76589121,18.10117886,4948691.83710922
2024-10-29,EGX:ADIB,18.10117886,18.15778587,17.63525966,17.67880351,1966624.4035237
2024-10-30,EGX:ADIB,17.67880351,17.78766313,17.4175404,17.5046281,499142.80663876
2024-10-31,EGX:ADIB,17.5046281,18.04892624,17.4175404,17.99667362,1257169.46808402
2024-11-03,EGX:ADIB,17.96619292,18.96334711,17.96619292,18.54968053,3745697.64167161
2024-11-04,EGX:ADIB,18.54968053,18.72385593,18.31454373,18.34937881,985698.30215522
2024-11-05,EGX:ADIB,18.34937881,18.71950154,18.29712619,18.702084,647019.02456905
2024-11-06,EGX:ADIB,18.702084,19.07656112,18.645477,18.95028396,2178959.78010764
2024-11-07,EGX:ADIB,18.95028396,19.09833305,18.76739978,18.85448748,391830.29539578
2024-11-10,EGX:ADIB,18.9067401,19.13752251,18.72385593,18.79788048,1340379.83916489
2024-11-11,EGX:ADIB,18.79788048,18.9372208,18.2361648,18.54097176,4270159.75229201
2024-11-12,EGX:ADIB,18.54097176,18.65854015,18.17955779,18.51919983,1845886.34569781
2024-11-13,EGX:ADIB,18.51919983,18.65418577,18.22310164,18.47130159,1367490.44084319
2024-11-14,EGX:ADIB,18.47130159,18.56709807,18.33196127,18.54968053,1226262.69321012
2024-11-17,EGX:ADIB,18.54968053,18.75869101,18.51484545,18.72385593,1434687.06982302
2024-11-18,EGX:ADIB,18.72385593,18.93286641,18.50613668,18.50613668,784237.02120421
2024-11-19,EGX:ADIB,18.50613668,18.57145245,18.46259282,18.46259282,750438.90812505
2024-11-20,EGX:ADIB,18.46259282,18.67595769,18.39292266,18.44952967,618629.2526125
2024-11-21,EGX:ADIB,18.44952967,18.57145245,18.43211213,18.53661737,366442.09534889
2024-11-24,EGX:ADIB,18.53661737,18.67595769,18.47130159,18.58451561,477226.96828078
2024-11-25,EGX:ADIB,18.48436475,18.76739978,18.46694721,18.59322438,1125116.37980756
2024-11-26,EGX:ADIB,18.59322438,18.81094363,18.59322438,18.78481732,1146653.28980664
2024-11-27,EGX:ADIB,18.78481732,18.97641027,18.645477,18.72385593,780167.56028308
2024-11-28,EGX:ADIB,18.72385593,18.78481732,18.51484545,18.61064192,620360.84038594
2024-12-01,EGX:ADIB,18.61064192,18.7630454,18.61064192,18.71079277,717116.17789616
2024-12-02,EGX:ADIB,18.71514716,18.89803133,18.50613668,18.50613668,1179645.3189223
2024-12-03,EGX:ADIB,18.50613668,18.93286641,18.50613668,18.79352609,1669179.42099333
2024-12-04,EGX:ADIB,18.79352609,19.24202776,18.79352609,18.98947342,3706982.64606867
2024-12-05,EGX:ADIB,18.98947342,19.19848391,18.85448748,18.85448748,1596236.86017114
2024-12-08,EGX:ADIB,18.85448748,19.00689096,18.702084,18.77175417,1156790.19754132
2024-12-09,EGX:ADIB,18.77175417,19.11575059,18.72821032,18.87625941,2223815.71166041
2024-12-10,EGX:ADIB,18.87625941,19.02866289,17.76589121,18.11424202,2270844.16580426
2024-12-11,EGX:ADIB,18.11424202,18.27099988,17.69186666,17.98796485,1144848.21289693
2024-12-12,EGX:ADIB,17.98796485,18.04457185,17.76589121,17.80072629,967613.08502548
2024-12-15,EGX:ADIB,17.80072629,18.37550512,17.63961404,18.34937881,1368941.85128458
2024-12-16,EGX:ADIB,18.34937881,18.8501331,18.15778587,18.41469459,1845369.62520839
2024-12-17,EGX:ADIB,18.3537332,18.39727705,17.80943506,17.91829469,1351044.95006654
2024-12-18,EGX:ADIB,17.91829469,18.12730517,17.03000013,17.11708783,1751586.00464621
2024-12-19,EGX:ADIB,17.11708783,17.3304527,16.76438264,17.20417553,1478849.44765221
2024-12-22,EGX:ADIB,17.20417553,17.50027372,17.03000013,17.20417553,1132063.39972089
2024-12-23,EGX:ADIB,17.20417553,17.36528778,16.80792649,16.9211405,730206.43029483
2024-12-24,EGX:ADIB,16.9211405,17.06483521,16.52489145,16.73825632,1584085.89079547
2024-12-25,EGX:ADIB,16.73825632,16.94726681,16.63375108,16.66423178,619497.34303473
2024-12-26,EGX:ADIB,16.66423178,16.82969841,16.52489145,16.66423178,1282748.28057812
2024-12-29,EGX:ADIB,16.66423178,16.76438264,16.55537215,16.72519317,347252.24463955
2024-12-30,EGX:ADIB,16.72519317,16.80792649,16.54230899,16.63810547,1354335.88545028
2024-12-31,EGX:ADIB,16.63810547,16.89501419,16.59020723,16.78615456,443008.58920356
2025-01-02,EGX:ADIB,16.78615456,17.40012286,16.76873702,17.25207377,824343.71732532
2025-01-05,EGX:ADIB,17.25207377,17.48285618,17.03000013,17.1257966,377143.95081868
2025-01-06,EGX:ADIB,17.1257966,17.34787024,16.94726681,17.04741767,509791.84179185
2025-01-08,EGX:ADIB,17.04741767,17.15627729,16.72519317,16.77744579,661941.91230353
2025-01-09,EGX:ADIB,16.77744579,16.96903873,16.56843531,16.56843531,577578.68039738
2025-01-12,EGX:ADIB,16.56843531,17.11273344,16.56843531,16.89501419,1376906.23642819
2025-01-13,EGX:ADIB,16.89501419,17.06048082,16.15912311,16.29846343,769800.99899754
2025-01-14,EGX:ADIB,16.29846343,16.46828445,15.99365647,16.05026348,1601608.45672561
2025-01-15,EGX:ADIB,16.05026348,16.36813359,15.89786,16.19831257,1421713.94073528
2025-01-16,EGX:ADIB,16.19831257,16.69471247,16.19831257,16.48570199,817908.8248304
2025-01-19,EGX:ADIB,16.48570199,16.75131948,16.48570199,16.55972654,420137.39207403
2025-01-20,EGX:ADIB,16.55972654,16.67294055,16.11122487,16.11122487,1948272.78827497
2025-01-21,EGX:ADIB,16.11122487,16.21137573,16.1025161,16.11993364,920878.58742673
2025-01-22,EGX:ADIB,16.11993364,16.53795461,16.11993364,16.50311953,2207126.78811987
2025-01-23,EGX:ADIB,16.50311953,16.61197916,16.32894413,16.32894413,1730928.66774691
2025-01-26,EGX:ADIB,16.32894413,16.47699322,16.24185642,16.24185642,1549665.41659349
2025-01-27,EGX:ADIB,16.24185642,16.32894413,16.02413717,16.02413717,958452.20488192
2025-01-28,EGX:ADIB,16.02413717,16.11557926,15.83689861,15.98059332,873962.6635228
2025-01-29,EGX:ADIB,15.98059332,16.32894413,15.90221439,16.11122487,2364912.5567695
2025-01-30,EGX:ADIB,16.11122487,16.65116862,16.11122487,16.54666338,1692698.24113627
2025-02-02,EGX:ADIB,16.54666338,16.92984927,16.54666338,16.85147034,1853272.00389327
2025-02-03,EGX:ADIB,16.85147034,16.88195103,16.57278969,16.76438264,5446617.47992845
2025-02-04,EGX:ADIB,16.76438264,17.07789836,16.72083878,16.93855804,2040386.82752244
2025-02-05,EGX:ADIB,16.93855804,16.93855804,16.72954755,16.93855804,1758096.68281292
2025-02-06,EGX:ADIB,16.93855804,16.98210189,16.63375108,16.75131948,510026.08841372
2025-02-09,EGX:ADIB,16.75131948,17.27820008,16.75131948,17.19111237,3012172.71756694
2025-02-10,EGX:ADIB,17.19111237,17.38270532,17.00387382,17.01258259,1432597.22251025
2025-02-11,EGX:ADIB,17.01258259,17.06918959,16.19831257,16.57278969,1800931.66311817
2025-02-12,EGX:ADIB,16.57278969,16.73825632,16.11557926,16.71213001,851206.2931687
2025-02-13,EGX:ADIB,16.71213001,17.15192291,16.67729493,16.79050895,1617693.39142741
2025-02-16,EGX:ADIB,16.79050895,17.20852992,16.79050895,17.07354398,1033746.41806486
2025-02-17,EGX:ADIB,17.07354398,17.85297891,17.07354398,17.81378944,2465206.85549838
2025-02-18,EGX:ADIB,17.81378944,18.13165956,17.76589121,17.8573333,1463917.37377569
2025-02-19,EGX:ADIB,17.8573333,18.07069817,17.76589121,17.90087715,1650938.03944901
2025-02-20,EGX:ADIB,17.90087715,18.02279993,17.68315789,17.69622105,719672.22191717
2025-02-23,EGX:ADIB,17.69622105,17.8573333,17.63525966,17.76153682,759280.56983293
2025-02-24,EGX:ADIB,17.76153682,17.94006661,17.70057543,17.89216838,624609.43107673
2025-02-25,EGX:ADIB,17.89216838,18.24051918,17.85297891,18.24051918,2297190.02115821
2025-02-26,EGX:ADIB,18.24051918,18.63676823,18.17520341,18.33196127,3300403.99963706
2025-02-27,EGX:ADIB,18.33196127,18.38421389,18.03586308,18.07505255,702117.5044899
2025-03-02,EGX:ADIB,18.07505255,18.28841742,18.02715431,18.02715431,523752.48114826
2025-03-03,EGX:ADIB,18.02715431,18.16649464,17.77024559,17.78330875,1687558.59466817
2025-03-04,EGX:ADIB,17.78330875,17.85297891,17.67880351,17.70057543,291258.11587037
2025-03-05,EGX:ADIB,17.70057543,17.84862452,17.56558949,17.84862452,409435.53660424
2025-03-06,EGX:ADIB,17.77459998,18.07505255,17.77459998,18.07069817,1020458.66361246
2025-03-09,EGX:ADIB,18.07069817,18.21439287,17.96619292,18.13601394,1000295.08184749
2025-03-10,EGX:ADIB,18.07069817,18.21003849,17.81814383,17.91829469,1055168.50128851
2025-03-11,EGX:ADIB,17.91829469,17.98361046,17.80943506,17.84862452,1071721.92923405
2025-03-12,EGX:ADIB,17.84862452,18.13165956,17.84862452,18.07069817,829837.03026175
2025-03-13,EGX:ADIB,18.07069817,18.6149963,18.07069817,18.53661737,2192399.10590361
2025-03-16,EGX:ADIB,18.53661737,18.84142433,18.53661737,18.81094363,3118862.8676871
2025-03-17,EGX:ADIB,18.81094363,18.85884187,18.68466646,18.72385593,812821.99867899
2025-03-18,EGX:ADIB,18.72385593,18.79352609,18.46259282,18.72385593,1209011.11846998
2025-03-19,EGX:ADIB,18.72821032,18.92415764,18.60193315,18.78917171,1227144.56284539
2025-03-20,EGX:ADIB,18.78917171,18.91109449,18.68031208,18.83271556,900949.25228363
2025-03-23,EGX:ADIB,18.83271556,19.17671198,18.83271556,19.03737166,1484521.8903583
2025-03-24,EGX:ADIB,19.03737166,19.14623128,18.93286641,18.98511904,1087547.35542339
2025-03-25,EGX:ADIB,18.98511904,19.11575059,18.78917171,19.06349797,602493.79412951
2025-03-26,EGX:ADIB,19.06349797,19.1113962,18.85884187,19.1113962,412303.9094544
2025-03-27,EGX:ADIB,19.1113962,19.1113962,18.645477,18.72385593,1857148.55583168
2025-04-03,EGX:ADIB,18.71514716,18.72385593,18.50613668,18.58016122,331096.11733698
2025-04-06,EGX:ADIB,18.58016122,18.58016122,17.42189479,17.85297891,995851.28563847
2025-04-07,EGX:ADIB,17.85297891,17.85297891,17.22159307,17.61348773,1247050.9326334
2025-04-08,EGX:ADIB,17.61348773,17.94006661,17.61348773,17.70492982,646029.21776487
2025-04-09,EGX:ADIB,17.71363859,17.88781399,17.22594746,17.32609831,516173.91397008
2025-04-10,EGX:ADIB,17.3304527,17.85297891,17.3304527,17.64396843,200512.81178599
2025-04-13,EGX:ADIB,17.64396843,17.77895436,17.63525966,17.7397649,153500.4333907
2025-04-14,EGX:ADIB,17.7397649,18.07069817,17.7397649,17.84427014,528109.00900795
2025-04-15,EGX:ADIB,17.84427014,18.46259282,17.83120698,18.31018935,943157.27839506
2025-04-16,EGX:ADIB,18.39727705,18.39727705,18.01409116,18.13165956,671229.10190006
2025-04-17,EGX:ADIB,18.13165956,18.13601394,17.73105613,17.96183854,917941.31851131
2025-04-22,EGX:ADIB,17.96183854,18.02279993,17.65703158,17.7963719,195747.50060577
2025-04-23,EGX:ADIB,17.7963719,18.02715431,17.7963719,18.02279993,390996.65300618
2025-04-27,EGX:ADIB,18.02279993,18.27535426,18.02279993,18.20132972,344670.93872795
2025-04-28,EGX:ADIB,18.14472271,18.26664549,18.12730517,18.17955779,925577.2990772
2025-04-29,EGX:ADIB,18.17955779,18.39727705,18.1185964,18.26229111,387903.21967618
2025-04-30,EGX:ADIB,18.26229111,18.29277181,17.99231923,18.03586308,393878.8050694
2025-05-04,EGX:ADIB,18.03586308,18.22310164,17.63525966,17.75718244,760130.28797108
2025-05-05,EGX:ADIB,17.75718244,17.83991575,17.4175404,17.46108425,4214939.5559892
2025-05-06,EGX:ADIB,17.46108425,17.58736142,17.4175404,17.46979302,577479.92937051
2025-05-07,EGX:ADIB,17.46979302,17.58736142,16.85582472,16.92549488,2067508.91187828
2025-05-08,EGX:ADIB,16.92549488,17.10402467,16.78615456,17.03435451,1138900.18592981
2025-05-11,EGX:ADIB,17.03435451,17.29561762,16.91678611,17.03000013,1037524.21897641
2025-05-12,EGX:ADIB,17.03000013,17.89652276,17.03000013,17.63525966,3198729.48306754
2025-05-13,EGX:ADIB,17.63525966,17.96183854,17.60042457,17.76589121,3389298.29610156
2025-05-14,EGX:ADIB,17.76589121,17.84862452,17.39576847,17.53075441,991719.81825861
2025-05-15,EGX:ADIB,17.53075441,17.76153682,17.40883163,17.72234736,1167609.17632205
2025-05-18,EGX:ADIB,17.72234736,17.73105613,17.33480708,17.4480211,1226329.29273986
2025-05-19,EGX:ADIB,17.4480211,17.5351088,17.12144221,17.14321414,437418.82177578
2025-05-20,EGX:ADIB,17.14321414,17.28690885,17.04741767,17.22159307,238582.48091102
2025-05-21,EGX:ADIB,17.16063168,18.00538239,17.16063168,17.96183854,3368916.54346328
2025-05-22,EGX:ADIB,17.96183854,18.30583496,17.96183854,18.15778587,2066206.77624494
2025-05-25,EGX:ADIB,18.15778587,18.25358234,18.02715431,18.04892624,633914.99295733
2025-05-26,EGX:ADIB,18.04892624,18.39292266,18.04892624,18.26664549,1131548.97576698
2025-05-27,EGX:ADIB,18.24051918,18.39292266,18.18391218,18.38856828,1338074.11751432
2025-05-28,EGX:ADIB,18.38856828,18.76739978,18.28841742,18.59757876,3055108.74543457
2025-05-29,EGX:ADIB,18.59757876,18.98511904,18.48436475,18.78917171,2280236.99603418
2025-06-01,EGX:ADIB,18.78917171,19.07220674,18.76739978,19.03737166,1105671.61365677
2025-06-02,EGX:ADIB,19.03737166,19.99969076,19.03737166,19.69923819,5689806.8110696
2025-06-03,EGX:ADIB,19.69923819,20.13903109,19.60779611,19.81245221,1837074.53895155
2025-06-04,EGX:ADIB,19.81245221,19.97791884,19.4641014,19.75149081,2497712.01908623
2025-06-10,EGX:ADIB,19.75149081,21.32777822,19.44668386,20.85750463,4680919.24161692
2025-06-11,EGX:ADIB,20.85750463,21.7719255,20.85750463,20.94459233,6180653.38318377
2025-06-12,EGX:ADIB,20.94459233,20.94459233,19.94308376,20.047589,4469369.2801769
2025-06-15,EGX:ADIB,20.047589,20.047589,18.28841742,19.34217861,3208811.27395002
2025-06-16,EGX:ADIB,19.34217861,19.85599606,19.09833305,19.33346984,3412817.1162445
2025-06-17,EGX:ADIB,19.33346984,19.49893648,18.46259282,18.46259282,1925463.59760417
2025-06-18,EGX:ADIB,18.46259282,18.94157519,18.21003849,18.72385593,1512456.94828416
2025-06-19,EGX:ADIB,18.72385593,18.88932256,18.29712619,18.72385593,974371.78902711
2025-06-22,EGX:ADIB,18.72385593,19.42055755,18.07069817,19.39443124,1919120.56652959
2025-06-23,EGX:ADIB,19.39443124,20.37852227,19.3160523,19.38572247,3116333.23382445
2025-06-24,EGX:ADIB,19.38572247,20.29143457,19.38572247,20.03017146,1769442.71649285
2025-06-25,EGX:ADIB,20.03017146,20.34368719,19.8734136,20.30014334,1072239.79799123
2025-06-29,EGX:ADIB,20.30014334,21.33648699,20.30014334,20.94459233,3831195.36211898
2025-06-30,EGX:ADIB,20.94459233,21.31036068,20.11725916,20.11725916,1302105.77837959
2025-07-01,EGX:ADIB,20.11725916,20.57882398,19.98662761,20.11725916,1154561.40983029
2025-07-02,EGX:ADIB,20.11725916,20.38723104,20.03888023,20.30014334,713708.11920149
2025-07-06,EGX:ADIB,20.30014334,20.63978537,20.29143457,20.32626965,421542.87180525
2025-07-07,EGX:ADIB,20.32626965,20.42206612,19.86470483,20.32626965,2232633.25974545
2025-07-09,EGX:ADIB,20.32626965,20.32626965,19.90824868,20.02146269,818565.63398584
2025-07-10,EGX:ADIB,20.02146269,20.03017146,19.49893648,19.60344172,1858148.69704565
2025-07-13,EGX:ADIB,19.60344172,19.78632589,19.56860664,19.62956803,516915.69493934
2025-07-14,EGX:ADIB,19.62956803,20.50044505,19.50764525,19.94308376,1855975.02618682
2025-07-15,EGX:ADIB,20.02146269,20.93588356,19.98662761,20.84008709,3946404.51070807
2025-07-16,EGX:ADIB,20.84008709,21.32777822,20.82266955,20.82266955,3563056.46921307
2025-07-17,EGX:ADIB,20.82266955,21.23198175,20.68332923,20.90104848,747926.49827871
2025-07-20,EGX:ADIB,20.90104848,21.3626133,20.90104848,21.07522388,2348239.70897751
2025-07-21,EGX:ADIB,21.07522388,21.29294314,20.84879586,20.90104848,1337826.0916794
2025-07-22,EGX:ADIB,20.90104848,21.02297126,20.29143457,20.59624152,783196.69061884
2025-07-23,EGX:ADIB,20.59624152,20.90104848,20.24789072,20.50915382,2468167.08976889
2025-07-27,EGX:ADIB,20.50915382,21.24939929,20.50915382,21.15360282,2860055.94682014
2025-07-28,EGX:ADIB,21.15360282,21.54549747,20.55269767,20.63978537,5042739.55925488
2025-07-29,EGX:ADIB,20.63978537,20.90104848,20.60495029,20.82266955,605385.13233476
2025-07-30,EGX:ADIB,20.82266955,20.90104848,20.047589,20.11725916,1523021.01162343
2025-07-31,EGX:ADIB,20.11725916,20.77041693,20.11725916,20.77041693,662527.52885821
2025-08-03,EGX:ADIB,20.77041693,20.90104848,20.38723104,20.80525201,660558.24965964
2025-08-04,EGX:ADIB,20.67462045,20.90104848,20.64849414,20.90104848,878917.43888247
2025-08-05,EGX:ADIB,20.90104848,21.03168003,20.74429062,20.89233971,1204165.42854696
2025-08-06,EGX:ADIB,20.89233971,20.98813618,20.42206612,20.53528013,1416732.75521726
2025-08-07,EGX:ADIB,20.53528013,20.8662134,20.53528013,20.77041693,759837.47969375
2025-08-10,EGX:ADIB,20.77041693,21.2755256,20.63978537,20.72687308,4046652.87872678
2025-08-11,EGX:ADIB,20.72687308,20.84008709,19.60344172,19.82986975,11883211.70766453
2025-08-12,EGX:ADIB,19.82986975,20.07371531,19.50764525,20.03017146,7174605.43395668
2025-08-13,EGX:ADIB,20.03017146,20.11725916,19.69052942,19.85599606,4140718.97315651
2025-08-14,EGX:ADIB,19.85599606,20.03017146,19.76890835,19.94308376,1928908.40086698
2025-08-17,EGX:ADIB,19.94308376,20.11725916,19.81245221,20.10855039,1387645.98473387
2025-08-18,EGX:ADIB,20.10855039,20.20434686,19.69052942,19.76890835,2541126.87460739
2025-08-19,EGX:ADIB,19.76890835,19.93437499,19.5511891,19.59473295,2431040.1484701
2025-08-20,EGX:ADIB,19.59473295,19.68182065,18.95899273,18.98511904,4043809.76776721
2025-08-21,EGX:ADIB,18.98511904,19.02866289,18.7325647,18.81094363,1850822.74877341
2025-08-24,EGX:ADIB,18.81094363,18.87190502,18.46259282,18.53226299,1461626.57960592
2025-08-25,EGX:ADIB,18.53226299,19.02866289,18.43646651,18.50613668,2206804.12488092
2025-08-26,EGX:ADIB,18.50613668,18.76739978,18.50613668,18.5583893,1185208.67619173
2025-08-27,EGX:ADIB,18.5583893,18.69772962,18.38421389,18.42775774,1259312.13571349
2025-08-28,EGX:ADIB,18.42775774,18.53226299,18.42775774,18.46259282,639300.36872485
2025-08-31,EGX:ADIB,18.46259282,18.63676823,18.02715431,18.05328062,2048782.96134166
2025-09-01,EGX:ADIB,18.05328062,18.22745603,18.00973677,18.04457185,738445.25143171
2025-09-02,EGX:ADIB,18.04457185,18.20132972,18.01844554,18.11424202,1008912.83134328
2025-09-03,EGX:ADIB,18.11424202,18.33196127,18.03586308,18.04457185,1154690.01581877
2025-09-07,EGX:ADIB,18.04457185,18.20132972,17.94006661,17.94877538,502848.26668179
2025-09-08,EGX:ADIB,17.94877538,18.08811571,17.42624917,17.52204564,1842341.64314038
2025-09-09,EGX:ADIB,17.52204564,17.69622105,17.43495794,17.49591933,939316.32275703
2025-09-10,EGX:ADIB,17.49591933,17.83556137,17.49591933,17.80943506,626005.72466592
2025-09-11,EGX:ADIB,17.80943506,17.88781399,17.6526772,17.7397649,577423.66425055
2025-09-14,EGX:ADIB,17.7397649,18.11424202,17.7397649,18.07069817,823642.12572746
2025-09-15,EGX:ADIB,18.07069817,18.15778587,17.85297891,18.02715431,688158.01340125
2025-09-16,EGX:ADIB,18.02715431,18.10553325,17.63525966,17.75718244,665045.68004332
2025-09-17,EGX:ADIB,17.75718244,17.80072629,17.56558949,17.64396843,458208.20946682
2025-09-18,EGX:ADIB,17.67009474,18.26229111,17.67009474,18.07069817,2079147.75383555
2025-09-21,EGX:ADIB,18.07069817,18.27099988,18.04457185,18.06198939,799120.86783505
2025-09-22,EGX:ADIB,18.06198939,18.20132972,17.85297891,18.01844554,1018298.77196668
2025-09-23,EGX:ADIB,18.01844554,18.1490771,17.62655088,17.66138597,786198.2625285
2025-09-24,EGX:ADIB,17.66138597,18.04457185,17.66138597,17.93135784,504043.61341398
2025-09-25,EGX:ADIB,17.93135784,18.07069817,17.93135784,18.03586308,486835.6728485
2025-09-28,EGX:ADIB,18.03586308,18.07069817,17.87910522,17.98361046,337692.91558526
2025-09-29,EGX:ADIB,17.98361046,18.07069817,17.87910522,17.98361046,690937.96963433
2025-09-30,EGX:ADIB,17.98361046,18.74127347,17.96619292,18.72385593,2955953.52831793
2025-10-01,EGX:ADIB,18.72385593,19.24638214,18.72385593,18.91544887,2048624.50039157
2025-10-02,EGX:ADIB,18.91544887,19.15929444,18.76739978,19.15929444,1511074.43390802
2025-10-05,EGX:ADIB,19.15929444,19.9605013,19.15929444,19.94308376,2960578.75083212
2025-10-06,EGX:ADIB,19.94308376,19.97791884,19.60344172,19.77761712,792366.75690444
2025-10-07,EGX:ADIB,19.77761712,19.94308376,19.76890835,19.85599606,698727.8180793
2025-10-08,EGX:ADIB,19.85599606,19.94308376,19.51635402,19.94308376,965139.71628279
2025-10-12,EGX:ADIB,19.94308376,20.30885211,19.76890835,20.24789072,3660390.53367145
2025-10-13,EGX:ADIB,20.24789072,20.59624152,20.12596793,20.5439889,3701221.7867455
2025-10-14,EGX:ADIB,20.5439889,20.62236783,19.9605013,20.18692932,1580565.30186088
2025-10-15,EGX:ADIB,20.18692932,20.24789072,19.98662761,20.18692932,496230.79961393
2025-10-16,EGX:ADIB,20.18692932,20.50915382,20.08242408,20.4569012,781067.80220243
2025-10-19,EGX:ADIB,20.4569012,20.50044505,20.29143457,20.41335735,1179037.88528029
2025-10-20,EGX:ADIB,20.41335735,21.16231159,20.33497842,21.11876774,5640491.00755925
2025-10-21,EGX:ADIB,21.11876774,21.26681683,20.90104848,21.09264142,3015556.66263877
2025-10-22,EGX:ADIB,21.09264142,21.76321673,21.07522388,21.29294314,3779394.70718839
2025-10-23,EGX:ADIB,21.29294314,21.7719255,21.29294314,21.67612903,2142164.68818984
2025-10-26,EGX:ADIB,21.67612903,22.54700605,21.67612903,22.08544123,2459179.59805622
2025-10-27,EGX:ADIB,22.08544123,22.54700605,21.5977501,21.79805181,3426213.95613355
2025-10-28,EGX:ADIB,21.79805181,22.17252893,21.70225534,21.71096411,2486649.6075416
2025-10-29,EGX:ADIB,21.71096411,22.80826915,21.38003084,22.55571482,5178192.66835173
2025-10-30,EGX:ADIB,22.55571482,23.4091743,22.44250081,22.851813,4089149.12004453
2025-11-02,EGX:ADIB,22.851813,23.20887258,22.5905499,22.64280252,1404901.00427727
2025-11-03,EGX:ADIB,22.64280252,22.96502702,22.54700605,22.77343407,1889489.51713067
2025-11-04,EGX:ADIB,22.77343407,22.99115333,22.58184113,22.64280252,1440904.93971238
2025-11-05,EGX:ADIB,22.64280252,23.20887258,22.56442359,22.88664809,3408551.30153739
2025-11-06,EGX:ADIB,22.88664809,23.14791119,22.55571482,22.56442359,2294756.84178692
2025-11-09,EGX:ADIB,22.56442359,23.25241643,22.36412187,23.07824103,2992802.58882018
2025-11-10,EGX:ADIB,23.07824103,23.33950414,22.66892883,22.86052178,2258944.66706677
2025-11-11,EGX:ADIB,22.86052178,24.45422672,22.86052178,23.8184865,6241895.09558996
2025-11-12,EGX:ADIB,23.818486,24.819995,23.818486,24.367138,4154196.0
2025-11-13,EGX:ADIB,24.367138,24.645819,23.949118,24.184254,1597412.0
2025-11-16,EGX:ADIB,24.184254,25.255433,23.949118,24.819995,3966080.0
2025-11-17,EGX:ADIB,24.82,26.7,24.82,25.68,2622254.0
2025-11-18,EGX:ADIB,25.68,25.95,25.05,25.3,1420829.0
2025-11-19,EGX:ADIB,25.3,25.7,24.53,24.99,4056008.0
2025-11-20,EGX:ADIB,24.99,26.04,24.99,25.31,4110380.0
2025-11-23,EGX:ADIB,25.31,25.95,24.81,24.9,1023530.0
2025-11-24,EGX:ADIB,24.9,25.29,24.25,24.35,1498607.0
2025-11-25,EGX:ADIB,24.35,24.6,23.74,23.79,1394205.0
2025-11-26,EGX:ADIB,23.79,23.99,23.5,23.87,1033067.0
2025-11-27,EGX:ADIB,23.87,24.88,23.6,24.55,2070904.0
2025-11-30,EGX:ADIB,24.55,26.0,24.55,25.97,2881567.0
2025-12-01,EGX:ADIB,25.97,27.9,25.81,27.1,5523398.0
2025-12-02,EGX:ADIB,27.1,27.9,26.8,26.9,1677985.0
2025-12-03,EGX:ADIB,26.9,27.5,26.52,27.5,2440834.0
2025-12-04,EGX:ADIB,27.5,29.0,27.5,27.71,3799194.0
2025-12-07,EGX:ADIB,27.71,28.17,26.91,26.97,1127184.0
2025-12-08,EGX:ADIB,26.97,27.9,26.97,27.75,2075842.0
2025-12-09,EGX:ADIB,27.59,28.24,27.5,28.0,1798086.0
2025-12-10,EGX:ADIB,28.0,29.0,28.0,28.91,2270452.0
2025-12-11,EGX:ADIB,28.91,30.0,28.91,29.4,5099488.0
2025-12-14,EGX:ADIB,29.4,29.97,28.66,28.95,1265169.0
2025-12-15,EGX:ADIB,28.95,29.2,28.55,28.8,3058656.0
2025-12-16,EGX:ADIB,28.71,28.88,27.93,28.25,1932781.0
2025-12-17,EGX:ADIB,28.25,28.76,28.0,28.2,1573941.0
2025-12-18,EGX:ADIB,28.2,28.49,27.98,27.99,840898.0
2025-12-21,EGX:ADIB,27.99,29.07,27.9,29.0,1598850.0
2025-12-22,EGX:ADIB,29.0,29.23,28.67,29.0,553486.0
2025-12-23,EGX:ADIB,29.0,29.65,29.0,29.5,1444331.0
2025-12-24,EGX:ADIB,29.5,30.0,29.5,29.7,945996.0
2025-12-25,EGX:ADIB,29.7,29.95,29.29,29.57,283588.0
2025-12-28,EGX:ADIB,29.57,29.9,29.02,29.4,1585063.0
2025-12-29,EGX:ADIB,29.4,29.71,29.12,29.5,474589.0
2025-12-30,EGX:ADIB,29.4,29.7,29.1,29.15,870882.0
2025-12-31,EGX:ADIB,29.15,29.9,29.15,29.9,1236612.0
2026-01-04,EGX:ADIB,29.9,30.0,28.92,29.03,1173445.0
2026-01-05,EGX:ADIB,29.03,29.5,27.95,28.2,941921.0
2026-01-06,EGX:ADIB,28.2,29.25,28.2,28.74,1513930.0
2026-01-08,EGX:ADIB,28.74,30.0,28.65,29.77,2629806.0
2026-01-11,EGX:ADIB,29.77,32.39,29.67,32.3,5217234.0
2026-01-12,EGX:ADIB,32.3,32.3,31.32,31.98,1657133.0
2026-01-13,EGX:ADIB,31.97,32.95,31.4,31.65,1774451.0
2026-01-14,EGX:ADIB,31.65,31.99,30.4,31.5,1311294.0
2026-01-15,EGX:ADIB,31.5,33.01,31.0,32.51,2129068.0
2026-01-18,EGX:ADIB,32.51,33.3,32.51,32.99,767453.0
2026-01-19,EGX:ADIB,32.99,34.28,32.85,34.0,5007420.0
2026-01-20,EGX:ADIB,34.0,36.49,34.0,35.8,5701550.0
2026-01-21,EGX:ADIB,35.8,37.4,35.5,36.0,7847257.0
2026-01-22,EGX:ADIB,36.0,36.85,35.8,36.3,3413849.0
2026-01-25,EGX:ADIB,36.3,36.87,35.12,36.25,1793074.0
2026-01-26,EGX:ADIB,36.25,38.01,35.79,38.01,4507636.0
2026-01-27,EGX:ADIB,38.01,40.24,38.01,39.96,3540057.0
2026-01-28,EGX:ADIB,39.96,41.39,37.9,39.2,4233261.0
2026-02-01,EGX:ADIB,39.2,39.38,37.91,38.96,5500151.0
2026-02-02,EGX:ADIB,38.96,39.38,37.65,38.29,3841442.0
2026-02-03,EGX:ADIB,38.29,39.01,38.29,39.0,5054966.0
2026-02-04,EGX:ADIB,39.0,39.89,39.0,39.0,2854573.0
2026-02-05,EGX:ADIB,39.0,39.4,38.4,39.0,2000007.0
2026-02-08,EGX:ADIB,39.0,39.5,38.74,39.28,1409118.0
2026-02-09,EGX:ADIB,39.28,39.5,37.96,39.0,1645521.0
2026-02-10,EGX:ADIB,39.0,39.25,38.39,38.45,1409514.0
2026-02-11,EGX:ADIB,38.45,38.69,37.4,37.53,2177236.0
2026-02-12,EGX:ADIB,37.53,37.9,36.11,36.65,3290066.0
2026-02-15,EGX:ADIB,36.65,39.9,36.65,39.8,4211714.0
2026-02-16,EGX:ADIB,39.8,41.0,39.8,41.0,3474741.0
2026-02-17,EGX:ADIB,41.0,42.5,39.51,41.59,3755900.0
2026-02-18,EGX:ADIB,41.59,44.8,41.59,44.0,4020219.0
2026-02-19,EGX:ADIB,44.0,44.97,42.0,42.5,3931383.0
2026-02-22,EGX:ADIB,42.5,42.97,39.82,40.65,2170842.0
2026-02-23,EGX:ADIB,40.65,43.49,39.8,41.98,4006530.0
2026-02-24,EGX:ADIB,41.98,42.49,40.57,41.15,2656832.0
2026-02-25,EGX:ADIB,41.15,41.5,39.5,40.7,2804839.0
2026-02-26,EGX:ADIB,40.7,40.98,39.8,40.7,1243840.0
2026-03-01,EGX:ADIB,40.7,40.7,37.02,39.8,2295151.0
2026-03-02,EGX:ADIB,39.8,40.85,39.8,39.99,1079589.0
2026-03-03,EGX:ADIB,39.99,39.99,38.28,38.5,1612577.0
2026-03-04,EGX:ADIB,38.5,38.7,37.0,37.81,4050861.0
2026-03-05,EGX:ADIB,37.81,39.28,37.81,38.65,2281899.0
2026-03-08,EGX:ADIB,38.65,39.0,37.04,37.69,2692975.0
2026-03-09,EGX:ADIB,37.69,37.69,36.1,36.55,2873457.0
2026-03-10,EGX:ADIB,36.55,39.0,36.55,38.97,2918147.0
2026-03-11,EGX:ADIB,38.97,41.0,38.97,41.0,2218848.0
2026-03-12,EGX:ADIB,41.0,41.99,39.0,39.05,2108616.0
2026-03-15,EGX:ADIB,39.05,39.72,38.0,38.0,2160933.0
2026-03-16,EGX:ADIB,38.0,38.78,37.4,37.5,1167555.0
2026-03-17,EGX:ADIB,37.5,40.19,37.5,39.8,2064648.0
2026-03-18,EGX:ADIB,39.8,40.9,39.8,40.9,1161290.0
2026-03-24,EGX:ADIB,40.9,41.0,39.82,39.89,1110932.0
2026-03-25,EGX:ADIB,39.89,40.58,39.3,39.35,1756073.0
2026-03-26,EGX:ADIB,39.35,39.9,39.35,39.4,695126.0
2026-03-29,EGX:ADIB,39.4,39.4,38.13,38.87,572897.0
2026-03-30,EGX:ADIB,38.87,38.99,38.0,38.11,571597.0
2026-03-31,EGX:ADIB,38.11,38.45,37.53,38.1,1268563.0
2026-04-01,EGX:ADIB,38.1,39.6,38.1,39.02,1089714.0
2026-04-02,EGX:ADIB,39.02,39.1,38.51,38.9,666568.0
2026-04-05,EGX:ADIB,38.9,39.94,38.9,39.72,799628.0
2026-04-06,EGX:ADIB,39.72,40.99,39.55,40.9,1789911.0
2026-04-07,EGX:ADIB,40.9,41.01,39.91,40.4,828439.0
2026-04-08,EGX:ADIB,40.4,42.65,40.4,42.45,2956413.0
2026-04-09,EGX:ADIB,42.45,43.93,42.39,43.55,2189328.0
2026-04-14,EGX:ADIB,43.55,45.0,43.55,44.5,1995808.0
2026-04-15,EGX:ADIB,44.5,46.85,44.5,45.9,1739953.0
2026-04-16,EGX:ADIB,45.9,46.88,45.06,46.0,1210289.0
2026-04-19,EGX:ADIB,46.0,46.48,44.0,45.97,3117426.0
2026-04-20,EGX:ADIB,45.97,45.97,44.35,45.19,1287313.0
2026-04-21,EGX:ADIB,45.19,45.88,44.35,44.4,1182629.0
2026-04-22,EGX:ADIB,44.4,44.7,43.51,43.85,1253311.0
2026-04-23,EGX:ADIB,43.85,44.49,43.06,44.02,1545469.0
2026-04-26,EGX:ADIB,44.02,44.98,44.02,44.47,1406321.0
2026-04-27,EGX:ADIB,44.47,44.94,44.06,44.75,1299553.0
2026-04-28,EGX:ADIB,44.75,44.89,44.03,44.3,1045332.0
2026-04-29,EGX:ADIB,44.3,44.69,44.05,44.3,1179075.0
2026-04-30,EGX:ADIB,44.3,44.8,44.0,44.8,1235841.0
2026-05-03,EGX:ADIB,44.8,47.98,44.25,47.9,3201186.0
2026-05-04,EGX:ADIB,47.9,50.0,46.0,46.38,3952778.0
2026-05-05,EGX:ADIB,46.38,46.38,44.7,45.85,1895113.0
2026-05-06,EGX:ADIB,45.85,47.0,45.06,45.21,2142078.0
2026-05-10,EGX:ADIB,45.21,48.0,44.45,47.0,5498292.0
2026-05-11,EGX:ADIB,47.0,49.98,45.0,48.2,10471893.0
2026-05-12,EGX:ADIB,48.2,48.83,46.15,47.49,4588187.0
2026-05-13,EGX:ADIB,47.49,50.08,47.49,49.6,7183479.0
2026-05-14,EGX:ADIB,49.6,49.9,46.9,48.7,3087116.0
2026-05-17,EGX:ADIB,48.7,48.7,45.95,46.0,3750823.0
2026-05-18,EGX:ADIB,46.0,46.96,45.3,46.85,2298649.0
2026-05-19,EGX:ADIB,46.85,47.52,46.85,47.5,1807941.0
2026-05-20,EGX:ADIB,47.5,47.7,45.91,46.0,2045424.0
2026-05-21,EGX:ADIB,46.0,46.55,45.6,46.55,2418513.0
2026-05-24,EGX:ADIB,46.55,48.75,46.55,48.42,2783326.0
2026-05-25,EGX:ADIB,48.42,48.89,47.6,47.61,7871644.0
2026-06-01,EGX:ADIB,47.61,48.48,47.0,48.34,2073254.0
2026-06-02,EGX:ADIB,48.34,48.34,47.4,47.74,1506579.0
2026-06-03,EGX:ADIB,47.74,47.97,46.51,46.82,1838284.0
2026-06-04,EGX:ADIB,46.82,47.38,46.4,47.38,1533346.0
2026-06-07,EGX:ADIB,47.38,47.38,46.51,46.8,1029405.0
2026-06-08,EGX:ADIB,46.8,46.8,46.04,46.25,1320487.0
2026-06-09,EGX:ADIB,46.25,46.8,46.2,46.45,1343070.0
2026-06-10,EGX:ADIB,46.45,46.45,44.6,44.85,2236745.0
