date,symbol,open,high,low,close,volume
2001-05-15,EGX:CIEB,0.08123033,0.08125834,0.08123033,0.08125834,600132.95380085
2001-05-16,EGX:CIEB,0.08123033,0.08403138,0.08123033,0.08218269,735439.5507613
2001-05-17,EGX:CIEB,0.08403138,0.08627221,0.08403138,0.08613216,1082452.77568362
2001-05-20,EGX:CIEB,0.09033373,0.09044578,0.08963347,0.09038975,2371614.04645986
2001-05-22,EGX:CIEB,0.09489944,0.09489944,0.09489944,0.09489944,896807.84053999
2001-05-23,EGX:CIEB,0.09489944,0.09963321,0.09489944,0.09940913,3629715.4915486
2001-05-24,EGX:CIEB,0.09523556,0.1036387,0.09445127,0.09660808,1684370.77693777
2001-05-27,EGX:CIEB,0.09523556,0.09803661,0.09383504,0.09697221,2045664.38148652
2001-05-28,EGX:CIEB,0.09523556,0.09806461,0.09523556,0.0980086,1206692.07843359
2001-05-29,EGX:CIEB,0.09803661,0.09809263,0.09803661,0.09803661,979277.03288264
2001-05-30,EGX:CIEB,0.09803661,0.09901697,0.09803661,0.09842875,2044236.34352388
2001-05-31,EGX:CIEB,0.09803661,0.09806461,0.09803661,0.09803661,1814322.23153831
2001-06-03,EGX:CIEB,0.09873687,0.10083766,0.09837273,0.10044551,892523.72665206
2001-06-05,EGX:CIEB,0.09845677,0.10083766,0.09845677,0.10033347,2216314.9180224
2001-06-06,EGX:CIEB,0.09943713,0.10083766,0.09943713,0.10019341,787562.93639778
2001-06-07,EGX:CIEB,0.09803661,0.10086566,0.09803661,0.10038949,1921782.08822722
2001-06-10,EGX:CIEB,0.09943713,0.10223818,0.09943713,0.10142587,1669376.37833002
2001-06-11,EGX:CIEB,0.10083766,0.10167797,0.10083766,0.10136985,1224185.54347597
2001-06-12,EGX:CIEB,0.09952116,0.10083766,0.09943713,0.10019341,271327.21290223
2001-06-13,EGX:CIEB,0.09803661,0.09803661,0.09520756,0.09708425,188501.01106892
2001-06-24,EGX:CIEB,0.10464708,0.10464708,0.10464708,0.10464708,2075677455.3473988
2001-07-18,EGX:CIEB,0.09943713,0.09943713,0.09943713,0.09943713,893951.7646147
2001-07-19,EGX:CIEB,0.09523556,0.09803661,0.09523556,0.09663609,377002.02213783
2001-07-22,EGX:CIEB,0.10083766,0.10083766,0.10083766,0.10083766,35700.94906608
2001-07-24,EGX:CIEB,0.10447901,0.10464708,0.10447901,0.10464708,55889478.75346142
2001-07-29,EGX:CIEB,0.1036107,0.10464708,0.1036107,0.1041709,981419.08982661
2001-07-30,EGX:CIEB,0.10461906,0.10464708,0.10461906,0.10464708,377002.02213783
2001-07-31,EGX:CIEB,0.1036387,0.10464708,0.1036387,0.10450703,436979.61656885
2001-08-01,EGX:CIEB,0.1036387,0.10464708,0.1036387,0.10442299,287035.6304913
2001-08-02,EGX:CIEB,0.10464708,0.10464708,0.10464708,0.10464708,509095.53368234
2001-08-05,EGX:CIEB,0.10464708,0.10464708,0.10464708,0.10464708,188501.01106892
2001-08-06,EGX:CIEB,0.10464708,0.10464708,0.10464708,0.10464708,221702.89370037
2001-08-07,EGX:CIEB,0.10464708,0.10464708,0.10464708,0.10464708,299173.95317377
2001-08-08,EGX:CIEB,0.10464708,0.10464708,0.10464708,0.10464708,414131.00916656
2001-08-12,EGX:CIEB,0.1036107,0.10464708,0.1036107,0.10431096,419129.14203581
2001-08-13,EGX:CIEB,0.10464708,0.10464708,0.10464708,0.10464708,62833.67035631
2001-08-14,EGX:CIEB,0.10464708,0.10464708,0.10464708,0.10464708,188501.01106892
2001-08-15,EGX:CIEB,0.10464708,0.10464708,0.10464708,0.10464708,287035.6304913
2001-08-16,EGX:CIEB,0.10461906,0.10464708,0.10461906,0.10464708,98534.61942239
2001-08-19,EGX:CIEB,0.10464708,0.10464708,0.10464708,0.10464708,130665.47358186
2001-08-20,EGX:CIEB,0.10464708,0.10464708,0.10464708,0.10464708,125667.34071261
2001-08-21,EGX:CIEB,0.10464708,0.10464708,0.10464708,0.10464708,439835.69249414
2004-03-09,EGX:CIEB,0.09943713,0.09943713,0.09943713,0.09943713,71401.89813216
2004-03-30,EGX:CIEB,0.09447928,0.1036107,0.09447928,0.10041749,775424.61371531
2004-04-01,EGX:CIEB,0.09492745,0.09492745,0.09492745,0.09492745,62833.67035631
2004-06-28,EGX:CIEB,0.09019368,0.09966122,0.09019368,0.09565573,400207.63903078
2004-06-29,EGX:CIEB,0.09966122,0.09966122,0.09089394,0.09817666,474465.61308824
2005-03-03,EGX:CIEB,0.09327483,0.09327483,0.09327483,0.09327483,272398.24137421
2005-03-06,EGX:CIEB,0.09243452,0.09792456,0.09243452,0.09697221,86396.29673992
2005-03-07,EGX:CIEB,0.09803661,0.09803661,0.09243452,0.09736435,203138.40018601
2005-03-08,EGX:CIEB,0.09257457,0.09523556,0.09251855,0.09285468,894665.78359603
2005-03-09,EGX:CIEB,0.08823295,0.09285468,0.08823295,0.09285468,31416.83517815
2005-03-13,EGX:CIEB,0.09243452,0.09243452,0.08823295,0.09207038,147087.91015226
2005-04-11,EGX:CIEB,0.08747667,0.08747667,0.08747667,0.08747667,314168.35178153
2005-04-12,EGX:CIEB,0.08319107,0.08319107,0.08319107,0.08319107,62833.67035631
2005-04-13,EGX:CIEB,0.07904551,0.07904551,0.07904551,0.07904551,77471.0594734
2005-04-14,EGX:CIEB,0.07520808,0.07842929,0.07509604,0.07534814,98534.61942239
2005-04-17,EGX:CIEB,0.07159473,0.07170678,0.07159473,0.07167877,83897.23030529
2005-04-18,EGX:CIEB,0.06918584,0.06952196,0.06812144,0.0691018,406633.80986268
2005-04-19,EGX:CIEB,0.06565652,0.06568453,0.06565652,0.06568453,120669.20784336
2005-04-20,EGX:CIEB,0.06568453,0.06568453,0.06568453,0.06568453,62833.67035631
2005-05-15,EGX:CIEB,0.06896175,0.06896175,0.06896175,0.06896175,62833.67035631
2005-05-19,EGX:CIEB,0.07240704,0.07240704,0.07240704,0.07240704,44983.19582326
2005-05-24,EGX:CIEB,0.07602039,0.07602039,0.07602039,0.07602039,35700.94906608
2005-05-25,EGX:CIEB,0.0798018,0.0798018,0.0798018,0.0798018,125667.34071261
2005-05-26,EGX:CIEB,0.08377929,0.08377929,0.08377929,0.08377929,12124756.32182292
2005-05-30,EGX:CIEB,0.08795284,0.08795284,0.08795284,0.08795284,125667.34071261
2005-05-31,EGX:CIEB,0.09235049,0.09235049,0.09235049,0.09235049,2132417.6877171
2005-06-01,EGX:CIEB,0.0969442,0.0969442,0.0969442,0.0969442,242766.45364936
2005-06-02,EGX:CIEB,0.10179001,0.10179001,0.10179001,0.10179001,446261.86332603
2005-06-05,EGX:CIEB,0.10223818,0.10685991,0.09691619,0.10075363,119241.16988072
2005-06-09,EGX:CIEB,0.09573975,0.09573975,0.09573975,0.09573975,92822.46757181
2005-06-12,EGX:CIEB,0.10050153,0.10050153,0.10050153,0.10050153,35700.94906608
2005-06-13,EGX:CIEB,0.0980086,0.09803661,0.0980086,0.0980086,71401.89813216
2005-06-19,EGX:CIEB,0.09313478,0.0980086,0.09313478,0.0980086,26775.71179956
2005-06-20,EGX:CIEB,0.09775651,0.09775651,0.09775651,0.09775651,35700.94906608
2005-06-21,EGX:CIEB,0.09386305,0.0980086,0.09383504,0.09417116,67831.80322556
2005-06-26,EGX:CIEB,0.09052981,0.09052981,0.08946541,0.08999761,69973.86016952
2005-06-27,EGX:CIEB,0.09439525,0.09439525,0.08999761,0.08999761,10353.27522916
2005-07-03,EGX:CIEB,0.09447928,0.09447928,0.09447928,0.09447928,96749.57196908
2005-07-04,EGX:CIEB,0.09918504,0.09918504,0.09915703,0.09918504,419843.16101713
2005-07-05,EGX:CIEB,0.10414289,0.10414289,0.10414289,0.10414289,72115.91711349
2005-07-06,EGX:CIEB,0.10932482,0.10932482,0.10924079,0.10929681,371646.87977792
2005-07-07,EGX:CIEB,0.11475886,0.11475886,0.11475886,0.11475886,308456.19993095
2005-07-10,EGX:CIEB,0.12047298,0.12047298,0.11475886,0.11475886,11067.29421049
2005-07-11,EGX:CIEB,0.12047298,0.12047298,0.12047298,0.12047298,35700.94906608
2005-07-12,EGX:CIEB,0.12649524,0.12649524,0.12649524,0.12649524,149586.97658689
2005-07-13,EGX:CIEB,0.13279759,0.13279759,0.13279759,0.13279759,119598.17937138
2005-07-17,EGX:CIEB,0.13943607,0.13943607,0.13943607,0.13943607,80684.14488935
2005-07-18,EGX:CIEB,0.14638266,0.14638266,0.14638266,0.14638266,619411.46629653
2005-07-19,EGX:CIEB,0.15369339,0.15369339,0.15369339,0.15369339,249906.64346258
2005-07-20,EGX:CIEB,0.16136826,0.16136826,0.16136826,0.16136826,199568.3052794
2005-07-21,EGX:CIEB,0.17416904,0.17416904,0.17416904,0.17416904,283822.54507536
2005-07-24,EGX:CIEB,0.18285228,0.18285228,0.18285228,0.18285228,295603.85826716
2005-07-25,EGX:CIEB,0.19198369,0.19198369,0.19198369,0.19198369,76400.03100142
2005-07-27,EGX:CIEB,0.20156327,0.20156327,0.20156327,0.20156327,80684.14488935
2005-07-28,EGX:CIEB,0.21161903,0.21161903,0.21161903,0.21161903,36057.95855674
2005-07-31,EGX:CIEB,0.22217897,0.22217897,0.22217897,0.22217897,178504.74533041
2005-08-01,EGX:CIEB,0.23327111,0.23327111,0.23327111,0.23327111,107102.84719825
2005-08-02,EGX:CIEB,0.243691,0.24492347,0.243691,0.2447274,402706.70546541
2005-08-03,EGX:CIEB,0.25693996,0.25693996,0.2447274,0.2447274,29988.79721551
2005-08-04,EGX:CIEB,0.25693996,0.25693996,0.25693996,0.25693996,214562.70388716
2005-08-07,EGX:CIEB,0.26976873,0.26976873,0.24411116,0.25607162,292390.77285122
2005-08-08,EGX:CIEB,0.24327084,0.25607162,0.24327084,0.25607162,16065.42707974
2005-08-11,EGX:CIEB,0.24327084,0.24327084,0.24327084,0.24327084,89252.37266521
2005-08-14,EGX:CIEB,0.23111431,0.24327084,0.23111431,0.24327084,24633.6548556
2005-08-15,EGX:CIEB,0.23111431,0.24327084,0.23111431,0.24327084,27489.73078088
2005-08-16,EGX:CIEB,0.23111431,0.23111431,0.23111431,0.23111431,35700.94906608
2005-08-25,EGX:CIEB,0.21957399,0.21957399,0.21957399,0.21957399,35700.94906608
2005-08-28,EGX:CIEB,0.20862191,0.20862191,0.20862191,0.20862191,35700.94906608
2005-08-29,EGX:CIEB,0.19820202,0.21007845,0.19820202,0.20035882,948931.22617647
2005-08-30,EGX:CIEB,0.21007845,0.21035855,0.21007845,0.21019049,294532.82979518
2005-08-31,EGX:CIEB,0.21007845,0.21007845,0.19971459,0.20394415,65332.73679093
2005-09-01,EGX:CIEB,0.20363603,0.20391616,0.19887426,0.20268369,151372.02404019
2005-09-04,EGX:CIEB,0.20097505,0.2072774,0.20097505,0.20512061,151729.03353085
2005-09-05,EGX:CIEB,0.19750176,0.19750176,0.19607322,0.1963253,320594.52261342
2005-09-06,EGX:CIEB,0.19047113,0.19047113,0.18652164,0.18775411,312026.29483756
2005-09-07,EGX:CIEB,0.17929496,0.19713761,0.17837061,0.18464495,107102.84719825
2005-09-11,EGX:CIEB,0.17548554,0.17548554,0.17542951,0.17545752,169936.51755455
2005-09-12,EGX:CIEB,0.16811878,0.16811878,0.16669024,0.16767062,113529.01803014
2005-09-13,EGX:CIEB,0.15965962,0.15965962,0.15929548,0.1593235,172078.57449852
2005-09-14,EGX:CIEB,0.15167665,0.15167665,0.15136853,0.15150858,93536.48655314
2005-09-18,EGX:CIEB,0.14428187,0.15150858,0.14394575,0.15150858,33915.90161278
2005-09-19,EGX:CIEB,0.15405753,0.1590714,0.15405753,0.15820308,206708.49509262
2005-09-20,EGX:CIEB,0.16610202,0.16610202,0.16610202,0.16610202,35700.94906608
2005-09-26,EGX:CIEB,0.17439312,0.17439312,0.17439312,0.17439312,35700.94906608
2005-09-27,EGX:CIEB,0.18310438,0.18310438,0.18310438,0.18310438,98534.61942239
2005-10-02,EGX:CIEB,0.19223578,0.19223578,0.19223578,0.19223578,62833.67035631
2005-10-03,EGX:CIEB,0.20184337,0.20184337,0.19607322,0.20055489,158869.22334407
2005-10-04,EGX:CIEB,0.2072774,0.21058264,0.19607322,0.2072774,305957.13349633
2005-10-05,EGX:CIEB,0.21764126,0.21764126,0.21568054,0.21716509,257046.83327579
2005-10-09,EGX:CIEB,0.21778133,0.21778133,0.21778133,0.21778133,39271.04397269
2005-10-10,EGX:CIEB,0.20691328,0.20691328,0.20691328,0.20691328,35700.94906608
2005-10-11,EGX:CIEB,0.19750176,0.20691328,0.19750176,0.20691328,17850.47453304
2005-10-12,EGX:CIEB,0.19663342,0.19957453,0.19663342,0.19727767,80684.14488935
2005-10-13,EGX:CIEB,0.18912662,0.1925439,0.18912662,0.1909473,107102.84719825
2005-10-16,EGX:CIEB,0.20047086,0.20047086,0.20047086,0.20047086,53551.42359912
2005-10-17,EGX:CIEB,0.21047059,0.21047059,0.21047059,0.21047059,119241.16988072
2005-10-18,EGX:CIEB,0.19999469,0.22083445,0.19996667,0.20170333,214205.69439649
2005-10-19,EGX:CIEB,0.19161957,0.19173159,0.19161957,0.19164756,113886.0275208
2005-10-20,EGX:CIEB,0.1987342,0.1987342,0.19164756,0.19164756,7854.20879454
2005-10-23,EGX:CIEB,0.19887426,0.19887426,0.19884625,0.19887426,72829.93609481
2005-10-24,EGX:CIEB,0.19607322,0.19607322,0.19327217,0.19456065,66046.75577225
2005-10-25,EGX:CIEB,0.19607322,0.19635332,0.19052714,0.19425253,101747.70483833
2005-10-26,EGX:CIEB,0.19607322,0.19607322,0.19607322,0.19607322,35700.94906608
2005-10-27,EGX:CIEB,0.19052714,0.19052714,0.19052714,0.19052714,35700.94906608
2005-10-30,EGX:CIEB,0.19187165,0.19187165,0.19187165,0.19187165,62833.67035631
2005-11-06,EGX:CIEB,0.18229208,0.18486903,0.18229208,0.18299234,68545.82220688
2005-11-07,EGX:CIEB,0.18234809,0.19212373,0.18234809,0.18708186,165652.40366662
2005-11-09,EGX:CIEB,0.19618526,0.19618526,0.19618526,0.19618526,35700.94906608
2005-11-14,EGX:CIEB,0.1960452,0.19618526,0.1960452,0.19618526,26775.71179956
2005-11-15,EGX:CIEB,0.19579312,0.1960452,0.19579312,0.19582114,37843.00601005
2005-11-16,EGX:CIEB,0.18604547,0.18604547,0.18604547,0.18604547,62833.67035631
2005-11-20,EGX:CIEB,0.17926694,0.17926694,0.17786642,0.17893082,92822.46757181
2005-11-21,EGX:CIEB,0.17002349,0.17086381,0.16999548,0.17021956,71401.89813216
2005-11-22,EGX:CIEB,0.17156407,0.17870673,0.17086381,0.17324469,144945.85320829
2005-11-24,EGX:CIEB,0.18189993,0.18189993,0.18189993,0.18189993,53551.42359912
2005-11-29,EGX:CIEB,0.19097532,0.19097532,0.19097532,0.19097532,269542.16544892
2005-11-30,EGX:CIEB,0.20049888,0.20049888,0.20049888,0.20049888,98534.61942239
2005-12-01,EGX:CIEB,0.21049861,0.21049861,0.21049861,0.21049861,165652.40366662
2005-12-04,EGX:CIEB,0.22100253,0.22100253,0.19999469,0.21965802,572286.2135293
2005-12-05,EGX:CIEB,0.22408368,0.22688472,0.21175907,0.22117059,352368.36728223
2005-12-06,EGX:CIEB,0.22688472,0.22828525,0.22688472,0.227641,78542.08794538
2005-12-08,EGX:CIEB,0.22408368,0.227641,0.22408368,0.227641,3570.09490661
2005-12-11,EGX:CIEB,0.22408368,0.22408368,0.21876169,0.22229101,124953.32173129
2005-12-12,EGX:CIEB,0.23338315,0.23338315,0.23338315,0.23338315,42484.12938864
2005-12-13,EGX:CIEB,0.23388734,0.24503551,0.23388734,0.23741666,116385.09395543
2005-12-14,EGX:CIEB,0.23808891,0.23808891,0.23808891,0.23808891,62476.66086564
2005-12-15,EGX:CIEB,0.24999335,0.24999335,0.23808891,0.23808891,12852.34166379
2005-12-18,EGX:CIEB,0.24999335,0.24999335,0.22618446,0.24853682,877172.31855365
2005-12-19,EGX:CIEB,0.23808891,0.26091744,0.23612818,0.24772451,198140.26731676
2005-12-20,EGX:CIEB,0.24649205,0.24649205,0.23808891,0.24612792,428054.37930233
2005-12-21,EGX:CIEB,0.24649205,0.25769623,0.24649205,0.25750016,506953.47673837
2005-12-22,EGX:CIEB,0.25775224,0.25775224,0.25750016,0.25750016,26775.71179956
2005-12-25,EGX:CIEB,0.27035695,0.27035695,0.27035695,0.27035695,510523.57164498
2005-12-26,EGX:CIEB,0.283858,0.283858,0.283858,0.283858,398422.59157748
2006-06-18,EGX:CIEB,4.98291048,4.98291048,4.98291048,4.98291048,16747.12808734
2006-06-20,EGX:CIEB,5.23069207,5.23069207,5.23069207,5.23069207,439.90354839
2006-06-21,EGX:CIEB,5.49211301,5.49211301,5.49211301,5.49211301,444.30258388
2006-06-22,EGX:CIEB,5.7649003,5.7649003,5.7649003,5.7649003,2331.48880649
2006-06-25,EGX:CIEB,6.05132673,6.05132673,5.47847365,5.79672524,159900.54080559
2006-06-26,EGX:CIEB,5.69442986,6.08542488,5.51484526,5.8740149,22395.48964872
2006-06-27,EGX:CIEB,6.13770907,6.13770907,5.58076858,5.59895438,24401.44982939
2006-06-28,EGX:CIEB,5.31934786,5.31934786,5.31934786,5.31934786,5762.73648396
2006-06-29,EGX:CIEB,5.05338047,5.05338047,5.05338047,5.05338047,3572.01681296
2006-07-03,EGX:CIEB,4.80105266,4.80105266,4.80105266,4.80105266,989.78298389
2006-07-04,EGX:CIEB,4.56236374,4.56236374,4.56236374,4.56236374,1539.66241938
2006-07-05,EGX:CIEB,4.33504119,4.56236374,4.33504119,4.35095354,130739.33458258
2006-07-06,EGX:CIEB,4.16000259,4.20546733,4.13499756,4.13954356,60750.68003316
2006-07-09,EGX:CIEB,3.93268003,4.26229797,3.93268003,3.98496467,53998.16056532
2006-07-10,EGX:CIEB,4.09180605,4.18273507,4.09180605,4.17136894,17525.757368
2006-07-11,EGX:CIEB,4.37823247,4.37823247,4.37823247,4.37823247,48169.4385491
2006-07-12,EGX:CIEB,4.5919159,4.5964619,4.54645116,4.58964268,49594.7260459
2006-07-13,EGX:CIEB,4.75104147,4.77377372,4.36232012,4.50098643,39837.66534253
2006-07-16,EGX:CIEB,4.27593709,4.53963126,4.27593709,4.29184967,10073.79125821
2006-07-17,EGX:CIEB,4.20546733,4.21001378,4.20546733,4.20774055,7649.92270656
2006-07-18,EGX:CIEB,4.20546733,4.26229797,4.09180605,4.13045088,6818.5050001
2006-07-19,EGX:CIEB,4.20546733,4.21001378,4.0963525,4.16909572,12757.20290341
2006-07-20,EGX:CIEB,4.15772982,4.15772982,4.15772982,4.15772982,1812.40261938
2006-07-24,EGX:CIEB,4.16227581,4.27366387,4.05770766,4.1918282,17728.11300026
2006-07-25,EGX:CIEB,4.09180605,4.09180605,4.09180605,4.09180605,5652.76059686
2006-07-26,EGX:CIEB,4.09180605,4.09180605,3.98041799,4.05543444,3387.25732263
2006-07-27,EGX:CIEB,4.09180605,4.22819958,4.09180605,4.2031941,7456.36514527
2006-07-30,EGX:CIEB,4.24865884,4.41233086,4.23956571,4.38505238,40686.67919093
2006-07-31,EGX:CIEB,4.59873535,4.6032818,4.54645116,4.59873535,25404.42991973
2006-08-01,EGX:CIEB,4.82833114,4.82833114,4.82833114,4.82833114,8529.72980335
2006-08-02,EGX:CIEB,5.06929282,5.06929282,5.06929282,5.06929282,30181.78245529
2006-08-03,EGX:CIEB,5.32162109,5.32162109,4.82151123,5.28070303,31285.94036175
2006-08-06,EGX:CIEB,5.4557414,5.54439697,5.4557414,5.51484526,7561.94199689
2006-08-07,EGX:CIEB,5.78990533,5.78990533,5.68306396,5.78535933,66372.64738163
2006-08-08,EGX:CIEB,6.07405853,6.07405853,6.07405853,6.07405853,16364.41200024
2006-08-09,EGX:CIEB,6.37639753,6.37639753,6.37639753,6.37639753,22861.78741002
2006-08-10,EGX:CIEB,6.69464957,6.69464957,6.0604194,6.50597184,82539.10278509
2006-08-14,EGX:CIEB,6.18090059,6.18090059,6.18090059,6.18090059,6026.67861299
2006-08-15,EGX:CIEB,5.8740149,6.13770907,5.8740149,5.91493297,64947.35988483
2006-08-16,EGX:CIEB,5.8740149,5.8740149,5.61941341,5.6421459,9695.4742066
2006-08-17,EGX:CIEB,5.36026592,5.36026592,5.36026592,5.36026592,14648.78816151
2006-08-20,EGX:CIEB,5.09429853,5.62623332,5.09429853,5.29206938,89740.3238723
2006-08-21,EGX:CIEB,5.54667042,5.55576355,5.54667042,5.55576355,11063.5742421
2006-08-22,EGX:CIEB,5.83082362,5.83309684,5.81945749,5.83082362,24260.68069391
2006-08-23,EGX:CIEB,6.08087843,6.12179649,5.53985097,5.74216782,75069.54053337
2006-08-24,EGX:CIEB,5.4557414,5.4557414,5.4557414,5.4557414,14362.85085505
2006-09-03,EGX:CIEB,3.84857091,4.08271292,3.63943416,3.83038511,14746842.66244421
2006-09-04,EGX:CIEB,3.97814477,4.53508526,3.86675672,4.2031941,17713204.66900751
2006-09-05,EGX:CIEB,4.32140183,5.10111843,4.32140183,4.69648405,30102815.36931357
2006-09-06,EGX:CIEB,4.43733634,4.77377372,4.38732515,4.5669102,15928340.01175526
2006-09-07,EGX:CIEB,4.56009029,4.66011244,4.38959837,4.50780633,12163425.49282853
2006-09-10,EGX:CIEB,4.54417794,4.54645116,4.27366387,4.35777344,8431710.49469907
2006-09-11,EGX:CIEB,4.29866958,4.52371891,4.23956571,4.42596998,8835445.17334376
2006-09-12,EGX:CIEB,4.54190471,4.58736923,4.43278989,4.51462623,5307563.88339796
2006-09-13,EGX:CIEB,4.52144546,4.52144546,4.39414505,4.44642901,4616127.88506837
2006-09-14,EGX:CIEB,4.47825462,4.49189375,4.37595925,4.41687731,5877243.37760317
2006-09-17,EGX:CIEB,4.20546733,4.2713911,3.75536866,4.14181678,10720304.30618135
2006-09-18,EGX:CIEB,4.15318314,4.20546733,4.00769647,4.11226508,5959971.63891408
2006-09-19,EGX:CIEB,4.01224315,4.13727079,4.0099697,4.0872596,5788616.00970831
2006-09-20,EGX:CIEB,4.18273507,4.19864742,4.06907379,4.12817766,4671282.99196596
2006-09-21,EGX:CIEB,4.12590443,4.12590443,3.9872379,4.04179531,3506009.28551967
2006-09-24,EGX:CIEB,4.06907379,4.06907379,3.87584939,3.95313906,1954786.20089024
2006-09-25,EGX:CIEB,3.97814477,4.00087703,3.90994823,3.94404639,1232213.82940535
2006-09-26,EGX:CIEB,3.93949993,3.95541251,3.87357662,3.89176242,2479155.62961091
2006-09-27,EGX:CIEB,3.9190409,3.93268003,3.87584939,3.89858187,1491792.11524145
2006-09-28,EGX:CIEB,3.89858187,3.92131413,3.85311759,3.88039607,2371225.29401254
2006-10-01,EGX:CIEB,3.86675672,3.92131413,3.82129198,3.85766359,2542229.00037959
2006-10-02,EGX:CIEB,3.85084436,3.85766359,3.75082221,3.80083295,2237433.0288041
2006-10-03,EGX:CIEB,3.78492059,3.79628695,3.63716093,3.6962648,1582209.89057827
2006-10-04,EGX:CIEB,3.69399157,3.74854899,3.63488771,3.70081148,2342763.53443147
2006-10-08,EGX:CIEB,3.74627576,4.06225434,3.74627576,3.93722671,6765628.59358407
2006-10-09,EGX:CIEB,3.88039607,3.98041799,3.75536866,3.86448349,3579354.40414333
2006-10-10,EGX:CIEB,3.86448349,3.86448349,3.76673479,3.79628695,2389454.89705797
2006-10-11,EGX:CIEB,3.79401372,3.95541251,3.73945631,3.85539036,3837546.993802
2006-10-12,EGX:CIEB,3.93268003,4.09180605,3.92358736,4.03497541,6483624.02485086
2006-10-15,EGX:CIEB,4.09180605,4.29866958,4.03952186,4.2031941,9385280.61848094
2006-10-16,EGX:CIEB,4.30776271,4.37368602,4.04634131,4.16000259,4666162.51466266
2006-10-17,EGX:CIEB,4.14863669,4.25093207,4.06907379,4.15090991,5718495.38409437
2006-10-18,EGX:CIEB,4.17591562,4.24865884,4.09180605,4.17818839,8572101.31313341
2006-10-19,EGX:CIEB,4.20546733,4.21456046,4.12817766,4.18955475,2696006.08379154
2006-10-22,EGX:CIEB,4.21683323,4.37595925,4.18273507,4.30548948,7485209.62093989
2006-10-29,EGX:CIEB,4.41005763,4.43278989,4.2713911,4.33276773,5888386.13448398
2006-10-30,EGX:CIEB,4.25547806,4.34186086,4.21228723,4.2895769,3037111.69425143
2006-10-31,EGX:CIEB,4.31912861,4.32367506,4.23956571,4.27821055,3609417.41264055
2006-11-01,EGX:CIEB,4.27593709,4.40096495,4.22365313,4.32367506,10028380.01491304
2006-11-02,EGX:CIEB,4.22365313,4.34186086,4.21683323,4.31458216,8283696.14777107
2006-11-05,EGX:CIEB,4.29639635,4.34186086,4.22819958,4.30776271,4881341.33535939
2006-11-06,EGX:CIEB,4.25093207,4.2941229,4.09180605,4.16454927,4028513.52319515
2006-11-07,EGX:CIEB,4.14863669,4.19864742,4.09180605,4.13499756,1556774.66741015
2006-11-08,EGX:CIEB,4.16000259,4.2031941,3.90994823,4.08498614,3294780.79868751
2006-11-09,EGX:CIEB,4.06907379,4.10317195,3.97814477,4.06225434,3360585.97049171
2006-11-12,EGX:CIEB,4.02360951,4.1145383,4.02360951,4.07362024,1165836.78298823
2006-11-13,EGX:CIEB,4.04634131,4.09180605,4.00087703,4.03952186,1534374.77872595
2006-11-14,EGX:CIEB,4.08044015,4.12590443,4.01906283,4.09407927,1968964.29225497
2006-11-15,EGX:CIEB,4.0963525,4.24638539,3.9872379,4.10317195,5962223.94508185
2006-11-16,EGX:CIEB,4.03952186,4.03952186,3.97814477,4.0054237,2820226.04778693
2006-11-19,EGX:CIEB,3.94404639,3.98951067,3.84175123,3.8940352,2901599.40616878
2006-11-20,EGX:CIEB,3.86448349,3.97814477,3.84175123,3.89858187,2185502.41491624
2006-11-21,EGX:CIEB,3.88266929,4.03270218,3.88266929,3.96905164,2010917.89366527
2006-11-22,EGX:CIEB,3.95995896,4.05316121,3.912221,3.96223219,1927732.13266403
2006-11-23,EGX:CIEB,3.92131413,4.02360951,3.89176242,3.97359832,2565935.40260252
2006-11-26,EGX:CIEB,4.02360951,4.07589347,3.95768574,4.0281555,3249875.44446749
2006-11-27,EGX:CIEB,4.07816692,4.08044015,3.98269122,4.0167896,1143881.19688791
2006-11-28,EGX:CIEB,4.05543444,4.05543444,3.87130339,3.94404639,2794773.22847688
2006-11-29,EGX:CIEB,3.90540155,4.00087703,3.82129198,3.88721575,3475616.34936115
2006-11-30,EGX:CIEB,3.95313906,3.96223219,3.87812262,3.91676768,1482901.66452841
2006-12-03,EGX:CIEB,3.89858187,3.95541251,3.85539036,3.88266929,1742233.60437742
2006-12-04,EGX:CIEB,3.86448349,3.86448349,3.81901875,3.84175123,1349584.49515225
2006-12-05,EGX:CIEB,3.80765285,3.87584939,3.74854899,3.78719382,3359560.99522395
2006-12-06,EGX:CIEB,3.79628695,3.88266929,3.79628695,3.85311759,1135043.53460068
2006-12-07,EGX:CIEB,3.86448349,3.86448349,3.63716093,3.74400231,3225658.75412842
2006-12-10,EGX:CIEB,3.68489844,3.78492059,3.68489844,3.74400231,1261898.52085095
2006-12-11,EGX:CIEB,3.75082221,3.76218811,3.64170738,3.7076307,1583155.68320732
2006-12-12,EGX:CIEB,3.71672383,3.78037392,3.6962648,3.7258165,3587505.81689507
2006-12-13,EGX:CIEB,3.70990415,3.86448349,3.70535747,3.79628695,2387550.11469342
2006-12-14,EGX:CIEB,3.77355447,3.83947778,3.69399157,3.73263641,2140610.25780267
2006-12-17,EGX:CIEB,3.68489844,3.81447275,3.68489844,3.77128124,2237120.69728475
2006-12-18,EGX:CIEB,3.79401372,3.79628695,3.67807899,3.71899728,2018730.58068474
2006-12-19,EGX:CIEB,3.74627576,3.74627576,3.63716093,3.67353254,2468580.34830753
2006-12-20,EGX:CIEB,3.63716093,3.65989319,3.58714997,3.61442868,1514007.24443533
2006-12-21,EGX:CIEB,3.59169642,3.63488771,3.52349965,3.56669094,2222256.35638453
2006-12-24,EGX:CIEB,3.63488771,3.63488771,3.46666901,3.51440675,1931110.5919157
2006-12-25,EGX:CIEB,3.52349965,3.52349965,3.4121116,3.44848321,1236054.18738282
2006-12-26,EGX:CIEB,3.42347773,3.58033029,3.4121116,3.49622095,1493256.9940576
2006-12-27,EGX:CIEB,3.47803514,3.67125932,3.47803514,3.60306255,1632754.8082887
2006-12-28,EGX:CIEB,3.63716093,3.72808996,3.63716093,3.69171835,1377329.21194943
2007-01-03,EGX:CIEB,3.64170738,3.74627576,3.6257948,3.67580577,1405276.28437888
2007-01-04,EGX:CIEB,3.63716093,3.7076307,3.59396965,3.64625406,920990.86698783
2007-01-08,EGX:CIEB,3.59169642,3.7076307,3.52577288,3.63488771,1211265.62243084
2007-01-09,EGX:CIEB,3.63716093,3.65989319,3.56896416,3.60078932,1025045.65232486
2007-01-10,EGX:CIEB,3.55532481,3.60078932,3.54623191,3.57123739,889370.5999293
2007-01-11,EGX:CIEB,3.56896416,3.59169642,3.40983837,3.5098603,2749581.9369504
2007-01-14,EGX:CIEB,3.52122643,3.52577288,3.4212045,3.45530289,1485844.61926717
2007-01-15,EGX:CIEB,3.43939031,3.63716093,3.43939031,3.54168546,1952476.70726117
2007-01-16,EGX:CIEB,3.60078932,3.60078932,3.50304062,3.53486578,2143047.32346077
2007-01-17,EGX:CIEB,3.53486578,3.53486578,3.44393676,3.48258159,753985.88387568
2007-01-18,EGX:CIEB,3.46666901,3.50758707,3.43257063,3.45075643,1282732.35290287
2007-01-22,EGX:CIEB,3.42347773,3.45757611,3.40983837,3.42575095,895080.54798745
2007-01-23,EGX:CIEB,3.45757611,3.45757611,3.38937934,3.4121116,1072449.65869975
2007-01-24,EGX:CIEB,3.4212045,3.42802418,3.29845032,3.36437386,2325686.47868283
2007-01-25,EGX:CIEB,3.30072355,3.36437386,3.18478904,3.23934645,1447902.93821822
2007-01-28,EGX:CIEB,3.19842839,3.24843936,2.98019874,3.12341195,1995059.37074568
2007-01-29,EGX:CIEB,2.96883261,3.23934645,2.96883261,3.15296388,2334757.28985071
2007-01-30,EGX:CIEB,3.23934645,3.24616613,3.1279584,3.18706227,1236617.26392477
2007-01-31,EGX:CIEB,3.13932453,3.18251582,3.07340099,3.14387098,778140.98771798
2007-02-01,EGX:CIEB,3.12568518,3.21434097,3.10295292,3.18024259,1189349.62764987
2007-02-04,EGX:CIEB,3.19388194,3.38710612,3.19388194,3.3143629,2585761.85552862
2007-02-05,EGX:CIEB,3.32572903,3.35300773,3.20524807,3.26435194,842045.77619312
2007-02-06,EGX:CIEB,3.23934645,3.67125932,3.20524807,3.52577288,6816054.73733643
2007-02-07,EGX:CIEB,3.68035245,3.68035245,3.52349965,3.59169642,1276978.41448988
2007-02-08,EGX:CIEB,3.58714997,3.58714997,3.46666901,3.53941223,2355881.45824457
2007-02-11,EGX:CIEB,3.51213352,3.607609,3.47803514,3.57123739,1317563.91586468
2007-02-12,EGX:CIEB,3.53713901,3.61442868,3.53713901,3.57578384,1300412.07651281
2007-02-13,EGX:CIEB,3.59169642,3.74854899,3.58033029,3.67580577,5083177.88143335
2007-02-14,EGX:CIEB,3.75082221,3.93268003,3.70535747,3.82583866,4663470.30494649
2007-02-15,EGX:CIEB,3.907675,3.907675,3.78264714,3.82356543,2628850.40809377
2007-02-18,EGX:CIEB,3.9190409,3.9190409,3.79855972,3.84402446,1499961.12413512
2007-02-19,EGX:CIEB,3.85766359,3.86448349,3.75536866,3.78492059,2347941.19919606
2007-02-20,EGX:CIEB,3.75082221,4.06907379,3.75082221,3.91676768,6747460.57703542
2007-02-21,EGX:CIEB,3.88721575,4.0167896,3.79855972,3.92131413,2575688.06427041
2007-02-22,EGX:CIEB,3.93040726,3.95313906,3.81901875,3.87130339,1777043.1721618
2007-02-25,EGX:CIEB,3.84175123,4.00087703,3.83493178,3.93949993,3721641.20687125
2007-02-26,EGX:CIEB,3.94631984,4.12817766,3.89858187,4.07362024,4694307.54368888
2007-02-27,EGX:CIEB,4.09180605,4.11908498,4.0099697,4.05770766,8221960.08378951
2007-02-28,EGX:CIEB,3.9917839,4.08271292,3.75082221,3.90312832,4208165.73332361
2007-03-01,EGX:CIEB,3.77355447,3.96677887,3.77355447,3.8894892,3966240.77688455
2007-03-04,EGX:CIEB,3.93268003,3.95313906,3.83493178,3.86221026,1020211.11232801
2007-03-05,EGX:CIEB,3.92131413,3.92131413,3.6962648,3.76446134,1667018.89567308
2007-03-06,EGX:CIEB,3.81674598,3.87584939,3.77355447,3.85084436,962025.06998199
2007-03-07,EGX:CIEB,3.88494252,3.98951067,3.85084436,3.93949993,2407310.58208727
2007-03-08,EGX:CIEB,3.98951067,4.08044015,3.97359832,4.03952186,2765295.29169902
2007-03-11,EGX:CIEB,4.04861453,4.08044015,3.99405735,4.05088799,1182979.82426913
2007-03-12,EGX:CIEB,3.8894892,4.02360951,3.8894892,3.96677887,874796.59537102
2007-03-13,EGX:CIEB,3.93268003,4.34186086,3.92813403,4.21228723,11476397.32805384
2007-03-14,EGX:CIEB,4.21228723,4.29639635,4.07362024,4.18728152,3861548.13140235
2007-03-15,EGX:CIEB,4.20546733,4.45552214,4.20546733,4.33958764,7317157.66738256
2007-03-18,EGX:CIEB,4.47143472,4.6032818,4.43278989,4.51689946,5133538.03965345
2007-03-19,EGX:CIEB,4.50098643,4.54645116,4.27821055,4.38277915,6358317.49909094
2007-03-20,EGX:CIEB,4.31685538,4.37595925,4.10317195,4.24638539,3789513.9253529
2007-03-21,EGX:CIEB,4.1145383,4.31003548,4.0099697,4.19864742,3551842.8362268
2007-03-22,EGX:CIEB,4.31003548,4.3123087,4.09180605,4.16227581,3841391.75081496
2007-03-25,EGX:CIEB,4.14181678,4.18273507,4.06907379,4.10999185,1231932.29113437
2007-03-26,EGX:CIEB,4.09180605,4.22592636,4.09180605,4.16000259,2098652.25735689
2007-03-27,EGX:CIEB,4.22819958,4.34186086,4.11908498,4.25320484,4372452.11250669
2007-03-28,EGX:CIEB,4.25093207,4.31912861,4.18728152,4.25093207,1699382.59972839
2007-03-29,EGX:CIEB,4.1850083,4.24865884,4.13954356,4.18955475,1332929.74681006
2007-04-02,EGX:CIEB,4.20546733,4.23274626,4.16227581,4.18955475,1015794.48070214
2007-04-03,EGX:CIEB,4.20546733,4.2713911,4.1145383,4.16682249,1380531.70978174
2007-04-04,EGX:CIEB,4.0963525,4.17136894,4.0963525,4.12817766,1594901.10794943
2007-04-05,EGX:CIEB,4.14636346,4.16909572,4.12590443,4.15090991,926436.87291695
2007-04-10,EGX:CIEB,4.18273507,4.19410143,4.10771863,4.15545659,1543282.82558092
2007-04-11,EGX:CIEB,4.18046162,4.20546733,4.02588228,4.11908498,3000304.96435734
2007-04-12,EGX:CIEB,3.98269122,4.08044015,3.98269122,4.03952186,1236903.20123122
2007-04-15,EGX:CIEB,4.02588228,4.05770766,3.98951067,4.02133628,397347.27912201
2007-04-16,EGX:CIEB,4.02360951,4.11226508,4.02360951,4.07589347,1170622.93359476
2007-04-17,EGX:CIEB,4.05543444,4.08953282,3.9917839,4.03724863,1118234.82001656
2007-04-18,EGX:CIEB,4.06907379,4.08953282,3.99405735,4.03497541,717869.80255257
2007-04-19,EGX:CIEB,3.98041799,4.06907379,3.85311759,3.92358736,2975151.27946019
2007-04-22,EGX:CIEB,3.88039607,3.98496467,3.88039607,3.96677887,2044152.6067464
2007-04-23,EGX:CIEB,3.89858187,3.95313906,3.86448349,3.89630842,864749.19832571
2007-04-24,EGX:CIEB,3.94859306,3.94859306,3.89176242,3.92131413,876477.02692588
2007-04-26,EGX:CIEB,3.92131413,4.03497541,3.91449423,3.96450564,879327.60191947
2007-04-29,EGX:CIEB,4.02360951,4.13499756,3.95541251,4.05770766,1840996.35002727
2007-04-30,EGX:CIEB,4.05998112,4.1145383,3.98041799,4.04406854,1440587.34220843
2007-05-02,EGX:CIEB,4.02360951,4.16000259,4.02360951,4.10771863,3616667.02311808
2007-05-03,EGX:CIEB,4.13727079,4.25093207,4.10771863,4.19410143,3084625.67651343
2007-05-06,EGX:CIEB,4.22137991,4.33049451,4.18273507,4.2713911,2727956.27851137
2007-05-07,EGX:CIEB,4.16909572,4.27366387,4.16909572,4.21456046,2343858.89426697
2007-05-08,EGX:CIEB,4.29639635,4.29639635,4.20546733,4.24411216,785223.43484711
2007-05-09,EGX:CIEB,4.21001378,4.26229797,4.14863669,4.18273507,798420.54129892
2007-05-10,EGX:CIEB,4.12817766,4.19410143,4.05088799,4.08953282,1831138.11150777
2007-05-13,EGX:CIEB,4.14863669,4.14863669,4.02588228,4.07589347,2445546.99851364
2007-05-14,EGX:CIEB,4.05316121,4.13499756,4.04634131,4.07816692,700313.25193618
2007-05-15,EGX:CIEB,4.09180605,4.09407927,3.94404639,4.0054237,904208.54661662
2007-05-16,EGX:CIEB,4.01224315,4.02360951,3.84629769,3.90994823,2600463.43211593
2007-05-17,EGX:CIEB,3.81901875,3.93268003,3.78946705,3.87812262,1325112.66075511
2007-05-20,EGX:CIEB,3.92813403,3.93268003,3.86448349,3.88494252,613207.95031876
2007-05-21,EGX:CIEB,3.90312832,3.90312832,3.81447275,3.85766359,806202.43507
2007-05-22,EGX:CIEB,3.86221026,3.86448349,3.73263641,3.78719382,786785.09244391
2007-05-23,EGX:CIEB,3.83947778,3.86448349,3.72808996,3.82129198,1030509.25439591
2007-05-24,EGX:CIEB,3.81901875,3.88721575,3.78264714,3.82583866,991221.46848887
2007-05-27,EGX:CIEB,3.75536866,3.87584939,3.75536866,3.84629769,254105.88569409
2007-05-28,EGX:CIEB,3.82129198,3.92131413,3.82129198,3.86221026,1164811.80772048
2007-05-29,EGX:CIEB,3.87584939,3.8940352,3.81901875,3.85539036,1325706.53054544
2007-05-30,EGX:CIEB,3.85766359,3.88721575,3.78719382,3.82129198,1032950.71908949
2007-05-31,EGX:CIEB,3.78946705,3.86221026,3.74400231,3.76673479,1651573.88208898
2007-06-03,EGX:CIEB,3.83947778,3.83947778,3.77582792,3.81447275,1052953.13343495
2007-06-04,EGX:CIEB,3.80765285,3.86675672,3.75536866,3.8031064,1556783.46548112
2007-06-05,EGX:CIEB,3.79855972,3.83038511,3.75082221,3.78264714,713809.49280089
2007-06-06,EGX:CIEB,3.79628695,3.98951067,3.77355447,3.8940352,3050066.85375162
2007-06-07,EGX:CIEB,3.84175123,3.84175123,3.78492059,3.79628695,532797.98070789
2007-06-10,EGX:CIEB,3.77355447,3.95313906,3.75536866,3.87357662,1283955.2847674
2007-06-11,EGX:CIEB,3.93495326,3.9986038,3.88721575,3.94177316,1857219.99289202
2007-06-12,EGX:CIEB,3.89858187,3.89858187,3.85084436,3.86675672,2202509.08609714
2007-06-13,EGX:CIEB,3.86448349,3.86448349,3.79628695,3.83947778,719079.53731065
2007-06-14,EGX:CIEB,3.86221026,3.95541251,3.83947778,3.89858187,4450543.79041753
2007-06-17,EGX:CIEB,3.95541251,3.98951067,3.912221,3.95086583,2069574.63280807
2007-06-18,EGX:CIEB,3.95541251,4.03497541,3.94177316,3.99405735,3746530.94963936
2007-06-19,EGX:CIEB,3.99405735,4.03497541,3.92813403,3.95541251,543320.47358547
2007-06-20,EGX:CIEB,3.93495326,4.04634131,3.93495326,4.0099697,2834910.02823231
2007-06-21,EGX:CIEB,3.97814477,4.03270218,3.92131413,4.0167896,1257583.06704121
2007-06-24,EGX:CIEB,4.03497541,4.10317195,4.01451638,4.06680034,1635359.03729519
2007-06-25,EGX:CIEB,4.03497541,4.05770766,4.0054237,4.02133628,1149863.88514606
2007-06-26,EGX:CIEB,4.00087703,4.04406854,4.00087703,4.02133628,563600.02716641
2007-06-27,EGX:CIEB,4.03497541,4.04406854,3.86221026,3.8940352,3038497.39042887
2007-06-28,EGX:CIEB,3.93040726,3.93040726,3.86448349,3.88721575,854820.57523847
2007-07-02,EGX:CIEB,3.94404639,3.97587154,3.83038511,3.86221026,1285750.09124485
2007-07-03,EGX:CIEB,3.84175123,3.86448349,3.83265856,3.84857091,1669733.10056666
2007-07-04,EGX:CIEB,3.85993704,3.92131413,3.84175123,3.88039607,1722886.64631907
2007-07-05,EGX:CIEB,3.86448349,3.93040726,3.86448349,3.90540155,409550.20355445
2007-07-08,EGX:CIEB,3.88039607,3.90994823,3.87584939,3.9008551,605694.3977122
2007-07-09,EGX:CIEB,3.88494252,3.95313906,3.88494252,3.92131413,467036.79925853
2007-07-10,EGX:CIEB,3.92131413,3.94404639,3.88721575,3.91676768,2170110.18975795
2007-07-11,EGX:CIEB,3.94404639,3.95768574,3.88721575,3.91449423,1894814.15013774
2007-07-12,EGX:CIEB,3.94404639,4.12817766,3.93268003,4.06680034,5682115.36064222
2007-07-15,EGX:CIEB,4.09862595,4.20546733,4.09862595,4.16909572,2256392.87173987
2007-07-16,EGX:CIEB,4.12590443,4.12590443,3.96677887,4.01224315,1855438.38352103
2007-07-17,EGX:CIEB,3.98951067,4.08498614,3.95541251,4.04179531,367886.93848609
2007-07-18,EGX:CIEB,4.04634131,4.04634131,3.93268003,3.96677887,1746025.57296457
2007-07-19,EGX:CIEB,3.94631984,4.06907379,3.93495326,4.02360951,2204189.517652
2007-07-22,EGX:CIEB,3.96905164,4.07816692,3.96905164,4.01906283,268112.41467494
2007-07-24,EGX:CIEB,4.00769647,4.06680034,3.98496467,4.02360951,406475.27775118
2007-07-25,EGX:CIEB,3.98269122,4.06680034,3.96905164,3.98951067,433225.812529
2007-07-26,EGX:CIEB,4.00087703,4.00087703,3.96450564,3.98269122,476582.70625867
2007-07-29,EGX:CIEB,3.93722671,4.03270218,3.8894892,3.93495326,1257926.19180895
2007-07-30,EGX:CIEB,3.89858187,3.9986038,3.88039607,3.912221,1385643.38901407
2007-07-31,EGX:CIEB,3.98041799,3.9986038,3.8940352,3.94631984,871572.1023613
2007-08-01,EGX:CIEB,3.91676768,3.96677887,3.89858187,3.93040726,384145.77363472
2007-08-02,EGX:CIEB,3.93268003,3.96905164,3.86448349,3.90312832,1424860.79035336
2007-08-05,EGX:CIEB,3.85766359,3.93268003,3.85539036,3.8894892,546764.91836939
2007-08-06,EGX:CIEB,3.88039607,3.90994823,3.84175123,3.86902994,1673762.61706995
2007-08-07,EGX:CIEB,3.84175123,3.86448349,3.84175123,3.86221026,1821257.87781084
2007-08-08,EGX:CIEB,3.86448349,3.9008551,3.83720456,3.85766359,1607108.43141735
2007-08-09,EGX:CIEB,3.84175123,3.9190409,3.84175123,3.86448349,603010.986067
2007-08-12,EGX:CIEB,3.85311759,3.86448349,3.80992608,3.83493178,754843.69579505
2007-08-13,EGX:CIEB,3.81901875,3.84857091,3.78946705,3.81447275,179669.8062704
2007-08-14,EGX:CIEB,3.95313906,4.12590443,3.92586058,4.03270218,4262735.76850184
2007-08-15,EGX:CIEB,3.98269122,3.98269122,3.88721575,3.9190409,541002.18188543
2007-08-16,EGX:CIEB,3.87130339,3.87584939,3.73718308,3.77582792,1318298.55479049
2007-08-19,EGX:CIEB,3.86448349,3.86448349,3.77582792,3.81674598,408749.57909638
2007-08-20,EGX:CIEB,3.83720456,3.84175123,3.73036318,3.76900802,1028010.60224103
2007-08-21,EGX:CIEB,3.75082221,3.76218811,3.68489844,3.7258165,186044.00868663
2007-08-22,EGX:CIEB,3.77355447,3.88721575,3.70990415,3.81674598,613172.75803489
2007-08-23,EGX:CIEB,3.79628695,3.85993704,3.75082221,3.82129198,492230.07547503
2007-08-26,EGX:CIEB,3.86221026,3.96677887,3.84175123,3.91449423,1433086.98670832
2007-08-27,EGX:CIEB,3.91449423,3.99633057,3.91449423,3.96677887,1175285.91120773
2007-08-28,EGX:CIEB,4.00087703,4.00087703,3.81901875,3.90994823,637178.29467073
2007-08-29,EGX:CIEB,3.78946705,3.91449423,3.78492059,3.84629769,879683.92379367
2007-08-30,EGX:CIEB,3.83947778,3.89858187,3.77582792,3.81901875,1108191.82200674
2007-09-02,EGX:CIEB,3.82129198,3.86448349,3.81901875,3.84402446,301545.08435285
2007-09-03,EGX:CIEB,3.86221026,3.95541251,3.86221026,3.912221,1736158.5363741
2007-09-04,EGX:CIEB,3.93305096,4.10065955,3.92845941,4.04096327,2775272.14142116
2007-09-05,EGX:CIEB,4.01800326,4.0776993,3.990451,4.02718749,1809153.5862948
2007-09-06,EGX:CIEB,4.00652348,4.08229154,3.99504324,4.03866727,1653430.71596247
2007-09-09,EGX:CIEB,4.1075471,4.41980358,4.1075471,4.25908322,14026656.75256725
2007-09-10,EGX:CIEB,4.21086741,4.21086741,4.11213933,4.14657913,1486274.92806505
2007-09-11,EGX:CIEB,4.15346737,4.17642761,4.00652348,4.05933129,4345092.29795616
2007-09-12,EGX:CIEB,4.09836332,4.15117136,4.04096327,4.07999531,3718302.73616179
2007-09-13,EGX:CIEB,4.10984333,4.11673134,4.04325951,4.06851507,2580977.87377208
2007-09-16,EGX:CIEB,4.13050735,4.1924994,4.0731073,4.12591511,2639470.85773369
2007-09-17,EGX:CIEB,4.13280335,4.13280335,4.00193124,4.04096327,1953199.63682065
2007-09-18,EGX:CIEB,4.04096327,4.08458754,4.02489149,4.05014705,1341823.82560261
2007-09-19,EGX:CIEB,4.10984333,4.17642761,4.08688308,4.13509935,3497950.12725863
2007-09-20,EGX:CIEB,4.13280335,4.13280335,4.06392352,4.08229154,753697.1244655
2007-09-23,EGX:CIEB,4.08688308,4.14887536,4.06392352,4.08458754,650304.35110254
2007-09-24,EGX:CIEB,4.10984333,4.18331516,4.0754033,4.13509935,2171143.7110901
2007-09-25,EGX:CIEB,4.10984333,4.18790739,4.10984333,4.13280335,706706.74442367
2007-09-26,EGX:CIEB,4.13739535,4.13739535,4.09377132,4.11443533,364019.73987542
2007-09-27,EGX:CIEB,4.12132357,4.13280335,4.09147532,4.11213933,553505.64905141
2007-09-30,EGX:CIEB,4.13280335,4.13280335,4.0754033,4.11902757,1127298.73810977
2007-10-01,EGX:CIEB,4.13280335,4.16494715,4.08917908,4.13739535,1146270.84817207
2007-10-02,EGX:CIEB,4.16724338,4.21086741,4.13509935,4.18101916,2030899.92229161
2007-10-03,EGX:CIEB,4.18101916,4.33485128,4.14887536,4.24989944,4350153.26946498
2007-10-04,EGX:CIEB,4.24760344,4.30270749,4.22693943,4.26367545,1862629.15271927
2007-10-08,EGX:CIEB,4.26826746,4.50245988,4.24530744,4.40143557,5926184.22236105
2007-10-09,EGX:CIEB,4.52312389,4.79864389,4.48638786,4.66088355,9529517.53948826
2007-10-10,EGX:CIEB,4.58970772,4.64251553,4.53460367,4.57363571,3022188.31764985
2007-10-11,EGX:CIEB,4.59200372,4.64940377,4.58052394,4.61496374,2793586.58651115
2007-10-16,EGX:CIEB,4.65399577,4.92033199,4.62185152,4.80782813,5656241.06130698
2007-10-17,EGX:CIEB,4.83308369,5.21192445,4.80323589,4.931812,8098464.69211191
2007-10-18,EGX:CIEB,5.16370818,5.29228406,4.9387,5.12697215,12542546.45689454
2007-10-21,EGX:CIEB,4.9387,4.95936402,4.7710921,4.87670795,4909847.93789163
2007-10-22,EGX:CIEB,4.97773203,5.02365184,4.59659572,4.81241967,4583659.17781446
2007-10-23,EGX:CIEB,4.74124384,4.92033199,4.71139582,4.83308369,4506912.72432321
2007-10-24,EGX:CIEB,4.87900395,5.01676407,4.82160391,4.931812,4330388.47711816
2007-10-25,EGX:CIEB,4.91344398,4.99150804,4.85604393,4.9042602,2868961.08989459
2007-10-28,EGX:CIEB,4.85604393,4.98461981,4.85604393,4.92492422,1557546.64731655
2007-10-29,EGX:CIEB,4.934108,5.02824407,4.86981972,4.91803599,2010198.71955375
2007-10-30,EGX:CIEB,4.90655621,5.02824407,4.89048373,4.95017978,4537400.5044968
2007-10-31,EGX:CIEB,4.97084403,4.97084403,4.86981972,4.91344398,2159619.33018448
2007-11-01,EGX:CIEB,4.92492422,5.15681995,4.89048373,5.06038833,8983006.6582881
2007-11-04,EGX:CIEB,5.05120409,5.28080428,5.05120409,5.19814798,7342128.19696281
2007-11-05,EGX:CIEB,5.23488401,5.25554803,5.02824407,5.10630814,4993946.30180188
2007-11-06,EGX:CIEB,5.0557961,5.15452441,4.936404,5.03742831,4440096.57637422
2007-11-07,EGX:CIEB,5.09482836,5.20044421,5.00757983,5.12467615,6758761.94492995
2007-11-08,EGX:CIEB,5.09712436,5.16600419,5.03283608,5.08794012,3973485.45621469
2007-11-11,EGX:CIEB,5.09023612,5.39560437,5.07646034,5.27850828,6911166.00262053
2007-11-12,EGX:CIEB,5.41626839,5.50351623,5.3037643,5.39790037,8001957.80167101
2007-11-13,EGX:CIEB,5.4300444,5.44152464,5.25784426,5.34968411,6728648.72891279
2007-11-14,EGX:CIEB,5.39560437,5.53336448,5.36575658,5.45989265,7648643.62803369
2007-11-15,EGX:CIEB,5.41626839,5.49433245,5.34050033,5.42086062,2742336.62803936
2007-11-18,EGX:CIEB,5.41856439,5.52877248,5.40708415,5.48974045,2461330.75817944
2007-11-19,EGX:CIEB,5.44152464,5.50810846,5.36116434,5.45300442,4189617.68526239
2007-11-20,EGX:CIEB,5.45989265,5.45989265,5.33131609,5.38871614,2327093.06207515
2007-11-21,EGX:CIEB,5.39560437,5.45530042,5.37034812,5.40708415,1972990.56155047
2007-11-22,EGX:CIEB,5.4644842,5.48055667,5.37723636,5.41856439,2547606.82067351
2007-11-25,EGX:CIEB,5.42086062,5.76296467,5.42086062,5.60224454,3990493.28215438
2007-11-26,EGX:CIEB,5.71704463,5.80888448,5.55632473,5.66194059,2562911.68632065
2007-11-27,EGX:CIEB,5.66653259,5.68719661,5.55632473,5.61602032,3191569.71349995
2007-11-28,EGX:CIEB,5.62520456,5.95123682,5.57928429,5.78592492,6327534.07136045
2007-11-29,EGX:CIEB,5.92368457,6.14180498,5.86169298,6.0132291,6154995.0125638
2007-12-02,EGX:CIEB,6.02700488,6.2106848,6.00174863,6.09358917,3902396.66364422
2007-12-03,EGX:CIEB,6.0499649,6.19920502,5.90072501,5.98567685,4412627.08643782
2007-12-04,EGX:CIEB,6.02470888,6.15328476,5.97419684,6.07062915,2862471.54811478
2007-12-05,EGX:CIEB,6.08440493,6.16246899,6.03848466,6.11425272,2112607.17315682
2007-12-06,EGX:CIEB,6.164765,6.2106848,6.05685268,6.15098921,2961474.08113274
2007-12-09,EGX:CIEB,6.14410098,6.42880521,6.09358917,6.30252534,4670205.27493293
2007-12-10,EGX:CIEB,6.38288494,6.40354896,6.08440493,6.25201307,5758231.39678195
2007-12-11,EGX:CIEB,6.31170911,6.31170911,6.06144491,6.18542924,4175210.03143179
2007-12-12,EGX:CIEB,6.17394877,6.18542924,5.99026885,6.0430769,1914279.80773049
2007-12-13,EGX:CIEB,5.99715709,6.09588471,5.96960484,6.02700488,1514785.35792451
2007-12-16,EGX:CIEB,5.99486109,6.15328476,5.99486109,6.0775167,412926.49467102
2007-12-17,EGX:CIEB,6.0430769,6.19461302,6.0430769,6.1303252,608719.01894578
2007-12-23,EGX:CIEB,6.19690902,6.25660507,6.19690902,6.21757304,476602.40126213
2007-12-24,EGX:CIEB,6.22216504,6.23594105,6.18772524,6.20838926,972934.75169374
2007-12-25,EGX:CIEB,6.19920502,6.31170911,6.10736495,6.22216504,1303984.13501002
2007-12-26,EGX:CIEB,6.19920502,6.25660507,6.08670093,6.15787699,269111.28019506
2007-12-27,EGX:CIEB,6.15328476,6.26808485,6.08440493,6.20609326,1810272.92336689
2007-12-30,EGX:CIEB,6.18772524,6.19920502,5.93516481,6.02470888,1098688.13411544
2007-12-31,EGX:CIEB,5.94894082,6.07292515,5.88006099,5.97419684,992246.58273512
2008-01-02,EGX:CIEB,5.97649307,6.08210893,5.97190084,6.0155251,610748.6340259
2008-01-03,EGX:CIEB,5.98108462,6.08440493,5.96960484,6.04078067,622660.64527944
2008-01-06,EGX:CIEB,6.08440493,6.164765,6.01782065,6.07981293,348584.21231325
2008-01-08,EGX:CIEB,6.10736495,6.176245,6.0476689,6.10966118,988540.13974545
2008-01-10,EGX:CIEB,6.08440493,6.08670093,5.97419684,6.03159689,755077.78536765
2008-01-13,EGX:CIEB,6.02700488,6.45176523,6.02700488,6.15787699,23526505.32654945
2008-01-14,EGX:CIEB,6.45176523,6.5390133,6.21986904,6.34844514,1807860.03333601
2008-01-15,EGX:CIEB,6.25660507,6.45176523,6.25660507,6.39666141,1147337.92047815
2008-01-16,EGX:CIEB,6.40814119,6.41043719,6.09129317,6.19231679,1432320.26795214
2008-01-17,EGX:CIEB,6.176245,6.31630112,6.08210893,6.21986904,937581.99288389
2008-01-20,EGX:CIEB,6.30252534,6.30252534,5.85480474,5.97649307,1187268.20171121
2008-01-21,EGX:CIEB,5.85710075,5.85710075,5.48974045,5.62979656,1540334.11770998
2008-01-22,EGX:CIEB,5.39560437,5.50810846,5.29228406,5.36346058,1473648.63167601
2008-01-23,EGX:CIEB,5.50581246,5.7974047,5.40938015,5.60913255,1192895.37485182
2008-01-24,EGX:CIEB,5.59994831,5.74000465,5.34968411,5.51270047,1775930.61669993
2008-01-27,EGX:CIEB,5.6803086,5.69408438,5.39560437,5.52647648,371018.86312384
2008-01-28,EGX:CIEB,5.45759642,5.51040447,5.31524431,5.39330837,496258.30867976
2008-01-29,EGX:CIEB,5.39790037,5.55632473,5.25784426,5.44382018,2666199.93015158
2008-01-30,EGX:CIEB,5.48285221,5.50810846,5.16600419,5.31524431,1462864.6682889
2008-01-31,EGX:CIEB,5.33590832,5.46907643,5.28310028,5.37494036,1723313.06351749
2008-02-03,EGX:CIEB,5.48514822,5.7124524,5.37264435,5.56550851,1971187.42712306
2008-02-04,EGX:CIEB,5.73311642,6.02700488,5.59535676,5.83184473,2746448.12296562
2008-02-05,EGX:CIEB,5.99486109,6.00174863,5.7675569,5.86398898,2119863.26483813
2008-02-06,EGX:CIEB,5.76296467,5.76296467,5.65964459,5.71704463,1613487.36853791
2008-02-07,EGX:CIEB,5.74000465,5.84332496,5.51040447,5.58387652,1108261.29708995
2008-02-10,EGX:CIEB,5.39790037,5.70556462,5.39790037,5.51499647,528836.67949382
2008-02-11,EGX:CIEB,5.51270047,5.55862027,5.28998852,5.37264435,1304990.23175575
2008-02-12,EGX:CIEB,5.42086062,5.49892469,5.21192445,5.29917229,1465421.28642631
2008-02-13,EGX:CIEB,5.39560437,5.47366844,5.35198011,5.38871614,687090.03558056
2008-02-14,EGX:CIEB,5.45300442,5.59994831,5.45300442,5.52647648,2052489.62605168
2008-02-17,EGX:CIEB,5.57928429,5.76066867,5.51040447,5.6780126,1442089.42379919
2008-02-18,EGX:CIEB,5.69408438,5.75607666,5.57469275,5.6803086,521066.65094672
2008-02-19,EGX:CIEB,5.55632473,5.73082041,5.55632473,5.69408438,491628.52149054
2008-02-20,EGX:CIEB,5.60454054,5.70326862,5.56780451,5.62290856,463819.31057507
2008-02-21,EGX:CIEB,5.69867662,5.73770865,5.62520456,5.68490061,2122106.29437947
2008-02-24,EGX:CIEB,5.71704463,5.91450079,5.71015686,5.7675569,851475.79087935
2008-02-25,EGX:CIEB,5.74000465,5.74000465,5.60224454,5.69408438,517260.03382219
2008-02-26,EGX:CIEB,5.77674068,5.77903668,5.64816458,5.70097262,532486.50232031
2008-02-27,EGX:CIEB,5.74000465,5.91220479,5.52418025,5.69638039,1604645.91228757
2008-02-28,EGX:CIEB,5.71704463,5.79281269,5.60454054,5.69638039,898988.8185813
2008-03-02,EGX:CIEB,5.63898034,5.66882882,5.53336448,5.57928429,895574.18720186
2008-03-03,EGX:CIEB,5.54714049,5.64816458,5.33820433,5.47366844,1370417.00800826
2008-03-04,EGX:CIEB,5.51040447,5.69408438,5.51040447,5.64586857,720025.54896236
2008-03-05,EGX:CIEB,5.56780451,5.85480474,5.56780451,5.75607666,2468268.90586751
2008-03-06,EGX:CIEB,5.78592492,5.82954849,5.61372478,5.69867662,601310.48836359
2008-03-09,EGX:CIEB,5.74000465,5.7974047,5.64586857,5.73541265,836597.75415464
2008-03-10,EGX:CIEB,5.74000465,5.80888448,5.64816458,5.72163664,605983.82952449
2008-03-11,EGX:CIEB,5.62520456,5.74000465,5.62520456,5.67342037,536018.72942328
2008-03-12,EGX:CIEB,5.6826046,5.78133268,5.64586857,5.69638039,1122159.36945193
2008-03-13,EGX:CIEB,5.6826046,5.71704463,5.50581246,5.53795672,2637515.28440541
2008-03-16,EGX:CIEB,5.6826046,5.6826046,5.48744445,5.52418025,533719.07971876
2008-03-17,EGX:CIEB,5.5172927,5.5172927,5.28080428,5.42545217,1058901.58098891
2008-03-18,EGX:CIEB,5.37264435,5.43693241,5.1866682,5.24636425,957529.71191175
2008-03-19,EGX:CIEB,5.50351623,5.51040447,4.85604393,4.89277974,12813478.29310567
2008-03-23,EGX:CIEB,5.1889642,5.31294808,5.08564412,5.22340423,458039.69853359
2008-03-24,EGX:CIEB,5.22340423,5.28080428,4.83767592,5.0557961,1139650.64447724
2008-03-25,EGX:CIEB,5.05350009,5.28080428,5.02824407,5.17748397,2350407.5031136
2008-03-26,EGX:CIEB,5.1889642,5.39560437,5.07646034,5.22799624,1952807.65107556
2008-03-27,EGX:CIEB,5.14534017,5.45300442,5.14534017,5.34968411,1562938.62901011
2008-03-30,EGX:CIEB,5.29458006,5.39330837,5.25784426,5.30606053,513026.58777523
2008-03-31,EGX:CIEB,5.30835653,5.62290856,5.28080428,5.48514822,1935359.93002194
2008-04-01,EGX:CIEB,5.62290856,5.64816458,5.34050033,5.5195887,2551256.64350001
2008-04-02,EGX:CIEB,5.61142878,5.61372478,5.4346364,5.50351623,869285.00989789
2008-04-03,EGX:CIEB,5.4346364,5.4346364,5.31294808,5.35198011,836471.44763678
2008-04-06,EGX:CIEB,5.31983631,5.49892469,5.31983631,5.42086062,161367.46506161
2008-04-07,EGX:CIEB,5.47596444,5.47596444,5.28080428,5.32442854,792207.54622191
2008-04-08,EGX:CIEB,5.28310028,5.38871614,5.28310028,5.31524431,428331.53445301
2008-04-09,EGX:CIEB,5.30835653,5.40708415,5.30835653,5.36805212,383780.17682507
2008-04-10,EGX:CIEB,5.35198011,5.46218866,5.34968411,5.37723636,286071.1967659
2008-04-13,EGX:CIEB,5.37494036,5.51040447,5.32442854,5.4323404,564995.18677969
2008-04-14,EGX:CIEB,5.45300442,5.51040447,5.28539628,5.45989265,489646.81577926
2008-04-15,EGX:CIEB,5.25554803,5.27850828,5.07186811,5.14993217,610561.35194769
2008-04-16,EGX:CIEB,5.06268387,5.14304417,5.03972431,5.08105189,472747.87476876
2008-04-17,EGX:CIEB,5.10860414,5.2670285,5.02594784,5.14074794,570522.18578544
2008-04-20,EGX:CIEB,5.24406825,5.26473227,5.13156416,5.19355644,420448.26557956
2008-04-21,EGX:CIEB,5.11319614,5.37264435,5.10860414,5.26243626,1188243.81067676
2008-04-22,EGX:CIEB,5.36805212,5.46218866,5.28080428,5.35657234,675408.86037691
2008-04-23,EGX:CIEB,5.32902009,5.36116434,5.29228406,5.33361232,456632.90524844
2008-04-24,EGX:CIEB,5.29228406,5.36805212,5.28080428,5.3014683,386981.3937433
2008-04-29,EGX:CIEB,5.33820433,5.60913255,5.33820433,5.52418025,1313165.31223944
2008-04-30,EGX:CIEB,5.45300442,5.56780451,5.41626839,5.47137243,787917.48001177
2008-05-04,EGX:CIEB,5.45530042,5.56780451,5.39790037,5.47137243,177142.71360286
2008-05-05,EGX:CIEB,5.33820433,5.49892469,5.33820433,5.38642014,355552.8477815
2008-05-06,EGX:CIEB,5.38412459,5.48974045,5.28080428,5.33590832,884650.85110538
2008-05-07,EGX:CIEB,5.29458006,5.29458006,5.20274022,5.25554803,226197.55190215
2008-05-08,EGX:CIEB,5.216516,5.29228406,5.09712436,5.17289242,422560.63320587
2008-05-11,EGX:CIEB,5.31983631,5.31983631,4.98461981,5.05120409,629934.15854942
2008-05-12,EGX:CIEB,5.05120409,5.09482836,4.84456393,4.99610005,869807.65755801
2008-05-13,EGX:CIEB,4.82849214,5.02824407,4.13280335,4.72976383,644603.13621008
2008-05-14,EGX:CIEB,4.86752417,4.92262822,4.64940377,4.73665161,989698.67539205
2008-05-15,EGX:CIEB,4.64940377,4.76190786,4.53460367,4.62185152,919838.10482286
2008-05-18,EGX:CIEB,4.82160391,4.84456393,4.70680381,4.75501962,312382.15105571
2008-05-19,EGX:CIEB,4.71828359,4.79864389,4.64940377,4.6907318,331789.80083478
2008-05-20,EGX:CIEB,4.70680381,4.79634766,4.6838438,4.71828359,170701.0811919
2008-05-21,EGX:CIEB,4.71828359,4.76190786,4.63792399,4.66547578,302403.93614461
2008-05-22,EGX:CIEB,4.64940377,4.75961186,4.64940377,4.70680381,813157.00659833
2008-05-25,EGX:CIEB,4.79634766,5.1017159,4.79634766,4.89277974,1174454.62324396
2008-05-26,EGX:CIEB,5.04890809,5.16370818,4.82849214,5.02824407,1090081.86931216
2008-05-27,EGX:CIEB,4.9685478,5.09253213,4.9685478,5.03742831,330565.93423067
2008-05-28,EGX:CIEB,5.05120409,5.06268387,4.84226792,4.931812,434681.70352346
2008-05-29,EGX:CIEB,4.85604393,4.95936402,4.73206006,4.80093989,1163531.28714749
2008-06-01,EGX:CIEB,4.9042602,4.9042602,4.78486788,4.81930791,308706.19584621
2008-06-02,EGX:CIEB,4.82160391,4.82160391,4.70909982,4.72976383,388823.72674522
2008-06-03,EGX:CIEB,4.74124384,4.79864389,4.65169977,4.7205796,113841.37116816
2008-06-04,EGX:CIEB,4.79405166,4.92492422,4.7733881,4.83308369,435831.52837572
2008-06-05,EGX:CIEB,4.80093989,4.9042602,4.74124384,4.79175611,396375.98543393
2008-06-08,EGX:CIEB,4.84456393,4.95936402,4.77568364,4.84915616,697146.64764067
2008-06-09,EGX:CIEB,4.84226792,4.934108,4.59200372,4.6884358,1203631.42887008
2008-06-10,EGX:CIEB,4.79405166,4.79405166,4.62644375,4.68154756,183819.53746087
2008-06-11,EGX:CIEB,4.63792399,4.72976383,4.61955597,4.66317955,211432.7555038
2008-06-12,EGX:CIEB,4.71598805,4.74583585,4.61496374,4.67925156,768239.7956083
2008-06-15,EGX:CIEB,4.76420386,4.7733881,4.70909982,4.73435607,155065.20536002
2008-06-16,EGX:CIEB,4.70680381,4.75501962,4.63333175,4.69761958,333688.75399988
2008-06-17,EGX:CIEB,4.70450781,4.75042808,4.63792399,4.66547578,233710.61201636
2008-06-18,EGX:CIEB,4.69302803,4.69302803,4.58052394,4.63333175,414289.7339845
2008-06-19,EGX:CIEB,4.61496374,4.61496374,4.48179563,4.56674747,379355.09330274
2008-06-22,EGX:CIEB,4.63562799,4.63562799,4.55756369,4.59429972,174904.03945868
2008-06-23,EGX:CIEB,4.64940377,4.67925156,4.55067569,4.59659572,1847054.25244773
2008-06-24,EGX:CIEB,4.63792399,5.04890809,4.61496374,4.77797964,2727841.8662654
2008-06-25,EGX:CIEB,4.88818819,4.90655621,4.38765978,4.62873975,1781205.00266996
2008-06-26,EGX:CIEB,4.36469954,4.58052394,4.1580596,4.38536355,1079707.3132588
2008-06-29,EGX:CIEB,4.47720363,4.47720363,4.10065955,4.17872362,1487206.98305892
2008-06-30,EGX:CIEB,4.13280335,4.15576337,3.9123874,4.02259526,798836.46071108
2008-07-02,EGX:CIEB,4.09836332,4.24760344,4.09836332,4.15117136,711846.11308151
2008-07-03,EGX:CIEB,4.16724338,4.24530744,3.96519521,4.11443533,1204367.49099142
2008-07-06,EGX:CIEB,4.10984333,4.10984333,3.88024314,3.92157118,341297.63285177
2008-07-07,EGX:CIEB,4.04096327,4.04096327,3.80677108,3.87794691,493544.89624431
2008-07-08,EGX:CIEB,3.79299507,3.97897122,3.73100302,3.87335537,640160.63109908
2008-07-09,EGX:CIEB,3.96060321,3.96060321,3.87105937,3.9100914,241084.2994212
2008-07-10,EGX:CIEB,3.79988285,3.93305096,3.79988285,3.86876313,314150.44230578
2008-07-13,EGX:CIEB,3.90320316,3.93764319,3.8228431,3.88942738,345687.87319676
2008-07-14,EGX:CIEB,3.93764319,3.96749144,3.85269135,3.90090716,457578.02643382
2008-07-15,EGX:CIEB,3.86646713,3.93993919,3.85039512,3.89172338,136842.22361055
2008-07-16,EGX:CIEB,3.89631493,3.89631493,3.696563,3.75855528,234877.85845729
2008-07-17,EGX:CIEB,3.86646713,3.86646713,3.68737876,3.70574677,265622.60706377
2008-07-20,EGX:CIEB,3.83202733,3.83432334,3.7424828,3.7952913,232634.82891595
2008-07-21,EGX:CIEB,3.86876313,3.89172338,3.67360298,3.73100302,615696.36520836
2008-07-22,EGX:CIEB,3.76314682,3.8572829,3.65293896,3.74707504,337939.62163551
2008-07-24,EGX:CIEB,3.81136309,3.8228431,3.70115523,3.75166704,190130.5079568
2008-07-27,EGX:CIEB,3.76773905,3.83432334,3.74707504,3.80906709,110631.4434556
2008-07-28,EGX:CIEB,3.79069907,3.88942738,3.73559503,3.80677108,266707.10095851
2008-07-29,EGX:CIEB,3.73329903,3.78840307,3.67360298,3.71493101,237282.03769384
2008-07-30,EGX:CIEB,3.76544305,3.76544305,3.65523496,3.68049121,276201.866784
2008-07-31,EGX:CIEB,3.67589898,3.75396304,3.67360298,3.72411479,265374.34942521
2008-08-03,EGX:CIEB,3.75396304,3.75396304,3.66212297,3.68737876,112373.60232266
2008-08-04,EGX:CIEB,3.71722724,3.71722724,3.46696281,3.52665886,533444.6896972
2008-08-05,EGX:CIEB,3.51288285,3.51288285,3.3292027,3.41874677,537421.16731127
2008-08-06,EGX:CIEB,3.42333877,3.4554828,3.40037876,3.43711479,328444.85581002
2008-08-07,EGX:CIEB,3.46466681,3.53354686,3.43252278,3.4531868,266114.76694371
2008-08-10,EGX:CIEB,3.39808275,3.48762683,3.3292027,3.38430674,202147.04874236
2008-08-11,EGX:CIEB,3.44170679,3.44170679,3.29705867,3.33838671,96271.69899384
2008-08-12,EGX:CIEB,3.29246667,3.3292027,3.2144026,3.25113863,324172.21118855
2008-08-13,EGX:CIEB,3.2144026,3.44400279,3.09960251,3.28098666,437608.53042012
2008-08-14,EGX:CIEB,3.3292027,3.38430674,3.21899461,3.28557866,269172.2557554
2008-08-17,EGX:CIEB,3.40956276,3.40956276,3.25113863,3.30853868,315112.98507983
2008-08-18,EGX:CIEB,3.25802664,3.26032264,3.19373859,3.22588261,256005.89011758
2008-08-19,EGX:CIEB,3.21669861,3.22129061,3.05597848,3.13633854,392578.07910374
2008-08-20,EGX:CIEB,3.04220247,3.09960251,2.98480242,3.01694644,213588.67710179
2008-08-21,EGX:CIEB,3.13174654,3.23736262,3.05368247,3.2052186,1930312.02470462
2008-08-24,EGX:CIEB,3.26032264,3.36593873,3.17307457,3.31772269,883004.51097601
2008-08-25,EGX:CIEB,3.22588261,3.27409865,3.2144026,3.23277062,245478.89516336
2008-08-26,EGX:CIEB,3.26950665,3.31313068,3.16618657,3.25573064,259821.21803645
2008-08-27,EGX:CIEB,3.31772269,3.43481878,3.31083468,3.37282673,711367.01939306
2008-08-28,EGX:CIEB,3.41415477,3.51747485,3.41415477,3.4600748,1167320.48268335
2008-08-31,EGX:CIEB,3.53125086,3.61161093,3.44400279,3.49221883,1132207.27071771
2008-09-01,EGX:CIEB,3.48303482,3.60931492,3.46696281,3.54043487,535896.77830259
2008-09-02,EGX:CIEB,3.4554828,3.53584287,3.44400279,3.46925881,220169.68222212
2008-09-03,EGX:CIEB,3.48073882,3.54732287,3.47844282,3.50829084,44390.20793274
2008-09-04,EGX:CIEB,3.52206685,3.54273087,3.44400279,3.46466681,808967.11452304
2008-09-07,EGX:CIEB,3.4554828,3.55880288,3.44400279,3.48762683,167547.77364251
2008-09-08,EGX:CIEB,3.48073882,3.57257889,3.44400279,3.51058684,654359.22586563
2008-09-09,EGX:CIEB,3.48073882,3.55880288,3.44400279,3.49451483,341619.93224217
2008-09-10,EGX:CIEB,3.4577788,3.53584287,3.40267476,3.49451483,439864.62615296
2008-09-11,EGX:CIEB,3.44400279,3.46696281,3.37512273,3.41645077,107234.23366483
2008-09-14,EGX:CIEB,3.35445872,3.42563478,3.35445872,3.37053073,71776.94532295
2008-09-15,EGX:CIEB,3.36364273,3.44400279,3.2075146,3.27409865,734494.17835331
2008-09-16,EGX:CIEB,3.2144026,3.44400279,3.12485853,3.23506662,725461.0846276
2008-09-17,EGX:CIEB,3.3292027,3.46696281,3.22817862,3.43252278,2030756.19418508
2008-09-18,EGX:CIEB,3.26032264,3.40956276,3.2144026,3.24884263,214934.4948266
2008-09-21,EGX:CIEB,3.42104277,3.42104277,3.2144026,3.24884263,293636.52164612
2008-09-22,EGX:CIEB,3.27180265,3.3292027,3.2144026,3.23047462,323004.96474762
2008-09-23,EGX:CIEB,3.2144026,3.21899461,3.17077857,3.2121066,132552.15740041
2008-09-24,EGX:CIEB,3.15700256,3.20062659,3.05368247,3.17766657,323523.25701057
2008-09-25,EGX:CIEB,3.05597848,3.13863454,2.98709842,3.0904185,101219.4301763
2008-09-28,EGX:CIEB,3.10189851,3.15700256,3.10189851,3.12945054,46175.92077148
2008-09-29,EGX:CIEB,3.10189851,3.17766657,3.10189851,3.13863454,36820.52765535
2008-10-07,EGX:CIEB,2.98480242,2.98480242,2.29600186,2.49575402,8479.95828542
2008-10-08,EGX:CIEB,2.29600186,2.74372222,2.06640167,2.47509001,539102.35061798
2008-10-09,EGX:CIEB,2.64269814,2.70239419,2.52789805,2.58300209,384633.83466993
2008-10-12,EGX:CIEB,2.41080195,2.64040214,2.41080195,2.50953003,918474.86550939
2008-10-13,EGX:CIEB,2.68632218,2.75520223,2.5944821,2.66795416,783435.77632625
2008-10-14,EGX:CIEB,2.75290623,2.98480242,2.75290623,2.89985035,748248.52260877
2008-10-15,EGX:CIEB,2.81260228,2.9595464,2.80112227,2.84704231,141885.77353069
2008-10-16,EGX:CIEB,2.82408229,2.82408229,2.66336216,2.7161702,465918.61200988
2008-10-19,EGX:CIEB,2.75520223,2.82637829,2.66336216,2.7207622,29821.40440693
2008-10-20,EGX:CIEB,2.66336216,2.66565816,2.56004207,2.61514612,82473.80076671
2008-10-21,EGX:CIEB,2.75520223,2.78734626,2.47968201,2.56004207,170931.91724178
2008-10-22,EGX:CIEB,2.468202,2.48197801,2.31896188,2.3488099,167900.56081309
2008-10-23,EGX:CIEB,2.30748187,2.81719428,2.29600186,2.73683422,1578600.63722499
2008-10-26,EGX:CIEB,2.35799391,2.37406592,2.19038577,2.27992985,559890.6612992
2008-10-27,EGX:CIEB,2.18120177,2.28222585,2.05262566,2.10772971,521402.01652863
2008-10-28,EGX:CIEB,2.26156183,2.41080195,2.10772971,2.29600186,1169258.63442295
2008-10-29,EGX:CIEB,2.43376197,2.58300209,2.25237783,2.40620995,2457611.24899826
2008-10-30,EGX:CIEB,2.29600186,2.33273789,2.24089782,2.29829786,501188.61827354
2008-11-02,EGX:CIEB,2.41080195,2.47738601,2.36028991,2.41080195,293902.20087335
2008-11-03,EGX:CIEB,2.36488192,2.56463408,2.3465139,2.48886602,975034.05312855
2008-11-04,EGX:CIEB,2.47738601,2.61514612,2.36488192,2.51871404,354185.25307086
2008-11-05,EGX:CIEB,2.52560205,2.58300209,2.39013794,2.44064998,402460.47527715
2008-11-06,EGX:CIEB,2.36717792,2.43376197,2.29600186,2.36717792,875469.67387596
2008-11-09,EGX:CIEB,2.41309796,2.468202,2.35569791,2.39472994,595295.68487506
2008-11-10,EGX:CIEB,2.43376197,2.50723403,2.43376197,2.48197801,148980.7155168
2008-11-11,EGX:CIEB,2.50264203,2.50264203,2.31896188,2.38324993,453719.14454327
2008-11-12,EGX:CIEB,2.35110591,2.38784193,2.25237783,2.30518587,439220.02737215
2008-11-13,EGX:CIEB,2.25237783,2.27304184,2.13298573,2.16972176,659764.27375069
2008-11-16,EGX:CIEB,2.24319405,2.29600186,2.14216974,2.2179378,334712.27233427
2008-11-17,EGX:CIEB,2.13987373,2.23630581,1.95160158,2.07099391,583928.09826748
2008-11-18,EGX:CIEB,1.98833761,2.11920972,1.95160158,1.9699696,205940.59967539
2008-11-19,EGX:CIEB,1.95619381,2.01588963,1.90797755,1.95848959,105400.61145725
2008-11-20,EGX:CIEB,1.96537759,2.02048164,1.83680149,1.96308159,307904.80276736
2008-11-23,EGX:CIEB,2.01588963,2.08936169,1.90568154,2.03425765,945691.74241006
2008-11-24,EGX:CIEB,1.99292961,1.99292961,1.63934533,1.84368949,627438.51597236
2008-11-25,EGX:CIEB,1.89420153,1.94700958,1.8459855,1.91945756,166419.72577609
2008-11-26,EGX:CIEB,1.88272153,1.92864156,1.83680149,1.88042552,240221.930782
2008-11-27,EGX:CIEB,1.92864156,1.95848959,1.86435351,1.90108954,151785.59129277
2008-11-30,EGX:CIEB,1.92864156,1.92864156,1.83680149,1.86664951,364599.00769872
2008-12-01,EGX:CIEB,1.89420153,1.89420153,1.79088145,1.82072948,444555.38890253
2008-12-02,EGX:CIEB,1.79088145,1.92175356,1.78169744,1.8459855,1695939.39231878
2008-12-03,EGX:CIEB,1.90568154,1.92864156,1.8459855,1.87812952,795069.04216105
2008-12-04,EGX:CIEB,1.88042552,1.88501753,1.83680149,1.8459855,776284.21417696
2008-12-10,EGX:CIEB,1.89420153,1.89420153,1.8505775,1.87353752,241201.89514472
2008-12-11,EGX:CIEB,1.8528735,1.89879377,1.83680149,1.86435351,651432.39896897
2008-12-14,EGX:CIEB,1.8528735,1.88042552,1.84368949,1.85746551,118684.57281859
2008-12-15,EGX:CIEB,1.87812952,1.89879377,1.8482815,1.88272153,950987.90536593
2008-12-16,EGX:CIEB,1.88501753,1.93552957,1.85976151,1.87812952,611297.41406903
2008-12-17,EGX:CIEB,1.89190553,1.94930558,1.85976151,1.89190553,2063164.7045096
2008-12-18,EGX:CIEB,1.90568154,1.90568154,1.83680149,1.86205751,1113195.9620809
2008-12-21,EGX:CIEB,1.8482815,1.89190553,1.84368949,1.85976151,819110.83452651
2008-12-22,EGX:CIEB,1.88272153,1.89420153,1.85746551,1.86664951,1404106.00510007
2008-12-23,EGX:CIEB,1.86435351,1.87353752,1.83680149,1.8528735,497599.7710074
2008-12-24,EGX:CIEB,1.84139372,1.85976151,1.83680149,1.8505775,467382.02545821
2008-12-25,EGX:CIEB,1.86205751,1.86664951,1.84139372,1.85746551,1071776.1350165
2008-12-28,EGX:CIEB,1.86435351,1.87583352,1.83909749,1.85976151,1267320.4016527
2008-12-30,EGX:CIEB,1.87812952,1.90568154,1.81843347,1.86894551,1824366.98860142
2008-12-31,EGX:CIEB,1.86894551,1.88960953,1.8459855,1.87124152,1231323.04406203
2009-01-04,EGX:CIEB,1.88960953,1.89420153,1.87124152,1.87812952,391981.38969177
2009-01-05,EGX:CIEB,1.8505775,1.88501753,1.84368949,1.87124152,308261.94533511
2009-01-06,EGX:CIEB,1.88042552,1.89420153,1.87353752,1.88501753,312477.9697934
2009-01-08,EGX:CIEB,1.88501753,1.9745616,1.88042552,1.93782557,1472794.97383115
2009-01-11,EGX:CIEB,1.94012157,2.06180967,1.94012157,2.01129763,1504105.92406942
2009-01-12,EGX:CIEB,2.04114565,2.17660976,1.96078559,2.05492167,1051980.85488951
2009-01-13,EGX:CIEB,1.95848959,1.99522562,1.92634556,1.95389758,370378.6197402
2009-01-14,EGX:CIEB,2.00900163,2.02048164,1.91945756,1.96308159,285078.16621168
2009-01-15,EGX:CIEB,1.95160158,1.95160158,1.87124152,1.88731353,441515.32167951
2009-01-18,EGX:CIEB,1.90568154,2.00670563,1.90568154,1.96537759,262020.69360611
2009-01-19,EGX:CIEB,1.95160158,1.99522562,1.88272153,1.91486555,866183.96711452
2009-01-20,EGX:CIEB,1.89649754,1.90568154,1.83680149,1.86205751,1430011.90745328
2009-01-21,EGX:CIEB,1.8505775,1.85976151,1.7242974,1.82072948,1693435.03894738
2009-01-22,EGX:CIEB,1.8482815,1.8482815,1.74496141,1.77940144,1297407.48528686
2009-01-25,EGX:CIEB,1.76792143,1.78858545,1.74496141,1.75873743,536219.07769299
2009-01-26,EGX:CIEB,1.77710544,1.83680149,1.74725742,1.79317745,317051.13681943
2009-01-27,EGX:CIEB,1.81613747,1.8551695,1.79088145,1.81154547,27983.42680218
2009-01-28,EGX:CIEB,1.80465746,1.8505775,1.7334814,1.77251344,522704.28028176
2009-01-29,EGX:CIEB,1.82532148,1.82532148,1.74725742,1.77021743,34507.81175933
2009-02-01,EGX:CIEB,1.7242974,1.74036941,1.61408931,1.66230535,363074.61869004
2009-02-02,EGX:CIEB,1.63016132,1.67608136,1.53832125,1.59572129,369712.24397355
2009-02-03,EGX:CIEB,1.56128127,1.68756137,1.49240121,1.64164133,211890.07220641
2009-02-04,EGX:CIEB,1.68756137,1.70822538,1.61638531,1.66000935,379747.07904783
2009-02-05,EGX:CIEB,1.62786532,1.62786532,1.54520925,1.57046527,359938.73272933
2009-02-08,EGX:CIEB,1.58883329,1.70592938,1.58883329,1.65082534,169991.15145357
2009-02-09,EGX:CIEB,1.55668926,1.66230535,1.55668926,1.64623333,81454.63782948
2009-02-10,EGX:CIEB,1.65312134,1.65771334,1.61179331,1.63704933,136977.24092274
2009-02-11,EGX:CIEB,1.61179331,1.61179331,1.55439326,1.57505728,139089.60854906
2009-02-12,EGX:CIEB,1.65082534,1.65082534,1.55439326,1.56816927,111955.48419457
2009-02-15,EGX:CIEB,1.6072013,1.63704933,1.56128127,1.57735328,112033.88134359
2009-02-16,EGX:CIEB,1.6072013,1.63016132,1.57735328,1.59572129,344511.9159615
2009-02-17,EGX:CIEB,1.6049053,1.6072013,1.54291325,1.57276127,513379.37494581
2009-02-18,EGX:CIEB,1.57735328,1.6072013,1.51306523,1.56816927,928257.08754794
2009-02-19,EGX:CIEB,1.54980126,1.54980126,1.49699321,1.53602524,496589.3188645
2009-02-22,EGX:CIEB,1.54750525,1.6072013,1.4832172,1.53143324,816162.23064401
2009-02-23,EGX:CIEB,1.58424128,1.62786532,1.53832125,1.58653729,1340983.23394925
2009-02-24,EGX:CIEB,1.54980126,1.6072013,1.53602524,1.58194528,236728.90225354
2009-02-25,EGX:CIEB,1.58424128,1.6072013,1.57046527,1.58883329,647072.64640414
2009-02-26,EGX:CIEB,1.6072013,1.69444937,1.59572129,1.61868131,1482834.1643026
2009-03-01,EGX:CIEB,1.66460135,1.83680149,1.65312134,1.74955342,392107.69620963
2009-03-02,EGX:CIEB,1.68756137,1.85976151,1.68296936,1.78628945,1031493.06661286
2009-03-03,EGX:CIEB,1.7265934,1.81384147,1.69904138,1.75644142,75261.26305708
2009-03-04,EGX:CIEB,1.74955342,1.79088145,1.7311854,1.76562543,44734.28430898
2009-03-05,EGX:CIEB,1.75873743,1.76103343,1.7311854,1.75184942,47669.82199998
2009-03-08,EGX:CIEB,1.7265934,1.83680149,1.7265934,1.81613747,1192921.50723482
2009-03-10,EGX:CIEB,1.83220948,1.83680149,1.80236146,1.83450549,977137.70996053
2009-03-11,EGX:CIEB,1.8528735,1.89420153,1.80236146,1.8505775,386985.74914047
2009-03-12,EGX:CIEB,1.83680149,1.88960953,1.83680149,1.84368949,287499.7670369
2009-03-15,EGX:CIEB,1.88042552,1.89420153,1.83680149,1.87583352,334494.50247589
2009-03-16,EGX:CIEB,1.94700958,1.96308159,1.85746551,1.92634556,546602.34454068
2009-03-17,EGX:CIEB,1.88501753,1.94012157,1.88501753,1.91945756,168532.0934024
2009-03-18,EGX:CIEB,1.95160158,1.95160158,1.89420153,1.92175356,292656.5572834
2009-03-19,EGX:CIEB,1.90797755,2.06640167,1.90108954,1.9699696,495861.9675375
2009-03-22,EGX:CIEB,1.9745616,1.99752162,1.96308159,1.9768576,35130.6335543
2009-03-23,EGX:CIEB,1.99752162,2.02048164,1.96537759,1.98833761,542260.01356453
2009-03-24,EGX:CIEB,2.05262566,2.1008417,2.02048164,2.07099391,1077965.15439174
2009-03-25,EGX:CIEB,2.06410567,2.06640167,2.03884965,2.06410567,130879.68488803
2009-03-26,EGX:CIEB,2.07558568,2.12380172,2.05032966,2.09165769,997425.14996747
2009-03-29,EGX:CIEB,2.12380172,2.23860181,2.05262566,2.12839395,340901.29170951
2009-03-30,EGX:CIEB,2.18120177,2.21334579,1.95160158,2.13068973,384542.37132941
2009-03-31,EGX:CIEB,2.06869768,2.11232171,1.98604161,2.08476969,546314.88832762
2009-04-01,EGX:CIEB,2.09165769,2.15594575,2.08936169,2.11232171,908126.44183904
2009-04-02,EGX:CIEB,2.17660976,2.40850595,2.16972176,2.25696983,2472166.98633256
2009-04-05,EGX:CIEB,2.35340191,2.44524198,2.35340191,2.38324993,154398.82959336
2009-04-06,EGX:CIEB,2.36028991,2.38784193,2.27533784,2.31436988,635234.67690246
2009-04-07,EGX:CIEB,2.30059386,2.41080195,2.30059386,2.36947392,232687.09368196
2009-04-08,EGX:CIEB,2.32125788,2.42916997,2.29829786,2.36947392,284106.91264329
2009-04-09,EGX:CIEB,2.39243394,2.61973812,2.39243394,2.50953003,893845.0945263
2009-04-12,EGX:CIEB,2.58070609,2.58070609,2.29600186,2.43146597,1519206.08604968
2009-04-13,EGX:CIEB,2.43376197,2.50264203,2.30748187,2.40391395,776319.0573543
2009-04-14,EGX:CIEB,2.42916997,2.63121813,2.32125788,2.44294598,1401383.88187028
2009-04-15,EGX:CIEB,2.44524198,2.58300209,2.29600186,2.44524198,2553843.74941759
2009-04-16,EGX:CIEB,2.52560205,2.57152208,2.44983399,2.52101004,1398639.98165466
2009-04-21,EGX:CIEB,2.28681785,2.33503389,2.15824175,2.25008182,437264.45404387
2009-04-22,EGX:CIEB,2.25237783,2.28222585,2.20186578,2.2271218,89925.88532057
2009-04-23,EGX:CIEB,2.2248258,2.25008182,2.20416179,2.2225298,255073.83512371
2009-04-26,EGX:CIEB,2.28222585,2.29829786,2.27074584,2.28222585,682098.75042642
2009-04-27,EGX:CIEB,2.23860181,2.30748187,2.23860181,2.26844984,181079.99264242
2009-04-28,EGX:CIEB,2.28452185,2.29370586,2.17201776,2.185794,602747.76942892
2009-04-29,EGX:CIEB,2.19497778,2.23860181,2.18120177,2.19268178,186846.53849239
2009-04-30,EGX:CIEB,2.185794,2.29600186,2.185794,2.26844984,514023.97372662
2009-05-03,EGX:CIEB,2.28452185,2.31436988,2.2271218,2.28452185,81563.52275867
2009-05-04,EGX:CIEB,2.29600186,2.30518587,2.24089782,2.28452185,127334.39159356
2009-05-05,EGX:CIEB,2.25237783,2.35340191,2.25237783,2.32125788,265291.59687902
2009-05-06,EGX:CIEB,2.30748187,2.43376197,2.30748187,2.40850595,1579249.59140297
2009-05-07,EGX:CIEB,2.43376197,2.468202,2.30748187,2.41998596,1695534.34038219
2009-05-10,EGX:CIEB,2.44294598,2.48657001,2.39472994,2.44064998,569211.21123798
2009-05-11,EGX:CIEB,2.42228196,2.54626606,2.38554593,2.49116202,1501462.19798866
2009-05-12,EGX:CIEB,2.50034603,2.7092822,2.43835398,2.57381809,621724.23488839
2009-05-13,EGX:CIEB,2.58300209,2.68173017,2.41080195,2.50493803,497168.5866878
2009-05-14,EGX:CIEB,2.41080195,2.50034603,2.37636193,2.41998596,327547.64399348
2009-05-17,EGX:CIEB,2.37636193,2.468202,2.3442179,2.42916997,197843.91634072
2009-05-18,EGX:CIEB,2.51871404,2.51871404,2.38324993,2.43835398,326707.05234012
2009-05-19,EGX:CIEB,2.41080195,2.57152208,2.38784193,2.51871404,563405.46681349
2009-05-20,EGX:CIEB,2.56233808,2.56693008,2.42457796,2.47509001,171868.32763283
2009-05-21,EGX:CIEB,2.41768996,2.51641804,2.29600186,2.36488192,825121.28261787
2009-05-24,EGX:CIEB,2.39702594,2.45442599,2.3419219,2.39932194,30156.76998884
2009-05-25,EGX:CIEB,2.44294598,2.44294598,2.38784193,2.41080195,21711.65488076
2009-05-26,EGX:CIEB,2.41080195,2.44064998,2.36488192,2.39932194,46580.97270807
2009-05-27,EGX:CIEB,2.38784193,2.45212999,2.31896188,2.39472994,106685.45362171
2009-05-28,EGX:CIEB,2.30977787,2.50953003,2.30059386,2.39013794,231188.83705629
2009-05-31,EGX:CIEB,2.45442599,2.52330604,2.45442599,2.50264203,994014.87398519
2009-06-01,EGX:CIEB,2.39243394,2.52789805,2.39013794,2.50493803,1154019.09973333
2009-06-02,EGX:CIEB,2.54856207,2.57611409,2.49116202,2.52789805,695495.95211413
2009-06-03,EGX:CIEB,2.52560205,2.56693008,2.41768996,2.52789805,329751.47496032
2009-06-04,EGX:CIEB,2.48197801,2.66106616,2.48197801,2.5921861,460387.25760695
2009-06-07,EGX:CIEB,2.57152208,2.63810614,2.52560205,2.54856207,37922.44313877
2009-06-08,EGX:CIEB,2.61744212,2.61744212,2.48427401,2.51182604,103658.45259019
2009-06-09,EGX:CIEB,2.56922608,2.5944821,2.47968201,2.53708206,130674.98122115
2009-06-10,EGX:CIEB,2.56922608,2.66336216,2.56922608,2.64958615,1154925.0223442
2009-06-11,EGX:CIEB,2.66336216,2.70469019,2.5967781,2.66106616,1362398.72182261
2009-06-14,EGX:CIEB,2.64040214,2.80112227,2.64040214,2.75290623,373470.95172923
2009-06-15,EGX:CIEB,2.75520223,3.00776244,2.72305821,2.88607434,1263261.17149245
2009-06-16,EGX:CIEB,2.87918633,3.09960251,2.87918633,3.00317043,315208.80381752
2009-06-17,EGX:CIEB,2.92740237,3.07664249,2.92740237,2.98709842,808984.53611171
2009-06-18,EGX:CIEB,2.98480242,2.99398643,2.87000233,2.9572504,292486.69679386
2009-06-21,EGX:CIEB,2.92740237,3.03990646,2.92281037,2.98250642,193375.27884671
2009-06-22,EGX:CIEB,2.92740237,3.01924245,2.87459433,2.98250642,881035.87145623
2009-06-23,EGX:CIEB,2.91821836,3.03761046,2.91821836,2.98480242,711824.33609567
2009-06-24,EGX:CIEB,2.93888238,2.98480242,2.93888238,2.97561841,171371.81235571
2009-06-25,EGX:CIEB,2.9618424,3.00546644,2.94347439,2.98480242,516937.73443178
2009-06-28,EGX:CIEB,2.99398643,3.00776244,2.93888238,2.98480242,146463.2959539
2009-06-29,EGX:CIEB,2.98939442,3.2144026,2.98939442,3.15470656,326850.78044666
2009-06-30,EGX:CIEB,3.13404254,3.44400279,3.13404254,3.38660274,1033444.28454397
2009-07-02,EGX:CIEB,3.41874677,3.41874677,3.16848257,3.2121066,628239.9090512
2009-07-05,EGX:CIEB,3.00776244,3.28787466,3.00776244,3.17307457,498144.19565335
2009-07-06,EGX:CIEB,3.09960251,3.20062659,3.04679447,3.09271451,92526.05742966
2009-07-07,EGX:CIEB,3.15700256,3.18914658,3.06057048,3.0835305,16114.96952032
2009-07-08,EGX:CIEB,3.05827448,3.05827448,2.98709842,3.01235444,83405.85576059
2009-07-09,EGX:CIEB,3.00776244,3.00776244,2.470498,2.87000233,595635.40585414
2009-07-12,EGX:CIEB,2.87000233,2.87000233,2.65647415,2.72765021,134799.54233892
2009-07-13,EGX:CIEB,2.50493803,2.84704231,2.50493803,2.64729015,8985.18435687
2009-07-14,EGX:CIEB,2.65188215,2.75520223,2.64040214,2.67254617,199938.86237836
2009-07-15,EGX:CIEB,2.67943417,2.77816225,2.67943417,2.75749823,5156.7902465
2009-07-16,EGX:CIEB,2.80341827,2.94577039,2.80341827,2.89066634,182756.82055196
2009-07-19,EGX:CIEB,2.91821836,2.9572504,2.80341827,2.90673836,30487.78017358
2009-07-20,EGX:CIEB,2.87229833,2.89525835,2.87229833,2.88377834,14063.57745436
2009-07-21,EGX:CIEB,2.87459433,2.97791441,2.87459433,2.91362636,74991.22843268
2009-07-22,EGX:CIEB,2.95495439,3.00546644,2.89525835,2.97561841,84895.40159193
2009-07-26,EGX:CIEB,2.98480242,3.0835305,2.98480242,3.02383445,74777.81397147
2009-07-27,EGX:CIEB,3.02383445,3.17077857,3.01465044,3.03531446,859206.62085194
2009-07-28,EGX:CIEB,3.05597848,3.16848257,3.03072246,3.06057048,130487.69914294
2009-07-29,EGX:CIEB,3.00087443,3.01235444,2.98480242,2.99628243,29033.07751959
2009-07-30,EGX:CIEB,2.9618424,3.0881225,2.9618424,2.98709842,279716.6722983
2009-08-02,EGX:CIEB,3.07664249,3.14552255,3.01465044,3.07893849,22299.63349839
2009-08-03,EGX:CIEB,3.02383445,3.12026653,3.01465044,3.04449847,172203.69321474
2009-08-04,EGX:CIEB,3.09960251,3.12026653,2.99857843,3.03990646,76027.81295858
2009-08-05,EGX:CIEB,3.00546644,3.0812345,3.00546644,3.05138647,45078.36068523
2009-08-06,EGX:CIEB,3.01465044,3.09501051,2.99398643,3.02153845,60975.56034717
2009-08-09,EGX:CIEB,3.06745849,3.06745849,3.00546644,3.03531446,38096.65902548
2009-08-10,EGX:CIEB,3.03072246,3.10419452,3.03072246,3.0881225,613684.1717169
2009-08-11,EGX:CIEB,3.0881225,3.16618657,3.0881225,3.13404254,310914.38221021
2009-08-12,EGX:CIEB,3.03301846,3.16848257,3.03301846,3.13633854,215897.03760065
2009-08-13,EGX:CIEB,3.14552255,3.17077857,3.04449847,3.15241055,152769.91105266
2009-08-16,EGX:CIEB,3.09730651,3.17766657,3.03990646,3.09730651,228867.41036593
2009-08-17,EGX:CIEB,3.04220247,3.04220247,2.95036239,3.01924245,165400.56283886
2009-08-18,EGX:CIEB,2.93429038,3.03990646,2.93199438,2.98939442,131541.70525751
2009-08-19,EGX:CIEB,2.9618424,2.9618424,2.82637829,2.88148233,159738.54652091
2009-08-20,EGX:CIEB,2.9595464,2.98480242,2.91592236,2.97332241,101480.75400636
2009-08-23,EGX:CIEB,2.97561841,2.98480242,2.94117838,2.9618424,134808.25313325
2009-08-24,EGX:CIEB,2.9618424,2.97332241,2.89985035,2.9595464,117125.34063257
2009-08-25,EGX:CIEB,2.9618424,2.9618424,2.88148233,2.92740237,699063.02239444
2009-08-26,EGX:CIEB,2.9618424,3.00776244,2.9618424,2.97791441,32970.35655915
2009-08-27,EGX:CIEB,3.03072246,3.03990646,2.90903436,2.98480242,1852276.37365175
2009-08-30,EGX:CIEB,2.92281037,2.98480242,2.92281037,2.98480242,80265.61440271
2009-08-31,EGX:CIEB,2.98480242,2.98480242,2.87000233,2.90444235,284707.95745243
2009-09-01,EGX:CIEB,2.87459433,2.91362636,2.87459433,2.89525835,22099.28522868
2009-09-02,EGX:CIEB,2.87000233,2.95036239,2.87000233,2.88377834,213640.9418678
2009-09-03,EGX:CIEB,2.91592236,2.9618424,2.87000233,2.91362636,535696.43003287
2009-09-06,EGX:CIEB,2.9618424,2.98021041,2.90673836,2.95036239,134468.53215418
2009-09-07,EGX:CIEB,2.92969837,2.9618424,2.85393031,2.90444235,102656.71124162
2009-09-08,EGX:CIEB,2.90444235,2.91362636,2.85852232,2.89066634,103440.6827318
2009-09-09,EGX:CIEB,2.95495439,2.9618424,2.86541032,2.91133036,163758.57810665
2009-09-10,EGX:CIEB,2.93199438,2.97561841,2.92740237,2.95495439,92813.51364272
2009-09-13,EGX:CIEB,2.97561841,2.97791441,2.89296234,2.90903436,371489.24601795
2009-09-14,EGX:CIEB,2.94806639,2.97561841,2.89525835,2.93199438,41219.47879469
2009-09-15,EGX:CIEB,2.9618424,2.98480242,2.92051437,2.97561841,123292.58302197
2009-09-16,EGX:CIEB,2.98250642,2.98480242,2.75520223,2.93658638,477843.68945491
2009-09-17,EGX:CIEB,2.9641384,3.02153845,2.9595464,2.98480242,624019.52919575
2009-09-22,EGX:CIEB,2.92051437,2.99628243,2.87459433,2.98250642,521985.6397491
2009-09-23,EGX:CIEB,2.92969837,2.94577039,2.88837034,2.90673836,199451.05789559
2009-09-24,EGX:CIEB,2.93658638,2.9618424,2.91592236,2.94347439,74259.52170851
2009-09-27,EGX:CIEB,2.97102641,2.97102641,2.88607434,2.90903436,94076.57882134
2009-09-28,EGX:CIEB,2.87918633,2.92740237,2.84704231,2.87459433,162495.51292803
2009-09-29,EGX:CIEB,2.87000233,2.92740237,2.86081832,2.89755435,143850.0576533
2009-09-30,EGX:CIEB,2.91592236,2.96873041,2.90444235,2.94117838,272482.35760282
2009-10-01,EGX:CIEB,2.97332241,2.97561841,2.89525835,2.91592236,68510.39744721
2009-10-04,EGX:CIEB,2.91592236,2.97102641,2.87000233,2.92281037,200701.0568827
2009-10-05,EGX:CIEB,2.96873041,2.98939442,2.79653027,2.86541032,372930.88248045
2009-10-07,EGX:CIEB,2.8355623,2.9618424,2.75520223,2.85622631,437726.12614365
2009-10-08,EGX:CIEB,2.80341827,2.87229833,2.52560205,2.67484217,863174.38767167
2009-10-11,EGX:CIEB,2.81260228,2.89296234,2.75520223,2.84704231,1070822.30303679
2009-10-12,EGX:CIEB,2.82408229,2.86541032,2.75520223,2.81030628,1514724.38236417
2009-10-13,EGX:CIEB,2.69780219,2.78734626,2.69780219,2.73913022,46602.74969391
2009-10-14,EGX:CIEB,2.8424503,2.85852232,2.75520223,2.82867429,147530.36825997
2009-10-15,EGX:CIEB,2.86311432,2.87000233,2.81719428,2.85622631,474607.62935935
2009-10-18,EGX:CIEB,2.88377834,2.88377834,2.81260228,2.84704231,127238.57285587
2009-10-19,EGX:CIEB,2.84704231,2.84704231,2.78275425,2.81030628,58806.57255768
2009-10-20,EGX:CIEB,2.80112227,2.86541032,2.75520223,2.80112227,657421.07007449
2009-10-21,EGX:CIEB,2.76438624,2.79653027,2.75520223,2.76668224,368531.93134111
2009-10-22,EGX:CIEB,2.75520223,2.75520223,2.7092822,2.74831423,350766.26629425
2009-10-25,EGX:CIEB,2.70239419,2.75520223,2.68632218,2.72305821,469659.89817689
2009-10-26,EGX:CIEB,2.67484217,2.74601823,2.67484217,2.69780219,291898.71817623
2009-10-27,EGX:CIEB,2.75520223,2.77816225,2.7115782,2.75520223,1098452.94266839
2009-10-28,EGX:CIEB,2.75520223,2.77816225,2.69550618,2.74601823,615539.57091032
2009-10-29,EGX:CIEB,2.69550618,2.74372222,2.64040214,2.67254617,317761.06655776
2009-11-01,EGX:CIEB,2.64499414,2.67025016,2.33273789,2.48657001,362168.69607917
2009-11-02,EGX:CIEB,2.48657001,2.58300209,2.41309796,2.49805002,321667.85781715
2009-11-03,EGX:CIEB,2.50264203,2.50264203,2.29829786,2.36258591,301088.60619998
2009-11-04,EGX:CIEB,2.39932194,2.58300209,2.39932194,2.51641804,417368.99978203
2009-11-05,EGX:CIEB,2.56922608,2.56922608,2.38784193,2.42457796,212020.73412144
2009-11-08,EGX:CIEB,2.52560205,2.54626606,2.47968201,2.50034603,40692.4757374
2009-11-09,EGX:CIEB,2.43146597,2.50493803,2.43146597,2.45212999,165169.72678897
2009-11-10,EGX:CIEB,2.52560205,2.55085807,2.43376197,2.50493803,294991.05016526
2009-11-11,EGX:CIEB,2.52330604,2.52330604,2.45442599,2.50034603,270160.93091246
2009-11-12,EGX:CIEB,2.52560205,2.52560205,2.42687397,2.45212999,223793.37266561
2009-11-15,EGX:CIEB,2.48657001,2.48886602,2.43376197,2.45901799,231924.89917762
2009-11-16,EGX:CIEB,2.45901799,2.45901799,2.41080195,2.43146597,293523.28131976
2009-11-17,EGX:CIEB,2.44524198,2.50034603,2.41309796,2.44983399,336846.41694642
2009-11-18,EGX:CIEB,2.45212999,2.49805002,2.39243394,2.44983399,410997.05372575
2009-11-19,EGX:CIEB,2.43835398,2.45212999,2.38784193,2.43835398,465613.73420814
2009-11-22,EGX:CIEB,2.50264203,2.50264203,2.44064998,2.47509001,128048.67672905
2009-11-23,EGX:CIEB,2.43376197,2.50034603,2.41080195,2.43835398,172364.84290994
2009-11-24,EGX:CIEB,2.48886602,2.57841009,2.48886602,2.52101004,356384.72864052
2009-11-25,EGX:CIEB,2.56922608,2.64269814,2.52560205,2.5898901,199607.85219362
2009-11-30,EGX:CIEB,2.52789805,2.52789805,2.40620995,2.44983399,109429.35383733
2009-12-01,EGX:CIEB,2.45672199,2.51412204,2.45672199,2.47738601,42765.6447892
2009-12-02,EGX:CIEB,2.49116202,2.54856207,2.47968201,2.51641804,52700.30572862
2009-12-03,EGX:CIEB,2.47738601,2.55315407,2.47738601,2.52101004,43405.88817285
2009-12-06,EGX:CIEB,2.55545007,2.55545007,2.49805002,2.52101004,26001.7210909
2009-12-07,EGX:CIEB,2.50264203,2.53478605,2.48427401,2.50034603,40736.02970908
2009-12-08,EGX:CIEB,2.53249005,2.56004207,2.468202,2.52101004,268710.58365563
2009-12-09,EGX:CIEB,2.472794,2.52330604,2.44524198,2.468202,39416.34436728
2009-12-10,EGX:CIEB,2.45901799,2.52330604,2.45672199,2.465906,13828.3860073
2009-12-13,EGX:CIEB,2.45901799,2.5944821,2.45901799,2.52101004,185975.45905886
2009-12-14,EGX:CIEB,2.470498,2.52560205,2.470498,2.50493803,104085.28151262
2009-12-15,EGX:CIEB,2.52560205,2.58300209,2.52560205,2.53019405,76219.45043396
2009-12-16,EGX:CIEB,2.52560205,2.63581014,2.47968201,2.57611409,399616.40092667
2009-12-17,EGX:CIEB,2.58300209,2.58300209,2.53478605,2.58300209,180339.57512392
2009-12-20,EGX:CIEB,2.53708206,2.53708206,2.50493803,2.52330604,24172.45428048
2009-12-21,EGX:CIEB,2.51412204,2.52560205,2.48427401,2.52560205,274390.02156225
2009-12-22,EGX:CIEB,2.52330604,2.58300209,2.49116202,2.55545007,545796.59606467
2009-12-23,EGX:CIEB,2.49345802,2.55085807,2.49345802,2.53249005,152186.2878322
2009-12-24,EGX:CIEB,2.53249005,2.53249005,2.47968201,2.47968201,1136344.89802698
2009-12-27,EGX:CIEB,2.56004207,2.56004207,2.47968201,2.48427401,44773.48288349
2009-12-28,EGX:CIEB,2.43376197,2.51871404,2.41539396,2.48197801,278092.10915476
2009-12-29,EGX:CIEB,2.47968201,2.49116202,2.43835398,2.47738601,226554.6944699
2009-12-30,EGX:CIEB,2.42457796,2.42457796,2.37636193,2.40620995,63292.63164036
2009-12-31,EGX:CIEB,2.37406592,2.472794,2.37406592,2.42457796,52539.15603342
2010-01-03,EGX:CIEB,2.39932194,2.43146597,2.39243394,2.40850595,47473.82912744
2010-01-04,EGX:CIEB,2.41539396,2.47968201,2.40161795,2.43835398,33453.80564476
2010-01-05,EGX:CIEB,2.43605797,2.52560205,2.43605797,2.50493803,210557.32067311
2010-01-06,EGX:CIEB,2.52560205,2.52560205,2.468202,2.49345802,47103.62036819
2010-01-10,EGX:CIEB,2.47968201,2.52560205,2.47968201,2.52101004,65849.24977777
2010-01-11,EGX:CIEB,2.57152208,2.57152208,2.49575402,2.50493803,31454.6783448
2010-01-12,EGX:CIEB,2.52560205,2.53708206,2.52560205,2.52789805,37896.31075576
2010-01-13,EGX:CIEB,2.49345802,2.55774607,2.49345802,2.52330604,33388.47468724
2010-01-14,EGX:CIEB,2.49575402,2.55545007,2.48886602,2.52560205,305574.66528266
2010-01-17,EGX:CIEB,2.54856207,2.57152208,2.51641804,2.55545007,58179.39536553
2010-01-18,EGX:CIEB,2.57152208,2.66565816,2.52560205,2.59907411,569855.81001879
2010-01-19,EGX:CIEB,2.63581014,2.64729015,2.60137011,2.62203412,162674.08421191
2010-01-20,EGX:CIEB,2.5944821,2.75290623,2.5944821,2.69780219,725857.42576985
2010-01-21,EGX:CIEB,2.70009819,2.75520223,2.68632218,2.70239419,1315517.22670997
2010-01-24,EGX:CIEB,2.64040214,2.67484217,2.5967781,2.65188215,275875.21199642
2010-01-26,EGX:CIEB,2.7207622,2.77816225,2.60596211,2.7207622,403902.11173964
2010-01-27,EGX:CIEB,2.67943417,2.75520223,2.65647415,2.7115782,86615.78347315
2010-01-28,EGX:CIEB,2.68173017,2.73224221,2.66336216,2.67943417,169755.96000651
2010-01-31,EGX:CIEB,2.67254617,2.67254617,2.64040214,2.65188215,49799.61121497
2010-02-01,EGX:CIEB,2.7092822,2.72994621,2.65188215,2.70698619,80557.42601294
2010-02-02,EGX:CIEB,2.7092822,2.7092822,2.64269814,2.67025016,149782.10859565
2010-02-03,EGX:CIEB,2.66336216,2.72535421,2.64040214,2.67254617,151093.08314311
2010-02-04,EGX:CIEB,2.66795416,2.7092822,2.64729015,2.66336216,96132.32628448
2010-02-07,EGX:CIEB,2.64269814,2.64269814,2.55085807,2.56922608,182430.16576439
2010-02-08,EGX:CIEB,2.64040214,2.64040214,2.56463408,2.5898901,66228.16933136
2010-02-09,EGX:CIEB,2.57152208,2.62662613,2.51412204,2.54397006,664350.50696823
2010-02-10,EGX:CIEB,2.53708206,2.58070609,2.52560205,2.53478605,97582.67354131
2010-02-11,EGX:CIEB,2.57841009,2.58300209,2.51182604,2.53249005,345831.6013033
2010-02-14,EGX:CIEB,2.54856207,2.54856207,2.49575402,2.51641804,225561.66391568
2010-02-15,EGX:CIEB,2.52560205,2.52560205,2.50264203,2.51641804,179577.38061958
2010-02-16,EGX:CIEB,2.52560205,2.52560205,2.50493803,2.51871404,198762.9051431
2010-02-17,EGX:CIEB,2.53019405,2.5875941,2.50264203,2.53478605,283614.75276335
2010-02-18,EGX:CIEB,2.53019405,2.53708206,2.48197801,2.49805002,174176.68813168
2010-02-21,EGX:CIEB,2.48427401,2.52560205,2.48427401,2.50493803,139938.91099675
2010-02-22,EGX:CIEB,2.50034603,2.57152208,2.49575402,2.53708206,94507.76314094
2010-02-23,EGX:CIEB,2.50953003,2.52330604,2.47968201,2.51412204,255775.0540677
2010-02-24,EGX:CIEB,2.49575402,2.53478605,2.49575402,2.52330604,24856.25163581
2010-02-25,EGX:CIEB,2.54856207,2.58529809,2.52560205,2.55545007,187081.72993945
2010-02-28,EGX:CIEB,2.51641804,2.58300209,2.51641804,2.56463408,110152.34976716
2010-03-01,EGX:CIEB,2.5944821,2.64958615,2.56463408,2.62203412,499420.32702348
2010-03-02,EGX:CIEB,2.63810614,2.64040214,2.60596211,2.61973812,406328.06796202
2010-03-03,EGX:CIEB,2.60596211,2.64958615,2.60596211,2.63581014,329320.29064072
2010-03-04,EGX:CIEB,2.5967781,2.5967781,2.57152208,2.5875941,54442.46459569
2010-03-07,EGX:CIEB,2.56004207,2.60596211,2.53249005,2.55545007,158985.0628109
2010-03-08,EGX:CIEB,2.53249005,2.5921861,2.52560205,2.53249005,103418.90574596
2010-03-09,EGX:CIEB,2.52560205,2.61514612,2.51641804,2.54397006,427098.95705457
2010-03-10,EGX:CIEB,2.57152208,2.57152208,2.53708206,2.54856207,610300.02811763
2010-03-11,EGX:CIEB,2.53708206,2.55085807,2.53249005,2.54397006,79472.9321182
2010-03-14,EGX:CIEB,2.53249005,2.53478605,2.47968201,2.50723403,128728.11868721
2010-03-15,EGX:CIEB,2.50034603,2.50034603,2.42228196,2.45212999,88057.41993565
2010-03-16,EGX:CIEB,2.50493803,2.51412204,2.42457796,2.48197801,63170.68051967
2010-03-17,EGX:CIEB,2.52560205,2.52560205,2.44524198,2.48427401,50339.68046375
2010-03-18,EGX:CIEB,2.51182604,2.64040214,2.51182604,2.61285012,523409.85462292
2010-03-21,EGX:CIEB,2.5944821,2.59907411,2.52560205,2.53937806,82077.45962446
2010-03-22,EGX:CIEB,2.50953003,2.53708206,2.48427401,2.51182604,36803.10606668
2010-03-23,EGX:CIEB,2.53937806,2.61285012,2.50493803,2.53708206,1256005.07981113
2010-03-24,EGX:CIEB,2.5898901,2.5898901,2.45901799,2.51412204,277517.19672863
2010-03-25,EGX:CIEB,2.50264203,2.60137011,2.49116202,2.56693008,663649.28802424
2010-03-28,EGX:CIEB,2.60366611,2.73683422,2.54856207,2.65647415,1218361.38209109
2010-03-29,EGX:CIEB,2.7092822,2.75520223,2.67484217,2.74831423,873718.80421457
2010-03-30,EGX:CIEB,2.73224221,2.75520223,2.68861818,2.72765021,85979.89548667
2010-03-31,EGX:CIEB,2.70239419,2.9572504,2.70239419,2.79193826,1477943.05328332
2010-04-01,EGX:CIEB,2.84704231,2.99628243,2.84704231,2.9664344,597168.50565715
2010-04-06,EGX:CIEB,2.99628243,3.0835305,2.98939442,3.03301846,396637.30926399
2010-04-07,EGX:CIEB,3.06745849,3.07664249,2.93888238,2.98021041,1020343.24986367
2010-04-08,EGX:CIEB,2.98480242,3.2098106,2.98480242,3.09730651,1043004.38132697
2010-04-11,EGX:CIEB,3.16848257,3.23277062,3.16848257,3.2144026,2711304.42321982
2010-04-12,EGX:CIEB,3.2098106,3.2144026,3.16848257,3.2052186,676676.28095269
2010-04-13,EGX:CIEB,3.10419452,3.16848257,3.10419452,3.15011455,349725.32637118
2010-04-14,EGX:CIEB,3.16159456,3.16848257,3.13404254,3.15011455,196384.85828956
2010-04-15,EGX:CIEB,3.10649052,3.12485853,3.09960251,3.11337852,151994.65035682
2010-04-18,EGX:CIEB,3.09960251,3.09960251,3.01694644,3.04679447,359080.7194873
2010-04-19,EGX:CIEB,3.01465044,3.12026653,3.00776244,3.06057048,337438.75096123
2010-04-20,EGX:CIEB,2.9572504,2.9572504,2.86541032,2.90444235,230195.80650206
2010-04-21,EGX:CIEB,2.89296234,2.89296234,2.78964226,2.81260228,114938.93125441
2010-04-22,EGX:CIEB,2.77127425,2.82178629,2.73224221,2.75979424,139786.47209588
2010-04-26,EGX:CIEB,2.75749823,2.92740237,2.75749823,2.86541032,296885.64793319
2010-04-27,EGX:CIEB,2.88148233,3.01235444,2.80801028,2.9664344,378301.08718816
2010-04-28,EGX:CIEB,2.89985035,2.98480242,2.89755435,2.97332241,99255.14605369
2010-04-29,EGX:CIEB,2.98480242,2.98480242,2.87000233,2.9595464,218867.41846899
2010-05-02,EGX:CIEB,2.85393031,2.87000233,2.81260228,2.8378583,67256.04306293
2010-05-03,EGX:CIEB,2.91592236,2.91592236,2.85393031,2.89525835,11432.91756509
2010-05-04,EGX:CIEB,2.89296234,2.89296234,2.8355623,2.89066634,365548.48428127
2010-05-05,EGX:CIEB,2.81489828,2.82408229,2.78275425,2.81260228,31384.99199012
2010-05-06,EGX:CIEB,2.81260228,2.81949028,2.78734626,2.81260228,415156.45802086
2010-05-09,EGX:CIEB,2.75520223,2.75520223,2.68861818,2.75061023,480644.20983372
2010-05-10,EGX:CIEB,2.73224221,2.80112227,2.73224221,2.75749823,10853.6497418
2010-05-11,EGX:CIEB,2.74372222,2.74601823,2.73453822,2.74142622,12260.44302695
2010-05-12,EGX:CIEB,2.74372222,2.74372222,2.65647415,2.67484217,111498.16749196
2010-05-13,EGX:CIEB,2.75061023,2.75520223,2.64269814,2.69550618,11254.34628122
2010-05-16,EGX:CIEB,2.5944821,2.5944821,2.52560205,2.55085807,76276.07059714
2010-05-17,EGX:CIEB,2.52789805,2.60596211,2.52560205,2.54626606,30487.78017358
2010-05-18,EGX:CIEB,2.57152208,2.69780219,2.57152208,2.62203412,51445.95134434
2010-05-19,EGX:CIEB,2.62203412,2.62203412,2.56004207,2.60137011,229694.93582778
2010-05-20,EGX:CIEB,2.57152208,2.58300209,2.55545007,2.56463408,11546.15789145
2010-05-23,EGX:CIEB,2.52560205,2.56004207,2.52560205,2.53249005,107199.39048749
2010-05-24,EGX:CIEB,2.55774607,2.56693008,2.53249005,2.54626606,108497.29884345
2010-05-25,EGX:CIEB,2.52789805,2.52789805,2.29600186,2.45672199,573936.81716488
2010-05-26,EGX:CIEB,2.43376197,2.52101004,2.41080195,2.43605797,531519.60414909
2010-05-27,EGX:CIEB,2.50264203,2.50264203,2.45672199,2.49805002,93632.32831024
2010-05-30,EGX:CIEB,2.52560205,2.54856207,2.51182604,2.52330604,30683.77304613
2010-05-31,EGX:CIEB,2.52101004,2.57152208,2.52101004,2.54167406,11498.24852261
2010-06-01,EGX:CIEB,2.52560205,2.52789805,2.51871404,2.52560205,515683.3800475
2010-06-02,EGX:CIEB,2.52560205,2.57152208,2.52560205,2.53019405,55505.18150459
2010-06-03,EGX:CIEB,2.52560205,2.5944821,2.52560205,2.56922608,39046.13560803
2010-06-06,EGX:CIEB,2.52789805,2.53249005,2.51182604,2.52789805,11515.67011128
2010-06-07,EGX:CIEB,2.52560205,2.57841009,2.52560205,2.52560205,1166397.1384838
2010-06-08,EGX:CIEB,2.53937806,2.53937806,2.52789805,2.53249005,21759.5642496
2010-06-09,EGX:CIEB,2.53019405,2.53249005,2.52560205,2.52789805,46167.20997714
2010-06-10,EGX:CIEB,2.53019405,2.58300209,2.53019405,2.56004207,37160.24863443
2010-06-13,EGX:CIEB,2.53708206,2.61973812,2.53708206,2.58300209,25261.3035724
2010-06-14,EGX:CIEB,2.55315407,2.61744212,2.55085807,2.57841009,79298.71623149
2010-06-15,EGX:CIEB,2.5898901,2.60596211,2.58070609,2.5921861,19682.03980063
2010-06-16,EGX:CIEB,2.61285012,2.66336216,2.61285012,2.64269814,70722.93920838
2010-06-17,EGX:CIEB,2.64499414,2.77816225,2.64499414,2.7115782,546262.6235616
2010-06-20,EGX:CIEB,2.7092822,2.75520223,2.70239419,2.73913022,40601.01239688
2010-06-21,EGX:CIEB,2.75520223,2.76668224,2.7092822,2.75749823,20069.67014855
2010-06-22,EGX:CIEB,2.75520223,2.75520223,2.64499414,2.75061023,38749.96860063
2010-06-23,EGX:CIEB,2.65188215,2.75061023,2.65188215,2.75061023,248.25763856
2010-06-24,EGX:CIEB,2.74372222,2.75061023,2.65647415,2.69091418,10561.83813156
2010-06-27,EGX:CIEB,2.66336216,2.7092822,2.66336216,2.69780219,6180.3085809
2010-06-28,EGX:CIEB,2.66336216,2.66336216,2.66336216,2.66336216,10126.2984148
2010-06-29,EGX:CIEB,2.65647415,2.68402617,2.5967781,2.63351413,16768.27909547
2010-06-30,EGX:CIEB,2.64040214,2.64040214,2.64040214,2.64040214,140352.67372768
2010-07-04,EGX:CIEB,2.57381809,2.57381809,2.45672199,2.50953003,176676.68610592
2010-07-05,EGX:CIEB,2.45901799,2.52560205,2.41080195,2.472794,311811.59402674
2010-07-06,EGX:CIEB,2.41080195,2.58070609,2.41080195,2.52330604,1010473.91988176
2010-07-07,EGX:CIEB,2.52330604,2.52560205,2.41080195,2.44294598,427460.45501948
2010-07-08,EGX:CIEB,2.41768996,2.45672199,2.41768996,2.44064998,17452.07645079
2010-07-11,EGX:CIEB,2.43605797,2.50264203,2.43605797,2.48657001,31846.66408989
2010-07-13,EGX:CIEB,2.50264203,2.52560205,2.43376197,2.50953003,113266.45874203
2010-07-14,EGX:CIEB,2.52560205,2.54856207,2.52560205,2.52560205,391267.10455627
2010-07-15,EGX:CIEB,2.45672199,2.54856207,2.45672199,2.53478605,23628.02963453
2010-07-18,EGX:CIEB,2.45212999,2.45212999,2.45212999,2.45212999,1306.6191503
2010-07-19,EGX:CIEB,2.44753798,2.52330604,2.44753798,2.48886602,11672.46440931
2010-07-20,EGX:CIEB,2.48657001,2.48657001,2.47968201,2.48427401,15858.00108743
2010-07-21,EGX:CIEB,2.43605797,2.51412204,2.43605797,2.46361,13719.50107811
2010-07-22,EGX:CIEB,2.51412204,2.56693008,2.51412204,2.52789805,18837.09275011
2010-07-25,EGX:CIEB,2.49116202,2.53937806,2.49116202,2.52330604,18297.02350132
2010-07-26,EGX:CIEB,2.47968201,2.56693008,2.47738601,2.53708206,50078.3566337
2010-07-27,EGX:CIEB,2.52560205,2.58300209,2.52560205,2.55545007,18815.31576427
2010-07-28,EGX:CIEB,2.58300209,2.5944821,2.56233808,2.57841009,49215.9879945
2010-07-29,EGX:CIEB,2.61514612,2.65647415,2.61514612,2.64040214,261393.51641397
2010-08-01,EGX:CIEB,2.63121813,2.68861818,2.62203412,2.66565816,201654.88886242
2010-08-02,EGX:CIEB,2.64269814,2.7161702,2.64040214,2.66106616,277003.25986285
2010-08-03,EGX:CIEB,2.54856207,2.73224221,2.54856207,2.67484217,574163.2978176
2010-08-04,EGX:CIEB,2.67025016,2.73224221,2.67025016,2.7092822,135465.91810557
2010-08-05,EGX:CIEB,2.7092822,2.79423426,2.7092822,2.75749823,426624.21876329
2010-08-08,EGX:CIEB,2.73224221,2.77586625,2.7115782,2.75290623,73344.88830331
2010-08-09,EGX:CIEB,2.77816225,2.78045825,2.75749823,2.76897824,17073.15689721
2010-08-10,EGX:CIEB,2.76668224,2.76668224,2.73224221,2.75290623,69385.83227791
2010-08-11,EGX:CIEB,2.75749823,2.77357025,2.73453822,2.75290623,67155.86892807
2010-08-12,EGX:CIEB,2.74372222,2.74372222,2.73453822,2.73453822,17682.91250068
2010-08-15,EGX:CIEB,2.69780219,2.73224221,2.69780219,2.7161702,2395.46844221
2010-08-16,EGX:CIEB,2.69091418,2.72994621,2.69091418,2.7092822,9555.74138583
2010-08-17,EGX:CIEB,2.7138742,2.73224221,2.69091418,2.7115782,37369.30769848
2010-08-18,EGX:CIEB,2.70239419,2.75520223,2.70239419,2.74601823,6315.3258931
2010-08-19,EGX:CIEB,2.69780219,2.75520223,2.69780219,2.7161702,48906.7547956
2010-08-23,EGX:CIEB,2.75520223,2.79882627,2.75520223,2.76209024,191019.00897901
2010-08-24,EGX:CIEB,2.7092822,2.80112227,2.70239419,2.77127425,24006.94918811
2010-08-25,EGX:CIEB,2.75520223,2.77816225,2.75290623,2.75520223,39442.47675028
2010-08-26,EGX:CIEB,2.75520223,2.84474631,2.75520223,2.79193826,123475.50970301
2010-08-29,EGX:CIEB,2.76668224,2.78964226,2.75520223,2.77127425,12495.634474
2010-08-30,EGX:CIEB,2.77816225,2.85622631,2.75749823,2.81030628,56903.26399541
2010-08-31,EGX:CIEB,2.75520223,2.88607434,2.75520223,2.83097029,247007.63956921
2010-09-01,EGX:CIEB,2.84704231,2.91592236,2.84704231,2.87689033,100731.62569352
2010-09-02,EGX:CIEB,2.87000233,3.00776244,2.87000233,2.9595464,213458.01518676
2010-09-05,EGX:CIEB,2.87229833,2.98480242,2.87229833,2.98480242,281868.23849912
2010-09-06,EGX:CIEB,2.90903436,2.91592236,2.90903436,2.91592236,27286.56325536
2010-09-08,EGX:CIEB,2.92051437,2.98480242,2.91592236,2.9595464,125256.86714459
2010-09-14,EGX:CIEB,2.98480242,2.98480242,2.93888238,2.98250642,12979.08355961
2010-09-15,EGX:CIEB,2.98250642,2.98250642,2.91592236,2.97332241,118183.70214431
2010-09-16,EGX:CIEB,2.97561841,2.98250642,2.88607434,2.91821836,102861.4149085
2010-09-19,EGX:CIEB,2.83097029,2.87229833,2.82637829,2.85622631,124372.72151955
2010-09-20,EGX:CIEB,2.87229833,2.87229833,2.87000233,2.87000233,546972.55329993
2010-09-21,EGX:CIEB,2.87000233,2.91592236,2.84704231,2.91362636,377926.52303175
2010-09-22,EGX:CIEB,2.87000233,2.98480242,2.87000233,2.89755435,1262368.31507308
2010-09-23,EGX:CIEB,2.98250642,2.98250642,2.91133036,2.92740237,19115.83816884
2010-09-26,EGX:CIEB,2.90673836,2.93888238,2.90673836,2.93658638,8053.12936299
2010-09-27,EGX:CIEB,2.91133036,2.93888238,2.87000233,2.88148233,125631.431301
2010-09-28,EGX:CIEB,2.88148233,2.88607434,2.87229833,2.87918633,21737.78726377
2010-09-29,EGX:CIEB,2.90214635,2.95036239,2.89296234,2.90444235,596070.94557091
2010-09-30,EGX:CIEB,2.93888238,3.00087443,2.93888238,2.98021041,413976.14538842
2010-10-03,EGX:CIEB,2.98250642,2.98480242,2.93888238,2.97561841,12190.75667227
2010-10-04,EGX:CIEB,2.92740237,3.03072246,2.92051437,3.01005844,261968.4288401
2010-10-05,EGX:CIEB,2.93888238,3.03072246,2.93888238,2.98709842,75283.04004291
2010-10-07,EGX:CIEB,3.07434649,3.11108252,3.03072246,3.07664249,103375.35177429
2010-10-10,EGX:CIEB,2.98480242,3.00776244,2.98480242,2.99628243,23954.6844221
2010-10-11,EGX:CIEB,3.01005844,3.0858265,3.00776244,3.05368247,152438.90086792
2010-10-12,EGX:CIEB,3.04220247,3.09730651,3.04220247,3.07664249,58797.86176334
2010-10-13,EGX:CIEB,3.09960251,3.13863454,3.09960251,3.10649052,65217.71718846
2010-10-14,EGX:CIEB,3.10189851,3.14552255,3.10189851,3.13174654,82804.81095145
2010-10-17,EGX:CIEB,3.13404254,3.26950665,3.13404254,3.2052186,419642.51710354
2010-10-18,EGX:CIEB,3.2075146,3.2144026,3.16618657,3.2121066,93205.49938781
2010-10-19,EGX:CIEB,3.20062659,3.2144026,3.18685058,3.2098106,311650.44433154
2010-10-20,EGX:CIEB,3.15700256,3.15929856,3.15700256,3.15700256,16972.98276235
2010-10-21,EGX:CIEB,3.15929856,3.16848257,3.14781855,3.15929856,108449.38947461
2010-10-24,EGX:CIEB,3.2029226,3.23736262,3.17996258,3.2144026,471419.47863262
2010-10-25,EGX:CIEB,3.2144026,3.26721065,3.2144026,3.23047462,81881.46675191
2010-10-26,EGX:CIEB,3.2144026,3.29476267,3.2052186,3.26261864,324111.2356282
2010-10-27,EGX:CIEB,3.23047462,3.29246667,3.23047462,3.26032264,86236.86391957
2010-10-28,EGX:CIEB,3.29476267,3.29476267,3.17996258,3.22817862,138170.61974668
2010-10-31,EGX:CIEB,3.19603459,3.2144026,3.19603459,3.2075146,4590.58861471
2010-11-01,EGX:CIEB,3.26491465,3.26491465,3.19144259,3.2144026,264067.73027491
2010-11-03,EGX:CIEB,3.17077857,3.2144026,3.17077857,3.2121066,15243.89008679
2010-11-04,EGX:CIEB,3.17307457,3.42104277,3.17307457,3.29705867,682830.45715059
2010-11-07,EGX:CIEB,3.3292027,3.38660274,3.30624268,3.36134672,43654.1458114
2010-11-08,EGX:CIEB,3.34068271,3.36134672,3.24884263,3.35675472,425208.71468381
2010-11-09,EGX:CIEB,3.23736262,3.25113863,3.23736262,3.24654663,13018.28213412
2010-11-10,EGX:CIEB,3.25113863,3.28328266,3.25113863,3.28328266,44128.88410268
2010-11-11,EGX:CIEB,3.27869066,3.38660274,3.27869066,3.38430674,512630.24663297
2010-11-14,EGX:CIEB,3.37512273,3.37512273,3.30624268,3.32231469,81737.73864538
2010-11-18,EGX:CIEB,3.37512273,3.37512273,3.35216272,3.35675472,1040.93992307
2010-11-21,EGX:CIEB,3.38660274,3.38660274,3.35675472,3.37282673,81445.92703515
2010-11-22,EGX:CIEB,3.41645077,3.53584287,3.37512273,3.44170679,612786.95990036
2010-11-23,EGX:CIEB,3.38660274,3.51288285,3.38660274,3.47385081,573192.04424921
2010-11-24,EGX:CIEB,3.40497076,3.46696281,3.40037876,3.44170679,59690.71818271
2010-11-25,EGX:CIEB,3.44400279,3.51058684,3.40267476,3.4554828,85731.63784812
2010-11-28,EGX:CIEB,3.50829084,3.51058684,3.39349075,3.43252278,26175.93697761
2010-11-29,EGX:CIEB,3.48303482,3.48992283,3.44400279,3.47385081,117813.49338506
2010-11-30,EGX:CIEB,3.42333877,3.46696281,3.42104277,3.44170679,148749.87946692
2010-12-01,EGX:CIEB,3.49910684,3.49910684,3.36364273,3.37741874,43776.0969321
2010-12-02,EGX:CIEB,3.36823473,3.36823473,3.36823473,3.36823473,653.30957515
2010-12-05,EGX:CIEB,3.44400279,3.44400279,3.44400279,3.44400279,66872.76811217
2010-12-06,EGX:CIEB,3.44400279,3.48762683,3.44400279,3.4554828,71084.43717329
2010-12-08,EGX:CIEB,3.4508908,3.60931492,3.44859479,3.54273087,327312.45254643
2010-12-09,EGX:CIEB,3.53813887,3.70345077,3.53813887,3.67360298,672407.99172839
2010-12-12,EGX:CIEB,3.5840589,3.73100302,3.55880288,3.60242692,167438.88871332
2010-12-13,EGX:CIEB,3.67360298,3.68508276,3.60701892,3.66441897,166811.71152118
2010-12-14,EGX:CIEB,3.68508276,3.696563,3.67360298,3.68049121,191964.13016439
2010-12-15,EGX:CIEB,3.63457095,3.66441897,3.60931492,3.63916295,26567.92272269
2010-12-16,EGX:CIEB,3.63916295,3.68737876,3.5817629,3.66671497,49651.52771127
2010-12-19,EGX:CIEB,3.5817629,3.68508276,3.5817629,3.66212297,60461.62348138
2010-12-20,EGX:CIEB,3.60472292,3.60472292,3.60472292,3.60472292,505.22607145
2010-12-21,EGX:CIEB,3.61620293,3.67360298,3.61620293,3.66212297,96027.79675245
2010-12-22,EGX:CIEB,3.64834696,3.65064296,3.61620293,3.63686695,31864.08567856
2010-12-23,EGX:CIEB,3.62768294,3.62768294,3.59324291,3.60472292,238584.30144696
2010-12-26,EGX:CIEB,3.62538694,3.62768294,3.56109889,3.61161093,36837.94924402
2010-12-27,EGX:CIEB,3.5817629,3.5817629,3.55880288,3.56109889,23584.47566285
2010-12-28,EGX:CIEB,3.54043487,3.54273087,3.51517885,3.52665886,17665.49091201
2010-12-29,EGX:CIEB,3.50369884,3.5817629,3.4577788,3.48762683,34655.89526303
2010-12-30,EGX:CIEB,3.59324291,3.66671497,3.56798689,3.62309094,206842.1668891
2011-01-02,EGX:CIEB,3.5817629,3.60931492,3.5817629,3.60242692,7386.75359634
2011-01-03,EGX:CIEB,3.59324291,3.67360298,3.5840589,3.64375495,24285.69460684
2011-01-04,EGX:CIEB,3.67360298,3.76544305,3.67360298,3.68737876,192295.14034913
2011-01-05,EGX:CIEB,3.77003505,3.78840307,3.67589898,3.72181879,307556.37099395
2011-01-06,EGX:CIEB,3.72181879,3.72181879,3.71722724,3.72181879,4331468.61561574
2011-01-10,EGX:CIEB,3.696563,3.72641102,3.67360298,3.68737876,131097.45474641
2011-01-11,EGX:CIEB,3.72870702,3.77921883,3.72870702,3.73789126,8928.56419369
2011-01-12,EGX:CIEB,3.69197099,3.78840307,3.69197099,3.76544305,861785.01597519
2011-01-13,EGX:CIEB,3.76544305,3.78840307,3.71952324,3.78151483,258601.70682951
2011-01-16,EGX:CIEB,3.7447788,3.76544305,3.65523496,3.68278721,160779.48644398
2011-01-17,EGX:CIEB,3.73100302,3.74018726,3.58635491,3.63916295,420513.59653707
2011-01-18,EGX:CIEB,3.60472292,3.65064296,3.44629879,3.61849893,389529.30108638
2011-01-19,EGX:CIEB,3.4554828,3.53584287,3.35216272,3.39119475,91027.80080399
2011-01-23,EGX:CIEB,3.42104277,3.51288285,3.42104277,3.4508908,13501.73121973
2011-01-24,EGX:CIEB,3.42333877,3.62538694,3.42333877,3.4600748,29982.55410214
2011-01-26,EGX:CIEB,3.35216272,3.39808275,3.2144026,3.3269067,327569.42097932
2011-01-27,EGX:CIEB,2.98480242,3.09960251,2.9618424,3.01924245,100060.8945297
2011-03-23,EGX:CIEB,2.7184662,2.7184662,2.7184662,2.7184662,50783.93097486
2011-03-24,EGX:CIEB,2.44753798,2.52560205,2.44753798,2.45442599,1467577.2080243
2011-03-27,EGX:CIEB,2.21104979,2.69780219,2.21104979,2.51412204,401580.68504928
2011-03-28,EGX:CIEB,2.69780219,2.69780219,2.51412204,2.58300209,292530.25076554
2011-03-29,EGX:CIEB,2.54856207,2.66106616,2.54626606,2.62203412,145165.38759794
2011-03-30,EGX:CIEB,2.5944821,2.64040214,2.52560205,2.54626606,263806.40644485
2011-03-31,EGX:CIEB,2.54856207,2.64040214,2.54856207,2.61744212,14590.58051164
2011-04-03,EGX:CIEB,2.68173017,2.80112227,2.68173017,2.74831423,183466.75029029
2011-04-04,EGX:CIEB,2.77816225,2.78275425,2.73224221,2.75749823,560326.20101596
2011-04-05,EGX:CIEB,2.75520223,2.8332663,2.75520223,2.80801028,75653.24880216
2011-04-06,EGX:CIEB,2.8355623,2.84474631,2.80341827,2.82178629,253052.93083791
2011-04-07,EGX:CIEB,2.8355623,2.84474631,2.80112227,2.81030628,157578.26952575
2011-04-10,EGX:CIEB,2.82867429,2.87000233,2.81489828,2.82867429,124015.5789518
2011-04-11,EGX:CIEB,2.82408229,2.82408229,2.75979424,2.77816225,675016.87463182
2011-04-12,EGX:CIEB,2.75520223,2.79653027,2.75520223,2.77127425,155553.00984279
2011-04-13,EGX:CIEB,2.81030628,2.91362636,2.81030628,2.87229833,673313.91433926
2011-04-14,EGX:CIEB,2.87229833,2.92051437,2.86770632,2.88837034,245805.54995094
2011-04-17,EGX:CIEB,2.89296234,2.89296234,2.81260228,2.8424503,145513.81937135
2011-04-18,EGX:CIEB,2.8355623,2.87000233,2.73683422,2.77127425,625526.49661576
2011-04-19,EGX:CIEB,2.49575402,2.52560205,2.49575402,2.50493803,364442.21340069
2011-04-20,EGX:CIEB,2.37636193,2.50264203,2.37636193,2.46361,18693.36464357
2011-04-21,EGX:CIEB,2.41539396,2.47968201,2.41539396,2.45672199,161062.58725988
2011-04-26,EGX:CIEB,2.43376197,2.44524198,2.43376197,2.44294598,7434.66296519
2011-04-27,EGX:CIEB,2.45672199,2.50264203,2.45672199,2.49345802,78723.80380536
2011-04-28,EGX:CIEB,2.49116202,2.49116202,2.45672199,2.47509001,63898.03184666
2011-05-02,EGX:CIEB,2.46131399,2.5944821,2.45672199,2.54167406,219520.72804414
2011-05-03,EGX:CIEB,2.60366611,2.67484217,2.52560205,2.62433013,159917.11780478
2011-05-04,EGX:CIEB,2.5944821,2.67254617,2.58300209,2.62892213,159559.97523703
2011-05-05,EGX:CIEB,2.66336216,2.67713817,2.60825811,2.66106616,555204.2539468
2011-05-08,EGX:CIEB,2.5944821,2.60366611,2.41998596,2.56463408,396981.38564024
2011-05-09,EGX:CIEB,2.5944821,2.65877015,2.58300209,2.5944821,227822.11504569
2011-05-10,EGX:CIEB,2.58300209,2.58300209,2.51412204,2.52789805,781471.49220364
2011-05-11,EGX:CIEB,2.5944821,2.64499414,2.55774607,2.61744212,340374.28865223
2011-05-12,EGX:CIEB,2.61744212,2.7207622,2.61744212,2.69550618,1015643.77631977
2011-05-15,EGX:CIEB,2.7092822,2.73224221,2.7092822,2.7207622,327547.64399348
2011-05-16,EGX:CIEB,2.5967781,2.72305821,2.5967781,2.7207622,153057.36726573
2011-05-17,EGX:CIEB,2.7092822,2.73224221,2.65417815,2.7207622,181750.72380624
2011-05-18,EGX:CIEB,2.7207622,2.73224221,2.7207622,2.7207622,181223.72074895
2011-05-19,EGX:CIEB,2.7207622,2.72305821,2.7184662,2.7207622,256615.64572106
2011-05-22,EGX:CIEB,2.73224221,2.74372222,2.63121813,2.69550618,12077.51634591
2011-05-24,EGX:CIEB,2.63121813,2.63121813,2.60596211,2.61744212,2373.69145637
2011-05-25,EGX:CIEB,2.60596211,2.70698619,2.60596211,2.62203412,146001.62385413
2011-05-26,EGX:CIEB,2.62892213,2.62892213,2.62892213,2.62892213,1306.6191503
2011-05-29,EGX:CIEB,2.7092822,2.7092822,2.64040214,2.68632218,3222.99390406
2011-05-30,EGX:CIEB,2.70698619,2.7092822,2.70469019,2.70698619,8144.59270351
2011-05-31,EGX:CIEB,2.68632218,2.68632218,2.61744212,2.63581014,3266.54787574
2011-06-01,EGX:CIEB,2.62662613,2.66106616,2.62433013,2.62892213,10452.95320237
2011-06-02,EGX:CIEB,2.62433013,2.62433013,2.57381809,2.59907411,47251.70387189
2011-06-05,EGX:CIEB,2.61744212,2.61744212,2.5944821,2.60137011,7839.71490178
2011-06-06,EGX:CIEB,2.5875941,2.66336216,2.58300209,2.63581014,44856.23542968
2011-06-07,EGX:CIEB,2.64040214,2.66336216,2.62203412,2.64499414,6533.09575148
2011-06-08,EGX:CIEB,2.59907411,2.64040214,2.59907411,2.60825811,4355.39716765
2011-06-09,EGX:CIEB,2.60596211,2.62892213,2.60596211,2.61055412,8684.6619523
2011-06-13,EGX:CIEB,2.60366611,2.64040214,2.60137011,2.60825811,28915.48179606
2011-06-14,EGX:CIEB,2.66106616,2.69780219,2.57841009,2.5967781,1657280.88705868
2011-06-15,EGX:CIEB,2.5944821,2.5944821,2.57841009,2.5944821,1376466.65467413
2011-06-16,EGX:CIEB,2.58300209,2.58300209,2.41080195,2.48886602,1310900.50571226
2011-06-19,EGX:CIEB,2.48197801,2.56463408,2.45901799,2.54856207,108884.92919137
2011-06-20,EGX:CIEB,2.51182604,2.51182604,2.45672199,2.48427401,605700.72870859
2011-06-21,EGX:CIEB,2.49116202,2.50264203,2.45212999,2.45672199,200905.76054958
2011-06-22,EGX:CIEB,2.470498,2.49116202,2.45442599,2.45901799,154999.8744025
2011-06-23,EGX:CIEB,2.45672199,2.49116202,2.36258591,2.41998596,382530.17783796
2011-06-26,EGX:CIEB,2.38784193,2.38784193,2.38784193,2.38784193,4355.39716765
2011-06-27,EGX:CIEB,2.37636193,2.38784193,2.3488099,2.36028991,254886.5530455
2011-06-28,EGX:CIEB,2.41080195,2.468202,2.41080195,2.43605797,285805.51753868
2011-06-29,EGX:CIEB,2.42228196,2.42228196,2.32125788,2.35340191,152613.11675463
2011-06-30,EGX:CIEB,2.35799391,2.40850595,2.33273789,2.35340191,12270024.9007172
2011-07-03,EGX:CIEB,2.38324993,2.38324993,2.33732989,2.3465139,133710.693047
2011-07-04,EGX:CIEB,2.36258591,2.39243394,2.3419219,2.3465139,217713.23821956
2011-07-05,EGX:CIEB,2.3442179,2.37636193,2.3419219,2.3465139,202887.46626087
2011-07-06,EGX:CIEB,2.3396259,2.3396259,2.27763385,2.30518587,144054.76132018
2011-07-07,EGX:CIEB,2.3419219,2.3419219,2.29829786,2.31896188,39581.84945965
2011-07-10,EGX:CIEB,2.33044189,2.33044189,2.27763385,2.29370586,32883.24861579
2011-07-11,EGX:CIEB,2.27304184,2.27304184,2.25008182,2.26385783,41332.71912104
2011-07-12,EGX:CIEB,2.29600186,2.29600186,2.13528173,2.2156418,201258.54772016
2011-07-13,EGX:CIEB,2.29600186,2.3396259,2.29600186,2.30059386,225500.68835533
2011-07-14,EGX:CIEB,2.26385783,2.26385783,2.25008182,2.25008182,838801.58512148
2011-07-17,EGX:CIEB,2.31896188,2.31896188,2.31896188,2.31896188,29442.48485335
2011-07-18,EGX:CIEB,2.29370586,2.31896188,2.23630581,2.26156183,60540.0206304
2011-07-19,EGX:CIEB,2.3396259,2.3396259,2.29370586,2.31666588,29616.70074005
2011-07-20,EGX:CIEB,2.30059386,2.30059386,2.27304184,2.28452185,263436.1976856
2011-07-21,EGX:CIEB,2.27304184,2.27533784,2.26156183,2.26615384,21742.14266093
2011-07-25,EGX:CIEB,2.27304184,2.27304184,2.27074584,2.27304184,8493.02447693
2011-07-26,EGX:CIEB,2.28911385,2.29370586,2.26156183,2.27304184,12142.84730342
2011-07-27,EGX:CIEB,2.26156183,2.26156183,2.24548982,2.25237783,34320.52968112
2011-07-28,EGX:CIEB,2.25008182,2.25008182,2.2271218,2.23630581,63806.56850614
2011-07-31,EGX:CIEB,2.28452185,2.29140986,2.23860181,2.27074584,13501.73121973
2011-08-01,EGX:CIEB,2.29600186,2.29600186,2.26156183,2.29370586,14590.58051164
2011-08-02,EGX:CIEB,2.26156183,2.26156183,2.23860181,2.24089782,29878.02457011
2011-08-03,EGX:CIEB,2.23860181,2.23860181,2.22941781,2.23860181,19250.85548103
2011-08-04,EGX:CIEB,2.22941781,2.26844984,2.22941781,2.24778582,38784.81177797
2011-08-07,EGX:CIEB,2.20416179,2.20416179,2.07558568,2.12380172,263492.81784878
2011-08-08,EGX:CIEB,2.11002571,2.13528173,2.06640167,2.11920972,185461.52219308
2011-08-09,EGX:CIEB,2.07099391,2.07099391,2.06180967,2.06640167,322430.05232149
2011-08-10,EGX:CIEB,2.07099391,2.07099391,2.00900163,2.06640167,68815.27524895
2011-08-11,EGX:CIEB,2.06640167,2.06640167,2.03196165,2.06640167,201768.12918878
2011-08-14,EGX:CIEB,2.06640167,2.1008417,2.06640167,2.06640167,148440.64626801
2011-08-15,EGX:CIEB,2.13757773,2.15824175,2.06640167,2.06640167,518736.51346203
2011-08-16,EGX:CIEB,2.08936169,2.08936169,2.07788168,2.08476969,6533.09575148
2011-08-17,EGX:CIEB,2.04344166,2.1008417,2.04344166,2.05262566,6315.3258931
2011-08-18,EGX:CIEB,2.04344166,2.1008417,2.04344166,2.05721767,19076.63959433
2011-08-21,EGX:CIEB,2.02048164,2.15594575,2.02048164,2.10772971,12913.7526021
2011-08-22,EGX:CIEB,2.0939537,2.0939537,2.04344166,2.07788168,6276.12731859
2011-08-23,EGX:CIEB,2.06640167,2.08936169,2.06640167,2.07328968,3048.77801736
2011-08-24,EGX:CIEB,2.07788168,2.07788168,2.01359386,2.03425765,52739.50430313
2011-08-25,EGX:CIEB,2.07558568,2.07558568,2.06640167,2.07328968,74477.2915669
2011-08-28,EGX:CIEB,2.06869768,2.06869768,2.05492167,2.06180967,36785.68447801
2011-08-29,EGX:CIEB,2.06640167,2.06640167,2.05492167,2.06410567,20470.36668798
2011-09-04,EGX:CIEB,2.01588963,2.02277764,2.01588963,2.02048164,3266.54787574
2011-09-05,EGX:CIEB,2.03196165,2.04344166,2.03196165,2.04114565,26785.69258108
2011-09-06,EGX:CIEB,2.04344166,2.04344166,2.04344166,2.04344166,1437.28106533
2011-09-07,EGX:CIEB,2.02507364,2.03425765,2.02507364,2.03196165,16114.96952032
2011-09-08,EGX:CIEB,2.03425765,2.03884965,2.02507364,2.03196165,188980.68310454
2011-09-11,EGX:CIEB,2.02048164,2.06410567,2.02048164,2.03196165,22756.950201
2011-09-12,EGX:CIEB,2.04114565,2.05721767,2.02048164,2.02507364,40287.42380081
2011-09-13,EGX:CIEB,2.01588963,2.02048164,1.9745616,2.00440962,27830.98790131
2011-09-14,EGX:CIEB,1.9745616,1.9745616,1.94012157,1.95160158,17726.46647236
2011-09-15,EGX:CIEB,1.94012157,1.9722656,1.89649754,1.92864156,27761.30154663
2011-09-18,EGX:CIEB,2.02048164,2.02048164,1.83680149,1.84139372,570230.37417521
2011-09-19,EGX:CIEB,1.92864156,1.92864156,1.83680149,1.8459855,219856.09362605
2011-09-20,EGX:CIEB,1.89420153,1.96078559,1.8505775,1.88042552,7534.83710004
2011-09-21,EGX:CIEB,1.87124152,1.91486555,1.8505775,1.86894551,17077.51229437
2011-09-22,EGX:CIEB,1.86205751,1.89420153,1.86205751,1.87353752,8619.33099479
2011-09-25,EGX:CIEB,1.84368949,1.84368949,1.83680149,1.83909749,74198.54614817
2011-09-26,EGX:CIEB,1.83680149,1.8459855,1.83680149,1.83909749,172909.2675559
2011-09-27,EGX:CIEB,1.83680149,1.8505775,1.83680149,1.8459855,19076.63959433
2011-09-28,EGX:CIEB,1.8482815,1.8482815,1.82532148,1.8459855,71864.0532663
2011-09-29,EGX:CIEB,1.83680149,1.86894551,1.79088145,1.82072948,177312.5740924
2011-10-03,EGX:CIEB,1.79317745,1.79317745,1.79317745,1.79317745,6533.09575148
2011-10-04,EGX:CIEB,1.83680149,1.83680149,1.80465746,1.80924947,2177.69858383
2011-10-05,EGX:CIEB,1.79088145,1.83680149,1.78169744,1.79088145,71384.95957786
2011-10-10,EGX:CIEB,1.79317745,1.79547345,1.77021743,1.78628945,99355.32018854
2011-10-11,EGX:CIEB,1.77940144,1.77940144,1.77940144,1.77940144,836.23625619
2011-10-12,EGX:CIEB,1.79088145,1.79088145,1.77940144,1.78399345,6576.64972316
2011-10-13,EGX:CIEB,1.82302548,1.83680149,1.82302548,1.82532148,30605.37589711
2011-10-16,EGX:CIEB,1.87124152,1.87124152,1.87124152,1.87124152,653.30957515
2011-10-17,EGX:CIEB,1.93552957,1.94930558,1.88272153,1.92864156,33523.49199944
2011-10-18,EGX:CIEB,1.89649754,1.95160158,1.88272153,1.92634556,41158.50323434
2011-10-19,EGX:CIEB,1.95160158,1.95160158,1.90797755,1.92175356,3763.06315285
2011-10-20,EGX:CIEB,1.9745616,1.9745616,1.9699696,1.9722656,1742.15886706
2011-10-23,EGX:CIEB,1.9722656,1.99752162,1.9722656,1.98833761,83623.62561897
2011-10-24,EGX:CIEB,1.96537759,2.00670563,1.92864156,1.93323357,205953.66586689
2011-10-25,EGX:CIEB,1.92634556,1.92634556,1.92634556,1.92634556,3018.29023718
2011-10-26,EGX:CIEB,1.95160158,1.95160158,1.95160158,1.95160158,87478.15211235
2011-10-27,EGX:CIEB,1.95160158,1.95389758,1.95160158,1.95160158,44751.70589765
2011-10-30,EGX:CIEB,2.00900163,2.00900163,1.99752162,2.00670563,12412.88192782
2011-10-31,EGX:CIEB,2.00900163,2.04803366,1.95160158,1.99522562,49433.75785288
2011-11-03,EGX:CIEB,2.03196165,2.15135374,2.02048164,2.07099391,306998.88015649
2011-11-09,EGX:CIEB,2.06640167,2.11232171,2.06640167,2.08936169,145905.80511644
2011-11-10,EGX:CIEB,2.06640167,2.10772971,2.06640167,2.08936169,261367.38403097
2011-11-13,EGX:CIEB,2.01129763,2.11232171,2.01129763,2.1031377,82857.07571747
2011-11-15,EGX:CIEB,2.06640167,2.10772971,2.06640167,2.0985457,95818.73768841
2011-11-17,EGX:CIEB,2.02277764,2.06410567,1.88960953,1.93093756,22482.56017943
2011-11-20,EGX:CIEB,1.89420153,1.92634556,1.85976151,1.88042552,33815.30360967
2011-11-21,EGX:CIEB,1.84368949,1.85976151,1.78399345,1.81154547,33754.32804932
2011-11-23,EGX:CIEB,1.83680149,1.87124152,1.83680149,1.85746551,89120.13684455
2011-11-24,EGX:CIEB,1.8528735,1.8528735,1.83680149,1.84368949,68196.80885114
2011-11-29,EGX:CIEB,1.8528735,1.90568154,1.83680149,1.8551695,1114267.38978414
2011-11-30,EGX:CIEB,1.90108954,1.90108954,1.87124152,1.87583352,137804.7663846
2011-12-01,EGX:CIEB,1.87353752,1.87812952,1.83909749,1.86435351,512660.73441315
2011-12-04,EGX:CIEB,1.88272153,1.91256955,1.81384147,1.84368949,69686.35468248
2011-12-05,EGX:CIEB,1.79776946,1.85746551,1.79776946,1.83450549,49869.29756965
2011-12-06,EGX:CIEB,1.83680149,1.86894551,1.83680149,1.83909749,97691.5584705
2011-12-07,EGX:CIEB,1.8459855,1.87812952,1.83680149,1.84368949,178462.39894466
2011-12-08,EGX:CIEB,1.83680149,1.8528735,1.82302548,1.83909749,41833.58979532
2011-12-11,EGX:CIEB,1.84139372,1.8551695,1.83680149,1.83909749,62608.83428504
2011-12-12,EGX:CIEB,1.83450549,1.83680149,1.81613747,1.83220948,102399.74280873
2011-12-13,EGX:CIEB,1.83680149,1.84368949,1.83680149,1.83680149,37378.01849281
2011-12-14,EGX:CIEB,1.83680149,1.83909749,1.82532148,1.83680149,17203.81881224
2011-12-15,EGX:CIEB,1.8551695,1.8551695,1.83680149,1.84368949,653.30957515
2011-12-18,EGX:CIEB,1.82761748,1.83680149,1.79776946,1.82761748,67182.00131108
2011-12-19,EGX:CIEB,1.83680149,1.83680149,1.81384147,1.83680149,128013.83355171
2011-12-20,EGX:CIEB,1.83450549,1.83450549,1.79088145,1.80465746,17421.58867062
2011-12-21,EGX:CIEB,1.80695346,1.83450549,1.80695346,1.81843347,8275.25461854
2011-12-22,EGX:CIEB,1.79317745,1.79317745,1.76792143,1.77940144,32709.03272909
2011-12-25,EGX:CIEB,1.83680149,1.83680149,1.81384147,1.81613747,14808.35037003
2011-12-26,EGX:CIEB,1.79317745,1.79317745,1.79317745,1.79317745,1371.95010781
2011-12-27,EGX:CIEB,1.79317745,1.82761748,1.77940144,1.79317745,78832.68873455
2011-12-28,EGX:CIEB,1.78169744,1.83680149,1.77940144,1.82761748,262778.53271329
2011-12-29,EGX:CIEB,1.83220948,1.83680149,1.76792143,1.82302548,246153.98172435
2012-01-03,EGX:CIEB,1.78169744,1.78169744,1.78169744,1.78169744,435.53971677
2012-01-04,EGX:CIEB,1.83220948,1.83220948,1.76792143,1.78169744,72952.90255822
2012-01-05,EGX:CIEB,1.78399345,1.78399345,1.77251344,1.77480944,27334.4726242
2012-01-10,EGX:CIEB,1.8482815,1.8482815,1.83680149,1.83680149,442943.8919505
2012-01-11,EGX:CIEB,1.78399345,1.83680149,1.78169744,1.82991348,36258.68142073
2012-01-15,EGX:CIEB,1.83680149,1.83680149,1.79088145,1.83220948,6598.426709
2012-01-16,EGX:CIEB,1.80465746,1.80465746,1.79088145,1.79547345,16550.50923709
2012-01-17,EGX:CIEB,1.79088145,1.83680149,1.77021743,1.82532148,74041.75185013
2012-01-18,EGX:CIEB,1.8482815,1.8482815,1.83680149,1.8459855,67617.54102784
2012-01-19,EGX:CIEB,1.83680149,1.83680149,1.83680149,1.83680149,8710.79433531
2012-01-22,EGX:CIEB,1.79547345,1.79776946,1.79547345,1.79547345,5226.47660119
2012-01-23,EGX:CIEB,1.79547345,1.83680149,1.79547345,1.83220948,28418.96651895
2012-01-24,EGX:CIEB,1.83680149,1.83680149,1.82532148,1.83680149,52992.11733886
2012-01-26,EGX:CIEB,1.85976151,2.02048164,1.85976151,2.01129763,931066.31872108
2012-01-29,EGX:CIEB,1.99752162,2.21104979,1.99752162,2.16283375,1907250.19670189
2012-01-31,EGX:CIEB,2.27304184,2.29600186,2.26156183,2.29140986,153484.19618816
2012-02-01,EGX:CIEB,2.29600186,2.29600186,2.2271218,2.25237783,19599.28725445
2012-02-02,EGX:CIEB,2.03884965,2.28681785,2.03884965,2.14905774,56729.0481087
2012-02-06,EGX:CIEB,2.11232171,2.11232171,2.08936169,2.10772971,14155.04079488
2012-02-07,EGX:CIEB,2.07788168,2.13528173,2.07099391,2.08476969,65113.18765644
2012-02-08,EGX:CIEB,2.08936169,2.12380172,2.08247369,2.0962497,26785.69258108
2012-02-09,EGX:CIEB,2.12150572,2.13528173,2.07328968,2.10543371,51794.38311775
2012-02-12,EGX:CIEB,2.24319405,2.25008182,2.24319405,2.25008182,153654.05667769
2012-02-13,EGX:CIEB,2.13528173,2.25008182,2.13528173,2.24319405,205792.51617169
2012-02-14,EGX:CIEB,2.26156183,2.26844984,2.20416179,2.25696983,53980.79249591
2012-02-15,EGX:CIEB,2.20645779,2.24319405,2.15824175,2.19497778,95735.98514222
2012-02-16,EGX:CIEB,2.2271218,2.2271218,2.12609772,2.15824175,18728.20782092
2012-02-19,EGX:CIEB,2.23860181,2.23860181,2.13757773,2.14905774,5583.61916893
2012-02-20,EGX:CIEB,2.14905774,2.26844984,2.14905774,2.24548982,4377.17415349
2012-02-21,EGX:CIEB,2.24548982,2.24548982,2.0962497,2.13068973,34054.85045389
2012-02-22,EGX:CIEB,2.13068973,2.13068973,2.11002571,2.12150572,4224.73525263
2012-02-23,EGX:CIEB,2.08476969,2.17660976,2.08476969,2.15594575,49568.77516508
2012-02-26,EGX:CIEB,2.13528173,2.23860181,2.13528173,2.17890577,10736.05401827
2012-02-27,EGX:CIEB,2.17890577,2.17890577,2.13757773,2.14446574,17203.81881224
2012-02-28,EGX:CIEB,2.10543371,2.2156418,2.1008417,2.17660976,54442.46459569
2012-02-29,EGX:CIEB,2.11232171,2.23860181,2.11232171,2.2271218,341284.56666027
2012-03-01,EGX:CIEB,2.17201776,2.23860181,2.16972176,2.20875379,34843.17734124
2012-03-05,EGX:CIEB,2.17431376,2.17890577,2.17201776,2.17431376,6276.12731859
2012-03-06,EGX:CIEB,2.17431376,2.25008182,2.17431376,2.2248258,243902.24138867
2012-03-07,EGX:CIEB,2.2248258,2.24778582,2.17431376,2.19727378,14547.02653997
2012-03-08,EGX:CIEB,2.19727378,2.19727378,2.14676174,2.17201776,62926.77827828
2012-03-12,EGX:CIEB,2.12839395,2.16742576,2.1031377,2.12150572,11541.80249429
2012-03-13,EGX:CIEB,2.12150572,2.12150572,2.06869768,2.08247369,66463.36077841
2012-03-14,EGX:CIEB,2.08247369,2.11461771,2.08247369,2.10543371,10640.23528058
2012-03-15,EGX:CIEB,2.10543371,2.14676174,2.1008417,2.13298573,11324.0326359
2012-03-19,EGX:CIEB,2.08017769,2.08706569,2.05951367,2.08247369,23841.44409574
2012-03-20,EGX:CIEB,2.08247369,2.08706569,2.07788168,2.08247369,7112.36357478
2012-03-21,EGX:CIEB,2.08247369,2.16283375,2.08247369,2.11461771,7007.83404276
2012-03-22,EGX:CIEB,2.11461771,2.15364975,2.1031377,2.10772971,9146.33405208
2012-03-26,EGX:CIEB,2.10772971,2.12839395,2.07788168,2.0939537,24647.19257176
2012-03-27,EGX:CIEB,2.0939537,2.12380172,2.0939537,2.12380172,1524.38900868
2012-03-28,EGX:CIEB,2.12380172,2.12380172,2.12150572,2.12150572,3941.63443673
2012-03-29,EGX:CIEB,2.12150572,2.12839395,2.1008417,2.12150572,33745.61725499
2012-04-01,EGX:CIEB,2.12150572,2.12150572,2.08017769,2.08476969,40087.0755311
2012-04-02,EGX:CIEB,2.08476969,2.12380172,2.08476969,2.08936169,101219.4301763
2012-04-03,EGX:CIEB,2.08936169,2.08936169,2.07788168,2.07788168,4442.50511101
2012-04-04,EGX:CIEB,2.07788168,2.07788168,2.04344166,2.06640167,696036.02136292
2012-04-05,EGX:CIEB,2.06640167,2.06869768,2.06640167,2.06869768,3440.76376245
2012-04-08,EGX:CIEB,2.06869768,2.06869768,1.95389758,1.95389758,1567.94298036
2012-04-09,EGX:CIEB,1.95389758,1.95389758,1.94700958,1.94930558,3484.31773412
2012-04-17,EGX:CIEB,2.05951367,2.06640167,2.01818564,2.06640167,112456.35486885
2012-04-18,EGX:CIEB,2.06640167,2.07099391,2.00900163,2.02277764,15897.19966194
2012-04-22,EGX:CIEB,2.02277764,2.08936169,2.02277764,2.06869768,161411.01903329
2012-04-23,EGX:CIEB,2.06869768,2.06869768,1.9745616,1.99063361,72195.06345105
2012-04-24,EGX:CIEB,1.99063361,1.99063361,1.98374561,1.98604161,6533.09575148
2012-04-26,EGX:CIEB,1.98604161,2.00900163,1.9745616,1.99063361,28244.75063224
2012-04-29,EGX:CIEB,1.99063361,2.05032966,1.99063361,2.03425765,194925.80023839
2012-04-30,EGX:CIEB,2.03425765,2.05492167,2.03196165,2.04803366,45801.35661506
2012-05-02,EGX:CIEB,2.04803366,2.04803366,1.98374561,1.99752162,14372.81065326
2012-05-06,EGX:CIEB,1.99752162,1.99752162,1.98833761,1.99752162,322.29939041
2012-05-07,EGX:CIEB,1.99752162,2.04573766,1.99752162,2.03655365,50087.06742803
2012-05-08,EGX:CIEB,2.03655365,2.04344166,2.02048164,2.02507364,106737.71838772
2012-05-09,EGX:CIEB,2.02507364,2.04344166,2.02507364,2.04344166,96458.98107205
2012-05-10,EGX:CIEB,2.04344166,2.05032966,2.04344166,2.04344166,50831.8403437
2012-05-13,EGX:CIEB,2.04344166,2.06640167,2.00900163,2.06640167,87173.27431061
2012-05-14,EGX:CIEB,2.06640167,2.08706569,2.06640167,2.08706569,587.97861763
2012-05-15,EGX:CIEB,2.08706569,2.08706569,2.05032966,2.07558568,83780.41991701
2012-05-16,EGX:CIEB,2.07558568,2.08706569,2.07558568,2.08476969,1067.07230608
2012-05-17,EGX:CIEB,2.08476969,2.08706569,2.04344166,2.08247369,29107.11927144
2012-05-20,EGX:CIEB,2.08247369,2.08247369,1.99752162,2.05721767,91188.95049919
2012-05-21,EGX:CIEB,2.05721767,2.05721767,1.99752162,1.99752162,6249.99493558
2012-05-22,EGX:CIEB,1.99752162,2.06640167,1.99752162,2.06640167,61781.30882318
2012-05-23,EGX:CIEB,2.06640167,2.06640167,2.05721767,2.06410567,8885.01022202
2012-05-24,EGX:CIEB,2.06410567,2.08936169,2.06410567,2.08247369,18545.28113987
2012-05-27,EGX:CIEB,2.08247369,2.12380172,2.08247369,2.11461771,2613.23830059
2012-05-28,EGX:CIEB,2.11461771,2.11461771,1.95389758,2.03425765,22182.03777487
2012-05-29,EGX:CIEB,2.03425765,2.08936169,1.89649754,2.05492167,48131.49409975
2012-05-30,EGX:CIEB,2.05492167,2.06640167,1.92864156,1.93093756,1720.38188122
2012-06-03,EGX:CIEB,1.93093756,1.9791536,1.93093756,1.9791536,3702.08759251
2012-06-04,EGX:CIEB,1.9791536,1.9791536,1.9768576,1.9768576,1075.78310041
2012-06-05,EGX:CIEB,1.9768576,1.9768576,1.94012157,1.94930558,23083.60498857
2012-06-06,EGX:CIEB,1.94930558,2.03884965,1.94012157,1.94930558,15243.89008679
2012-06-07,EGX:CIEB,1.94930558,1.95160158,1.92864156,1.93323357,566.2016318
2012-06-11,EGX:CIEB,1.93323357,2.06410567,1.93323357,2.06410567,2395.46844221
2012-06-13,EGX:CIEB,2.06410567,2.06410567,1.94012157,1.94012157,1742.15886706
2012-06-19,EGX:CIEB,1.94012157,1.94012157,1.88272153,1.91256955,13066.19150296
2012-06-20,EGX:CIEB,1.91256955,1.91256955,1.83680149,1.86435351,15823.15791009
2012-06-21,EGX:CIEB,1.86435351,1.94012157,1.86435351,1.93552957,2399.82383938
2012-06-24,EGX:CIEB,1.93552957,2.00900163,1.92864156,1.9699696,21994.75569666
2012-06-25,EGX:CIEB,1.9699696,2.13298573,1.9699696,2.10772971,74825.72334031
2012-06-26,EGX:CIEB,2.10772971,2.13528173,2.10772971,2.13528173,1306.6191503
2012-06-27,EGX:CIEB,2.13528173,2.13528173,2.08476969,2.13528173,130.66191503
2012-06-28,EGX:CIEB,2.13528173,2.13528173,1.99981762,2.08247369,73767.36182857
2012-07-02,EGX:CIEB,2.08247369,2.11232171,2.02048164,2.03655365,115265.58604199
2012-07-03,EGX:CIEB,2.03655365,2.12839395,2.03425765,2.1031377,155949.35098505
2012-07-04,EGX:CIEB,2.1031377,2.1031377,2.06640167,2.06640167,4355.39716765
2012-07-05,EGX:CIEB,2.06640167,2.12380172,2.04344166,2.1008417,78715.09301103
2012-07-08,EGX:CIEB,2.1008417,2.12839395,2.06640167,2.07558568,10017.41348561
2012-07-09,EGX:CIEB,2.07558568,2.07558568,1.98833761,2.04573766,6763.93180137
2012-07-10,EGX:CIEB,2.04573766,2.08936169,2.02048164,2.04344166,2621.94909493
2012-07-11,EGX:CIEB,2.04344166,2.06640167,2.04344166,2.06640167,871.07943353
2012-07-12,EGX:CIEB,2.06640167,2.06640167,2.01818564,2.04114565,32116.69871429
2012-07-15,EGX:CIEB,2.04114565,2.04114565,2.03196165,2.03196165,1959.92872544
2012-07-16,EGX:CIEB,2.03196165,2.07788168,2.03196165,2.04803366,63893.6764495
2012-07-17,EGX:CIEB,2.04803366,2.08936169,2.04803366,2.08247369,32665.47875741
2012-07-19,EGX:CIEB,2.08247369,2.08247369,2.02048164,2.03196165,3040.06722302
2012-07-22,EGX:CIEB,2.03196165,2.06640167,2.03196165,2.03196165,4355702.04545657
2012-07-24,EGX:CIEB,2.03196165,2.03425765,1.99752162,2.00900163,17116.71086888
2012-07-26,EGX:CIEB,2.00900163,2.07788168,1.96537759,2.06640167,57909.36074114
2012-07-29,EGX:CIEB,2.06640167,2.10543371,2.00900163,2.08706569,30348.40746422
2012-07-30,EGX:CIEB,2.08706569,2.12380172,2.08476969,2.10772971,46580.97270807
2012-07-31,EGX:CIEB,2.10772971,2.18120177,2.08247369,2.16283375,84712.47491089
2012-08-01,EGX:CIEB,2.16283375,2.19268178,2.16283375,2.18349777,23083.60498857
2012-08-02,EGX:CIEB,2.18349777,2.18349777,2.06869768,2.08936169,4398.95113933
2012-08-05,EGX:CIEB,2.08936169,2.19268178,2.08936169,2.17890577,32356.24555851
2012-08-06,EGX:CIEB,2.17890577,2.17890577,2.12839395,2.12839395,3005.22404568
2012-08-07,EGX:CIEB,2.12839395,2.17431376,2.12839395,2.16512975,51415.46356417
2012-08-08,EGX:CIEB,2.16512975,2.25237783,2.16512975,2.21104979,48344.90856097
2012-08-09,EGX:CIEB,2.21104979,2.2225298,2.16972176,2.20645779,63153.258931
2012-08-13,EGX:CIEB,2.20645779,2.2225298,2.14216974,2.20645779,52722.08271446
2012-08-14,EGX:CIEB,2.20645779,2.23400981,2.16512975,2.2202338,16123.68031466
2012-08-15,EGX:CIEB,2.2202338,2.23860181,2.20416179,2.2271218,19381.51739606
2012-08-16,EGX:CIEB,2.2271218,2.25237783,2.2271218,2.24778582,23780.4685354
2012-08-21,EGX:CIEB,2.24778582,2.27304184,2.2202338,2.27074584,325417.8547785
2012-08-22,EGX:CIEB,2.27074584,2.27074584,2.2179378,2.2271218,4390.240345
2012-08-23,EGX:CIEB,2.2271218,2.27304184,2.20416179,2.25008182,13597.54995742
2012-08-26,EGX:CIEB,2.25008182,2.29600186,2.25008182,2.28681785,68140.18868796
2012-08-27,EGX:CIEB,2.28681785,2.31896188,2.28681785,2.30748187,59037.40860756
2012-08-28,EGX:CIEB,2.30748187,2.31896188,2.27304184,2.29600186,28170.70888039
2012-08-29,EGX:CIEB,2.29600186,2.32584988,2.25008182,2.28452185,15683.78520073
2012-08-30,EGX:CIEB,2.28452185,2.3396259,2.28452185,2.32814589,150478.97214247
2012-09-02,EGX:CIEB,2.32814589,2.56004207,2.32814589,2.54856207,492730.43697396
2012-09-03,EGX:CIEB,2.54856207,2.80341827,2.54856207,2.77127425,950256.19864176
2012-09-04,EGX:CIEB,2.77127425,2.98021041,2.72305821,2.81949028,240609.56112992
2012-09-05,EGX:CIEB,2.81949028,2.81949028,2.63121813,2.69550618,173192.36837179
2012-09-06,EGX:CIEB,2.69550618,2.69550618,2.61744212,2.65188215,115444.15732586
2012-09-09,EGX:CIEB,2.65188215,2.70469019,2.65188215,2.67943417,1070495.64824921
2012-09-10,EGX:CIEB,2.67943417,2.77816225,2.67943417,2.7184662,486436.8880667
2012-09-11,EGX:CIEB,2.7184662,2.8355623,2.7184662,2.76897824,106302.17867095
2012-09-12,EGX:CIEB,2.76897824,2.84933831,2.76897824,2.8424503,361916.08304345
2012-09-16,EGX:CIEB,2.8424503,2.84704231,2.76438624,2.78505026,27961.64981634
2012-09-17,EGX:CIEB,2.78505026,2.83097029,2.73224221,2.78275425,87325.71321148
2012-09-18,EGX:CIEB,2.78275425,2.80112227,2.75520223,2.76209024,213767.24838567
2012-09-19,EGX:CIEB,2.76209024,2.81260228,2.7092822,2.74142622,64054.8261447
2012-09-20,EGX:CIEB,2.74142622,2.91592236,2.74142622,2.84474631,726083.90642257
2012-09-23,EGX:CIEB,2.84474631,3.12256253,2.84474631,3.06057048,1407429.17313899
2012-09-24,EGX:CIEB,3.06057048,3.30394668,3.06057048,3.21669861,2244401.49145005
2012-09-25,EGX:CIEB,3.21669861,3.30394668,3.19144259,3.25573064,674402.76363118
2012-09-26,EGX:CIEB,3.25573064,3.25573064,3.2029226,3.24654663,952612.46850947
2012-09-27,EGX:CIEB,3.24654663,3.24654663,3.2144026,3.2144026,90918.91587479
2012-09-30,EGX:CIEB,3.2144026,3.27180265,3.06286648,3.23736262,439024.03449961
2012-10-01,EGX:CIEB,3.23736262,3.23736262,3.06516248,3.07205049,5008.7067428
2012-10-02,EGX:CIEB,3.07205049,3.0881225,3.07205049,3.07893849,20905.90640474
2012-10-03,EGX:CIEB,3.07893849,3.2075146,3.07893849,3.19144259,7047.03261727
2012-10-04,EGX:CIEB,3.19144259,3.20062659,3.09501051,3.11567452,8275.25461854
2012-10-08,EGX:CIEB,3.11567452,3.11567452,3.09960251,3.10189851,6315.3258931
2012-10-09,EGX:CIEB,3.10189851,3.13404254,2.99398643,3.05597848,76219.45043396
2012-10-10,EGX:CIEB,3.05597848,3.17766657,3.05597848,3.14093055,59668.94119687
2012-10-11,EGX:CIEB,3.14093055,3.18914658,3.13633854,3.17077857,224002.43172966
2012-10-14,EGX:CIEB,3.17077857,3.19144259,3.04449847,3.16848257,105975.52388338
2012-10-15,EGX:CIEB,3.16848257,3.19144259,3.09960251,3.18685058,42321.3942781
2012-10-16,EGX:CIEB,3.18685058,3.18914658,3.09960251,3.16389056,180696.71769166
2012-10-17,EGX:CIEB,3.16389056,3.22358661,3.0881225,3.2075146,114050.43023221
2012-10-18,EGX:CIEB,3.2075146,3.2075146,3.13863454,3.15241055,39198.57450889
2012-10-21,EGX:CIEB,3.15241055,3.15241055,3.09960251,3.10649052,96258.63280234
2012-10-22,EGX:CIEB,3.10649052,3.18685058,3.07664249,3.0812345,130648.84883814
2012-10-23,EGX:CIEB,3.0812345,3.10649052,3.07664249,3.0858265,48022.60917056
2012-10-24,EGX:CIEB,3.0858265,3.20062659,3.0858265,3.15011455,148388.381502
2012-10-29,EGX:CIEB,3.15011455,3.15700256,3.14552255,3.15011455,1742.15886706
2012-10-30,EGX:CIEB,3.15011455,3.15011455,3.07664249,3.0881225,47909.3688442
2012-10-31,EGX:CIEB,3.0881225,3.14322655,3.07664249,3.07893849,119738.57893317
2012-11-01,EGX:CIEB,3.07893849,3.07893849,3.07664249,3.07664249,172473.72783913
2012-11-04,EGX:CIEB,3.07664249,3.07664249,2.98480242,3.00317043,183231.55884324
2012-11-05,EGX:CIEB,3.00317043,3.07434649,2.98709842,2.99857843,19163.74753768
2012-11-06,EGX:CIEB,2.99857843,2.99857843,2.99398643,2.99628243,24965.136565
2012-11-07,EGX:CIEB,2.99628243,3.04220247,2.99628243,3.02153845,121750.77242462
2012-11-08,EGX:CIEB,3.02153845,3.11108252,3.02153845,3.09730651,79316.13782016
2012-11-11,EGX:CIEB,3.09730651,3.09730651,3.02842645,3.03761046,8710.79433531
2012-11-12,EGX:CIEB,3.03761046,3.14552255,3.03761046,3.0881225,4925.95419662
2012-11-13,EGX:CIEB,3.0881225,3.0881225,3.05368247,3.05368247,43776.0969321
2012-11-14,EGX:CIEB,3.05368247,3.0835305,3.05368247,3.07664249,47038.28941067
2012-11-18,EGX:CIEB,3.07664249,3.07664249,2.93888238,2.98250642,39198.57450889
2012-11-19,EGX:CIEB,2.98250642,2.98480242,2.94347439,2.98250642,51859.71407527
2012-11-20,EGX:CIEB,2.98250642,3.0881225,2.98250642,3.06286648,30487.78017358
2012-11-21,EGX:CIEB,3.06286648,3.15470656,3.06286648,3.12485853,237743.70979361
2012-11-22,EGX:CIEB,3.12485853,3.14093055,2.98480242,2.99398643,33061.81989967
2012-11-25,EGX:CIEB,2.99398643,2.99398643,2.69550618,2.70469019,59015.63162172
2012-11-26,EGX:CIEB,2.70469019,2.90903436,2.70469019,2.79423426,4790.93688442
2012-11-27,EGX:CIEB,2.79423426,2.8424503,2.73224221,2.82178629,11284.83406139
2012-11-28,EGX:CIEB,2.82178629,2.82178629,2.5944821,2.67025016,10017.41348561
2012-11-29,EGX:CIEB,2.67025016,2.67025016,2.51412204,2.52560205,215274.21580568
2012-12-02,EGX:CIEB,2.52560205,2.60596211,2.52560205,2.52560205,3266.54787574
2012-12-03,EGX:CIEB,2.52560205,2.63581014,2.50264203,2.53249005,14995.63244824
2012-12-04,EGX:CIEB,2.53249005,2.66336216,2.51871404,2.52789805,800652.66132999
2012-12-06,EGX:CIEB,2.52789805,2.62892213,2.42457796,2.5898901,15026.12022841
2012-12-09,EGX:CIEB,2.5898901,2.5944821,2.55085807,2.5875941,343806.34162034
2012-12-10,EGX:CIEB,2.5875941,2.61744212,2.57152208,2.5875941,1524.38900868
2012-12-11,EGX:CIEB,2.5875941,2.5875941,2.55315407,2.55545007,4790.93688442
2012-12-12,EGX:CIEB,2.55545007,2.73224221,2.55545007,2.68861818,139372.70936495
2012-12-13,EGX:CIEB,2.68861818,2.69780219,2.53937806,2.61744212,86019.09406118
2012-12-16,EGX:CIEB,2.61744212,2.75520223,2.61744212,2.72994621,20614.09479451
2012-12-19,EGX:CIEB,2.72994621,2.84704231,2.61973812,2.70239419,70121.89439924
2012-12-20,EGX:CIEB,2.70239419,2.85852232,2.66336216,2.74142622,1595795.74524289
2012-12-23,EGX:CIEB,2.74142622,2.87000233,2.74142622,2.79653027,15156.78214344
2012-12-25,EGX:CIEB,2.79653027,2.86770632,2.76668224,2.79653027,962542.77405172
2012-12-26,EGX:CIEB,2.79653027,2.8355623,2.76897824,2.78734626,6184.66397807
2012-12-27,EGX:CIEB,2.78734626,2.89296234,2.78734626,2.86541032,25914.61314755
2012-12-30,EGX:CIEB,2.86541032,2.91133036,2.76668224,2.81260228,450783.60685228
2012-12-31,EGX:CIEB,2.81260228,2.81260228,2.7115782,2.74601823,562281.77434424
2013-01-02,EGX:CIEB,2.74601823,2.77816225,2.74601823,2.75520223,542029.17751464
2013-01-03,EGX:CIEB,2.75520223,2.77816225,2.75520223,2.77357025,12108.00412608
2013-01-06,EGX:CIEB,2.77357025,2.77816225,2.75749823,2.76897824,49455.53483872
2013-01-08,EGX:CIEB,2.76897824,2.77816225,2.75749823,2.77586625,42783.06637787
2013-01-09,EGX:CIEB,2.77586625,2.78964226,2.76668224,2.77357025,33928.54393603
2013-01-10,EGX:CIEB,2.77357025,2.77357025,2.75520223,2.75520223,1155922.40829559
2013-01-13,EGX:CIEB,2.75520223,2.8424503,2.75520223,2.81260228,2901391.37720494
2013-01-14,EGX:CIEB,2.81260228,2.82178629,2.75520223,2.77357025,22513.04795961
2013-01-15,EGX:CIEB,2.77357025,2.80112227,2.76438624,2.78045825,67756.91373721
2013-01-16,EGX:CIEB,2.78045825,2.82408229,2.75520223,2.79653027,33432.02865892
2013-01-17,EGX:CIEB,2.79653027,2.82178629,2.76668224,2.77586625,45736.02565754
2013-01-20,EGX:CIEB,2.77586625,2.77586625,2.68632218,2.75520223,2100346.73012987
2013-01-21,EGX:CIEB,2.75520223,2.75520223,2.75061023,2.75061023,4355.39716765
2013-01-22,EGX:CIEB,2.73224221,2.73224221,2.73224221,2.73224221,16550.50923709
2013-01-23,EGX:CIEB,2.75290623,2.75520223,2.75290623,2.75520223,189032.94787056
2013-01-27,EGX:CIEB,2.75520223,2.75520223,2.75520223,2.75520223,11977.34221105
2013-01-28,EGX:CIEB,2.74142622,2.75520223,2.73224221,2.75520223,339228.81919713
2013-01-29,EGX:CIEB,2.7138742,2.75520223,2.57381809,2.67943417,50653.26905983
2013-01-30,EGX:CIEB,2.75520223,2.75520223,2.67943417,2.67943417,3484.31773412
2013-01-31,EGX:CIEB,2.67943417,2.68632218,2.65877015,2.67025016,5998322.66564892
2013-02-03,EGX:CIEB,2.72535421,2.73224221,2.72535421,2.72994621,14281.34731274
2013-02-04,EGX:CIEB,2.73453822,2.73453822,2.7092822,2.7207622,71023.46161295
2013-02-05,EGX:CIEB,2.68861818,2.75520223,2.67484217,2.75290623,712542.97662833
2013-02-06,EGX:CIEB,2.64040214,2.75520223,2.64040214,2.73224221,50701.17842867
2013-02-07,EGX:CIEB,2.73913022,2.75520223,2.7207622,2.74831423,46820.51955229
2013-02-10,EGX:CIEB,2.69321018,2.74831423,2.69321018,2.74831423,3209.92771256
2013-02-11,EGX:CIEB,2.7115782,2.75061023,2.7092822,2.73453822,39172.44212589
2013-02-12,EGX:CIEB,2.75290623,2.79882627,2.75290623,2.76438624,54307.44728349
2013-02-13,EGX:CIEB,2.75520223,2.76438624,2.75520223,2.75979424,17643.71392617
2013-02-14,EGX:CIEB,2.75520223,2.75520223,2.73224221,2.73224221,47909.3688442
2013-02-17,EGX:CIEB,2.7115782,2.7184662,2.69780219,2.70698619,16846.67624449
2013-02-18,EGX:CIEB,2.72535421,2.73224221,2.7092822,2.7138742,45239.51038043
2013-02-19,EGX:CIEB,2.70239419,2.70239419,2.69780219,2.70009819,56128.00329957
2013-02-20,EGX:CIEB,2.70009819,2.70469019,2.69780219,2.70009819,20518.27605682
2013-02-21,EGX:CIEB,2.74372222,2.74831423,2.69780219,2.72765021,10635.87988341
2013-02-24,EGX:CIEB,2.69321018,2.69321018,2.68632218,2.68861818,13066.19150296
2013-02-25,EGX:CIEB,2.66565816,2.68861818,2.66565816,2.68861818,2177.69858383
2013-02-26,EGX:CIEB,2.68632218,2.73224221,2.68632218,2.69321018,5182.92262951
2013-02-27,EGX:CIEB,2.69321018,2.69321018,2.69321018,2.69321018,0.0
2013-02-28,EGX:CIEB,2.67713817,2.72994621,2.67713817,2.69321018,696.86354682
2013-03-03,EGX:CIEB,2.69321018,2.69321018,2.69321018,2.69321018,0.0
2013-03-04,EGX:CIEB,2.64958615,2.64958615,2.47968201,2.63581014,39285.68245225
2013-03-05,EGX:CIEB,2.52560205,2.63581014,2.52560205,2.63581014,653.30957515
2013-03-06,EGX:CIEB,2.61744212,2.69780219,2.53249005,2.61744212,9581.87376884
2013-03-07,EGX:CIEB,2.69780219,2.73224221,2.58529809,2.64269814,1493805.40976792
2013-03-10,EGX:CIEB,2.53708206,2.70469019,2.53708206,2.64269814,2325.78208753
2013-03-11,EGX:CIEB,2.64040214,2.70239419,2.54397006,2.61055412,11036.57642284
2013-03-12,EGX:CIEB,2.61055412,2.61055412,2.61055412,2.61055412,0.0
2013-03-13,EGX:CIEB,2.65188215,2.65188215,2.57152208,2.64499414,47691.59898582
2013-03-14,EGX:CIEB,2.64040214,2.69550618,2.64040214,2.64269814,4817.06926743
2013-03-17,EGX:CIEB,2.64269814,2.64269814,2.64269814,2.64269814,0.0
2013-03-18,EGX:CIEB,2.64040214,2.64040214,2.64040214,2.64040214,30130.63760584
2013-03-19,EGX:CIEB,2.64040214,2.64040214,2.64040214,2.64040214,0.0
2013-03-20,EGX:CIEB,2.64040214,2.65647415,2.64040214,2.64040214,39634.11422566
2013-03-21,EGX:CIEB,2.59907411,2.66795416,2.59907411,2.64040214,2308.36049886
2013-03-24,EGX:CIEB,2.5967781,2.66795416,2.58300209,2.5921861,10561.83813156
2013-03-25,EGX:CIEB,2.66795416,2.68632218,2.63121813,2.65877015,10679.43385509
2013-03-26,EGX:CIEB,2.64040214,2.65188215,2.64040214,2.64269814,78889.30889773
2013-03-27,EGX:CIEB,2.64269814,2.68632218,2.64040214,2.67025016,422895.99878778
2013-03-28,EGX:CIEB,2.64499414,2.66336216,2.64269814,2.64958615,21907.6477533
2013-03-31,EGX:CIEB,2.64269814,2.64269814,2.60596211,2.63810614,10017.41348561
2013-04-01,EGX:CIEB,2.60366611,2.60366611,2.52560205,2.56233808,36367.56634992
2013-04-02,EGX:CIEB,2.53019405,2.53019405,2.52560205,2.52560205,30805.72416682
2013-04-03,EGX:CIEB,2.52789805,2.52789805,2.52560205,2.52560205,40505.19365919
2013-04-04,EGX:CIEB,2.52560205,2.54856207,2.52560205,2.52560205,67508.65609865
2013-04-07,EGX:CIEB,2.53708206,2.53708206,2.52560205,2.52789805,6154.1761979
2013-04-08,EGX:CIEB,2.52789805,2.52789805,2.52789805,2.52789805,0.0
2013-04-09,EGX:CIEB,2.52789805,2.58070609,2.52789805,2.52789805,435.53971677
2013-04-10,EGX:CIEB,2.58070609,2.64269814,2.58070609,2.63581014,9921.59474792
2013-04-11,EGX:CIEB,2.7092822,2.7207622,2.67484217,2.7184662,11184.65992654
2013-04-14,EGX:CIEB,2.72305821,2.72765021,2.67484217,2.67713817,99555.66845825
2013-04-15,EGX:CIEB,2.64040214,2.64040214,2.61744212,2.64040214,2579954.35543768
2013-04-16,EGX:CIEB,2.64040214,2.64040214,2.64040214,2.64040214,5004.35134564
2013-04-17,EGX:CIEB,2.7092822,2.7092822,2.61744212,2.64040214,11215.14770671
2013-04-18,EGX:CIEB,2.66336216,2.66336216,2.66336216,2.66336216,4137.62730927
2013-04-21,EGX:CIEB,2.66336216,2.66336216,2.52560205,2.56004207,107116.6379413
2013-04-22,EGX:CIEB,2.43376197,2.43605797,2.41309796,2.42916997,6097.55603472
2013-04-23,EGX:CIEB,2.41080195,2.41080195,2.41080195,2.41080195,95073.96477274
2013-04-24,EGX:CIEB,2.41080195,2.43146597,2.41080195,2.41080195,33732.55106349
2013-04-28,EGX:CIEB,2.30748187,2.32125788,2.29829786,2.30977787,6467.76479397
2013-04-29,EGX:CIEB,2.30059386,2.45672199,2.30059386,2.40391395,160034.71352831
2013-04-30,EGX:CIEB,2.41080195,2.465906,2.41080195,2.41080195,210204.53350253
2013-05-07,EGX:CIEB,2.41539396,2.43376197,2.27304184,2.40850595,405923.01602543
2013-05-08,EGX:CIEB,2.41080195,2.43376197,2.41080195,2.42687397,54965.1122558
2013-05-09,EGX:CIEB,2.44524198,2.45442599,2.41080195,2.41998596,43850.13868395
2013-05-12,EGX:CIEB,2.33273789,2.41080195,2.33273789,2.38554593,6576.64972316
2013-05-13,EGX:CIEB,2.41080195,2.44064998,2.41080195,2.41309796,28919.83719323
2013-05-14,EGX:CIEB,2.41080195,2.41080195,2.41080195,2.41080195,492.15987994
2013-05-15,EGX:CIEB,2.41080195,2.47968201,2.41080195,2.44064998,132212.43642133
2013-05-16,EGX:CIEB,2.43835398,2.54856207,2.43835398,2.52330604,459864.60994684
2013-05-20,EGX:CIEB,2.52330604,2.52330604,2.47968201,2.51871404,202743.73815433
2013-05-22,EGX:CIEB,2.51412204,2.57152208,2.51412204,2.53708206,344760.17360005
2013-05-23,EGX:CIEB,2.53708206,2.54856207,2.53019405,2.53019405,61981.6570929
2013-05-26,EGX:CIEB,2.52789805,2.52789805,2.52789805,2.52789805,16550.50923709
2013-05-27,EGX:CIEB,2.53249005,2.53249005,2.52789805,2.53019405,4355.39716765
2013-05-28,EGX:CIEB,2.52789805,2.52789805,2.52560205,2.52560205,229529.43073541
2013-05-29,EGX:CIEB,2.52560205,2.61744212,2.52560205,2.57381809,99438.07273473
2013-05-30,EGX:CIEB,2.61285012,2.75520223,2.61285012,2.70009819,1281161.85385151
2013-06-02,EGX:CIEB,2.53937806,2.74372222,2.53937806,2.53937806,3310.10184742
2013-06-04,EGX:CIEB,2.53708206,2.54397006,2.53708206,2.54167406,54050.4788506
2013-06-05,EGX:CIEB,2.53937806,2.53937806,2.45901799,2.52560205,536454.26914005
2013-06-06,EGX:CIEB,2.48197801,2.48197801,2.468202,2.47968201,559855.81812186
2013-06-09,EGX:CIEB,2.30977787,2.30977787,2.30748187,2.30748187,10017.41348561
2013-06-10,EGX:CIEB,2.31207387,2.31896188,2.30748187,2.31207387,2572733.10693371
2013-06-11,EGX:CIEB,2.30748187,2.31896188,2.30748187,2.30748187,1577468.2339614
2013-06-13,EGX:CIEB,2.30059386,2.30288987,2.29600186,2.29829786,13096.67928314
2013-06-16,EGX:CIEB,2.25008182,2.29600186,2.14676174,2.20416179,6376.30145345
2013-06-17,EGX:CIEB,2.27304184,2.35340191,2.27304184,2.30288987,41145.43704284
2013-06-18,EGX:CIEB,2.25008182,2.33732989,2.25008182,2.28222585,13937.2709365
2013-06-23,EGX:CIEB,2.20416179,2.29600186,2.19268178,2.29600186,14418324.55366295
2013-06-24,EGX:CIEB,2.18120177,2.18120177,2.18120177,2.18120177,103048.69698671
2013-06-25,EGX:CIEB,2.18120177,2.18349777,2.18120177,2.18120177,620831.37846902
2013-06-26,EGX:CIEB,2.3419219,2.3419219,2.18120177,2.18120177,435.53971677
2013-06-27,EGX:CIEB,2.20416179,2.20416179,2.06640167,2.08476969,812860.83959092
2013-06-30,EGX:CIEB,2.03196165,2.12380172,2.03196165,2.07558568,150884.02407907
2013-07-02,EGX:CIEB,2.17660976,2.2271218,2.17431376,2.185794,1122817.03442425
2013-07-03,EGX:CIEB,2.07788168,2.19956978,2.06869768,2.15824175,45844.91058673
2013-07-04,EGX:CIEB,2.3396259,2.37406592,2.33732989,2.37406592,355596.40175318
2013-07-07,EGX:CIEB,2.31436988,2.31896188,2.31207387,2.31436988,13937.2709365
2013-07-08,EGX:CIEB,2.27304184,2.29600186,2.13528173,2.23860181,31598.40645134
2013-07-09,EGX:CIEB,2.40620995,2.41080195,2.29600186,2.36028991,38623.66208276
2013-07-10,EGX:CIEB,2.38784193,2.44983399,2.38784193,2.38784193,4973863.56546182
2013-07-11,EGX:CIEB,2.38784193,2.38784193,2.29600186,2.30977787,66480.78236708
2013-07-14,EGX:CIEB,2.30748187,2.30748187,2.30059386,2.30518587,24346.67016719
2013-07-15,EGX:CIEB,2.29600186,2.30518587,2.25467383,2.30518587,1071.42770324
2013-07-16,EGX:CIEB,2.29600186,2.3419219,2.19268178,2.28911385,33776.10503516
2013-07-17,EGX:CIEB,2.29600186,2.31896188,2.29600186,2.31666588,248627.84731558
2013-07-18,EGX:CIEB,2.29829786,2.32814589,2.29829786,2.31666588,9394.59169063
2013-07-21,EGX:CIEB,2.37636193,2.41080195,2.37636193,2.39702594,46367.55824685
2013-07-22,EGX:CIEB,2.47968201,2.52560205,2.47968201,2.50723403,52264.76601186
2013-07-24,EGX:CIEB,2.52560205,2.52560205,2.41080195,2.43835398,42395.43602995
2013-07-25,EGX:CIEB,2.43835398,2.43835398,2.43835398,2.43835398,0.0
2013-07-28,EGX:CIEB,2.44064998,2.44064998,2.41080195,2.41998596,6533.09575148
2013-07-29,EGX:CIEB,2.43376197,2.43376197,2.41998596,2.41998596,871.07943353
2013-07-30,EGX:CIEB,2.43605797,2.44753798,2.43376197,2.44064998,10757.83100411
2013-07-31,EGX:CIEB,2.44524198,2.52560205,2.43376197,2.45901799,63096.63876782
2013-08-01,EGX:CIEB,2.51641804,2.51871404,2.43605797,2.468202,15374.55200182
2013-08-04,EGX:CIEB,2.55085807,2.58300209,2.54856207,2.55545007,43279.58165499
2013-08-05,EGX:CIEB,2.61744212,2.61744212,2.55085807,2.60137011,16297.89620136
2013-08-06,EGX:CIEB,2.54856207,2.57152208,2.52789805,2.55774607,173823.9009611
2013-08-07,EGX:CIEB,2.5944821,2.5944821,2.5944821,2.5944821,461210.42767164
2013-08-12,EGX:CIEB,2.5944821,2.61744212,2.57152208,2.5944821,490226.08360256
2013-08-13,EGX:CIEB,2.61744212,2.67484217,2.5944821,2.61744212,3124100.25597581
2013-08-14,EGX:CIEB,2.5944821,2.62892213,2.5944821,2.61744212,1524267.0575585
2013-08-18,EGX:CIEB,2.57381809,2.57381809,2.57152208,2.57152208,4355.39716765
2013-08-19,EGX:CIEB,2.57152208,2.57152208,2.57152208,2.57152208,0.0
2013-08-20,EGX:CIEB,2.61744212,2.61744212,2.52560205,2.53019405,72060.04613885
2013-08-21,EGX:CIEB,2.52560205,2.52560205,2.52560205,2.52560205,1698.60489539
2013-08-22,EGX:CIEB,2.52789805,2.5967781,2.52560205,2.57841009,57774.34342894
2013-08-25,EGX:CIEB,2.57841009,2.5944821,2.56463408,2.57611409,55269.99005754
2013-08-26,EGX:CIEB,2.57611409,2.61285012,2.57381809,2.61285012,22299.63349839
2013-08-27,EGX:CIEB,2.58300209,2.58300209,2.50493803,2.50953003,49891.07455549
2013-08-28,EGX:CIEB,2.50493803,2.54856207,2.48427401,2.54626606,804912.23975995
2013-08-29,EGX:CIEB,2.5898901,2.5944821,2.56004207,2.5944821,95278.66843962
2013-09-01,EGX:CIEB,2.53708206,2.57152208,2.48197801,2.49575402,40505.19365919
2013-09-02,EGX:CIEB,2.49116202,2.52560205,2.49116202,2.52560205,13471.24343956
2013-09-03,EGX:CIEB,2.49345802,2.52101004,2.47968201,2.48197801,180609.60974831
2013-09-04,EGX:CIEB,2.50264203,2.50264203,2.47968201,2.48657001,60975.56034717
2013-09-05,EGX:CIEB,2.48657001,2.52560205,2.48657001,2.52560205,143932.81019949
2013-09-08,EGX:CIEB,2.52560205,2.52560205,2.52560205,2.52560205,302164.38930039
2013-09-09,EGX:CIEB,2.52560205,2.52789805,2.52560205,2.52560205,1445991.85966141
2013-09-10,EGX:CIEB,2.54856207,2.58300209,2.50953003,2.54397006,30579.2435141
2013-09-11,EGX:CIEB,2.52560205,2.52560205,2.51641804,2.52560205,3118638.58792757
2013-09-12,EGX:CIEB,2.52560205,2.53249005,2.52560205,2.52789805,19673.3290063
2013-09-15,EGX:CIEB,2.53478605,2.58070609,2.52789805,2.52789805,653.30957515
2013-09-16,EGX:CIEB,2.52560205,2.54856207,2.52560205,2.53708206,1039746.54424557
2013-09-17,EGX:CIEB,2.54856207,2.69780219,2.54856207,2.5967781,1942942.67649082
2013-09-18,EGX:CIEB,2.64040214,2.69780219,2.60366611,2.63810614,25087.08768569
2013-09-19,EGX:CIEB,2.5967781,2.64040214,2.5967781,2.62203412,24825.76385563
2013-09-22,EGX:CIEB,2.62203412,2.62203412,2.62203412,2.62203412,0.0
2013-09-23,EGX:CIEB,2.64040214,2.64040214,2.64040214,2.64040214,897211.8165369
2013-09-24,EGX:CIEB,2.5944821,2.75520223,2.5944821,2.64040214,3825088.36391835
2013-09-25,EGX:CIEB,2.7092822,2.7092822,2.62892213,2.64040214,19668.97360913
2013-09-26,EGX:CIEB,2.69780219,2.75520223,2.62203412,2.7207622,138662.77962663
2013-09-29,EGX:CIEB,2.66336216,2.7207622,2.66336216,2.7207622,2177.69858383
2013-09-30,EGX:CIEB,2.66795416,2.75520223,2.66795416,2.74142622,250844.74447391
2013-10-01,EGX:CIEB,2.75520223,2.81260228,2.74372222,2.76438624,447429.95103318
2013-10-02,EGX:CIEB,2.75520223,2.75520223,2.69091418,2.75290623,94599.22648146
2013-10-03,EGX:CIEB,2.75061023,2.81260228,2.75061023,2.76438624,43553.97167655
2013-10-07,EGX:CIEB,2.75520223,2.75520223,2.73683422,2.75061023,5753.47965847
2013-10-08,EGX:CIEB,2.75520223,2.75749823,2.75520223,2.75520223,82094.88121313
2013-10-09,EGX:CIEB,2.75749823,2.98480242,2.75749823,2.90444235,2987271.09855676
2013-10-10,EGX:CIEB,3.01235444,3.03072246,2.91592236,3.02153845,2328125.29120388
2013-10-13,EGX:CIEB,3.01694644,3.07664249,2.98480242,3.07434649,649633.61993872
2013-10-20,EGX:CIEB,3.05597848,3.05597848,2.98480242,3.05138647,218205.39809951
2013-10-21,EGX:CIEB,2.99628243,3.04449847,2.98480242,2.98709842,1042420.75810651
2013-10-22,EGX:CIEB,2.98709842,2.98939442,2.77816225,2.98250642,581698.13491764
2013-10-23,EGX:CIEB,2.98480242,2.98480242,2.89985035,2.98480242,987059.30470845
2013-10-24,EGX:CIEB,2.87689033,2.98250642,2.87689033,2.98021041,11014.799437
2013-10-27,EGX:CIEB,2.98250642,2.98480242,2.95036239,2.98250642,789197.96677906
2013-10-28,EGX:CIEB,2.87229833,2.89525835,2.87229833,2.89296234,20283.08460977
2013-10-29,EGX:CIEB,2.88148233,2.9618424,2.87459433,2.90673836,94799.57475118
2013-10-30,EGX:CIEB,2.88837034,2.90673836,2.88837034,2.90673836,3401.56518794
2013-10-31,EGX:CIEB,2.89296234,2.9595464,2.89296234,2.89985035,18924.20069346
2013-11-03,EGX:CIEB,2.87918633,2.90444235,2.76209024,2.88148233,236868.27496291
2013-11-04,EGX:CIEB,2.87000233,2.97561841,2.87000233,2.91362636,369947.4354206
2013-11-06,EGX:CIEB,2.97561841,2.98480242,2.95265839,2.98480242,1236061.71618044
2013-11-07,EGX:CIEB,2.94117838,2.98250642,2.91821836,2.93888238,438414.27889614
2013-11-10,EGX:CIEB,2.98480242,2.98480242,2.92740237,2.98480242,1411205.30248335
2013-11-11,EGX:CIEB,2.98480242,2.98480242,2.98480242,2.98480242,238153.11712737
2013-11-12,EGX:CIEB,2.98480242,3.0858265,2.98480242,3.00317043,619820.92632613
2013-11-13,EGX:CIEB,2.98709842,3.0881225,2.98709842,3.06057048,415078.06087184
2013-11-14,EGX:CIEB,3.06286648,3.06516248,3.02153845,3.05597848,217051.21785008
2013-11-17,EGX:CIEB,3.09730651,3.36134672,2.98480242,3.00546644,21302892.14578061
2013-11-18,EGX:CIEB,3.15700256,3.2144026,3.14552255,3.2029226,106245.55850777
2013-11-19,EGX:CIEB,3.2144026,3.3292027,3.2144026,3.28787466,420038.8582458
2013-11-20,EGX:CIEB,3.26032264,3.26261864,3.18455458,3.2121066,201358.72185502
2013-11-21,EGX:CIEB,3.19373859,3.23736262,3.19373859,3.2144026,114978.12982892
2013-11-24,EGX:CIEB,3.28328266,3.39808275,3.2144026,3.24654663,365731.41096231
2013-11-25,EGX:CIEB,3.21899461,3.21899461,3.19144259,3.19603459,754572.5592962
2013-11-26,EGX:CIEB,3.17996258,3.2144026,3.11108252,3.15011455,84660.21014487
2013-11-27,EGX:CIEB,3.11108252,3.11108252,3.06516248,3.10189851,35714.25677477
2013-11-28,EGX:CIEB,3.18914658,3.19373859,3.07664249,3.13404254,13937.2709365
2013-12-01,EGX:CIEB,3.09960251,3.16848257,3.07893849,3.12256253,148736.81327541
2013-12-02,EGX:CIEB,3.2098106,3.2098106,3.09960251,3.12485853,13937.2709365
2013-12-03,EGX:CIEB,3.09960251,3.10189851,2.98709842,3.09730651,663357.47641401
2013-12-04,EGX:CIEB,3.04220247,3.07664249,3.01924245,3.05138647,247469.31166898
2013-12-05,EGX:CIEB,3.05368247,3.2144026,3.05368247,3.11337852,326197.47087151
2013-12-08,EGX:CIEB,3.2144026,3.2144026,3.13174654,3.15700256,17783.08663553
2013-12-09,EGX:CIEB,3.2121066,3.2144026,3.14552255,3.18685058,105095.73365551
2013-12-10,EGX:CIEB,3.12485853,3.20062659,3.12256253,3.12715453,46659.36985709
2013-12-11,EGX:CIEB,3.19603459,3.2029226,3.09960251,3.12026653,43323.13562666
2013-12-12,EGX:CIEB,3.17766657,3.21669861,3.15011455,3.2144026,254220.17727885
2013-12-15,EGX:CIEB,3.16848257,3.19144259,3.13633854,3.17307457,70857.95652058
2013-12-16,EGX:CIEB,3.14781855,3.16848257,3.14781855,3.16848257,88414.56250339
2013-12-17,EGX:CIEB,3.2075146,3.22588261,3.18685058,3.2144026,108231.61961622
2013-12-18,EGX:CIEB,3.24654663,3.24654663,3.19144259,3.2075146,95731.62974505
2013-12-19,EGX:CIEB,3.25573064,3.25573064,3.2029226,3.2144026,483823.64976611
2013-12-22,EGX:CIEB,3.15011455,3.15929856,3.12256253,3.14322655,84494.7050525
2013-12-23,EGX:CIEB,3.15241055,3.15241055,3.15011455,3.15241055,50522.6071448
2013-12-24,EGX:CIEB,3.14552255,3.15700256,3.14552255,3.14552255,74712.48301395
2013-12-25,EGX:CIEB,3.19144259,3.19144259,3.10649052,3.13863454,9647.20472636
2013-12-26,EGX:CIEB,3.13863454,3.15700256,3.12256253,3.12485853,125596.58812366
2013-12-29,EGX:CIEB,3.10419452,3.10419452,3.07664249,3.09271451,163113.97932584
2013-12-30,EGX:CIEB,3.14552255,3.14781855,3.14552255,3.14552255,73823.98199175
2013-12-31,EGX:CIEB,3.12485853,3.14781855,3.12256253,3.12715453,15897.19966194
2014-01-02,EGX:CIEB,3.09960251,3.25573064,3.09960251,3.16618657,17587.09376299
2014-01-05,EGX:CIEB,3.17307457,3.17307457,3.16848257,3.17077857,8584.48781745
2014-01-06,EGX:CIEB,3.17077857,3.17077857,3.17077857,3.17077857,0.0
2014-01-08,EGX:CIEB,3.2144026,3.2144026,3.2121066,3.2144026,663322.63323666
2014-01-09,EGX:CIEB,3.25113863,3.25113863,3.16848257,3.2075146,253126.97258976
2014-01-12,EGX:CIEB,3.21669861,3.4554828,3.21669861,3.3360907,1597328.84504591
2014-01-14,EGX:CIEB,3.50140284,3.55880288,3.44400279,3.44629879,1048156.81617631
2014-01-15,EGX:CIEB,3.44400279,3.55880288,3.42104277,3.51058684,473867.21184085
2014-01-16,EGX:CIEB,3.44400279,3.44400279,3.44400279,3.44400279,630291.30111717
2014-01-19,EGX:CIEB,3.38660274,3.38660274,3.29476267,3.3337947,122822.20012787
2014-01-20,EGX:CIEB,3.3337947,3.3337947,3.2144026,3.3269067,335361.22651225
2014-01-21,EGX:CIEB,3.21669861,3.30165068,3.21669861,3.29476267,4067.94095459
2014-01-22,EGX:CIEB,3.38660274,3.38660274,3.3337947,3.34297871,15178.55912928
2014-01-23,EGX:CIEB,3.30624268,3.38660274,3.29935467,3.31083468,20766.53369538
2014-01-26,EGX:CIEB,3.27180265,3.55421088,3.27180265,3.41185876,77865.79056333
2014-01-27,EGX:CIEB,3.46696281,3.46696281,3.44400279,3.44629879,332482.30898443
2014-01-28,EGX:CIEB,3.44400279,3.46696281,3.39808275,3.44400279,1121405.88574193
2014-01-29,EGX:CIEB,3.44400279,3.44400279,3.38660274,3.40956276,109756.0086249
2014-01-30,EGX:CIEB,3.44400279,3.44400279,3.40497076,3.44170679,72330.08076324
2014-02-02,EGX:CIEB,3.41415477,3.41415477,3.38889875,3.40037876,130052.15942617
2014-02-03,EGX:CIEB,3.38660274,3.38660274,3.35216272,3.36364273,135017.3121973
2014-02-04,EGX:CIEB,3.35216272,3.35216272,3.35216272,3.35216272,281741.93198126
2014-02-05,EGX:CIEB,3.3314987,3.35445872,3.3314987,3.35216272,771096.93615028
2014-02-06,EGX:CIEB,3.35216272,3.39808275,3.35216272,3.35905072,138066.09021466
2014-02-09,EGX:CIEB,3.43252278,3.43252278,3.3292027,3.3314987,5556354.38266398
2014-02-10,EGX:CIEB,3.38660274,3.38660274,3.38660274,3.38660274,1249998.98711694
2014-02-11,EGX:CIEB,3.38660274,3.39808275,3.36364273,3.38660274,431898.60473332
2014-02-12,EGX:CIEB,3.41645077,3.4554828,3.41645077,3.44400279,5024586.52087633
2014-02-13,EGX:CIEB,3.4554828,3.4554828,3.38660274,3.42104277,327125.17046822
2014-02-16,EGX:CIEB,3.44400279,3.44400279,3.35905072,3.38201074,57473.82102437
2014-02-17,EGX:CIEB,3.40956276,3.42793078,3.37971474,3.40956276,81001.67652404
2014-02-18,EGX:CIEB,3.38889875,3.42793078,3.38660274,3.40267476,34080.9828369
2014-02-19,EGX:CIEB,3.42104277,3.51058684,3.42104277,3.44400279,5216568.07262939
2014-02-20,EGX:CIEB,3.50140284,3.61620293,3.49910684,3.56339489,875086.39892521
2014-02-23,EGX:CIEB,3.61620293,3.67360298,3.61620293,3.66901097,852656.10351179
2014-02-24,EGX:CIEB,3.62768294,3.62768294,3.48533082,3.61620293,1122024.35213974
2014-02-25,EGX:CIEB,3.54043487,3.60472292,3.51288285,3.54961888,1026567.11241624
2014-02-26,EGX:CIEB,3.46925881,3.55880288,3.46925881,3.55650688,76367.53393766
2014-02-27,EGX:CIEB,3.60242692,3.60242692,3.52665886,3.55880288,823932.2591911
2014-03-02,EGX:CIEB,3.48992283,3.61390693,3.48992283,3.50599484,70034.78645589
2014-03-03,EGX:CIEB,3.47844282,3.47844282,3.44400279,3.4531868,270470.16411137
2014-03-04,EGX:CIEB,3.44400279,3.44629879,3.43252278,3.44400279,2286313.47839439
2014-03-05,EGX:CIEB,3.44400279,3.5817629,3.44400279,3.4554828,9292797.34802905
2014-03-06,EGX:CIEB,3.55880288,3.55880288,3.46696281,3.55191488,2369458.01032493
2014-03-09,EGX:CIEB,3.46925881,3.49221883,3.4577788,3.46466681,30487.78017358
2014-03-10,EGX:CIEB,3.4577788,3.4577788,3.42793078,3.44859479,206628.75242788
2014-03-11,EGX:CIEB,3.48073882,3.48073882,3.42793078,3.44400279,56620.16317951
2014-03-12,EGX:CIEB,3.42793078,3.43252278,3.40956276,3.42104277,78780.42396854
2014-03-13,EGX:CIEB,3.40497076,3.44400279,3.39808275,3.40726676,1303295.98225753
2014-03-16,EGX:CIEB,3.38660274,3.40037876,3.37512273,3.38660274,49825.74359797
2014-03-17,EGX:CIEB,3.38201074,3.46466681,3.38201074,3.42104277,124803.90583915
2014-03-18,EGX:CIEB,3.42104277,3.44400279,3.42104277,3.43252278,28680.29034901
2014-03-19,EGX:CIEB,3.44400279,3.44400279,3.39808275,3.40037876,103658.45259019
2014-03-20,EGX:CIEB,3.40037876,3.46696281,3.39808275,3.44170679,1024319.72747773
2014-03-23,EGX:CIEB,3.46925881,3.49910684,3.46925881,3.47614682,21820.53980995
2014-03-24,EGX:CIEB,3.47614682,3.47614682,3.44400279,3.47385081,94472.9199636
2014-03-25,EGX:CIEB,3.44629879,3.44629879,3.42333877,3.44170679,48793.51446924
2014-03-26,EGX:CIEB,3.51288285,3.51288285,3.44400279,3.4531868,109756.0086249
2014-03-27,EGX:CIEB,3.44400279,3.49221883,3.39808275,3.41645077,287460.56846239
2014-03-30,EGX:CIEB,3.40497076,3.44400279,3.40497076,3.43711479,236498.06620366
2014-03-31,EGX:CIEB,3.42104277,3.42104277,3.37512273,3.38889875,433192.15769212
2014-04-01,EGX:CIEB,3.44400279,3.44400279,3.38660274,3.42104277,18162.00618912
2014-04-02,EGX:CIEB,3.42104277,3.43022678,3.38660274,3.42104277,3648307.14828041
2014-04-03,EGX:CIEB,3.39808275,3.48992283,3.35445872,3.42104277,189242.0069346
2014-04-06,EGX:CIEB,3.48992283,3.48992283,3.31313068,3.44170679,2259776.04345187
2014-04-07,EGX:CIEB,3.44400279,3.44400279,3.3292027,3.40956276,23083.60498857
2014-04-08,EGX:CIEB,3.38660274,3.44400279,3.38660274,3.42104277,23318.79643562
2014-04-09,EGX:CIEB,3.43941079,3.46696281,3.40037876,3.44400279,87269.0930483
2014-04-10,EGX:CIEB,3.48303482,3.57028289,3.48303482,3.52436286,82060.03803578
2014-04-13,EGX:CIEB,3.55191488,3.61620293,3.52665886,3.59553891,72343.14695475
2014-04-14,EGX:CIEB,3.57257889,3.62768294,3.55880288,3.59553891,128536.48121183
2014-04-15,EGX:CIEB,3.56339489,3.63227494,3.46925881,3.60931492,45439.85865014
2014-04-16,EGX:CIEB,3.62538694,3.65064296,3.5748749,3.62768294,149377.05665906
2014-04-17,EGX:CIEB,3.64145895,3.66441897,3.61620293,3.64375495,143331.76539035
2014-04-22,EGX:CIEB,3.43022678,3.43022678,3.28098666,3.34068271,77634.95451345
2014-04-23,EGX:CIEB,3.34297871,3.34297871,3.22588261,3.32461069,431837.62917298
2014-04-27,EGX:CIEB,3.32461069,3.38660274,3.23736262,3.3292027,114982.48522609
2014-04-28,EGX:CIEB,3.27409865,3.27409865,3.27409865,3.27409865,132404.07389671
2014-04-29,EGX:CIEB,3.26261864,3.27409865,3.26032264,3.26032264,66790.01556599
2014-04-30,EGX:CIEB,3.27180265,3.3292027,3.26261864,3.29017067,19163.74753768
2014-05-04,EGX:CIEB,3.29017067,3.29017067,3.29017067,3.29017067,9081.00309456
2014-05-05,EGX:CIEB,3.28328266,3.28328266,3.23736262,3.28328266,614685.91306546
2014-05-06,EGX:CIEB,3.28557866,3.28557866,3.24195463,3.28328266,515008.29348651
2014-05-07,EGX:CIEB,3.28328266,3.28328266,3.22817862,3.28328266,15309.22104431
2014-05-08,EGX:CIEB,3.27180265,3.27180265,3.27180265,3.27180265,5143724.05500036
2014-05-11,EGX:CIEB,3.27180265,3.27180265,3.27180265,3.27180265,53066.15909071
2014-05-12,EGX:CIEB,3.27180265,3.32231469,3.27180265,3.27409865,153532.105557
2014-05-13,EGX:CIEB,3.27180265,3.30624268,3.27180265,3.28328266,4284791.82416998
2014-05-14,EGX:CIEB,3.28328266,3.28787466,3.28328266,3.28787466,241432.73119461
2014-05-15,EGX:CIEB,3.22817862,3.26950665,3.2144026,3.22129061,59120.16115375
2014-05-18,EGX:CIEB,3.21669861,3.22129061,3.2144026,3.2144026,205139.20659654
2014-05-19,EGX:CIEB,3.30394668,3.30394668,3.2144026,3.2144026,871.07943353
2014-05-20,EGX:CIEB,3.21899461,3.31083468,3.2144026,3.22817862,30487.78017358
2014-05-21,EGX:CIEB,3.22817862,3.28328266,3.22817862,3.23506662,75152.37812788
2014-05-22,EGX:CIEB,3.23965863,3.28098666,3.23736262,3.25802664,61258.66116307
2014-05-25,EGX:CIEB,3.26032264,3.26032264,3.25573064,3.25802664,2613.23830059
2014-05-26,EGX:CIEB,3.26032264,3.30624268,3.24884263,3.24884263,7086762.55022887
2014-05-28,EGX:CIEB,3.21899461,3.27180265,3.2144026,3.26950665,764881.78439204
2014-05-29,EGX:CIEB,3.22588261,3.23277062,3.2144026,3.2144026,1610669.42657043
2014-06-01,EGX:CIEB,2.98709842,3.2144026,2.98709842,3.18914658,137251.63094431
2014-06-02,EGX:CIEB,3.06516248,3.2144026,3.06516248,3.2098106,212900.5243493
2014-06-03,EGX:CIEB,3.2144026,3.2144026,3.19144259,3.2144026,773440.13982648
2014-06-04,EGX:CIEB,3.2144026,3.21669861,3.2144026,3.2144026,583579.66649407
2014-06-05,EGX:CIEB,3.07893849,3.37741874,3.07893849,3.27869066,329268.02587471
2014-06-09,EGX:CIEB,3.31772269,3.37053073,3.31772269,3.34527471,162347.42942433
2014-06-10,EGX:CIEB,3.28787466,3.34527471,3.28787466,3.3292027,11398.07438775
2014-06-11,EGX:CIEB,3.35216272,3.37282673,3.30624268,3.30853868,4750314.0950376
2014-06-12,EGX:CIEB,3.3292027,3.3314987,3.31313068,3.3292027,49420.69166138
2014-06-15,EGX:CIEB,3.3292027,3.3292027,3.3292027,3.3292027,0.0
2014-06-16,EGX:CIEB,3.31772269,3.3292027,3.29246667,3.30624268,190400.5425812
2014-06-17,EGX:CIEB,3.28557866,3.28557866,3.26950665,3.28328266,69686.35468248
2014-06-18,EGX:CIEB,3.25343464,3.30394668,3.25343464,3.28328266,976305.82910151
2014-06-19,EGX:CIEB,3.32461069,3.3292027,3.24195463,3.3292027,6551397.13038074
2014-06-22,EGX:CIEB,3.3292027,3.3292027,3.28557866,3.3292027,221079.96023016
2014-06-23,EGX:CIEB,3.3292027,3.3292027,3.3292027,3.3292027,2076130.72187771
2014-06-24,EGX:CIEB,3.3292027,3.3292027,3.24195463,3.3292027,2435376.94645738
2014-06-25,EGX:CIEB,3.3292027,3.34068271,3.22817862,3.3292027,2216213.36098099
2014-06-26,EGX:CIEB,3.27180265,3.3292027,3.27180265,3.3292027,120849.20521092
2014-06-29,EGX:CIEB,3.3314987,3.35216272,3.3314987,3.34297871,58275.21410322
2014-06-30,EGX:CIEB,3.37512273,3.44400279,3.37512273,3.42793078,194089.5639822
2014-07-02,EGX:CIEB,3.34297871,3.43941079,3.34297871,3.37512273,7299.64565299
2014-07-03,EGX:CIEB,3.42104277,3.44400279,3.37512273,3.43481878,4988532.54312248
2014-07-07,EGX:CIEB,3.44400279,3.46696281,3.44400279,3.46696281,15091416.34274666
2014-07-08,EGX:CIEB,3.46696281,3.46696281,3.44400279,3.44400279,42931.14988157
2014-07-09,EGX:CIEB,3.44629879,3.44629879,3.44400279,3.44400279,73789.13881441
2014-07-10,EGX:CIEB,3.44629879,3.55880288,3.44400279,3.52206685,18706.43083508
2014-07-13,EGX:CIEB,3.44629879,3.44629879,3.3292027,3.44400279,2957867.81227792
2014-07-14,EGX:CIEB,3.4531868,3.60472292,3.4531868,3.56109889,167961.53637344
2014-07-15,EGX:CIEB,3.60472292,3.65064296,3.55880288,3.5817629,98214.20613062
2014-07-16,EGX:CIEB,3.62768294,3.67360298,3.62768294,3.66441897,334494.50247589
2014-07-17,EGX:CIEB,3.65064296,3.65523496,3.56569089,3.61161093,235757.64868516
2014-07-20,EGX:CIEB,3.61161093,3.61161093,3.57028289,3.5794669,59682.00738837
2014-07-21,EGX:CIEB,3.46925881,3.47155481,3.46696281,3.46925881,26498.23636801
2014-07-22,EGX:CIEB,3.5794669,3.5794669,3.46925881,3.46925881,1088.84929191
2014-07-24,EGX:CIEB,3.5817629,3.708043,3.5817629,3.67360298,733222.40238036
2014-07-27,EGX:CIEB,3.67360298,3.81136309,3.67360298,3.67819498,626828.76036888
2014-07-31,EGX:CIEB,3.7424828,3.8572829,3.7424828,3.83432334,91498.18369809
2014-08-03,EGX:CIEB,3.77233106,3.89861116,3.77233106,3.77692329,154372.69721036
2014-08-04,EGX:CIEB,3.89172338,4.04555551,3.89172338,3.99274701,835299.84579868
2014-08-05,EGX:CIEB,4.01800326,4.21086741,4.01800326,4.13050735,1173121.87171066
2014-08-06,EGX:CIEB,4.13280335,4.22464342,4.01800326,4.20627541,662582.21571816
2014-08-07,EGX:CIEB,4.13509935,4.38536355,4.13509935,4.36240353,3946503.77076106
2014-08-10,EGX:CIEB,4.24989944,4.38536355,4.24989944,4.29352371,44120.17330834
2014-08-11,EGX:CIEB,4.36010753,4.47720363,4.36010753,4.4060278,246188.82490169
2014-08-12,EGX:CIEB,4.38536355,4.41980358,4.36240353,4.38306755,223675.77694208
2014-08-13,EGX:CIEB,4.33485128,4.37388331,4.33485128,4.36469954,228662.70669905
2014-08-14,EGX:CIEB,4.27056346,4.80093989,4.27056346,4.51393966,686258.15472153
2014-08-17,EGX:CIEB,4.47720363,4.59200372,4.47720363,4.50245988,15958.17522229
2014-08-18,EGX:CIEB,4.50016365,4.58970772,4.47949963,4.52541944,279795.06944731
2014-08-19,EGX:CIEB,4.50475588,4.75272408,4.50016365,4.74583585,2618229.58574703
2014-08-20,EGX:CIEB,4.59429972,4.79864389,4.59200372,4.77568364,5021102.20314221
2014-08-21,EGX:CIEB,4.61725997,4.87900395,4.6034835,4.77797964,64664.58174817
2014-08-24,EGX:CIEB,4.87670795,4.87670795,4.61725997,4.7205796,11768.283147
2014-08-25,EGX:CIEB,4.61955597,4.63792399,4.59200372,4.59200372,928866.84315141
2014-08-26,EGX:CIEB,4.52312389,4.70680381,4.38765978,4.69761958,1132921.55585321
2014-08-27,EGX:CIEB,4.59200372,4.70680381,4.59200372,4.63103575,327996.24990175
2014-08-28,EGX:CIEB,4.59200372,4.72976383,4.59200372,4.67236379,29703.80868341
2014-08-31,EGX:CIEB,4.72976383,4.72976383,4.59200372,4.61266774,7304.00105016
2014-09-01,EGX:CIEB,4.6034835,4.70450781,4.59200372,4.59659572,30836.211947
2014-09-02,EGX:CIEB,4.59200372,4.79864389,4.59200372,4.77568364,6178470.60329746
2014-09-03,EGX:CIEB,4.6057795,4.77568364,4.6034835,4.7733881,4636350.77274875
2014-09-04,EGX:CIEB,4.7733881,4.7733881,4.59659572,4.67466002,8466.89209392
2014-09-07,EGX:CIEB,4.6034835,4.7710921,4.6034835,4.62644375,9638.49393202
2014-09-08,EGX:CIEB,4.6034835,4.63792399,4.59200372,4.59659572,62042.63265324
2014-09-09,EGX:CIEB,4.59429972,4.6907318,4.59200372,4.59659572,83841.39547736
2014-09-10,EGX:CIEB,4.59659572,4.64710777,4.47949963,4.59200372,181158.38979144
2014-09-11,EGX:CIEB,4.36240353,4.658588,4.33944352,4.44965138,28440.74350479
2014-09-14,EGX:CIEB,4.38765978,4.74124384,4.37158777,4.44735583,73789.13881441
2014-09-15,EGX:CIEB,4.47720363,4.59200372,4.38765978,4.50934742,181341.31647248
2014-09-16,EGX:CIEB,4.59200372,4.59200372,4.39684356,4.59200372,2113103.68843393
2014-09-17,EGX:CIEB,4.59200372,4.61266774,4.59200372,4.59429972,125553.03415199
2014-09-18,EGX:CIEB,4.59200372,4.59200372,4.58970772,4.59200372,36463.38508761
2014-09-21,EGX:CIEB,4.59200372,4.59200372,4.59200372,4.59200372,6533.09575148
2014-09-22,EGX:CIEB,4.59200372,4.61266774,4.5690437,4.59429972,91864.03706018
2014-09-23,EGX:CIEB,4.59200372,4.61266774,4.59200372,4.59429972,2316086.97343248
2014-09-24,EGX:CIEB,4.64940377,4.64940377,4.59429972,4.64940377,3820506.48609798
2014-09-25,EGX:CIEB,4.6907318,4.72976383,4.65399577,4.6884358,11759.57235267
2014-09-28,EGX:CIEB,4.59200372,4.59200372,4.43587559,4.46342785,26132.38300593
2014-09-29,EGX:CIEB,4.59200372,4.6838438,4.46342785,4.46342785,2177.69858383
2014-09-30,EGX:CIEB,4.61725997,4.68154756,4.61725997,4.656292,31232.55308925
2014-10-01,EGX:CIEB,4.65399577,4.66317955,4.64940377,4.65399577,16824.89925865
2014-10-02,EGX:CIEB,4.66317955,4.66317955,4.66088355,4.66088355,54006.92487892
2014-10-08,EGX:CIEB,4.62644375,4.62644375,4.59200372,4.62644375,214904.00704642
2014-10-09,EGX:CIEB,4.59200372,4.59200372,4.59200372,4.59200372,9194.24342092
2014-10-12,EGX:CIEB,4.46113161,4.70680381,4.37158777,4.59429972,495409.00623207
2014-10-13,EGX:CIEB,4.59200372,4.59200372,4.59200372,4.59200372,263501.52864312
2014-10-14,EGX:CIEB,4.59200372,4.72976383,4.1902034,4.56445147,308797.65918673
2014-10-15,EGX:CIEB,4.59200372,4.70680381,4.59200372,4.64710777,460822.79732372
2014-10-16,EGX:CIEB,4.59429972,4.68154756,4.47720363,4.52771544,201223.70454282
2014-10-19,EGX:CIEB,4.54608345,4.59200372,4.54608345,4.58970772,55278.70085188
2014-10-20,EGX:CIEB,4.47720363,4.59429972,4.47720363,4.55526769,847564.6442228
2014-10-21,EGX:CIEB,4.5690437,4.68154756,4.5690437,4.61955597,2214392.80496491
2014-10-22,EGX:CIEB,4.48868341,4.75272408,4.48868341,4.67466002,1345451.87144326
2014-10-23,EGX:CIEB,4.61725997,4.61725997,4.59200372,4.59200372,435539.71676548
2014-10-26,EGX:CIEB,4.59429972,4.70680381,4.37617932,4.59659572,497756.56530543
2014-10-27,EGX:CIEB,4.6034835,4.74124384,4.54837946,4.67695602,372595.51689854
2014-10-28,EGX:CIEB,4.6838438,4.70909982,4.64940377,4.67925156,312260.19993501
2014-10-29,EGX:CIEB,4.65169977,4.71828359,4.64940377,4.69532403,243362.17213988
2014-10-30,EGX:CIEB,4.70680381,4.79634766,4.67006778,4.7205796,498614.57854746
2014-11-02,EGX:CIEB,4.81930791,4.86522817,4.81930791,4.82389991,238331.68841124
2014-11-03,EGX:CIEB,4.82160391,4.86752417,4.7205796,4.82160391,3290685.48684427
2014-11-04,EGX:CIEB,4.61037174,4.82160391,4.61037174,4.82160391,849411.33262188
2014-11-05,EGX:CIEB,4.64940377,4.86752417,4.64940377,4.82160391,3175733.48939836
2014-11-06,EGX:CIEB,4.71139582,4.86752417,4.71139582,4.86752417,1355312.49063083
2014-11-09,EGX:CIEB,4.79864389,4.82160391,4.77568364,4.80782813,9547.0305915
2014-11-10,EGX:CIEB,4.66317955,4.80782813,4.66317955,4.80782813,1184.6680296
2014-11-11,EGX:CIEB,4.79864389,4.82160391,4.79864389,4.82160391,52700.30572862
2014-11-12,EGX:CIEB,4.66547578,4.72976383,4.66547578,4.72976383,290374.32916755
2014-11-13,EGX:CIEB,4.81012413,4.86752417,4.81012413,4.82849214,108035.62674368
2014-11-16,EGX:CIEB,4.82849214,4.82849214,4.82849214,4.82849214,0.0
2014-11-17,EGX:CIEB,4.66088355,4.79864389,4.61725997,4.64481176,11759.57235267
2014-11-18,EGX:CIEB,4.70680381,4.70909982,4.70680381,4.70680381,3214370.21767262
2014-11-19,EGX:CIEB,4.70680381,4.70680381,4.70680381,4.70680381,24176.80967765
2014-11-20,EGX:CIEB,4.70680381,4.70680381,4.70680381,4.70680381,0.0
2014-11-23,EGX:CIEB,4.61496374,4.76420386,4.59659572,4.66777178,73131.47384209
2014-11-24,EGX:CIEB,4.6057795,4.81012413,4.25908322,4.54837946,17142.84325189
2014-11-25,EGX:CIEB,4.6034835,4.6034835,4.54837946,4.54837946,1581.00917186
2014-11-26,EGX:CIEB,4.61496374,4.79405166,4.54837946,4.54837946,3432.05296811
2014-11-27,EGX:CIEB,4.59200372,4.70680381,4.59200372,4.67466002,70461.61537832
2014-11-30,EGX:CIEB,4.70450781,4.70680381,4.70221181,4.70680381,341659.13081668
2014-12-01,EGX:CIEB,4.62644375,4.75042808,4.62644375,4.70680381,1242224.60317267
2014-12-02,EGX:CIEB,4.64940377,4.64940377,4.59200372,4.61496374,186493.75132181
2014-12-03,EGX:CIEB,4.6907318,4.70680381,4.6907318,4.70680381,32665.47875741
2014-12-04,EGX:CIEB,4.60807573,4.70680381,4.60807573,4.69761958,4790.93688442
2014-12-07,EGX:CIEB,4.79864389,4.79864389,4.70680381,4.70680381,96014.73056095
2014-12-08,EGX:CIEB,4.70680381,4.70680381,4.62414752,4.70450781,111363.15017977
2014-12-09,EGX:CIEB,4.70680381,4.76420386,4.62185152,4.70450781,13379.78009904
2014-12-10,EGX:CIEB,4.61496374,4.70450781,4.61496374,4.70450781,444.2505111
2014-12-11,EGX:CIEB,4.70680381,4.74813185,4.61496374,4.71369205,2024671.70434186
2014-12-14,EGX:CIEB,4.61496374,4.61496374,4.59200372,4.59429972,16964.27196802
2014-12-15,EGX:CIEB,4.59200372,4.64940377,4.59200372,4.62873975,41337.07451821
2014-12-16,EGX:CIEB,4.36469954,4.59200372,4.36010753,4.37158777,137778.63400159
2014-12-17,EGX:CIEB,4.36240353,4.58511549,4.24760344,4.29581925,785722.35983927
2014-12-18,EGX:CIEB,4.58511549,4.58511549,4.36240353,4.55985992,6324.03668743
2014-12-21,EGX:CIEB,4.37617932,4.56674747,4.36469954,4.46801939,354093.78973034
2014-12-22,EGX:CIEB,4.48179563,4.48179563,4.46801939,4.46801939,127177.59729552
2014-12-23,EGX:CIEB,4.47720363,4.47720363,4.38536355,4.47031539,1382694.87262388
2014-12-24,EGX:CIEB,4.47031539,4.47031539,4.47031539,4.47031539,0.0
2014-12-25,EGX:CIEB,4.36240353,4.47031539,4.36240353,4.36240353,156532.97420551
2014-12-28,EGX:CIEB,4.36240353,4.36240353,4.36240353,4.36240353,0.0
2014-12-29,EGX:CIEB,4.36240353,4.52312389,4.31877927,4.33485128,26175.93697761
2014-12-30,EGX:CIEB,4.36240353,4.59200372,4.36240353,4.36240353,43597.52564822
2014-12-31,EGX:CIEB,4.36240353,4.54149191,3.96289921,4.15117136,437791.45710116
2015-01-04,EGX:CIEB,4.47720363,4.47720363,4.36240353,4.36240353,439895.11393314
2015-01-05,EGX:CIEB,4.36240353,4.52312389,4.36240353,4.46342785,1233121.82309228
2015-01-06,EGX:CIEB,4.1902034,4.46342785,4.1902034,4.46342785,2434.66701672
2015-01-08,EGX:CIEB,4.46342785,4.46342785,4.46342785,4.46342785,0.0
2015-01-11,EGX:CIEB,4.46342785,4.46342785,4.36240353,4.46342785,466463.03665583
2015-01-12,EGX:CIEB,4.46342785,4.46342785,4.46342785,4.46342785,0.0
2015-01-13,EGX:CIEB,4.36240353,4.36240353,4.36240353,4.36240353,1406187.88494621
2015-01-14,EGX:CIEB,4.36240353,4.45424361,4.13280335,4.33025974,445966.53758485
2015-01-15,EGX:CIEB,4.15576337,4.36469954,4.15576337,4.35781153,6517059.17911095
2015-01-18,EGX:CIEB,4.33944352,4.36010753,4.33944352,4.34403552,4355.39716765
2015-01-19,EGX:CIEB,4.33714728,4.36240353,4.33714728,4.36240353,183623.54458833
2015-01-20,EGX:CIEB,4.43128336,4.43128336,4.36240353,4.37388331,393928.25222571
2015-01-21,EGX:CIEB,4.36240353,4.43128336,4.36240353,4.36240353,2991434.85824904
2015-01-22,EGX:CIEB,4.36240353,4.47720363,4.36240353,4.36469954,40966.86575896
2015-01-26,EGX:CIEB,4.36240353,4.45424361,4.36240353,4.36699554,47983.41059605
2015-01-27,EGX:CIEB,4.37158777,4.46113161,4.36240353,4.40143557,137377.93746217
2015-01-28,EGX:CIEB,4.41980358,4.41980358,4.36699554,4.38536355,223444.9408922
2015-01-29,EGX:CIEB,4.38765978,4.38765978,4.30959549,4.36240353,2238569.61464256
2015-02-01,EGX:CIEB,4.36240353,4.47720363,4.36240353,4.47720363,2616504.84846864
2015-02-02,EGX:CIEB,4.46572385,4.46572385,4.46572385,4.46572385,1301802.08102902
2015-02-03,EGX:CIEB,4.47261162,4.56445147,4.47261162,4.47720363,3138542.75298375
2015-02-04,EGX:CIEB,4.48868341,4.6838438,4.48409186,4.65399577,173693.23904607
2015-02-05,EGX:CIEB,4.65399577,4.936404,4.65399577,4.82160391,114655.83043851
2015-02-08,EGX:CIEB,4.75272408,4.82160391,4.75272408,4.80093989,560739.96374689
2015-02-09,EGX:CIEB,4.931812,4.931812,4.91344398,4.91344398,1292446.6879129
2015-02-10,EGX:CIEB,4.934108,4.934108,4.91344398,4.91344398,56524.34444182
2015-02-11,EGX:CIEB,4.931812,4.934108,4.91344398,4.91344398,966453.92070827
2015-02-12,EGX:CIEB,4.73206006,4.934108,4.72976383,4.90655621,22495.62637094
2015-02-15,EGX:CIEB,4.934108,5.22340423,4.934108,5.10401214,557839.26923323
2015-02-16,EGX:CIEB,5.1889642,5.1889642,4.98921204,5.01676407,2142794.43092583
2015-02-17,EGX:CIEB,5.14304417,5.20044421,5.05120409,5.16600419,474825.39921773
2015-02-18,EGX:CIEB,5.14304417,5.15452441,5.14304417,5.14534017,652786.92748811
2015-02-19,EGX:CIEB,5.14993217,5.16600419,5.05120409,5.1522284,375156.49043312
2015-02-22,EGX:CIEB,5.17748397,5.17748397,5.07646034,5.14074794,5823.16601315
2015-02-23,EGX:CIEB,5.01676407,5.16600419,5.01676407,5.14074794,396628.59846966
2015-02-24,EGX:CIEB,5.16600419,5.16600419,5.15452441,5.16600419,436284.48968115
2015-02-25,EGX:CIEB,5.06268387,5.28080428,5.05120409,5.27850828,3145859.82022541
2015-02-26,EGX:CIEB,5.25784426,5.25784426,5.14304417,5.19585198,37234.29038628
2015-03-01,EGX:CIEB,5.25325203,5.25325203,5.23258847,5.23488401,133754.24701868
2015-03-02,EGX:CIEB,5.14304417,5.24866048,5.14304417,5.23258847,210439.72494958
2015-03-03,EGX:CIEB,5.23258847,5.23488401,5.17977997,5.22340423,437264.45404387
2015-03-04,EGX:CIEB,5.19585198,5.23488401,5.06268387,5.20044421,261349.9624423
2015-03-05,EGX:CIEB,5.24406825,5.24406825,5.08794012,5.09712436,1032403.3446209
2015-03-08,EGX:CIEB,5.1889642,5.21192445,5.1866682,5.1889642,45513.90040199
2015-03-09,EGX:CIEB,5.1889642,5.1889642,5.03972431,5.09253213,223366.54374318
2015-03-10,EGX:CIEB,5.1889642,5.1889642,4.84456393,4.85833994,4300828.39654129
2015-03-11,EGX:CIEB,4.89277974,4.91803599,4.82160391,4.82849214,1308413.57392952
2015-03-12,EGX:CIEB,4.86063594,4.86752417,4.82160391,4.82160391,9195428.08894896
2015-03-15,EGX:CIEB,5.05120409,5.05120409,4.87900395,4.88818819,146646.22263494
2015-03-16,EGX:CIEB,4.86522817,4.98232427,4.82160391,4.82389991,2484144.32854361
2015-03-17,EGX:CIEB,4.96625179,5.03972431,4.82389991,4.82389991,696.86354682
2015-03-18,EGX:CIEB,5.04431586,5.04431586,4.9042602,4.936404,161502.48237381
2015-03-19,EGX:CIEB,5.04431586,5.05120409,4.936404,4.940996,342991.88234999
2015-03-22,EGX:CIEB,4.87441195,4.98232427,4.82160391,4.82160391,4364121.02818165
2015-03-23,EGX:CIEB,4.82849214,4.934108,4.81012413,4.82160391,5681663.51457458
2015-03-24,EGX:CIEB,4.82160391,4.97773203,4.81012413,4.82160391,723927.98482458
2015-03-25,EGX:CIEB,4.82160391,4.82160391,4.77568364,4.80782813,2803634.48777693
2015-03-26,EGX:CIEB,4.77568364,4.82160391,4.77568364,4.79405166,4355.39716765
2015-03-29,EGX:CIEB,5.02594784,5.02594784,4.79864389,4.84456393,23649.80662037
2015-03-30,EGX:CIEB,4.83767592,4.83767592,4.82160391,4.82619591,7077.52039744
2015-03-31,EGX:CIEB,4.84456393,4.84456393,4.78257188,4.81471567,6685.53465235
2015-04-01,EGX:CIEB,4.82160391,4.82160391,4.78257188,4.82160391,426367.2503304
2015-04-02,EGX:CIEB,4.64940377,4.82160391,4.64940377,4.81012413,9799.64362722
2015-04-05,EGX:CIEB,4.91344398,4.936404,4.75272408,4.7733881,47256.05926905
2015-04-06,EGX:CIEB,4.82160391,4.82160391,4.70909982,4.82160391,851480.14627652
2015-04-07,EGX:CIEB,4.82160391,4.82160391,4.82160391,4.82160391,45513.90040199
2015-04-08,EGX:CIEB,4.82160391,4.82160391,4.72976383,4.78486788,77251.67956269
2015-04-09,EGX:CIEB,4.71828359,4.82160391,4.71828359,4.78946011,872477.51602178
2015-04-14,EGX:CIEB,4.91344398,4.91344398,4.78946011,4.79864389,547037.88425745
2015-04-15,EGX:CIEB,4.79864389,4.79864389,4.76420386,4.79864389,280487.57759697
2015-04-16,EGX:CIEB,4.79864389,5.05120409,4.79634766,4.80553189,991449.54505344
2015-04-19,EGX:CIEB,4.82389991,4.936404,4.82389991,4.83308369,112643.63694706
2015-04-20,EGX:CIEB,4.82389991,4.90196397,4.82160391,4.82849214,151881.41003046
2015-04-21,EGX:CIEB,4.82160391,4.82160391,4.53460367,4.73206006,72303.94838024
2015-04-22,EGX:CIEB,4.59200372,4.82160391,4.59200372,4.73894761,251484.98785756
2015-04-23,EGX:CIEB,4.74813185,4.74813185,4.74124384,4.74124384,132055.64212329
2015-04-26,EGX:CIEB,4.70680381,4.72976383,4.70680381,4.71369205,6315.3258931
2015-04-27,EGX:CIEB,4.71828359,4.75272408,4.59659572,4.71139582,258275.05204193
2015-04-28,EGX:CIEB,4.70680381,4.75272408,4.70680381,4.71598805,424132.9315834
2015-04-29,EGX:CIEB,4.72976383,4.79634766,4.71828359,4.74124384,203832.58744625
2015-04-30,EGX:CIEB,4.82160391,4.88589219,4.82160391,4.82389991,28689.00114334
2015-05-03,EGX:CIEB,4.82160391,4.87670795,4.82160391,4.87670795,4355.39716765
2015-05-04,EGX:CIEB,4.83308369,4.84686016,4.83308369,4.84456393,14220.37175239
2015-05-05,EGX:CIEB,4.82849214,5.03283608,4.82389991,5.00987606,49050.48290213
2015-05-06,EGX:CIEB,5.02594784,5.14304417,5.02594784,5.07646034,1314197.54136817
2015-05-07,EGX:CIEB,5.14993217,5.14993217,5.12008392,5.14304417,90344.00344866
2015-05-10,EGX:CIEB,5.14993217,5.39560437,5.14993217,5.26473227,198667.08640541
2015-05-11,EGX:CIEB,5.39560437,5.58158029,5.39560437,5.39790037,4985884.46164455
2015-05-12,EGX:CIEB,5.57469275,5.57928429,5.39790037,5.50122023,798583.84767535
2015-05-13,EGX:CIEB,5.60913255,5.60913255,5.39560437,5.51040447,271428.35148825
2015-05-14,EGX:CIEB,5.54484449,5.54484449,5.45300442,5.54025226,1098566.18299475
2015-05-17,EGX:CIEB,5.48744445,5.48744445,5.48744445,5.48744445,261.32383006
2015-05-18,EGX:CIEB,5.51040447,5.62750056,5.51040447,5.60913255,32286.55920383
2015-05-19,EGX:CIEB,5.51270047,5.59076453,5.51270047,5.56780451,37817.91360675
2015-05-20,EGX:CIEB,5.55632473,5.55862027,5.55632473,5.55632473,93371.00448018
2015-05-21,EGX:CIEB,5.60224454,5.60224454,5.28310028,5.51040447,4800379.3854798
2015-05-24,EGX:CIEB,5.51040447,5.51040447,5.34050033,5.50810846,48140.20489409
2015-05-25,EGX:CIEB,5.3037643,5.50581246,5.28080428,5.34968411,13462.53264522
2015-05-26,EGX:CIEB,5.39560437,5.39560437,5.39560437,5.39560437,372386.45783449
2015-05-27,EGX:CIEB,5.39560437,5.39560437,5.28080428,5.36805212,57499.95340738
2015-05-28,EGX:CIEB,4.87211572,5.40478861,4.87211572,5.38871614,152534.71960561
2015-06-02,EGX:CIEB,5.49892469,5.58387652,5.49433245,5.56780451,1762912.33456581
2015-06-03,EGX:CIEB,5.60683654,5.62979656,5.54714049,5.59994831,135627.06780077
2015-06-04,EGX:CIEB,5.57928429,5.6803086,5.57928429,5.62750056,677586.55896073
2015-06-07,EGX:CIEB,5.51040447,5.62520456,5.51040447,5.62061255,12216.88905527
2015-06-08,EGX:CIEB,5.51040447,5.68719661,5.39560437,5.62290856,953370.30761664
2015-06-09,EGX:CIEB,5.40019638,5.62520456,5.40019638,5.62520456,674446.31760285
2015-06-10,EGX:CIEB,5.62520456,5.62520456,5.61831632,5.62520456,1234916.24672535
2015-06-11,EGX:CIEB,5.42774817,5.42774817,5.42774817,5.42774817,701.21894399
2015-06-14,EGX:CIEB,5.44841241,5.44841241,5.44382018,5.44382018,1742.15886706
2015-06-16,EGX:CIEB,5.62061255,5.62061255,5.42086062,5.62061255,218061.66999297
2015-06-17,EGX:CIEB,5.59994831,5.62520456,5.59994831,5.62520456,4355.39716765
2015-06-18,EGX:CIEB,5.60224454,5.62520456,5.60224454,5.62520456,217769.85838274
2015-06-21,EGX:CIEB,5.62520456,5.62520456,5.62520456,5.62520456,107142.77032431
2015-06-22,EGX:CIEB,5.42086062,5.62520456,5.42086062,5.62290856,109529.52797218
2015-06-23,EGX:CIEB,5.62290856,5.62290856,5.62290856,5.62290856,0.0
2015-06-24,EGX:CIEB,5.42315662,5.62520456,5.42315662,5.62520456,305748.88116937
2015-06-25,EGX:CIEB,5.61142878,5.62520456,5.61142878,5.62520456,287456.21306522
2015-06-28,EGX:CIEB,5.39790037,5.62520456,5.39790037,5.62520456,435.53971677
2015-06-29,EGX:CIEB,5.62520456,5.62520456,5.62520456,5.62520456,0.0
2015-07-02,EGX:CIEB,5.51040447,5.56780451,5.39560437,5.55632473,166132.26956303
2015-07-05,EGX:CIEB,5.50810846,5.55632473,5.50810846,5.55632473,343205.2968112
2015-07-06,EGX:CIEB,5.41856439,5.55632473,5.39560437,5.55632473,1868.46538492
2015-07-07,EGX:CIEB,5.55632473,5.55632473,5.55632473,5.55632473,0.0
2015-07-08,EGX:CIEB,5.21192445,5.39790037,5.16600419,5.38182859,1228113.11634947
2015-07-09,EGX:CIEB,5.39560437,5.39560437,5.39101237,5.39101237,7404.17518501
2015-07-12,EGX:CIEB,5.28080428,5.39101237,5.28080428,5.39101237,4.35539717
2015-07-13,EGX:CIEB,5.28080428,5.28080428,5.28080428,5.28080428,347578.11556753
2015-07-14,EGX:CIEB,5.05120409,5.39330837,5.05120409,5.28080428,1644476.01938577
2015-07-15,EGX:CIEB,5.28080428,5.37264435,5.28080428,5.28080428,1259868.31709884
2015-07-16,EGX:CIEB,5.28310028,5.39560437,5.28080428,5.39330837,603679.8244228
2015-07-21,EGX:CIEB,5.39330837,5.39330837,5.39330837,5.39330837,65330.95751482
2015-07-22,EGX:CIEB,5.39560437,5.51040447,5.39560437,5.48285221,118701.99440726
2015-07-26,EGX:CIEB,5.53336448,5.53336448,5.51040447,5.51040447,196863.951978
2015-07-27,EGX:CIEB,5.51040447,5.51040447,5.51040447,5.51040447,201267.2585145
2015-07-28,EGX:CIEB,5.51040447,5.62290856,5.51040447,5.54484449,130958.08203705
2015-07-29,EGX:CIEB,5.60224454,5.67112482,5.60224454,5.62520456,111933.70720873
2015-07-30,EGX:CIEB,5.62520456,5.64816458,5.51270047,5.62750056,1737942.84260364
2015-08-02,EGX:CIEB,5.62520456,5.62520456,5.62520456,5.62520456,123980.73577446
2015-08-03,EGX:CIEB,5.62520456,5.62520456,5.62520456,5.62520456,33649.7985173
2015-08-04,EGX:CIEB,5.62520456,5.62520456,5.62290856,5.62520456,703287.75764706
2015-08-05,EGX:CIEB,5.51499647,5.62520456,5.51499647,5.62520456,502395.06328899
2015-08-09,EGX:CIEB,5.62520456,5.62520456,5.51499647,5.62520456,630313.07810301
2015-08-10,EGX:CIEB,5.62520456,5.62520456,5.62520456,5.62520456,47164.59592853
2015-08-11,EGX:CIEB,5.62520456,5.62520456,5.51040447,5.62290856,347295.01475163
2015-08-12,EGX:CIEB,5.51270047,5.51270047,5.51040447,5.51040447,9046.15991722
2015-08-13,EGX:CIEB,5.62520456,5.62520456,5.51040447,5.61142878,111411.05954861
2015-08-16,EGX:CIEB,5.39790037,5.39790037,5.39790037,5.39790037,901.5672137
2015-08-17,EGX:CIEB,5.39560437,5.41856439,5.39560437,5.41167639,13066.19150296
2015-08-18,EGX:CIEB,5.39790037,5.39790037,5.39560437,5.39560437,5296.16295587
2015-08-19,EGX:CIEB,5.28310028,5.28310028,5.06268387,5.28080428,760456.7008697
2015-08-20,EGX:CIEB,5.28080428,5.28080428,5.16600419,5.16600419,1859419.22500671
2015-08-23,EGX:CIEB,5.28080428,5.28080428,5.06497987,5.22110823,34703.80463187
2015-08-24,EGX:CIEB,5.06268387,5.51040447,5.05120409,5.17059619,687834.80849623
2015-08-25,EGX:CIEB,5.19126044,5.19126044,5.16600419,5.16600419,2279301.28895447
2015-08-26,EGX:CIEB,5.05120409,5.33590832,5.05120409,5.16370818,397395.14837116
2015-08-27,EGX:CIEB,5.05120409,5.17748397,5.05120409,5.16830019,2378229.78022058
2015-08-30,EGX:CIEB,5.16600419,5.21192445,5.16600419,5.20733222,1195774.29237963
2015-08-31,EGX:CIEB,5.21192445,5.36116434,5.09712436,5.22340423,2338208.035647
2015-09-01,EGX:CIEB,5.17748397,5.22570023,5.17748397,5.22570023,339577.25097054
2015-09-02,EGX:CIEB,5.28080428,5.28080428,5.22570023,5.23718001,45731.67026038
2015-09-03,EGX:CIEB,5.28080428,5.4323404,5.28080428,5.4300444,909376.44082616
2015-09-06,EGX:CIEB,5.39790037,5.4300444,5.39790037,5.42774817,5226.47660119
2015-09-07,EGX:CIEB,5.16830019,5.51040447,5.16830019,5.48744445,2555089.39300754
2015-09-08,EGX:CIEB,5.28080428,5.48744445,5.28080428,5.48514822,665809.56501939
2015-09-09,EGX:CIEB,5.48744445,5.48744445,5.48744445,5.48744445,591114.50359411
2015-09-10,EGX:CIEB,5.51270047,5.56780451,5.51040447,5.54484449,2119684.69355426
2015-09-13,EGX:CIEB,5.51499647,5.51499647,5.51040447,5.51040447,288632.17030049
2015-09-14,EGX:CIEB,5.48974045,5.59765231,5.48744445,5.50810846,654424.55682315
2015-09-15,EGX:CIEB,5.51040447,5.51040447,5.36346058,5.51040447,2359275.09174695
2015-09-17,EGX:CIEB,5.51040447,5.51040447,5.3037643,5.3037643,579446.39458197
2015-09-20,EGX:CIEB,5.39560437,5.39560437,5.28080428,5.31754031,11406.78518209
2015-09-21,EGX:CIEB,5.28080428,5.50810846,5.28080428,5.28539628,970247.4716413
2015-09-22,EGX:CIEB,5.29458006,5.29687629,5.29458006,5.29458006,228762.8808339
2015-09-28,EGX:CIEB,5.30606053,5.30606053,5.28080428,5.3037643,6236.92874408
2015-09-29,EGX:CIEB,5.3037643,5.3037643,5.3037643,5.3037643,0.0
2015-09-30,EGX:CIEB,5.4300444,5.51040447,5.4300444,5.48744445,97717.6908535
2015-10-01,EGX:CIEB,5.31754031,5.48744445,5.31754031,5.48744445,339.72097908
2015-10-04,EGX:CIEB,5.29228406,5.31524431,5.28080428,5.29228406,6010.44809136
2015-10-05,EGX:CIEB,5.28080428,5.52188424,5.28080428,5.50810846,1116959.02523375
2015-10-07,EGX:CIEB,5.49892469,5.51040447,5.49892469,5.49892469,1390639.11705768
2015-10-08,EGX:CIEB,5.51270047,5.51270047,5.51040447,5.51270047,45731.67026038
2015-10-11,EGX:CIEB,5.51040447,5.5172927,5.51040447,5.51270047,31040.91561388
2015-10-12,EGX:CIEB,5.53336448,5.67112482,5.53336448,5.62520456,693984.62929695
2015-10-13,EGX:CIEB,5.62290856,5.62290856,5.51040447,5.62061255,177395.32663858
2015-10-15,EGX:CIEB,5.57928429,5.59076453,5.57928429,5.58387652,37229.93498911
2015-10-18,EGX:CIEB,5.58617253,5.58617253,5.58387652,5.58387652,243.90224139
2015-10-19,EGX:CIEB,5.59076453,5.80888448,5.59076453,5.75148443,1015260.50136901
2015-10-20,EGX:CIEB,5.75148443,5.80888448,5.74000465,5.75148443,3043669.13648073
2015-10-21,EGX:CIEB,5.67112482,5.74000465,5.67112482,5.70556462,12695.98274371
2015-10-22,EGX:CIEB,5.70556462,5.74000465,5.70556462,5.74000465,30923.31989035
2015-10-25,EGX:CIEB,5.57928429,5.62750056,5.51270047,5.62290856,1344293.33579667
2015-10-26,EGX:CIEB,5.62750056,5.67112482,5.62750056,5.65734835,3218.6385069
2015-10-27,EGX:CIEB,5.58158029,5.60683654,5.57928429,5.58617253,23954.6844221
2015-10-28,EGX:CIEB,5.57928429,5.62520456,5.57928429,5.62061255,52695.95033146
2015-10-29,EGX:CIEB,5.62520456,5.62520456,5.57928429,5.60224454,469341.95418365
2015-11-01,EGX:CIEB,5.60224454,5.62520456,5.59076453,5.61372478,42508.67635631
2015-11-02,EGX:CIEB,5.62520456,5.62520456,5.62520456,5.62520456,263240.20481306
2015-11-03,EGX:CIEB,5.63668434,5.63668434,5.51040447,5.6343888,591680.70522591
2015-11-04,EGX:CIEB,5.62520456,5.62520456,5.51499647,5.62520456,2375633.96350866
2015-11-05,EGX:CIEB,5.62290856,5.64816458,5.62290856,5.62520456,637791.29503987
2015-11-08,EGX:CIEB,5.62520456,5.62520456,5.62520456,5.62520456,421929.10061656
2015-11-09,EGX:CIEB,5.62520456,5.62520456,5.51040447,5.5195887,586027.39970229
2015-11-10,EGX:CIEB,5.4667802,5.4667802,5.28080428,5.34279633,486062.32391028
2015-11-11,EGX:CIEB,5.28080428,5.37264435,5.24636425,5.25095648,60104.48091364
2015-11-12,EGX:CIEB,5.33820433,5.33820433,5.23718001,5.33820433,830713.61258114
2015-11-15,EGX:CIEB,5.16830019,5.28080428,5.16600419,5.16600419,650304.35110254
2015-11-16,EGX:CIEB,5.16600419,5.16600419,5.16600419,5.16600419,290866.48904749
2015-11-17,EGX:CIEB,5.16830019,5.16830019,5.16600419,5.16600419,260901.35653403
2015-11-18,EGX:CIEB,5.05120409,5.16600419,4.936404,5.08105189,212552.09257589
2015-11-19,EGX:CIEB,5.17748397,5.17748397,5.16600419,5.16600419,144599.18596614
2015-11-22,EGX:CIEB,5.05350009,5.05350009,4.84915616,5.05120409,382878.60961137
2015-11-23,EGX:CIEB,5.16600419,5.16600419,4.84456393,4.936404,729328.67731247
2015-11-24,EGX:CIEB,4.936404,5.05120409,4.82160391,4.92492422,2010451.33258947
2015-11-25,EGX:CIEB,4.940996,4.95936402,4.936404,4.94558824,8275.25461854
2015-11-26,EGX:CIEB,4.9387,4.9387,4.936404,4.936404,6306.61509876
2015-11-29,EGX:CIEB,4.936404,4.936404,4.936404,4.936404,871.07943353
2015-11-30,EGX:CIEB,4.936404,4.936404,4.936404,4.936404,0.0
2015-12-01,EGX:CIEB,4.936404,4.936404,4.936404,4.936404,0.0
2015-12-02,EGX:CIEB,5.05120409,5.16600419,4.936404,5.05120409,1949070.72030571
2015-12-03,EGX:CIEB,4.82160391,5.05120409,4.82160391,5.03513208,87051.32318992
2015-12-06,EGX:CIEB,5.03513208,5.03513208,5.03513208,5.03513208,0.0
2015-12-07,EGX:CIEB,5.03513208,5.03513208,5.03513208,5.03513208,0.0
2015-12-08,EGX:CIEB,4.936404,5.05120409,4.936404,5.01446806,7517.41551137
2015-12-09,EGX:CIEB,4.936404,4.936404,4.936404,4.936404,1007856.326184
2015-12-10,EGX:CIEB,4.90252748,4.91247704,4.90004064,4.90501481,4788.26664951
2015-12-13,EGX:CIEB,4.78811054,4.78811054,4.77567414,4.78811054,11562.59855919
2015-12-14,EGX:CIEB,4.94729942,4.94729942,4.88760374,4.89009107,2055875.05202485
2015-12-15,EGX:CIEB,4.90004064,4.90252748,4.90004064,4.90004064,590335.78652217
2015-12-16,EGX:CIEB,4.90004064,4.90501481,4.90004064,4.90004064,171597.64662848
2015-12-17,EGX:CIEB,4.9746603,4.9746603,4.90004064,4.90004064,1206.11250617
2015-12-20,EGX:CIEB,4.90252748,4.91247704,4.90252748,4.90998971,4973.20390046
2015-12-21,EGX:CIEB,4.9746603,4.9746603,4.79059787,4.87765467,23720.21262143
2015-12-22,EGX:CIEB,4.87765467,4.9746603,4.87765467,4.9622239,26425.92501028
2015-12-24,EGX:CIEB,4.97217297,5.0691786,4.97217297,4.99455894,853296.45549337
2015-12-27,EGX:CIEB,4.82542049,4.9746603,4.82542049,4.9746603,108292.82155439
2015-12-28,EGX:CIEB,5.03684355,5.07166593,5.03684355,5.03684355,1355626.232815
2015-12-29,EGX:CIEB,4.92740078,5.06171685,4.92740078,5.03684355,47673.60699406
2015-12-30,EGX:CIEB,4.97714763,5.09902681,4.97714763,5.08907724,202164.55790996
2015-12-31,EGX:CIEB,5.19852001,5.19852001,5.09902681,5.15872273,69632.89535648
2016-01-03,EGX:CIEB,4.9746603,5.14877366,4.9746603,5.13136185,9914.24480076
2016-01-04,EGX:CIEB,4.9995336,5.14877366,4.9746603,5.11892545,2826.32363947
2016-01-05,EGX:CIEB,5.14877366,5.22339331,5.14877366,5.1935451,62629.40207063
2016-01-06,EGX:CIEB,5.04927995,5.22339331,5.04927995,5.20846958,116639.12009712
2016-01-10,EGX:CIEB,5.03933088,5.20846958,5.03933088,5.20846958,1869.47438457
2016-01-11,EGX:CIEB,5.04927995,5.04927995,4.9995336,5.04430579,38808.68007368
2016-01-12,EGX:CIEB,5.04430579,5.04430579,5.04430579,5.04430579,0.0
2016-01-13,EGX:CIEB,5.04927995,5.04927995,4.92491345,5.00450851,840407.13317738
2016-01-14,EGX:CIEB,4.72592728,4.72592728,4.50455515,4.67866776,51553.26888892
2016-01-17,EGX:CIEB,4.68861733,4.68861733,4.58663704,4.67866776,603490.45358951
2016-01-18,EGX:CIEB,4.68861733,4.72592728,4.67866776,4.68861733,34402.34905112
2016-01-19,EGX:CIEB,4.72592728,4.72592728,4.72592728,4.72592728,281864.47231798
2016-01-20,EGX:CIEB,4.73090194,4.73090194,4.65130763,4.72592728,1833.29100939
2016-01-21,EGX:CIEB,4.72592728,4.75080059,4.72592728,4.72592728,676749.72721455
2016-01-24,EGX:CIEB,4.72592728,4.72592728,4.72592728,4.72592728,0.0
2016-01-26,EGX:CIEB,4.53937752,4.72592728,4.53937752,4.72592728,426.15975218
2016-01-27,EGX:CIEB,4.72592728,4.72592728,4.72592728,4.72592728,102869.33565163
2016-01-28,EGX:CIEB,4.72592728,4.72592728,4.60156078,4.72592728,101297.36901858
2016-01-31,EGX:CIEB,4.72592728,4.72592728,4.72592728,4.72592728,0.0
2016-02-01,EGX:CIEB,4.53937752,4.66623136,4.53937752,4.6612567,376182.47030083
2016-02-02,EGX:CIEB,4.60156078,4.73338952,4.60156078,4.72343995,157791.6788078
2016-02-03,EGX:CIEB,4.72592728,4.72592728,4.72592728,4.72592728,103162.82302813
2016-02-04,EGX:CIEB,4.74333859,4.91247704,4.72592728,4.79557278,96448.79674376
2016-02-07,EGX:CIEB,4.73338952,4.73338952,4.72592728,4.73090194,7952.30179071
2016-02-08,EGX:CIEB,4.74582592,4.9746603,4.72841461,4.96968564,154149.21903915
2016-02-09,EGX:CIEB,4.75328816,4.9746603,4.75080059,4.96968564,93469.69885351
2016-02-10,EGX:CIEB,4.9746603,5.0741535,4.9746603,5.01943224,98993.69413179
2016-02-11,EGX:CIEB,4.9746603,4.9746603,4.9746603,4.9746603,139454.74833893
2016-02-14,EGX:CIEB,4.9746603,5.09902681,4.86273019,4.97217297,207853.38856409
2016-02-15,EGX:CIEB,4.9746603,5.17364646,4.9746603,4.9746603,241604.43686187
2016-02-16,EGX:CIEB,5.19603243,5.19603243,4.9746603,4.9746603,241.22250123
2016-02-17,EGX:CIEB,5.09653948,5.17613379,4.9746603,5.1562354,646862.25931155
2016-02-18,EGX:CIEB,4.92740078,5.1562354,4.92740078,5.1562354,225.14100115
2016-02-21,EGX:CIEB,5.0741535,5.1562354,4.9746603,5.1562354,1129.72538078
2016-02-22,EGX:CIEB,5.03684355,5.03684355,4.949787,4.9746603,323712.55590722
2016-02-23,EGX:CIEB,4.9746603,4.9746603,4.9746603,4.9746603,325.65037667
2016-02-24,EGX:CIEB,5.09902681,5.09902681,4.78811054,4.9746603,699.54525358
2016-02-25,EGX:CIEB,4.9746603,5.22339331,4.9622239,4.98460987,1651047.40970238
2016-02-28,EGX:CIEB,5.10400147,5.34775982,5.10151414,5.21344374,125037.68351512
2016-02-29,EGX:CIEB,5.17364646,5.34775982,5.17364646,5.22588064,36665.82018771
2016-03-01,EGX:CIEB,5.19852001,5.22588064,5.19852001,5.22588064,2010.18751029
2016-03-02,EGX:CIEB,5.23582972,5.23831705,5.22339331,5.22836797,3765901.36327917
2016-03-03,EGX:CIEB,5.22339331,5.34775982,5.22339331,5.22836797,8442.78754322
2016-03-06,EGX:CIEB,5.22339331,5.22339331,5.21095691,5.21593107,2649.42713856
2016-03-07,EGX:CIEB,5.22339331,5.22339331,5.21593107,5.21593107,1459.39613247
2016-03-08,EGX:CIEB,5.22339331,5.34775982,5.22339331,5.22339331,1006677.78290359
2016-03-09,EGX:CIEB,5.22339331,5.22339331,5.22339331,5.22339331,1038856.86456833
2016-03-10,EGX:CIEB,5.22339331,5.28557657,5.22339331,5.22339331,1383792.98020919
2016-03-13,EGX:CIEB,5.21095691,5.21095691,5.19852001,5.20349467,17830.36321628
2016-03-14,EGX:CIEB,5.45968993,5.71588468,5.42984172,5.47958857,3877068.75297328
2016-03-15,EGX:CIEB,5.22339331,5.47212633,5.22339331,5.469639,40276.11695619
2016-03-16,EGX:CIEB,5.47212633,5.57161953,4.97714763,5.47212633,106178.10429357
2016-03-17,EGX:CIEB,5.35024715,5.47212633,5.22339331,5.43979129,192326.7002346
2016-03-20,EGX:CIEB,5.24826661,5.47212633,5.24826661,5.31542478,3413.29839247
2016-03-21,EGX:CIEB,5.27314017,5.47212633,5.27314017,5.47212633,583280.02836105
2016-03-22,EGX:CIEB,5.47212633,5.69349846,5.47212633,5.48705006,45273.44310677
2016-03-23,EGX:CIEB,5.47212633,5.72085934,5.47212633,5.47958857,282970.07544864
2016-03-24,EGX:CIEB,5.69349846,5.82035255,5.69349846,5.73578308,44107.5343508
2016-03-27,EGX:CIEB,5.73578308,5.73578308,5.73578308,5.73578308,0.0
2016-03-28,EGX:CIEB,5.73578308,5.84522585,5.72085934,5.74075798,241343.11248553
2016-03-29,EGX:CIEB,5.94471906,5.94471906,5.47710099,5.56913196,5503.89340318
2016-03-30,EGX:CIEB,5.72085934,5.72085934,5.56913196,5.56913196,1841.33175943
2016-03-31,EGX:CIEB,5.87009915,5.87009915,5.87009915,5.87009915,4824.4500247
2016-04-03,EGX:CIEB,5.85766225,5.85766225,5.84522585,5.85766225,193568.99611596
2016-04-04,EGX:CIEB,5.85766225,5.85766225,5.47212633,5.81040348,263061.17834672
2016-04-05,EGX:CIEB,5.795479,5.84522585,5.72085934,5.79050484,753739.9088587
2016-04-06,EGX:CIEB,5.72085934,5.83030212,5.72085934,5.73578308,5226.48752676
2016-04-07,EGX:CIEB,5.84522585,5.96959236,5.795479,5.88004822,38933.31169932
2016-04-10,EGX:CIEB,5.96959236,6.01933921,5.96959236,5.9770546,2814.26251441
2016-04-11,EGX:CIEB,6.06659799,6.06659799,5.84522585,5.9770546,1306.62188169
2016-04-12,EGX:CIEB,6.03177561,6.03177561,5.86014958,5.92482042,4350.04577227
2016-04-13,EGX:CIEB,5.91984551,5.93228241,5.8825358,5.92979508,63791.29045157
2016-04-14,EGX:CIEB,5.99446566,6.03177561,5.8825358,5.95964279,37132.18369009
2016-04-17,EGX:CIEB,6.18847716,6.18847716,5.96959236,6.14121839,3433.40026758
2016-04-18,EGX:CIEB,5.98202876,5.98202876,5.9074091,5.96959236,6866.80053515
2016-04-19,EGX:CIEB,6.00690231,6.02431337,5.93974415,5.96959236,1449666.82492143
2016-04-20,EGX:CIEB,6.02182604,6.06908556,5.84522585,5.90243444,132780.92580476
2016-04-21,EGX:CIEB,5.84522585,5.96959236,5.84522585,5.92482042,56836.04166597
2016-04-24,EGX:CIEB,5.96959236,6.06659799,5.91984551,5.93228241,56719.45079037
2016-04-26,EGX:CIEB,5.84522585,5.85020051,5.70842294,5.72832158,805807.78575025
2016-04-27,EGX:CIEB,5.59898017,5.59898017,5.41491773,5.59151818,182854.69668611
2016-04-28,EGX:CIEB,5.47212633,5.47461366,5.42237948,5.47212633,6981011.34873861
2016-05-03,EGX:CIEB,5.44725303,5.45222769,5.44725303,5.44725303,2275.53226165
2016-05-04,EGX:CIEB,5.44725303,5.47461366,5.44476545,5.45222769,11462.08918368
2016-05-05,EGX:CIEB,5.69598604,5.72085934,5.59649284,5.65121385,52180.44739213
2016-05-08,EGX:CIEB,5.52187318,5.71588468,5.52187318,5.65121385,402.03750206
2016-05-09,EGX:CIEB,5.47212633,5.73578308,5.47212633,5.72085934,745972.54431893
2016-05-10,EGX:CIEB,5.82035255,5.84522585,5.72085934,5.75070755,35037.56830437
2016-05-11,EGX:CIEB,5.84273852,5.84771318,5.74573264,5.76563129,603968.87821696
2016-05-12,EGX:CIEB,5.84522585,5.96959236,5.84522585,5.96213012,543333.58215654
2016-05-15,EGX:CIEB,5.84522585,5.84522585,5.47461366,5.82283988,4494.77927301
2016-05-16,EGX:CIEB,5.47461366,5.48953764,5.47461366,5.48705006,2162.96176107
2016-05-17,EGX:CIEB,5.72085934,5.72085934,5.72085934,5.72085934,150442.43327018
2016-05-18,EGX:CIEB,5.72334667,5.84025119,5.72085934,5.72085934,44925962.0937441
2016-05-19,EGX:CIEB,5.72085934,5.84273852,5.72085934,5.72334667,382337.66445734
2016-05-22,EGX:CIEB,5.72085934,5.72334667,5.72085934,5.72085934,1890368.27355256
2016-05-23,EGX:CIEB,5.72085934,5.795479,5.72085934,5.77806794,95017.54323643
2016-05-24,EGX:CIEB,5.72085934,5.72085934,5.72085934,5.72085934,1207326.65943079
2016-05-25,EGX:CIEB,5.72085934,5.72085934,5.72085934,5.72085934,0.0
2016-05-26,EGX:CIEB,5.72085934,5.96710503,5.72085934,5.82781454,211913.96733487
2016-05-29,EGX:CIEB,5.82035255,5.82035255,5.7706062,5.78801726,3051.46464062
2016-05-30,EGX:CIEB,5.7706062,5.7706062,5.72085934,5.75070755,2975.07751523
2016-05-31,EGX:CIEB,5.7830426,5.7830426,5.7830426,5.7830426,4876.71489997
2016-06-01,EGX:CIEB,5.7830426,5.7830426,5.7830426,5.7830426,898626.18385043
2016-06-02,EGX:CIEB,5.795479,5.84522585,5.74573264,5.83776361,36042.66205952
2016-06-05,EGX:CIEB,5.74573264,5.83776361,5.74573264,5.83776361,735.72862877
2016-06-06,EGX:CIEB,5.74573264,5.74573264,5.69598604,5.72085934,86663.20394366
2016-06-07,EGX:CIEB,5.73329575,5.84522585,5.73329575,5.83030212,30249.30165486
2016-06-08,EGX:CIEB,5.74075798,5.84522585,5.72085934,5.75319439,39689.14220318
2016-06-09,EGX:CIEB,5.725834,5.84522585,5.72085934,5.73578308,72358.70962043
2016-06-12,EGX:CIEB,5.73578308,5.73578308,5.73578308,5.73578308,0.0
2016-06-13,EGX:CIEB,5.73578308,5.73578308,5.69598604,5.72085934,352345.6668038
2016-06-14,EGX:CIEB,5.72085934,5.72085934,5.65867609,5.72085934,315386.35923959
2016-06-15,EGX:CIEB,5.72085934,5.72085934,5.72085934,5.72085934,0.0
2016-06-16,EGX:CIEB,5.72085934,5.72085934,5.65867609,5.66116342,11176.64255722
2016-06-19,EGX:CIEB,5.66116342,5.66613833,5.66116342,5.66116342,21283.86535896
2016-06-20,EGX:CIEB,5.67111249,5.67111249,5.47212633,5.65867609,431856.62358585
2016-06-21,EGX:CIEB,5.66862566,5.66862566,5.47461366,5.65867609,421536.32090801
2016-06-22,EGX:CIEB,5.65867609,5.65867609,5.65867609,5.65867609,201018.7510291
2016-06-23,EGX:CIEB,5.65867609,5.72085934,5.65867609,5.7133971,36384.39393627
2016-06-26,EGX:CIEB,5.49948721,5.49948721,5.47212633,5.47710099,23000.56549275
2016-06-27,EGX:CIEB,5.50943628,5.50943628,5.50943628,5.50943628,20101.87510291
2016-06-28,EGX:CIEB,5.47212633,5.50943628,5.47212633,5.49202497,162141.72458007
2016-06-29,EGX:CIEB,5.69598604,5.69598604,5.47212633,5.69349846,48646.53774904
2016-07-03,EGX:CIEB,5.69349846,5.69349846,5.22339331,5.68106206,654890.94822765
2016-07-04,EGX:CIEB,5.68106206,5.72085934,5.68106206,5.71837201,180611.32742462
2016-07-10,EGX:CIEB,5.71837201,5.72085934,5.71837201,5.71837201,958023.20440451
2016-07-11,EGX:CIEB,5.51192361,5.71837201,5.51192361,5.71837201,281.42625144
2016-07-12,EGX:CIEB,5.63380279,5.67111249,5.63380279,5.64623969,257360.28656753
2016-07-13,EGX:CIEB,5.64375236,5.64623969,5.52187318,5.59898017,1852001.83473114
2016-07-14,EGX:CIEB,5.59649284,5.59649284,5.57161953,5.5890306,15960.88883171
2016-07-17,EGX:CIEB,5.59151818,5.59649284,5.57161953,5.57659419,157031.82792891
2016-07-18,EGX:CIEB,5.52187318,5.57161953,5.52187318,5.56913196,1951120.16048857
2016-07-19,EGX:CIEB,5.57161953,5.59649284,5.56913196,5.57161953,1998126.38522921
2016-07-20,EGX:CIEB,5.59649284,5.64623969,5.59649284,5.62882788,278390.8683002
2016-07-21,EGX:CIEB,5.59898017,5.72085934,5.59898017,5.6885243,261927.43259091
2016-07-24,EGX:CIEB,5.57161953,5.6885243,5.57161953,5.6885243,804.07500412
2016-07-25,EGX:CIEB,5.57161953,5.72085934,5.57161953,5.57161953,904885.90775748
2016-07-26,EGX:CIEB,5.73578308,6.08898421,5.72085934,5.92482042,223810.25702077
2016-07-27,EGX:CIEB,6.11634484,6.11883217,5.7830426,6.0964462,853433.14824407
2016-07-28,EGX:CIEB,6.02928828,6.09395887,6.02928828,6.09147154,1099910.27963088
2016-07-31,EGX:CIEB,6.09147154,6.09147154,6.09147154,6.09147154,4020.37502058
2016-08-01,EGX:CIEB,6.09147154,6.10639527,5.96959236,6.01685188,76523.81814176
2016-08-02,EGX:CIEB,6.14370572,6.14370572,5.96959236,6.05167425,34535.0214268
2016-08-03,EGX:CIEB,6.09395887,6.0964462,6.09395887,6.09395887,2300245.50690088
2016-08-04,EGX:CIEB,6.09395887,6.09395887,6.01933921,6.04918692,786140.11114957
2016-08-07,EGX:CIEB,6.04918692,6.04918692,6.04918692,6.04918692,0.0
2016-08-08,EGX:CIEB,5.75568172,6.04918692,5.74573264,6.04918692,1941.84113494
2016-08-09,EGX:CIEB,5.96959236,6.04918692,5.76563129,6.04918692,1101.58275564
2016-08-10,EGX:CIEB,6.01933921,6.04918692,6.01933921,6.04918692,4080.68064589
2016-08-11,EGX:CIEB,6.05664891,6.21832537,5.96959236,5.989491,2930097.55950035
2016-08-14,EGX:CIEB,5.96959236,5.96959236,5.96710503,5.96959236,287456.81397161
2016-08-15,EGX:CIEB,6.09147154,6.09395887,5.8825358,6.01933921,861968.40441276
2016-08-16,EGX:CIEB,5.96959236,5.96959236,5.88751046,5.96959236,15180.93607772
2016-08-17,EGX:CIEB,5.96959236,5.96959236,5.88999779,5.93228241,418303.93939147
2016-08-18,EGX:CIEB,6.03177561,6.03177561,5.91238376,5.97456702,137283.74582781
2016-08-21,EGX:CIEB,5.87009915,6.05664891,5.87009915,5.97456702,3180.11664128
2016-08-22,EGX:CIEB,5.9074091,5.9074091,5.90492177,5.9074091,943984.05483263
2016-08-23,EGX:CIEB,5.9074091,5.9074091,5.90243444,5.90492177,854329.69187366
2016-08-24,EGX:CIEB,5.8949727,5.8949727,5.8949727,5.8949727,36183.37518524
2016-08-25,EGX:CIEB,5.7830426,5.96959236,5.7830426,5.92979508,68346.37534989
2016-08-28,EGX:CIEB,5.8079159,5.92979508,5.72334667,5.92979508,2380.06201218
2016-08-29,EGX:CIEB,5.725834,5.95715596,5.725834,5.88004822,12977.77056644
2016-08-30,EGX:CIEB,5.72832158,5.95715596,5.72832158,5.95466863,20327.01610406
2016-08-31,EGX:CIEB,5.94471906,5.96959236,5.72334667,5.96959236,2958019.06401829
2016-09-01,EGX:CIEB,5.8079159,5.96959236,5.8079159,5.96959236,100549.57926475
2016-09-04,EGX:CIEB,5.8949727,5.96959236,5.8079159,5.96959236,2432.32688745
2016-09-05,EGX:CIEB,5.91984551,5.95715596,5.91984551,5.94471906,128475.10415772
2016-09-06,EGX:CIEB,5.91984551,5.91984551,5.8079159,5.91238376,5684.8102791
2016-09-07,EGX:CIEB,5.91984551,5.91984551,5.91984551,5.91984551,1120450.37561104
2016-09-08,EGX:CIEB,5.82035255,5.9074091,5.8079159,5.9074091,199933.24977354
2016-09-14,EGX:CIEB,5.9074091,5.9074091,5.9074091,5.9074091,309568.87658481
2016-09-15,EGX:CIEB,5.8079159,5.9074091,5.73329575,5.90492177,359867.78846731
2016-09-18,EGX:CIEB,5.90243444,5.9074091,5.73578308,5.9074091,643967.58929673
2016-09-19,EGX:CIEB,5.73578308,5.9074091,5.73578308,5.9074091,241.22250123
2016-09-20,EGX:CIEB,5.7830426,5.7830426,5.67111249,5.76563129,91021.29046597
2016-09-21,EGX:CIEB,5.68354939,5.91984551,5.49699963,5.78801726,42688.34196854
2016-09-22,EGX:CIEB,5.87009915,5.9074091,5.72085934,5.90492177,16298.60033344
2016-09-25,EGX:CIEB,5.90492177,5.90492177,5.47212633,5.62385372,200198.5945249
2016-09-26,EGX:CIEB,5.62385372,5.62385372,5.39999351,5.47212633,1644152.46654208
2016-09-27,EGX:CIEB,5.47212633,5.47710099,5.47212633,5.47212633,3288.66676684
2016-09-28,EGX:CIEB,5.47212633,5.7706062,5.47212633,5.74324531,38595.60019759
2016-09-29,EGX:CIEB,5.74324531,5.8825358,5.72085934,5.86014958,158229.89968504
2016-10-03,EGX:CIEB,5.86014958,5.86014958,5.72085934,5.86014958,574.91362794
2016-10-04,EGX:CIEB,5.86014958,5.86014958,5.72085934,5.77309303,64728.03783137
2016-10-05,EGX:CIEB,5.77309303,5.88999779,5.77309303,5.87009915,160782.83782311
2016-10-09,EGX:CIEB,5.87009915,5.87009915,5.53679691,5.87009915,1471.45725753
2016-10-10,EGX:CIEB,5.87009915,5.87009915,5.59649284,5.87009915,1921.73925984
2016-10-11,EGX:CIEB,5.87009915,5.87009915,5.83278945,5.83278945,77802.2973983
2016-10-12,EGX:CIEB,5.83278945,5.83278945,5.83278945,5.83278945,0.0
2016-10-13,EGX:CIEB,5.83278945,5.8949727,5.60892924,5.82532721,136218.34644736
2016-10-16,EGX:CIEB,5.82532721,5.82532721,5.59649284,5.60644241,33654.55929729
2016-10-17,EGX:CIEB,5.60644241,5.71588468,5.47212633,5.62136614,89461.38495799
2016-10-18,EGX:CIEB,5.62136614,5.62136614,5.47212633,5.51938585,1337578.7693476
2016-10-19,EGX:CIEB,5.51938585,5.68106206,5.28557657,5.35770939,125821.65664413
2016-10-20,EGX:CIEB,5.35770939,5.35770939,5.16369739,5.21841865,2684392.34011749
2016-10-23,EGX:CIEB,5.21841865,5.47212633,5.10400147,5.13384918,562780.1361311
2016-10-24,EGX:CIEB,5.13384918,5.13384918,5.10897638,5.11146321,159275.19719039
2016-10-25,EGX:CIEB,5.11146321,5.11146321,4.9746603,5.06171685,281981.06319357
2016-10-26,EGX:CIEB,5.06171685,5.19852001,5.06171685,5.10151414,390792.51312562
2016-10-27,EGX:CIEB,5.10151414,5.22339331,5.09902681,5.18608336,170753.36787416
2016-10-30,EGX:CIEB,5.18608336,5.22339331,5.18608336,5.22339331,410130.51697462
2016-10-31,EGX:CIEB,5.22339331,5.22339331,5.11892545,5.22339331,1318172.41912326
2016-11-01,EGX:CIEB,5.22339331,5.22339331,5.22339331,5.22339331,1119835.25823289
2016-11-02,EGX:CIEB,5.22339331,5.34278516,5.22090598,5.22339331,2433645.57045881
2016-11-03,EGX:CIEB,5.22339331,5.74573264,5.22339331,5.74075798,1633980.91774001
2016-11-06,EGX:CIEB,5.74075798,6.94213845,5.74075798,6.45462199,766950.86117633
2016-11-07,EGX:CIEB,6.45462199,7.09884049,6.45462199,6.84015791,1791274.07004525
2016-11-08,EGX:CIEB,6.84015791,7.5241737,6.84015791,7.46945269,2492966.2038875
2016-11-09,EGX:CIEB,7.46945269,7.96194331,7.21574476,7.87986191,3850369.44246159
2016-11-10,EGX:CIEB,7.87986191,7.93458318,7.63859064,7.71321079,3443628.10162932
2016-11-13,EGX:CIEB,7.71321079,8.10869579,7.71072346,7.92712143,2019667.55458949
2016-11-14,EGX:CIEB,7.92712143,7.92712143,7.71072346,7.8375773,1267929.79249104
2016-11-15,EGX:CIEB,7.8375773,7.95945648,7.83508997,7.8500137,265714.6258603
2016-11-16,EGX:CIEB,7.8500137,8.07884832,7.83508997,7.91468453,1232715.32768577
2016-11-17,EGX:CIEB,7.91468453,8.21565123,7.91468453,8.06641167,1985755.69129088
2016-11-20,EGX:CIEB,8.06641167,8.08382299,7.97686779,8.04651254,33638.47779721
2016-11-21,EGX:CIEB,8.04651254,8.3076832,8.04651254,8.22062589,336589.81709814
2016-11-22,EGX:CIEB,8.22062589,8.45940934,8.21565123,8.43702337,668781.34392376
2016-11-23,EGX:CIEB,8.43702337,8.53154216,8.43702337,8.46935891,208954.97131972
2016-11-24,EGX:CIEB,8.46935891,8.51910576,8.45692251,8.49174488,2718987.66716959
2016-11-27,EGX:CIEB,8.49174488,8.49174488,8.20818949,8.2330623,774726.26646614
2016-11-28,EGX:CIEB,8.2330623,8.45940934,8.2330623,8.44448611,5801441.35844992
2016-11-29,EGX:CIEB,8.44448611,8.46935891,8.21067633,8.40717566,1666590.17953195
2016-11-30,EGX:CIEB,8.40717566,8.51910576,8.40717566,8.48677022,51360.29088793
2016-12-01,EGX:CIEB,8.48677022,8.54397857,8.45692251,8.48677022,4214153.07619895
2016-12-04,EGX:CIEB,8.48677022,8.48677022,8.20818949,8.43453654,196757.15350728
2016-12-05,EGX:CIEB,8.43453654,8.48179531,8.20818949,8.39722609,2571403.72053905
2016-12-06,EGX:CIEB,8.39722609,8.47930848,8.21067633,8.45692251,869044.26444899
2016-12-07,EGX:CIEB,8.45692251,8.45692251,8.45692251,8.45692251,1431249.48695214
2016-12-08,EGX:CIEB,8.45692251,8.50666936,8.45692251,8.45692251,1487269.39248893
2016-12-12,EGX:CIEB,8.45692251,8.45692251,8.2330623,8.45692251,1167504.84485193
2016-12-13,EGX:CIEB,8.45692251,8.45692251,8.45692251,8.45692251,0.0
2016-12-14,EGX:CIEB,8.45692251,8.45692251,8.42956163,8.45194785,803797.59823996
2016-12-15,EGX:CIEB,8.45194785,8.50666936,8.3449924,8.45692251,7783100.28759483
2016-12-18,EGX:CIEB,8.45692251,8.54397857,8.45443567,8.45692251,351847.14030125
2016-12-19,EGX:CIEB,8.45692251,8.65590867,8.45692251,8.49174488,806969.6741312
2016-12-20,EGX:CIEB,8.49174488,8.49174488,8.20818949,8.45692251,3697804.25118055
2016-12-21,EGX:CIEB,8.45692251,8.58128901,8.21316415,8.46189717,855507.66175469
2016-12-22,EGX:CIEB,8.46189717,8.57880218,8.45692251,8.45940934,2637687.64350339
2016-12-25,EGX:CIEB,8.45940934,8.53154216,8.28280915,8.45692251,209943.98357479
2016-12-26,EGX:CIEB,8.45692251,8.45940934,8.45692251,8.45692251,1053740.29289452
2016-12-27,EGX:CIEB,8.45692251,8.51661893,8.45692251,8.46438425,289193.6159805
2016-12-28,EGX:CIEB,8.46438425,8.54149173,8.45692251,8.46438425,283504.78532638
2016-12-29,EGX:CIEB,8.46438425,9.17824875,8.46438425,9.02403353,501875.4749443
2017-01-02,EGX:CIEB,9.02403353,9.22799436,8.81012289,9.19068515,272496.99852002
2017-01-03,EGX:CIEB,9.19068515,9.19068515,8.83250886,9.19068515,652671.70121629
2017-01-04,EGX:CIEB,9.19068515,9.19068515,8.85738291,9.08124188,964194.4800611
2017-01-05,EGX:CIEB,9.08124188,9.10362785,8.95438854,9.07875504,154446.72679068
2017-01-08,EGX:CIEB,9.07875504,9.45185457,9.07875504,9.21058329,1679588.05197349
2017-01-09,EGX:CIEB,9.21058329,9.53891062,8.95438854,9.20560838,4025066.79823094
2017-01-10,EGX:CIEB,9.20560838,9.94683376,9.20560838,9.64337899,1033039.38191354
2017-01-11,EGX:CIEB,9.64337899,9.94185886,9.57622107,9.69561292,98539.39175446
2017-01-12,EGX:CIEB,9.69561292,10.55871673,9.69561292,9.91947288,97297.0958731
2017-01-15,EGX:CIEB,9.91947288,9.95429526,9.91947288,9.9493206,136125.87782188
2017-01-16,EGX:CIEB,9.9493206,9.95180743,9.32748806,9.94434594,440592.89850557
2017-01-17,EGX:CIEB,9.94434594,10.19805361,9.94434594,9.95180743,311462.4732195
2017-01-18,EGX:CIEB,9.95180743,10.02394025,9.9493206,9.99906745,1999770.71861263
2017-01-19,EGX:CIEB,9.99906745,10.17318081,9.09119145,9.94683376,1486123.58560807
2017-01-22,EGX:CIEB,9.94683376,9.94683376,9.45185457,9.60606879,25758.54275687
2017-01-23,EGX:CIEB,9.60606879,9.9493206,9.60606879,9.94434594,1266510.60010878
2017-01-24,EGX:CIEB,9.94434594,9.94434594,9.45185457,9.82246726,109430.58768522
2017-01-26,EGX:CIEB,9.82246726,9.82246726,9.57622107,9.70058758,871520.81546167
2017-01-29,EGX:CIEB,9.70058758,9.91201015,9.70058758,9.83490366,107709.86717641
2017-01-30,EGX:CIEB,9.83490366,9.88713734,9.70058758,9.86972603,88448.2504528
2017-01-31,EGX:CIEB,9.86972603,9.86972603,9.70058758,9.70058758,181841.56218092
2017-02-01,EGX:CIEB,9.70058758,9.70058758,9.46180414,9.69312584,463316.0581219
2017-02-02,EGX:CIEB,9.69312584,9.70058758,9.45185457,9.69063801,1083458.90504666
2017-02-05,EGX:CIEB,9.69063801,9.70307441,8.95438854,9.69312584,994632.73934193
2017-02-06,EGX:CIEB,9.69312584,9.69312584,9.69063801,9.69312584,155343.27042026
2017-02-07,EGX:CIEB,9.69312584,9.70058758,9.22053286,9.68317627,695014.29093306
2017-02-08,EGX:CIEB,9.68317627,9.70058758,9.67073987,9.68566335,2068422.64246409
2017-02-09,EGX:CIEB,9.68566335,9.69810075,9.45185457,9.68068844,1225796.26227535
2017-02-12,EGX:CIEB,9.68068844,9.68815118,9.45185457,9.6607903,414098.62711994
2017-02-13,EGX:CIEB,9.6607903,9.6607903,9.27774121,9.31753849,89847.34095996
2017-02-14,EGX:CIEB,9.31753849,9.31753849,9.27774121,9.27774121,125861.86039434
2017-02-15,EGX:CIEB,9.27774121,9.45185457,9.27774121,9.44687991,16081.50008233
2017-02-16,EGX:CIEB,9.44687991,9.44687991,8.89220528,9.42449369,5303550.07515101
2017-02-19,EGX:CIEB,9.42449369,9.42449369,9.20312155,9.20312155,28158.70664416
2017-02-20,EGX:CIEB,9.20312155,9.20312155,8.71809192,8.95687537,143209.77860815
2017-02-21,EGX:CIEB,8.95687537,9.17824875,8.49423296,8.71063018,607993.27361256
2017-02-22,EGX:CIEB,8.71063018,8.74296597,8.45443567,8.48428339,458383.05797165
2017-02-23,EGX:CIEB,8.48428339,9.1658111,8.20818949,8.48428339,8356096.19665322
2017-02-26,EGX:CIEB,8.48428339,8.94941388,8.48428339,8.48428339,1186.01063107
2017-02-27,EGX:CIEB,8.48428339,8.58128901,8.48428339,8.48428339,1883256.23014115
2017-02-28,EGX:CIEB,8.48428339,8.48428339,8.15844264,8.45692251,28182.82889428
2017-03-01,EGX:CIEB,8.45692251,8.80514923,8.45692251,8.69819378,1122191.19799495
2017-03-02,EGX:CIEB,8.69819378,8.92951573,7.95945648,8.66337141,106246.45066892
2017-03-05,EGX:CIEB,8.66337141,8.83002203,8.66337141,8.70565552,368491.49288646
2017-03-06,EGX:CIEB,8.70565552,8.95438854,8.49671979,8.8275352,1537829.62874777
2017-03-07,EGX:CIEB,8.8275352,8.95438854,8.70565552,8.84494626,326663.51117232
2017-03-08,EGX:CIEB,8.84494626,8.95438854,8.70565552,8.94941388,182565.22968462
2017-03-09,EGX:CIEB,8.94941388,8.94941388,8.70565552,8.82007246,471067.34116158
2017-03-12,EGX:CIEB,8.82007246,8.95687537,8.82007246,8.9519017,1792190.71554995
2017-03-13,EGX:CIEB,8.9519017,8.95438854,8.83250886,8.94195214,189042.05384278
2017-03-14,EGX:CIEB,8.94195214,8.95438854,8.70565552,8.80763606,227251.69803839
2017-03-15,EGX:CIEB,8.80763606,8.83002203,8.71809192,8.83002203,635677.57600429
2017-03-16,EGX:CIEB,8.83002203,8.89220528,8.70565552,8.72804149,6547703.36977033
2017-03-19,EGX:CIEB,8.72804149,9.20312155,8.72804149,8.9519017,179614.27441952
2017-03-20,EGX:CIEB,8.9519017,9.45185457,8.9519017,9.05388224,101948.66977192
2017-03-21,EGX:CIEB,9.05388224,9.20312155,8.86733248,9.11109059,236498.56058573
2017-03-22,EGX:CIEB,9.11109059,9.32748806,8.95438854,8.97428768,84516.32368267
2017-03-23,EGX:CIEB,8.97428768,9.20312155,8.97428768,9.20312155,2679286.46384135
2017-03-26,EGX:CIEB,9.20312155,9.44936773,9.20312155,9.26530481,51561.30963896
2017-03-27,EGX:CIEB,9.26530481,9.32748806,9.08372971,9.32002632,79539.09940719
2017-03-28,EGX:CIEB,9.32002632,9.32002632,8.95438854,8.95687537,214458.8647229
2017-03-29,EGX:CIEB,8.95687537,9.30261526,8.95687537,9.20312155,183329.10093854
2017-03-30,EGX:CIEB,9.20312155,9.32748806,9.09119145,9.2528684,608684.7781161
2017-04-02,EGX:CIEB,9.2528684,9.2528684,9.1533747,9.17824875,118890.53010865
2017-04-03,EGX:CIEB,9.17824875,9.32748806,9.17824875,9.20560838,462568.26836807
2017-04-04,EGX:CIEB,9.20560838,9.20560838,9.10362785,9.18819732,101514.46926969
2017-04-05,EGX:CIEB,9.18819732,9.20312155,8.95438854,9.18819732,15737452.46956636
2017-04-06,EGX:CIEB,9.18819732,9.18819732,8.95438854,8.96433811,1503998.17294957
2017-04-09,EGX:CIEB,8.96433811,9.07875504,8.95438854,8.95438854,451206.68855991
2017-04-10,EGX:CIEB,8.95438854,9.01657179,8.91707809,8.95687537,449940.27042843
2017-04-11,EGX:CIEB,8.95687537,9.20312155,8.95438854,9.19814689,832229.69038552
2017-04-12,EGX:CIEB,9.19814689,9.20312155,8.95687537,9.19068515,44867.38522969
2017-04-13,EGX:CIEB,9.19068515,9.19068515,8.95438854,9.15586253,260797.70721013
2017-04-18,EGX:CIEB,9.15586253,9.15586253,8.92951573,8.95687537,32126.81678947
2017-04-19,EGX:CIEB,8.95687537,8.95687537,8.95687537,8.95687537,75671.49863739
2017-04-20,EGX:CIEB,8.95687537,8.99169899,8.95438854,8.9593632,22799.54674172
2017-04-23,EGX:CIEB,8.9593632,9.05388224,8.95438854,8.97428768,185182.49382302
2017-04-24,EGX:CIEB,8.97428768,8.97428768,8.70814236,8.77778835,499025.02905471
2017-04-26,EGX:CIEB,8.77778835,8.81758563,8.77778835,8.78276301,324914.64803837
2017-04-27,EGX:CIEB,8.78276301,8.78276301,8.46935891,8.69321912,33489.72392145
2017-04-30,EGX:CIEB,8.69321912,8.83002203,8.52408042,8.78276301,16636.31183517
2017-05-02,EGX:CIEB,8.78276301,8.83002203,8.58377585,8.83002203,915354.96431107
2017-05-03,EGX:CIEB,8.83002203,8.83002203,8.6086499,8.83002203,422.13937716
2017-05-04,EGX:CIEB,8.83002203,8.95438854,8.6210863,8.90961659,49551.12212867
2017-05-07,EGX:CIEB,8.90961659,9.17824875,8.90961659,8.98423625,303590.5789292
2017-05-08,EGX:CIEB,8.98423625,9.17824875,8.98423625,9.10114102,56550.59503951
2017-05-09,EGX:CIEB,9.10114102,9.20560838,9.08124188,9.19814689,125025.62239006
2017-05-10,EGX:CIEB,9.19814689,9.70058758,9.19814689,9.65084073,3479823.53793962
2017-05-11,EGX:CIEB,9.65084073,9.70058758,9.51403782,9.69810075,613123.27213883
2017-05-14,EGX:CIEB,9.69810075,9.70058758,9.45185457,9.69810075,126259.87752138
2017-05-15,EGX:CIEB,9.69810075,9.70058758,9.50160142,9.69810075,232329.43168939
2017-05-16,EGX:CIEB,9.69810075,9.70058758,8.95438854,9.65084073,41860.1447143
2017-05-17,EGX:CIEB,9.65084073,10.17318081,9.32748806,9.81251769,973594.11685922
2017-05-18,EGX:CIEB,9.81251769,9.84982689,9.70058758,9.81002986,1024946.36699711
2017-05-21,EGX:CIEB,9.81002986,9.9493206,9.47175371,9.84485323,13608.96944467
2017-05-22,EGX:CIEB,9.84485323,9.84485323,9.70058758,9.70058758,11678666.7860378
2017-05-23,EGX:CIEB,9.70058758,10.02394025,9.70058758,9.9493206,20182.28260332
2017-05-24,EGX:CIEB,9.9493206,9.9493206,9.77272041,9.82495409,2983142.38752191
2017-05-25,EGX:CIEB,9.82495409,9.9493206,9.82495409,9.94434594,442241.25226401
2017-05-28,EGX:CIEB,9.94434594,9.9493206,9.93190929,9.9493206,677433.19096805
2017-05-29,EGX:CIEB,9.9493206,10.19805361,9.94683376,9.95927017,947300.86422461
2017-05-30,EGX:CIEB,9.95927017,10.0736871,9.82495409,9.94185886,60466.44030955
2017-05-31,EGX:CIEB,9.94185886,10.19805361,9.82495409,10.18312938,68647.90347644
2017-06-01,EGX:CIEB,10.18312938,10.20551535,10.18312938,10.19805361,182794.3910608
2017-06-04,EGX:CIEB,10.19805361,10.29754732,10.19805361,10.24780046,16282.51883336
2017-06-05,EGX:CIEB,10.24780046,10.39455294,10.20054044,10.25277512,5495691.83813466
2017-06-06,EGX:CIEB,10.25277512,10.69551964,10.25277512,10.39455294,3005676.58951227
2017-06-07,EGX:CIEB,10.39455294,11.04374636,10.39455294,10.94922732,456573.88921239
2017-06-08,EGX:CIEB,10.94922732,11.39197183,10.94425266,11.20044741,1031318.66140474
2017-06-11,EGX:CIEB,11.20044741,11.21785848,11.19298567,11.20044741,11570.63930923
2017-06-12,EGX:CIEB,11.20044741,11.20044741,10.94425266,11.19298567,309460.32645925
2017-06-13,EGX:CIEB,11.19298567,11.19298567,10.94425266,11.07359382,134835.33744028
2017-06-14,EGX:CIEB,11.07359382,11.07359382,10.69551964,10.94176582,291750.57449359
2017-06-15,EGX:CIEB,10.94176582,10.94425266,10.94176582,10.94425266,325650.37666714
2017-06-18,EGX:CIEB,10.94425266,10.95668906,10.72288052,10.94425266,184129.15556763
2017-06-19,EGX:CIEB,10.94425266,10.96912546,10.94425266,10.94922732,111923.22019798
2017-06-20,EGX:CIEB,10.94922732,10.96912546,10.94922732,10.94922732,2038.33013544
2017-06-21,EGX:CIEB,10.94922732,11.19298567,10.94922732,11.13080242,83298.15005144
2017-06-22,EGX:CIEB,11.13080242,11.16811287,10.94673949,11.14821373,34498.83805161
2017-06-28,EGX:CIEB,11.14821373,11.16811287,10.94425266,11.06613233,773391.5019593
2017-07-02,EGX:CIEB,11.06613233,11.36709903,11.00892274,11.1954725,220300.46962781
2017-07-03,EGX:CIEB,11.1954725,11.19796033,11.19298567,11.1954725,307783.83007567
2017-07-04,EGX:CIEB,11.1954725,11.1954725,11.19298567,11.19298567,154784.4382924
2017-07-05,EGX:CIEB,11.19298567,11.3646112,11.19298567,11.19298567,506840.63809472
2017-07-06,EGX:CIEB,11.19298567,11.96405752,11.19298567,11.50638877,22228.6534888
2017-07-09,EGX:CIEB,11.50638877,11.50638877,11.28004173,11.50638877,2030.28938539
2017-07-10,EGX:CIEB,11.50638877,11.6904517,11.32481392,11.58598433,54616.79465461
2017-07-11,EGX:CIEB,11.58598433,12.18791773,11.58598433,12.09588676,482650.04159588
2017-07-12,EGX:CIEB,12.09588676,12.46649846,12.09588676,12.43167609,1764518.47428328
2017-07-13,EGX:CIEB,12.43167609,12.68538376,12.43167609,12.44908715,2742635.51304066
2017-07-16,EGX:CIEB,12.44908715,12.44908715,12.43416391,12.43665075,7855.81279022
2017-07-17,EGX:CIEB,12.43665075,13.05848328,12.43665075,12.57842856,589515.63001797
2017-07-18,EGX:CIEB,12.57842856,12.57842856,11.96405752,12.55604259,1133846.26517962
2017-07-19,EGX:CIEB,12.55604259,12.55604259,12.08842403,12.41675161,43822.08772434
2017-07-20,EGX:CIEB,12.41675161,12.43665075,12.18791773,12.42421434,581523.12447705
2017-07-24,EGX:CIEB,12.42421434,12.42421434,11.93918472,12.42421434,2983.11826527
2017-07-25,EGX:CIEB,12.42421434,12.42421434,11.69293853,12.18294307,30353.83140539
2017-07-26,EGX:CIEB,12.18294307,12.18791773,11.93669788,12.03121568,633317.61586721
2017-07-27,EGX:CIEB,12.03121568,12.03121568,11.81730504,11.82725461,6046.64403096
2017-07-30,EGX:CIEB,11.82725461,11.82725461,11.46659149,11.6904517,109378.32280995
2017-07-31,EGX:CIEB,11.6904517,11.6904517,11.44420552,11.65811616,482517.3692202
2017-08-01,EGX:CIEB,11.65811616,11.68796487,11.19796033,11.46161783,291352.55736655
2017-08-02,EGX:CIEB,11.46161783,11.46161783,11.19796033,11.46161783,201.01875103
2017-08-03,EGX:CIEB,11.46161783,11.56608519,11.44171869,11.46659149,4796604.90730575
2017-08-06,EGX:CIEB,11.46659149,11.46659149,11.00643591,11.44171869,893315.26844824
2017-08-07,EGX:CIEB,11.44171869,11.44171869,11.19796033,11.43674403,381609.97657862
2017-08-08,EGX:CIEB,11.43674403,11.45415509,11.19298567,11.43923185,573900.49343803
2017-08-09,EGX:CIEB,11.43923185,11.46659149,11.1954725,11.43923185,460960.11835984
2017-08-10,EGX:CIEB,11.43923185,11.44171869,10.95668906,11.18552393,78497.82227686
2017-08-13,EGX:CIEB,11.18552393,11.18552393,10.69800647,11.07856873,10517.30105384
2017-08-14,EGX:CIEB,11.07856873,11.07856873,11.07856873,11.07856873,0.0
2017-08-15,EGX:CIEB,11.07856873,11.07856873,11.04374636,11.0636445,245866.03438369
2017-08-16,EGX:CIEB,11.0636445,11.18801101,10.94425266,11.0636445,2205959.6719182
2017-08-17,EGX:CIEB,11.0636445,11.0636445,10.94425266,11.05369493,34977.26267906
2017-08-20,EGX:CIEB,11.05369493,11.68796487,10.19805361,10.66069727,24733.34712662
2017-08-21,EGX:CIEB,10.66069727,11.19298567,10.66069727,11.19298567,571697.32792675
2017-08-22,EGX:CIEB,11.19298567,11.19298567,11.19298567,11.19298567,6279.82578215
2017-08-23,EGX:CIEB,11.19298567,11.31735218,10.57612779,11.31735218,327720.86980274
2017-08-24,EGX:CIEB,11.31735218,11.31735218,11.23278295,11.31735218,81911.12066934
2017-08-27,EGX:CIEB,11.31735218,11.31735218,11.25516893,11.31486535,40541.46170755
2017-08-28,EGX:CIEB,11.31486535,11.44171869,11.31486535,11.31486535,1230.2347563
2017-08-29,EGX:CIEB,11.31486535,11.56608519,11.31486535,11.44171869,1588542.63925739
2017-08-30,EGX:CIEB,11.44171869,11.44171869,11.44171869,11.44171869,720270.28681235
2017-09-05,EGX:CIEB,11.44171869,11.93669788,11.44171869,11.44420552,1220433.08199789
2017-09-06,EGX:CIEB,11.44420552,11.6904517,11.44420552,11.46410466,925643.10398874
2017-09-07,EGX:CIEB,11.46410466,11.46659149,11.43923185,11.44171869,883626.16464864
2017-09-10,EGX:CIEB,11.44171869,11.44171869,11.31735218,11.42679446,534898.83536336
2017-09-11,EGX:CIEB,11.42679446,11.42679446,10.44678663,11.16811287,509888.08236032
2017-09-12,EGX:CIEB,11.16811287,11.19298567,10.70298138,11.16065013,12262.14381277
2017-09-13,EGX:CIEB,11.16065013,11.19298567,10.94425266,10.9641518,473198.13992249
2017-09-14,EGX:CIEB,10.9641518,11.19298567,10.9641518,11.19298567,3999730.39485123
2017-09-17,EGX:CIEB,11.19298567,11.20542207,11.19298567,11.19298567,813245.47953833
2017-09-18,EGX:CIEB,11.19298567,11.19298567,11.19298567,11.19298567,12865.20006586
2017-09-19,EGX:CIEB,11.19298567,11.21785848,11.19298567,11.19298567,2909549.42277016
2017-09-20,EGX:CIEB,11.19298567,11.19796033,11.19298567,11.19298567,3396050.98363575
2017-09-24,EGX:CIEB,11.19298567,11.93918472,10.94425266,11.43923185,3116912.32558173
2017-09-25,EGX:CIEB,11.43923185,11.81481821,11.43923185,11.44171869,74979.99413385
2017-09-26,EGX:CIEB,11.44171869,11.44420552,11.44171869,11.44171869,227963.30441704
2017-09-27,EGX:CIEB,11.44171869,11.44171869,11.44171869,11.44171869,4828751.82597033
2017-09-28,EGX:CIEB,11.44171869,11.55613562,11.31735218,11.44420552,83358.45567675
2017-10-01,EGX:CIEB,11.44420552,11.44420552,11.31735218,11.32730175,20101.87510291
2017-10-02,EGX:CIEB,11.32730175,11.32730175,11.20542207,11.20542207,5125.97815124
2017-10-03,EGX:CIEB,11.20542207,11.44420552,11.20542207,11.44171869,3426356.5705409
2017-10-04,EGX:CIEB,11.44171869,11.44171869,11.19298567,11.19298567,2759693.96425299
2017-10-08,EGX:CIEB,11.19298567,11.19298567,10.44678663,11.19049884,241318.99023541
2017-10-09,EGX:CIEB,11.19049884,11.55613562,11.19049884,11.19298567,492837.67189803
2017-10-10,EGX:CIEB,11.19298567,11.19298567,11.19298567,11.19298567,299710.91703434
2017-10-11,EGX:CIEB,11.19298567,11.19298567,11.19049884,11.19298567,3956.04902025
2017-10-12,EGX:CIEB,11.19298567,11.19298567,11.19298567,11.19298567,0.0
2017-10-15,EGX:CIEB,11.19298567,11.19298567,10.99399951,11.18552393,214511.12959817
2017-10-16,EGX:CIEB,11.18552393,11.18552393,10.57115313,10.93679092,58231.11179811
2017-10-17,EGX:CIEB,10.93679092,10.93679092,10.0736871,10.37216697,46274.5164869
2017-10-18,EGX:CIEB,10.37216697,10.64577279,10.18810404,10.23287599,426010.99830592
2017-10-19,EGX:CIEB,10.23287599,10.43435022,10.23287599,10.42191382,487128.73936881
2017-10-22,EGX:CIEB,10.42191382,10.43435022,10.19805361,10.19805361,4279833.94291019
2017-10-23,EGX:CIEB,10.19805361,10.29754732,10.19805361,10.20551535,556166.61922224
2017-10-24,EGX:CIEB,10.20551535,10.22790132,9.95180743,10.21297784,211519.97058286
2017-10-25,EGX:CIEB,10.21297784,10.22292642,10.19805361,10.20551535,61314.73943889
2017-10-26,EGX:CIEB,10.20551535,10.22292642,10.19805361,10.20302827,175835.12190017
2017-10-29,EGX:CIEB,10.20302827,10.43435022,10.20302827,10.41693891,21762.28998641
2017-10-30,EGX:CIEB,10.41693891,10.54628033,10.41693891,10.44678663,6077323.51273727
2017-10-31,EGX:CIEB,10.44678663,10.57115313,10.44678663,10.46668577,273124.17702323
2017-11-01,EGX:CIEB,10.46668577,10.57115313,10.46668577,10.49902031,600262.09244798
2017-11-02,EGX:CIEB,10.49902031,10.52638119,10.48409708,10.51145671,596495.0010537
2017-11-05,EGX:CIEB,10.51145671,10.51145671,10.39703978,10.40947618,269747.06200594
2017-11-06,EGX:CIEB,10.40947618,10.69551964,10.40947618,10.481609,324564.87541158
2017-11-07,EGX:CIEB,10.481609,10.481609,10.44678663,10.44678663,532510.73260114
2017-11-08,EGX:CIEB,10.44678663,10.44678663,10.32242012,10.40698934,169603.54061827
2017-11-09,EGX:CIEB,10.40698934,10.57115313,10.40698934,10.51145671,259149.35345169
2017-11-12,EGX:CIEB,10.51145671,10.51145671,10.43932489,10.44678663,160871.28607356
2017-11-13,EGX:CIEB,10.44678663,10.44678663,10.44678663,10.44678663,376439.77430215
2017-11-14,EGX:CIEB,10.44678663,10.44678663,10.32490695,10.44678663,3903.78414499
2017-11-15,EGX:CIEB,10.44678663,10.44678663,10.34729292,10.44429979,125001.50013993
2017-11-16,EGX:CIEB,10.44429979,10.58358954,10.32242012,10.51643162,24946.42700271
2017-11-19,EGX:CIEB,10.51643162,10.51643162,10.24780046,10.51643162,2721.79388893
2017-11-20,EGX:CIEB,10.51643162,10.69551964,10.51643162,10.61592508,9045.84379631
2017-11-21,EGX:CIEB,10.61592508,10.69551964,10.61592508,10.69551964,270458.66838459
2017-11-22,EGX:CIEB,10.69551964,10.69551964,10.69551964,10.69551964,1057422.95641337
2017-11-23,EGX:CIEB,10.69551964,10.94425266,10.69551964,10.70795604,209847.49457429
2017-11-26,EGX:CIEB,10.70795604,10.91937985,10.20302827,10.59851401,21903.00311213
2017-11-27,EGX:CIEB,10.59851401,10.869633,10.49653348,10.80496192,24942.40662769
2017-11-28,EGX:CIEB,10.80496192,11.19298567,10.7701393,11.18801101,2243763.25823673
2017-11-29,EGX:CIEB,11.18801101,11.19298567,10.7701393,11.14572665,58773.86242589
2017-12-03,EGX:CIEB,11.14572665,11.19298567,10.80247484,11.16811287,30096.52740408
2017-12-04,EGX:CIEB,11.16811287,11.19298567,10.81988615,11.12334068,65544.17396055
2017-12-05,EGX:CIEB,11.12334068,11.19298567,11.12334068,11.18054927,437384.63923915
2017-12-06,EGX:CIEB,11.18054927,11.19049884,10.94425266,10.99151168,111870.95532271
2017-12-07,EGX:CIEB,10.99151168,11.42928228,10.94425266,11.11587819,784849.57076796
2017-12-10,EGX:CIEB,11.11587819,11.31735218,11.11587819,11.11587819,2850.44588959
2017-12-11,EGX:CIEB,11.11587819,11.1954725,11.06861916,11.18552393,102796.96890126
2017-12-12,EGX:CIEB,11.18552393,11.44171869,11.18552393,11.43923185,4020.37502058
2017-12-13,EGX:CIEB,11.43923185,11.43923185,11.41684588,11.43923185,2685.61051375
2017-12-14,EGX:CIEB,11.43923185,11.43923185,11.11090328,11.19298567,222567.96113942
2017-12-17,EGX:CIEB,11.19298567,11.19298567,10.84475895,11.19298567,623.15812819
2017-12-18,EGX:CIEB,11.19298567,11.19298567,10.89699363,10.94425266,674180.7075764
2017-12-19,EGX:CIEB,10.94425266,11.19298567,10.94425266,10.95420223,1606123.73922239
2017-12-20,EGX:CIEB,10.95420223,10.95668906,10.94425266,10.94425266,317332.22074955
2017-12-21,EGX:CIEB,10.94425266,10.95668906,10.82237298,10.91191712,7063.79891116
2017-12-24,EGX:CIEB,10.91191712,10.91191712,10.91191712,10.91191712,0.0
2017-12-25,EGX:CIEB,10.91191712,10.91191712,10.69551964,10.7004943,322916.52165314
2017-12-26,EGX:CIEB,10.7004943,10.7004943,10.42191382,10.64079813,70887.2523629
2017-12-27,EGX:CIEB,10.64079813,10.69551964,10.47414751,10.69303281,509220.70010691
2017-12-28,EGX:CIEB,10.69303281,10.69551964,10.63333639,10.69551964,239147.98772429
2017-12-31,EGX:CIEB,10.69551964,10.69551964,10.28510967,10.41445109,113535.39058123
2018-01-02,EGX:CIEB,10.41445109,10.57115313,10.32242012,10.37962871,60466.44030955
2018-01-03,EGX:CIEB,10.37962871,10.37962871,10.37962871,10.37962871,0.0
2018-01-04,EGX:CIEB,10.37962871,10.45424837,10.37962871,10.44678663,654943.21310292
2018-01-08,EGX:CIEB,10.44678663,10.44678663,10.40947618,10.44678663,775023.77421766
2018-01-09,EGX:CIEB,10.44678663,10.44678663,10.38460337,10.44678663,3315868.62422527
2018-01-10,EGX:CIEB,10.44678663,10.7004943,10.44678663,10.6631841,168811.52673921
2018-01-11,EGX:CIEB,10.6631841,10.69551964,10.57115313,10.6880579,2537986.36336798
2018-01-14,EGX:CIEB,10.6880579,10.92684135,10.64577279,10.6507477,29296.47277498
2018-01-15,EGX:CIEB,10.6507477,10.6507477,10.44429979,10.44678663,169370.35886708
2018-01-16,EGX:CIEB,10.44678663,10.64577279,10.39703978,10.49653348,18996.27197225
2018-01-17,EGX:CIEB,10.49653348,10.49653348,10.26023687,10.44181197,455822.07908354
2018-01-18,EGX:CIEB,10.44181197,10.49653348,10.44181197,10.44678663,1763368.64702739
2018-01-21,EGX:CIEB,10.44678663,10.44678663,10.26521153,10.40698934,7055.75816112
2018-01-22,EGX:CIEB,10.40698934,10.44678663,10.38709021,10.44678663,289330.3087312
2018-01-23,EGX:CIEB,10.44678663,10.44678663,10.349781,10.36470423,10899.2366808
2018-01-24,EGX:CIEB,10.36470423,10.57115313,10.32490695,10.48658391,88705.55445412
2018-01-28,EGX:CIEB,10.48658391,10.48658391,10.44678663,10.44927346,15273.40470319
2018-01-29,EGX:CIEB,10.44927346,10.869633,10.35475566,10.71293095,17693.67046558
2018-01-30,EGX:CIEB,10.71293095,11.19298567,10.69551964,11.19049884,284915.9369586
2018-01-31,EGX:CIEB,11.19049884,11.19298567,10.94425266,11.19298567,921550.36221779
2018-02-01,EGX:CIEB,11.19298567,11.19298567,10.94425266,11.19298567,746937.43432387
2018-02-04,EGX:CIEB,11.19298567,11.19298567,11.19049884,11.19049884,4020.37502058
2018-02-05,EGX:CIEB,11.19049884,11.19049884,10.69551964,11.18801101,841942.91643525
2018-02-06,EGX:CIEB,11.18801101,11.18801101,10.52638119,11.05369493,124611.52376294
2018-02-07,EGX:CIEB,11.05369493,11.05369493,10.7577029,10.94176582,164276.543716
2018-02-08,EGX:CIEB,10.94176582,10.94176582,10.69551964,10.94176582,2010.18751029
2018-02-11,EGX:CIEB,10.94176582,10.94176582,10.7701393,10.7701393,16491.57833443
2018-02-12,EGX:CIEB,10.7701393,10.8945058,10.7701393,10.7701393,502.54687757
2018-02-13,EGX:CIEB,10.7701393,10.8945058,10.7701393,10.81988615,414898.68174903
2018-02-14,EGX:CIEB,10.81988615,10.81988615,10.54876716,10.81739932,97594.60362463
2018-02-15,EGX:CIEB,10.81739932,10.83232255,10.81739932,10.81988615,463870.86987474
2018-02-18,EGX:CIEB,10.81988615,10.94425266,10.74526649,10.84724703,7317.08253746
2018-02-19,EGX:CIEB,10.84724703,10.84724703,10.74526649,10.84475895,989752.00406694
2018-02-20,EGX:CIEB,10.84475895,10.84475895,10.81988615,10.81988615,256700.94506416
2018-02-21,EGX:CIEB,10.81988615,10.81988615,10.69551964,10.80744975,164803.21284369
2018-02-22,EGX:CIEB,10.80744975,10.81988615,10.60846358,10.73283009,121708.81299808
2018-02-25,EGX:CIEB,10.73283009,10.73283009,10.62587465,10.66069727,8824.72317018
2018-02-26,EGX:CIEB,10.66069727,10.72039245,10.64577279,10.69303281,1769298.70018275
2018-02-27,EGX:CIEB,10.69303281,11.19298567,10.66069727,11.01141057,24262.96324921
2018-02-28,EGX:CIEB,11.01141057,11.19298567,11.01141057,11.18552393,7638.71253911
2018-03-01,EGX:CIEB,11.18552393,11.31486535,11.17806144,11.19049884,51135.14988678
2018-03-04,EGX:CIEB,11.19049884,11.19298567,10.94425266,11.11836602,6689.90403425
2018-03-05,EGX:CIEB,11.11836602,11.11836602,10.94425266,11.02136014,3698.74501894
2018-03-06,EGX:CIEB,11.02136014,11.31486535,10.94425266,11.19298567,440842.16175685
2018-03-07,EGX:CIEB,11.19298567,11.2079099,11.19298567,11.19298567,42161.67284084
2018-03-08,EGX:CIEB,11.19298567,11.75263496,11.19298567,11.56111053,150012.25314297
2018-03-11,EGX:CIEB,11.56111053,11.75263496,11.10592961,11.27009316,148464.40876005
2018-03-12,EGX:CIEB,11.27009316,11.81481821,11.27009316,11.60090757,150659.53352129
2018-03-13,EGX:CIEB,11.60090757,12.03867842,11.60090757,11.81481821,1609303.85586368
2018-03-14,EGX:CIEB,11.81481821,11.81730504,11.81481821,11.81730504,1546614.14816774
2018-03-15,EGX:CIEB,11.81730504,12.16304493,11.81730504,11.94664646,432202.37583762
2018-03-18,EGX:CIEB,11.94664646,12.06355122,11.81481821,11.9665456,15595.03470484
2018-03-19,EGX:CIEB,11.9665456,12.01380437,11.93918472,11.94913429,61073.51693766
2018-03-20,EGX:CIEB,11.94913429,12.15309536,11.93669788,12.01877928,2629164.44845975
2018-03-21,EGX:CIEB,12.01877928,12.01877928,11.45664292,11.84466592,6082.82740614
2018-03-22,EGX:CIEB,11.84466592,12.15309536,11.84466592,12.06355122,2330406.36030529
2018-03-25,EGX:CIEB,12.06355122,12.06355122,12.06106439,12.06355122,10855.01255557
2018-03-26,EGX:CIEB,12.06355122,12.18791773,12.06355122,12.16055685,619459.38317126
2018-03-27,EGX:CIEB,12.16055685,12.49634717,12.16055685,12.43416391,284726.97933263
2018-03-28,EGX:CIEB,12.43416391,12.43416391,12.31228424,12.43416391,603.05625309
2018-03-29,EGX:CIEB,12.43416391,12.43665075,12.32472064,12.43416391,205284.36892593
2018-04-01,EGX:CIEB,12.43416391,13.18284979,11.93669788,12.48390977,94607.46498433
2018-04-02,EGX:CIEB,12.48390977,12.93162994,12.18791773,12.41177794,88046.21295074
2018-04-03,EGX:CIEB,12.41177794,12.41177794,11.93918472,12.06603806,562466.54687949
2018-04-04,EGX:CIEB,12.06603806,12.43167609,12.06355122,12.18791773,219862.24875056
2018-04-05,EGX:CIEB,12.18791773,12.90924397,11.83969101,12.07847545,1082180.42579012
2018-04-10,EGX:CIEB,12.07847545,12.98386363,11.95162112,12.18791773,769342.98431358
2018-04-11,EGX:CIEB,12.18791773,12.3172589,12.18791773,12.3172589,617171.78978455
2018-04-12,EGX:CIEB,12.3172589,12.43913758,12.25010099,12.429189,32175.06128972
2018-04-15,EGX:CIEB,12.429189,12.429189,12.22522818,12.429189,402.03750206
2018-04-16,EGX:CIEB,12.429189,12.43665075,12.07847545,12.43416391,290150.4652354
2018-04-17,EGX:CIEB,12.43416391,12.43416391,12.06852588,12.31228424,972757.87885494
2018-04-18,EGX:CIEB,12.31228424,12.31228424,12.18791773,12.18791773,5652.64727894
2018-04-19,EGX:CIEB,12.18791773,12.18791773,12.06355122,12.15558219,79305.917656
2018-04-22,EGX:CIEB,12.15558219,12.18791773,12.08842403,12.16801859,80041.64628477
2018-04-23,EGX:CIEB,12.16801859,12.16801859,10.10850948,11.29247938,1807468.14062816
2018-04-24,EGX:CIEB,11.29247938,11.31983901,11.19298567,11.29496621,1996819.76334753
2018-04-26,EGX:CIEB,11.29496621,12.1854309,11.25516893,11.35963629,4892603.42204721
2018-04-29,EGX:CIEB,11.35963629,11.44171869,11.35963629,11.44171869,590476.49964789
2018-04-30,EGX:CIEB,11.44171869,11.44171869,11.31735218,11.43923185,400783.14505177
2018-05-02,EGX:CIEB,11.43923185,11.48897771,11.32978858,11.44171869,1338760.75960366
2018-05-03,EGX:CIEB,11.44171869,11.68796487,11.34222498,11.53374965,5447306.62476196
2018-05-06,EGX:CIEB,11.53374965,11.6655789,11.46659149,11.62578162,250919.64578456
2018-05-07,EGX:CIEB,11.62578162,11.63075528,11.44918043,11.62578162,357190.2187036
2018-05-08,EGX:CIEB,11.62578162,11.81481821,11.49146554,11.81481821,124438.64763705
2018-05-09,EGX:CIEB,11.81481821,11.81481821,11.6904517,11.7974069,518885.68165638
2018-05-10,EGX:CIEB,11.7974069,11.7974069,11.7974069,11.7974069,0.0
2018-05-13,EGX:CIEB,11.7974069,11.81481821,11.76507136,11.77999584,2581.08076321
2018-05-14,EGX:CIEB,11.77999584,11.77999584,11.64070485,11.6904517,902015.35999278
2018-05-15,EGX:CIEB,11.6904517,11.6904517,11.44171869,11.45415509,4354.06614729
2018-05-16,EGX:CIEB,11.45415509,12.16304493,11.44171869,11.46410466,514214.00588247
2018-05-17,EGX:CIEB,11.46410466,11.4715664,11.46410466,11.46410466,201.01875103
2018-05-20,EGX:CIEB,11.46410466,11.46410466,11.46410466,11.46410466,0.0
2018-05-21,EGX:CIEB,11.46410466,12.16304493,11.46410466,11.95908386,6179.31640663
2018-05-22,EGX:CIEB,11.95908386,11.95908386,11.6904517,11.76258452,8772112.54265798
2018-05-23,EGX:CIEB,11.76258452,11.76258452,11.47902914,11.6904517,762066.10552632
2018-05-24,EGX:CIEB,11.6904517,11.6904517,11.56608519,11.6904517,1519.70175778
2018-05-27,EGX:CIEB,11.6904517,11.6904517,11.6904517,11.6904517,430.1801272
2018-05-28,EGX:CIEB,11.6904517,11.6904517,10.97410037,11.68547704,805100.19974663
2018-05-29,EGX:CIEB,11.68547704,11.6904517,11.44171869,11.68547704,141316.18197345
2018-05-30,EGX:CIEB,11.68547704,11.68547704,11.41684588,11.44171869,185632.77582533
2018-05-31,EGX:CIEB,11.44171869,11.68547704,10.82237298,11.58847117,968411.85345769
2018-06-03,EGX:CIEB,11.58847117,11.58847117,11.58847117,11.58847117,0.0
2018-06-04,EGX:CIEB,11.58847117,11.58847117,10.84475895,11.43176912,297001.18427047
2018-06-05,EGX:CIEB,11.43176912,11.43176912,10.67064684,11.36212412,749301.41483598
2018-06-06,EGX:CIEB,11.36212412,11.36212412,11.36212412,11.36212412,0.0
2018-06-07,EGX:CIEB,11.36212412,11.36212412,11.36212412,11.36212412,0.0
2018-06-10,EGX:CIEB,11.36212412,11.36212412,11.36212412,11.36212412,0.0
2018-06-11,EGX:CIEB,11.36212412,11.44171869,11.36212412,11.43923185,1658014.71961305
2018-06-12,EGX:CIEB,11.43923185,11.43923185,11.41684588,11.43923185,211560.17433306
2018-06-13,EGX:CIEB,11.43923185,11.43923185,11.31735218,11.31735218,8265.89104232
2018-06-14,EGX:CIEB,11.31735218,11.31735218,11.06861916,11.08603048,4221.39377161
2018-06-19,EGX:CIEB,11.08603048,11.08603048,11.06861916,11.06861916,8418.6652931
2018-06-20,EGX:CIEB,11.06861916,11.06861916,11.06613233,11.06861916,58609.02705004
2018-06-21,EGX:CIEB,11.06861916,11.56608519,10.67064684,11.03130871,297716.81102413
2018-06-24,EGX:CIEB,11.03130871,11.06861916,10.57115313,10.66567193,140110.06946728
2018-06-25,EGX:CIEB,10.66567193,10.69551964,10.44678663,10.58856445,69174.57260413
2018-06-26,EGX:CIEB,10.58856445,10.69551964,10.44678663,10.59851401,548740.98655923
2018-06-27,EGX:CIEB,10.59851401,10.59851401,10.59851401,10.59851401,0.0
2018-06-28,EGX:CIEB,10.59851401,11.19298567,10.59851401,11.17308653,15229.18057796
2018-07-02,EGX:CIEB,11.17308653,11.17308653,10.44678663,10.69800647,312025.32572238
2018-07-03,EGX:CIEB,10.69800647,10.94425266,10.44678663,10.70546921,1344642.56825877
2018-07-04,EGX:CIEB,10.70546921,10.70546921,10.44678663,10.44678663,7638.71253911
2018-07-05,EGX:CIEB,10.44678663,10.47663434,10.22541449,10.40450251,77633.44164744
2018-07-08,EGX:CIEB,10.40450251,10.40450251,10.40450251,10.40450251,0.0
2018-07-09,EGX:CIEB,10.40450251,10.44678663,10.19805361,10.21546492,891481.97743886
2018-07-10,EGX:CIEB,10.21546492,10.22292642,10.19805361,10.19805361,1610385.33674421
2018-07-11,EGX:CIEB,10.19805361,10.19805361,10.19805361,10.19805361,0.0
2018-07-12,EGX:CIEB,10.19805361,10.69551964,9.9493206,10.37962871,418919.05676962
2018-07-15,EGX:CIEB,10.37962871,10.37962871,10.21049001,10.37962871,253.2836263
2018-07-16,EGX:CIEB,10.37962871,10.7004943,10.37962871,10.69800647,1667374.15266096
2018-07-17,EGX:CIEB,10.69800647,10.69800647,10.32242012,10.69551964,2643838.81728488
2018-07-18,EGX:CIEB,10.69551964,10.69551964,10.44678663,10.44678663,229306.10967391
2018-07-19,EGX:CIEB,10.44678663,10.69303281,10.44678663,10.44678663,1073.4401305
2018-07-22,EGX:CIEB,10.44678663,10.44678663,10.44678663,10.44678663,0.0
2018-07-24,EGX:CIEB,10.44678663,10.45176129,10.44678663,10.44678663,84.42787543
2018-07-25,EGX:CIEB,10.44678663,10.69551964,10.44678663,10.57861488,1227396.37153354
2018-07-26,EGX:CIEB,10.57861488,10.57861488,10.44927346,10.57115313,792267.16268093
2018-07-29,EGX:CIEB,10.57115313,10.57115313,10.57115313,10.57115313,37220.63194055
2018-07-30,EGX:CIEB,10.57115313,10.57115313,10.57115313,10.57115313,282897.70869827
2018-07-31,EGX:CIEB,10.57115313,10.8820694,10.21049001,10.87958257,67252.83334429
2018-08-01,EGX:CIEB,10.87958257,11.41684588,10.87958257,11.16811287,2138212.33244637
2018-08-02,EGX:CIEB,11.16811287,11.16811287,11.16811287,11.16811287,0.0
2018-08-05,EGX:CIEB,11.16811287,11.44171869,10.94673949,11.41435781,85621.92681333
2018-08-06,EGX:CIEB,11.41435781,11.41435781,11.19298567,11.31735218,446149.05678402
2018-08-07,EGX:CIEB,11.31735218,11.32232684,11.31735218,11.31983901,315519.03161527
2018-08-08,EGX:CIEB,11.31983901,11.41684588,11.31983901,11.33725132,5455.64890293
2018-08-09,EGX:CIEB,11.33725132,11.42928228,10.94673949,11.33227641,168891.93423963
2018-08-12,EGX:CIEB,11.33227641,11.33227641,10.94673949,11.33227641,675.42300346
2018-08-13,EGX:CIEB,11.33227641,11.33227641,11.31735218,11.31983901,711284.74864135
2018-08-14,EGX:CIEB,11.31983901,11.32232684,11.31735218,11.31735218,1404316.99468926
2018-08-15,EGX:CIEB,11.31735218,11.31735218,11.31735218,11.31735218,85589.76381317
2018-08-16,EGX:CIEB,11.31735218,11.31735218,11.31486535,11.31486535,82417.68792193
2018-08-19,EGX:CIEB,11.31486535,11.31735218,11.19298567,11.31486535,82534.27879753
2018-08-26,EGX:CIEB,11.31486535,11.31486535,11.31486535,11.31486535,0.0
2018-08-27,EGX:CIEB,11.31486535,11.43425694,11.31486535,11.31735218,1376849.79254865
2018-08-28,EGX:CIEB,11.31735218,11.44171869,11.19796033,11.44171869,1208802.13706335
2018-08-29,EGX:CIEB,11.44171869,11.44171869,11.1954725,11.39445966,18895.76259674
2018-08-30,EGX:CIEB,11.39445966,11.44171869,11.39445966,11.44171869,4356076.33480051
2018-09-02,EGX:CIEB,11.44171869,11.44171869,11.43923185,11.44171869,3392710.05199365
2018-09-03,EGX:CIEB,11.44171869,11.44171869,11.44171869,11.44171869,1857.41325951
2018-09-04,EGX:CIEB,11.44171869,11.44171869,11.44171869,11.44171869,41514.39246253
2018-09-05,EGX:CIEB,11.44171869,11.44171869,11.44171869,11.44171869,320532.43926593
2018-09-06,EGX:CIEB,11.44171869,11.44171869,11.44171869,11.44171869,1111320.1039393
2018-09-09,EGX:CIEB,11.44171869,11.44171869,11.1954725,11.41684588,8655.86741931
2018-09-10,EGX:CIEB,11.41684588,11.44171869,11.1954725,11.43923185,23603.62174584
2018-09-13,EGX:CIEB,11.44171869,11.44171869,11.06861916,11.0885183,28142.62514407
2018-09-16,EGX:CIEB,11.0885183,11.0885183,10.69551964,11.0885183,2544.89738803
2018-09-17,EGX:CIEB,11.0885183,11.0885183,10.94425266,10.94425266,390008.53999661
2018-09-18,EGX:CIEB,10.94425266,11.19298567,10.94425266,11.16313796,121962.09662437
2018-09-19,EGX:CIEB,11.16313796,11.16313796,10.94425266,10.94425266,5274.732027
2018-09-20,EGX:CIEB,10.94425266,10.94673949,10.94425266,10.94673949,10758.52355508
2018-09-23,EGX:CIEB,10.94673949,11.06861916,10.94673949,11.06861916,93127.96697676
2018-09-24,EGX:CIEB,11.06861916,11.06861916,10.7004943,10.94425266,161032.10107439
2018-09-25,EGX:CIEB,10.94425266,11.06861916,10.94176582,11.00892274,64326.00032931
2018-09-26,EGX:CIEB,11.00892274,11.00892274,10.69800647,10.90445537,5797.38077968
2018-09-27,EGX:CIEB,10.90445537,10.90445537,10.90445537,10.90445537,0.0
2018-09-30,EGX:CIEB,10.90445537,10.90445537,10.90445537,10.90445537,0.0
2018-10-01,EGX:CIEB,10.90445537,10.90445537,10.69303281,10.69551964,193440.3441153
2018-10-02,EGX:CIEB,10.69551964,10.69551964,10.69551964,10.69551964,2175.02288613
2018-10-03,EGX:CIEB,10.69551964,10.69551964,10.69551964,10.69551964,265.34475136
2018-10-04,EGX:CIEB,10.69551964,10.69551964,10.01150385,10.6880579,81275.90141608
2018-10-08,EGX:CIEB,10.6880579,10.69551964,10.0488143,10.69054498,171629.80962864
2018-10-09,EGX:CIEB,10.69054498,10.69054498,10.69054498,10.69054498,0.0
2018-10-10,EGX:CIEB,10.69054498,10.69054498,10.05130113,10.69054498,1025.19563025
2018-10-11,EGX:CIEB,10.69054498,10.69054498,10.44678663,10.44678663,159697.33656756
2018-10-14,EGX:CIEB,10.44678663,10.69551964,10.44678663,10.45176129,1523983.45717689
2018-10-15,EGX:CIEB,10.45176129,10.45176129,10.44181197,10.44181197,1525036.79543228
2018-10-16,EGX:CIEB,10.44181197,10.44678663,10.39703978,10.44678663,805381.62599807
2018-10-17,EGX:CIEB,10.44678663,10.44678663,10.32242012,10.32242012,410524.51372664
2018-10-18,EGX:CIEB,10.32242012,10.32739478,10.32242012,10.32242012,596298.00267769
2018-10-21,EGX:CIEB,10.32242012,10.32242012,10.19805361,10.19805361,6311.98878231
2018-10-22,EGX:CIEB,10.19805361,10.19805361,10.19805361,10.19805361,6400.43703277
2018-10-23,EGX:CIEB,10.19805361,10.19805361,10.19805361,10.19805361,108550.12555571
2018-10-24,EGX:CIEB,10.19805361,10.19805361,10.19805361,10.19805361,0.0
2018-10-25,EGX:CIEB,10.19805361,10.19805361,9.95180743,10.0736871,2093131.86734059
2018-10-28,EGX:CIEB,10.0736871,10.0736871,10.0736871,10.0736871,0.0
2018-10-29,EGX:CIEB,10.0736871,10.0736871,9.9493206,9.9493206,1122006.260744
2018-10-30,EGX:CIEB,9.9493206,10.19556678,9.9493206,9.9493206,539759.46876325
2018-10-31,EGX:CIEB,9.9493206,10.19556678,9.9493206,9.9741934,404067.79144359
2018-11-01,EGX:CIEB,9.9741934,10.19556678,9.95180743,9.95927017,18023.34121727
2018-11-04,EGX:CIEB,9.95927017,9.95927017,9.95678234,9.95927017,599.03587807
2018-11-05,EGX:CIEB,9.95927017,10.19805361,9.95429526,10.08612351,432387.31308856
2018-11-06,EGX:CIEB,10.08612351,10.44678663,10.08612351,10.44678663,1284232.4131995
2018-11-07,EGX:CIEB,10.44678663,10.44678663,10.44678663,10.44678663,2013122.38405598
2018-11-08,EGX:CIEB,10.44678663,10.45176129,10.19805361,10.33485652,132716.59980443
2018-11-11,EGX:CIEB,10.33485652,10.46171086,10.33485652,10.46171086,265344.75135841
2018-11-12,EGX:CIEB,10.46171086,10.46171086,10.44678663,10.44678663,20849.66485674
2018-11-13,EGX:CIEB,10.44678663,10.69551964,10.32490695,10.56617847,1339472.3659823
2018-11-14,EGX:CIEB,10.56617847,10.69551964,10.56617847,10.69551964,1176860.25752482
2018-11-15,EGX:CIEB,10.69551964,10.69551964,10.19805361,10.41445109,193062.42886336
2018-11-18,EGX:CIEB,10.41445109,10.69551964,10.41445109,10.41445109,82473936.98884232
2018-11-19,EGX:CIEB,10.41445109,10.69551964,10.41445109,10.64826062,75856.43588834
2018-11-22,EGX:CIEB,10.69551964,10.69551964,9.9493206,10.32242012,202634.94178737
2018-11-25,EGX:CIEB,10.32242012,10.32242012,9.9493206,9.9493206,4555.08489832
2018-11-26,EGX:CIEB,9.9493206,9.95180743,9.92444779,9.9493206,796645.35107835
2018-11-27,EGX:CIEB,9.9493206,10.19556678,9.9493206,9.95180743,68426.7828503
2018-11-28,EGX:CIEB,9.95180743,9.95180743,9.9493206,9.9493206,103894.53128188
2018-11-29,EGX:CIEB,9.9493206,10.0736871,9.9493206,9.9493206,398527.71466522
2018-12-02,EGX:CIEB,9.9493206,10.19556678,9.9493206,9.9493206,506.56725259
2018-12-03,EGX:CIEB,9.9493206,9.9493206,9.70058758,9.82744092,97192.56612257
2018-12-04,EGX:CIEB,9.82744092,10.32242012,9.70058758,9.82744092,91644.44859416
2018-12-05,EGX:CIEB,9.82744092,10.19805361,9.82495409,9.93937103,124273.81226121
2018-12-06,EGX:CIEB,9.93937103,9.93937103,9.82495409,9.82495409,391777.50500567
2018-12-09,EGX:CIEB,9.82495409,9.82495409,9.81997943,9.81997943,221389.99125838
2018-12-10,EGX:CIEB,9.81997943,9.82495409,9.81997943,9.82495409,76616.28676723
2018-12-11,EGX:CIEB,9.82495409,10.19805361,9.82495409,10.01647851,71249.08611475
2018-12-12,EGX:CIEB,10.01647851,10.32242012,10.01647851,10.20302827,155544.28917129
2018-12-13,EGX:CIEB,10.20302827,10.32490695,10.0736871,10.1308957,45072.42435574
2018-12-16,EGX:CIEB,10.1308957,10.1308957,10.0736871,10.1308957,217.10025111
2018-12-17,EGX:CIEB,10.1308957,10.19805361,10.0736871,10.07617394,39857.99795405
2018-12-18,EGX:CIEB,10.07617394,10.19805361,10.07617394,10.19805361,7630.67178906
2018-12-19,EGX:CIEB,10.19805361,10.19805361,10.07617394,10.19805361,1017.15488021
2018-12-20,EGX:CIEB,10.19805361,10.19805361,10.0736871,10.10850948,110869.88194259
2018-12-23,EGX:CIEB,10.10850948,10.23785089,10.10850948,10.13338353,45349.83023216
2018-12-24,EGX:CIEB,10.13338353,10.13338353,10.07617394,10.07617394,12061.12506175
2018-12-25,EGX:CIEB,10.07617394,10.07617394,10.07617394,10.07617394,0.0
2018-12-26,EGX:CIEB,10.07617394,10.08612351,10.07617394,10.07617394,554.81175284
2018-12-27,EGX:CIEB,10.07617394,10.15079459,10.07617394,10.10850948,4221.39377161
2018-12-30,EGX:CIEB,10.10850948,10.19805361,9.9493206,10.11597122,87535.62532313
2018-12-31,EGX:CIEB,10.11597122,10.20054044,10.11597122,10.20054044,179324.80741804
2019-01-02,EGX:CIEB,10.20054044,10.20054044,10.20054044,10.20054044,70569.64273627
2019-01-03,EGX:CIEB,10.20054044,10.32242012,10.20054044,10.20054044,852.31950436
2019-01-06,EGX:CIEB,10.20054044,10.20054044,10.20054044,10.20054044,0.0
2019-01-08,EGX:CIEB,10.20054044,10.20302827,10.20054044,10.20302827,44047.2287255
2019-01-09,EGX:CIEB,10.20302827,10.20302827,10.20302827,10.20302827,0.0
2019-01-10,EGX:CIEB,10.20302827,10.30252098,10.20302827,10.27267327,6423156.17200773
2019-01-13,EGX:CIEB,10.27267327,10.44678663,10.24780046,10.27267327,341.73187675
2019-01-14,EGX:CIEB,10.27267327,10.30252098,10.27267327,10.30003415,68350.39572491
2019-01-15,EGX:CIEB,10.30003415,10.30003415,10.14830676,10.27267327,829274.71474539
2019-01-16,EGX:CIEB,10.27267327,10.27267327,10.26023687,10.27018644,5623342.76541316
2019-01-17,EGX:CIEB,10.27018644,10.27018644,10.22292642,10.22292642,2211206.26132006
2019-01-20,EGX:CIEB,10.22292642,10.44678663,10.22292642,10.22292642,20.1018751
2019-01-21,EGX:CIEB,10.22292642,10.22292642,9.9493206,10.19805361,528856.21170743
2019-01-22,EGX:CIEB,10.19805361,10.20054044,10.19805361,10.19805361,897609.02897022
2019-01-23,EGX:CIEB,10.19805361,10.65820919,10.12343396,10.19805361,1708.65938375
2019-01-27,EGX:CIEB,10.19805361,10.50150814,10.19805361,10.44678663,810789.03040076
2019-01-28,EGX:CIEB,10.44678663,10.50150814,10.19805361,10.20302827,221120.62613201
2019-01-29,EGX:CIEB,10.20302827,10.22541449,10.20302827,10.20302827,1001.07338012
2019-01-30,EGX:CIEB,10.20302827,10.44678663,10.20302827,10.44678663,422139.3771611
2019-01-31,EGX:CIEB,10.44678663,10.63333639,10.44678663,10.62089999,20905.95010703
2019-02-03,EGX:CIEB,10.62089999,10.62089999,10.44678663,10.5686663,124631.62563804
2019-02-04,EGX:CIEB,10.5686663,10.57115313,10.56617847,10.57115313,1956314.48501516
2019-02-05,EGX:CIEB,10.57115313,10.69551964,10.57115313,10.69551964,959406.21341159
2019-02-06,EGX:CIEB,10.69551964,11.68796487,10.69551964,11.18552393,7891.9961654
2019-02-07,EGX:CIEB,11.18552393,11.18552393,10.69551964,10.72288052,341731.87674946
2019-02-10,EGX:CIEB,10.72288052,10.84724703,10.72288052,10.81739932,1720881.32380989
2019-02-11,EGX:CIEB,10.81739932,10.81739932,10.69551964,10.75521606,19989.30460233
2019-02-12,EGX:CIEB,10.75521606,10.81988615,10.73283009,10.81988615,182790.37068578
2019-02-13,EGX:CIEB,10.81988615,10.94425266,10.69551964,10.81988615,199627.70127197
2019-02-14,EGX:CIEB,10.81988615,10.99399951,10.81988615,10.95917689,28568.78489626
2019-02-17,EGX:CIEB,10.95917689,11.19298567,10.95917689,11.05866959,23848.86462209
2019-02-18,EGX:CIEB,11.05866959,11.19298567,11.05866959,11.05866959,4989.28540054
2019-02-19,EGX:CIEB,11.05866959,11.19298567,11.05866959,11.05866959,4193.25114647
2019-02-20,EGX:CIEB,11.05866959,11.55613562,10.94673949,11.19298567,810479.46152417
2019-02-21,EGX:CIEB,11.19298567,11.55613562,11.19298567,11.19298567,3638.43939363
2019-02-24,EGX:CIEB,11.19298567,11.76507136,11.19298567,11.19298567,6742.16890952
2019-02-25,EGX:CIEB,11.19298567,11.74019855,11.19298567,11.31735218,79884.85165896
2019-02-26,EGX:CIEB,11.31735218,11.75263496,11.31735218,11.31735218,2802.20138935
2019-02-27,EGX:CIEB,11.31735218,11.68050213,11.31735218,11.37953543,105394.13116456
2019-02-28,EGX:CIEB,11.37953543,11.44171869,11.37953543,11.37953543,1356185.06494286
2019-03-03,EGX:CIEB,11.37953543,11.44171869,11.37953543,11.43674403,21766.31036143
2019-03-04,EGX:CIEB,11.43674403,11.44171869,11.32978858,11.44171869,485182.87785885
2019-03-05,EGX:CIEB,11.44171869,11.44171869,11.20542207,11.42679446,38692.08919808
2019-03-06,EGX:CIEB,11.42679446,11.42679446,10.70795604,11.20542207,124949.23526467
2019-03-07,EGX:CIEB,11.20542207,11.44171869,10.72039245,11.12582776,112795.64157745
2019-03-10,EGX:CIEB,11.12582776,11.43425694,10.73283009,11.12582776,6102.92928124
2019-03-11,EGX:CIEB,11.12582776,11.12582776,10.7004943,11.12582776,1017.15488021
2019-03-12,EGX:CIEB,11.12582776,11.37456077,10.96912546,11.13080242,198839.70776794
2019-03-13,EGX:CIEB,11.13080242,11.4019214,11.13080242,11.19298567,288240.78710062
2019-03-14,EGX:CIEB,11.19298567,11.20542207,10.94425266,11.19796033,731816.80387147
2019-03-17,EGX:CIEB,11.19796033,11.43425694,11.19298567,11.19796033,4571.1663984
2019-03-18,EGX:CIEB,11.19796033,11.19796033,11.07359382,11.19298567,372548.05128222
2019-03-19,EGX:CIEB,11.19298567,11.19298567,11.05369493,11.19049884,151495.77152557
2019-03-20,EGX:CIEB,11.19049884,11.31735218,11.19049884,11.26263067,927564.84324858
2019-03-21,EGX:CIEB,11.26263067,11.75014812,11.1954725,11.35466263,44409.06247735
2019-03-24,EGX:CIEB,11.35466263,11.92674831,11.35466263,11.86456506,8040.75004116
2019-03-25,EGX:CIEB,11.86456506,11.86456506,11.24273252,11.56359836,466749.45838948
2019-03-26,EGX:CIEB,11.56359836,11.56608519,11.47902914,11.56608519,1019884.7148462
2019-03-27,EGX:CIEB,11.56608519,11.56608519,11.56359836,11.56608519,8040.75004116
2019-03-28,EGX:CIEB,11.56608519,11.86456506,11.44171869,11.44171869,925011.90511051
2019-03-31,EGX:CIEB,11.44171869,11.46907957,11.44171869,11.44918043,75969.00638892
2019-04-01,EGX:CIEB,11.44918043,11.44918043,11.44171869,11.44171869,1225731.93627502
2019-04-02,EGX:CIEB,11.44171869,11.56359836,11.31735218,11.44171869,1617758.70453196
2019-04-03,EGX:CIEB,11.44171869,11.93669788,11.44171869,11.56857203,741091.80904395
2019-04-04,EGX:CIEB,11.56857203,11.96405752,11.44171869,11.47405423,291565.63724264
2019-04-07,EGX:CIEB,11.47405423,11.47405423,11.47405423,11.47405423,904.58437963
2019-04-08,EGX:CIEB,11.47405423,11.50390194,11.47405423,11.47405423,153409.47003536
2019-04-09,EGX:CIEB,11.47405423,11.50638877,11.47405423,11.50141511,22976.44324263
2019-04-10,EGX:CIEB,11.50141511,11.55116096,11.50141511,11.52628791,82079.9764202
2019-04-11,EGX:CIEB,11.52628791,11.6904517,11.44171869,11.58100942,371940.97465412
2019-04-14,EGX:CIEB,11.58100942,11.81481821,11.44171869,11.48897771,126762.42439895
2019-04-15,EGX:CIEB,11.48897771,11.6904517,11.19298567,11.35714946,338937.71611016
2019-04-16,EGX:CIEB,11.35714946,11.35714946,10.44678663,10.59105227,58922.61630165
2019-04-17,EGX:CIEB,10.59105227,10.59105227,10.51145671,10.59105227,804.07500412
2019-04-18,EGX:CIEB,10.59105227,10.59105227,10.49902031,10.59105227,1897.61700971
2019-04-21,EGX:CIEB,10.59105227,10.59105227,10.01399068,10.22292642,6106.94965626
2019-04-22,EGX:CIEB,10.22292642,10.22292642,10.20054044,10.22292642,438.22087724
2019-04-23,EGX:CIEB,10.22292642,10.37714163,9.9493206,10.32490695,5274.732027
2019-04-24,EGX:CIEB,10.32490695,10.6756205,10.32242012,10.32490695,2010.18751029
2019-04-30,EGX:CIEB,10.32490695,10.50896988,10.32490695,10.44927346,2354781.89405508
2019-05-02,EGX:CIEB,10.44927346,10.7701393,10.44927346,10.66069727,408365.57234059
2019-05-05,EGX:CIEB,10.66069727,10.66069727,10.44678663,10.45424837,22112.0626132
2019-05-06,EGX:CIEB,10.45424837,10.81491149,10.44678663,10.4567362,152882.80090767
2019-05-07,EGX:CIEB,10.4567362,10.80744975,10.4567362,10.65323553,843398.2921927
2019-05-08,EGX:CIEB,10.65323553,10.69551964,10.45922303,10.54379225,21336.13023423
2019-05-09,EGX:CIEB,10.54379225,10.54379225,10.54379225,10.54379225,0.0
2019-05-12,EGX:CIEB,10.54379225,10.54379225,10.44927346,10.45424837,4563.12564836
2019-05-13,EGX:CIEB,10.45424837,10.69054498,10.45424837,10.57115313,244780.53312813
2019-05-14,EGX:CIEB,10.57115313,10.94425266,10.57115313,10.939278,363333.35173505
2019-05-15,EGX:CIEB,10.939278,10.94425266,10.57115313,10.83481038,412176.8878601
2019-05-16,EGX:CIEB,10.83481038,10.83481038,10.81988615,10.81988615,4812.38889964
2019-05-19,EGX:CIEB,10.81988615,10.81988615,10.57115313,10.62836173,383214.10621183
2019-05-20,EGX:CIEB,10.62836173,10.81242441,10.62836173,10.69551964,923568.59047812
2019-05-21,EGX:CIEB,10.69551964,10.69551964,10.57115313,10.69551964,294689.46863363
2019-05-22,EGX:CIEB,10.69551964,10.69551964,10.69551964,10.69551964,2613605.5971301
2019-05-23,EGX:CIEB,10.69551964,10.69551964,10.69551964,10.69551964,186428.8100794
2019-05-26,EGX:CIEB,10.69551964,10.69551964,10.44927346,10.58607736,18871.64034661
2019-05-27,EGX:CIEB,10.58607736,10.69551964,10.58607736,10.69551964,436644.89023536
2019-05-28,EGX:CIEB,10.69551964,10.81988615,10.47165943,10.69303281,84508.28293263
2019-05-29,EGX:CIEB,10.69303281,10.69551964,10.69303281,10.69551964,281526.76081625
2019-05-30,EGX:CIEB,10.69551964,10.69800647,10.69551964,10.69551964,580903.98672388
2019-06-02,EGX:CIEB,10.69551964,10.69551964,10.69551964,10.69551964,0.0
2019-06-03,EGX:CIEB,10.69551964,10.69551964,10.69551964,10.69551964,0.0
2019-06-09,EGX:CIEB,10.69551964,10.69800647,10.69551964,10.69551964,603.05625309
2019-06-10,EGX:CIEB,10.69551964,10.94425266,10.69551964,10.91191712,28548.68302115
2019-06-11,EGX:CIEB,10.91191712,10.94425266,10.72536735,10.94425266,878367.51412172
2019-06-12,EGX:CIEB,10.94425266,10.94425266,10.69551964,10.88704406,145115.4363679
2019-06-13,EGX:CIEB,10.88704406,10.94425266,10.72039245,10.93679092,922973.57497507
2019-06-16,EGX:CIEB,10.93679092,10.93679092,10.72039245,10.93679092,2010.18751029
2019-06-17,EGX:CIEB,10.93679092,10.94425266,10.44927346,10.939278,442434.230265
2019-06-18,EGX:CIEB,10.939278,10.939278,10.72288052,10.72785518,4382.20877243
2019-06-19,EGX:CIEB,10.72785518,10.94425266,10.72785518,10.94425266,68346.37534989
2019-06-20,EGX:CIEB,10.94425266,10.94425266,10.73283009,10.94425266,1364278.07985929
2019-06-23,EGX:CIEB,10.94425266,10.94425266,10.94425266,10.94425266,0.0
2019-06-24,EGX:CIEB,10.94425266,10.94425266,10.74277867,10.94425266,168.85575086
2019-06-25,EGX:CIEB,10.94425266,10.94425266,10.70546921,10.94425266,1319756.44688137
2019-06-26,EGX:CIEB,10.94425266,11.44171869,10.94425266,11.35963629,20061.6713527
2019-06-27,EGX:CIEB,11.35963629,11.71532451,11.35963629,11.6904517,993848.76621291
2019-07-02,EGX:CIEB,11.6904517,11.69293853,11.6904517,11.6904517,1503491.60569698
2019-07-03,EGX:CIEB,11.6904517,11.69293853,11.50390194,11.6904517,203631.99479247
2019-07-04,EGX:CIEB,11.6904517,11.6904517,11.44420552,11.6904517,4265.61789684
2019-07-07,EGX:CIEB,11.6904517,11.6904517,10.69800647,11.6904517,40.20375021
2019-07-08,EGX:CIEB,11.6904517,11.6904517,11.6904517,11.6904517,737328.73802468
2019-07-09,EGX:CIEB,11.6904517,11.6904517,10.72288052,11.67552747,159922.47756871
2019-07-10,EGX:CIEB,11.67552747,11.67552747,11.19298567,11.58100942,30771.95040753
2019-07-11,EGX:CIEB,11.58100942,11.58100942,10.86714517,11.31237752,31551.90316153
2019-07-14,EGX:CIEB,11.31237752,11.31237752,11.31237752,11.31237752,0.0
2019-07-15,EGX:CIEB,11.31237752,11.31237752,11.31237752,11.31237752,0.0
2019-07-16,EGX:CIEB,11.31237752,11.31237752,11.19049884,11.19298567,97711.19450022
2019-07-17,EGX:CIEB,11.19298567,11.19298567,11.19049884,11.19298567,348273.02690795
2019-07-18,EGX:CIEB,11.19298567,11.19298567,11.19049884,11.19049884,91262.51296721
2019-07-21,EGX:CIEB,11.19049884,11.19049884,10.69800647,11.19049884,1600.10925819
2019-07-22,EGX:CIEB,11.19049884,11.19049884,10.7577029,10.94176582,268275.60474841
2019-07-24,EGX:CIEB,10.94176582,10.94176582,10.81988615,10.81988615,1253267.48479098
2019-07-25,EGX:CIEB,10.81988615,10.81988615,10.72288052,10.81739932,149115.70951338
2019-07-28,EGX:CIEB,10.81739932,10.94425266,10.72288052,10.81739932,779.95275399
2019-07-29,EGX:CIEB,10.81739932,10.81988615,10.81242441,10.81988615,266494.57861429
2019-07-30,EGX:CIEB,10.81988615,10.94176582,10.81988615,10.81988615,724395.19158347
2019-07-31,EGX:CIEB,10.81988615,10.82237298,10.70795604,10.81988615,1399721.70604074
2019-08-01,EGX:CIEB,10.81988615,10.94922732,10.81988615,10.81988615,1005.09375515
2019-08-04,EGX:CIEB,10.81988615,10.82983572,10.81988615,10.81988615,136029.38882139
2019-08-05,EGX:CIEB,10.81988615,10.84973386,10.81988615,10.81988615,345.75225177
2019-08-06,EGX:CIEB,10.81988615,10.81988615,10.81988615,10.81988615,0.0
2019-08-07,EGX:CIEB,10.81988615,11.06861916,10.81988615,10.97161354,206180.91255552
2019-08-08,EGX:CIEB,10.97161354,11.1954725,10.97161354,11.19298567,2065137.99607227
2019-08-14,EGX:CIEB,11.19298567,11.23029612,11.19298567,11.19298567,703.5656286
2019-08-15,EGX:CIEB,11.19298567,11.20542207,11.19298567,11.19298567,1008197.48466137
2019-08-18,EGX:CIEB,11.19298567,11.19298567,10.94922732,11.19298567,410.0782521
2019-08-19,EGX:CIEB,11.19298567,11.1954725,10.94425266,11.18552393,75225.23701011
2019-08-20,EGX:CIEB,11.18552393,11.20293524,11.18552393,11.19298567,446462.64603562
2019-08-21,EGX:CIEB,11.19298567,11.1954725,11.19298567,11.19298567,410287.31160043
2019-08-22,EGX:CIEB,11.19298567,11.19298567,11.19298567,11.19298567,1708.65938375
2019-08-25,EGX:CIEB,11.19298567,11.19298567,10.84973386,10.98156311,216211.74823188
2019-08-26,EGX:CIEB,10.98156311,10.98156311,10.94425266,10.98156311,2641.38638852
2019-08-27,EGX:CIEB,10.98156311,11.06861916,10.94425266,10.96166397,145316.45511893
2019-08-28,EGX:CIEB,10.96166397,11.06861916,10.69800647,11.05120785,515026.12163663
2019-08-29,EGX:CIEB,11.05120785,11.071106,10.94425266,11.06861916,722895.59170079
2019-09-01,EGX:CIEB,11.06861916,11.19298567,11.06861916,11.19049884,9737.34829985
2019-09-02,EGX:CIEB,11.19049884,11.19298567,11.19049884,11.19298567,1536470.74199081
2019-09-03,EGX:CIEB,11.19298567,11.19298567,11.19298567,11.19298567,844278.7543222
2019-09-04,EGX:CIEB,11.19298567,11.19298567,10.7577029,11.19298567,458909.72709934
2019-09-05,EGX:CIEB,11.19298567,11.19298567,10.72785518,11.18801101,1103500.47452426
2019-09-08,EGX:CIEB,11.18801101,11.18801101,10.7577029,10.88953114,2942.91451507
2019-09-09,EGX:CIEB,10.88953114,10.88953114,10.7577029,10.7577029,159769.70331793
2019-09-10,EGX:CIEB,10.7577029,10.94425266,10.7577029,10.83729746,112172.48344926
2019-09-11,EGX:CIEB,10.83729746,10.83729746,10.7577029,10.79750018,127602.68277825
2019-09-12,EGX:CIEB,10.79750018,10.79750018,10.69551964,10.7004943,65150.17720853
2019-09-15,EGX:CIEB,10.7004943,10.7004943,10.64577279,10.7004943,192.97800099
2019-09-16,EGX:CIEB,10.7004943,10.7004943,10.7004943,10.7004943,0.0
2019-09-17,EGX:CIEB,10.7004943,10.7004943,9.95180743,10.7004943,1805.14838424
2019-09-18,EGX:CIEB,10.7004943,10.7004943,10.21049001,10.7004943,856.33987938
2019-09-19,EGX:CIEB,10.7004943,10.7004943,10.44678663,10.44678663,4977159.94948009
2019-09-22,EGX:CIEB,10.44678663,10.44678663,10.32242012,10.40947618,484346.63985457
2019-09-23,EGX:CIEB,10.40947618,10.40947618,10.13587036,10.24033773,53933.33090111
2019-09-24,EGX:CIEB,10.24033773,10.24033773,9.9741934,10.08363667,581289.94272586
2019-09-25,EGX:CIEB,10.08363667,10.30003415,10.02394025,10.09109842,2864573.48741491
2019-09-26,EGX:CIEB,10.09109842,10.18561721,10.09109842,10.09855991,308455.23270411
2019-09-29,EGX:CIEB,10.09855991,10.57115313,10.09855991,10.32242012,423606.81404361
2019-09-30,EGX:CIEB,10.32242012,10.32739478,10.32242012,10.32242012,92645.52197429
2019-10-01,EGX:CIEB,10.32242012,10.44678663,10.32242012,10.42440066,208046.36656507
2019-10-02,EGX:CIEB,10.42440066,10.57115313,10.42440066,10.48907074,1376873.91479877
2019-10-03,EGX:CIEB,10.48907074,10.63333639,10.48907074,10.62587465,589475.42626776
2019-10-07,EGX:CIEB,10.62587465,10.69551964,10.62587465,10.69551964,8040.75004116
2019-10-08,EGX:CIEB,10.69551964,11.14323882,10.69551964,10.7004943,357459.58382998
2019-10-09,EGX:CIEB,10.7004943,10.70298138,10.44927346,10.7004943,334897.23921447
2019-10-10,EGX:CIEB,10.7004943,10.7004943,10.69551964,10.69551964,25328.36262967
2019-10-13,EGX:CIEB,10.69551964,10.69551964,10.69551964,10.69551964,8040.75004116
2019-10-14,EGX:CIEB,10.69551964,10.7004943,10.69551964,10.69551964,226427.52115917
2019-10-15,EGX:CIEB,10.69551964,10.7701393,10.69551964,10.7701393,19458.61509962
2019-10-16,EGX:CIEB,10.7701393,10.7701393,10.7701393,10.7701393,42213.93771611
2019-10-17,EGX:CIEB,10.7701393,10.869633,10.69800647,10.7825757,191309.54535439
2019-10-20,EGX:CIEB,10.7825757,10.79501335,10.7825757,10.79501335,22176.38861353
2019-10-21,EGX:CIEB,10.79501335,10.79750018,10.79501335,10.79501335,321839.06114762
2019-10-22,EGX:CIEB,10.79501335,10.81988615,10.01150385,10.78755061,104147.81490817
2019-10-23,EGX:CIEB,10.78755061,10.78755061,10.7701393,10.7701393,217100.25111142
2019-10-24,EGX:CIEB,10.7701393,10.7825757,10.7701393,10.7701393,173016.83901074
2019-10-27,EGX:CIEB,10.7701393,10.7701393,10.76765246,10.7701393,2211.20626132
2019-10-28,EGX:CIEB,10.7701393,10.82237298,10.7701393,10.81988615,281446.35331584
2019-10-29,EGX:CIEB,10.81988615,10.94425266,10.81988615,10.94425266,217333.43286262
2019-10-30,EGX:CIEB,10.94425266,10.94425266,10.81988615,10.94425266,2002.14676025
2019-10-31,EGX:CIEB,10.94425266,10.94425266,10.91937985,10.91937985,100871.2092664
2019-11-03,EGX:CIEB,10.91937985,11.04374636,10.91937985,10.97161354,14296.45357319
2019-11-04,EGX:CIEB,10.97161354,11.00643591,10.97161354,10.97161354,1045.29750535
2019-11-05,EGX:CIEB,10.97161354,10.97161354,10.94425266,10.94425266,775128.30396819
2019-11-06,EGX:CIEB,10.94425266,10.94425266,10.69551964,10.93181625,34752.12167791
2019-11-07,EGX:CIEB,10.93181625,11.06861916,10.7701393,11.05866959,2134630.17830303
2019-11-11,EGX:CIEB,11.05866959,11.11836602,10.95917689,11.10344154,9041.82342129
2019-11-12,EGX:CIEB,11.10344154,11.10344154,11.06861916,11.06861916,52465.89401859
2019-11-13,EGX:CIEB,11.06861916,11.15318839,11.01887231,11.02136014,20624.52385559
2019-11-14,EGX:CIEB,11.02136014,11.02136014,11.02136014,11.02136014,0.0
2019-11-17,EGX:CIEB,11.02136014,11.02136014,10.94425266,10.94425266,2011104.15579565
2019-11-18,EGX:CIEB,10.94425266,11.06861916,10.7004943,10.94673949,1920340.169331
2019-11-19,EGX:CIEB,10.94673949,10.94673949,10.7577029,10.94673949,337.71150173
2019-11-20,EGX:CIEB,10.94673949,10.94673949,10.94425266,10.94425266,20101.87510291
2019-11-21,EGX:CIEB,10.94425266,10.94425266,10.69551964,10.71541878,1542071.12439448
2019-11-24,EGX:CIEB,10.71541878,10.71541878,10.71541878,10.71541878,0.0
2019-11-25,EGX:CIEB,10.71541878,10.94425266,10.69551964,10.90694221,36987.45018935
2019-11-26,EGX:CIEB,10.90694221,10.94425266,10.7004943,10.93679092,24926.32512761
2019-11-27,EGX:CIEB,10.93679092,10.94425266,10.8820694,10.8820694,1889624.50417375
2019-11-28,EGX:CIEB,10.8820694,10.94425266,10.81988615,10.93679092,8535.2561687
2019-12-01,EGX:CIEB,10.93679092,11.19298567,10.63333639,10.70795604,23277.97136917
2019-12-02,EGX:CIEB,10.70795604,10.7577029,10.69551964,10.7577029,2091732.77683342
2019-12-03,EGX:CIEB,10.7577029,10.7577029,10.7577029,10.7577029,1417109.82800476
2019-12-04,EGX:CIEB,10.7577029,10.7577029,10.69551964,10.69551964,7967949.09029114
2019-12-05,EGX:CIEB,10.69551964,10.81988615,10.57612779,10.69551964,1519.70175778
2019-12-08,EGX:CIEB,10.69551964,10.69551964,10.19805361,10.24033773,9886.10217561
2019-12-09,EGX:CIEB,10.24033773,10.57612779,10.24033773,10.57115313,908894.221653
2019-12-10,EGX:CIEB,10.57115313,10.69551964,10.33734435,10.47165943,6685.88365923
2019-12-11,EGX:CIEB,10.47165943,10.47165943,10.32242012,10.34480609,37779.46406841
2019-12-12,EGX:CIEB,10.34480609,10.34480609,10.32242012,10.32242012,6087016.63691189
2019-12-15,EGX:CIEB,10.32242012,10.33734435,10.32242012,10.33485652,6002.41990573
2019-12-16,EGX:CIEB,10.33485652,10.57115313,10.32490695,10.4567362,382148.70683137
2019-12-17,EGX:CIEB,10.4567362,10.4567362,10.44678663,10.44678663,3095.68876585
2019-12-18,EGX:CIEB,10.44678663,10.84475895,10.44678663,10.58358954,101735.58989583
2019-12-19,EGX:CIEB,10.58358954,10.81988615,10.58358954,10.81739932,512810.89500029
2019-12-22,EGX:CIEB,10.81739932,10.81988615,10.70795604,10.81988615,40368.58558166
2019-12-23,EGX:CIEB,10.81988615,10.81988615,10.57115313,10.67313367,38800.63932364
2019-12-24,EGX:CIEB,10.67313367,10.81739932,10.67313367,10.69551964,2657886.00760679
2019-12-25,EGX:CIEB,10.69551964,11.06613233,10.69551964,10.92186669,25444.95350526
2019-12-26,EGX:CIEB,10.92186669,10.94425266,10.81988615,10.92684135,50270.76925736
2019-12-29,EGX:CIEB,10.92684135,10.94425266,10.81988615,10.91937985,84773.62768399
2019-12-30,EGX:CIEB,10.91937985,11.0636445,10.83232255,10.97907503,98989.67375677
2019-12-31,EGX:CIEB,10.97907503,10.97907503,10.81988615,10.85470852,293334.6022517
2020-01-02,EGX:CIEB,10.85470852,10.85470852,10.71044387,10.85470852,1588.04813313
2020-01-05,EGX:CIEB,10.85470852,10.85470852,10.44927346,10.69551964,357137.95382833
2020-01-06,EGX:CIEB,10.69551964,10.79501335,10.50896988,10.69303281,868521.61569631
2020-01-08,EGX:CIEB,10.69303281,11.04374636,10.50896988,10.81491149,102523.58339986
2020-01-09,EGX:CIEB,10.81491149,10.82983572,10.81491149,10.81988615,631685.34360885
2020-01-12,EGX:CIEB,10.81988615,10.81988615,10.57363997,10.81988615,1206.11250617
2020-01-13,EGX:CIEB,10.81988615,10.81988615,10.69551964,10.78755061,303679.02717966
2020-01-14,EGX:CIEB,10.78755061,11.04374636,10.78755061,10.99648634,19253.57597357
2020-01-15,EGX:CIEB,10.99648634,11.10592961,10.94425266,11.04872003,2353173.74404684
2020-01-16,EGX:CIEB,11.04872003,11.06861916,11.00643591,11.04374636,288096.05359988
2020-01-19,EGX:CIEB,11.04374636,11.09349197,11.00643591,11.03379679,8314.13554256
2020-01-20,EGX:CIEB,11.03379679,11.11836602,11.00643591,11.02136014,27792.85251728
2020-01-21,EGX:CIEB,11.02136014,11.02136014,10.94425266,10.94425266,27740.58764202
2020-01-22,EGX:CIEB,10.94425266,11.19298567,10.94425266,10.94425266,617493.4197862
2020-01-23,EGX:CIEB,10.94425266,11.06861916,10.94425266,10.98653677,943208.12245366
2020-01-26,EGX:CIEB,10.98653677,11.19298567,10.98653677,11.19298567,8040.75004116
2020-01-27,EGX:CIEB,11.19298567,11.19298567,11.04374636,11.04374636,13134.56519224
2020-01-28,EGX:CIEB,11.04374636,11.04374636,10.94425266,10.95917689,532583.09935151
2020-01-29,EGX:CIEB,10.95917689,11.17806144,10.939278,10.94176582,1127687.05064808
2020-01-30,EGX:CIEB,10.94176582,10.94176582,10.81988615,10.94176582,2866.52738967
2020-02-02,EGX:CIEB,10.94176582,10.94176582,10.70546921,10.80247484,5680.78990408
2020-02-03,EGX:CIEB,10.80247484,10.80247484,10.70546921,10.76516464,11578.68005928
2020-02-04,EGX:CIEB,10.76516464,10.91937985,10.76516464,10.86465809,425355.67717757
2020-02-05,EGX:CIEB,10.86465809,10.8945058,10.69800647,10.87460766,124792.44063886
2020-02-06,EGX:CIEB,10.87460766,10.94673949,10.7577029,10.87211983,140785.49247074
2020-02-09,EGX:CIEB,10.87211983,10.94425266,10.81988615,10.82237298,27205.87776428
2020-02-10,EGX:CIEB,10.82237298,10.82237298,10.80993658,10.81739932,172586.65888354
2020-02-11,EGX:CIEB,10.81739932,10.81988615,10.81739932,10.81988615,28745.68139716
2020-02-12,EGX:CIEB,10.81988615,10.81988615,10.62338682,10.72785518,113169.53645436
2020-02-13,EGX:CIEB,10.72785518,10.72785518,10.69303281,10.69551964,71522.47161615
2020-02-16,EGX:CIEB,10.69551964,10.69551964,10.69303281,10.69551964,11257.05005763
2020-02-17,EGX:CIEB,10.69551964,10.69551964,10.69551964,10.69551964,20725.0332311
2020-02-18,EGX:CIEB,10.69551964,10.69551964,10.69303281,10.69551964,13310967.1870192
2020-02-19,EGX:CIEB,10.69551964,10.94425266,10.69303281,10.69551964,1870093.52232376
2020-02-20,EGX:CIEB,10.69551964,10.94425266,10.69551964,10.94425266,3394121.20362587
2020-02-23,EGX:CIEB,10.94425266,10.94425266,10.72039245,10.72039245,251357.8666618
2020-02-24,EGX:CIEB,10.72039245,10.72039245,10.69551964,10.69551964,1399022.16078716
2020-02-25,EGX:CIEB,10.69551964,10.69551964,10.57115313,10.60597551,3082276.79477942
2020-02-26,EGX:CIEB,10.60597551,10.60597551,10.44678663,10.44678663,5089.79477606
2020-02-27,EGX:CIEB,10.44678663,10.44678663,10.44429979,10.44678663,2481455.87020357
2020-03-01,EGX:CIEB,10.44678663,10.44678663,9.70058758,9.9493206,3507435.47358098
2020-03-02,EGX:CIEB,9.9493206,10.19805361,9.82495409,10.19556678,2180185.04766125
2020-03-03,EGX:CIEB,10.19556678,11.19298567,10.19556678,10.92186669,45016.13910546
2020-03-04,EGX:CIEB,10.92186669,10.92186669,9.82992875,10.50399522,14272.33132307
2020-03-05,EGX:CIEB,10.50399522,10.57115313,10.50399522,10.57115313,3011397.58316656
2020-03-08,EGX:CIEB,10.57115313,10.57115313,9.97668148,10.32739478,185077.96407249
2020-03-09,EGX:CIEB,10.32739478,10.32739478,9.82495409,9.9493206,886050.45078605
2020-03-10,EGX:CIEB,9.9493206,9.9493206,9.57622107,9.5911453,6268046.08333865
2020-03-11,EGX:CIEB,9.5911453,9.69561292,9.32748806,9.45931631,387483.74448369
2020-03-15,EGX:CIEB,9.45931631,9.45931631,8.5141311,8.67580781,29240.18752469
2020-03-16,EGX:CIEB,8.67580781,9.20312155,8.24052503,8.67580781,1322.70338177
2020-03-17,EGX:CIEB,8.67580781,9.07875504,8.45692251,8.7454528,163504.63171205
2020-03-18,EGX:CIEB,8.7454528,8.7454528,8.7454528,8.7454528,0.0
2020-03-19,EGX:CIEB,8.7454528,8.7454528,7.95696915,7.96443114,5231697.93278317
2020-03-22,EGX:CIEB,7.96443114,8.00920333,7.72564719,7.95945648,989128.84593875
2020-03-23,EGX:CIEB,7.95945648,8.55641621,7.95945648,8.262911,1203981.70741367
2020-03-24,EGX:CIEB,8.262911,8.262911,8.08382299,8.20072775,147624.15038075
2020-03-25,EGX:CIEB,8.20072775,8.20072775,7.95945648,7.95945648,4173141.23061399
2020-03-26,EGX:CIEB,7.95945648,8.15844264,7.95945648,7.95945648,142522.29447963
2020-03-29,EGX:CIEB,7.95945648,7.95945648,7.92214653,7.95945648,664483.56302676
2020-03-30,EGX:CIEB,7.95945648,7.95945648,7.21325743,7.35503525,274587.59353072
2020-03-31,EGX:CIEB,7.35503525,7.46199045,7.21325743,7.34011127,1067727.17759113
2020-04-01,EGX:CIEB,7.34011127,7.46199045,7.33762394,7.41970584,99761.58576072
2020-04-02,EGX:CIEB,7.41970584,7.46199045,7.33762394,7.33762394,2050564.13662266
2020-04-05,EGX:CIEB,7.33762394,7.7057488,7.33762394,7.49183866,29465.32852584
2020-04-06,EGX:CIEB,7.49183866,7.49183866,7.33762394,7.41473093,375060.78567009
2020-04-07,EGX:CIEB,7.41473093,7.46199045,7.11376423,7.24061831,2053852.8033895
2020-04-08,EGX:CIEB,7.24061831,7.3301617,7.00183437,7.09635316,1686511.13775893
2020-04-09,EGX:CIEB,7.09635316,7.21325743,7.08889093,7.1983337,3433999.30345503
2020-04-12,EGX:CIEB,7.1983337,7.58138229,7.1983337,7.45452821,1319889.11925704
2020-04-13,EGX:CIEB,7.45452821,7.49432549,7.3425986,7.45452821,869116.63119936
2020-04-14,EGX:CIEB,7.45452821,7.84752637,7.45452821,7.5117373,2091354.86158149
2020-04-15,EGX:CIEB,7.5117373,7.77290672,7.5117373,7.71321079,346845.79377564
2020-04-16,EGX:CIEB,7.71321079,7.83508997,7.59381919,7.78783045,387893.82273578
2020-04-21,EGX:CIEB,7.78783045,7.78783045,7.61123026,7.69579973,304410.7354334
2020-04-22,EGX:CIEB,7.69579973,7.71072346,7.59630652,7.65351487,444890.67940257
2020-04-23,EGX:CIEB,7.65351487,7.71072346,7.6311289,7.64854021,545440.25866733
2020-04-26,EGX:CIEB,7.64854021,7.71321079,7.64854021,7.7057488,1269771.12425047
2020-04-27,EGX:CIEB,7.7057488,7.82016624,7.69828706,7.71569812,1397204.95127786
2020-04-28,EGX:CIEB,7.71569812,7.71569812,6.86005655,6.93218937,1650979.06332703
2020-04-29,EGX:CIEB,6.93218937,6.99437263,6.86503121,6.92472714,2287231.55295926
2020-04-30,EGX:CIEB,6.92472714,7.02422034,6.92472714,6.95706218,2173844.91625379
2020-05-03,EGX:CIEB,6.95706218,6.97696082,6.74315228,6.94711311,2425500.29066711
2020-05-04,EGX:CIEB,6.94711311,6.94711311,6.77797466,6.9098034,652619.43634102
2020-05-05,EGX:CIEB,6.9098034,6.92721447,6.84015791,6.85756922,2034345.94378964
2020-05-06,EGX:CIEB,6.85756922,6.96452442,6.76553825,6.86751879,1938689.16092493
2020-05-07,EGX:CIEB,6.86751879,6.93716354,6.7157914,6.84264524,882649.21351864
2020-05-10,EGX:CIEB,6.84264524,6.84264524,6.5914249,6.64614591,111187.49156921
2020-05-11,EGX:CIEB,6.64614591,6.64614591,6.23076178,6.25314775,2013725.44030907
2020-05-12,EGX:CIEB,6.25314775,6.46705839,6.25314775,6.37502692,2182219.35742166
2020-05-13,EGX:CIEB,6.37502692,6.52924164,6.36756518,6.42974844,326538.87954668
2020-05-14,EGX:CIEB,6.42974844,6.46705839,6.35512828,6.42726111,1964741.1910583
2020-05-17,EGX:CIEB,6.42726111,6.42726111,6.31781858,6.38746382,814343.04191895
2020-05-18,EGX:CIEB,6.38746382,6.38746382,6.21832537,6.32030591,1526484.13043969
2020-05-19,EGX:CIEB,6.32030591,6.34269188,6.24319867,6.34020455,552793.52457997
2020-05-20,EGX:CIEB,6.34020455,6.34269188,6.26060999,6.34269188,690065.20928272
2020-05-21,EGX:CIEB,6.34269188,6.34269188,6.11883217,6.18101542,574274.38831494
2020-05-31,EGX:CIEB,6.18101542,6.3899514,6.18101542,6.28548329,108759.18505678
2020-06-01,EGX:CIEB,6.28548329,6.39243873,6.28548329,6.34269188,177298.53840766
2020-06-02,EGX:CIEB,6.34269188,6.44218509,6.34269188,6.35015412,4906381.24724274
2020-06-03,EGX:CIEB,6.35015412,6.5914249,6.35015412,6.46208373,5658854.73796996
2020-06-04,EGX:CIEB,6.46208373,7.10630224,6.46208373,6.94711311,2385425.19246195
2020-06-07,EGX:CIEB,6.94711311,7.36249724,6.94711311,7.33264928,2519090.60077124
2020-06-08,EGX:CIEB,7.33264928,7.42219317,7.21325743,7.223207,2850799.68259439
2020-06-09,EGX:CIEB,7.223207,7.23813073,7.21325743,7.21325743,2354086.36917652
2020-06-10,EGX:CIEB,7.21325743,7.21574476,7.21325743,7.21325743,89131.7142063
2020-06-11,EGX:CIEB,7.21325743,7.21325743,7.2107701,7.21325743,259877.04133042
2020-06-14,EGX:CIEB,7.21325743,7.21325743,6.84015791,6.97447399,29766.85665239
2020-06-15,EGX:CIEB,6.97447399,7.08889093,6.96452442,6.96452442,554076.02421154
2020-06-16,EGX:CIEB,6.96452442,7.08889093,6.96452442,6.96949908,33035.42154412
2020-06-17,EGX:CIEB,6.96949908,6.98939772,6.96452442,6.98939772,279420.08430546
2020-06-18,EGX:CIEB,6.98939772,7.27544069,6.96452442,7.07645452,153578.32578623
2020-06-21,EGX:CIEB,7.07645452,7.07645452,6.96452442,6.96949908,513249.11587753
2020-06-22,EGX:CIEB,6.96949908,7.08889093,6.96949908,7.08889093,2429283.46356148
2020-06-23,EGX:CIEB,7.08889093,7.09137826,6.96701175,7.08391627,630310.37535181
2020-06-24,EGX:CIEB,7.08391627,7.27046603,7.08391627,7.21574476,98483.10650417
2020-06-25,EGX:CIEB,7.21574476,7.21574476,6.96452442,7.08391627,207660.4105631
2020-06-28,EGX:CIEB,7.08391627,7.3301617,6.96452442,7.17843506,73512.55725134
2020-06-29,EGX:CIEB,7.17843506,7.21325743,6.97944815,7.16351058,74871.4440083
2020-06-30,EGX:CIEB,7.16351058,7.46199045,7.09635316,7.37742122,643260.00329311
2020-07-05,EGX:CIEB,7.37742122,7.37742122,7.25056739,7.27792802,6030.56253087
2020-07-06,EGX:CIEB,7.27792802,7.27792802,7.08889093,7.13615045,2575416.05480959
2020-07-07,EGX:CIEB,7.13615045,7.14112461,7.13615045,7.14112461,184165.33894282
2020-07-08,EGX:CIEB,7.14112461,7.21325743,7.09137826,7.21325743,973569.9946091
2020-07-09,EGX:CIEB,7.21325743,7.21325743,6.96452442,7.20082103,1047617.26173818
2020-07-12,EGX:CIEB,7.20082103,7.21325743,7.20082103,7.21325743,1315317.95285864
2020-07-13,EGX:CIEB,7.21325743,7.21325743,7.00183437,7.15356151,18775.15134612
2020-07-14,EGX:CIEB,7.15356151,7.15356151,7.08889093,7.08889093,260049.9174563
2020-07-15,EGX:CIEB,7.08889093,7.18838413,6.7157914,7.08391627,1961721.88941784
2020-07-16,EGX:CIEB,7.08391627,7.08391627,6.7157914,6.72076606,465808.69063466
2020-07-19,EGX:CIEB,6.72076606,6.72076606,6.66604455,6.70832916,44183.9214762
2020-07-20,EGX:CIEB,6.70832916,6.84015791,6.6909181,6.71827873,56522.45241436
2020-07-21,EGX:CIEB,6.71827873,6.71827873,6.7157914,6.7157914,1175911.44901996
2020-07-22,EGX:CIEB,6.7157914,6.7157914,6.64117175,6.70832916,75587.07076196
2020-07-26,EGX:CIEB,6.70832916,6.7157914,6.70832916,6.70832916,2175.02288613
2020-07-27,EGX:CIEB,6.70832916,6.80782287,6.6909181,6.7157914,199659.86427214
2020-07-28,EGX:CIEB,6.7157914,6.76305092,6.7157914,6.7157914,2575122.56743309
2020-07-29,EGX:CIEB,6.7157914,6.7157914,6.71330407,6.7157914,5178.24302651
2020-08-04,EGX:CIEB,6.7157914,6.7157914,6.55411494,6.6162982,175308.45277247
2020-08-05,EGX:CIEB,6.6162982,6.6162982,6.49193169,6.52924164,5402073.38540539
2020-08-06,EGX:CIEB,6.52924164,6.66604455,6.52924164,6.59888713,17922.83184175
2020-08-09,EGX:CIEB,6.59888713,6.95954976,6.56903892,6.69340543,351991.87380199
2020-08-10,EGX:CIEB,6.69340543,6.7157914,6.65360815,6.71081674,121081.63449487
2020-08-11,EGX:CIEB,6.71081674,6.91477757,6.71081674,6.71827873,3088484.2538112
2020-08-12,EGX:CIEB,6.71827873,6.80284796,6.70832916,6.73569004,1510141.30598102
2020-08-13,EGX:CIEB,6.73569004,6.73569004,6.5914249,6.65360815,33851.5576733
2020-08-16,EGX:CIEB,6.65360815,6.65858281,6.5914249,6.63619684,63079.68407293
2020-08-17,EGX:CIEB,6.63619684,6.64117175,6.51929207,6.57401358,3362629.60608966
2020-08-18,EGX:CIEB,6.57401358,6.63619684,6.46954572,6.51431791,1338563.76122765
2020-08-19,EGX:CIEB,6.51431791,6.51431791,6.35761561,6.44964708,476422.480689
2020-08-23,EGX:CIEB,6.44964708,6.55411494,6.44964708,6.46705839,2927347.62298627
2020-08-24,EGX:CIEB,6.46705839,6.5914249,6.37254009,6.40736246,5376769.14502585
2020-08-25,EGX:CIEB,6.40736246,6.46705839,6.35512828,6.40487513,229949.3696772
2020-08-26,EGX:CIEB,6.40487513,6.40487513,6.28050863,6.30538193,2074702.46824624
2020-08-27,EGX:CIEB,6.30538193,6.30538193,6.11883217,6.21832537,3572658.01753988
2020-08-30,EGX:CIEB,6.21832537,6.33025548,6.21832537,6.29791994,152641.57840643
2020-08-31,EGX:CIEB,6.29791994,6.30538193,6.09395887,6.16111678,2251735.66190254
2020-09-01,EGX:CIEB,6.16111678,6.33522964,6.16111678,6.22827494,1376998.54642441
2020-09-02,EGX:CIEB,6.22827494,6.46705839,6.22827494,6.31035684,3558988.7424699
2020-09-03,EGX:CIEB,6.31035684,6.36756518,6.24319867,6.32776815,350842.0465461
2020-09-06,EGX:CIEB,6.32776815,6.39243873,6.23076178,6.32776815,545645.29779338
2020-09-07,EGX:CIEB,6.32776815,6.46705839,6.26807222,6.41731154,352345.6668038
2020-09-08,EGX:CIEB,6.41731154,6.44218509,6.21832537,6.2208127,2530202.91732813
2020-09-09,EGX:CIEB,6.2208127,6.45462199,6.21832537,6.40736246,200210.65564996
2020-09-10,EGX:CIEB,6.40736246,6.53919121,6.39492556,6.3974129,916078.63181478
2020-09-13,EGX:CIEB,6.45462199,6.56655159,6.45462199,6.51431791,29248.22827473
2020-09-14,EGX:CIEB,6.51431791,6.52924164,6.44218509,6.46954572,6335202.42768245
2020-09-15,EGX:CIEB,6.46954572,6.58396266,6.44964708,6.47452063,2792391.67429538
2020-09-16,EGX:CIEB,6.47452063,6.56655159,6.46705839,6.48198212,272907.07677212
2020-09-17,EGX:CIEB,6.48198212,6.61381087,6.46705839,6.5217794,2066191.33432767
2020-09-20,EGX:CIEB,6.5217794,6.56655159,6.46705839,6.51680524,897186.88959306
2020-09-21,EGX:CIEB,6.51680524,6.52924164,6.44218509,6.46954572,4794711.31067106
2020-09-22,EGX:CIEB,6.46954572,6.46954572,6.34269188,6.44467242,771385.33482403
2020-09-23,EGX:CIEB,6.44467242,6.46705839,6.29294503,6.42477378,142486.11110444
2020-09-24,EGX:CIEB,6.42477378,6.46208373,6.32030591,6.36507785,54761.52815535
2020-09-27,EGX:CIEB,6.36507785,6.36756518,6.36507785,6.36756518,50435.6046332
2020-09-28,EGX:CIEB,6.36756518,6.46457106,6.36756518,6.42974844,168051.67586032
2020-09-29,EGX:CIEB,6.42974844,6.56655159,6.39243873,6.44964708,8151696.31023182
2020-09-30,EGX:CIEB,6.44964708,6.64117175,6.44964708,6.59391223,2987970.85792163
2020-10-01,EGX:CIEB,6.59391223,6.7157914,6.47452063,6.59391223,720913.54681565
2020-10-04,EGX:CIEB,6.59391223,6.72325364,6.59391223,6.71081674,807866.21776079
2020-10-05,EGX:CIEB,6.71081674,6.7406647,6.63370951,6.7157914,5466399.3857347
2020-10-06,EGX:CIEB,6.7157914,6.88990476,6.7157914,6.81279703,3183743.01954886
2020-10-07,EGX:CIEB,6.81279703,6.93965112,6.81279703,6.87498028,3178255.20764577
2020-10-11,EGX:CIEB,6.87498028,6.93965112,6.77797466,6.89985383,1442221.09038331
2020-10-12,EGX:CIEB,6.89985383,6.96203709,6.84015791,6.88990476,1409643.99159154
2020-10-13,EGX:CIEB,6.88990476,6.88990476,6.76553825,6.81777194,522451.75429964
2020-10-14,EGX:CIEB,6.81777194,6.81777194,6.73320271,6.81777194,2159114.26217838
2020-10-15,EGX:CIEB,6.81777194,6.81777194,6.72325364,6.75061378,29159.78002428
2020-10-18,EGX:CIEB,6.75061378,6.75061378,6.6038613,6.7157914,195386.20562526
2020-10-19,EGX:CIEB,6.7157914,6.7406647,6.65360815,6.7157914,288445.82622667
2020-10-20,EGX:CIEB,6.7157914,6.7157914,6.54167804,6.58645024,22112.0626132
2020-10-21,EGX:CIEB,6.58645024,6.71330407,6.46705839,6.57401358,63662.63845091
2020-10-22,EGX:CIEB,6.57401358,6.57401358,6.23076178,6.43969751,368809.10251308
2020-10-25,EGX:CIEB,6.43969751,6.46705839,6.34269188,6.43969751,909368.62590542
2020-10-26,EGX:CIEB,6.43969751,6.46705839,6.30538193,6.46208373,333751.43233361
2020-10-27,EGX:CIEB,6.46208373,6.57401358,6.41731154,6.45710882,948744.178857
2020-10-28,EGX:CIEB,6.45710882,6.46705839,6.38497649,6.46457106,128133.37228097
2020-11-01,EGX:CIEB,6.46457106,6.5914249,6.41731154,6.47203305,97377.50337351
2020-11-02,EGX:CIEB,6.47203305,6.47203305,6.21832537,6.35015412,1337775.76772361
2020-11-03,EGX:CIEB,6.35015412,6.39243873,6.01933921,6.35015412,3389.17614235
2020-11-04,EGX:CIEB,6.35015412,6.39243873,6.21832537,6.22827494,571375.6979251
2020-11-05,EGX:CIEB,6.22827494,6.44218509,6.18101542,6.26060999,871488.6524615
2020-11-08,EGX:CIEB,6.26060999,6.34269188,6.18101542,6.28050863,316604.53287083
2020-11-09,EGX:CIEB,6.28050863,6.46705839,6.2208127,6.32030591,2202015.68402301
2020-11-10,EGX:CIEB,6.32030591,6.59639956,6.28548329,6.4148247,2771180.17568679
2020-11-11,EGX:CIEB,6.4148247,6.52675431,6.39243873,6.43721018,546433.29129741
2020-11-12,EGX:CIEB,6.43721018,6.52426698,6.38000183,6.41731154,1386056.45134578
2020-11-15,EGX:CIEB,6.41731154,6.46705839,6.38497649,6.42228645,420748.32740398
2020-11-16,EGX:CIEB,6.42228645,6.46705839,6.37254009,6.44964708,23555.37724559
2020-11-17,EGX:CIEB,6.44964708,6.46705839,6.38000183,6.44964708,152468.70228055
2020-11-18,EGX:CIEB,6.44964708,6.46705839,6.38497649,6.41979887,1398704.55116053
2020-11-19,EGX:CIEB,6.41979887,6.46705839,6.34766654,6.3899514,499410.98505669
2020-11-22,EGX:CIEB,6.3899514,6.45213466,6.34020455,6.34517921,881523.50851287
2020-11-23,EGX:CIEB,6.34517921,6.40984979,6.33025548,6.34517921,415819.34762875
2020-11-24,EGX:CIEB,6.34517921,6.36756518,6.33522964,6.34517921,2441030.99937162
2020-11-25,EGX:CIEB,6.34517921,6.45959615,6.34517921,6.43969751,456803.05058856
2020-11-26,EGX:CIEB,6.43969751,6.46705839,6.35264145,6.45462199,284964.18145885
2020-11-29,EGX:CIEB,6.45462199,6.51680524,6.39492556,6.47203305,1347316.11764745
2020-11-30,EGX:CIEB,6.47203305,6.47203305,6.41731154,6.41979887,48401.29487279
2020-12-01,EGX:CIEB,6.41979887,6.51680524,6.41731154,6.44715975,1817708.03580558
2020-12-02,EGX:CIEB,6.44715975,6.58893757,6.36756518,6.50436834,1278640.07154587
2020-12-03,EGX:CIEB,6.50436834,6.50436834,6.39243873,6.45462199,243518.13537167
2020-12-06,EGX:CIEB,6.45462199,6.64117175,6.43223601,6.54914028,374047.6511649
2020-12-07,EGX:CIEB,6.54914028,6.56655159,6.35512828,6.43969751,993599.50296164
2020-12-08,EGX:CIEB,6.43969751,6.51431791,6.39243873,6.42974844,253733.90829897
2020-12-09,EGX:CIEB,6.42974844,6.54665295,6.39243873,6.44715975,3081617.45327604
2020-12-10,EGX:CIEB,6.44715975,6.5914249,6.44715975,6.51431791,5834906.96012124
2020-12-13,EGX:CIEB,6.51431791,6.64117175,6.44218509,6.61381087,1851865.14198044
2020-12-14,EGX:CIEB,6.61381087,6.75310136,6.5914249,6.66107039,483940.58197749
2020-12-15,EGX:CIEB,6.66107039,6.95208802,6.66107039,6.77548733,1287846.73034301
2020-12-16,EGX:CIEB,6.77548733,6.84015791,6.66604455,6.7282278,16612.18958504
2020-12-17,EGX:CIEB,6.7282278,6.79041106,6.47203305,6.71330407,1394193.69038744
2020-12-20,EGX:CIEB,6.71330407,6.88492985,6.71330407,6.71330407,12740.56844022
2020-12-21,EGX:CIEB,6.71330407,6.72325364,6.49193169,6.59888713,1213678.85196331
2020-12-22,EGX:CIEB,6.59888713,6.84015791,6.5914249,6.80036063,334551.4869627
2020-12-23,EGX:CIEB,6.80036063,6.96452442,6.7406647,6.95954976,2526749.41518545
2020-12-24,EGX:CIEB,6.95954976,7.01427127,6.84015791,6.94960069,115786.80059276
2020-12-27,EGX:CIEB,6.94960069,7.03168233,6.75310136,6.94960069,6537.12978347
2020-12-28,EGX:CIEB,6.94960069,7.0864036,6.93965112,7.02422034,503387.13595204
2020-12-29,EGX:CIEB,7.02422034,7.33762394,7.02422034,7.1983337,198228.61076481
2020-12-30,EGX:CIEB,7.1983337,7.33762394,7.16351058,7.33264928,3616078.06776216
2020-12-31,EGX:CIEB,7.33264928,7.36249724,7.21325743,7.21823209,379410.83144236
2021-01-03,EGX:CIEB,7.21823209,7.31275064,7.21823209,7.27792802,905685.96238657
2021-01-04,EGX:CIEB,7.27792802,7.38737079,7.21823209,7.3052889,1644747.48204513
2021-01-05,EGX:CIEB,7.3052889,7.31275064,7.16599791,7.30280157,882456.23551765
2021-01-06,EGX:CIEB,7.30280157,7.38737079,6.96701175,7.25554205,978792.46176083
2021-01-10,EGX:CIEB,7.25554205,7.57392055,7.18838413,7.46945269,1505397.26345674
2021-01-11,EGX:CIEB,7.46945269,7.5366101,7.46199045,7.47194002,203081.20341465
2021-01-12,EGX:CIEB,7.47194002,7.48686375,6.85259431,7.00929636,2971965.74496469
2021-01-13,EGX:CIEB,7.00929636,7.00929636,6.63370951,6.78046199,715727.2630391
2021-01-14,EGX:CIEB,6.78046199,6.84015791,6.7157914,6.76305092,99202.75363286
2021-01-17,EGX:CIEB,6.76305092,6.91477757,6.76305092,6.85010748,837745.64491376
2021-01-18,EGX:CIEB,6.85010748,7.02173301,6.85010748,6.96203709,84186.65293099
2021-01-19,EGX:CIEB,6.96203709,7.18838413,6.96203709,6.99685946,3144773.52447436
2021-01-20,EGX:CIEB,6.99685946,7.21325743,6.99685946,7.00929636,1703609.79272147
2021-01-21,EGX:CIEB,7.00929636,7.21325743,7.00929636,7.16351058,1072861.19649241
2021-01-24,EGX:CIEB,7.16351058,7.20828277,6.96701175,7.05158097,15478.44382924
2021-01-25,EGX:CIEB,7.05158097,7.05158097,7.02670767,7.02670767,63771.18857647
2021-01-26,EGX:CIEB,7.02670767,7.08889093,6.96452442,7.06899228,72366.75037047
2021-01-27,EGX:CIEB,7.06899228,7.08391627,6.97696082,6.98939772,30997.09140869
2021-01-31,EGX:CIEB,6.98939772,6.9918853,6.96949908,6.97944815,684199.48212769
2021-02-01,EGX:CIEB,6.97944815,7.03914407,6.96452442,6.96452442,1200918.18164798
2021-02-02,EGX:CIEB,6.96452442,7.08142869,6.87746786,6.96452442,1751870.37446853
2021-02-03,EGX:CIEB,6.96452442,7.05904271,6.92970204,6.96701175,443153.87739368
2021-02-04,EGX:CIEB,6.96701175,7.21325743,6.96452442,7.05406855,197247.63925979
2021-02-07,EGX:CIEB,7.05406855,7.05406855,6.97696082,7.05406855,3252.48339165
2021-02-08,EGX:CIEB,7.05406855,7.05406855,6.87995519,6.95706218,46921.79686521
2021-02-09,EGX:CIEB,6.95706218,7.18589655,6.90234116,6.98193573,92589.236724
2021-02-10,EGX:CIEB,6.98193573,7.0864036,6.93218937,6.94462578,49068.6771262
2021-02-11,EGX:CIEB,6.94462578,6.96203709,6.87249295,6.87498028,346230.67639749
2021-02-14,EGX:CIEB,6.87498028,6.87746786,6.7157914,6.86503121,106527.87692036
2021-02-15,EGX:CIEB,6.86503121,6.86503121,6.85010748,6.86503121,16.08150008
2021-02-16,EGX:CIEB,6.86503121,6.86503121,6.6909181,6.71081674,179783.13017038
2021-02-17,EGX:CIEB,6.71081674,6.71081674,6.4969066,6.71081674,11980.71756133
2021-02-18,EGX:CIEB,6.71081674,6.7157914,6.61878578,6.70584183,55726.41816029
2021-02-21,EGX:CIEB,6.70584183,6.70584183,6.5914249,6.67101946,521623.5570454
2021-02-22,EGX:CIEB,6.67101946,6.67101946,6.62375994,6.66604455,168678.85436354
2021-02-23,EGX:CIEB,6.66604455,6.66604455,6.52924164,6.54665295,125898.04376952
2021-02-24,EGX:CIEB,6.54665295,6.7157914,6.52924164,6.61381087,140596.53484477
2021-02-25,EGX:CIEB,6.61381087,6.703355,6.4969066,6.66355772,1180434.37091812
2021-02-28,EGX:CIEB,6.66355772,6.66604455,6.5342163,6.61878578,120514.76161696
2021-03-01,EGX:CIEB,6.61878578,6.64117175,6.51680524,6.55660252,26888.26813765
2021-03-02,EGX:CIEB,6.55660252,6.5914249,6.41731154,6.47452063,238597.19634648
2021-03-03,EGX:CIEB,6.47452063,6.47452063,6.34269188,6.35264145,1053446.80551802
2021-03-04,EGX:CIEB,6.35264145,6.43223601,6.34269188,6.34517921,2911394.7749046
2021-03-07,EGX:CIEB,6.34517921,6.46208373,6.28299596,6.39243873,81694.02041822
2021-03-08,EGX:CIEB,6.39243873,6.43969751,6.21832537,6.24319867,494268.92540536
2021-03-09,EGX:CIEB,6.24319867,6.26807222,6.17355343,6.24568625,160336.57619583
2021-03-10,EGX:CIEB,6.24568625,6.24568625,6.21583804,6.21832537,316853.7961221
2021-03-11,EGX:CIEB,6.21832537,6.21832537,6.18101542,6.21583804,287625.66972247
2021-03-14,EGX:CIEB,6.21583804,6.21832537,6.16857852,6.20340164,42780.81059401
2021-03-15,EGX:CIEB,6.20340164,6.20340164,5.73080891,5.97207969,1763537.50277826
2021-03-16,EGX:CIEB,5.97207969,6.09395887,5.94471906,5.96710503,192764.92111184
2021-03-17,EGX:CIEB,5.96710503,5.96959236,5.91984551,5.96213012,160139.57781982
2021-03-18,EGX:CIEB,5.96213012,5.96959236,5.76065663,5.96213012,106901.77179727
2021-03-21,EGX:CIEB,5.96213012,5.96213012,5.78552993,5.95466863,63642.53657581
2021-03-22,EGX:CIEB,5.95466863,5.95466863,5.71837201,5.75070755,210008.30957512
2021-03-23,EGX:CIEB,5.75070755,6.10390844,5.60892924,5.75568172,357741.01008142
2021-03-24,EGX:CIEB,5.75568172,5.96710503,5.67359982,5.7581693,704088.27735451
2021-03-25,EGX:CIEB,5.7581693,5.96959236,5.72085934,5.81289081,1664805.13302281
2021-03-28,EGX:CIEB,5.81289081,5.96959236,5.72085934,5.85517542,53197.60227234
2021-03-29,EGX:CIEB,5.85517542,5.9074091,5.72085934,5.82532721,604527.71034482
2021-03-30,EGX:CIEB,5.82532721,5.8949727,5.72085934,5.75319439,271367.27313924
2021-03-31,EGX:CIEB,5.75319439,5.795479,5.72085934,5.72334667,229639.80080062
2021-04-01,EGX:CIEB,5.72334667,5.96959236,5.72085934,5.77558036,139502.99283917
2021-04-04,EGX:CIEB,5.77558036,5.81786497,5.52187318,5.62634105,169462.82749255
2021-04-05,EGX:CIEB,5.62634105,5.90243444,5.56913196,5.69847337,227706.00041572
2021-04-06,EGX:CIEB,5.69847337,5.81786497,5.62136614,5.72085934,2436057.79547116
2021-04-07,EGX:CIEB,5.72085934,5.72085934,5.59649284,5.59898017,628360.49346683
2021-04-08,EGX:CIEB,5.59898017,5.67857473,5.55669555,5.57410686,905058.78388336
2021-04-11,EGX:CIEB,5.57410686,5.59649284,5.55918288,5.56415779,998524.46236185
2021-04-12,EGX:CIEB,5.56415779,5.59649284,5.54674598,5.5815691,275367.54628472
2021-04-13,EGX:CIEB,5.5815691,5.64623969,5.54923331,5.59649284,2364253.89760357
2021-04-14,EGX:CIEB,5.59649284,5.59649284,5.47212633,5.50446137,3442542.60037376
2021-04-15,EGX:CIEB,5.50446137,5.56415779,5.23582972,5.46217676,257440.69406794
2021-04-18,EGX:CIEB,5.46217676,5.47212633,5.46217676,5.47212633,104328.7317841
2021-04-19,EGX:CIEB,5.47212633,5.59649284,5.45222769,5.47461366,987970.97793282
2021-04-20,EGX:CIEB,5.47461366,5.64623969,5.39750667,5.469639,737208.12677407
2021-04-21,EGX:CIEB,5.469639,5.59400551,5.44725303,5.47461366,295690.54201376
2021-04-22,EGX:CIEB,5.47461366,5.58405643,5.469639,5.48705006,1470950.69028039
2021-04-25,EGX:CIEB,5.48705006,5.48705006,5.35024715,5.45471502,85633.98793839
2021-04-26,EGX:CIEB,5.45471502,5.67111249,5.45471502,5.4820759,4125214.33999363
2021-04-27,EGX:CIEB,5.4820759,5.88502313,5.4820759,5.68106206,216215.7686069
2021-04-28,EGX:CIEB,5.68106206,5.72085934,5.59649284,5.61887881,161558.77020208
2021-05-04,EGX:CIEB,5.61887881,5.8079159,5.47461366,5.75319439,135583.1271941
2021-05-05,EGX:CIEB,5.75319439,5.7706062,5.60892924,5.66365075,165965.10122464
2021-05-06,EGX:CIEB,5.66365075,5.75568172,5.61141657,5.7133971,902232.46024389
2021-05-09,EGX:CIEB,5.7133971,5.84522585,5.7133971,5.7830426,133826.22331011
2021-05-10,EGX:CIEB,5.7830426,5.82035255,5.61887881,5.77806794,50733.11238472
2021-05-11,EGX:CIEB,5.77806794,5.77806794,5.71837201,5.72832158,263153.64697219
2021-05-17,EGX:CIEB,5.72832158,5.84522585,5.72085934,5.73827065,1381971.75032487
2021-05-18,EGX:CIEB,5.73827065,5.73827065,5.68354939,5.72085934,2053382.41951209
2021-05-19,EGX:CIEB,5.72085934,6.0143643,5.64623969,5.87756089,632019.03473556
2021-05-20,EGX:CIEB,5.87756089,6.00690231,5.82283988,5.95466863,893319.28882326
2021-05-23,EGX:CIEB,5.95466863,5.95466863,5.85020051,5.91735867,202703.28816272
2021-05-24,EGX:CIEB,5.91735867,5.91735867,5.72832158,5.80294124,60960.94643708
2021-05-25,EGX:CIEB,5.80294124,5.80294124,5.67359982,5.72085934,2379298.14093059
2021-05-26,EGX:CIEB,5.72085934,5.72334667,5.64623969,5.69598604,61515.75818992
2021-05-27,EGX:CIEB,5.69598604,5.72334667,5.62136614,5.6760874,123630.55225791
2021-05-30,EGX:CIEB,5.6760874,5.7706062,5.67111249,5.71588468,277377.73379501
2021-05-31,EGX:CIEB,5.71588468,5.72085934,5.65370143,5.69349846,519717.89928565
2021-06-01,EGX:CIEB,5.69349846,5.72085934,5.63877745,5.67857473,250336.69140657
2021-06-02,EGX:CIEB,5.67857473,5.72085934,5.63380279,5.69349846,716418.76754264
2021-06-03,EGX:CIEB,5.69349846,5.94471906,5.64623969,5.66862566,89529.73133334
2021-06-06,EGX:CIEB,5.66862566,5.69598604,5.62136614,5.68354939,280602.07456152
2021-06-07,EGX:CIEB,5.68354939,5.72085934,5.49699963,5.68354939,1053780.49664473
2021-06-08,EGX:CIEB,5.68354939,5.72085934,5.64623969,5.6760874,622957.10943917
2021-06-09,EGX:CIEB,5.6760874,5.69598604,5.62634105,5.66862566,328388.25205615
2021-06-10,EGX:CIEB,5.66862566,5.70593561,5.52684734,5.63629012,3664527.60713519
2021-06-13,EGX:CIEB,5.63629012,5.71588468,5.59649284,5.66116342,295967.94789018
2021-06-14,EGX:CIEB,5.66116342,5.66613833,5.57161953,5.61390415,240124.9388543
2021-06-15,EGX:CIEB,5.61390415,5.69598604,5.49699963,5.56913196,603731.67609075
2021-06-16,EGX:CIEB,5.56913196,5.63131521,5.52187318,5.55420822,151045.48952326
2021-06-17,EGX:CIEB,5.55420822,5.59400551,5.47461366,5.55420822,254686.73717884
2021-06-20,EGX:CIEB,5.55420822,5.65867609,5.52187318,5.56415779,146442.1601247
2021-06-21,EGX:CIEB,5.56415779,5.60644241,5.47212633,5.4820759,2271954.12788105
2021-06-22,EGX:CIEB,5.4820759,5.7581693,5.4820759,5.69101113,1309283.36995275
2021-06-23,EGX:CIEB,5.69101113,5.7581693,5.62634105,5.68354939,491715.98726729
2021-06-24,EGX:CIEB,5.68354939,5.72085934,5.62385372,5.67111249,645467.18917941
2021-06-27,EGX:CIEB,5.67111249,5.96959236,5.65867609,5.73329575,2283540.84869037
2021-06-28,EGX:CIEB,5.73329575,6.01933921,5.73329575,5.90989643,5556500.01032096
2021-06-29,EGX:CIEB,5.90989643,6.01933921,5.72085934,5.84273852,3239971.98458672
2021-06-30,EGX:CIEB,5.84273852,5.94471906,5.82035255,5.87507406,3241298.70834351
2021-07-04,EGX:CIEB,5.87507406,5.96710503,5.82035255,5.8825358,896362.71271384
2021-07-05,EGX:CIEB,5.8825358,5.97207969,5.82035255,5.88751046,1414432.25824105
2021-07-06,EGX:CIEB,5.88751046,5.88751046,5.62634105,5.71588468,1397321.54215345
2021-07-07,EGX:CIEB,5.71588468,5.83030212,5.63380279,5.7581693,544760.81528885
2021-07-08,EGX:CIEB,5.7581693,5.7581693,5.59649284,5.64872652,1357572.09432496
2021-07-11,EGX:CIEB,5.64872652,5.76314396,5.60395508,5.68106206,578737.00458779
2021-07-12,EGX:CIEB,5.68106206,5.73827065,5.63131521,5.67359982,1334865.01620871
2021-07-13,EGX:CIEB,5.67359982,5.795479,5.64623969,5.73080891,1509879.98160468
2021-07-14,EGX:CIEB,5.73080891,5.82035255,5.69598604,5.725834,8285148.63866502
2021-07-15,EGX:CIEB,5.725834,5.91238376,5.70842294,5.77309303,2346009.43576017
2021-07-18,EGX:CIEB,5.77309303,6.00690231,5.74573264,5.92482042,2040718.23819726
2021-07-25,EGX:CIEB,5.92482042,6.09395887,5.92482042,6.00938964,2208106.55217919
2021-07-26,EGX:CIEB,6.00938964,6.06659799,5.91238376,5.96213012,1573385.8254298
2021-07-27,EGX:CIEB,5.96213012,6.01187697,5.89248537,5.93725732,1041281.15070574
2021-07-28,EGX:CIEB,5.93725732,5.99446566,5.9074091,5.93974415,908858.03827781
2021-07-29,EGX:CIEB,5.93974415,6.01187697,5.87009915,5.92233284,910976.77591366
2021-08-01,EGX:CIEB,5.92233284,6.16111678,5.8949727,5.98202876,1826199.06784905
2021-08-02,EGX:CIEB,5.98202876,6.16857852,5.94969372,6.0019274,2732311.1899878
2021-08-03,EGX:CIEB,6.0019274,6.06411066,5.89994687,5.97954193,1909698.23665152
2021-08-04,EGX:CIEB,5.97954193,6.04421201,5.92233284,5.98202876,1094060.63397594
2021-08-05,EGX:CIEB,5.98202876,6.06908556,5.93725732,5.98700367,689333.50102898
2021-08-08,EGX:CIEB,5.98700367,6.15614212,5.98700367,6.08649663,2274024.62101665
2021-08-09,EGX:CIEB,6.08649663,6.14121839,5.99944057,6.05416158,652305.84708942
2021-08-10,EGX:CIEB,6.05416158,6.15365479,6.03177561,6.11385751,1057808.91241535
2021-08-11,EGX:CIEB,6.11385751,6.24071134,6.05664891,6.17604076,2047556.89610727
2021-08-15,EGX:CIEB,6.17604076,6.43969751,6.17604076,6.30040727,4288686.80870552
2021-08-16,EGX:CIEB,6.30040727,6.64117175,6.23076178,6.47452063,5651855.26505913
2021-08-17,EGX:CIEB,6.47452063,6.6162982,6.43223601,6.52924164,6265891.16232762
2021-08-18,EGX:CIEB,6.52924164,6.58645024,6.44218509,6.48944436,2917831.39531255
2021-08-19,EGX:CIEB,6.48944436,6.50188076,6.40487513,6.43721018,2219363.60223682
2021-08-22,EGX:CIEB,6.43721018,6.46705839,6.41731154,6.43721018,2779936.55248162
2021-08-23,EGX:CIEB,6.43721018,6.51680524,6.43721018,6.46954572,5491446.32211293
2021-08-24,EGX:CIEB,6.46954572,6.55162761,6.44218509,6.48695703,3114419.69306897
2021-08-25,EGX:CIEB,6.48695703,6.5342163,6.46705839,6.51680524,3517176.84225585
2021-08-26,EGX:CIEB,6.51680524,6.6909181,6.47949479,6.5914249,2109080.69504723
2021-08-29,EGX:CIEB,6.5914249,6.66107039,6.55411494,6.60634863,406656.91295684
2021-08-30,EGX:CIEB,6.60634863,6.71081674,6.52924164,6.66355772,2458523.65108617
2021-08-31,EGX:CIEB,6.66355772,6.91477757,6.60883621,6.78294932,3667739.88677664
2021-09-01,EGX:CIEB,6.78294932,6.93965112,6.78294932,6.90731582,1190553.65484492
2021-09-02,EGX:CIEB,6.90731582,7.08889093,6.88990476,6.98442306,3000550.61136103
2021-09-05,EGX:CIEB,6.98442306,7.15107418,6.84264524,6.92472714,931693.76839472
2021-09-06,EGX:CIEB,6.92472714,6.96203709,6.47452063,6.96203709,2063553.96831416
2021-09-07,EGX:CIEB,6.96203709,6.96452442,6.69340543,6.80782287,564167.1655132
2021-09-08,EGX:CIEB,6.80782287,6.91975248,6.79041106,6.83269567,297905.7686501
2021-09-09,EGX:CIEB,6.83269567,6.88990476,6.73320271,6.79041106,276601.80141604
2021-09-12,EGX:CIEB,6.79041106,6.89985383,6.75807602,6.80036063,629253.0167214
2021-09-13,EGX:CIEB,6.80036063,6.88741743,6.80036063,6.8227466,389634.6451197
2021-09-14,EGX:CIEB,6.8227466,6.8973665,6.7406647,6.85010748,269220.39287825
2021-09-15,EGX:CIEB,6.85010748,6.86503121,6.80284796,6.85508164,511303.25436757
2021-09-16,EGX:CIEB,6.85508164,7.08889093,6.84015791,6.96452442,666960.11403944
2021-09-19,EGX:CIEB,6.96452442,7.00183437,6.84015791,6.87746786,532169.00072439
2021-09-20,EGX:CIEB,6.87746786,6.87746786,6.62624727,6.77797466,1447905.90066241
2021-09-21,EGX:CIEB,6.77797466,6.77797466,6.51680524,6.6909181,662569.86451696
2021-09-22,EGX:CIEB,6.6909181,6.80782287,6.5914249,6.62873485,155640.77817179
2021-09-23,EGX:CIEB,6.62873485,6.71827873,6.5914249,6.64614591,1255205.3055509
2021-09-26,EGX:CIEB,6.64614591,6.6909181,6.60883621,6.62624727,122653.60112791
2021-09-27,EGX:CIEB,6.62624727,6.62624727,6.49193169,6.49441927,568669.98553625
2021-09-28,EGX:CIEB,6.49441927,6.49441927,6.40984979,6.41979887,285989.37708909
2021-09-29,EGX:CIEB,6.41979887,6.46705839,6.21832537,6.24817358,541572.65789753
2021-09-30,EGX:CIEB,6.24817358,6.61878578,6.21832537,6.3974129,683821.56687576
2021-10-03,EGX:CIEB,6.3974129,6.54167804,6.34269188,6.34517921,235244.20357931
2021-10-04,EGX:CIEB,6.34517921,6.46457106,6.27304639,6.38746382,2506667.64195764
2021-10-05,EGX:CIEB,6.38746382,6.43721018,6.34517921,6.39243873,117961.82347889
2021-10-06,EGX:CIEB,6.39243873,6.43472334,6.35015412,6.40984979,49426.49050303
2021-10-10,EGX:CIEB,6.40984979,6.45462199,6.37502692,6.38746382,126038.75689524
2021-10-11,EGX:CIEB,6.38746382,6.51680524,6.37751425,6.48944436,1961082.64978957
2021-10-12,EGX:CIEB,6.48944436,6.64117175,6.48944436,6.5914249,838778.88129405
2021-10-13,EGX:CIEB,6.5914249,6.62624727,6.50436834,6.61132354,1049470.65462266
2021-10-14,EGX:CIEB,6.61132354,6.78792423,6.5914249,6.74812645,2477950.10318563
2021-10-17,EGX:CIEB,6.74812645,6.84015791,6.74812645,6.7978733,209678.63882343
2021-10-18,EGX:CIEB,6.7978733,6.86503121,6.73071514,6.83518325,931275.64939258
2021-10-19,EGX:CIEB,6.83518325,6.85756922,5.72085934,6.63868442,616038.04402875
2021-10-20,EGX:CIEB,6.63868442,6.7157914,6.48198212,6.61381087,391291.03962818
2021-10-24,EGX:CIEB,6.61381087,6.71330407,6.56903892,6.65858281,86373.73694218
2021-10-25,EGX:CIEB,6.65858281,6.74812645,6.49193169,6.64117175,1712434.51589164
2021-10-26,EGX:CIEB,6.64117175,6.91477757,6.64117175,6.84015791,2390619.51698854
2021-10-27,EGX:CIEB,6.84015791,6.92721447,6.7157914,6.82523418,258638.76582408
2021-10-28,EGX:CIEB,6.82523418,6.83518325,6.75061378,6.7854369,204134.54167005
2021-10-31,EGX:CIEB,6.7854369,6.7854369,6.6162982,6.67350679,539803.69288847
2021-11-01,EGX:CIEB,6.67350679,6.86503121,6.64117175,6.82523418,1605850.353721
2021-11-02,EGX:CIEB,6.82523418,6.88990476,6.76056335,6.84015791,1073102.41899364
2021-11-03,EGX:CIEB,6.84015791,6.96701175,6.78046199,6.96452442,1051151.17138127
2021-11-04,EGX:CIEB,6.96452442,6.97198666,6.84513257,6.91975248,318956.45225787
2021-11-07,EGX:CIEB,6.91975248,6.97198666,6.86503121,6.95208802,804995.6699961
2021-11-08,EGX:CIEB,6.95208802,6.98939772,6.86503121,6.91975248,1305307.21905739
2021-11-09,EGX:CIEB,6.91975248,6.96452442,6.91477757,6.95954976,869241.262825
2021-11-10,EGX:CIEB,6.95954976,7.01427127,6.91975248,6.99934679,2082791.46278765
2021-11-11,EGX:CIEB,6.99934679,7.31026306,6.95706218,7.17594748,1980529.20376413
2021-11-14,EGX:CIEB,7.17594748,7.25056739,7.08889093,7.21823209,400409.25017486
2021-11-15,EGX:CIEB,7.21823209,7.32021263,7.13863778,7.21574476,825153.83034929
2021-11-16,EGX:CIEB,7.21574476,7.32270021,7.07396719,7.11625181,77074.60951958
2021-11-17,EGX:CIEB,7.11625181,7.21325743,6.91477757,7.0167581,640252.76277771
2021-11-18,EGX:CIEB,7.0167581,7.21325743,7.01427127,7.20330786,904676.84825641
2021-11-21,EGX:CIEB,7.20330786,7.21574476,6.96701175,7.21325743,1001121.62462515
2021-11-22,EGX:CIEB,7.21325743,7.21325743,7.16599791,7.21325743,11441.98730858
2021-11-23,EGX:CIEB,7.21325743,7.28290293,7.17594748,7.22071967,81637.73516794
2021-11-24,EGX:CIEB,7.22071967,7.27295336,5.97954193,7.12122597,354227.20231343
2021-11-25,EGX:CIEB,7.12122597,7.27544069,7.12122597,7.2107701,2423293.10478081
2021-11-28,EGX:CIEB,7.2107701,7.26051695,6.84264524,7.029195,54833.89490572
2021-11-29,EGX:CIEB,7.029195,7.12868821,6.96701175,7.03914407,321577.73677129
2021-11-30,EGX:CIEB,7.03914407,7.21325743,6.96452442,7.2107701,2879770.50499271
2021-12-01,EGX:CIEB,7.2107701,7.2107701,7.05406855,7.2107701,41964.67446483
2021-12-02,EGX:CIEB,7.2107701,7.2107701,7.08889093,7.12122597,123771.26538363
2021-12-05,EGX:CIEB,7.12122597,7.18838413,7.02670767,7.10132733,79213.44903053
2021-12-06,EGX:CIEB,7.10132733,7.71321079,7.10132733,7.61371784,3787651.59214052
2021-12-07,EGX:CIEB,7.61371784,7.71072346,7.48935133,7.57143322,1238842.37921713
2021-12-08,EGX:CIEB,7.57143322,7.64854021,7.48935133,7.58386963,469242.09090224
2021-12-09,EGX:CIEB,7.58386963,7.63610381,7.5117373,7.59381919,4601295.08880588
2021-12-12,EGX:CIEB,7.59381919,8.10372212,7.59381919,7.94950691,3653491.6777037
2021-12-13,EGX:CIEB,7.94950691,8.30270829,7.83508997,8.00920333,4784177.92811714
2021-12-14,EGX:CIEB,8.00920333,8.18331669,7.83508997,7.84255221,1439816.906121
2021-12-15,EGX:CIEB,7.84255221,8.20818949,7.84255221,8.16341755,1363385.55660472
2021-12-16,EGX:CIEB,8.16341755,8.56885261,8.16341755,8.46935891,2513100.24199057
2021-12-19,EGX:CIEB,8.46935891,8.60616182,8.332556,8.34748023,747620.89807737
2021-12-20,EGX:CIEB,8.34748023,8.36489154,8.12362027,8.18829035,1102917.52014628
2021-12-21,EGX:CIEB,8.18829035,8.32260643,8.1385445,8.17336712,1274012.61989718
2021-12-22,EGX:CIEB,8.17336712,8.21813906,8.1385445,8.15595581,1292860.13799367
2021-12-23,EGX:CIEB,8.15595581,8.28280915,8.13356984,8.23057546,1378377.53505647
2021-12-26,EGX:CIEB,8.23057546,8.44448611,8.23057546,8.28529698,947345.08834984
2021-12-27,EGX:CIEB,8.28529698,8.40468882,8.25793634,8.35245514,1530371.83308459
2021-12-28,EGX:CIEB,8.35245514,8.41961206,8.23555037,8.26042318,410572.75822689
2021-12-29,EGX:CIEB,8.26042318,8.3574288,8.24052503,8.332556,3230499.98103823
2021-12-30,EGX:CIEB,8.33,8.62,8.03,8.42,756318.0
2022-01-02,EGX:CIEB,8.42,8.55,8.18,8.22,533912.0
2022-01-03,EGX:CIEB,8.22,8.3,7.85,7.91,931792.0
2022-01-04,EGX:CIEB,7.91,8.33,7.91,8.14,1327731.0
2022-01-05,EGX:CIEB,8.14,8.47,8.11,8.4,1004927.0
2022-01-09,EGX:CIEB,8.4,8.45,8.26,8.38,249743.0
2022-01-10,EGX:CIEB,8.38,8.38,8.19,8.21,269002.0
2022-01-11,EGX:CIEB,8.21,8.3,8.19,8.24,270266.0
2022-01-12,EGX:CIEB,8.24,8.42,8.24,8.3,739290.0
2022-01-13,EGX:CIEB,8.3,8.39,8.2,8.22,851461.0
2022-01-16,EGX:CIEB,8.22,8.32,8.13,8.14,86339.0
2022-01-17,EGX:CIEB,8.14,8.2,8.07,8.11,79156.0
2022-01-18,EGX:CIEB,8.11,8.2,8.06,8.16,171544.0
2022-01-19,EGX:CIEB,8.16,8.2,7.9,8.0,241618.0
2022-01-20,EGX:CIEB,8.0,8.12,7.99,8.020001,531924.0
2022-01-23,EGX:CIEB,8.020001,8.05,7.92,7.97,68350.0
2022-01-24,EGX:CIEB,7.97,8.06,7.95,8.0,844823.0
2022-01-25,EGX:CIEB,8.0,8.03,7.98,8.01,463243.0
2022-01-26,EGX:CIEB,8.01,8.03,7.95,7.99,89819.0
2022-01-30,EGX:CIEB,7.99,8.05,7.97,7.97,173536.0
2022-01-31,EGX:CIEB,8.0,8.03,7.9,8.01,350666.0
2022-02-01,EGX:CIEB,8.01,8.16,8.0,8.13,253617.0
2022-02-02,EGX:CIEB,8.13,9.0,8.13,8.6,2565558.0
2022-02-03,EGX:CIEB,8.6,8.75,8.53,8.69,854469.0
2022-02-06,EGX:CIEB,8.69,8.87,8.63,8.79,279263.0
2022-02-07,EGX:CIEB,8.79,8.79,8.5,8.6,949337.0
2022-02-08,EGX:CIEB,8.6,8.68,8.54,8.54,278422.0
2022-02-09,EGX:CIEB,8.59,8.67,8.45,8.45,107428.0
2022-02-10,EGX:CIEB,8.47,8.6,8.15,8.28,356803.0
2022-02-13,EGX:CIEB,8.28,8.32,8.0,8.16,332431.0
2022-02-14,EGX:CIEB,8.08,8.08,7.9,7.95,873812.0
2022-02-15,EGX:CIEB,7.92,8.13,7.92,8.0,792938.0
2022-02-16,EGX:CIEB,8.0,8.37,8.0,8.34,144491.0
2022-02-17,EGX:CIEB,8.32,8.4,8.3,8.33,695870.0
2022-02-20,EGX:CIEB,8.33,8.39,8.1,8.12,711726.0
2022-02-21,EGX:CIEB,8.12,8.59,8.12,8.59,294593.0
2022-02-22,EGX:CIEB,8.51,8.51,8.13,8.2,1120304.0
2022-02-23,EGX:CIEB,8.2,8.23,8.1,8.23,563302.0
2022-02-24,EGX:CIEB,8.17,8.17,7.9,7.98,1507276.0
2022-02-27,EGX:CIEB,7.98,8.15,7.91,7.97,492695.0
2022-02-28,EGX:CIEB,7.97,8.0,7.81,7.89,554078.0
2022-03-01,EGX:CIEB,7.89,7.99,7.84,7.99,769114.0
2022-03-02,EGX:CIEB,7.9,8.05,7.7,7.82,515951.0
2022-03-03,EGX:CIEB,7.82,7.9,7.7,7.8,1134773.0
2022-03-06,EGX:CIEB,7.8,7.81,7.5,7.57,404909.0
2022-03-07,EGX:CIEB,7.57,7.8,7.5,7.53,1787357.0
2022-03-08,EGX:CIEB,7.53,7.53,7.3,7.35,565996.0
2022-03-09,EGX:CIEB,7.35,7.41,7.3,7.3,1369020.0
2022-03-10,EGX:CIEB,7.3,7.37,7.26,7.3,2261459.0
2022-03-13,EGX:CIEB,7.3,7.4,7.26,7.33,114670.0
2022-03-14,EGX:CIEB,7.33,7.33,7.26,7.3,235667.0
2022-03-15,EGX:CIEB,7.3,7.33,7.15,7.26,141017.0
2022-03-16,EGX:CIEB,7.26,7.35,7.26,7.27,629044.0
2022-03-17,EGX:CIEB,7.27,7.33,7.15,7.22,2337581.0
2022-03-20,EGX:CIEB,7.22,7.29,7.22,7.25,1318141.0
2022-03-21,EGX:CIEB,7.25,7.9,7.25,7.6,3938192.0
2022-03-22,EGX:CIEB,7.6,7.95,7.47,7.52,3132160.0
2022-03-23,EGX:CIEB,7.52,7.71,7.52,7.69,2231485.0
2022-03-24,EGX:CIEB,7.69,7.81,7.1,7.73,772153.0
2022-03-27,EGX:CIEB,7.78,7.8,7.52,7.7,267113.0
2022-03-28,EGX:CIEB,7.7,7.7,7.55,7.6,901293.0
2022-03-29,EGX:CIEB,7.62,7.62,7.43,7.48,836089.0
2022-03-30,EGX:CIEB,7.48,7.6,7.4,7.4,564849.0
2022-03-31,EGX:CIEB,7.4,7.59,7.3,7.45,929185.0
2022-04-03,EGX:CIEB,7.45,7.67,7.45,7.6,314051.0
2022-04-04,EGX:CIEB,7.6,7.6,7.46,7.53,252886.0
2022-04-05,EGX:CIEB,7.53,7.53,7.4,7.42,270472.0
2022-04-06,EGX:CIEB,7.42,7.7,7.39,7.4,184245.0
2022-04-07,EGX:CIEB,7.42,7.5,7.38,7.49,104151.0
2022-04-10,EGX:CIEB,7.47,7.64,7.39,7.48,505940.0
2022-04-11,EGX:CIEB,7.48,7.49,7.35,7.35,67426.0
2022-04-12,EGX:CIEB,7.38,7.44,7.1,7.34,191059.0
2022-04-13,EGX:CIEB,7.34,7.4,7.29,7.31,509035.0
2022-04-14,EGX:CIEB,7.31,7.34,7.06,7.1,10696345.0
2022-04-17,EGX:CIEB,7.1,7.24,7.06,7.08,86260.0
2022-04-18,EGX:CIEB,7.08,7.5,7.08,7.39,625149.0
2022-04-19,EGX:CIEB,7.39,7.39,6.2,6.73,623057.0
2022-04-20,EGX:CIEB,6.73,6.73,6.45,6.45,87455.0
2022-04-21,EGX:CIEB,6.51,6.64,6.51,6.57,87826.0
2022-04-26,EGX:CIEB,6.57,6.75,6.47,6.5,286881.0
2022-04-27,EGX:CIEB,6.5,6.65,6.39,6.42,184068.0
2022-04-28,EGX:CIEB,6.42,6.62,6.42,6.59,114456.0
2022-05-08,EGX:CIEB,6.59,6.69,6.5,6.62,302829.0
2022-05-09,EGX:CIEB,6.62,6.65,6.4,6.44,308453.0
2022-05-10,EGX:CIEB,6.44,6.44,6.33,6.4,457627.0
2022-05-11,EGX:CIEB,6.4,6.4,6.27,6.3,1224053.0
2022-05-12,EGX:CIEB,6.3,6.3,6.18,6.24,343068.0
2022-05-15,EGX:CIEB,6.24,6.27,6.0,6.02,887610.0
2022-05-16,EGX:CIEB,6.02,6.12,5.9,5.92,1469516.0
2022-05-17,EGX:CIEB,5.95,6.19,5.95,6.09,532001.0
2022-05-18,EGX:CIEB,6.11,6.2,6.02,6.2,357037.0
2022-05-19,EGX:CIEB,6.16,6.19,6.04,6.09,492036.0
2022-05-22,EGX:CIEB,6.09,6.15,6.07,6.1,185591.0
2022-05-23,EGX:CIEB,6.1,6.15,6.03,6.03,2611808.0
2022-05-24,EGX:CIEB,6.07,6.1,5.96,6.0,98180.0
2022-05-25,EGX:CIEB,6.02,6.07,5.86,5.95,181656.0
2022-05-26,EGX:CIEB,5.91,5.99,5.75,5.9,87109.0
2022-05-29,EGX:CIEB,5.9,5.96,5.75,5.86,50399.0
2022-05-30,EGX:CIEB,5.9,5.97,5.75,5.85,221152.0
2022-05-31,EGX:CIEB,5.85,5.96,5.85,5.95,105610.0
2022-06-01,EGX:CIEB,5.94,6.01,5.85,5.92,551834.0
2022-06-02,EGX:CIEB,5.95,6.0,5.88,5.97,42367.0
2022-06-05,EGX:CIEB,5.95,5.98,5.94,5.95,12935.0
2022-06-06,EGX:CIEB,5.95,5.98,5.87,5.89,18770.0
2022-06-07,EGX:CIEB,5.95,6.0,5.87,5.99,891251.0
2022-06-08,EGX:CIEB,5.99,6.05,5.98,6.0,2192942.0
2022-06-09,EGX:CIEB,6.0,6.03,5.97,5.99,181538.0
2022-06-12,EGX:CIEB,5.99,6.03,5.88,5.9,288252.0
2022-06-13,EGX:CIEB,5.9,5.9,5.7,5.72,555513.0
2022-06-14,EGX:CIEB,5.72,5.75,5.6,5.6,4541010.0
2022-06-15,EGX:CIEB,5.6,5.65,5.55,5.6,2877696.0
2022-06-16,EGX:CIEB,5.6,5.62,5.5,5.55,661525.0
2022-06-19,EGX:CIEB,5.55,5.57,5.41,5.49,428626.0
2022-06-20,EGX:CIEB,5.49,5.5,5.41,5.46,363645.0
2022-06-21,EGX:CIEB,5.46,5.59,5.44,5.45,289502.0
2022-06-22,EGX:CIEB,5.45,5.53,5.4,5.4,150843.0
2022-06-23,EGX:CIEB,5.42,5.44,5.32,5.39,223316.0
2022-06-26,EGX:CIEB,5.35,5.52,5.35,5.35,128356.0
2022-06-27,EGX:CIEB,5.37,5.37,5.21,5.22,395721.0
2022-06-28,EGX:CIEB,5.22,5.22,4.95,5.2,761569.0
2022-06-29,EGX:CIEB,5.2,5.3,5.18,5.21,255220.0
2022-07-03,EGX:CIEB,5.21,5.21,4.77,4.84,1482000.0
2022-07-04,EGX:CIEB,4.84,4.89,4.2,4.4,2709583.0
2022-07-05,EGX:CIEB,4.32,4.44,4.3,4.4,15225766.0
2022-07-06,EGX:CIEB,4.4,4.45,4.1,4.22,2213225.0
2022-07-07,EGX:CIEB,4.22,4.47,4.21,4.44,923841.0
2022-07-17,EGX:CIEB,4.44,4.5,4.31,4.4,3968149.0
2022-07-18,EGX:CIEB,4.4,5.09,4.4,5.0,2868514.0
2022-07-19,EGX:CIEB,4.99,5.12,4.9,5.02,987923.0
2022-07-20,EGX:CIEB,5.02,5.1,4.98,5.01,182674.0
2022-07-21,EGX:CIEB,5.01,5.15,4.95,5.12,758257.0
2022-07-24,EGX:CIEB,5.12,5.53,5.12,5.43,660015.0
2022-07-25,EGX:CIEB,5.43,5.49,5.2,5.33,2285421.0
2022-07-26,EGX:CIEB,5.33,5.5,5.3,5.43,1305230.0
2022-07-27,EGX:CIEB,5.43,5.5,5.34,5.41,113368.0
2022-07-28,EGX:CIEB,5.42,5.44,5.33,5.34,400593.0
2022-07-31,EGX:CIEB,5.34,5.42,5.25,5.34,434816.0
2022-08-01,EGX:CIEB,5.34,5.41,5.27,5.31,354773.0
2022-08-02,EGX:CIEB,5.31,5.7,5.26,5.7,387645.0
2022-08-03,EGX:CIEB,5.58,5.89,5.58,5.8,802025.0
2022-08-04,EGX:CIEB,5.74,6.39,5.74,6.39,2496636.0
2022-08-07,EGX:CIEB,6.15,6.65,6.15,6.41,550911.0
2022-08-08,EGX:CIEB,6.41,6.45,6.2,6.23,125503.0
2022-08-09,EGX:CIEB,6.23,6.28,6.1,6.12,659735.0
2022-08-10,EGX:CIEB,6.12,6.14,5.93,5.97,429086.0
2022-08-11,EGX:CIEB,6.0,6.15,5.99,6.12,102120.0
2022-08-14,EGX:CIEB,6.12,6.25,6.02,6.15,121265.0
2022-08-15,EGX:CIEB,6.04,6.22,5.95,5.99,265651.0
2022-08-16,EGX:CIEB,5.99,6.0,5.89,5.89,74259.0
2022-08-17,EGX:CIEB,5.93,6.25,5.86,6.25,1924403.0
2022-08-18,EGX:CIEB,6.25,6.48,6.25,6.36,752217.0
2022-08-21,EGX:CIEB,6.35,6.68,6.3,6.61,2961908.0
2022-08-22,EGX:CIEB,6.61,6.68,6.37,6.39,1248362.0
2022-08-23,EGX:CIEB,6.39,6.46,6.2,6.4,1923632.0
2022-08-24,EGX:CIEB,6.37,6.41,6.27,6.38,1266272.0
2022-08-25,EGX:CIEB,6.38,6.4,6.3,6.35,766804.0
2022-08-28,EGX:CIEB,6.35,6.4,6.26,6.35,116077.0
2022-08-29,EGX:CIEB,6.29,6.39,6.2,6.23,1025113.0
2022-08-30,EGX:CIEB,6.23,6.3,6.07,6.24,1189974.0
2022-08-31,EGX:CIEB,6.22,6.3,6.17,6.2,416434.0
2022-09-01,EGX:CIEB,6.2,6.2,6.05,6.2,1722422.0
2022-09-04,EGX:CIEB,6.12,6.2,6.02,6.08,597840.0
2022-09-05,EGX:CIEB,6.1,6.33,6.1,6.2,2036042.0
2022-09-06,EGX:CIEB,6.2,6.35,6.15,6.29,1448838.0
2022-09-07,EGX:CIEB,6.29,6.35,6.2,6.2,295947.0
2022-09-08,EGX:CIEB,6.23,6.68,6.23,6.48,1127872.0
2022-09-11,EGX:CIEB,6.48,6.55,6.4,6.46,261391.0
2022-09-12,EGX:CIEB,6.46,6.62,6.41,6.41,682279.0
2022-09-13,EGX:CIEB,6.47,6.54,6.3,6.33,236914.0
2022-09-14,EGX:CIEB,6.44,6.44,6.15,6.36,282079.0
2022-09-15,EGX:CIEB,6.36,6.49,6.27,6.38,245325.0
2022-09-18,EGX:CIEB,6.38,6.45,6.2,6.35,392772.0
2022-09-19,EGX:CIEB,6.32,6.5,6.21,6.5,254979.0
2022-09-20,EGX:CIEB,6.42,6.52,6.38,6.4,118647.0
2022-09-21,EGX:CIEB,6.41,6.5,6.37,6.37,496276.0
2022-09-22,EGX:CIEB,6.4,6.45,6.3,6.4,947122.0
2022-09-25,EGX:CIEB,6.4,6.45,6.14,6.2,792310.0
2022-09-26,EGX:CIEB,6.2,6.28,6.09,6.09,155290.0
2022-09-27,EGX:CIEB,6.1,6.24,6.05,6.16,91127.0
2022-09-28,EGX:CIEB,6.14,6.18,6.1,6.14,47194.0
2022-09-29,EGX:CIEB,6.14,6.22,6.1,6.1,60458.0
2022-10-02,EGX:CIEB,6.11,6.18,6.1,6.1,26602.0
2022-10-03,EGX:CIEB,6.11,6.17,5.9,5.98,157924.0
2022-10-04,EGX:CIEB,5.98,6.1,5.96,6.09,207607.0
2022-10-05,EGX:CIEB,6.09,6.25,6.09,6.22,122176.0
2022-10-09,EGX:CIEB,6.22,6.3,6.11,6.19,53778.0
2022-10-10,EGX:CIEB,6.17,6.3,6.1,6.1,118208.0
2022-10-11,EGX:CIEB,6.14,6.2,5.9,6.17,17492.0
2022-10-12,EGX:CIEB,6.14,6.17,5.9,5.93,92352.0
2022-10-13,EGX:CIEB,5.94,6.17,5.93,6.0,73553.0
2022-10-16,EGX:CIEB,5.99,6.28,5.95,6.12,686140.0
2022-10-17,EGX:CIEB,6.11,6.42,6.11,6.31,251268.0
2022-10-18,EGX:CIEB,6.36,6.4,6.26,6.38,258571.0
2022-10-19,EGX:CIEB,6.37,6.44,6.3,6.4,301591.0
2022-10-20,EGX:CIEB,6.4,6.43,6.27,6.4,364909.0
2022-10-23,EGX:CIEB,6.42,6.45,6.4,6.4,185309.0
2022-10-24,EGX:CIEB,6.42,6.5,6.4,6.49,459663.0
2022-10-25,EGX:CIEB,6.49,6.73,6.4,6.7,1120058.0
2022-10-26,EGX:CIEB,6.7,6.89,6.55,6.79,229249.0
2022-10-27,EGX:CIEB,6.79,7.0,6.67,6.9,1141085.0
2022-10-30,EGX:CIEB,6.9,7.22,6.8,7.0,2531120.0
2022-10-31,EGX:CIEB,7.05,7.2,6.92,6.92,233195.0
2022-11-01,EGX:CIEB,6.92,7.3,6.92,7.16,1092533.0
2022-11-02,EGX:CIEB,7.13,7.24,6.92,6.94,215895.0
2022-11-03,EGX:CIEB,6.95,7.04,6.9,6.96,115634.0
2022-11-06,EGX:CIEB,7.0,7.03999996,6.8499999,7.01000023,113037.0
2022-11-07,EGX:CIEB,7.01,7.24,6.91,7.24,737546.0
2022-11-08,EGX:CIEB,7.14,7.25,7.03,7.2,375737.0
2022-11-09,EGX:CIEB,7.09,7.22,7.03,7.13,46566.0
2022-11-10,EGX:CIEB,7.13,7.7,7.07,7.62,1694890.0
2022-11-13,EGX:CIEB,7.62,7.87,7.6,7.66,217467.0
2022-11-14,EGX:CIEB,7.66,7.9,7.6,7.71,541002.0
2022-11-15,EGX:CIEB,7.71,7.88,7.71,7.85,684610.0
2022-11-16,EGX:CIEB,7.85,7.93,7.74,7.88,2908020.0
2022-11-17,EGX:CIEB,7.88,7.92,7.77,7.85,943633.0
2022-11-20,EGX:CIEB,7.87,8.15,7.87,8.0,820284.0
2022-11-21,EGX:CIEB,8.07,8.15,7.95,7.99,2628752.0
2022-11-22,EGX:CIEB,7.99,8.09,7.71,7.99,326561.0
2022-11-23,EGX:CIEB,7.99,8.06,7.9,8.0,99949.0
2022-11-24,EGX:CIEB,7.99,8.04,7.9,8.0,1098620.0
2022-11-27,EGX:CIEB,8.0,8.05,7.87,7.91,246415.0
2022-11-28,EGX:CIEB,7.91,7.98,7.8,7.82,218230.0
2022-11-29,EGX:CIEB,7.84,8.4,7.8,8.270001,904408.0
2022-11-30,EGX:CIEB,8.270001,8.55,8.24,8.5,725885.0
2022-12-01,EGX:CIEB,8.5,8.6,8.37,8.48,141820.0
2022-12-04,EGX:CIEB,8.48,8.7,8.47,8.59,204400.0
2022-12-05,EGX:CIEB,8.58,8.99,8.5,8.6,2065235.0
2022-12-06,EGX:CIEB,8.68,8.8,8.41,8.55,1497031.0
2022-12-07,EGX:CIEB,8.55,8.99,8.55,8.66,1708480.0
2022-12-08,EGX:CIEB,8.66,8.8,8.35,8.6,540809.0
2022-12-11,EGX:CIEB,8.6,8.7,8.21,8.4,474775.0
2022-12-12,EGX:CIEB,8.28,8.62,8.21,8.54,475074.0
2022-12-13,EGX:CIEB,8.55,9.03,8.51,8.94,1358410.0
2022-12-14,EGX:CIEB,8.94,9.07,8.7,8.7,1924787.0
2022-12-15,EGX:CIEB,8.84,8.99,8.6,8.63,795110.0
2022-12-18,EGX:CIEB,8.63,8.79,8.39,8.5,289231.0
2022-12-19,EGX:CIEB,8.5,8.74,8.42,8.520001,314893.0
2022-12-20,EGX:CIEB,8.56,8.68,8.4,8.4,465902.0
2022-12-21,EGX:CIEB,8.42,8.7,8.31,8.55,185968.0
2022-12-22,EGX:CIEB,8.55,8.75,8.55,8.65,372313.0
2022-12-25,EGX:CIEB,8.65,8.68,8.5,8.53,530051.0
2022-12-26,EGX:CIEB,8.53,8.73,8.4,8.7,197791.0
2022-12-27,EGX:CIEB,8.7,8.85,8.49,8.65,755573.0
2022-12-28,EGX:CIEB,8.5,8.82,8.5,8.69,171390.0
2022-12-29,EGX:CIEB,8.54,8.75,8.43,8.46,153310.0
2023-01-02,EGX:CIEB,8.46,8.68,8.46,8.6,200862.0
2023-01-03,EGX:CIEB,8.6,8.84,8.520001,8.71,461604.0
2023-01-04,EGX:CIEB,8.71,9.1,8.31,8.75,3584281.0
2023-01-05,EGX:CIEB,8.75,9.5,8.75,9.45,2576082.0
2023-01-09,EGX:CIEB,9.45,10.1,9.45,9.8,1309169.0
2023-01-10,EGX:CIEB,9.8,9.98,9.22,9.43,961434.0
2023-01-11,EGX:CIEB,9.43,10.0,9.01,9.29,1286010.0
2023-01-12,EGX:CIEB,9.25,9.49,8.81,9.020001,927135.0
2023-01-15,EGX:CIEB,9.020001,9.38,8.9,9.3,710498.0
2023-01-16,EGX:CIEB,9.21,9.63,9.21,9.42,818213.0
2023-01-17,EGX:CIEB,9.46,9.58,9.31,9.4,826000.0
2023-01-18,EGX:CIEB,9.34,9.47,8.96,9.0,971420.0
2023-01-19,EGX:CIEB,9.0,9.28,8.9,8.91,987059.0
2023-01-22,EGX:CIEB,8.98,9.21,8.91,8.94,175867.0
2023-01-23,EGX:CIEB,8.94,9.13,8.91,8.99,842086.0
2023-01-24,EGX:CIEB,8.99,9.24,8.99,9.17,2490488.0
2023-01-25,EGX:CIEB,9.17,10.14,9.17,10.0,4965342.0
2023-01-29,EGX:CIEB,10.0,10.78,10.0,10.64,3934277.0
2023-01-30,EGX:CIEB,10.64,11.5,10.5,10.58,3998405.0
2023-01-31,EGX:CIEB,10.58,10.78,8.8,9.81,1112264.0
2023-02-01,EGX:CIEB,9.81,10.28,9.62,9.68,1512145.0
2023-02-02,EGX:CIEB,9.68,10.03,9.6,9.8,1406855.0
2023-02-05,EGX:CIEB,9.8,10.08,9.11,9.86,838854.0
2023-02-06,EGX:CIEB,9.86,10.04,9.75,9.75,1340738.0
2023-02-07,EGX:CIEB,9.75,10.2,9.75,10.03,1343305.0
2023-02-08,EGX:CIEB,10.03,10.47,9.84,10.1,811901.0
2023-02-09,EGX:CIEB,10.09,10.64,10.09,10.6,2309971.0
2023-02-12,EGX:CIEB,10.6,10.8,10.16,10.31,371904.0
2023-02-13,EGX:CIEB,10.31,10.5,9.56,9.9,2860583.0
2023-02-14,EGX:CIEB,9.84,10.4,9.84,10.4,1984214.0
2023-02-15,EGX:CIEB,10.32,11.04,10.32,10.98,4925164.0
2023-02-16,EGX:CIEB,10.98,11.08,10.51,10.94,1583668.0
2023-02-19,EGX:CIEB,10.85,11.05,10.56,10.74,742570.0
2023-02-20,EGX:CIEB,10.74,10.85,10.16,10.26,495948.0
2023-02-21,EGX:CIEB,10.26,10.46,10.1,10.37,562104.0
2023-02-22,EGX:CIEB,10.37,10.44,9.86,9.93,444749.0
2023-02-23,EGX:CIEB,9.93,10.3,9.9,10.03,600949.0
2023-02-26,EGX:CIEB,10.03,10.2,9.97,10.0,789865.0
2023-02-27,EGX:CIEB,9.99,10.4,9.99,10.2,865414.0
2023-02-28,EGX:CIEB,10.2,10.49,10.2,10.35,1591904.0
2023-03-01,EGX:CIEB,10.31,10.52,10.31,10.4,859649.0
2023-03-02,EGX:CIEB,10.4,10.56,9.96,10.12,1752964.0
2023-03-05,EGX:CIEB,10.12,10.23,10.0,10.2,589843.0
2023-03-06,EGX:CIEB,10.12,10.3,10.01,10.07,650016.0
2023-03-07,EGX:CIEB,10.07,10.15,9.8,9.85,397335.0
2023-03-08,EGX:CIEB,9.85,9.95,9.62,9.770001,399141.0
2023-03-09,EGX:CIEB,9.770001,9.93,9.71,9.9,478121.0
2023-03-12,EGX:CIEB,9.9,9.9,9.12,9.33,433483.0
2023-03-13,EGX:CIEB,9.270001,9.5,8.11,8.48,1133920.0
2023-03-14,EGX:CIEB,8.48,8.79,8.020001,8.72,621386.0
2023-03-15,EGX:CIEB,8.72,8.95,7.85,7.9,664577.0
2023-03-16,EGX:CIEB,8.0,8.76,7.8,8.76,531155.0
2023-03-19,EGX:CIEB,8.37,8.75,8.12,8.68,336075.0
2023-03-20,EGX:CIEB,8.68,8.85,8.4,8.57,650826.0
2023-03-21,EGX:CIEB,8.57,8.8,8.55,8.66,581265.0
2023-03-22,EGX:CIEB,8.66,8.83,8.5,8.5,980131.0
2023-03-23,EGX:CIEB,8.5,9.0,8.46,8.96,557139.0
2023-03-26,EGX:CIEB,8.96,9.1,8.75,8.89,654660.0
2023-03-27,EGX:CIEB,8.91,8.91,8.0,8.38,3787133.0
2023-03-28,EGX:CIEB,8.38,8.54,8.1,8.26,474699.0
2023-03-29,EGX:CIEB,8.26,8.51,8.21,8.47,1232210.0
2023-03-30,EGX:CIEB,8.47,9.5,8.25,8.49,1516371.0
2023-04-02,EGX:CIEB,8.49,8.65,8.49,8.54,426675.0
2023-04-03,EGX:CIEB,8.54,8.99,8.54,8.89,758118.0
2023-04-04,EGX:CIEB,8.89,9.39,8.89,9.3,1641232.0
2023-04-05,EGX:CIEB,9.3,9.57,9.3,9.51,2241561.0
2023-04-06,EGX:CIEB,9.51,9.61,9.45,9.45,2008106.0
2023-04-09,EGX:CIEB,9.5,9.5,9.01,9.2,963053.0
2023-04-10,EGX:CIEB,9.2,9.35,9.2,9.24,553367.0
2023-04-11,EGX:CIEB,9.24,9.39,9.19,9.22,422285.0
2023-04-12,EGX:CIEB,9.22,9.39,9.21,9.35,690813.0
2023-04-13,EGX:CIEB,9.35,9.4,9.22,9.39,626275.0
2023-04-18,EGX:CIEB,9.39,10.23,9.39,10.02,2451163.0
2023-04-19,EGX:CIEB,10.02,10.1,9.8,9.98,656709.0
2023-04-26,EGX:CIEB,9.98,10.09,9.82,10.0,1055879.0
2023-04-27,EGX:CIEB,9.99,10.33,9.95,10.18,621568.0
2023-04-30,EGX:CIEB,10.18,10.45,10.1,10.3,917561.0
2023-05-01,EGX:CIEB,10.3,10.31,10.1,10.28,666059.0
2023-05-02,EGX:CIEB,10.28,10.69,10.0,10.38,1549776.0
2023-05-03,EGX:CIEB,10.38,10.5,10.15,10.5,514100.0
2023-05-07,EGX:CIEB,10.5,10.5,10.02,10.27,266787.0
2023-05-08,EGX:CIEB,10.31,10.5,10.1,10.3,539796.0
2023-05-09,EGX:CIEB,10.36,10.48,9.91,9.97,398864.0
2023-05-10,EGX:CIEB,9.97,10.15,9.83,9.9,979803.0
2023-05-11,EGX:CIEB,9.92,10.2,9.87,10.2,737203.0
2023-05-14,EGX:CIEB,10.2,11.39,10.01,11.33,3881646.0
2023-05-15,EGX:CIEB,11.33,12.3,11.22,12.27,3916386.0
2023-05-16,EGX:CIEB,12.27,12.3,11.68,12.0,1380721.0
2023-05-17,EGX:CIEB,12.0,12.14,11.68,11.7,716876.0
2023-05-18,EGX:CIEB,11.7,11.97,11.43,11.89,763756.0
2023-05-21,EGX:CIEB,11.89,12.05,11.7,11.75,452320.0
2023-05-22,EGX:CIEB,11.75,11.94,11.6,11.8,350685.0
2023-05-23,EGX:CIEB,11.8,11.84,11.55,11.65,242041.0
2023-05-24,EGX:CIEB,11.65,12.12,11.57,11.93,321945.0
2023-05-25,EGX:CIEB,11.93,12.77,11.93,12.61,1778259.0
2023-05-28,EGX:CIEB,12.61,13.25,12.61,13.21,887846.0
2023-05-29,EGX:CIEB,13.21,13.49,13.01,13.11,586474.0
2023-05-30,EGX:CIEB,13.11,13.35,13.03,13.2,447055.0
2023-05-31,EGX:CIEB,13.2,13.43,13.05,13.15,521620.0
2023-06-01,EGX:CIEB,13.22,13.79,13.15,13.3,2189505.0
2023-06-04,EGX:CIEB,13.3,13.6,13.3,13.33,407479.0
2023-06-05,EGX:CIEB,13.33,13.49,13.11,13.11,179160.0
2023-06-06,EGX:CIEB,13.12,13.35,12.68,12.96,417157.0
2023-06-07,EGX:CIEB,12.96,13.1,12.9,13.0,1008192.0
2023-06-08,EGX:CIEB,13.0,13.05,12.7,13.04,567077.0
2023-06-11,EGX:CIEB,13.0,13.3,13.0,13.04,41564.0
2023-06-12,EGX:CIEB,13.04,13.61,13.04,13.4,144849.0
2023-06-13,EGX:CIEB,13.42,13.5,12.95,13.35,268040.0
2023-06-14,EGX:CIEB,13.35,13.35,13.0,13.0,92578.0
2023-06-15,EGX:CIEB,13.02,13.85,12.93,13.84,393425.0
2023-06-18,EGX:CIEB,13.84,14.5,13.16,13.85,1200946.0
2023-06-19,EGX:CIEB,13.85,15.0,13.73,13.92,1698345.0
2023-06-20,EGX:CIEB,14.07,15.4,13.92,14.79,1095315.0
2023-06-21,EGX:CIEB,14.79,14.99,14.15,14.31,159566.0
2023-06-22,EGX:CIEB,14.31,14.66,14.0,14.5,633432.0
2023-06-25,EGX:CIEB,14.44,14.6,13.9,13.96,741311.0
2023-06-26,EGX:CIEB,13.96,14.35,13.7,14.3,745036.0
2023-07-04,EGX:CIEB,14.3,14.44,14.01,14.38,962951.0
2023-07-05,EGX:CIEB,14.38,14.5,14.0,14.08,730134.0
2023-07-06,EGX:CIEB,14.08,14.38,13.73,13.8,64788.0
2023-07-09,EGX:CIEB,13.85,13.9,13.0,13.3,34800.0
2023-07-10,EGX:CIEB,13.51,13.51,12.81,13.15,1417260.0
2023-07-11,EGX:CIEB,13.15,13.9,13.15,13.61,85269.0
2023-07-12,EGX:CIEB,13.61,13.9,13.32,13.59,27687.0
2023-07-13,EGX:CIEB,13.63,14.0,13.59,13.79,485504.0
2023-07-16,EGX:CIEB,13.79,13.99,13.6,13.66,35395.0
2023-07-17,EGX:CIEB,13.67,13.9,13.15,13.4,123178.0
2023-07-18,EGX:CIEB,13.4,13.55,13.25,13.41,135850.0
2023-07-19,EGX:CIEB,13.41,13.65,13.3,13.32,34281.0
2023-07-24,EGX:CIEB,13.34,13.99,13.3,13.99,255801.0
2023-07-25,EGX:CIEB,13.99,14.05,13.5,13.5,168582.0
2023-07-26,EGX:CIEB,13.52,13.72,13.5,13.55,1021126.0
2023-07-27,EGX:CIEB,13.55,13.68,13.3,13.5,132158.0
2023-07-30,EGX:CIEB,13.5,13.9,13.5,13.9,301027.0
2023-07-31,EGX:CIEB,13.9,13.98,13.66,13.8,94996.0
2023-08-01,EGX:CIEB,13.86,13.98,13.61,13.9,135823.0
2023-08-02,EGX:CIEB,13.9,14.24,13.66,13.66,415225.0
2023-08-03,EGX:CIEB,13.83,13.99,13.68,13.84,36355.0
2023-08-06,EGX:CIEB,13.76,13.96,13.4,13.59,763234.0
2023-08-07,EGX:CIEB,13.59,14.25,13.5,14.2,2398670.0
2023-08-08,EGX:CIEB,14.2,14.43,13.85,14.39,157603.0
2023-08-09,EGX:CIEB,14.39,14.73,14.25,14.34,362994.0
2023-08-10,EGX:CIEB,14.34,14.5,14.0,14.01,299369.0
2023-08-13,EGX:CIEB,14.01,14.35,14.01,14.07,147885.0
2023-08-14,EGX:CIEB,14.12,14.45,14.1,14.25,487830.0
2023-08-15,EGX:CIEB,14.25,14.85,14.17,14.78,2281195.0
2023-08-16,EGX:CIEB,14.78,14.83,14.6,14.62,154943.0
2023-08-17,EGX:CIEB,14.73,14.8,14.51,14.8,592542.0
2023-08-20,EGX:CIEB,14.8,14.8,14.6,14.77,32314.0
2023-08-21,EGX:CIEB,14.77,14.9,14.41,14.6,44374.0
2023-08-22,EGX:CIEB,14.6,14.7,14.25,14.52,62389.0
2023-08-23,EGX:CIEB,14.52,14.6,14.44,14.59,97231.0
2023-08-24,EGX:CIEB,14.56,14.71,14.5,14.67,68879.0
2023-08-27,EGX:CIEB,14.67,15.25,14.57,15.25,234710.0
2023-08-28,EGX:CIEB,15.25,15.69,15.0,15.32,305855.0
2023-08-29,EGX:CIEB,15.43,15.75,15.25,15.62,218832.0
2023-08-30,EGX:CIEB,15.67,15.8,15.51,15.7,150849.0
2023-08-31,EGX:CIEB,15.7,15.9,15.35,15.42,121760.0
2023-09-03,EGX:CIEB,15.42,15.69,15.42,15.57,98057.0
2023-09-04,EGX:CIEB,15.5,15.71,15.35,15.35,96117.0
2023-09-05,EGX:CIEB,15.44,15.68,15.34,15.36,121295.0
2023-09-06,EGX:CIEB,15.36,15.49,15.0,15.05,169564.0
2023-09-07,EGX:CIEB,15.05,15.39,15.0,15.12,1130685.0
2023-09-10,EGX:CIEB,15.12,15.2,14.95,15.02,1280026.0
2023-09-11,EGX:CIEB,15.02,15.15,14.9,14.98,1077517.0
2023-09-12,EGX:CIEB,14.92,15.1,14.88,14.97,27224.0
2023-09-13,EGX:CIEB,14.92,15.0,14.87,15.0,194974.0
2023-09-14,EGX:CIEB,14.96,15.1,14.9,14.9,342781.0
2023-09-17,EGX:CIEB,14.92,15.25,14.92,15.11,117782.0
2023-09-18,EGX:CIEB,15.16,15.24,15.0,15.0,187873.0
2023-09-19,EGX:CIEB,15.02,15.25,15.0,15.04,582453.0
2023-09-20,EGX:CIEB,15.04,15.2,14.4,14.5,335536.0
2023-09-21,EGX:CIEB,14.5,14.95,14.5,14.74,139128.0
2023-09-24,EGX:CIEB,14.74,15.0,14.61,14.77,38335.0
2023-09-25,EGX:CIEB,14.77,15.1,14.65,14.97,270601.0
2023-09-26,EGX:CIEB,14.97,15.57,14.85,15.3,1276598.0
2023-09-27,EGX:CIEB,15.3,15.87,15.0,15.5,391847.0
2023-10-01,EGX:CIEB,15.5,15.6,15.11,15.26,139381.0
2023-10-02,EGX:CIEB,15.26,15.55,14.5,15.0,259002.0
2023-10-03,EGX:CIEB,14.76,15.45,14.0,14.21,276271.0
2023-10-04,EGX:CIEB,14.21,15.0,14.1,14.95,455819.0
2023-10-08,EGX:CIEB,14.95,14.95,13.69,14.5,289254.0
2023-10-09,EGX:CIEB,14.28,14.7,13.91,14.15,718917.0
2023-10-10,EGX:CIEB,14.15,14.8,14.05,14.8,225956.0
2023-10-11,EGX:CIEB,14.8,15.2,14.5,15.2,450915.0
2023-10-12,EGX:CIEB,15.16,15.47,14.62,15.47,442987.0
2023-10-15,EGX:CIEB,15.39,16.15,15.39,15.71,434734.0
2023-10-16,EGX:CIEB,15.71,17.1,15.6,16.610001,1362173.0
2023-10-17,EGX:CIEB,16.76,17.99,16.6,17.9,1143693.0
2023-10-18,EGX:CIEB,17.9,18.190001,17.200001,17.200001,1011548.0
2023-10-19,EGX:CIEB,17.440001,17.440001,16.719999,16.85,1400210.0
2023-10-22,EGX:CIEB,16.85,17.75,16.780001,17.049999,212090.0
2023-10-23,EGX:CIEB,17.049999,17.85,17.049999,17.629999,481187.0
2023-10-24,EGX:CIEB,17.629999,18.25,17.51,17.74,260667.0
2023-10-25,EGX:CIEB,17.74,19.01,17.559999,18.950001,792449.0
2023-10-26,EGX:CIEB,18.950001,19.969999,17.85,18.969999,1778328.0
2023-10-29,EGX:CIEB,18.799999,19.280001,18.0,18.84,273633.0
2023-10-30,EGX:CIEB,19.01,19.01,18.41,18.74,419342.0
2023-10-31,EGX:CIEB,18.450001,18.74,18.200001,18.559999,1064584.0
2023-11-01,EGX:CIEB,18.34,18.690001,18.209999,18.23,732892.0
2023-11-02,EGX:CIEB,18.49,18.68,18.209999,18.309999,95946.0
2023-11-05,EGX:CIEB,18.309999,18.66,18.299999,18.4,89393.0
2023-11-06,EGX:CIEB,18.450001,18.700001,18.370001,18.4,237484.0
2023-11-07,EGX:CIEB,18.459999,20.219999,18.4,19.5,324970.0
2023-11-08,EGX:CIEB,19.66,21.4,19.370001,21.059999,336396.0
2023-11-09,EGX:CIEB,21.059999,21.809999,19.85,20.5,2514968.0
2023-11-12,EGX:CIEB,20.5,21.5,20.5,21.25,248849.0
2023-11-13,EGX:CIEB,21.16,21.49,20.9,20.9,98065.0
2023-11-14,EGX:CIEB,21.030001,21.459999,19.82,19.92,535561.0
2023-11-15,EGX:CIEB,19.92,20.25,19.92,20.219999,492858.0
2023-11-16,EGX:CIEB,20.219999,21.0,20.209999,20.5,810504.0
2023-11-19,EGX:CIEB,20.5,20.9,20.32,20.85,241232.0
2023-11-20,EGX:CIEB,20.85,21.24,20.32,20.65,262436.0
2023-11-21,EGX:CIEB,20.4,20.690001,20.08,20.4,351887.0
2023-11-22,EGX:CIEB,20.4,20.51,20.190001,20.48,245253.0
2023-11-23,EGX:CIEB,20.48,21.99,20.42,21.75,629750.0
2023-11-26,EGX:CIEB,21.75,22.1,21.42,22.0,354238.0
2023-11-27,EGX:CIEB,22.030001,22.99,21.9,22.0,931235.0
2023-11-28,EGX:CIEB,22.0,22.450001,20.700001,20.73,370120.0
2023-11-29,EGX:CIEB,20.73,21.120001,20.34,20.690001,529374.0
2023-11-30,EGX:CIEB,20.690001,21.030001,20.51,20.99,193948.0
2023-12-03,EGX:CIEB,20.99,21.74,20.6,20.99,314202.0
2023-12-04,EGX:CIEB,20.99,21.17,20.549999,20.99,596840.0
2023-12-05,EGX:CIEB,20.99,21.25,20.35,20.5,341992.0
2023-12-06,EGX:CIEB,20.5,20.83,20.299999,20.5,296930.0
2023-12-07,EGX:CIEB,20.49,20.73,19.91,20.73,355400.0
2023-12-10,EGX:CIEB,20.73,20.75,20.26,20.4,81816.0
2023-12-11,EGX:CIEB,20.49,20.49,19.860001,20.290001,1173558.0
2023-12-12,EGX:CIEB,20.1,20.700001,20.049999,20.209999,457629.0
2023-12-13,EGX:CIEB,20.309999,20.5,20.07,20.280001,329321.0
2023-12-14,EGX:CIEB,20.280001,21.25,20.139999,21.0,364308.0
2023-12-17,EGX:CIEB,21.0,21.700001,21.0,21.67,247762.0
2023-12-18,EGX:CIEB,21.67,22.799999,21.290001,22.02,500341.0
2023-12-19,EGX:CIEB,22.02,22.290001,21.5,21.82,325442.0
2023-12-20,EGX:CIEB,21.82,22.200001,21.1,21.200001,171368.0
2023-12-21,EGX:CIEB,21.200001,21.9,20.0,20.0,504068.0
2023-12-24,EGX:CIEB,20.0,20.700001,19.860001,19.889999,5264944.0
2023-12-25,EGX:CIEB,19.889999,20.0,19.200001,19.629999,350845.0
2023-12-26,EGX:CIEB,19.629999,19.99,19.01,19.5,1120335.0
2023-12-27,EGX:CIEB,19.5,20.709999,19.309999,19.540001,665139.0
2023-12-28,EGX:CIEB,19.540001,20.889999,19.540001,20.76,259245.0
2023-12-31,EGX:CIEB,20.76,22.0,20.26,22.0,253453.0
2024-01-02,EGX:CIEB,22.0,22.4,21.549999,22.09,247901.0
2024-01-03,EGX:CIEB,21.950001,22.450001,21.809999,21.9,85041.0
2024-01-04,EGX:CIEB,22.01,22.26,21.309999,21.700001,327020.0
2024-01-08,EGX:CIEB,21.610001,21.99,21.5,21.51,246651.0
2024-01-09,EGX:CIEB,21.51,21.74,21.48,21.52,189051.0
2024-01-10,EGX:CIEB,21.52,21.799999,21.450001,21.6,464807.0
2024-01-11,EGX:CIEB,21.74,21.91,21.57,21.84,326179.0
2024-01-14,EGX:CIEB,21.84,23.290001,21.84,23.24,591694.0
2024-01-15,EGX:CIEB,23.24,24.1,22.299999,24.049999,441950.0
2024-01-16,EGX:CIEB,24.049999,25.01,23.9,25.01,373849.0
2024-01-17,EGX:CIEB,25.01,25.35,24.1,24.51,341932.0
2024-01-18,EGX:CIEB,24.51,26.0,24.1,25.99,189152.0
2024-01-21,EGX:CIEB,25.99,27.0,25.9,26.709999,152033.0
2024-01-22,EGX:CIEB,26.709999,27.5,26.26,27.389999,228408.0
2024-01-23,EGX:CIEB,27.389999,27.9,26.27,27.459999,141039.0
2024-01-24,EGX:CIEB,27.459999,29.0,26.799999,27.940001,372457.0
2024-01-28,EGX:CIEB,27.98,31.969999,27.540001,29.200001,396197.0
2024-01-29,EGX:CIEB,28.48,29.299999,26.940001,27.4,1043453.0
2024-01-30,EGX:CIEB,27.4,28.299999,24.99,28.0,3021743.0
2024-01-31,EGX:CIEB,28.0,29.0,23.799999,24.0,2747555.0
2024-02-01,EGX:CIEB,24.0,25.0,21.0,24.799999,1504020.0
2024-02-04,EGX:CIEB,24.799999,25.1,23.559999,24.360001,392491.0
2024-02-05,EGX:CIEB,24.360001,25.59,24.360001,25.5,927427.0
2024-02-06,EGX:CIEB,25.5,26.889999,25.059999,25.51,2105460.0
2024-02-07,EGX:CIEB,25.51,26.4,25.42,25.99,227339.0
2024-02-08,EGX:CIEB,25.99,26.5,25.77,26.26,224503.0
2024-02-11,EGX:CIEB,26.26,26.5,25.969999,26.07,395907.0
2024-02-12,EGX:CIEB,26.07,26.99,23.01,26.719999,433079.0
2024-02-13,EGX:CIEB,26.719999,27.0,26.65,26.74,216875.0
2024-02-14,EGX:CIEB,26.790001,27.5,26.790001,26.9,280941.0
2024-02-15,EGX:CIEB,26.860001,27.0,26.809999,26.91,427091.0
2024-02-18,EGX:CIEB,26.91,26.99,26.58,26.67,110072.0
2024-02-19,EGX:CIEB,26.719999,27.0,26.09,26.16,365976.0
2024-02-20,EGX:CIEB,26.25,27.0,26.16,26.43,4603544.0
2024-02-21,EGX:CIEB,26.43,26.9,26.26,26.4,414390.0
2024-02-22,EGX:CIEB,26.4,26.5,25.26,25.799999,395865.0
2024-02-25,EGX:CIEB,25.76,25.76,21.75,23.51,2327481.0
2024-02-26,EGX:CIEB,23.51,24.639999,23.5,24.15,509731.0
2024-02-27,EGX:CIEB,24.24,25.200001,23.66,23.879999,461526.0
2024-02-28,EGX:CIEB,23.879999,24.4,23.700001,23.93,563326.0
2024-02-29,EGX:CIEB,23.93,24.280001,23.01,23.33,640308.0
2024-03-03,EGX:CIEB,23.33,23.92,23.0,23.200001,375465.0
2024-03-04,EGX:CIEB,23.200001,24.76,23.15,24.26,304863.0
2024-03-05,EGX:CIEB,24.26,26.0,24.26,24.950001,768368.0
2024-03-06,EGX:CIEB,24.59,29.5,24.59,26.0,3422190.0
2024-03-07,EGX:CIEB,26.0,27.5,25.799999,26.450001,2140523.0
2024-03-10,EGX:CIEB,26.450001,27.469999,26.0,26.4,4103164.0
2024-03-11,EGX:CIEB,26.4,28.790001,26.4,27.0,3092326.0
2024-03-12,EGX:CIEB,27.0,27.940001,26.07,26.389999,1560937.0
2024-03-13,EGX:CIEB,26.389999,26.9,24.0,25.790001,652323.0
2024-03-14,EGX:CIEB,25.790001,25.790001,23.82,25.620001,524217.0
2024-03-17,EGX:CIEB,25.620001,25.620001,24.059999,24.370001,576512.0
2024-03-18,EGX:CIEB,24.370001,24.379999,20.780001,22.26,836394.0
2024-03-19,EGX:CIEB,22.26,22.26,21.01,21.98,541246.0
2024-03-20,EGX:CIEB,21.98,23.49,21.98,23.0,433331.0
2024-03-21,EGX:CIEB,23.0,23.5,22.1,23.25,539576.0
2024-03-24,EGX:CIEB,22.82,23.65,22.82,23.620001,1314564.0
2024-03-25,EGX:CIEB,23.6,23.9,22.309999,23.33,397653.0
2024-03-26,EGX:CIEB,23.33,23.77,22.0,22.0,851390.0
2024-03-27,EGX:CIEB,22.0,22.0,20.6,21.0,1389268.0
2024-03-28,EGX:CIEB,21.0,21.68,20.5,20.700001,718532.0
2024-03-31,EGX:CIEB,20.700001,21.0,19.25,19.4,1005578.0
2024-04-01,EGX:CIEB,19.4,20.43,19.4,20.35,443209.0
2024-04-02,EGX:CIEB,20.35,20.950001,19.879999,20.059999,292675.0
2024-04-03,EGX:CIEB,20.059999,20.4,19.67,20.200001,494597.0
2024-04-04,EGX:CIEB,20.200001,20.889999,20.200001,20.5,635203.0
2024-04-07,EGX:CIEB,20.559999,21.0,20.5,20.5,347337.0
2024-04-08,EGX:CIEB,20.5,20.93,20.5,20.73,177314.0
2024-04-15,EGX:CIEB,20.73,22.700001,20.209999,21.91,1314915.0
2024-04-16,EGX:CIEB,21.91,22.440001,21.6,21.879999,2367822.0
2024-04-17,EGX:CIEB,21.879999,22.48,21.83,21.969999,575361.0
2024-04-18,EGX:CIEB,21.969999,22.200001,19.52,21.139999,592268.0
2024-04-21,EGX:CIEB,21.14,22.1,21.0,21.5,1102383.0
2024-04-22,EGX:CIEB,21.5,21.5,20.12,20.49,674133.0
2024-04-23,EGX:CIEB,20.49,20.549999,18.450001,18.6,2190478.0
2024-04-24,EGX:CIEB,18.6,19.0,18.459999,18.700001,3749667.0
2024-04-28,EGX:CIEB,18.700001,18.889999,17.17,17.85,179424.0
2024-04-29,EGX:CIEB,17.67,18.75,17.200001,18.690001,125887.0
2024-04-30,EGX:CIEB,18.620001,19.059999,17.549999,17.860001,858233.0
2024-05-01,EGX:CIEB,17.860001,18.65,17.76,18.49,551076.0
2024-05-02,EGX:CIEB,18.49,19.65,18.49,19.51,182494.0
2024-05-07,EGX:CIEB,19.51,20.59,19.07,20.48,423912.0
2024-05-08,EGX:CIEB,20.48,21.1,20.0,20.040001,315766.0
2024-05-09,EGX:CIEB,20.040001,21.08,20.0,20.700001,872956.0
2024-05-12,EGX:CIEB,20.700001,20.99,19.25,19.59,83039.0
2024-05-13,EGX:CIEB,19.59,20.0,18.76,20.0,157632.0
2024-05-14,EGX:CIEB,19.959999,20.1,19.5,19.52,238657.0
2024-05-15,EGX:CIEB,19.52,19.91,19.07,19.5,48486.0
2024-05-16,EGX:CIEB,19.450001,19.9,19.209999,19.76,64598.0
2024-05-19,EGX:CIEB,19.799999,20.950001,19.6,20.139999,2757733.0
2024-05-20,EGX:CIEB,20.139999,20.379999,19.809999,19.98,311999.0
2024-05-21,EGX:CIEB,19.98,20.4,19.4,19.5,3054806.0
2024-05-22,EGX:CIEB,19.5,19.85,19.41,19.57,144296.0
2024-05-23,EGX:CIEB,19.57,19.889999,19.41,19.5,152298.0
2024-05-26,EGX:CIEB,19.5,19.799999,19.200001,19.389999,422317.0
2024-05-27,EGX:CIEB,19.389999,19.629999,19.08,19.35,224698.0
2024-05-28,EGX:CIEB,19.09,19.4,18.9,18.99,822535.0
2024-05-29,EGX:CIEB,18.9,19.139999,18.9,19.0,111685.0
2024-05-30,EGX:CIEB,19.02,19.5,18.9,19.0,620268.0
2024-06-02,EGX:CIEB,19.0,19.6,18.94,19.18,142719.0
2024-06-03,EGX:CIEB,19.01,19.59,19.0,19.04,114799.0
2024-06-04,EGX:CIEB,19.04,19.6,19.02,19.31,154254.0
2024-06-05,EGX:CIEB,19.2,19.3,18.9,18.95,141282.0
2024-06-06,EGX:CIEB,18.97,19.29,18.96,19.0,96781.0
2024-06-09,EGX:CIEB,19.0,19.2,17.54,17.61,383625.0
2024-06-10,EGX:CIEB,17.7,18.05,17.6,17.83,334200.0
2024-06-11,EGX:CIEB,17.87,18.58,17.87,17.97,284018.0
2024-06-12,EGX:CIEB,17.98,18.4,17.8,18.32,106192.0
2024-06-13,EGX:CIEB,18.01,18.65,18.0,18.5,437129.0
2024-06-23,EGX:CIEB,18.9,19.16,18.8,19.01,1005705.0
2024-06-24,EGX:CIEB,18.93,19.0,18.85,18.95,171388.0
2024-06-25,EGX:CIEB,18.85,19.0,18.18,18.51,374500.0
2024-06-26,EGX:CIEB,18.9,19.1,18.51,18.64,2830468.0
2024-06-27,EGX:CIEB,18.95,18.99,18.67,18.69,288593.0
2024-07-01,EGX:CIEB,19.0,19.1,18.8,18.98,3758988.0
2024-07-02,EGX:CIEB,19.0,19.0,18.7,18.83,1818119.0
2024-07-03,EGX:CIEB,18.9,18.97,18.84,18.92,844694.0
2024-07-04,EGX:CIEB,18.91,19.1,18.84,18.85,2380290.0
2024-07-07,EGX:CIEB,18.98,19.1,18.8,18.84,4898927.0
2024-07-08,EGX:CIEB,18.98,20.1,18.8,19.53,26692903.0
2024-07-09,EGX:CIEB,19.46,19.67,19.3,19.32,2146111.0
2024-07-10,EGX:CIEB,19.46,19.55,19.21,19.25,1983576.0
2024-07-14,EGX:CIEB,19.27,19.35,19.0,19.2,1180882.0
2024-07-15,EGX:CIEB,19.06,19.19,19.0,19.06,2024889.0
2024-07-16,EGX:CIEB,19.06,19.1,18.85,18.86,1055285.0
2024-07-17,EGX:CIEB,18.92,19.23,18.8,19.16,2205217.0
2024-07-18,EGX:CIEB,19.5,20.1,19.37,19.5,3834253.0
2024-07-21,EGX:CIEB,19.5,19.8,19.34,19.52,906028.0
2024-07-22,EGX:CIEB,19.87,19.9,19.66,19.82,1161503.0
2024-07-23,EGX:CIEB,20.5,20.89,20.22,20.28,2201656.0
2024-07-24,EGX:CIEB,20.29,20.63,20.18,20.42,695606.0
2024-07-28,EGX:CIEB,20.5,20.5,19.86,19.9,259968.0
2024-07-29,EGX:CIEB,20.17,20.4,19.95,20.0,410856.0
2024-07-30,EGX:CIEB,20.69,21.0,20.51,20.96,2182703.0
2024-07-31,EGX:CIEB,20.88,20.96,20.6,20.6,662579.0
2024-08-01,EGX:CIEB,20.6,20.82,20.31,20.31,2240145.0
2024-08-04,EGX:CIEB,19.7,20.0,19.57,20.0,1017222.0
2024-08-05,EGX:CIEB,19.27,19.68,18.57,19.52,802674.0
2024-08-06,EGX:CIEB,19.8,19.8,19.51,19.65,343860.0
2024-08-07,EGX:CIEB,20.19,20.3,19.95,20.2,1460584.0
2024-08-08,EGX:CIEB,20.21,20.37,20.02,20.34,421283.0
2024-08-11,EGX:CIEB,20.46,20.72,20.25,20.6,667769.0
2024-08-12,EGX:CIEB,20.49,20.62,20.33,20.4,1126979.0
2024-08-13,EGX:CIEB,20.49,20.58,20.3,20.4,455239.0
2024-08-14,EGX:CIEB,20.41,20.63,20.16,20.58,1174686.0
2024-08-15,EGX:CIEB,20.64,21.87,20.55,21.63,1607054.0
2024-08-18,EGX:CIEB,21.69,21.8,21.5,21.54,1512693.0
2024-08-19,EGX:CIEB,21.5,21.65,21.4,21.5,1144354.0
2024-08-20,EGX:CIEB,21.7,21.78,21.1,21.7,1172355.0
2024-08-21,EGX:CIEB,21.8,21.9,21.7,21.72,916359.0
2024-08-22,EGX:CIEB,21.7,21.71,21.2,21.23,451308.0
2024-08-25,EGX:CIEB,21.0,21.08,20.7,20.71,721364.0
2024-08-26,EGX:CIEB,20.6,20.75,20.25,20.61,1022380.0
2024-08-27,EGX:CIEB,20.71,20.91,20.3,20.5,4728878.0
2024-08-28,EGX:CIEB,20.5,20.7,20.4,20.42,2206495.0
2024-08-29,EGX:CIEB,20.43,20.47,19.9,20.0,1995290.0
2024-09-01,EGX:CIEB,20.24,20.49,19.97,20.0,4288156.0
2024-09-02,EGX:CIEB,19.99,20.55,19.99,20.23,3368623.0
2024-09-03,EGX:CIEB,20.59,20.59,20.23,20.5,390999.0
2024-09-04,EGX:CIEB,20.66,20.86,20.44,20.74,1694282.0
2024-09-05,EGX:CIEB,20.8,21.05,20.75,21.0,1840052.0
2024-09-08,EGX:CIEB,20.82,20.88,20.26,20.37,408719.0
2024-09-09,EGX:CIEB,20.29,20.48,20.12,20.29,671413.0
2024-09-10,EGX:CIEB,20.25,20.25,19.68,19.79,1295460.0
2024-09-11,EGX:CIEB,19.91,20.07,19.7,20.0,374522.0
2024-09-12,EGX:CIEB,19.97,20.15,19.89,20.07,167474.0
2024-09-16,EGX:CIEB,20.05,20.05,19.69,19.81,275667.0
2024-09-17,EGX:CIEB,19.91,19.95,19.51,19.68,230769.0
2024-09-18,EGX:CIEB,19.8,19.8,19.5,19.61,339661.0
2024-09-19,EGX:CIEB,19.67,19.85,19.67,19.71,151392.0
2024-09-22,EGX:CIEB,20.0,20.0,19.71,19.73,592945.0
2024-09-23,EGX:CIEB,20.1,20.1,19.82,19.84,564749.0
2024-09-24,EGX:CIEB,19.72,20.0,19.62,19.73,1049442.0
2024-09-25,EGX:CIEB,19.79,19.9,19.71,19.8,674133.0
2024-09-26,EGX:CIEB,20.13,20.59,20.13,20.5,1765836.0
2024-09-29,EGX:CIEB,20.75,21.0,20.5,20.82,1119839.0
2024-09-30,EGX:CIEB,20.82,21.24,20.62,20.82,1057018.0
2024-10-01,EGX:CIEB,20.59,20.69,20.35,20.62,1116627.0
2024-10-02,EGX:CIEB,20.63,20.88,20.1,20.22,589164.0
2024-10-03,EGX:CIEB,20.14,20.24,19.89,19.98,1364208.0
2024-10-07,EGX:CIEB,20.09,20.09,19.43,19.5,1434118.0
2024-10-08,EGX:CIEB,19.6,19.69,19.17,19.3,912621.0
2024-10-09,EGX:CIEB,19.5,19.59,18.9,19.04,1039300.0
2024-10-10,EGX:CIEB,19.08,19.3,19.01,19.19,282744.0
2024-10-13,EGX:CIEB,19.24,19.33,19.0,19.01,170613.0
2024-10-14,EGX:CIEB,19.01,19.7,18.9,19.5,922337.0
2024-10-15,EGX:CIEB,19.5,19.59,19.21,19.29,190062.0
2024-10-16,EGX:CIEB,19.3,19.5,19.07,19.18,1175728.0
2024-10-17,EGX:CIEB,19.18,19.39,18.96,19.3,928142.0
2024-10-20,EGX:CIEB,19.3,19.5,18.76,18.78,632705.0
2024-10-21,EGX:CIEB,18.78,19.4,18.75,19.4,646795.0
2024-10-22,EGX:CIEB,19.31,19.9,19.2,19.89,1558287.0
2024-10-23,EGX:CIEB,19.95,20.31,19.83,19.9,1942059.0
2024-10-24,EGX:CIEB,19.91,20.3,19.8,20.1,714928.0
2024-10-27,EGX:CIEB,20.12,21.17,20.1,20.3,4484267.0
2024-10-28,EGX:CIEB,20.6,21.48,20.56,21.2,3599235.0
2024-10-29,EGX:CIEB,21.2,21.3,21.0,21.0,1850943.0
2024-10-30,EGX:CIEB,21.1,21.1,20.43,20.5,1000106.0
2024-10-31,EGX:CIEB,20.67,21.0,20.36,20.6,660058.0
2024-11-03,EGX:CIEB,20.78,21.55,20.78,21.4,3711804.0
2024-11-04,EGX:CIEB,21.45,21.78,21.1,21.21,1027929.0
2024-11-05,EGX:CIEB,21.21,21.34,20.7,20.99,471403.0
2024-11-06,EGX:CIEB,21.02,21.4,20.76,21.23,672307.0
2024-11-07,EGX:CIEB,21.21,21.5,20.9,21.04,1433183.0
2024-11-10,EGX:CIEB,21.16,21.9,21.11,21.19,2192874.0
2024-11-11,EGX:CIEB,21.44,21.88,21.32,21.7,2729030.0
2024-11-12,EGX:CIEB,21.87,22.99,21.73,22.6,11579025.0
2024-11-13,EGX:CIEB,22.7,22.8,22.21,22.25,1206461.0
2024-11-14,EGX:CIEB,22.31,23.45,22.31,22.6,2965251.0
2024-11-17,EGX:CIEB,22.6,22.88,22.2,22.2,468004.0
2024-11-18,EGX:CIEB,22.35,22.64,21.71,21.85,2144624.0
2024-11-19,EGX:CIEB,21.85,22.0,21.16,21.7,1224262.0
2024-11-20,EGX:CIEB,21.75,22.17,21.55,21.74,1845416.0
2024-11-21,EGX:CIEB,22.0,22.2,21.76,22.0,2985286.0
2024-11-24,EGX:CIEB,22.03,22.37,21.64,21.65,862202.0
2024-11-25,EGX:CIEB,21.65,21.8,21.2,21.22,429035.0
2024-11-26,EGX:CIEB,21.25,21.55,20.6,21.03,842012.0
2024-11-27,EGX:CIEB,21.0,21.2,20.53,21.02,1034758.0
2024-11-28,EGX:CIEB,21.29,21.29,20.99,21.26,899698.0
2024-12-01,EGX:CIEB,21.45,21.49,21.0,21.08,993797.0
2024-12-02,EGX:CIEB,21.15,21.85,21.12,21.6,3970400.0
2024-12-03,EGX:CIEB,21.75,21.89,21.52,21.62,1111042.0
2024-12-04,EGX:CIEB,21.7,21.9,21.64,21.8,934862.0
2024-12-05,EGX:CIEB,21.9,22.35,21.62,22.35,1629972.0
2024-12-08,EGX:CIEB,22.4,22.47,22.0,22.25,1129146.0
2024-12-09,EGX:CIEB,22.4,22.41,22.11,22.31,1271137.0
2024-12-10,EGX:CIEB,22.47,22.47,21.0,21.46,1109512.0
2024-12-11,EGX:CIEB,21.45,21.55,21.12,21.18,245210.0
2024-12-12,EGX:CIEB,21.21,21.47,21.0,21.04,717141.0
2024-12-15,EGX:CIEB,21.05,21.25,21.0,21.13,1329431.0
2024-12-16,EGX:CIEB,21.1,21.45,20.83,20.87,494155.0
2024-12-17,EGX:CIEB,21.05,21.05,20.23,20.65,1209892.0
2024-12-18,EGX:CIEB,20.6,20.76,19.82,19.93,1268746.0
2024-12-19,EGX:CIEB,19.9,20.15,19.52,20.1,392967.0
2024-12-22,EGX:CIEB,20.32,20.32,19.94,20.02,446204.0
2024-12-23,EGX:CIEB,20.05,20.2,19.5,19.58,294630.0
2024-12-24,EGX:CIEB,19.6,19.95,19.04,19.48,403252.0
2024-12-25,EGX:CIEB,19.65,19.7,19.47,19.6,175902.0
2024-12-26,EGX:CIEB,19.5,19.7,19.49,19.56,239188.0
2024-12-29,EGX:CIEB,19.61,19.7,19.1,19.2,342543.0
2024-12-30,EGX:CIEB,19.35,19.35,18.85,19.0,431748.0
2024-12-31,EGX:CIEB,19.0,19.28,18.86,19.0,581583.0
2025-01-02,EGX:CIEB,19.16,19.29,19.04,19.2,411727.0
2025-01-05,EGX:CIEB,19.22,19.52,19.22,19.52,431237.0
2025-01-06,EGX:CIEB,19.54,19.64,19.22,19.26,1647830.0
2025-01-08,EGX:CIEB,19.27,19.3,19.03,19.24,146224.0
2025-01-09,EGX:CIEB,19.11,19.29,19.01,19.07,265452.0
2025-01-12,EGX:CIEB,19.0,19.48,18.86,19.27,1979402.0
2025-01-13,EGX:CIEB,19.39,19.55,18.75,19.1,403400.0
2025-01-14,EGX:CIEB,18.95,19.22,18.65,18.86,243982.0
2025-01-15,EGX:CIEB,18.82,19.58,18.82,19.03,1669611.0
2025-01-16,EGX:CIEB,19.18,19.29,19.0,19.04,919386.0
2025-01-19,EGX:CIEB,19.12,19.2,19.0,19.0,938295.0
2025-01-20,EGX:CIEB,19.1,19.13,18.72,18.73,3747561.0
2025-01-21,EGX:CIEB,18.75,18.85,18.74,18.8,1525762.0
2025-01-22,EGX:CIEB,18.97,19.07,18.85,18.93,1665709.0
2025-01-23,EGX:CIEB,19.0,19.05,18.75,18.9,945330.0
2025-01-26,EGX:CIEB,18.89,19.1,18.82,18.95,597794.0
2025-01-27,EGX:CIEB,19.0,19.0,18.7,18.7,298066.0
2025-01-28,EGX:CIEB,18.75,18.88,18.56,18.59,607917.0
2025-01-29,EGX:CIEB,18.56,18.95,18.56,18.91,430509.0
2025-01-30,EGX:CIEB,18.93,19.0,18.75,18.82,262117.0
2025-02-02,EGX:CIEB,18.77,18.93,18.73,18.75,207436.0
2025-02-03,EGX:CIEB,18.7,18.94,18.65,18.66,271990.0
2025-02-04,EGX:CIEB,18.66,18.89,18.65,18.74,247265.0
2025-02-05,EGX:CIEB,18.87,19.0,18.77,18.79,433353.0
2025-02-06,EGX:CIEB,18.9,18.97,18.75,18.75,543591.0
2025-02-09,EGX:CIEB,18.82,19.05,18.8,18.85,405752.0
2025-02-10,EGX:CIEB,18.85,18.97,18.75,18.76,1081959.0
2025-02-11,EGX:CIEB,18.76,19.29,18.6,18.76,2912820.0
2025-02-12,EGX:CIEB,18.8,19.71,18.63,19.7,4023302.0
2025-02-13,EGX:CIEB,19.92,20.25,19.53,20.07,3225845.0
2025-02-16,EGX:CIEB,20.1,20.65,20.1,20.6,2285641.0
2025-02-17,EGX:CIEB,20.52,20.83,20.35,20.8,893076.0
2025-02-18,EGX:CIEB,20.9,20.9,20.54,20.81,516392.0
2025-02-19,EGX:CIEB,20.8,20.95,20.55,20.89,680510.0
2025-02-20,EGX:CIEB,20.89,20.9,20.5,20.89,1826991.0
2025-02-23,EGX:CIEB,20.7,20.73,20.5,20.65,173691.0
2025-02-24,EGX:CIEB,20.65,20.78,20.53,20.62,180431.0
2025-02-25,EGX:CIEB,20.61,20.75,20.54,20.61,496345.0
2025-02-26,EGX:CIEB,20.62,20.78,20.5,20.58,268406.0
2025-02-27,EGX:CIEB,20.52,20.61,20.45,20.53,678576.0
2025-03-02,EGX:CIEB,20.61,20.68,20.5,20.51,282286.0
2025-03-03,EGX:CIEB,20.6,20.65,20.3,20.36,147954.0
2025-03-04,EGX:CIEB,20.4,20.6,20.21,20.25,266622.0
2025-03-05,EGX:CIEB,20.25,20.35,20.14,20.25,296421.0
2025-03-06,EGX:CIEB,20.34,20.6,20.21,20.59,668359.0
2025-03-09,EGX:CIEB,20.59,21.0,20.59,20.9,1218886.0
2025-03-10,EGX:CIEB,20.91,20.98,20.8,20.9,1315402.0
2025-03-11,EGX:CIEB,20.88,20.9,20.71,20.9,506826.0
2025-03-12,EGX:CIEB,20.8,20.9,20.75,20.81,879370.0
2025-03-13,EGX:CIEB,20.82,22.0,20.82,21.94,2304236.0
2025-03-16,EGX:CIEB,22.07,22.29,21.8,21.8,502290.0
2025-03-17,EGX:CIEB,21.8,21.94,21.53,21.83,134876.0
2025-03-18,EGX:CIEB,21.82,22.3,21.57,22.1,667103.0
2025-03-19,EGX:CIEB,22.1,22.11,21.57,21.9,152326.0
2025-03-20,EGX:CIEB,21.9,21.94,21.7,21.81,602078.0
2025-03-23,EGX:CIEB,21.81,22.0,21.67,21.9,393937.0
2025-03-24,EGX:CIEB,21.99,22.07,21.72,21.9,384915.0
2025-03-25,EGX:CIEB,22.0,22.5,21.9,22.4,1963520.0
2025-03-26,EGX:CIEB,22.5,22.73,22.44,22.6,637525.0
2025-03-27,EGX:CIEB,22.58,22.71,22.25,22.31,643165.0
2025-04-03,EGX:CIEB,22.39,22.5,22.31,22.5,517400.0
2025-04-06,EGX:CIEB,22.0,22.09,21.4,21.56,1184868.0
2025-04-07,EGX:CIEB,21.5,21.6,21.2,21.44,1277308.0
2025-04-08,EGX:CIEB,21.75,21.96,21.6,21.94,603738.0
2025-04-09,EGX:CIEB,21.92,22.05,21.45,21.45,693413.0
2025-04-10,EGX:CIEB,22.0,22.18,21.77,22.02,543778.0
2025-04-13,EGX:CIEB,22.06,22.9,22.05,22.87,1168823.0
2025-04-14,EGX:CIEB,22.88,23.0,22.33,22.33,2741480.0
2025-04-15,EGX:CIEB,19.16,19.39,19.0,19.1,967833.0
2025-04-16,EGX:CIEB,19.15,19.2,18.74,18.74,1019217.0
2025-04-17,EGX:CIEB,18.76,18.86,18.6,18.6,482773.0
2025-04-22,EGX:CIEB,18.61,18.77,18.51,18.65,2544568.0
2025-04-23,EGX:CIEB,18.67,18.95,18.67,18.9,522774.0
2025-04-27,EGX:CIEB,18.95,19.07,18.75,18.85,943153.0
2025-04-28,EGX:CIEB,18.9,18.99,18.71,18.8,720699.0
2025-04-29,EGX:CIEB,18.81,18.93,18.78,18.8,558637.0
2025-04-30,EGX:CIEB,18.9,18.9,18.61,18.66,851715.0
2025-05-04,EGX:CIEB,18.72,18.79,18.3,18.33,1931913.0
2025-05-05,EGX:CIEB,18.31,18.5,18.1,18.2,2172017.0
2025-05-06,EGX:CIEB,18.2,18.34,18.01,18.07,558523.0
2025-05-07,EGX:CIEB,18.14,18.2,17.6,17.64,1956203.0
2025-05-08,EGX:CIEB,17.74,17.86,17.55,17.73,582854.0
2025-05-11,EGX:CIEB,17.8,17.92,17.44,17.49,653474.0
2025-05-12,EGX:CIEB,17.51,17.64,17.47,17.5,1131979.0
2025-05-13,EGX:CIEB,17.61,17.65,17.36,17.43,537604.0
2025-05-14,EGX:CIEB,17.4,17.55,17.3,17.47,720795.0
2025-05-15,EGX:CIEB,17.48,18.2,17.47,18.03,1050001.0
2025-05-18,EGX:CIEB,18.03,18.14,17.9,18.0,379763.0
2025-05-19,EGX:CIEB,18.0,18.0,17.53,17.59,210945.0
2025-05-20,EGX:CIEB,17.59,18.0,17.53,17.73,198820.0
2025-05-21,EGX:CIEB,17.73,17.84,17.61,17.8,142556.0
2025-05-22,EGX:CIEB,17.75,17.85,17.6,17.6,421350.0
2025-05-25,EGX:CIEB,17.6,17.85,17.6,17.67,77659.0
2025-05-26,EGX:CIEB,17.67,17.97,17.63,17.65,301422.0
2025-05-27,EGX:CIEB,17.65,17.79,17.63,17.68,193142.0
2025-05-28,EGX:CIEB,17.68,17.83,17.66,17.66,527764.0
2025-05-29,EGX:CIEB,17.69,17.84,17.51,17.75,887254.0
2025-06-01,EGX:CIEB,17.75,17.84,17.66,17.75,311400.0
2025-06-02,EGX:CIEB,17.75,17.77,17.6,17.72,467241.0
2025-06-03,EGX:CIEB,17.72,17.77,17.6,17.69,819759.0
2025-06-04,EGX:CIEB,17.69,17.8,17.66,17.7,343500.0
2025-06-10,EGX:CIEB,17.69,17.96,17.69,17.78,377973.0
2025-06-11,EGX:CIEB,17.78,18.3,17.78,18.0,1216634.0
2025-06-12,EGX:CIEB,18.0,18.09,17.8,17.91,618002.0
2025-06-15,EGX:CIEB,17.91,17.91,16.0,17.1,1085845.0
2025-06-16,EGX:CIEB,17.09,17.42,16.83,17.3,408292.0
2025-06-17,EGX:CIEB,17.37,17.37,16.9,17.01,492193.0
2025-06-18,EGX:CIEB,17.01,17.1,16.75,17.04,294186.0
2025-06-19,EGX:CIEB,17.0,17.25,16.8,17.01,367622.0
2025-06-22,EGX:CIEB,17.01,17.33,16.58,17.27,269892.0
2025-06-23,EGX:CIEB,17.28,17.6,17.1,17.5,835457.0
2025-06-24,EGX:CIEB,17.5,17.88,17.5,17.7,1665004.0
2025-06-25,EGX:CIEB,17.7,17.83,17.64,17.7,1135822.0
2025-06-29,EGX:CIEB,17.7,18.0,17.7,17.88,470069.0
2025-06-30,EGX:CIEB,17.88,17.99,17.6,17.6,564473.0
2025-07-01,EGX:CIEB,17.6,17.85,17.47,17.5,347477.0
2025-07-02,EGX:CIEB,17.5,17.7,17.5,17.59,569038.0
2025-07-06,EGX:CIEB,17.59,17.8,17.5,17.56,352046.0
2025-07-07,EGX:CIEB,17.56,17.84,17.53,17.6,234274.0
2025-07-09,EGX:CIEB,17.6,17.7,17.54,17.55,191440.0
2025-07-10,EGX:CIEB,17.55,17.71,17.55,17.61,569209.0
2025-07-13,EGX:CIEB,17.61,18.1,17.52,18.01,1319900.0
2025-07-14,EGX:CIEB,18.01,18.45,18.0,18.35,1142384.0
2025-07-15,EGX:CIEB,18.33,18.7,18.31,18.7,970569.0
2025-07-16,EGX:CIEB,18.7,18.75,18.05,18.09,404569.0
2025-07-17,EGX:CIEB,18.09,18.48,18.09,18.41,282213.0
2025-07-20,EGX:CIEB,18.41,18.7,18.32,18.63,757470.0
2025-07-21,EGX:CIEB,18.63,18.91,18.63,18.71,689467.0
2025-07-22,EGX:CIEB,18.71,18.85,18.33,18.4,472050.0
2025-07-23,EGX:CIEB,18.4,18.5,18.1,18.36,385218.0
2025-07-27,EGX:CIEB,18.36,18.64,18.19,18.61,554743.0
2025-07-28,EGX:CIEB,18.61,18.85,18.42,18.59,275376.0
2025-07-29,EGX:CIEB,18.57,18.72,18.4,18.7,727198.0
2025-07-30,EGX:CIEB,18.7,18.79,18.3,18.3,1071669.0
2025-07-31,EGX:CIEB,18.36,18.55,18.3,18.4,663500.0
2025-08-03,EGX:CIEB,18.4,18.59,18.25,18.36,155357.0
2025-08-04,EGX:CIEB,18.36,18.7,18.3,18.33,839838.0
2025-08-05,EGX:CIEB,18.38,18.7,18.35,18.69,413238.0
2025-08-06,EGX:CIEB,18.69,18.79,18.48,18.5,1350595.0
2025-08-07,EGX:CIEB,18.5,19.22,18.0,18.96,2316480.0
2025-08-10,EGX:CIEB,18.96,19.2,18.91,19.12,1376017.0
2025-08-11,EGX:CIEB,19.12,19.2,19.01,19.19,798325.0
2025-08-12,EGX:CIEB,19.19,19.29,19.03,19.2,1207196.0
2025-08-13,EGX:CIEB,19.19,19.23,18.81,18.98,2482195.0
2025-08-14,EGX:CIEB,18.98,19.07,18.75,18.8,1659103.0
2025-08-17,EGX:CIEB,18.8,19.12,18.71,18.8,150980.0
2025-08-18,EGX:CIEB,18.96,19.2,18.81,19.15,1152178.0
2025-08-19,EGX:CIEB,19.15,19.28,19.03,19.16,1619151.0
2025-08-20,EGX:CIEB,19.16,19.25,18.46,18.5,1881869.0
2025-08-21,EGX:CIEB,18.5,18.74,18.38,18.41,636902.0
2025-08-24,EGX:CIEB,18.41,18.71,18.4,18.49,476262.0
2025-08-25,EGX:CIEB,18.49,18.8,18.49,18.55,837207.0
2025-08-26,EGX:CIEB,18.55,18.7,18.46,18.5,875876.0
2025-08-27,EGX:CIEB,18.5,18.72,18.46,18.7,398034.0
2025-08-28,EGX:CIEB,18.67,18.84,18.52,18.62,84557.0
2025-08-31,EGX:CIEB,18.62,18.74,18.39,18.4,171529.0
2025-09-01,EGX:CIEB,18.4,18.64,18.25,18.25,132737.0
2025-09-02,EGX:CIEB,18.25,18.46,18.0,18.17,710848.0
2025-09-03,EGX:CIEB,18.14,18.43,17.8,17.98,928138.0
2025-09-07,EGX:CIEB,17.98,18.16,17.85,18.12,230617.0
2025-09-08,EGX:CIEB,18.11,18.2,17.8,17.8,124856.0
2025-09-09,EGX:CIEB,17.86,18.07,17.74,17.78,677235.0
2025-09-10,EGX:CIEB,17.78,17.9,17.7,17.84,98172.0
2025-09-11,EGX:CIEB,17.79,18.1,17.76,18.03,422577.0
2025-09-14,EGX:CIEB,18.03,18.13,17.75,17.93,114302.0
2025-09-15,EGX:CIEB,17.95,18.5,17.9,18.3,527605.0
2025-09-16,EGX:CIEB,18.49,18.49,18.01,18.2,373753.0
2025-09-17,EGX:CIEB,18.2,18.43,18.07,18.35,195793.0
2025-09-18,EGX:CIEB,18.4,18.6,18.2,18.2,360032.0
2025-09-21,EGX:CIEB,18.32,18.48,18.21,18.21,43161.0
2025-09-22,EGX:CIEB,18.22,18.42,18.11,18.24,344402.0
2025-09-23,EGX:CIEB,18.21,18.44,18.12,18.35,840309.0
2025-09-24,EGX:CIEB,18.35,18.59,18.21,18.46,252476.0
2025-09-25,EGX:CIEB,18.46,18.64,18.15,18.26,307253.0
2025-09-28,EGX:CIEB,18.26,18.64,18.23,18.64,560669.0
2025-09-29,EGX:CIEB,18.61,18.65,18.44,18.6,658978.0
2025-09-30,EGX:CIEB,18.6,18.75,18.44,18.62,524719.0
2025-10-01,EGX:CIEB,18.61,18.75,18.5,18.62,367767.0
2025-10-02,EGX:CIEB,18.62,18.71,18.54,18.6,81651.0
2025-10-05,EGX:CIEB,18.63,18.74,18.54,18.68,121429.0
2025-10-06,EGX:CIEB,18.68,18.8,18.56,18.75,366710.0
2025-10-07,EGX:CIEB,18.78,19.02,18.63,18.85,435791.0
2025-10-08,EGX:CIEB,18.89,19.0,18.75,18.9,263839.0
2025-10-12,EGX:CIEB,18.97,19.0,18.66,18.66,141745.0
2025-10-13,EGX:CIEB,18.68,18.95,18.64,18.84,274204.0
2025-10-14,EGX:CIEB,18.67,18.9,18.67,18.75,108358.0
2025-10-15,EGX:CIEB,18.75,18.85,18.6,18.64,250583.0
2025-10-16,EGX:CIEB,18.64,18.85,18.61,18.81,653913.0
2025-10-19,EGX:CIEB,18.76,19.0,18.71,18.99,262771.0
2025-10-20,EGX:CIEB,18.95,19.33,18.95,19.25,481005.0
2025-10-21,EGX:CIEB,19.25,19.68,19.25,19.49,642705.0
2025-10-22,EGX:CIEB,19.49,19.82,19.35,19.82,2467965.0
2025-10-23,EGX:CIEB,19.82,20.18,19.82,20.12,3750628.0
2025-10-26,EGX:CIEB,20.12,20.78,20.05,20.78,2089804.0
2025-10-27,EGX:CIEB,20.78,20.8,20.22,20.6,250567.0
2025-10-28,EGX:CIEB,20.59,20.59,20.25,20.38,182231.0
2025-10-29,EGX:CIEB,20.38,20.7,20.3,20.6,304477.0
2025-10-30,EGX:CIEB,20.6,21.17,20.38,21.01,1244491.0
2025-11-02,EGX:CIEB,21.01,21.5,20.7,21.02,1166638.0
2025-11-03,EGX:CIEB,21.02,21.22,20.87,21.22,778393.0
2025-11-04,EGX:CIEB,21.21,21.68,21.11,21.5,884170.0
2025-11-05,EGX:CIEB,21.5,21.93,21.3,21.37,977174.0
2025-11-06,EGX:CIEB,21.37,22.19,21.37,22.01,1916031.0
2025-11-09,EGX:CIEB,22.01,22.4,21.86,22.21,806454.0
2025-11-10,EGX:CIEB,22.21,22.7,22.21,22.58,410247.0
2025-11-11,EGX:CIEB,22.58,23.19,22.51,22.8,2912799.0
2025-11-12,EGX:CIEB,22.8,22.98,22.65,22.92,363037.0
2025-11-13,EGX:CIEB,22.92,22.98,22.72,22.92,949072.0
2025-11-16,EGX:CIEB,22.92,23.12,22.6,23.1,541809.0
2025-11-17,EGX:CIEB,23.1,23.19,22.86,23.0,350787.0
2025-11-18,EGX:CIEB,22.99,23.13,22.73,23.0,55676.0
2025-11-19,EGX:CIEB,22.94,22.99,22.8,22.92,2165925.0
2025-11-20,EGX:CIEB,22.92,23.0,22.6,22.9,1549421.0
2025-11-23,EGX:CIEB,22.9,22.94,22.45,22.51,106101.0
2025-11-24,EGX:CIEB,22.51,22.51,22.03,22.19,274672.0
2025-11-25,EGX:CIEB,22.22,22.3,21.12,21.9,1592067.0
2025-11-26,EGX:CIEB,21.66,22.33,21.54,21.9,104169.0
2025-11-27,EGX:CIEB,21.88,21.99,20.0,21.99,399453.0
2025-11-30,EGX:CIEB,20.98,22.15,20.98,22.0,234001.0
2025-12-01,EGX:CIEB,21.98,22.28,21.57,21.85,138167.0
2025-12-02,EGX:CIEB,21.67,22.14,21.65,22.13,75777.0
2025-12-03,EGX:CIEB,22.04,22.6,22.04,22.1,706852.0
2025-12-04,EGX:CIEB,22.1,22.47,22.02,22.2,813891.0
2025-12-07,EGX:CIEB,22.2,22.46,22.06,22.1,192749.0
2025-12-08,EGX:CIEB,22.1,22.5,22.06,22.5,915428.0
2025-12-09,EGX:CIEB,22.5,22.65,22.15,22.5,363652.0
2025-12-10,EGX:CIEB,22.5,22.65,22.4,22.45,43086.0
2025-12-11,EGX:CIEB,22.5,22.6,21.5,22.48,208222.0
2025-12-14,EGX:CIEB,22.49,22.9,22.31,22.5,160902.0
2025-12-15,EGX:CIEB,22.53,22.78,22.44,22.5,174158.0
2025-12-16,EGX:CIEB,22.59,22.69,22.26,22.35,815718.0
2025-12-17,EGX:CIEB,22.32,22.58,22.16,22.5,91392.0
2025-12-18,EGX:CIEB,22.5,22.58,22.2,22.45,339801.0
2025-12-21,EGX:CIEB,22.4,22.5,22.2,22.4,1992730.0
2025-12-22,EGX:CIEB,22.38,22.51,22.0,22.02,228993.0
2025-12-23,EGX:CIEB,22.02,22.44,22.02,22.44,94508.0
2025-12-24,EGX:CIEB,22.42,22.5,22.21,22.24,78251.0
2025-12-25,EGX:CIEB,22.24,22.5,22.1,22.4,143461.0
2025-12-28,EGX:CIEB,22.4,22.5,22.2,22.49,123698.0
2025-12-29,EGX:CIEB,22.37,22.5,22.22,22.22,77761.0
2025-12-30,EGX:CIEB,22.4,22.65,22.27,22.65,405973.0
2025-12-31,EGX:CIEB,22.65,22.65,22.4,22.5,34724.0
2026-01-04,EGX:CIEB,22.46,22.8,21.9,21.9,283061.0
2026-01-05,EGX:CIEB,21.93,22.5,21.6,21.61,245874.0
2026-01-06,EGX:CIEB,21.61,22.34,21.61,21.83,167981.0
2026-01-08,EGX:CIEB,21.83,22.34,21.5,22.24,148417.0
2026-01-11,EGX:CIEB,22.24,24.76,22.24,24.2,4665064.0
2026-01-12,EGX:CIEB,24.2,24.43,23.4,23.9,778485.0
2026-01-13,EGX:CIEB,23.82,24.5,23.81,24.0,923694.0
2026-01-14,EGX:CIEB,24.0,24.3,23.5,24.05,607176.0
2026-01-15,EGX:CIEB,24.05,24.85,23.8,24.0,819705.0
2026-01-18,EGX:CIEB,24.0,25.9,24.0,25.49,3223484.0
2026-01-19,EGX:CIEB,25.49,25.5,24.95,25.06,409443.0
2026-01-20,EGX:CIEB,25.06,25.99,25.06,25.5,2103153.0
2026-01-21,EGX:CIEB,25.5,26.0,25.43,26.0,1634185.0
2026-01-22,EGX:CIEB,26.0,26.5,25.6,26.12,708656.0
2026-01-25,EGX:CIEB,26.43,26.5,25.45,25.74,472612.0
2026-01-26,EGX:CIEB,25.74,25.97,25.51,25.68,358225.0
2026-01-27,EGX:CIEB,25.68,26.17,25.5,25.66,1370002.0
2026-01-28,EGX:CIEB,25.66,26.4,24.85,25.85,1214801.0
2026-02-01,EGX:CIEB,26.33,26.33,24.8,25.99,1015309.0
2026-02-02,EGX:CIEB,25.99,25.99,25.25,25.43,228102.0
2026-02-03,EGX:CIEB,25.43,26.0,25.4,25.66,426024.0
2026-02-04,EGX:CIEB,25.66,26.0,25.51,25.73,502689.0
2026-02-05,EGX:CIEB,25.73,25.98,24.8,25.0,896776.0
2026-02-08,EGX:CIEB,25.0,26.0,25.0,25.43,239114.0
2026-02-09,EGX:CIEB,25.43,25.96,24.9,24.93,1054913.0
2026-02-10,EGX:CIEB,24.93,25.2,23.8,24.0,1674114.0
2026-02-11,EGX:CIEB,24.0,24.43,23.5,23.73,1922831.0
2026-02-12,EGX:CIEB,23.73,24.0,23.49,23.99,609455.0
2026-02-15,EGX:CIEB,23.99,24.38,23.71,23.87,430131.0
2026-02-16,EGX:CIEB,23.87,24.19,23.54,23.54,2171825.0
2026-02-17,EGX:CIEB,23.54,24.17,23.54,23.75,930122.0
2026-02-18,EGX:CIEB,23.75,24.25,22.9,23.05,2503829.0
2026-02-19,EGX:CIEB,23.05,23.39,22.0,22.9,1650609.0
2026-02-22,EGX:CIEB,22.9,22.9,22.45,22.52,324154.0
2026-02-23,EGX:CIEB,22.52,23.35,22.5,23.31,453626.0
2026-02-24,EGX:CIEB,23.31,23.45,22.9,22.93,329055.0
2026-02-25,EGX:CIEB,22.93,23.23,22.63,23.0,1237871.0
2026-02-26,EGX:CIEB,23.0,23.23,22.7,22.71,157984.0
2026-03-01,EGX:CIEB,22.76,22.76,20.0,22.02,264153.0
2026-03-02,EGX:CIEB,22.02,22.79,21.01,21.55,429319.0
2026-03-03,EGX:CIEB,21.55,22.3,21.54,22.24,923051.0
2026-03-04,EGX:CIEB,21.91,22.47,21.5,21.51,545165.0
2026-03-05,EGX:CIEB,21.51,21.95,21.51,21.69,600455.0
2026-03-08,EGX:CIEB,21.69,22.0,21.58,21.72,463863.0
2026-03-09,EGX:CIEB,21.72,21.95,21.1,21.38,989922.0
2026-03-10,EGX:CIEB,21.38,22.39,21.38,22.19,1478215.0
2026-03-11,EGX:CIEB,22.19,23.3,22.0,23.3,1539535.0
2026-03-12,EGX:CIEB,23.3,23.4,22.61,23.2,1014395.0
2026-03-15,EGX:CIEB,23.2,23.25,22.7,23.0,391599.0
2026-03-16,EGX:CIEB,23.02,23.12,22.14,22.38,340754.0
2026-03-17,EGX:CIEB,22.38,23.09,22.38,22.9,185729.0
2026-03-18,EGX:CIEB,22.8,23.3,22.74,23.24,89084.0
2026-03-24,EGX:CIEB,23.24,23.5,22.66,22.69,883143.0
2026-03-25,EGX:CIEB,22.69,23.0,22.69,22.8,1454212.0
2026-03-26,EGX:CIEB,22.8,23.08,22.77,22.81,489031.0
2026-03-29,EGX:CIEB,22.81,23.08,22.78,23.0,86265.0
2026-03-30,EGX:CIEB,23.0,23.28,22.8,23.03,536930.0
2026-03-31,EGX:CIEB,23.03,24.4,23.03,24.0,2996097.0
2026-04-01,EGX:CIEB,24.0,24.96,24.0,24.65,2583805.0
2026-04-02,EGX:CIEB,24.65,25.45,24.65,25.18,3266032.0
2026-04-05,EGX:CIEB,25.18,25.89,25.18,25.78,1870484.0
2026-04-06,EGX:CIEB,25.78,26.5,25.78,26.5,3637631.0
2026-04-07,EGX:CIEB,26.5,26.99,26.06,26.6,4750211.0
2026-04-08,EGX:CIEB,26.6,27.38,26.51,27.11,4384060.0
2026-04-09,EGX:CIEB,27.11,27.5,27.11,27.5,1288633.0
2026-04-14,EGX:CIEB,27.5,27.97,27.5,27.71,1249285.0
2026-04-15,EGX:CIEB,27.71,27.95,27.46,27.8,2214921.0
2026-04-16,EGX:CIEB,27.8,28.18,27.51,27.79,5014713.0
2026-04-19,EGX:CIEB,27.79,28.49,27.79,28.49,4087042.0
2026-04-20,EGX:CIEB,28.49,28.49,24.53,25.0,2355871.0
2026-04-21,EGX:CIEB,25.0,25.2,24.69,24.77,914234.0
2026-04-22,EGX:CIEB,24.77,24.9,24.5,24.6,1059299.0
2026-04-23,EGX:CIEB,24.6,24.6,24.07,24.14,1114644.0
2026-04-26,EGX:CIEB,24.14,24.21,23.75,23.75,1042508.0
2026-04-27,EGX:CIEB,23.75,23.88,23.51,23.7,732995.0
2026-04-28,EGX:CIEB,23.7,24.38,23.7,24.04,1403430.0
2026-04-29,EGX:CIEB,24.04,24.29,23.92,24.02,876854.0
2026-04-30,EGX:CIEB,24.02,24.49,24.02,24.49,1186919.0
2026-05-03,EGX:CIEB,24.49,24.8,24.1,24.55,812279.0
2026-05-04,EGX:CIEB,24.55,24.8,24.4,24.8,926289.0
2026-05-05,EGX:CIEB,24.8,24.8,24.4,24.59,723319.0
2026-05-06,EGX:CIEB,24.59,24.65,23.9,23.99,1363811.0
2026-05-10,EGX:CIEB,23.99,24.1,23.77,23.8,1065788.0
2026-05-11,EGX:CIEB,23.8,23.99,23.73,23.73,1038718.0
2026-05-12,EGX:CIEB,23.73,23.9,23.73,23.81,331611.0
2026-05-13,EGX:CIEB,23.81,24.0,23.76,23.87,706982.0
2026-05-14,EGX:CIEB,23.87,23.99,23.75,23.91,387030.0
2026-05-17,EGX:CIEB,23.91,23.91,23.5,23.55,414200.0
2026-05-18,EGX:CIEB,23.55,23.84,23.5,23.62,505332.0
2026-05-19,EGX:CIEB,23.62,23.88,23.6,23.82,198869.0
2026-05-20,EGX:CIEB,23.82,23.95,23.41,23.41,359436.0
2026-05-21,EGX:CIEB,23.41,23.65,23.31,23.42,138259.0
2026-05-24,EGX:CIEB,23.42,23.65,23.4,23.5,130048.0
2026-05-25,EGX:CIEB,23.5,23.61,23.35,23.49,262748.0
2026-06-01,EGX:CIEB,23.49,23.6,23.42,23.56,333117.0
2026-06-02,EGX:CIEB,23.56,23.74,23.47,23.74,217856.0
2026-06-03,EGX:CIEB,23.7,23.89,23.7,23.83,276501.0
2026-06-04,EGX:CIEB,23.83,23.86,23.65,23.7,192694.0
2026-06-07,EGX:CIEB,23.7,23.8,23.39,23.7,207582.0
2026-06-08,EGX:CIEB,23.55,23.7,23.47,23.53,159180.0
2026-06-09,EGX:CIEB,23.54,23.7,23.5,23.58,193522.0
2026-06-10,EGX:CIEB,23.53,24.09,23.43,23.6,745393.0
