date,symbol,open,high,low,close,volume
2005-09-22,EGX:EFIC,13.64375694,14.03097976,13.64375694,13.89844041,197167.1007761
2005-09-25,EGX:EFIC,13.93612316,15.65783535,13.93612316,15.02892312,188316.89914095
2005-09-26,EGX:EFIC,15.1900494,15.46292453,14.81192242,15.11468388,228412.16046193
2005-09-27,EGX:EFIC,15.08609696,15.59286508,14.94316237,15.36157091,129797.82676385
2005-09-28,EGX:EFIC,15.46292453,15.59286508,15.33168459,15.39275664,140179.49807325
2005-09-29,EGX:EFIC,15.44863107,15.58636805,15.44863107,15.49151145,21548.31702471
2005-10-02,EGX:EFIC,15.59156567,18.19167592,15.59156567,16.57911379,108557.34283949
2005-10-03,EGX:EFIC,16.89097239,17.08718131,16.24256779,16.59340725,151600.10609635
2005-10-04,EGX:EFIC,16.6297906,16.6297906,15.91901584,16.40499347,15391.65501765
2005-10-05,EGX:EFIC,16.50244887,16.50244887,15.59286508,15.84884795,29267.23201606
2005-10-09,EGX:EFIC,16.24126838,17.53547618,16.24126838,16.7493346,69247.05592441
2005-10-10,EGX:EFIC,16.37250833,16.50244887,16.24126838,16.28154995,96975.12243871
2005-10-11,EGX:EFIC,16.24256779,16.24256779,15.85274616,16.04505816,41826.82251046
2005-10-12,EGX:EFIC,16.24256779,16.30753806,15.72280562,15.92551287,101369.43994625
2005-10-13,EGX:EFIC,15.75009313,15.75009313,15.13807318,15.39015783,282452.2612289
2005-10-16,EGX:EFIC,14.94576118,14.94576118,14.81322182,14.89118615,116915.01151407
2005-10-17,EGX:EFIC,15.22903156,15.33298399,14.94316237,15.03931837,120986.10426624
2005-10-18,EGX:EFIC,15.07310291,15.20304345,14.03487797,14.63520328,210750.23632918
2005-10-19,EGX:EFIC,15.9813873,15.9826867,15.01073145,15.40445129,561679.9707316
2005-10-20,EGX:EFIC,15.44993048,15.85274616,14.55464014,14.98994096,436653.55702323
2005-10-23,EGX:EFIC,14.94316237,14.94316237,14.42599901,14.71836523,120893.75433613
2005-10-24,EGX:EFIC,14.42599901,14.81192242,14.42210079,14.5429455,137101.16706972
2005-10-25,EGX:EFIC,14.42599901,14.68328128,14.09984825,14.33634003,103893.67136914
2005-10-26,EGX:EFIC,14.16351911,14.16351911,13.77369748,13.98420116,89117.6825522
2005-10-27,EGX:EFIC,13.90363803,13.90623684,13.77369748,13.83996716,104709.42908508
2005-10-30,EGX:EFIC,14.81322182,14.81322182,14.03357857,14.26487273,58065.01855409
2005-10-31,EGX:EFIC,14.28956144,14.29216025,14.04917143,14.18690841,68392.81907093
2005-11-01,EGX:EFIC,14.94316237,14.94316237,13.90233862,14.0166863,328119.30166627
2005-11-06,EGX:EFIC,15.43693643,15.46292453,13.51251699,13.81917667,1037797.73122009
2005-11-07,EGX:EFIC,14.68328128,14.68328128,13.39167229,13.57488845,688930.47859003
2005-11-08,EGX:EFIC,13.64375694,13.64375694,13.18896504,13.42415743,808708.33793738
2005-11-09,EGX:EFIC,13.90233862,13.90233862,13.31890559,13.53460689,430797.03228901
2005-11-10,EGX:EFIC,13.5138164,13.76720046,13.41636099,13.56839143,278866.00560979
2005-11-13,EGX:EFIC,13.64375694,13.64375694,13.12399477,13.37997764,415105.23999852
2005-11-14,EGX:EFIC,13.18896504,13.50731937,12.99405423,13.12009656,452045.21204088
2005-11-15,EGX:EFIC,13.22794721,13.25393532,12.88100557,13.0109465,616035.60042644
2005-11-16,EGX:EFIC,12.99665304,13.00055126,12.73547281,12.88620332,269808.0166319
2005-11-17,EGX:EFIC,12.73547281,13.38387586,12.73547281,13.06292272,270854.6491731
2005-11-20,EGX:EFIC,13.12399477,13.3708818,12.86411369,13.00574888,362319.55911549
2005-11-21,EGX:EFIC,13.12139596,13.35658834,13.12139596,13.19936029,107926.28498376
2005-11-22,EGX:EFIC,13.38387586,13.38387586,12.92908396,13.0096471,246343.43855749
2005-11-23,EGX:EFIC,12.60683102,13.12399477,12.47559173,12.9719646,337985.35253258
2005-11-24,EGX:EFIC,12.98106044,13.12399477,12.95637134,13.00315007,381243.59895969
2005-11-27,EGX:EFIC,12.81213721,13.25393532,12.81213721,13.21365375,160611.92010918
2005-11-28,EGX:EFIC,12.99405423,13.25263591,12.73417315,12.84202406,259888.09497303
2005-11-29,EGX:EFIC,12.86541335,12.86541335,12.73417315,12.77055637,200291.60674468
2005-11-30,EGX:EFIC,12.73547281,12.75366449,12.62502361,12.7159816,252361.57566939
2005-12-01,EGX:EFIC,12.66920287,13.22015077,12.6042326,12.80174184,258764.50415674
2005-12-04,EGX:EFIC,12.99535364,13.34489369,12.99405423,13.20845613,310303.46098334
2005-12-05,EGX:EFIC,13.25393532,13.25393532,13.00185066,13.11100072,180490.24256448
2005-12-06,EGX:EFIC,13.18896504,13.18896504,12.99405423,13.09150964,249090.84897814
2005-12-07,EGX:EFIC,13.64115813,13.77369748,13.38387586,13.63596051,319530.75816642
2005-12-08,EGX:EFIC,13.83866776,15.59286508,13.77369748,14.02838095,341456.17073906
2005-12-11,EGX:EFIC,13.90363803,14.29475906,13.90363803,14.11803992,230405.37978672
2005-12-12,EGX:EFIC,14.2804656,14.2804656,13.52161283,13.74640997,290940.75897114
2005-12-13,EGX:EFIC,13.5138164,13.64635575,13.45144494,13.55019975,140825.94758399
2005-12-14,EGX:EFIC,13.75940402,13.76070343,13.51121759,13.56319381,181952.44979115
2005-12-15,EGX:EFIC,13.63076289,13.64375694,13.38777407,13.49952294,176003.57512683
2005-12-18,EGX:EFIC,13.64505635,13.90363803,13.64375694,13.70093078,167907.56458755
2005-12-19,EGX:EFIC,13.89973981,13.89973981,13.64895456,13.6814397,246481.96345265
2005-12-20,EGX:EFIC,13.51511581,13.70872721,13.35398953,13.50731937,247605.55426894
2005-12-21,EGX:EFIC,13.64375694,13.67364327,13.46313959,13.64115813,100792.25288308
2005-12-22,EGX:EFIC,13.44884613,13.61776883,13.38777407,13.49952294,135192.60184753
2005-12-25,EGX:EFIC,13.83217073,13.83866776,13.40336694,13.70223019,127111.98296327
2005-12-26,EGX:EFIC,13.64375694,13.90363803,13.64375694,13.73991294,98806.72938581
2005-12-27,EGX:EFIC,13.58008608,13.65155337,13.3708818,13.51771462,327619.0728782
2005-12-28,EGX:EFIC,13.38387586,13.62946348,13.12399477,13.49822353,321162.27359829
2005-12-29,EGX:EFIC,13.43845089,13.55929559,13.43845089,13.50212175,220877.94533079
2006-01-02,EGX:EFIC,13.5138164,13.90363803,13.44884613,13.76849986,121293.93736659
2006-01-03,EGX:EFIC,14.16351911,14.29345965,13.77369748,14.07905776,177765.91962635
2006-01-04,EGX:EFIC,14.29345965,14.29345965,13.94262019,14.07645895,172655.89016049
2006-01-05,EGX:EFIC,14.16351911,14.16351911,13.90363803,13.97380592,158103.0803413
2006-01-08,EGX:EFIC,14.29216025,14.29216025,13.78799094,13.92572792,236015.63804065
2006-01-12,EGX:EFIC,13.70872721,14.09854884,13.70872721,13.99069819,235954.07142058
2006-01-15,EGX:EFIC,13.90363803,13.96730889,13.64505635,13.81657786,304893.29424464
2006-01-16,EGX:EFIC,13.51641521,14.12453695,13.51641521,13.98939878,155755.85295111
2006-01-17,EGX:EFIC,14.03357857,14.16221971,13.91013505,14.02578214,219592.74213682
2006-01-18,EGX:EFIC,14.13103398,14.13103398,13.83866776,13.91403327,149206.7037411
2006-01-19,EGX:EFIC,13.77369748,14.02968035,13.5138164,13.82697311,188286.11583092
2006-01-22,EGX:EFIC,13.90363803,13.9686083,13.58138548,13.78149392,1169488.73155111
2006-01-23,EGX:EFIC,13.9686083,14.93016831,13.90363803,14.44289128,1389135.34448049
2006-01-24,EGX:EFIC,14.17651317,14.4234002,14.03357857,14.19730365,555838.83765241
2006-01-25,EGX:EFIC,14.29345965,15.46292453,14.10504587,14.72746107,657123.62349605
2006-01-26,EGX:EFIC,15.57987102,19.10125972,15.36546913,17.56536121,3015640.79264317
2006-01-29,EGX:EFIC,18.84137863,19.49108135,17.16514694,18.07732825,992169.16992027
2006-01-30,EGX:EFIC,18.18907711,18.19167592,15.91771643,16.8195038,572654.22075919
2006-02-01,EGX:EFIC,17.3470624,17.67191375,16.8922705,17.19503196,2503791.30503121
2006-02-02,EGX:EFIC,17.8018543,17.8031524,16.24256779,16.98322888,718228.49391613
2006-02-05,EGX:EFIC,16.24256779,16.74153947,15.59286508,16.29194519,206032.69406627
2006-02-06,EGX:EFIC,16.50244887,16.63109001,15.72410502,16.10613022,606431.20769542
2006-02-07,EGX:EFIC,15.9826867,15.98398611,15.46942156,15.66563178,318876.61282817
2006-02-08,EGX:EFIC,15.59286508,15.59286508,14.07256073,14.70017355,124972.54291581
2006-02-09,EGX:EFIC,14.4234002,14.4234002,13.90363803,14.06866252,385830.31215495
2006-02-12,EGX:EFIC,14.50136452,14.50136452,14.06996192,14.233687,232190.81176876
2006-02-13,EGX:EFIC,14.15052506,14.4234002,13.90363803,14.18301019,367506.54685644
2006-02-14,EGX:EFIC,14.16481852,14.81322182,14.16351911,14.58322706,161566.20272028
2006-02-15,EGX:EFIC,14.68328128,14.68328128,13.9686083,14.12713576,234299.46850618
2006-02-16,EGX:EFIC,13.77369748,13.90363803,12.99535364,13.28642045,265005.82026639
2006-02-19,EGX:EFIC,13.19026445,14.16351911,12.99405423,13.83476954,254116.22434141
2006-02-20,EGX:EFIC,13.93612316,14.16351911,13.25523472,13.75160759,467513.82533362
2006-02-21,EGX:EFIC,13.25523472,13.61127181,13.25523472,13.42935505,356870.91323924
2006-02-22,EGX:EFIC,13.26822877,13.77369748,13.26692937,13.66454743,128212.48629703
2006-02-23,EGX:EFIC,13.87764992,14.55204133,13.77369748,14.15572268,271678.10271655
2006-02-26,EGX:EFIC,14.29345965,14.29345965,13.64375694,13.83736835,122571.44473306
2006-02-27,EGX:EFIC,13.5138164,14.68328128,13.5138164,14.13883041,640123.54052906
2006-02-28,EGX:EFIC,14.29345965,15.07310291,14.16611792,14.5676342,947456.41209399
2006-03-01,EGX:EFIC,14.4234002,14.67028723,14.16351911,14.3519329,253485.16648568
2006-03-02,EGX:EFIC,14.16481852,14.16481852,13.54630154,13.73211651,246328.04690248
2006-03-05,EGX:EFIC,13.77369748,13.77369748,12.73417315,12.96806651,774962.13431118
2006-03-06,EGX:EFIC,13.44884613,13.44884613,12.34694994,12.79524533,259118.51222214
2006-03-07,EGX:EFIC,12.21441098,12.73417315,12.21441098,12.6042326,305624.39785797
2006-03-08,EGX:EFIC,12.22870457,12.6042326,12.21441098,12.4729924,285923.07943538
2006-03-09,EGX:EFIC,12.21441098,12.73417315,12.21441098,12.5938371,172532.75692035
2006-03-12,EGX:EFIC,12.40932179,12.6042326,12.01950016,12.18192584,136039.1428735
2006-03-13,EGX:EFIC,12.08447043,12.08447043,11.0449461,11.26194654,347812.92426135
2006-03-14,EGX:EFIC,10.52518393,13.38257645,9.74554067,12.25469229,1119119.54050585
2006-03-15,EGX:EFIC,12.99405423,13.35658834,11.69464881,12.6276219,283529.67708014
2006-03-16,EGX:EFIC,12.59123881,12.73417315,11.82718777,12.41711796,200222.3442971
2006-03-19,EGX:EFIC,12.08447043,12.73677157,12.08447043,12.65231099,65791.62937295
2006-03-20,EGX:EFIC,12.6042326,12.73287348,12.55355592,12.60163418,53232.03887854
2006-03-21,EGX:EFIC,12.56654972,12.6042326,12.47429206,12.50807686,331228.41597983
2006-03-22,EGX:EFIC,12.60293294,12.6042326,12.21441098,12.34435152,884458.36810675
2006-03-23,EGX:EFIC,12.2170094,12.59123881,12.21441098,12.30407021,93227.25444191
2006-03-26,EGX:EFIC,12.46779464,12.47559173,12.2170094,12.28327933,79874.9937141
2006-03-27,EGX:EFIC,12.89919725,13.12399477,12.25339353,12.42621367,184122.67314864
2006-03-28,EGX:EFIC,12.34565118,12.43141142,12.34435152,12.35084894,493695.03051864
2006-03-29,EGX:EFIC,12.31186638,12.40932179,12.21441098,12.32356051,238824.61508137
2006-03-30,EGX:EFIC,12.6042326,12.6042326,12.22220715,12.28717742,106271.68206937
2006-04-02,EGX:EFIC,12.47429206,12.47429206,12.22740477,12.29887259,165806.60367764
2006-04-03,EGX:EFIC,12.33135772,12.34435152,12.28977675,12.3417531,169808.43398223
2006-04-04,EGX:EFIC,12.34435152,12.34565118,12.2170094,12.26378799,239055.48990664
2006-04-05,EGX:EFIC,12.34305185,12.40802213,12.27938125,12.34435152,534960.05762096
2006-04-06,EGX:EFIC,12.47429206,12.47429206,12.27938125,12.35344736,689299.87831045
2006-04-09,EGX:EFIC,12.27938125,13.12269537,12.22740477,12.78484983,651197.83631426
2006-04-11,EGX:EFIC,12.99405423,12.99405423,12.47559173,12.68739442,398520.731717
2006-04-12,EGX:EFIC,12.99275457,13.25393532,12.6042326,12.8940004,558178.36921509
2006-04-13,EGX:EFIC,12.51067528,12.60293294,12.21441098,12.35864511,203085.19213039
2006-04-16,EGX:EFIC,11.95452989,12.20141718,11.62967854,11.85447606,248021.12895442
2006-04-17,EGX:EFIC,12.11695557,12.11695557,11.43476772,11.65956525,158657.17992194
2006-04-18,EGX:EFIC,11.36979745,11.56470827,11.30482718,11.42956997,224625.81332759
2006-04-19,EGX:EFIC,11.56470827,11.82458935,11.43476772,11.55301414,546219.05326637
2006-04-20,EGX:EFIC,11.82458935,11.95193147,11.68815139,11.72713394,90210.49005845
2006-04-26,EGX:EFIC,12.08317077,12.08317077,11.50103766,11.57640239,239571.11034973
2006-04-27,EGX:EFIC,11.56470827,11.56470827,11.49973799,11.54781638,92234.49269327
2006-04-30,EGX:EFIC,11.69464881,11.69464881,11.44126514,11.51143212,86955.15502222
2006-05-02,EGX:EFIC,11.69464881,11.69594847,11.44776152,11.65176817,172832.8941932
2006-05-03,EGX:EFIC,11.56600793,11.67905555,11.43476772,11.57900185,90156.61926589
2006-05-04,EGX:EFIC,11.45685736,11.64916988,11.45685736,11.53092346,130213.40144932
2006-05-07,EGX:EFIC,11.43476772,11.43476772,11.17488664,11.27234205,68008.02769549
2006-05-08,EGX:EFIC,11.20737177,11.30352752,11.0449461,11.16968889,40657.05672912
2006-05-09,EGX:EFIC,11.05144351,11.05274227,10.65512447,10.96178428,98460.41714791
2006-05-10,EGX:EFIC,10.39524338,11.04364643,10.39524338,10.80715464,32137.77567685
2006-05-11,EGX:EFIC,10.39784181,10.72009474,10.39784181,10.63693292,145204.87343651
2006-05-14,EGX:EFIC,10.52518393,10.5901542,10.27180026,10.41473473,253869.95786112
2006-05-15,EGX:EFIC,10.26530284,10.26530284,9.36871284,9.72734913,284876.44689418
2006-05-16,EGX:EFIC,9.6805704,9.74554067,9.6233963,9.69486399,43289.02973714
2006-05-17,EGX:EFIC,9.48565959,9.87548122,9.29204844,9.54023436,46482.7981533
2006-05-18,EGX:EFIC,10.06909236,10.06909236,9.68706782,9.75333685,145181.78595399
2006-05-21,EGX:EFIC,9.6805704,9.87548122,9.09583796,9.4375812,237685.63261007
2006-05-22,EGX:EFIC,8.96589742,9.03086769,8.44613525,8.77358503,221278.12836125
2006-05-23,EGX:EFIC,8.44613525,8.96589742,7.92767223,8.32659021,375794.95308344
2006-05-24,EGX:EFIC,9.2257785,9.2257785,8.5864713,8.77098661,496165.39114898
2006-05-25,EGX:EFIC,8.44613525,9.31673649,8.44613525,8.82166329,152408.16798477
2006-05-28,EGX:EFIC,9.51814472,9.54933019,9.03216736,9.2257785,247182.28375596
2006-05-29,EGX:EFIC,9.1283231,9.22837692,9.09583796,9.18419753,180890.42559494
2006-05-30,EGX:EFIC,9.17250236,9.35701871,9.17250236,9.27125743,44058.61248802
2006-05-31,EGX:EFIC,9.35571905,9.54673177,9.2257785,9.41679123,132930.02855994
2006-06-01,EGX:EFIC,10.1353623,10.26270442,9.71305554,10.05090069,118838.96839128
2006-06-04,EGX:EFIC,9.90796635,10.39524338,9.87678088,10.08728391,299052.16116544
2006-06-05,EGX:EFIC,9.88197863,9.88197863,9.61560013,9.74554067,57680.22717864
2006-06-06,EGX:EFIC,9.74684034,9.87418155,9.74554067,9.77802581,171578.47430926
2006-06-07,EGX:EFIC,9.87548122,9.9261579,9.81181061,9.87418155,107510.71029829
2006-06-08,EGX:EFIC,9.81051094,9.87548122,9.68706782,9.82480453,27089.31283106
2006-06-11,EGX:EFIC,9.49865338,9.49865338,8.96589742,9.17770011,102431.46414246
2006-06-12,EGX:EFIC,8.77358503,9.02956803,8.65663932,8.73200405,81298.72180323
2006-06-13,EGX:EFIC,8.8385553,8.8385553,8.51110552,8.71771046,109334.62141788
2006-06-14,EGX:EFIC,8.51110552,8.51110552,8.18625417,8.32399088,92634.67572373
2006-06-15,EGX:EFIC,8.57607579,9.02956803,8.44613525,8.73850147,66376.51226362
2006-06-18,EGX:EFIC,8.97239484,9.43368311,8.97239484,9.17380203,179012.64368278
2006-06-19,EGX:EFIC,9.43368311,9.43368311,9.1153293,9.34532354,76973.66674327
2006-06-20,EGX:EFIC,9.35312063,9.35571905,9.0945383,9.11662897,79305.50247844
2006-06-21,EGX:EFIC,8.90092715,9.09583796,8.83595688,8.89442973,18593.11926132
2006-06-22,EGX:EFIC,8.96589742,9.09323954,8.84635238,8.98408897,9619.78438603
2006-06-25,EGX:EFIC,8.9931848,8.9931848,8.83595688,8.90092715,22379.46639566
2006-06-26,EGX:EFIC,8.84245429,8.84245429,8.57607579,8.76968694,44281.79148578
2006-06-27,EGX:EFIC,8.57607579,8.63844764,8.48251847,8.56957838,80813.88467017
2006-06-28,EGX:EFIC,8.70601633,8.707316,8.57607579,8.63324989,118246.3896731
2006-06-29,EGX:EFIC,8.60986059,8.6735312,8.53839291,8.59036938,714903.89643231
2006-07-02,EGX:EFIC,8.70601633,8.80347174,8.70601633,8.72680734,47575.60565956
2006-07-03,EGX:EFIC,8.77228627,8.77228627,8.6735312,8.71121409,75419.10958649
2006-07-04,EGX:EFIC,8.65663932,8.79307624,8.62155472,8.70601633,69362.49333704
2006-07-05,EGX:EFIC,9.09583796,9.09583796,8.71641184,9.05425699,181329.08776294
2006-07-06,EGX:EFIC,9.2257785,9.35571905,9.18679595,9.2595633,131129.20492287
2006-07-09,EGX:EFIC,9.2257785,9.2257785,8.57867421,8.94770587,26358.20921773
2006-07-10,EGX:EFIC,9.03736511,9.16080823,9.03086769,9.11662897,166760.88628873
2006-07-11,EGX:EFIC,9.11662897,9.35441938,8.93081386,9.15431082,94173.84122549
2006-07-12,EGX:EFIC,9.10233538,9.1283231,8.97239484,9.06205316,91811.22218028
2006-07-13,EGX:EFIC,8.83595688,8.83595688,8.61505834,8.80736983,74803.44338578
2006-07-16,EGX:EFIC,8.61245901,9.09323954,7.86140281,8.47862039,30167.64383459
2006-07-17,EGX:EFIC,8.83595688,9.0945383,8.57607579,8.81516587,25781.02215456
2006-07-18,EGX:EFIC,8.93081386,8.96719708,8.84895067,8.9594,13005.94848991
2006-07-19,EGX:EFIC,8.72030992,8.77228627,8.72030992,8.76708852,14622.07226677
2006-07-20,EGX:EFIC,8.66833345,8.76838818,8.66833345,8.75149526,13852.48951589
2006-07-24,EGX:EFIC,8.82296308,9.16080823,8.707316,8.9931848,55425.34971856
2006-07-25,EGX:EFIC,8.71511217,8.96069967,8.71381251,8.82686104,225410.78773349
2006-07-26,EGX:EFIC,8.83595688,9.47006633,8.83595688,9.14521498,135331.12674269
2006-07-27,EGX:EFIC,9.35441938,9.42068932,9.16080823,9.27125743,52146.9271998
2006-07-30,EGX:EFIC,9.42068932,9.47006633,9.16080823,9.21668267,95520.61103954
2006-07-31,EGX:EFIC,9.35571905,9.35571905,8.99838255,9.17640149,23064.39504395
2006-08-01,EGX:EFIC,9.22707817,9.25176622,9.16080823,9.21668267,64998.95913954
2006-08-02,EGX:EFIC,9.16080823,9.19979079,8.97239484,9.13482051,30883.35579292
2006-08-03,EGX:EFIC,8.83725654,9.16080823,8.70601633,9.08154437,225618.57507623
2006-08-06,EGX:EFIC,9.09583796,9.09583796,8.84895067,9.00617873,3501.60151652
2006-08-07,EGX:EFIC,9.03086769,9.34272525,9.00617873,9.21278471,384729.80882119
2006-08-08,EGX:EFIC,9.2257785,9.34142546,9.06335283,9.1854972,107210.57302544
2006-08-09,EGX:EFIC,9.09583796,9.09583796,8.97889121,9.06855058,40687.84003916
2006-08-10,EGX:EFIC,8.96849584,9.03086769,8.84895067,8.95030416,93619.74164486
2006-08-13,EGX:EFIC,8.90092715,9.03086769,8.90092715,8.97239484,82076.00038162
2006-08-14,EGX:EFIC,8.96589742,8.96589742,8.88143581,8.92691487,94820.29073623
2006-08-15,EGX:EFIC,8.87493943,8.95290362,8.83725654,8.88403527,54909.72927547
2006-08-16,EGX:EFIC,8.77098661,8.89962748,8.57607579,8.61505834,167422.72745449
2006-08-17,EGX:EFIC,8.59036938,8.59036938,8.32399088,8.42924337,43404.46714977
2006-08-20,EGX:EFIC,8.44613525,8.69042308,8.38506307,8.4643268,119316.10969683
2006-08-21,EGX:EFIC,8.45003334,8.63324989,8.44613525,8.53839291,213343.73019965
2006-08-22,EGX:EFIC,8.64104606,8.76968694,8.57607579,8.67612962,200122.29853949
2006-08-23,EGX:EFIC,8.57607579,8.68912445,8.57607579,8.61895643,14006.40606606
2006-08-24,EGX:EFIC,8.64104606,8.73850147,8.60986059,8.6839267,85693.03931077
2006-08-27,EGX:EFIC,8.70471667,8.89962748,8.59166905,8.78138211,127889.26154166
2006-08-28,EGX:EFIC,8.963299,9.29074877,8.84245429,9.14131689,536606.96470785
2006-08-29,EGX:EFIC,9.35571905,9.35571905,9.03086769,9.1854972,793716.86595019
2006-08-30,EGX:EFIC,9.2257785,9.29074877,9.09583796,9.22837692,481112.35254171
2006-08-31,EGX:EFIC,9.32973133,9.74294225,9.2257785,9.46097063,701759.42304724
2006-09-03,EGX:EFIC,9.61430047,9.66757661,9.29074877,9.43888086,391725.31602671
2006-09-04,EGX:EFIC,9.44667704,9.60000688,9.35571905,9.50385113,266060.1486351
2006-09-05,EGX:EFIC,9.60260634,9.87548122,9.55062986,9.69226453,836628.8001394
2006-09-06,EGX:EFIC,9.55062986,9.74424101,9.55062986,9.67407298,54717.33358775
2006-09-07,EGX:EFIC,9.55192952,9.61560013,9.42848549,9.47006633,45328.42402698
2006-09-10,EGX:EFIC,9.58181533,9.58181533,9.35571905,9.43108482,71609.67496962
2006-09-11,EGX:EFIC,9.45057603,9.57401916,9.38950385,9.43108482,31652.9385438
2006-09-12,EGX:EFIC,9.57661758,9.80921128,9.37001264,9.56752174,917542.73056719
2006-09-13,EGX:EFIC,9.74424101,10.13406263,9.61560013,9.69096591,1349671.14101523
2006-09-14,EGX:EFIC,10.15485364,10.49789654,10.14835609,10.29388989,415220.67741115
2006-09-17,EGX:EFIC,10.26530284,10.65512447,10.1353623,10.31597952,238801.52759884
2006-09-18,EGX:EFIC,10.1353623,10.1353623,9.9469489,10.0483024,130559.71368722
2006-09-19,EGX:EFIC,10.00542176,10.25880543,9.98723021,10.07558978,174510.58459012
2006-09-20,EGX:EFIC,10.1353623,10.1353623,9.95344528,10.02231364,88909.89520946
2006-09-21,EGX:EFIC,9.9027686,10.00542176,9.61560013,9.82090645,194727.5234558
2006-09-24,EGX:EFIC,9.74554067,9.87548122,9.74554067,9.86508571,55894.7951966
2006-09-25,EGX:EFIC,9.87548122,9.87548122,9.6805704,9.80661286,166853.23621884
2006-09-26,EGX:EFIC,9.84299608,9.87548122,9.6805704,9.7910196,14622.07226677
2006-09-27,EGX:EFIC,9.73254688,9.87548122,9.73254688,9.81310937,18831.6899141
2006-09-28,EGX:EFIC,9.87548122,9.87678088,9.82350474,9.87288279,140487.3311736
2006-10-01,EGX:EFIC,9.81051094,9.87548122,9.74554067,9.76633168,49792.0039821
2006-10-02,EGX:EFIC,10.13276388,10.13276388,9.74554067,9.78582198,37286.28428026
2006-10-03,EGX:EFIC,9.77932547,9.78452323,9.6805704,9.76633168,58334.37251689
2006-10-04,EGX:EFIC,9.68187007,9.69486399,9.64938493,9.67537265,34585.04882466
2006-10-08,EGX:EFIC,9.6805704,9.71305554,9.6805704,9.69226453,29913.6815268
2006-10-09,EGX:EFIC,9.71955295,9.71955295,9.09843638,9.59740858,46290.40246558
2006-10-10,EGX:EFIC,9.55062986,9.56362365,9.09713763,9.18679595,269292.39618881
2006-10-11,EGX:EFIC,9.09713763,9.45317445,8.83725654,9.15041273,109280.75062532
2006-10-12,EGX:EFIC,9.35571905,9.41938965,9.30374257,9.33362941,13090.60259251
2006-10-15,EGX:EFIC,9.35701871,9.42068932,9.35571905,9.3609168,17623.44499521
2006-10-16,EGX:EFIC,9.42068932,9.45317445,9.36221646,9.39730002,20647.90520618
2006-10-17,EGX:EFIC,9.45317445,9.45317445,9.35571905,9.37391059,12928.99021483
2006-10-18,EGX:EFIC,9.35701871,9.48825801,9.35701871,9.46616825,64029.28487343
2006-10-19,EGX:EFIC,9.48565959,9.48565959,9.36351522,9.48046184,85662.25600073
2006-10-22,EGX:EFIC,9.49475543,9.49475543,9.35571905,9.39600035,204093.34553404
2006-10-29,EGX:EFIC,9.50515093,9.51814472,9.38820418,9.41549157,255032.02781496
2006-10-30,EGX:EFIC,9.38170676,9.48565959,9.35961713,9.46876771,155201.75337048
2006-10-31,EGX:EFIC,9.38820418,9.6805704,9.35571905,9.5701212,126858.02065547
2006-11-01,EGX:EFIC,9.74424101,9.74424101,9.48565959,9.62079788,107749.28095106
2006-11-02,EGX:EFIC,9.45577287,9.6467856,9.45577287,9.50904889,177804.3987639
2006-11-05,EGX:EFIC,9.35571905,9.62209755,9.35571905,9.46097063,75588.41779168
2006-11-06,EGX:EFIC,9.38170676,9.38170676,9.09583796,9.25306589,181082.82128266
2006-11-07,EGX:EFIC,9.21278471,9.29074877,9.12182568,9.21798233,85639.16851821
2006-11-08,EGX:EFIC,9.25826364,9.25826364,9.09583796,9.14391635,37309.37176278
2006-11-09,EGX:EFIC,9.09713763,9.2257785,9.09583796,9.14261669,100892.2986407
2006-11-12,EGX:EFIC,9.16080823,9.2257785,9.16080823,9.20238921,11120.47075025
2006-11-13,EGX:EFIC,9.2257785,9.22837692,9.0945383,9.09973605,811240.26518779
2006-11-14,EGX:EFIC,9.09713763,9.17380203,9.08024471,9.10233538,201138.14777065
2006-11-15,EGX:EFIC,9.10363413,9.16080823,9.04646095,9.0945383,176372.97484726
2006-11-16,EGX:EFIC,9.09583796,9.35571905,8.96589742,8.98538876,1266887.1245028
2006-11-19,EGX:EFIC,9.29204844,9.34272525,8.83595688,8.9931848,287323.72004199
2006-11-20,EGX:EFIC,8.96589742,9.09323954,8.96589742,9.03346611,67784.84869773
2006-11-21,EGX:EFIC,9.09583796,9.18679595,8.90742456,9.04905924,225256.87118331
2006-11-22,EGX:EFIC,9.09843638,9.1919937,8.96589742,9.08674212,50523.10759544
2006-11-23,EGX:EFIC,9.09583796,9.16080823,9.09583796,9.10363413,94258.49532809
2006-11-26,EGX:EFIC,9.10883176,9.15431082,9.09583796,9.11402951,109611.6712082
2006-11-27,EGX:EFIC,9.16080823,9.21148491,8.92171815,9.00617873,214528.88763601
2006-11-28,EGX:EFIC,9.0945383,9.09583796,8.92041849,8.99708289,121024.58340378
2006-11-29,EGX:EFIC,8.96589742,8.96719708,8.83595688,8.85934617,56364.24067464
2006-11-30,EGX:EFIC,8.90092715,9.0178739,8.88793335,8.94770587,74972.75159097
2006-12-03,EGX:EFIC,8.96719708,8.96719708,8.84245429,8.9360107,54324.8463848
2006-12-04,EGX:EFIC,8.90092715,9.04386148,8.85674788,8.91132265,69885.80960764
2006-12-05,EGX:EFIC,9.02956803,9.09583796,8.81386724,8.85934617,100622.94467789
2006-12-06,EGX:EFIC,8.83725654,8.96589742,8.83595688,8.89053164,72702.48247587
2006-12-07,EGX:EFIC,9.0178739,10.1353623,9.0178739,9.4817615,314590.03690575
2006-12-10,EGX:EFIC,9.44667704,10.5901542,9.44667704,9.99372763,2166891.06417737
2006-12-11,EGX:EFIC,10.64862705,10.65512447,10.22632029,10.43162661,721776.27039769
2006-12-12,EGX:EFIC,10.42772852,10.42772852,9.78062423,10.00802018,660740.6624252
2006-12-13,EGX:EFIC,9.90796635,10.23931512,9.87548122,10.04050531,445011.22569781
2006-12-14,EGX:EFIC,10.1353623,10.1353623,9.56362365,9.75203809,384899.11702638
2006-12-17,EGX:EFIC,9.35701871,10.00542176,9.35701871,9.80791252,432159.19375808
2006-12-18,EGX:EFIC,9.87548122,10.16135002,9.68706782,9.99372763,516844.07966519
2006-12-19,EGX:EFIC,9.97813437,10.00022401,9.61560013,9.75203809,342371.97421261
2006-12-20,EGX:EFIC,9.70785779,9.86118763,9.50645059,9.64158785,169085.0261964
2006-12-21,EGX:EFIC,9.73254688,9.85858933,9.48695925,9.59870825,185715.70944297
2006-12-24,EGX:EFIC,9.61560013,9.61560013,9.43368311,9.52983885,189255.79009703
2006-12-25,EGX:EFIC,9.49865338,9.67927074,9.23487434,9.38170676,249067.76149562
2006-12-26,EGX:EFIC,9.48435992,9.52464214,9.30374257,9.42848549,193180.66212653
2006-12-27,EGX:EFIC,9.42068932,9.63509147,9.42068932,9.50774922,104809.47484269
2006-12-28,EGX:EFIC,9.48825801,9.60260634,9.24007209,9.42068932,195928.07254718
2007-01-03,EGX:EFIC,9.53633627,9.99892434,9.53633627,9.71565396,140271.84800336
2007-01-04,EGX:EFIC,9.61560013,11.39578517,9.61560013,10.46800983,2542662.92977829
2007-01-08,EGX:EFIC,11.1553953,11.17488664,10.46151332,10.81625048,937244.04898978
2007-01-09,EGX:EFIC,10.40953697,10.65122638,10.2458115,10.36665634,1008699.80740922
2007-01-10,EGX:EFIC,10.39524338,10.62783709,10.17694327,10.38094979,365228.58191382
2007-01-11,EGX:EFIC,10.38094979,10.97997582,10.29259023,10.66032222,1167010.67509326
2007-01-14,EGX:EFIC,10.72009474,11.17098855,10.65512447,10.98257425,1108707.08588641
2007-01-15,EGX:EFIC,11.1553953,11.95452989,10.85003528,11.66086401,3402771.69964712
2007-01-16,EGX:EFIC,11.95452989,11.95452989,11.17488664,11.48284611,1406574.08961548
2007-01-17,EGX:EFIC,11.46725286,12.99405423,11.46725286,12.02209858,4080112.26200885
2007-01-18,EGX:EFIC,11.95452989,12.0182005,11.43476772,11.66216367,1690888.74110152
2007-01-22,EGX:EFIC,11.79860163,11.79990039,11.31782098,11.51403158,957714.95016326
2007-01-23,EGX:EFIC,11.43476772,11.55171447,11.18918023,11.3749952,688522.59973206
2007-01-24,EGX:EFIC,11.42177393,11.81029576,10.97997582,11.43606739,945978.8132123
2007-01-25,EGX:EFIC,10.92150297,11.26974362,10.40953697,10.82794565,988051.90220304
2007-01-28,EGX:EFIC,10.85003528,10.88252042,9.94304991,10.39914147,975546.1825012
2007-01-29,EGX:EFIC,9.94045149,11.0319523,9.94045149,10.46930949,773661.53946219
2007-01-30,EGX:EFIC,11.04104801,11.23985691,10.46021366,10.86432887,854252.24513461
2007-01-31,EGX:EFIC,11.10601828,12.21311131,10.53557943,11.52182763,4263288.34837391
2007-02-01,EGX:EFIC,10.39524338,11.0449461,10.39524338,10.74218437,1106644.60411404
2007-02-04,EGX:EFIC,10.65512447,10.72009474,10.20033257,10.38094979,396650.64563236
2007-02-05,EGX:EFIC,10.2808961,10.33027311,9.74554067,10.02101501,587607.21360884
2007-02-06,EGX:EFIC,9.62209755,10.1353623,9.62079788,9.99502625,501213.85399477
2007-02-07,EGX:EFIC,10.07169169,10.45891399,10.01841555,10.25230905,394934.47609789
2007-02-08,EGX:EFIC,10.26530284,10.36015983,10.08728391,10.18473932,260873.16089416
2007-02-11,EGX:EFIC,10.1353623,10.31727932,10.00672142,10.14056005,206894.62674726
2007-02-12,EGX:EFIC,10.04440431,10.07169169,9.81051094,9.9261579,282906.31505192
2007-02-13,EGX:EFIC,9.81051094,10.20033257,9.81051094,10.06519428,610771.6544104
2007-02-14,EGX:EFIC,10.1353623,10.29518956,10.01971535,10.13796072,453345.80688987
2007-02-15,EGX:EFIC,10.06909236,10.51219013,10.03790689,10.30168606,1129331.90361006
2007-02-18,EGX:EFIC,10.16005126,10.52518393,10.13666197,10.27050059,618813.79415712
2007-02-19,EGX:EFIC,10.26530284,10.4550159,10.07299045,10.19123673,598619.94277397
2007-02-20,EGX:EFIC,10.1353623,10.30948211,10.08338582,10.17824294,313589.57932961
2007-02-21,EGX:EFIC,10.13926039,10.16784744,10.08338582,10.11847042,266167.89022023
2007-02-22,EGX:EFIC,10.07688945,10.16784744,10.06389461,10.09637975,199522.0239938
2007-02-25,EGX:EFIC,10.10547559,10.26400318,10.07039203,10.13406263,234468.77671138
2007-02-26,EGX:EFIC,10.19383515,10.22632029,10.08338582,10.14056005,333660.29747262
2007-02-27,EGX:EFIC,10.08338582,10.18733878,9.99892434,10.10417683,364851.48636589
2007-02-28,EGX:EFIC,10.03140948,10.03140948,9.74684034,9.85079225,517859.92889635
2007-03-01,EGX:EFIC,9.76243255,10.03140948,9.75853447,9.95604474,253238.9000054
2007-03-04,EGX:EFIC,9.87548122,9.92096015,9.81181061,9.85988796,161589.2902028
2007-03-05,EGX:EFIC,9.87548122,9.90146893,9.74684034,9.7923194,308264.0666935
2007-03-06,EGX:EFIC,9.87418155,10.11976905,9.77542739,9.97813437,399575.06008571
2007-03-07,EGX:EFIC,10.03790689,10.12236851,10.00412209,10.04570307,508324.79861292
2007-03-08,EGX:EFIC,10.07169169,10.76167571,10.01191917,10.54077718,2320030.33577549
2007-03-11,EGX:EFIC,10.77856759,10.98257425,10.66811826,10.89161626,1203427.33086503
2007-03-12,EGX:EFIC,10.81105273,10.86172941,10.53817772,10.72789091,852266.72163733
2007-03-13,EGX:EFIC,10.40953697,10.82404756,10.40953697,10.66941806,475679.09832048
2007-03-14,EGX:EFIC,10.72009474,10.78246659,10.39524338,10.54857322,623462.07397245
2007-03-15,EGX:EFIC,10.59145386,10.70710095,10.59145386,10.66162189,482312.90163309
2007-03-18,EGX:EFIC,10.39524338,10.39524338,9.10883176,10.15745193,1382170.620585
2007-03-19,EGX:EFIC,9.97293662,10.23931512,9.97293662,10.14315847,743039.84180458
2007-03-20,EGX:EFIC,10.10807492,10.14185972,9.88197863,10.07948787,673046.29061181
2007-03-21,EGX:EFIC,9.93395407,10.17174552,9.8897748,10.11976905,545965.09095858
2007-03-22,EGX:EFIC,10.1353623,10.1353623,9.95344528,10.05090069,283860.59766302
2007-03-25,EGX:EFIC,9.94824766,10.03790689,9.84429575,9.94175115,190425.55587837
2007-03-26,EGX:EFIC,10.00282334,10.00542176,9.87678088,9.95604474,272516.94791501
2007-03-27,EGX:EFIC,9.94045149,9.94434957,9.82350474,9.86638538,348390.11132452
2007-03-28,EGX:EFIC,9.87548122,9.88717534,9.83649866,9.85858933,239424.88962706
2007-03-29,EGX:EFIC,9.87678088,10.00542176,9.86248742,9.89627222,197436.45473891
2007-04-02,EGX:EFIC,10.00412209,10.04440431,9.90926602,9.98333213,260642.28606889
2007-04-03,EGX:EFIC,9.98073279,10.05350015,9.89757085,9.99242796,262951.03432154
2007-04-04,EGX:EFIC,9.9027686,9.94045149,9.83390024,9.87678088,273917.58852161
2007-04-05,EGX:EFIC,9.87548122,10.00152367,9.79751715,9.84039766,266760.46893841
2007-04-10,EGX:EFIC,9.87548122,10.06909236,9.87548122,9.95344528,93273.42940696
2007-04-11,EGX:EFIC,10.06389461,10.06389461,9.85598987,9.89107447,264544.07061586
2007-04-12,EGX:EFIC,9.87548122,10.00672142,9.81051094,9.93525373,289709.42656972
2007-04-15,EGX:EFIC,9.87678088,10.00542176,9.87548122,9.91576252,151076.78982575
2007-04-16,EGX:EFIC,9.8793793,10.1015775,9.8793793,10.01711589,298690.45727252
2007-04-17,EGX:EFIC,10.06389461,10.17434485,9.87548122,9.94304991,215798.69917497
2007-04-18,EGX:EFIC,9.87678088,9.99112817,9.87548122,9.8923731,102146.71852464
2007-04-19,EGX:EFIC,9.88327739,9.97163696,9.81181061,9.85339158,709532.20883115
2007-04-22,EGX:EFIC,9.91446377,9.93395407,9.81181061,9.86248742,220677.85381556
2007-04-23,EGX:EFIC,9.84299608,9.95344528,9.81700836,9.87158313,324586.91683972
2007-04-24,EGX:EFIC,9.8494935,9.87548122,9.75203809,9.81960678,190079.24364047
2007-04-26,EGX:EFIC,9.87548122,9.92355961,9.77932547,9.87288279,309556.96571498
2007-04-29,EGX:EFIC,9.99242796,9.99242796,9.82480453,9.87678088,226649.81596241
2007-04-30,EGX:EFIC,9.87548122,9.87678088,9.85339158,9.8689838,128743.49839514
2007-05-02,EGX:EFIC,9.87548122,9.91446377,9.82350474,9.86118763,200807.22718777
2007-05-03,EGX:EFIC,9.84039766,9.88847501,9.82350474,9.87028346,140756.68513641
2007-05-06,EGX:EFIC,9.87548122,10.51219013,9.87548122,10.22761996,1123837.08276876
2007-05-07,EGX:EFIC,10.33027311,10.42772852,10.16784744,10.38484788,766504.41987899
2007-05-08,EGX:EFIC,10.38224959,10.46021366,10.23931512,10.34976445,467683.13353881
2007-05-09,EGX:EFIC,10.26530284,10.34976445,10.13666197,10.22632029,239378.71466201
2007-05-10,EGX:EFIC,10.34976445,10.38224959,10.08078753,10.21332637,325502.72031327
2007-05-13,EGX:EFIC,10.23541613,10.33027311,10.1353623,10.16524901,248736.84091274
2007-05-14,EGX:EFIC,10.25880543,10.26530284,10.18214103,10.23281771,268969.17143344
2007-05-15,EGX:EFIC,10.26530284,10.38094979,10.26530284,10.32247694,524055.07004096
2007-05-16,EGX:EFIC,10.39524338,10.39524338,10.24061388,10.29388989,457624.68698478
2007-05-17,EGX:EFIC,10.33027311,10.49789654,10.22761996,10.37705184,510733.59262318
2007-05-20,EGX:EFIC,10.52258551,10.7109989,10.52258551,10.64472897,483805.8921698
2007-05-21,EGX:EFIC,10.65512447,10.67461581,10.39654305,10.51478842,435068.21655641
2007-05-22,EGX:EFIC,10.46021366,10.59145386,10.40823718,10.51478842,693971.24560831
2007-05-23,EGX:EFIC,9.75203809,10.02751139,9.09583796,9.9703382,250583.83951486
2007-05-24,EGX:EFIC,10.00412209,10.16784744,10.00412209,10.13016455,343603.30661403
2007-05-27,EGX:EFIC,10.23931512,10.26530284,10.07039203,10.20163224,164713.79617138
2007-05-28,EGX:EFIC,10.04440431,10.23931512,10.04440431,10.12626646,243719.16137698
2007-05-29,EGX:EFIC,10.1353623,10.39524338,10.07299045,10.28349439,444811.13418259
2007-05-30,EGX:EFIC,10.3913453,10.58755578,10.33027311,10.41473473,376510.66504176
2007-05-31,EGX:EFIC,10.39524338,10.52518393,10.26660251,10.41863268,539731.47067643
2007-06-03,EGX:EFIC,10.52518393,10.52518393,10.27829664,10.37575204,143250.13324927
2007-06-04,EGX:EFIC,10.39524338,11.66216367,10.39394372,11.10341895,2645702.36429395
2007-06-05,EGX:EFIC,11.69334914,12.33135772,11.69205039,12.01560208,1672665.02156062
2007-06-06,EGX:EFIC,11.94933214,12.02599758,11.05274227,11.31912077,919551.34154699
2007-06-07,EGX:EFIC,11.17488664,11.32431852,10.92799935,11.132006,520653.51428206
2007-06-10,EGX:EFIC,11.30482718,11.33731232,10.85003528,11.14759925,334968.58814912
2007-06-11,EGX:EFIC,11.17488664,11.70114622,11.17488664,11.57250444,785990.25513133
2007-06-12,EGX:EFIC,11.6101872,12.79784375,11.30482718,12.22740477,2588022.1371153
2007-06-13,EGX:EFIC,12.6042326,12.86281402,11.95452989,12.23780027,419384.12009343
2007-06-14,EGX:EFIC,12.23780027,12.66920287,12.03249396,12.3716389,1000288.26794208
2007-06-17,EGX:EFIC,12.60293294,12.70818543,12.47429206,12.58604106,584936.76146327
2007-06-18,EGX:EFIC,12.47429206,13.5138164,12.35214769,12.98885648,1622026.47655255
2007-06-19,EGX:EFIC,13.12399477,14.55334074,12.99405423,13.85556003,1949560.89532815
2007-06-20,EGX:EFIC,14.29345965,14.91717426,13.93612316,14.37402279,650882.3073864
2007-06-21,EGX:EFIC,14.02058451,14.03227916,13.38387586,13.6814397,691801.02225082
2007-06-24,EGX:EFIC,13.897141,13.90363803,13.25393532,13.45144494,528103.0753106
2007-06-25,EGX:EFIC,13.27992342,13.38517526,12.99665304,13.2032585,603722.27641232
2007-06-26,EGX:EFIC,13.21625256,13.49302591,13.12659358,13.27732461,426595.1104692
2007-06-27,EGX:EFIC,13.28642045,13.28642045,12.87061111,13.05252747,384106.44679297
2007-06-28,EGX:EFIC,12.90309624,13.77109867,12.90309624,13.42415743,553129.9063693
2007-07-02,EGX:EFIC,13.12399477,14.27396857,13.12399477,13.82307489,332567.48996637
2007-07-03,EGX:EFIC,13.51511581,14.30645371,13.5138164,14.07775835,741854.68436822
2007-07-04,EGX:EFIC,13.85296122,14.6170116,13.65155337,14.24798046,978332.0720594
2007-07-05,EGX:EFIC,13.9686083,14.94446177,13.9686083,14.46368176,1007745.52479813
2007-07-08,EGX:EFIC,14.94316237,15.07440231,14.4234002,14.74045512,646318.68167366
2007-07-09,EGX:EFIC,14.55334074,15.31349291,14.55204133,15.00163561,929432.78406832
2007-07-10,EGX:EFIC,14.94316237,15.07310291,14.47537641,14.73265869,332175.00276342
2007-07-11,EGX:EFIC,14.4246996,14.81322182,14.35842992,14.57673004,384660.54637361
2007-07-12,EGX:EFIC,14.48837047,14.55334074,13.92442851,14.1596209,463481.211719
2007-07-15,EGX:EFIC,14.03487797,14.48707106,14.03487797,14.2570763,298205.62013947
2007-07-16,EGX:EFIC,14.16481852,14.40390911,13.77889511,14.09335122,304092.92818372
2007-07-17,EGX:EFIC,13.80618262,14.07126133,13.64375694,13.800985,475671.40249297
2007-07-18,EGX:EFIC,14.09854884,14.55334074,13.83996716,14.16611792,436568.90292063
2007-07-19,EGX:EFIC,14.29086084,14.55204133,13.90363803,14.01538689,219030.94672867
2007-07-22,EGX:EFIC,13.91013505,14.03357857,13.70872721,13.82177549,216591.36940838
2007-07-24,EGX:EFIC,13.74121235,14.03357857,13.64505635,13.89584159,518806.51567994
2007-07-25,EGX:EFIC,13.69573316,13.72172127,13.25393532,13.45144494,515866.70957157
2007-07-26,EGX:EFIC,13.76070343,14.55334074,13.38517526,14.13883041,955460.07270317
2007-07-29,EGX:EFIC,13.83866776,14.22848938,13.71522424,13.98679997,511441.60875399
2007-07-30,EGX:EFIC,13.81397905,13.93612316,13.46184018,13.6580504,211250.46511725
2007-07-31,EGX:EFIC,13.89064397,14.02708154,13.64375694,13.76330224,336669.36602857
2007-08-01,EGX:EFIC,13.77369748,13.83866776,13.52031343,13.68923613,119685.50941725
2007-08-02,EGX:EFIC,13.62686467,13.82697311,13.55279856,13.59308013,320546.60739759
2007-08-05,EGX:EFIC,13.53980451,13.99979403,13.53980451,13.87505111,308302.54583104
2007-08-06,EGX:EFIC,13.77369748,13.90233862,13.31890559,13.5138164,482574.55976839
2007-08-07,EGX:EFIC,13.77369748,14.55334074,13.77239808,14.14532744,1164748.10180567
2007-08-08,EGX:EFIC,13.90363803,14.29345965,13.77369748,14.03227916,697557.50122742
2007-08-09,EGX:EFIC,14.2804656,22.08989219,14.09854884,16.85198893,1118580.83258023
2007-08-12,EGX:EFIC,20.79048677,22.08989219,17.93179484,19.18702048,9027074.83878426
2007-08-13,EGX:EFIC,21.05036785,21.05036785,18.34110625,19.32605686,3697198.66847975
2007-08-14,EGX:EFIC,20.14078406,23.90905978,19.18702048,21.03217618,7685122.61276038
2007-08-15,EGX:EFIC,24.03900033,24.68870304,22.60965436,23.58291032,3979697.1046737
2007-08-16,EGX:EFIC,20.79048677,20.79048677,17.67321186,18.81928874,539492.90002366
2007-08-19,EGX:EFIC,16.76232996,18.56200777,16.76232996,17.77586619,3353102.82890516
2007-08-20,EGX:EFIC,17.77586619,17.77586619,16.25166363,16.65058109,2128650.49728602
2007-08-21,EGX:EFIC,16.37250833,17.32497251,16.24386719,16.83509666,2686521.03340076
2007-08-22,EGX:EFIC,17.26909677,17.54197321,16.65058109,17.14435515,1743820.64270722
2007-08-23,EGX:EFIC,16.89097239,17.00921569,16.32183152,16.54013163,2085415.33834144
2007-08-26,EGX:EFIC,16.8922705,17.13785812,16.18409454,16.47516136,2128596.62649346
2007-08-27,EGX:EFIC,16.50114947,16.71035504,15.79167411,16.22827433,2212150.22575677
2007-08-28,EGX:EFIC,16.63238942,16.76232996,16.14511238,16.38160417,1498092.87035043
2007-08-29,EGX:EFIC,16.24386719,17.6589184,16.11522606,17.00921569,3287234.24125712
2007-08-30,EGX:EFIC,17.67191375,17.8018543,17.18463672,17.4912964,1956887.32311655
2007-09-02,EGX:EFIC,17.54197321,17.80055619,17.02091294,17.36005775,1346800.59735444
2007-09-03,EGX:EFIC,17.15215158,17.39254289,16.66877277,16.85198893,1369764.94664077
2007-09-04,EGX:EFIC,16.89097239,17.0832831,16.63368752,16.83379726,1320019.11762373
2007-09-05,EGX:EFIC,16.76362806,16.89097239,16.56741914,16.76752628,936105.06651847
2007-09-06,EGX:EFIC,16.89097239,18.97131918,16.50244887,17.90450603,3525412.40682775
2007-09-09,EGX:EFIC,19.10125972,19.49108135,18.06303349,18.33850874,1086443.05690337
2007-09-10,EGX:EFIC,17.93959127,18.31901765,17.55626667,17.87202089,1516947.64774705
2007-09-11,EGX:EFIC,18.1137103,18.76861193,17.96557808,18.39698198,1488580.82754952
2007-09-12,EGX:EFIC,18.19167592,18.50353193,17.93309294,18.10071754,825854.64162705
2007-09-13,EGX:EFIC,17.93439365,17.99286689,17.63942862,17.79145905,507909.22392744
2007-09-16,EGX:EFIC,17.86682457,17.91879948,17.67191375,17.77326738,262035.23084799
2007-09-17,EGX:EFIC,17.73688402,17.92919603,17.28728845,17.55626667,674423.84373589
2007-09-18,EGX:EFIC,17.41203267,17.84083646,17.41073456,17.66411732,423847.70004855
2007-09-19,EGX:EFIC,17.85253111,17.92399841,17.24310996,17.45491305,1783892.81654567
2007-09-20,EGX:EFIC,17.41203267,17.538075,17.02221104,17.23011721,727086.39137878
2007-09-23,EGX:EFIC,17.1547504,17.91750138,17.08718131,17.50299105,969612.6994919
2007-09-24,EGX:EFIC,17.54197321,17.60434467,17.18723553,17.31587537,524878.5235844
2007-09-25,EGX:EFIC,17.1560498,17.72388867,17.1560498,17.53287607,751058.89406877
2007-09-26,EGX:EFIC,17.54197321,17.73558592,17.30938094,17.50299105,479865.62848528
2007-09-27,EGX:EFIC,17.31457726,17.41203267,17.09367834,17.18983304,921052.02791121
2007-09-30,EGX:EFIC,17.15344969,17.26909677,17.02221104,17.09107953,517767.57896625
2007-10-01,EGX:EFIC,17.15344969,17.21712186,16.95853888,17.1066711,429665.74564522
2007-10-02,EGX:EFIC,16.96113899,17.29508748,16.96113899,17.11706764,765373.13323519
2007-10-03,EGX:EFIC,17.02221104,17.15215158,16.77012639,16.89097239,440209.02933231
2007-10-04,EGX:EFIC,16.79481509,16.87927515,16.64278466,16.71815017,519352.91943307
2007-10-08,EGX:EFIC,16.95724077,17.02221104,16.76362806,16.92865385,314289.89963291
2007-10-09,EGX:EFIC,16.95724077,17.08847942,16.89746682,16.98192947,400006.02642621
2007-10-10,EGX:EFIC,17.02221104,17.08718131,16.90656396,17.00921569,363966.46620238
2007-10-11,EGX:EFIC,16.8922705,17.02610926,16.63238942,16.84809072,551775.44072775
2007-10-16,EGX:EFIC,16.87537823,17.02221104,16.67397169,16.81690499,537176.4559435
2007-10-17,EGX:EFIC,16.89356861,17.47700294,16.8922705,17.32107429,1323082.05697224
2007-10-18,EGX:EFIC,17.39773921,17.39773921,16.95983958,17.09237764,701143.75684653
2007-10-21,EGX:EFIC,17.15215158,17.47570483,16.95853888,17.21841996,802797.94241061
2007-10-22,EGX:EFIC,17.47700294,17.92919603,17.47700294,17.64982386,1491182.01724751
2007-10-23,EGX:EFIC,17.67061565,17.92399841,17.28209213,17.48349997,564134.93970692
2007-10-24,EGX:EFIC,17.3483605,18.12020862,17.3483605,17.84863289,1880860.24315687
2007-10-25,EGX:EFIC,18.10721587,18.51652728,17.94479019,18.26444263,1265024.73424566
2007-10-28,EGX:EFIC,18.25534809,18.32161647,17.87981992,18.04744192,945763.33004205
2007-10-29,EGX:EFIC,17.91360316,18.06173538,17.70050067,17.83433943,617767.16161592
2007-10-30,EGX:EFIC,17.80445311,18.17608306,17.80445311,17.94998651,522769.86684698
2007-10-31,EGX:EFIC,18.05913657,18.05913657,17.41203267,17.56536121,1254366.01314594
2007-11-01,EGX:EFIC,17.43802078,17.86682457,17.41463148,17.67841078,687391.31308826
2007-11-04,EGX:EFIC,17.78496203,17.8980116,17.67451256,17.83693824,697226.58064454
2007-11-05,EGX:EFIC,17.89281268,17.91879948,17.49649272,17.59524883,370869.62347779
2007-11-06,EGX:EFIC,17.70439889,17.70439889,17.30938094,17.40553564,339801.56782467
2007-11-07,EGX:EFIC,17.41203267,17.59005121,17.28858915,17.44581591,615204.45105548
2007-11-08,EGX:EFIC,17.41333078,17.67191375,17.28728845,17.53547618,663534.24781091
2007-11-11,EGX:EFIC,17.54197321,17.86682457,17.54197321,17.76936916,408771.57395876
2007-11-12,EGX:EFIC,17.78236451,17.78236451,17.5393744,17.58095537,324571.5251847
2007-11-13,EGX:EFIC,17.67191375,17.76157273,17.55626667,17.66931494,557401.0906367
2007-11-14,EGX:EFIC,17.71869235,17.86162824,17.67451256,17.78496203,328996.62600228
2007-11-15,EGX:EFIC,17.8278424,18.58149755,17.73688402,18.29042944,1673034.42128105
2007-11-18,EGX:EFIC,18.51522917,18.93103761,18.19167592,18.70234095,977462.4435509
2007-11-19,EGX:EFIC,18.64646782,19.10125972,18.48014393,18.9765155,743532.37476514
2007-11-20,EGX:EFIC,19.03369064,19.10125972,18.64776593,18.74522133,671376.2960424
2007-11-21,EGX:EFIC,18.71143809,18.95702572,18.71143809,18.80499528,725670.35911716
2007-11-22,EGX:EFIC,18.84008053,18.90634891,18.71143809,18.81149231,480304.29065329
2007-11-25,EGX:EFIC,18.77770647,19.08696626,18.77770647,18.8816602,209942.17444075
2007-11-26,EGX:EFIC,18.82838328,18.97002107,18.71143809,18.75171966,464574.01922525
2007-11-27,EGX:EFIC,18.71143809,18.84137863,18.58149755,18.64386901,276926.65707756
2007-11-28,EGX:EFIC,18.58149755,18.71013999,18.47104679,18.51133096,239394.10631702
2007-11-29,EGX:EFIC,18.58019944,18.5944929,18.08122516,18.31251933,557847.44863221
2007-12-02,EGX:EFIC,18.32161647,18.36059863,17.99936392,18.15399447,261996.75171044
2007-12-03,EGX:EFIC,18.06173538,18.25404738,17.99676511,18.09681933,262535.45963606
2007-12-04,EGX:EFIC,18.19167592,18.32161647,18.06173538,18.20207117,365582.58997923
2007-12-05,EGX:EFIC,18.31511944,18.82058815,18.31511944,18.58019944,372131.73918924
2007-12-06,EGX:EFIC,18.70494107,18.70494107,18.33590992,18.41907187,426949.1185346
2007-12-09,EGX:EFIC,18.58149755,18.71143809,18.42036998,18.53991528,322054.98958932
2007-12-10,EGX:EFIC,18.32811349,18.71013999,18.19167592,18.29173014,496842.62396975
2007-12-11,EGX:EFIC,18.32161647,18.32161647,17.94089198,18.04874003,240286.82230805
2007-12-12,EGX:EFIC,18.4255689,18.82838328,17.93309294,18.47754512,1047432.90726114
2007-12-13,EGX:EFIC,18.82838328,19.42611107,18.58149755,19.13244675,1245554.29064833
2007-12-16,EGX:EFIC,19.3611408,19.49108135,19.01290145,19.30656578,556954.73264119
2007-12-17,EGX:EFIC,19.41831464,19.41831464,18.98431453,19.08306804,243488.28655172
2007-12-23,EGX:EFIC,19.41961405,20.98539758,19.10775675,20.15637692,1871956.17072916
2007-12-24,EGX:EFIC,21.05036785,21.44018948,20.53060568,21.10624099,1107575.79924261
2007-12-25,EGX:EFIC,21.31024894,22.47841571,21.1803084,21.83130921,1473943.36362774
2007-12-26,EGX:EFIC,21.70007057,21.70007057,20.92562363,21.28556024,860516.64872679
2007-12-27,EGX:EFIC,21.43889137,21.44018948,20.99839294,21.21539234,1139929.05808971
2007-12-30,EGX:EFIC,21.36222386,21.36222386,21.02437975,21.1335298,478364.94212106
2007-12-31,EGX:EFIC,21.05166596,21.29725358,20.92952445,21.07635596,695949.07327808
2008-01-02,EGX:EFIC,21.1803084,23.25935707,21.1803084,22.24322073,924492.06280766
2008-01-03,EGX:EFIC,22.60965436,22.97348788,22.16915592,22.61355258,657146.71097858
2008-01-06,EGX:EFIC,22.82925388,23.89476632,22.67462463,23.40748929,1064340.64029803
2008-01-08,EGX:EFIC,23.40229297,23.6491787,22.87083355,23.38280059,686190.76399689
2008-01-10,EGX:EFIC,23.39059572,23.64788059,22.68112166,23.06054804,1155982.55427312
2008-01-13,EGX:EFIC,23.24636172,24.42882195,23.12941653,23.70635254,1093261.56007619
2008-01-14,EGX:EFIC,24.16894087,24.16894087,23.32432734,23.7219454,937167.09071469
2008-01-15,EGX:EFIC,23.38929762,23.64268167,23.26325529,23.42827978,414705.05696806
2008-01-16,EGX:EFIC,23.6491787,23.6491787,22.99947599,23.27105172,1338627.62854007
2008-01-17,EGX:EFIC,23.01247134,23.25935707,22.7382968,22.86693664,809262.43751802
2008-01-20,EGX:EFIC,22.98648063,22.99947599,21.60261516,22.25621609,551475.3034549
2008-01-21,EGX:EFIC,21.63769911,21.70007057,20.86325347,21.25567391,643078.73829245
2008-01-22,EGX:EFIC,20.92042731,21.04517153,18.19167592,20.61246823,932718.90241459
2008-01-23,EGX:EFIC,21.11533812,22.08989219,20.79048677,21.54414191,1555018.90643321
2008-01-24,EGX:EFIC,20.93342267,21.17251196,20.27462282,20.69432947,755191.55344101
2008-01-27,EGX:EFIC,20.79048677,21.10234277,20.79048677,20.90873266,360310.94813569
2008-01-28,EGX:EFIC,20.79048677,20.79178488,20.33569487,20.50331687,348428.59046206
2008-01-29,EGX:EFIC,20.46563541,21.04776904,20.46563541,20.87884504,266183.28187524
2008-01-30,EGX:EFIC,21.10104467,21.19979818,20.81907369,21.15561969,236685.17503392
2008-01-31,EGX:EFIC,21.30375191,21.69617235,21.1803084,21.44798591,242049.16680757
2008-02-03,EGX:EFIC,21.44148759,21.83001111,21.44018948,21.70526689,251053.28499289
2008-02-04,EGX:EFIC,21.81701575,22.86953545,21.57013002,22.20034295,1144762.03776525
2008-02-05,EGX:EFIC,22.80456517,23.39059572,22.7395949,22.97478729,1065302.61873663
2008-02-06,EGX:EFIC,22.61095247,22.62264972,21.44018948,22.18994641,671745.69576282
2008-02-07,EGX:EFIC,22.41474355,22.47971382,21.96124976,22.24322073,488623.48019033
2008-02-10,EGX:EFIC,22.21853463,22.21983273,21.76504084,22.08469587,197405.67142887
2008-02-11,EGX:EFIC,22.33028349,23.11642118,21.60521397,22.17825046,367275.67203117
2008-02-12,EGX:EFIC,21.96124976,22.34977328,21.63510029,22.06910171,482674.60552601
2008-02-13,EGX:EFIC,22.21983273,23.45426789,22.21983273,23.08913496,1318664.65198217
2008-02-14,EGX:EFIC,23.5062428,25.46834629,23.5062428,24.41192968,2180643.50793564
2008-02-17,EGX:EFIC,25.33840575,28.84680039,25.14349494,26.92108026,3067910.85308311
2008-02-18,EGX:EFIC,28.45697877,28.58691931,26.89769226,27.89433622,3668185.39877148
2008-02-19,EGX:EFIC,27.80597795,28.19709768,27.07960772,27.69033087,1692997.39783894
2008-02-20,EGX:EFIC,27.80727605,30.4060869,27.80597795,29.37305959,2733234.70637933
2008-02-21,EGX:EFIC,29.88632473,30.79330972,29.10928029,30.1656956,1459051.93739816
2008-02-24,EGX:EFIC,30.5022442,31.18573015,28.58691931,29.20153807,1395107.30662733
2008-02-25,EGX:EFIC,28.58821741,30.27614636,28.58691931,29.56537159,743209.15000977
2008-02-26,EGX:EFIC,29.87073187,31.75746724,29.82135446,30.7166448,2200644.96363108
2008-02-27,EGX:EFIC,31.76136546,33.26477883,30.66596798,32.24864249,3378168.1391014
2008-02-28,EGX:EFIC,32.16028422,34.04182457,31.60153989,32.71123342,1578891.36336559
2008-03-02,EGX:EFIC,33.13483829,36.2534113,33.00489775,35.32433773,2867565.37554587
2008-03-03,EGX:EFIC,35.08394642,36.38335185,33.45968964,34.73180885,2243787.77264555
2008-03-04,EGX:EFIC,35.99222951,36.51329239,34.69672231,35.72715341,1544614.14764128
2008-03-05,EGX:EFIC,35.96754081,36.51329239,34.56418425,35.48286519,1024730.21611011
2008-03-06,EGX:EFIC,35.73364913,35.73364913,32.74501666,33.61561959,1190313.64078999
2008-03-09,EGX:EFIC,34.81106998,34.81106998,32.48513558,33.7377637,665042.63000264
2008-03-10,EGX:EFIC,34.94101053,35.05795702,33.16732342,33.9521656,653914.46342487
2008-03-11,EGX:EFIC,33.63900759,33.95476311,32.74631477,33.18161688,621830.55854058
2008-03-12,EGX:EFIC,33.77024884,34.41475393,33.13483829,34.07430971,921598.43166434
2008-03-13,EGX:EFIC,33.42720451,33.91448154,33.26477883,33.66369759,700020.16603025
2008-03-16,EGX:EFIC,33.15692818,33.65460046,33.15692818,33.35573851,201538.33080111
2008-03-17,EGX:EFIC,33.26477883,33.52465992,32.34219968,32.61897434,555554.09203458
2008-03-18,EGX:EFIC,33.00489775,33.13483829,32.16158233,32.42146341,325949.07830878
2008-03-19,EGX:EFIC,32.8749572,34.6941248,32.8749572,33.96125884,1348031.92975585
2008-03-23,EGX:EFIC,34.04442208,34.43424371,33.46099035,33.78064278,660940.75394043
2008-03-24,EGX:EFIC,33.7858417,33.94696668,32.35519503,32.9698138,733366.18662598
2008-03-25,EGX:EFIC,33.784541,33.784541,32.48513558,33.01399488,876370.05339497
2008-03-26,EGX:EFIC,33.62211532,34.04442208,33.16732342,33.71697322,600536.20382366
2008-03-27,EGX:EFIC,33.26737634,33.784541,33.13483829,33.50776764,217422.51877933
2008-03-30,EGX:EFIC,33.77154565,34.4303455,33.15432807,33.62341603,260511.45700124
2008-03-31,EGX:EFIC,34.4303455,35.08264572,33.784541,34.31859533,418776.14972023
2008-04-01,EGX:EFIC,35.08394642,36.38465255,34.6941248,35.04236415,572754.2665168
2008-04-02,EGX:EFIC,35.08394642,35.59071324,34.43424371,34.94490874,411103.40969393
2008-04-03,EGX:EFIC,35.07095107,36.04550514,34.56418425,35.11902907,611133.35830331
2008-04-06,EGX:EFIC,36.12217006,38.45980301,35.76613427,37.00836585,1137150.86435902
2008-04-07,EGX:EFIC,38.59234107,40.27507239,38.59234107,39.38497967,1311392.09498633
2008-04-08,EGX:EFIC,40.13213779,40.13213779,39.11859896,39.7033314,807623.22625864
2008-04-09,EGX:EFIC,39.74881059,39.76180595,38.59883679,39.09391026,801274.16856386
2008-04-10,EGX:EFIC,39.11210323,39.49932735,38.75476674,39.07441918,286923.53701153
2008-04-13,EGX:EFIC,39.4876327,42.75043842,29.08069337,40.45698915,857084.30965786
2008-04-14,EGX:EFIC,41.57837603,43.9199033,40.93127083,42.62049788,1433825.01482423
2008-04-15,EGX:EFIC,42.88037896,50.41693042,42.88037896,46.48492831,2722075.75649153
2008-04-16,EGX:EFIC,49.36441072,49.36441072,47.12293637,48.20534368,812433.11845165
2008-04-17,EGX:EFIC,49.11752499,49.24746553,46.90853577,47.74925108,673384.9070222
2008-04-20,EGX:EFIC,47.7531493,51.32521351,47.7531493,49.71005387,1328615.35695108
2008-04-21,EGX:EFIC,49.89586754,51.84627638,48.86024142,50.83014004,1806726.33676436
2008-04-22,EGX:EFIC,49.63728716,49.76073198,48.2079412,48.84075164,162728.27267411
2008-04-23,EGX:EFIC,48.2079412,49.18249526,46.77859523,47.417904,348351.63218697
2008-04-24,EGX:EFIC,47.03847632,49.03826256,46.90853577,47.35033232,389008.68891609
2008-04-29,EGX:EFIC,48.01303038,48.01303038,45.47918981,46.58628193,1031440.9776978
2008-04-30,EGX:EFIC,46.45374387,46.77729453,45.61172786,46.11329965,612303.12408466
2008-05-04,EGX:EFIC,45.73907089,48.71470801,45.73907089,47.92857033,584128.69957485
2008-05-05,EGX:EFIC,48.46782228,49.18249526,47.55823848,48.09619363,526140.63929585
2008-05-06,EGX:EFIC,47.04367524,48.01172968,47.04367524,47.58292719,325702.8118285
2008-05-07,EGX:EFIC,47.9454626,49.62429181,47.38931708,48.5691759,992623.22374329
2008-05-08,EGX:EFIC,48.27291147,48.27291147,47.17621329,47.56603492,182722.03254204
2008-05-11,EGX:EFIC,48.2079412,49.36441072,47.03847632,48.18325249,848118.67061008
2008-05-12,EGX:EFIC,48.72770337,49.36441072,46.13798966,47.57383135,976877.56066023
2008-05-13,EGX:EFIC,47.42829794,48.85764391,40.93127083,45.22190623,744802.1863041
2008-05-14,EGX:EFIC,44.38769055,46.50571879,42.37361215,44.08882471,628572.10343831
2008-05-15,EGX:EFIC,44.8294871,45.44020894,39.11210323,41.0443191,957599.51275062
2008-05-18,EGX:EFIC,43.51708632,43.90690795,41.58097354,42.87518004,377672.73499559
2008-05-19,EGX:EFIC,42.88037896,45.34405034,41.58746927,43.2740988,524139.72414356
2008-05-20,EGX:EFIC,45.34405034,46.64865469,44.90095309,45.50777673,619283.23963516
2008-05-21,EGX:EFIC,45.86901143,45.86901143,44.17978438,45.08546996,463635.12826917
2008-05-22,EGX:EFIC,44.95942764,46.7461101,43.54567454,45.67799884,917142.54753673
2008-05-25,EGX:EFIC,46.63565933,48.60036033,46.13019322,47.30095491,622199.95826101
2008-05-26,EGX:EFIC,45.68059635,47.2983574,45.47918981,46.84096799,332321.22348609
2008-05-27,EGX:EFIC,47.33733826,47.6102134,45.86901143,47.02808237,561518.35835392
2008-05-28,EGX:EFIC,47.2983574,47.2983574,46.26532879,46.77339631,594310.27936902
2008-05-29,EGX:EFIC,47.25807583,50.93669258,47.16841686,49.72174721,2347589.09408459
2008-06-01,EGX:EFIC,50.6768115,51.97621692,49.02006959,50.29868452,847780.05419969
2008-06-02,EGX:EFIC,50.01411343,50.01411343,48.07800065,48.64844093,1067949.98339967
2008-06-03,EGX:EFIC,49.69965992,49.69965992,47.81811957,48.8329552,645079.65344474
2008-06-04,EGX:EFIC,49.11752499,50.02451128,48.92261418,49.10972856,311665.6224524
2008-06-05,EGX:EFIC,49.63079143,49.63598646,48.46782228,48.68222288,238001.16153793
2008-06-08,EGX:EFIC,49.11752499,49.37610537,48.21053871,48.72380515,338685.67283589
2008-06-09,EGX:EFIC,48.69911645,48.69911645,46.51871415,47.16321794,912748.23002919
2008-06-10,EGX:EFIC,47.2983574,47.78043551,45.73907089,46.64085826,400760.21752207
2008-06-11,EGX:EFIC,45.7403716,47.41530259,45.73907089,46.78379415,291987.39151234
2008-06-12,EGX:EFIC,46.77859523,48.07800065,46.64865469,47.5140587,994439.43903537
2008-06-15,EGX:EFIC,47.42829794,48.33138601,47.42829794,47.79473157,280782.26665949
2008-06-16,EGX:EFIC,48.2079412,49.37740608,47.4412933,48.22873168,645125.8284098
2008-06-17,EGX:EFIC,47.55823848,47.94806011,46.7941881,47.32044859,625801.60553514
2008-06-18,EGX:EFIC,46.8435655,47.42699724,45.47918981,46.13798966,506216.1418755
2008-06-19,EGX:EFIC,45.68839278,45.86901143,45.08936818,45.41162202,386484.4574932
2008-06-22,EGX:EFIC,46.12759181,46.2432402,44.83338531,45.32975948,239317.14804194
2008-06-23,EGX:EFIC,45.46619445,45.46619445,44.69954655,45.0698784,199060.27434327
2008-06-24,EGX:EFIC,44.8294871,46.51871415,44.8294871,45.96906435,1008984.55302705
2008-06-25,EGX:EFIC,46.13019322,46.64865469,44.8294871,45.82872987,454384.74360356
2008-06-26,EGX:EFIC,45.47918981,45.60782965,44.17978438,44.9984085,324340.65035944
2008-06-29,EGX:EFIC,45.54546078,45.97296257,44.3746952,44.91784537,184161.15228619
2008-06-30,EGX:EFIC,44.31102563,46.75910545,43.14156075,44.37339449,388831.68488339
2008-07-02,EGX:EFIC,44.95942764,45.60913035,44.3746952,45.01010575,403684.63197542
2008-07-03,EGX:EFIC,45.4778891,45.99895198,44.16808974,45.10626045,408371.3909283
2008-07-06,EGX:EFIC,43.67301757,44.8307878,43.67301757,44.13170638,288054.82365533
2008-07-07,EGX:EFIC,43.72499249,44.8294871,43.01162021,43.65352649,1924003.05217134
2008-07-08,EGX:EFIC,43.27150129,44.01735871,43.03890642,43.43002875,355932.02228316
2008-07-09,EGX:EFIC,43.59505194,44.11481411,43.01681523,43.47290783,184684.46855679
2008-07-10,EGX:EFIC,43.04280464,43.78996276,41.97079517,43.14156075,304908.68589965
2008-07-13,EGX:EFIC,42.23717198,43.0103195,41.32109245,42.35931609,333868.08481536
2008-07-14,EGX:EFIC,42.75043842,43.78996276,42.36061679,43.12077026,467098.25064814
2008-07-15,EGX:EFIC,43.78996276,45.34794856,43.78996276,44.55661066,595887.92400833
2008-07-16,EGX:EFIC,44.05114455,44.69954655,41.74339922,43.36375778,567351.79560561
2008-07-17,EGX:EFIC,43.27020059,43.27020059,41.71091408,42.33202987,338023.83167013
2008-07-20,EGX:EFIC,43.27020059,43.40014113,42.65298301,42.89727123,530842.78990374
2008-07-21,EGX:EFIC,43.40014113,43.53008167,42.75043842,42.95574318,369091.88732325
2008-07-22,EGX:EFIC,42.94534923,44.17458546,42.46586863,43.05969691,407740.33307257
2008-07-24,EGX:EFIC,44.16678903,45.20501656,44.16678903,44.80479839,697326.62640216
2008-07-27,EGX:EFIC,45.27128364,47.03847632,44.76581753,46.05872333,847156.69217147
2008-07-28,EGX:EFIC,47.38152065,47.81811957,46.14578479,47.00469047,446704.30774976
2008-07-29,EGX:EFIC,46.25883306,47.27236799,45.08936818,45.8131383,433582.92184721
2008-07-30,EGX:EFIC,45.47918981,46.77859523,44.56960601,46.09770809,483128.65934903
2008-07-31,EGX:EFIC,43.57512563,46.58801364,36.38335154,44.86586834,226742.16779715
2008-08-03,EGX:EFIC,43.68081234,45.01140174,42.10073535,42.71925406,408527.23486698
2008-08-04,EGX:EFIC,42.20468952,42.70712455,40.11004453,40.94513081,190344.75128842
2008-08-05,EGX:EFIC,40.82038789,40.82038789,37.77804668,39.03760539,475353.95360121
2008-08-06,EGX:EFIC,39.32867047,39.50192453,37.94263804,38.46586528,375431.32838727
2008-08-07,EGX:EFIC,40.19494179,40.19494179,38.11589308,39.18313878,356349.51465426
2008-08-10,EGX:EFIC,39.7722012,39.7722012,38.4624012,38.95444204,328494.46747628
2008-08-11,EGX:EFIC,39.50192556,39.76527242,34.65774067,37.30506547,346188.13658612
2008-08-12,EGX:EFIC,34.99732001,35.27452789,31.26889196,33.63207733,341364.29579064
2008-08-13,EGX:EFIC,33.19547918,35.3299678,31.40056643,34.08253858,640243.29557728
2008-08-14,EGX:EFIC,33.68058777,35.75963649,33.29942953,35.12206293,262279.56875564
2008-08-17,EGX:EFIC,36.02991559,36.03684437,35.35075691,35.64182511,167778.17553489
2008-08-18,EGX:EFIC,35.37847825,35.37847825,34.30430377,34.98345969,126196.17726884
2008-08-19,EGX:EFIC,35.34382813,35.44084971,31.52531005,33.16775784,332314.00279954
2008-08-20,EGX:EFIC,31.91339706,32.22525506,29.87593071,31.63619264,365637.89730473
2008-08-21,EGX:EFIC,33.19547918,33.22319775,31.740143,32.44009079,312113.89891202
2008-08-24,EGX:EFIC,32.30148754,33.94393533,31.88567572,33.38952234,336741.02749608
2008-08-25,EGX:EFIC,34.09639959,34.77555481,33.6528692,34.47062906,594784.04328267
2008-08-26,EGX:EFIC,33.95779565,35.89824043,33.27863974,34.69239356,386914.4550461
2008-08-27,EGX:EFIC,35.96754413,36.41800261,34.80327616,35.84280051,417472.18059978
2008-08-28,EGX:EFIC,36.61897801,37.25655156,36.21009843,36.72986061,359870.35567759
2008-08-31,EGX:EFIC,36.72293183,38.11589308,36.24474855,37.34664436,369189.04064834
2008-09-01,EGX:EFIC,38.24756547,38.80890932,37.37436571,38.04659284,316907.43738722
2008-09-02,EGX:EFIC,37.11101884,37.11101884,36.52195643,36.71600028,385239.16962476
2008-09-03,EGX:EFIC,36.72986061,37.38822672,36.50116386,36.73678938,458860.82120307
2008-09-04,EGX:EFIC,37.35357661,38.11589308,37.2842729,37.66543114,427561.41028629
2008-09-07,EGX:EFIC,37.35357661,37.41594807,36.18930863,36.93083601,366461.8318229
2008-09-08,EGX:EFIC,37.07636872,37.97728914,36.72986061,37.32585526,693419.53877055
2008-09-09,EGX:EFIC,37.42287684,37.70008472,37.0832975,37.33278404,541402.89868557
2008-09-10,EGX:EFIC,36.94469633,37.34664436,36.55660655,36.92390446,444334.46604659
2008-09-11,EGX:EFIC,36.59125666,36.72986061,36.03684437,36.3279098,373509.28574008
2008-09-14,EGX:EFIC,36.05070469,36.72293183,35.37154947,35.82894019,101964.42181609
2008-09-15,EGX:EFIC,35.34382813,35.34382813,31.2065205,34.11025992,630711.05139691
2008-09-16,EGX:EFIC,34.30430377,34.30430377,31.53223882,32.57176318,442321.52619924
2008-09-17,EGX:EFIC,33.95779565,34.26965365,32.9182713,33.40338336,74988.14192631
2008-09-18,EGX:EFIC,32.9182713,32.9182713,30.49271446,32.03121121,505322.93600228
2008-09-21,EGX:EFIC,32.08665112,34.99732001,32.08665112,33.29250076,438714.10711796
2008-09-22,EGX:EFIC,33.33407965,34.99039123,32.64106342,34.08253858,944122.17821056
2008-09-23,EGX:EFIC,34.99732001,34.99732001,33.19547918,33.78454159,557346.24805718
2008-09-24,EGX:EFIC,33.95779565,34.46369751,32.30841631,33.34794067,570390.67545508
2008-09-25,EGX:EFIC,32.9182713,34.30430377,32.2737662,33.36873324,348505.54260394
2008-09-28,EGX:EFIC,33.95779565,34.99732001,33.95779565,34.50527917,212592.42129777
2008-09-29,EGX:EFIC,34.65081189,35.17057407,33.95779565,34.67853323,214406.23161184
2008-10-07,EGX:EFIC,33.95779565,33.95779565,26.33461704,28.86412769,372898.91043153
2008-10-08,EGX:EFIC,28.06715763,28.68394139,23.56255209,25.53764698,1625211.55856131
2008-10-09,EGX:EFIC,28.41366575,29.07203187,26.41777829,27.58204557,1084515.71401567
2008-10-12,EGX:EFIC,25.22579244,27.72064951,24.25556832,26.99991193,717885.05497977
2008-10-13,EGX:EFIC,28.37208408,28.76017387,26.77814674,27.48502399,675050.5608087
2008-10-14,EGX:EFIC,27.72064951,29.03044951,26.79200775,27.60283814,607285.91485074
2008-10-15,EGX:EFIC,26.78507898,27.02763328,26.39005972,26.67419638,416180.72456868
2008-10-16,EGX:EFIC,26.39005972,26.39005972,24.95551334,25.48913653,458276.41931191
2008-10-19,EGX:EFIC,25.6416008,25.98118014,24.60207644,25.20499988,198444.12366101
2008-10-20,EGX:EFIC,24.74760916,25.57230056,24.29714999,25.00402725,224202.53886895
2008-10-21,EGX:EFIC,25.19113886,25.2881639,22.34977367,23.59720221,616678.19117075
2008-10-22,EGX:EFIC,22.39135534,22.39135534,18.87776232,19.57077856,958921.25424959
2008-10-23,EGX:EFIC,18.87776232,18.88469248,16.64625003,18.24711754,489510.89668523
2008-10-26,EGX:EFIC,17.32540595,17.32540595,14.68501477,15.48198275,674078.00062438
2008-10-27,EGX:EFIC,15.17012475,16.97889783,14.60878229,15.87700201,535470.85874832
2008-10-28,EGX:EFIC,17.20759319,17.60261244,16.64625003,17.24917347,688383.58173309
2008-10-29,EGX:EFIC,17.6649839,18.60748599,16.65318089,17.40856859,1219392.78456169
2008-10-30,EGX:EFIC,16.63931987,17.65805374,16.36904423,17.23531453,1074810.3137194
2008-11-02,EGX:EFIC,17.67191406,19.51533726,17.67191406,19.09952682,857676.87328212
2008-11-03,EGX:EFIC,19.05794654,20.30537508,18.64906696,19.5984999,1361923.35543055
2008-11-04,EGX:EFIC,18.88469248,21.99633539,18.71143842,20.56179178,1520019.2181513
2008-11-05,EGX:EFIC,21.96861543,22.86953585,20.18756232,21.26173818,1125871.16636342
2008-11-06,EGX:EFIC,20.12519224,22.15572843,19.12724816,20.64495442,1678846.66546173
2008-11-09,EGX:EFIC,21.50429455,22.45372749,20.92909108,21.80922031,1456254.47847066
2008-11-10,EGX:EFIC,22.10028713,23.87441009,21.84387182,22.79330337,1256663.19554181
2008-11-11,EGX:EFIC,22.93883609,23.73580615,21.53894467,22.70321057,1128351.62772371
2008-11-12,EGX:EFIC,21.53201451,22.64777065,20.30537508,21.47657321,518214.40883113
2008-11-13,EGX:EFIC,20.65188319,21.62210731,19.75789294,21.08155395,727555.82405285
2008-11-16,EGX:EFIC,21.96861543,22.34284489,20.30537508,20.99839131,335699.20486541
2008-11-17,EGX:EFIC,20.78355697,21.10234514,19.432176,20.38853772,413258.71511284
2008-11-18,EGX:EFIC,19.75096278,20.43704885,17.57489248,18.37186047,552246.80044389
2008-11-19,EGX:EFIC,19.11338784,19.11338784,17.34619713,18.13623494,329635.8548736
2008-11-20,EGX:EFIC,18.01842218,18.01842218,16.49378577,17.17294307,440988.2241068
2008-11-23,EGX:EFIC,17.32540595,17.89367926,16.29281175,16.88880641,530307.9205592
2008-11-24,EGX:EFIC,16.90266535,17.18680201,13.89497488,15.50277393,657789.7819886
2008-11-25,EGX:EFIC,15.41961129,16.63238971,15.41961129,16.14034887,485741.86522911
2008-11-26,EGX:EFIC,16.61159853,18.01842218,15.93937347,17.06898924,1224702.90544933
2008-11-27,EGX:EFIC,17.53331012,20.47862914,17.32540595,17.76200548,549269.95821802
2008-11-30,EGX:EFIC,18.08772381,18.9193426,17.18680201,18.19860641,922764.81428177
2008-12-01,EGX:EFIC,17.87288947,17.87288947,16.39676419,17.06206047,414401.54547779
2008-12-02,EGX:EFIC,16.63238971,16.97889783,15.98788461,16.51457695,675470.46438976
2008-12-03,EGX:EFIC,17.31847578,17.46400989,16.14727765,16.56308808,285918.26451143
2008-12-04,EGX:EFIC,16.9095962,17.45014887,16.45913565,17.04126929,375014.30098079
2008-12-10,EGX:EFIC,17.56796163,17.98377206,17.19373217,17.47093866,222657.12053453
2008-12-11,EGX:EFIC,17.33233611,18.35800014,16.99275815,17.75507671,552766.26879159
2008-12-14,EGX:EFIC,18.33028018,18.3649303,17.49866001,17.81744678,283908.21059934
2008-12-15,EGX:EFIC,17.49866001,18.35106998,17.49866001,17.95605072,332984.98274865
2008-12-16,EGX:EFIC,18.01842218,18.89855281,17.997631,18.54511452,878537.85634533
2008-12-17,EGX:EFIC,18.23325652,18.77380988,17.68577439,18.11544376,812249.36627543
2008-12-18,EGX:EFIC,18.01149202,18.35106998,17.78279666,17.9214006,131771.80420086
2008-12-21,EGX:EFIC,17.87981824,17.87981824,17.18680201,17.43628854,197467.2345738
2008-12-22,EGX:EFIC,17.33926627,17.87981824,17.25610432,17.46400989,166441.98750719
2008-12-23,EGX:EFIC,17.33233611,17.63033378,17.04126929,17.2422433,215879.50156463
2008-12-24,EGX:EFIC,17.18680201,17.22838437,16.94424771,17.08978043,116777.92753144
2008-12-25,EGX:EFIC,17.25610432,17.49866001,17.04126929,17.23531453,223876.428184
2008-12-28,EGX:EFIC,17.15908205,17.42935838,17.03433913,17.28382566,122722.95417739
2008-12-30,EGX:EFIC,17.32540595,17.49172984,17.15908205,17.32540595,244020.25633385
2008-12-31,EGX:EFIC,17.42935838,17.90753959,17.32540595,17.56796163,353603.5472496
2009-01-04,EGX:EFIC,17.9421897,18.19860641,17.81744678,17.9421897,630523.46560469
2009-01-05,EGX:EFIC,18.01842218,18.11544376,17.74814654,17.88674841,251363.5186157
2009-01-06,EGX:EFIC,17.94912056,19.14803796,17.94912056,18.60748599,1162231.06476742
2009-01-08,EGX:EFIC,18.3649303,18.98864492,18.20553657,18.7322296,632624.42647762
2009-01-11,EGX:EFIC,18.71836858,19.19655048,18.33028018,18.82232102,586352.78340591
2009-01-12,EGX:EFIC,18.70450826,18.9539941,18.24018738,18.55897554,352747.86744352
2009-01-13,EGX:EFIC,18.29562868,18.49660408,17.49866001,17.93525954,594746.52612422
2009-01-14,EGX:EFIC,17.94912056,18.28869782,17.08978043,17.5541013,508657.63420101
2009-01-15,EGX:EFIC,17.08285026,17.49866001,16.80564377,17.15908205,240645.15504141
2009-01-18,EGX:EFIC,17.57489248,17.94912056,17.32540595,17.63033378,241010.22585243
2009-01-19,EGX:EFIC,17.81051801,17.94912056,16.50071593,16.93731755,532418.98220556
2009-01-20,EGX:EFIC,16.55615723,16.63931987,16.11262753,16.32746187,278352.78521417
2009-01-21,EGX:EFIC,16.19579017,16.19579017,14.70580387,15.10082452,877084.78793939
2009-01-22,EGX:EFIC,15.48198275,16.28588159,14.43552823,14.82361663,869425.51574602
2009-01-25,EGX:EFIC,14.62264262,15.02459204,13.44451501,14.43552823,347929.79851856
2009-01-26,EGX:EFIC,14.69194494,14.87905793,13.81181362,14.14446141,841955.74092592
2009-01-27,EGX:EFIC,14.55334099,15.41961129,14.48403937,15.06617301,1418414.0952757
2009-01-28,EGX:EFIC,15.17705561,15.79384075,14.62957347,15.26021756,862653.66864665
2009-01-29,EGX:EFIC,15.23942707,15.44040247,14.49096953,14.85133798,505656.26152539
2009-02-01,EGX:EFIC,14.72659505,14.89984911,13.25739994,13.95041617,608106.96343364
2009-02-02,EGX:EFIC,13.2989823,13.86032476,12.49508346,13.0772171,508096.31979197
2009-02-03,EGX:EFIC,12.55052476,13.81874448,12.47429228,13.18116884,640836.35527424
2009-02-04,EGX:EFIC,13.72172082,14.13753125,12.75149878,13.34056258,686722.72598807
2009-02-05,EGX:EFIC,12.85545052,13.16730852,11.09518997,11.78820621,1155071.0593749
2009-02-08,EGX:EFIC,12.3980598,12.8208004,11.9545301,12.41885098,606470.63813837
2009-02-09,EGX:EFIC,11.98918022,12.13471432,11.6426721,11.85750852,878758.6303931
2009-02-10,EGX:EFIC,12.12778416,12.46736212,11.98918022,12.22480574,484464.83887434
2009-02-11,EGX:EFIC,11.81592616,12.32875956,11.78127604,12.07927303,524136.34799495
2009-02-12,EGX:EFIC,12.07234286,12.3218294,11.78127604,12.05848254,762540.57430307
2009-02-15,EGX:EFIC,12.18322546,12.62675516,12.05848254,12.4535011,1105893.27949131
2009-02-16,EGX:EFIC,12.52973358,12.77228926,12.30796838,12.55052476,821803.25497028
2009-02-17,EGX:EFIC,12.33568834,12.46043196,11.6426721,11.99611038,511869.68015098
2009-02-18,EGX:EFIC,11.91987998,11.91987998,11.26151386,11.54565052,630796.18648723
2009-02-19,EGX:EFIC,11.67732361,11.74662592,11.11598115,11.37239646,1290015.94939965
2009-02-22,EGX:EFIC,11.30309415,11.30309415,10.60314844,10.81798347,873167.13081712
2009-02-23,EGX:EFIC,10.70710087,11.18528139,10.69324055,10.93579623,456189.8881153
2009-02-24,EGX:EFIC,10.65858974,10.70710087,10.42989438,10.54077698,381871.28317048
2009-02-25,EGX:EFIC,10.79026282,10.84570412,10.48533568,10.63086909,355944.04074953
2009-02-26,EGX:EFIC,10.58928811,10.71403104,10.499196,10.62393893,397540.46869191
2009-03-01,EGX:EFIC,10.67245006,10.94965656,10.58235795,10.79026282,652126.134031
2009-03-02,EGX:EFIC,10.81105331,10.83877396,10.51998649,10.64472941,417739.12961179
2009-03-03,EGX:EFIC,10.46454519,10.60314844,10.22198951,10.38831341,660724.77815313
2009-03-04,EGX:EFIC,10.5546373,10.56156746,10.29129113,10.42989438,505726.96693938
2009-03-05,EGX:EFIC,10.53384682,10.6655199,10.25664032,10.43682454,834335.42885863
2009-03-08,EGX:EFIC,10.49226584,10.53384682,10.28436097,10.36059276,275321.11021827
2009-03-10,EGX:EFIC,10.33287211,10.45068487,10.29822129,10.38138324,362505.21457455
2009-03-11,EGX:EFIC,10.5546373,10.62393893,10.39524357,10.51998649,473042.30709539
2009-03-12,EGX:EFIC,10.41603405,10.63086909,10.40910389,10.54077698,458116.2499047
2009-03-15,EGX:EFIC,10.70710087,11.00509786,10.63779925,10.8318438,815165.60386073
2009-03-16,EGX:EFIC,10.87342477,11.50406955,10.76254217,11.19221224,1522277.46249618
2009-03-17,EGX:EFIC,11.46941804,11.46941804,11.12290992,11.28923521,552301.63321392
2009-03-18,EGX:EFIC,11.33774634,11.5872308,11.24765354,11.4209076,851864.59965837
2009-03-19,EGX:EFIC,11.46941804,12.33568834,11.43476792,12.00304124,1352845.64605443
2009-03-22,EGX:EFIC,12.12778416,12.33568834,12.02383173,12.19708579,586621.17538555
2009-03-23,EGX:EFIC,12.2663881,12.8208004,12.2663881,12.57824472,900280.49263199
2009-03-24,EGX:EFIC,13.07028694,13.58311826,12.6544765,13.11186722,1316358.76649876
2009-03-25,EGX:EFIC,12.64061618,14.09595028,12.5435939,13.61776907,1379697.83072781
2009-03-26,EGX:EFIC,14.19297255,14.55334099,13.66627952,14.10288044,1067630.10678003
2009-03-29,EGX:EFIC,14.47017835,15.79384075,14.06822894,15.03845305,943469.95684067
2009-03-30,EGX:EFIC,15.28100735,15.73839807,13.86725492,14.91370944,946565.1224124
2009-03-31,EGX:EFIC,14.19297255,15.35030967,13.9989287,14.87905793,729208.02199208
2009-04-01,EGX:EFIC,15.45426141,15.77997974,15.01073171,15.48198275,836045.34550316
2009-04-02,EGX:EFIC,15.59286535,16.20964911,15.31565886,15.86314099,600205.27267801
2009-04-05,EGX:EFIC,16.29974191,17.20759319,16.29974191,16.89573519,699228.92645904
2009-04-06,EGX:EFIC,16.97889783,17.32540595,16.28588159,16.72248113,764132.16760173
2009-04-07,EGX:EFIC,16.29281175,16.84029389,15.73146929,16.34825305,719606.51536535
2009-04-08,EGX:EFIC,15.73146929,16.07797741,15.46119157,15.82849087,223045.27882768
2009-04-09,EGX:EFIC,15.84235189,16.45220549,15.53049389,15.84928205,355649.6753525
2009-04-12,EGX:EFIC,16.41755537,16.74327231,16.14727765,16.50071593,442022.83189931
2009-04-13,EGX:EFIC,16.63238971,16.80564377,15.96709481,16.41755537,414645.40700769
2009-04-14,EGX:EFIC,16.32053171,16.59080943,15.83542103,16.05718623,186053.36060064
2009-04-15,EGX:EFIC,16.05718623,16.27202126,15.30179853,15.66216698,173231.15021815
2009-04-16,EGX:EFIC,15.76611941,16.0987672,15.59286535,15.93244331,282722.09120541
2009-04-21,EGX:EFIC,15.86314099,15.86314099,15.07310317,15.35723983,374725.70745428
2009-04-22,EGX:EFIC,15.24635723,15.54435421,15.00380155,15.18398577,278598.0897117
2009-04-23,EGX:EFIC,15.22556605,15.38496117,14.89984911,15.03845305,352541.52307207
2009-04-26,EGX:EFIC,15.09389435,15.62751547,15.05924285,15.35030967,604046.45251575
2009-04-27,EGX:EFIC,15.38496117,16.52843727,15.25328739,15.89086233,965234.23764182
2009-04-28,EGX:EFIC,15.83542103,16.70862219,15.52356373,16.11955769,1515665.78480401
2009-04-29,EGX:EFIC,16.81950409,17.22838437,16.72248113,17.04819945,1455378.59711772
2009-04-30,EGX:EFIC,17.22838437,17.87981824,16.97889783,17.45014887,1024997.62807751
2009-05-03,EGX:EFIC,17.87288947,17.9768419,16.98582799,17.44321871,923656.56827866
2009-05-04,EGX:EFIC,17.31847578,17.49172984,16.94424771,17.25610432,757224.6815449
2009-05-05,EGX:EFIC,17.49866001,18.28869782,17.49866001,17.96991105,1276239.93741208
2009-05-06,EGX:EFIC,17.94912056,18.60748599,17.87981824,18.28869782,1092792.57635575
2009-05-07,EGX:EFIC,18.6421368,18.88469248,18.26097787,18.66985814,1036551.46991102
2009-05-10,EGX:EFIC,18.72529875,19.12724816,18.30255884,18.621347,733557.12643647
2009-05-11,EGX:EFIC,18.6975781,18.77380988,18.01842218,18.30255884,791323.44966876
2009-05-12,EGX:EFIC,18.15702612,18.87776232,18.03228251,18.54511452,746441.38442715
2009-05-13,EGX:EFIC,18.71143842,18.85004236,17.19373217,17.9768419,585179.65072068
2009-05-14,EGX:EFIC,17.05513031,17.6649839,15.67602799,16.88187625,531338.19944881
2009-05-17,EGX:EFIC,16.87494539,16.9650375,15.98095375,16.46606581,404406.10868739
2009-05-18,EGX:EFIC,16.84029389,17.02740896,16.46606581,16.75020247,386325.72425204
2009-05-19,EGX:EFIC,17.31154562,17.42242753,16.60466837,16.99275815,2041936.28192745
2009-05-20,EGX:EFIC,16.63931987,16.80564377,16.33439273,16.52150711,366735.99567307
2009-05-21,EGX:EFIC,16.13341871,16.27895143,14.04050898,15.41268113,891104.66145686
2009-05-24,EGX:EFIC,15.73146929,15.87007185,15.0869635,15.41268113,475706.025345
2009-05-25,EGX:EFIC,15.66216698,15.79384075,15.24635723,15.52356373,301802.4522101
2009-05-26,EGX:EFIC,15.73146929,16.18192915,15.55821523,15.89779319,752210.36902193
2009-05-27,EGX:EFIC,15.93937347,16.25123147,15.38496117,15.87007185,704644.38398385
2009-05-28,EGX:EFIC,15.31565886,15.53742405,15.06617301,15.21863589,478635.249639
2009-05-31,EGX:EFIC,15.32258971,16.00867509,15.24635723,15.80076953,409478.13991567
2009-06-01,EGX:EFIC,15.93937347,16.54922707,15.87700201,16.20964911,869089.30428765
2009-06-02,EGX:EFIC,16.70169133,17.22145351,16.45220549,16.86801523,1560621.44139488
2009-06-03,EGX:EFIC,16.38983402,16.79178344,16.38983402,16.63238971,412788.30766465
2009-06-04,EGX:EFIC,16.77099365,17.45707972,16.66703983,17.13136071,1372964.94375452
2009-06-07,EGX:EFIC,17.65112288,18.19167624,17.33926627,17.93525954,1078576.45924026
2009-06-08,EGX:EFIC,17.49866001,17.80358784,17.19373217,17.45014887,796715.81971145
2009-06-09,EGX:EFIC,17.49866001,17.84516812,16.84029389,17.34619713,1154906.5610648
2009-06-10,EGX:EFIC,17.25610432,17.83823796,17.11750177,17.58182265,883531.96732144
2009-06-11,EGX:EFIC,17.90753959,18.08772381,17.26303448,17.61647277,941510.40679572
2009-06-14,EGX:EFIC,17.67191406,18.46888274,17.49866001,18.11544376,1427598.58425663
2009-06-15,EGX:EFIC,18.09465466,18.90548366,17.89367926,18.64906696,1982731.31996554
2009-06-16,EGX:EFIC,18.63520594,19.38366348,18.29562868,18.99557508,1227633.57271096
2009-06-17,EGX:EFIC,18.9193426,19.33515304,18.60748599,18.90548366,1917138.34029451
2009-06-18,EGX:EFIC,18.6767883,18.9539941,18.15702612,18.48274306,1076023.84949835
2009-06-21,EGX:EFIC,18.48274306,18.9193426,17.82437694,18.35800014,671298.84496417
2009-06-22,EGX:EFIC,18.01842218,18.15009596,16.77099365,17.31154562,805287.04744856
2009-06-23,EGX:EFIC,17.24917347,17.24917347,15.73146929,16.32746187,574793.16970187
2009-06-24,EGX:EFIC,16.48685699,16.69476117,14.96915074,15.94630363,881403.59006349
2009-06-25,EGX:EFIC,15.24635723,15.77997974,15.00380155,15.33644865,475381.35762769
2009-06-28,EGX:EFIC,15.27407857,16.28588159,14.98994053,15.68988693,414183.65736528
2009-06-29,EGX:EFIC,15.96016465,16.27895143,15.38496117,15.81463055,609737.51685837
2009-06-30,EGX:EFIC,15.93937347,16.38983402,15.93937347,16.18886001,527300.77601305
2009-07-02,EGX:EFIC,16.42448553,16.77099365,16.21657997,16.47299597,588338.30686824
2009-07-05,EGX:EFIC,16.28588159,16.56308808,15.95323379,16.14727765,404491.24377771
2009-07-06,EGX:EFIC,15.98095375,15.98095375,15.28100735,15.50970271,550002.98577534
2009-07-07,EGX:EFIC,15.65523681,15.87007185,15.44040247,15.67602799,376402.43584326
2009-07-08,EGX:EFIC,15.44733263,15.44733263,14.68501477,14.90677928,664642.4352754
2009-07-09,EGX:EFIC,15.03845305,15.17705561,13.72172082,14.42859807,586143.55309919
2009-07-12,EGX:EFIC,14.48403937,14.4978997,13.96427719,14.14446141,298506.71413745
2009-07-13,EGX:EFIC,13.92962638,14.41473705,13.45144518,13.83953358,426617.70945463
2009-07-14,EGX:EFIC,14.21376304,14.68501477,14.06822894,14.36622661,377249.45784355
2009-07-15,EGX:EFIC,14.48403937,14.67808392,14.24148299,14.51869088,429070.75442989
2009-07-16,EGX:EFIC,14.83054749,15.22556605,14.65729343,14.95529041,997324.39482122
2009-07-19,EGX:EFIC,15.03845305,15.37803101,14.99687069,15.13547463,277797.24267566
2009-07-20,EGX:EFIC,15.03845305,15.35030967,14.89984911,15.20477695,400355.69854294
2009-07-21,EGX:EFIC,15.37803101,15.59286535,15.10775329,15.36416999,500617.41855266
2009-07-22,EGX:EFIC,15.33644865,15.37803101,14.76124517,14.97608159,412329.44395751
2009-07-26,EGX:EFIC,15.83542103,15.83542103,15.41961129,15.58593519,552220.8270265
2009-07-27,EGX:EFIC,15.73146929,15.80769969,15.50970271,15.64830665,635500.26096921
2009-07-28,EGX:EFIC,15.75225909,16.07797741,15.53742405,15.88393217,704416.39509792
2009-07-29,EGX:EFIC,15.41961129,16.02253611,15.24635723,15.75225909,544656.79069688
2009-07-30,EGX:EFIC,15.93937347,16.11262753,15.80769969,15.99481477,605677.00594049
2009-08-02,EGX:EFIC,16.14727765,16.63238971,16.14727765,16.47299597,547450.37603342
2009-08-03,EGX:EFIC,16.63238971,16.91652637,16.29281175,16.70169133,647919.88338223
2009-08-04,EGX:EFIC,16.90266535,16.95810665,15.94630363,16.45220549,781638.25091935
2009-08-05,EGX:EFIC,16.29281175,16.52843727,16.09183635,16.29974191,628689.45374377
2009-08-06,EGX:EFIC,16.30667277,16.49378577,16.12648785,16.30667277,1003718.18440088
2009-08-09,EGX:EFIC,16.90266535,16.9095962,16.54922707,16.74327231,1258605.42997516
2009-08-10,EGX:EFIC,16.80564377,17.53331012,16.69476117,17.19373217,1977500.56229769
2009-08-11,EGX:EFIC,17.18680201,17.45014887,16.91652637,17.22838437,1114109.53719083
2009-08-12,EGX:EFIC,17.01354795,17.30461477,16.63931987,16.99275815,1363552.46588765
2009-08-13,EGX:EFIC,17.36698623,17.59568159,17.15908205,17.37391708,888954.63968442
2009-08-16,EGX:EFIC,17.15215189,17.44321871,17.04819945,17.28382566,500623.19042319
2009-08-17,EGX:EFIC,17.05513031,17.05513031,16.23044029,16.70169133,835494.13186754
2009-08-18,EGX:EFIC,16.28588159,16.79871361,16.18886001,16.53536813,316376.42529846
2009-08-19,EGX:EFIC,16.44527532,16.50071593,15.68295677,16.02253611,277274.88839269
2009-08-20,EGX:EFIC,16.23737045,16.43834447,15.97402359,16.16113867,235446.14266147
2009-08-23,EGX:EFIC,16.63238971,17.09671059,16.43834447,16.8541549,491272.76016453
2009-08-24,EGX:EFIC,17.11057161,17.28382566,16.72248113,16.92345653,362402.76387264
2009-08-25,EGX:EFIC,16.70169133,17.08285026,16.63238971,16.80564377,504662.05682659
2009-08-26,EGX:EFIC,16.9095962,17.13829156,16.66703983,16.93731755,716130.40633864
2009-08-27,EGX:EFIC,16.72941129,17.04126929,16.56308808,16.70169133,257266.6992003
2009-08-30,EGX:EFIC,16.80564377,16.87494539,16.61852938,16.73634214,272393.3288919
2009-08-31,EGX:EFIC,16.78485259,17.15215189,16.68783101,16.88880641,571628.74168377
2009-09-01,EGX:EFIC,16.70169133,16.87494539,16.50764679,16.71555235,326953.37804476
2009-09-02,EGX:EFIC,16.61852938,16.68783101,16.18192915,16.57001825,266392.02650829
2009-09-03,EGX:EFIC,16.79871361,16.93731755,16.57001825,16.65318089,173952.63403441
2009-09-06,EGX:EFIC,16.90266535,16.93038669,16.63238971,16.81257393,345838.93841906
2009-09-07,EGX:EFIC,16.90266535,17.27689481,16.76406349,17.08285026,904117.34356684
2009-09-08,EGX:EFIC,17.17987323,17.76893565,17.06206047,17.39470757,1819994.87333864
2009-09-09,EGX:EFIC,17.81051801,17.81051801,17.13829156,17.43628854,827632.84420562
2009-09-10,EGX:EFIC,17.32540595,17.63726395,16.98582799,17.27689481,385982.2979555
2009-09-13,EGX:EFIC,17.29075583,17.32540595,17.04819945,17.15908205,174588.98276034
2009-09-14,EGX:EFIC,17.2422433,17.25610432,16.79871361,16.97196766,226354.00360902
2009-09-15,EGX:EFIC,16.92345653,17.16601221,16.84029389,16.99968901,254946.40724722
2009-09-16,EGX:EFIC,17.11057161,17.22838437,16.86108507,17.06206047,226139.00143178
2009-09-17,EGX:EFIC,17.29075583,17.45707972,17.12443054,17.31154562,598719.01601652
2009-09-22,EGX:EFIC,17.46400989,17.65112288,17.33233611,17.49172984,536659.86407751
2009-09-23,EGX:EFIC,17.41549736,17.60261244,17.13136071,17.34619713,429991.36777944
2009-09-24,EGX:EFIC,17.04819945,17.33233611,16.92345653,17.20066302,292456.35085433
2009-09-27,EGX:EFIC,17.15215189,17.32540595,16.99275815,17.12443054,197249.34646129
2009-09-28,EGX:EFIC,17.18680201,17.22145351,16.83336511,16.93038669,408740.78345545
2009-09-29,EGX:EFIC,17.14522172,17.19373217,16.84029389,17.06898924,300837.10686395
2009-09-30,EGX:EFIC,16.92345653,17.08285026,16.72248113,16.82643495,338512.9917488
2009-10-01,EGX:EFIC,16.94424771,17.11057161,16.80564377,16.92345653,360974.22591646
2009-10-04,EGX:EFIC,16.77099365,17.58875142,16.71555235,17.26996465,1268227.13814874
2009-10-05,EGX:EFIC,17.32540595,18.12237462,17.32540595,17.79665699,2406624.70652999
2009-10-07,EGX:EFIC,17.96298088,18.04614353,17.18680201,17.6649839,1016237.37158054
2009-10-08,EGX:EFIC,17.33233611,17.65112288,17.08285026,17.27689481,617614.67716425
2009-10-11,EGX:EFIC,17.49866001,17.9214006,17.26996465,17.68577439,1143619.6682433
2009-10-12,EGX:EFIC,17.74121569,18.28869782,17.67191406,18.01842218,1782529.66172814
2009-10-13,EGX:EFIC,17.96298088,18.14316511,17.49866001,17.87288947,661908.01161179
2009-10-14,EGX:EFIC,18.19167624,18.53818436,18.08772381,18.37186047,1217277.39401243
2009-10-15,EGX:EFIC,18.4758129,18.6975781,18.08772381,18.39958042,1037464.8684224
2009-10-18,EGX:EFIC,18.19167624,18.33720896,17.85902845,18.08772381,564550.98544631
2009-10-19,EGX:EFIC,18.02535235,18.34413912,17.90060942,18.07386348,497493.39362828
2009-10-20,EGX:EFIC,18.03921336,18.15702612,17.87981824,18.00456186,476834.42603363
2009-10-21,EGX:EFIC,17.94912056,18.18474608,17.85902845,17.997631,466756.74008817
2009-10-22,EGX:EFIC,17.85902845,18.06000246,17.67884423,17.8659593,579530.4324394
2009-10-25,EGX:EFIC,18.04614353,18.08772381,17.74121569,17.89367926,299676.96088741
2009-10-26,EGX:EFIC,17.87981824,17.9768419,17.53331012,17.69963541,317727.04300249
2009-10-27,EGX:EFIC,17.73428553,17.76200548,17.26996465,17.40163843,376781.93633061
2009-10-28,EGX:EFIC,17.32540595,17.51252033,16.38983402,16.88187625,489519.55449102
2009-10-29,EGX:EFIC,16.28588159,16.70169133,15.96709481,16.44527532,441086.34590581
2009-11-01,EGX:EFIC,16.28588159,16.38983402,15.59286535,15.96016465,473886.44316041
2009-11-02,EGX:EFIC,15.93244331,16.32053171,15.87007185,16.03639505,366111.1906882
2009-11-03,EGX:EFIC,15.93937347,15.93937347,14.92064029,15.26021756,324008.28110681
2009-11-04,EGX:EFIC,15.17705561,15.53742405,15.17705561,15.32258971,156401.81872018
2009-11-05,EGX:EFIC,15.38496117,15.41961129,14.48403937,14.71273473,437030.16389082
2009-11-08,EGX:EFIC,15.08003334,15.24635723,14.98994053,15.12161431,133471.62007196
2009-11-09,EGX:EFIC,15.04538183,15.57207417,15.00380155,15.29486837,180699.95068402
2009-11-10,EGX:EFIC,15.66216698,15.82849087,15.33644865,15.57900503,209901.28666314
2009-11-11,EGX:EFIC,15.35723983,15.62751547,15.17705561,15.41961129,178697.1116101
2009-11-12,EGX:EFIC,15.45426141,15.45426141,14.76124517,15.01073171,130263.90302489
2009-11-15,EGX:EFIC,14.85133798,15.17705561,14.76124517,14.84440781,125379.45758884
2009-11-16,EGX:EFIC,15.03845305,15.04538183,14.2761345,14.67115375,163232.82749249
2009-11-17,EGX:EFIC,14.56027116,14.71273473,13.90883589,14.2761345,156929.94487368
2009-11-18,EGX:EFIC,13.9434874,14.67808392,13.9434874,14.44938856,515899.88874858
2009-11-19,EGX:EFIC,14.51869088,14.89984911,14.2761345,14.67115375,145591.10521741
2009-11-22,EGX:EFIC,14.55334099,14.87905793,14.39394726,14.57413217,116125.70616155
2009-11-23,EGX:EFIC,14.67115375,14.69194494,14.10288044,14.40087812,65849.82790962
2009-11-24,EGX:EFIC,14.26227417,14.54641083,13.95734634,14.17218276,175096.90736699
2009-11-25,EGX:EFIC,14.1860417,14.4424584,13.9989287,14.23455422,150720.85515099
2009-11-30,EGX:EFIC,14.01278764,14.05437,12.93861316,13.43758416,236698.63856649
2009-12-01,EGX:EFIC,13.44451501,13.95041617,13.44451501,13.742512,263537.83653119
2009-12-02,EGX:EFIC,13.86032476,13.97120735,13.72172082,13.80488346,368891.78931604
2009-12-03,EGX:EFIC,13.89497488,14.34543682,13.86032476,14.01971849,580122.04916873
2009-12-06,EGX:EFIC,14.21376304,14.21376304,13.8880461,13.95734634,120753.30335901
2009-12-07,EGX:EFIC,13.92962638,13.92962638,13.51381664,13.65242058,115547.07614091
2009-12-08,EGX:EFIC,13.79102313,14.65729343,13.65934935,14.24841316,657535.81968528
2009-12-09,EGX:EFIC,13.92962638,14.46324958,13.72172082,14.02664865,378419.70459351
2009-12-10,EGX:EFIC,14.04050898,14.40780828,14.04050898,14.15832174,396409.18206802
2009-12-13,EGX:EFIC,14.62264262,15.26021756,14.44938856,14.93449923,957172.37747899
2009-12-14,EGX:EFIC,15.21863589,16.11262753,15.21863589,15.74532823,769867.96394096
2009-12-15,EGX:EFIC,15.53049389,15.69681779,15.17705561,15.38496117,475291.89363447
2009-12-16,EGX:EFIC,15.59286535,15.72453913,15.30179853,15.50970271,242790.84791095
2009-12-17,EGX:EFIC,15.26021756,15.58593519,15.24635723,15.36416999,103196.71617425
2009-12-20,EGX:EFIC,15.38496117,15.62751547,14.91370944,15.26714841,199077.58645168
2009-12-21,EGX:EFIC,14.89984911,15.17705561,14.69194494,14.86519899,94494.17838258
2009-12-22,EGX:EFIC,15.10775329,15.17705561,14.44938856,14.69887371,107229.81070712
2009-12-23,EGX:EFIC,14.4424584,14.88598879,14.06822894,14.71273473,365121.31489229
2009-12-24,EGX:EFIC,14.56720132,14.87905793,14.34543682,14.54641083,167680.05373588
2009-12-27,EGX:EFIC,14.55334099,14.62264262,14.20683288,14.29692429,194604.3867909
2009-12-28,EGX:EFIC,14.41473705,14.51869088,13.72172082,14.19297255,246455.98569753
2009-12-29,EGX:EFIC,14.61571246,14.83054749,14.41473705,14.58799111,215090.19826965
2009-12-30,EGX:EFIC,14.76124517,14.85826883,14.28306535,14.52561965,137532.13098984
2009-12-31,EGX:EFIC,14.51869088,14.56027116,14.31771547,14.49096953,207908.54836264
2010-01-03,EGX:EFIC,14.28999552,14.72659505,14.28999552,14.53254981,328930.2437013
2010-01-04,EGX:EFIC,14.55334099,15.10775329,14.55334099,14.93449923,223522.90111404
2010-01-05,EGX:EFIC,15.16319459,15.89086233,15.10775329,15.57900503,425828.40615964
2010-01-06,EGX:EFIC,15.48891292,16.00174493,15.48891292,15.89086233,479072.46883165
2010-01-10,EGX:EFIC,16.11262753,16.11955769,15.84928205,15.93937347,206797.46328561
2010-01-11,EGX:EFIC,15.83542103,16.07104725,15.61365653,15.91858229,188536.70789619
2010-01-12,EGX:EFIC,15.95323379,16.66703983,15.92551315,16.37597301,766165.30899594
2010-01-13,EGX:EFIC,16.61159853,17.10364075,16.29281175,16.69476117,430366.53936389
2010-01-14,EGX:EFIC,16.61852938,17.09671059,16.46606581,16.71555235,497543.89749542
2010-01-17,EGX:EFIC,17.01354795,17.04819945,16.59773959,16.70862219,142950.47444992
2010-01-18,EGX:EFIC,16.63238971,17.11750177,16.52843727,16.93038669,280466.7327958
2010-01-19,EGX:EFIC,16.98582799,17.24917347,16.70169133,16.97889783,180671.09133137
2010-01-20,EGX:EFIC,16.81257393,17.15215189,16.81257393,16.99968901,133916.05410277
2010-01-21,EGX:EFIC,16.97889783,17.11750177,16.77792242,16.95117648,102012.03974796
2010-01-24,EGX:EFIC,16.63238971,16.63238971,15.59979551,16.06411639,691409.48485847
2010-01-26,EGX:EFIC,15.76611941,16.35518321,15.76611941,16.14727765,140028.46499408
2010-01-27,EGX:EFIC,15.95323379,17.03433913,15.95323379,16.79178344,398756.89040611
2010-01-28,EGX:EFIC,16.97889783,17.18680201,16.70169133,16.97889783,796219.43884587
2010-01-31,EGX:EFIC,16.70862219,17.25610432,16.70862219,16.97196766,406453.67975793
2010-02-01,EGX:EFIC,16.84029389,17.18680201,16.84029389,17.03433913,424492.21813194
2010-02-02,EGX:EFIC,17.33233611,17.56103147,17.11750177,17.32540595,504458.59839041
2010-02-03,EGX:EFIC,17.33233611,17.46400989,17.12443054,17.2976846,308173.15430764
2010-02-04,EGX:EFIC,17.31847578,17.39470757,17.03433913,17.16601221,185321.77601096
2010-02-07,EGX:EFIC,16.9650375,17.17987323,16.86108507,17.02047811,99851.91720209
2010-02-08,EGX:EFIC,17.14522172,17.53331012,17.04819945,17.31847578,362977.06499038
2010-02-09,EGX:EFIC,17.15215189,17.39470757,17.05513031,17.22838437,154955.96515241
2010-02-10,EGX:EFIC,17.23531453,17.52638135,17.17987323,17.36005606,349834.51579348
2010-02-11,EGX:EFIC,17.37391708,17.49866001,17.11750177,17.33233611,112239.7943272
2010-02-14,EGX:EFIC,17.46400989,17.49866001,17.22838437,17.36005606,86615.57510908
2010-02-15,EGX:EFIC,17.38777741,17.74121569,17.32540595,17.50559017,349936.96649539
2010-02-16,EGX:EFIC,17.81051801,18.01149202,17.74121569,17.90060942,224248.71383319
2010-02-17,EGX:EFIC,17.63726395,17.93525954,17.40163843,17.57489248,190092.22700404
2010-02-18,EGX:EFIC,17.40163843,17.63726395,16.97889783,17.27689481,188871.47638693
2010-02-21,EGX:EFIC,17.20759319,17.20759319,16.62545955,16.87494539,98243.00829184
2010-02-22,EGX:EFIC,16.77099365,17.32540595,16.77099365,17.12443054,113098.36006854
2010-02-23,EGX:EFIC,17.28382566,17.33233611,16.66703983,16.89573519,196490.34548659
2010-02-24,EGX:EFIC,16.75713263,17.32540595,16.75713263,17.20066302,208132.20834568
2010-02-25,EGX:EFIC,17.06898924,17.24917347,16.92345653,17.05513031,105918.15312917
2010-02-28,EGX:EFIC,16.98582799,17.24917347,16.81257393,16.97196766,47664.10683709
2010-03-01,EGX:EFIC,16.94424771,17.03433913,16.94424771,16.97889783,81354.51512094
2010-03-02,EGX:EFIC,17.25610432,17.31154562,16.97889783,17.06206047,30582.25600343
2010-03-03,EGX:EFIC,16.98582799,17.35312729,16.98582799,17.26996465,97153.5677293
2010-03-04,EGX:EFIC,17.32540595,17.32540595,17.01354795,17.16601221,91191.22547177
2010-03-07,EGX:EFIC,17.32540595,17.32540595,16.9095962,17.14522172,106346.71451602
2010-03-08,EGX:EFIC,16.99968901,17.01354795,16.9095962,16.97889783,145998.02208978
2010-03-09,EGX:EFIC,16.79871361,16.95810665,16.63238971,16.75713263,24946.02443084
2010-03-10,EGX:EFIC,16.70862219,17.11750177,16.70862219,16.82643495,48346.63052726
2010-03-11,EGX:EFIC,16.81950409,17.04126929,16.77099365,16.83336511,58313.20796501
2010-03-14,EGX:EFIC,16.67396999,16.73634214,16.49378577,16.63931987,113382.62469215
2010-03-15,EGX:EFIC,16.25816025,16.35518321,15.24635723,15.95323379,297032.00121702
2010-03-16,EGX:EFIC,15.17012475,16.00867509,14.93449923,15.60672568,92557.71581975
2010-03-17,EGX:EFIC,16.00867509,16.34132289,15.59286535,16.07104725,111923.78441568
2010-03-18,EGX:EFIC,15.93937347,16.30667277,15.93244331,16.14034887,53961.21758536
2010-03-21,EGX:EFIC,16.29281175,16.38290317,15.61365653,16.06411639,42242.87744174
2010-03-22,EGX:EFIC,15.73839807,15.93937347,15.73839807,15.88393217,20892.72835112
2010-03-23,EGX:EFIC,15.93937347,16.27202126,15.93937347,16.07104725,46597.75375666
2010-03-24,EGX:EFIC,16.28588159,16.45913565,16.08490619,16.21657997,108929.62657822
2010-03-25,EGX:EFIC,16.02253611,16.28588159,16.01560595,16.18886001,65972.48015838
2010-03-28,EGX:EFIC,16.21657997,16.63238971,16.15420781,16.31360293,208951.81396095
2010-03-29,EGX:EFIC,16.76406349,16.88880641,16.32053171,16.54922707,210106.18806696
2010-03-30,EGX:EFIC,16.63238971,17.11750177,16.63238971,16.86108507,848982.99329625
2010-03-31,EGX:EFIC,16.8541549,16.87494539,16.43141431,16.61159853,283644.14752259
2010-04-01,EGX:EFIC,16.61852938,16.64625003,16.35518321,16.59080943,236705.85340466
2010-04-06,EGX:EFIC,16.92345653,16.93038669,16.54229829,16.69476117,59624.86554297
2010-04-07,EGX:EFIC,16.66703983,16.80564377,16.47992683,16.65318089,545082.46614847
2010-04-08,EGX:EFIC,16.86108507,16.90266535,16.45913565,16.61159853,246699.84722742
2010-04-11,EGX:EFIC,16.66011105,17.49866001,16.63238971,17.04126929,1025214.07322239
2010-04-12,EGX:EFIC,17.25610432,17.49866001,17.04819945,17.31154562,512051.49407268
2010-04-13,EGX:EFIC,17.18680201,17.38777741,16.84029389,17.07591941,216583.6697693
2010-04-14,EGX:EFIC,17.32540595,17.53331012,17.04819945,17.33233611,284095.79639156
2010-04-15,EGX:EFIC,17.36005606,17.46400989,16.91652637,17.06206047,153924.24329516
2010-04-18,EGX:EFIC,17.14522172,17.14522172,16.32053171,16.69476117,242951.01731816
2010-04-19,EGX:EFIC,16.47299597,16.51457695,16.23737045,16.37597301,146644.47158914
2010-04-20,EGX:EFIC,16.54922707,16.71555235,16.42448553,16.54922707,83859.50693098
2010-04-21,EGX:EFIC,16.58387857,16.59080943,15.93937347,16.20964911,144617.10206547
2010-04-22,EGX:EFIC,15.93937347,16.02946489,15.54435421,15.78691059,226512.7300486
2010-04-26,EGX:EFIC,15.94630363,16.25816025,15.94630363,16.0987672,117148.770213
2010-04-27,EGX:EFIC,16.02253611,16.11262753,15.75225909,15.96709481,61206.3580682
2010-04-28,EGX:EFIC,15.76611941,16.07797741,15.53049389,15.89779319,187418.40798099
2010-04-29,EGX:EFIC,16.04332591,16.04332591,15.74532823,15.85621083,37587.86385927
2010-05-02,EGX:EFIC,15.74532823,15.80076953,15.44733263,15.58593519,62285.69785732
2010-05-03,EGX:EFIC,15.59286535,15.76611941,15.41961129,15.57900503,138047.27043465
2010-05-04,EGX:EFIC,15.72453913,15.91858229,15.04538183,15.33644865,112886.24382656
2010-05-05,EGX:EFIC,15.08003334,15.08003334,14.92064029,15.00380155,56888.99891173
2010-05-06,EGX:EFIC,15.10775329,15.10775329,14.48403937,14.70580387,230625.18780126
2010-05-09,EGX:EFIC,14.23455422,14.24841316,13.51381664,13.87418508,337704.9298746
2010-05-10,EGX:EFIC,14.41473705,14.55334099,13.86032476,14.0751591,211459.69170625
2010-05-11,EGX:EFIC,13.93655724,14.19990271,13.72865098,13.85339459,142859.56748907
2010-05-12,EGX:EFIC,13.9989287,14.19990271,13.72865098,13.91576606,47323.56647581
2010-05-13,EGX:EFIC,13.97813752,14.16525259,13.79102313,13.97813752,65301.50020926
2010-05-16,EGX:EFIC,13.69400086,13.84646443,12.99405446,13.36828392,164198.17283863
2010-05-17,EGX:EFIC,13.16730852,13.33363242,12.92475284,13.07028694,76343.08853323
2010-05-18,EGX:EFIC,13.20195864,13.27126095,13.07028694,13.16037836,82468.48613324
2010-05-19,EGX:EFIC,13.02870458,13.14651734,12.5435939,12.84852174,221302.17392761
2010-05-20,EGX:EFIC,12.8208004,12.98019413,12.47429228,12.67526768,157947.2370546
2010-05-23,EGX:EFIC,12.5435939,13.11879738,12.43964216,12.62675516,64728.64205916
2010-05-24,EGX:EFIC,13.16730852,13.17423868,11.44862825,12.38420086,106020.60383108
2010-05-25,EGX:EFIC,11.44169809,11.80899739,11.19221224,11.57337186,162522.88741729
2010-05-26,EGX:EFIC,11.74662592,11.85057767,11.44169809,11.63574333,128406.80368184
2010-05-27,EGX:EFIC,11.64960226,12.30103822,11.57337186,11.78820621,150582.33025827
2010-05-30,EGX:EFIC,11.83671734,12.2663881,11.83671734,12.05848254,62103.88393562
2010-05-31,EGX:EFIC,11.8990888,12.71684796,11.8990888,12.38420086,143568.06459663
2010-06-01,EGX:EFIC,12.43964216,12.43964216,11.88522848,11.98918022,161117.43694322
2010-06-02,EGX:EFIC,11.98918022,12.33568834,11.88522848,12.09313404,37004.90493573
2010-06-03,EGX:EFIC,12.36340968,12.68219646,12.13471432,12.48815261,64115.38081534
2010-06-06,EGX:EFIC,12.19015562,12.33568834,12.13471432,12.16936444,36675.90831552
2010-06-07,EGX:EFIC,12.33568834,12.47429228,11.93373892,12.16936444,46789.66845179
2010-06-08,EGX:EFIC,12.03769274,12.30103822,11.91987998,12.10699298,131380.75997245
2010-06-09,EGX:EFIC,12.19708579,12.47429228,12.16936444,12.37033985,55962.61369165
2010-06-10,EGX:EFIC,12.14164449,12.44657094,12.12778416,12.25252708,75833.72095896
2010-06-13,EGX:EFIC,12.1762953,12.43964216,12.1762953,12.31489855,15321.430322
2010-06-14,EGX:EFIC,12.2109468,12.47429228,12.14857534,12.3426185,79960.60838794
2010-06-15,EGX:EFIC,12.39112964,12.40499066,12.33568834,12.3772707,32668.78720004
2010-06-16,EGX:EFIC,12.30103822,12.33568834,12.25945794,12.3218294,22497.30835847
2010-06-17,EGX:EFIC,12.3426185,12.71684796,12.33568834,12.57131386,195434.09317959
2010-06-20,EGX:EFIC,12.71684796,12.71684796,12.57131386,12.64754634,53417.21878791
2010-06-21,EGX:EFIC,12.73070898,12.73070898,12.47429228,12.48815261,268155.33295522
2010-06-22,EGX:EFIC,12.3426185,12.49508346,12.14857534,12.42578114,41289.07583666
2010-06-23,EGX:EFIC,12.19708579,12.47429228,12.19708579,12.44657094,24328.43428413
2010-06-24,EGX:EFIC,12.58517488,12.59210504,12.2317366,12.33568834,42024.98932924
2010-06-27,EGX:EFIC,12.16243428,12.38420086,12.16243428,12.27331688,11115.17967323
2010-06-28,EGX:EFIC,12.3426185,12.40499066,12.10699298,12.16243428,23837.82528907
2010-06-29,EGX:EFIC,12.31489855,12.31489855,11.46248927,11.6981134,76863.99984857
2010-06-30,EGX:EFIC,11.50406955,11.76741572,11.43476792,11.5110004,33041.07284923
2010-07-04,EGX:EFIC,11.50406955,11.5110004,10.88035493,11.26151386,36186.7422881
2010-07-05,EGX:EFIC,11.08825981,11.08825981,10.92886607,11.05360899,193063.29735938
2010-07-06,EGX:EFIC,11.01895818,11.49713939,11.01895818,11.27537419,139794.70423762
2010-07-07,EGX:EFIC,11.12290992,11.33774634,11.10212013,11.17142245,78692.23983896
2010-07-08,EGX:EFIC,11.5664417,11.57337186,11.23379252,11.32388533,58496.46485434
2010-07-11,EGX:EFIC,11.55951085,11.70504356,11.3654663,11.50406955,57394.03758311
2010-07-12,EGX:EFIC,11.44862825,11.50406955,11.38625679,11.44862825,81155.38558766
2010-07-13,EGX:EFIC,11.46941804,11.57337186,11.33774634,11.46941804,73136.81445379
2010-07-14,EGX:EFIC,11.51793057,11.81592616,11.44862825,11.53872036,58254.04629208
2010-07-15,EGX:EFIC,11.67732361,11.77434588,11.43476792,11.62188231,76363.29008009
2010-07-18,EGX:EFIC,11.53872036,11.85057767,11.44169809,11.58030064,332286.58641452
2010-07-19,EGX:EFIC,11.71197442,11.71197442,11.55258068,11.69118463,183342.02441915
2010-07-20,EGX:EFIC,11.6981134,11.76741572,11.30309415,11.51793057,215853.52814725
2010-07-21,EGX:EFIC,11.5317895,11.5317895,11.29616398,11.37239646,83780.14371119
2010-07-22,EGX:EFIC,11.39318764,11.57337186,11.26151386,11.38625679,163241.48529828
2010-07-25,EGX:EFIC,11.47634821,11.57337186,11.37932663,11.44862825,44736.32551072
2010-07-26,EGX:EFIC,11.40011781,11.62881316,11.40011781,11.54565052,165531.47493107
2010-07-27,EGX:EFIC,11.67732361,11.86443868,11.53872036,11.70504356,242337.75607434
2010-07-28,EGX:EFIC,11.80206722,11.88522848,11.46941804,11.71890458,350840.26423334
2010-07-29,EGX:EFIC,11.78127604,11.83671734,11.6426721,11.76741572,56629.26473787
2010-08-01,EGX:EFIC,11.9545301,12.2871779,11.78127604,11.99611038,431584.40404573
2010-08-02,EGX:EFIC,11.82285632,11.89215864,11.66346328,11.77434588,159515.74287114
2010-08-03,EGX:EFIC,11.85750852,12.02383173,11.71197442,11.80899739,308982.65914947
2010-08-04,EGX:EFIC,11.73276491,11.85057767,11.5872308,11.74662592,63978.29889025
2010-08-05,EGX:EFIC,11.8990888,11.91987998,11.78127604,11.8436475,269406.38589261
2010-08-08,EGX:EFIC,11.91294982,12.24559692,11.81592616,12.03076258,331837.82348081
2010-08-09,EGX:EFIC,12.19708579,12.38420086,12.03769274,12.18322546,187416.96501336
2010-08-10,EGX:EFIC,12.20401664,12.34954936,12.09313404,12.1762953,142723.92853161
2010-08-11,EGX:EFIC,12.0099714,12.12778416,11.9545301,12.03769274,67988.305941
2010-08-12,EGX:EFIC,11.85057767,12.04462152,11.85057767,11.93373892,17966.38999239
2010-08-15,EGX:EFIC,11.91987998,12.10006282,11.78127604,11.85750852,20542.08721642
2010-08-16,EGX:EFIC,12.0099714,12.0099714,11.88522848,11.94759994,25547.7419336
2010-08-17,EGX:EFIC,11.96146027,12.05848254,11.91987998,11.97532128,146985.01195042
2010-08-18,EGX:EFIC,12.00304124,12.12778416,11.98918022,12.05155168,163121.71898478
2010-08-19,EGX:EFIC,12.12778416,12.47429228,12.12778416,12.33568834,492427.13427053
2010-08-22,EGX:EFIC,12.40499066,12.40499066,12.2317366,12.31489855,31323.94136654
2010-08-23,EGX:EFIC,12.31489855,12.40499066,12.2317366,12.30796838,116495.10587547
2010-08-24,EGX:EFIC,12.2663881,12.48122244,12.2663881,12.41192082,103619.50569058
2010-08-25,EGX:EFIC,12.1762953,12.46043196,12.16243428,12.35647952,199706.72033945
2010-08-26,EGX:EFIC,12.41885098,12.75149878,12.41885098,12.61289622,178942.41610763
2010-08-29,EGX:EFIC,12.51587256,12.5643837,12.40499066,12.52280342,91163.80908675
2010-08-30,EGX:EFIC,12.43964216,12.52280342,12.43964216,12.50201362,182148.69018707
2010-08-31,EGX:EFIC,12.34954936,12.40499066,12.23866676,12.3218294,29303.78668102
2010-09-01,EGX:EFIC,12.40499066,12.47429228,12.31489855,12.3980598,34667.29737106
2010-09-02,EGX:EFIC,12.46736212,12.47429228,12.25945794,12.3772707,293488.07271158
2010-09-05,EGX:EFIC,12.30796838,12.51587256,12.30103822,12.41885098,158036.70104782
2010-09-06,EGX:EFIC,12.47429228,12.49508346,12.2317366,12.3772707,379835.255841
2010-09-07,EGX:EFIC,12.3980598,12.3980598,12.23866676,12.2663881,196543.73528899
2010-09-08,EGX:EFIC,12.25252708,12.66140667,12.23866676,12.48122244,492317.46873046
2010-09-13,EGX:EFIC,12.55052476,12.68219646,12.55052476,12.63368602,73529.30164984
2010-09-14,EGX:EFIC,12.81387024,12.8208004,12.5089424,12.619825,156321.01253276
2010-09-15,EGX:EFIC,12.68219646,12.8208004,12.68219646,12.7653591,72005.52782991
2010-09-16,EGX:EFIC,12.57824472,12.99405446,12.52973358,12.77922012,198203.14806638
2010-09-19,EGX:EFIC,12.99405446,13.29205144,12.9871243,13.12572824,121167.43506954
2010-09-20,EGX:EFIC,13.0772171,13.21581966,13.00098462,13.09107604,82947.55138723
2010-09-21,EGX:EFIC,13.22274982,13.22967998,13.05642592,13.12572824,68372.13533125
2010-09-22,EGX:EFIC,13.15344819,13.3197714,13.0980069,13.16037836,142410.80455536
2010-09-23,EGX:EFIC,13.34056258,13.41679506,13.25047116,13.34749274,55151.66588218
2010-09-26,EGX:EFIC,13.4653055,13.6870707,13.44451501,13.53460782,159993.3651575
2010-09-27,EGX:EFIC,13.3197714,13.51381664,13.27126095,13.3544229,229633.86903772
2010-09-28,EGX:EFIC,13.27126095,13.44451501,13.16730852,13.3197714,73970.84974539
2010-09-29,EGX:EFIC,13.47916652,13.47916652,12.95940434,13.16037836,440092.14120701
2010-09-30,EGX:EFIC,13.03563474,13.36828392,13.03563474,13.27819112,123865.78454233
2010-10-03,EGX:EFIC,13.30591246,13.63855956,13.30591246,13.430654,39212.64541347
2010-10-04,EGX:EFIC,13.3752127,13.5207468,13.34749274,13.4653055,29273.48436074
2010-10-05,EGX:EFIC,13.3752127,13.43758416,13.28512128,13.3544229,40364.13358422
2010-10-07,EGX:EFIC,13.44451501,13.50688648,13.19502986,13.36135376,45669.92556896
2010-10-10,EGX:EFIC,13.27819112,13.30591246,13.20195864,13.243541,93016.57952689
2010-10-11,EGX:EFIC,13.19502986,13.34056258,13.11879738,13.18116884,100569.07211545
2010-10-12,EGX:EFIC,13.23661014,13.33363242,13.11879738,13.22274982,14174.27105415
2010-10-13,EGX:EFIC,13.30591246,13.77023334,13.25739994,13.59004912,240542.7043395
2010-10-14,EGX:EFIC,13.58311826,13.742512,13.45144518,13.58311826,67962.33252361
2010-10-17,EGX:EFIC,13.51381664,13.66627952,13.4653055,13.55539692,20138.05627932
2010-10-18,EGX:EFIC,13.51381664,13.51381664,13.3197714,13.3752127,21060.11259649
2010-10-19,EGX:EFIC,13.30591246,13.43758416,13.27126095,13.28512128,12387.8771251
2010-10-20,EGX:EFIC,13.17423868,13.56232777,13.17423868,13.49995631,304821.14049731
2010-10-21,EGX:EFIC,13.51381664,13.81874448,13.51381664,13.65242058,60725.84984657
2010-10-24,EGX:EFIC,13.72172082,13.77716212,13.54846676,13.67321037,16420.97165797
2010-10-25,EGX:EFIC,13.4860953,13.51381664,13.34056258,13.4653055,15201.6640085
2010-10-26,EGX:EFIC,13.51381664,13.58311826,13.34056258,13.44451501,18816.29792794
2010-10-27,EGX:EFIC,13.34056258,13.430654,13.17423868,13.30591246,47742.02708924
2010-10-28,EGX:EFIC,13.34749274,13.78409228,13.28512128,13.68014053,122976.91648071
2010-10-31,EGX:EFIC,13.52767696,13.72172082,13.38907371,13.50688648,7259.57015916
2010-11-01,EGX:EFIC,13.54846676,13.54846676,13.29205144,13.41679506,23751.24723112
2010-11-02,EGX:EFIC,13.36828392,13.79102313,13.36828392,13.68014053,66555.43908191
2010-11-03,EGX:EFIC,13.79102313,14.26227417,13.79102313,14.09595028,445693.74155642
2010-11-04,EGX:EFIC,14.13753125,14.33850665,14.01278764,14.14446141,347264.59043998
2010-11-07,EGX:EFIC,14.12367023,14.31078531,14.08902012,14.17911153,212342.78789735
2010-11-08,EGX:EFIC,14.2761345,14.2761345,13.87418508,14.01278764,116984.27190289
2010-11-09,EGX:EFIC,13.89497488,14.02664865,13.86032476,13.92962638,27800.21440795
2010-11-10,EGX:EFIC,13.83953358,14.60185213,13.7979533,14.38008694,395927.23087876
2010-11-11,EGX:EFIC,14.55334099,14.55334099,14.05437,14.19990271,76565.30554864
2010-11-14,EGX:EFIC,13.97813752,14.20683288,13.93655724,14.06130016,139044.36106871
2010-11-18,EGX:EFIC,13.99199853,14.43552823,13.86725492,14.19990271,215123.3865252
2010-11-21,EGX:EFIC,14.22762406,14.31078531,14.03357882,14.15832174,112151.77330161
2010-11-22,EGX:EFIC,14.24148299,14.24148299,13.9989287,14.06130016,63512.22034495
2010-11-23,EGX:EFIC,13.9434874,14.17911153,13.82567464,13.89497488,289618.03352118
2010-11-24,EGX:EFIC,14.03357882,14.13753125,13.86032476,13.95041617,87468.36897989
2010-11-25,EGX:EFIC,13.89497488,14.11674146,13.86032476,13.95734634,138413.7842133
2010-11-28,EGX:EFIC,13.96427719,14.06130016,13.86032476,13.8880461,46352.44925913
2010-11-29,EGX:EFIC,14.08208995,14.10288044,13.82567464,13.86725492,353662.70892253
2010-11-30,EGX:EFIC,13.86725492,13.86725492,13.5207468,13.80488346,60800.88416346
2010-12-01,EGX:EFIC,13.52767696,13.60390806,13.47916652,13.52767696,71940.59428644
2010-12-02,EGX:EFIC,13.60390806,13.73558183,13.51381664,13.61083822,211197.07159713
2010-12-05,EGX:EFIC,13.76330318,13.77716212,13.63855956,13.71479204,84251.99412702
2010-12-06,EGX:EFIC,13.72172082,13.79102313,13.58311826,13.72172082,194553.88292376
2010-12-08,EGX:EFIC,13.56232777,13.86032476,13.5207468,13.73558183,121927.87901187
2010-12-09,EGX:EFIC,13.77023334,13.86032476,13.73558183,13.80488346,140061.65324963
2010-12-12,EGX:EFIC,13.85339459,13.92962638,13.72172082,13.83953358,43632.45527185
2010-12-13,EGX:EFIC,13.6870707,13.90190504,13.6870707,13.83953358,11348.9404297
2010-12-14,EGX:EFIC,13.72172082,13.79102313,13.71479204,13.76330318,5252.40218234
2010-12-15,EGX:EFIC,13.72172082,13.86032476,13.58311826,13.84646443,94007.89829043
2010-12-16,EGX:EFIC,13.89497488,13.92962638,13.62469924,13.81874448,75797.64676814
2010-12-19,EGX:EFIC,13.85339459,14.06130016,13.59004912,13.81874448,403775.53183199
2010-12-20,EGX:EFIC,13.82567464,13.90883589,13.53460782,13.71479204,27502.96307565
2010-12-21,EGX:EFIC,13.61776907,13.79102313,13.4653055,13.6316294,100825.92035404
2010-12-22,EGX:EFIC,13.77023334,13.79102313,13.16730852,13.34056258,154751.06374859
2010-12-23,EGX:EFIC,13.30591246,13.51381664,13.10493706,13.19502986,711185.35626202
2010-12-26,EGX:EFIC,13.11186722,13.11186722,12.92475284,13.04949576,59070.76597208
2010-12-27,EGX:EFIC,12.92475284,13.0980069,12.8208004,12.91089182,67351.95721506
2010-12-28,EGX:EFIC,12.86238068,12.99405446,12.7653591,12.84159158,257752.97929245
2010-12-29,EGX:EFIC,12.86238068,12.9871243,12.79307906,12.86931154,27876.69169247
2010-12-30,EGX:EFIC,12.91782198,13.21581966,12.89010202,13.10493706,265241.98130518
2011-01-02,EGX:EFIC,13.10493706,13.44451501,13.0980069,13.21581966,60835.51538664
2011-01-03,EGX:EFIC,13.27126095,13.3752127,13.18116884,13.2989823,110831.45791787
2011-01-04,EGX:EFIC,13.3544229,13.6316294,13.30591246,13.5207468,365923.60489597
2011-01-05,EGX:EFIC,13.61083822,13.70786188,13.58311826,13.61776907,416938.28257575
2011-01-06,EGX:EFIC,13.65242058,13.65242058,13.42372522,13.51381664,377950.74011295
2011-01-10,EGX:EFIC,13.49995631,13.5207468,13.243541,13.36135376,186708.4679058
2011-01-11,EGX:EFIC,13.42372522,13.42372522,13.0772171,13.15344819,4528775.5591487
2011-01-12,EGX:EFIC,13.29205144,13.29205144,13.00098462,13.03563474,514863.83798844
2011-01-13,EGX:EFIC,13.06335608,13.44451501,12.94554332,13.11879738,960365.66484973
2011-01-16,EGX:EFIC,13.43758416,13.49302546,13.0980069,13.22274982,227417.47075418
2011-01-17,EGX:EFIC,13.36135376,13.36135376,12.5643837,12.85545052,487252.65234035
2011-01-18,EGX:EFIC,12.71684796,12.91782198,12.13471432,12.50201362,231167.74363108
2011-01-19,EGX:EFIC,12.12778416,12.47429228,12.12778416,12.34954936,115223.85139123
2011-01-20,EGX:EFIC,12.37033985,12.64061618,12.37033985,12.48815261,154612.53885587
2011-01-23,EGX:EFIC,12.61289622,12.61289622,12.27331688,12.48122244,355656.89019066
2011-01-24,EGX:EFIC,12.47429228,12.55052476,12.3426185,12.4535011,100414.67457877
2011-01-26,EGX:EFIC,12.31489855,12.31489855,10.40910389,11.27537419,299156.04957208
2011-01-27,EGX:EFIC,11.15756143,11.32388533,10.01408464,10.82491363,357968.52433794
2011-03-27,EGX:EFIC,9.7438083,11.40011781,9.7438083,10.48533568,567031.44680659
2011-03-28,EGX:EFIC,11.15063127,11.31695516,10.70017071,10.88035493,198129.55671712
2011-03-29,EGX:EFIC,10.57542779,11.39318764,10.39524357,10.97044704,97550.38382824
2011-03-30,EGX:EFIC,12.04462152,12.04462152,10.90807558,11.05360899,79418.05255811
2011-03-31,EGX:EFIC,11.32388533,11.32388533,10.84570412,10.95658672,125060.56174205
2011-04-03,EGX:EFIC,11.20607257,11.21300273,10.84570412,10.99123753,251571.30595478
2011-04-04,EGX:EFIC,11.20607257,11.20607257,10.91500575,11.00509786,108473.64880634
2011-04-05,EGX:EFIC,10.91500575,11.05360899,10.86649461,10.97737721,57297.35875173
2011-04-06,EGX:EFIC,11.05360899,11.08825981,10.91500575,11.02588834,65986.90983471
2011-04-07,EGX:EFIC,10.88035493,10.98430737,10.74175169,10.81105331,45688.68414818
2011-04-10,EGX:EFIC,10.74175169,10.74175169,10.39524357,10.45068487,83104.83485918
2011-04-11,EGX:EFIC,10.59621828,10.60314844,10.11803707,10.37445308,47798.30282691
2011-04-12,EGX:EFIC,10.25664032,10.25664032,9.77845912,9.90320204,55179.0822672
2011-04-13,EGX:EFIC,10.22198951,10.85263428,10.06952594,10.38138324,228563.1870544
2011-04-14,EGX:EFIC,10.47840552,10.56849763,10.1873387,10.29129113,91002.19671191
2011-04-17,EGX:EFIC,10.29129113,10.29129113,9.69529717,9.77152895,132842.48618418
2011-04-18,EGX:EFIC,9.70915749,9.90320204,9.52897327,9.69529717,94505.72212364
2011-04-20,EGX:EFIC,9.59134473,9.59134473,8.75972525,8.97456028,573334.3294254
2011-04-21,EGX:EFIC,8.90525866,8.92604914,8.44093778,8.57954102,654043.83801461
2011-04-26,EGX:EFIC,8.48944891,8.87060784,8.31619485,8.621122,228792.61890797
2011-04-27,EGX:EFIC,8.61419184,8.69042362,8.43400761,8.5656807,283228.57284443
2011-04-28,EGX:EFIC,8.59340135,8.72507443,8.44093778,8.57954102,281906.81449305
2011-05-02,EGX:EFIC,8.66270297,8.96069996,8.66270297,8.79437606,367731.64333951
2011-05-03,EGX:EFIC,8.7320046,8.86367768,8.62805216,8.75279508,218528.79013792
2011-05-04,EGX:EFIC,8.69735378,8.75279508,8.52409973,8.621122,410524.29144924
2011-05-05,EGX:EFIC,8.621122,8.70428395,8.44093778,8.58647119,177392.66887031
2011-05-08,EGX:EFIC,8.48944891,8.52409973,8.3993568,8.46172826,333823.34694314
2011-05-09,EGX:EFIC,8.51716956,8.62805216,8.48251875,8.52409973,297385.52828699
2011-05-10,EGX:EFIC,8.49637908,8.74586492,8.49637908,8.69042362,308282.81984771
2011-05-11,EGX:EFIC,8.66270297,8.74586492,8.59340135,8.66270297,65973.92312601
2011-05-12,EGX:EFIC,8.60033151,8.87060784,8.54489021,8.64884265,222293.49269114
2011-05-15,EGX:EFIC,8.59340135,8.73893476,8.59340135,8.68349346,255924.73930206
2011-05-16,EGX:EFIC,8.62805216,9.30720807,8.57954102,9.05772223,745100.86749655
2011-05-17,EGX:EFIC,9.18939531,9.73687814,9.11316353,9.47353197,803750.28691994
2011-05-18,EGX:EFIC,9.56362408,9.86162106,9.25869694,9.64678603,777932.71003906
2011-05-19,EGX:EFIC,9.70222733,9.76459879,9.53590343,9.69529717,238205.09677483
2011-05-22,EGX:EFIC,9.75766863,10.17347837,9.75766863,10.00715447,400733.75606265
2011-05-23,EGX:EFIC,9.93092269,10.11803707,9.72994798,10.01408464,292951.28875228
2011-05-24,EGX:EFIC,9.97943382,10.15268788,9.9101322,10.03487512,305642.18908021
2011-05-25,EGX:EFIC,9.90320204,11.03281851,9.90320204,10.7209612,1034938.23209787
2011-05-26,EGX:EFIC,10.88035493,11.63574333,10.84570412,11.12984009,598398.6772021
2011-05-29,EGX:EFIC,11.21993358,11.43476792,11.15756143,11.31695516,238855.8751771
2011-05-30,EGX:EFIC,11.23379252,11.23379252,10.79026282,10.97044704,177995.8293407
2011-05-31,EGX:EFIC,10.94965656,11.26151386,10.68631039,10.92886607,317533.68533973
2011-06-01,EGX:EFIC,11.08825981,11.09518997,10.88035493,10.98430737,67388.03140587
2011-06-02,EGX:EFIC,10.92886607,11.17142245,10.74175169,10.90114542,766445.24471665
2011-06-05,EGX:EFIC,10.91500575,11.01895818,10.91500575,10.94965656,20894.17131875
2011-06-06,EGX:EFIC,10.84570412,10.99816769,10.74175169,10.81105331,72426.8743786
2011-06-07,EGX:EFIC,10.71403104,11.1991424,10.71403104,11.08825981,499966.6401504
2011-06-08,EGX:EFIC,11.22686375,11.22686375,10.99816769,11.19221224,357275.89987434
2011-06-09,EGX:EFIC,11.21993358,11.50406955,11.13677094,11.35160528,591931.29627319
2011-06-12,EGX:EFIC,11.50406955,11.71197442,11.37239646,11.55951085,242881.7548718
2011-06-13,EGX:EFIC,11.74662592,11.78127604,11.43476792,11.67039345,408810.04590181
2011-06-14,EGX:EFIC,11.64960226,11.7535547,11.50406955,11.63574333,193952.165421
2011-06-15,EGX:EFIC,11.6426721,11.6426721,11.4555591,11.5110004,29801.61051424
2011-06-16,EGX:EFIC,11.53872036,11.6426721,11.40011781,11.53872036,146067.28453614
2011-06-19,EGX:EFIC,11.3654663,11.49020922,11.10212013,11.30309415,51741.93336656
2011-06-20,EGX:EFIC,11.33081549,11.42783776,10.94965656,11.06053916,125891.71109838
2011-06-21,EGX:EFIC,11.08132964,11.08825981,10.81105331,10.8318438,155608.1865223
2011-06-22,EGX:EFIC,10.81105331,10.86649461,10.64472941,10.7209612,290619.45305814
2011-06-23,EGX:EFIC,10.74175169,10.74175169,10.45068487,10.67938023,800652.23541294
2011-06-26,EGX:EFIC,10.60314844,10.60314844,10.27743081,10.36059276,60277.08691286
2011-06-27,EGX:EFIC,10.39524357,10.39524357,10.25664032,10.28436097,74636.05782397
2011-06-28,EGX:EFIC,10.38138324,10.39524357,10.25664032,10.31901178,100356.95587347
2011-06-29,EGX:EFIC,10.26357048,10.26357048,9.91706236,10.0764561,97711.99620308
2011-06-30,EGX:EFIC,10.06259577,10.15961805,10.00715447,10.08338626,30446.61704597
2011-07-03,EGX:EFIC,9.73687814,10.05566561,9.59827489,9.95864334,141966.37052455
2011-07-04,EGX:EFIC,9.9655735,10.18040853,9.87548139,10.04180529,186194.77142862
2011-07-05,EGX:EFIC,10.25664032,10.26357048,9.97943382,10.0764561,67647.76557972
2011-07-06,EGX:EFIC,9.89627188,10.00715447,9.70222733,9.79231944,205198.65514879
2011-07-07,EGX:EFIC,9.70222733,9.87548139,9.70222733,9.76459879,50335.03992486
2011-07-10,EGX:EFIC,9.7438083,9.7438083,9.431951,9.65371619,54847.19971172
2011-07-11,EGX:EFIC,9.431951,9.55669392,9.1547445,9.23790645,122095.26325724
2011-07-12,EGX:EFIC,9.1547445,9.34185889,9.02307142,9.10623337,163924.00898846
2011-07-13,EGX:EFIC,9.4873923,9.4873923,9.28641759,9.34878905,108402.94339235
2011-07-14,EGX:EFIC,9.35571921,9.70222733,9.18246515,9.33492872,692063.14919599
2011-07-17,EGX:EFIC,9.70222733,10.26357048,9.69529717,10.16654821,368152.9898882
2011-07-18,EGX:EFIC,10.31901178,10.39524357,9.77845912,9.99329415,366043.37120947
2011-07-19,EGX:EFIC,9.87548139,9.88241155,9.56362408,9.68143684,636957.65827805
2011-07-20,EGX:EFIC,9.70222733,9.9101322,9.67450668,9.78538928,122551.24102912
2011-07-21,EGX:EFIC,9.73687814,9.80617977,9.61213522,9.68143684,84689.21331967
2011-07-25,EGX:EFIC,9.57055424,9.81310993,9.55669392,9.67450668,38794.18480004
2011-07-26,EGX:EFIC,9.53590343,9.82697025,9.53590343,9.61213522,139305.5382102
2011-07-27,EGX:EFIC,9.57055424,9.57055424,9.36957954,9.50125262,40163.5610833
2011-07-28,EGX:EFIC,9.43888116,9.61906538,9.32799856,9.39730019,105802.71571857
2011-07-31,EGX:EFIC,9.62599554,9.62599554,9.47353197,9.52897327,12914.56031097
2011-08-01,EGX:EFIC,9.61213522,10.09031642,9.61213522,9.88241155,145653.15282561
2011-08-02,EGX:EFIC,9.7438083,9.7438083,9.35571921,9.47353197,149993.5994642
2011-08-03,EGX:EFIC,9.38343986,9.76459879,9.33492872,9.431951,167580.48896924
2011-08-04,EGX:EFIC,9.75766863,9.77152895,9.54283359,9.688367,49156.1353691
2011-08-07,EGX:EFIC,9.36264937,9.36264937,9.07851272,9.16860483,159483.99758322
2011-08-08,EGX:EFIC,9.14781434,9.14781434,8.87753801,9.02307142,433281.33398156
2011-08-09,EGX:EFIC,8.87753801,8.87753801,8.31619485,8.51716956,289541.55623666
2011-08-10,EGX:EFIC,8.71121411,8.87060784,8.66270297,8.69735378,96808.69846513
2011-08-11,EGX:EFIC,8.72507443,8.72507443,8.38549648,8.53796005,45570.36080231
2011-08-14,EGX:EFIC,8.7320046,8.7320046,8.49637908,8.58647119,14455.64974249
2011-08-15,EGX:EFIC,8.5656807,8.82209671,8.52409973,8.64191249,105105.76235206
2011-08-16,EGX:EFIC,8.60033151,8.62805216,8.49637908,8.5656807,56564.33119441
2011-08-17,EGX:EFIC,8.62805216,8.82902687,8.52409973,8.75972525,76872.65765436
2011-08-18,EGX:EFIC,8.76665541,8.87060784,8.6765633,8.75972525,263902.90734221
2011-08-21,EGX:EFIC,8.48944891,8.59340135,8.33698534,8.46172826,171630.8991137
2011-08-22,EGX:EFIC,8.42707745,8.62805216,8.42707745,8.46865843,100189.5716281
2011-08-23,EGX:EFIC,8.57954102,8.58647119,8.43400761,8.47558859,221778.35324633
2011-08-24,EGX:EFIC,8.48944891,8.51716956,8.3993568,8.42707745,186041.81685958
2011-08-25,EGX:EFIC,8.48944891,8.5102394,8.37856632,8.41321713,268624.29743579
2011-08-28,EGX:EFIC,8.42014729,8.48944891,8.37856632,8.3993568,132146.97578531
2011-08-29,EGX:EFIC,8.39242664,8.63498232,8.37856632,8.5102394,257148.37585443
2011-09-04,EGX:EFIC,8.47558859,8.75972525,8.47558859,8.66963314,419140.25118296
2011-09-05,EGX:EFIC,8.53796005,8.72507443,8.48944891,8.58647119,351040.83673426
2011-09-06,EGX:EFIC,8.52409973,8.78051573,8.52409973,8.69042362,823224.5780883
2011-09-07,EGX:EFIC,8.69735378,8.73893476,8.5102394,8.55875054,196015.60913549
2011-09-08,EGX:EFIC,8.60726167,8.64884265,8.48944891,8.52409973,282957.29492951
2011-09-11,EGX:EFIC,8.49637908,8.52409973,8.39242664,8.44093778,345081.38041199
2011-09-12,EGX:EFIC,8.3993568,8.3993568,8.11522015,8.23996307,278290.73760598
2011-09-13,EGX:EFIC,8.12908047,8.12908047,7.90038511,8.01126771,222799.97433015
2011-09-14,EGX:EFIC,8.10828998,8.23303291,7.76178186,7.92810576,192906.01388743
2011-09-15,EGX:EFIC,7.90038511,7.90038511,7.50536586,7.65782943,338999.27184096
2011-09-18,EGX:EFIC,7.68555008,7.7548517,7.51229602,7.60931829,279966.02302732
2011-09-19,EGX:EFIC,7.62317862,7.85880414,7.62317862,7.76871203,321797.6546938
2011-09-20,EGX:EFIC,7.76871203,7.76871203,7.55387699,7.62317862,209332.75741593
2011-09-21,EGX:EFIC,7.62317862,7.62317862,7.44992456,7.56080715,78695.12577423
2011-09-22,EGX:EFIC,7.45685472,7.45685472,7.20736887,7.26281017,131654.92382263
2011-09-25,EGX:EFIC,7.21429904,7.21429904,6.8885814,6.97174335,115044.9234048
2011-09-26,EGX:EFIC,6.90937189,7.19350855,6.90244173,7.08262595,99136.20525637
2011-09-27,EGX:EFIC,7.19350855,7.19350855,6.67374637,6.92323222,160596.52562789
2011-09-28,EGX:EFIC,6.61137491,6.86086075,6.4658415,6.60444475,129594.3660434
2011-09-29,EGX:EFIC,6.84700043,6.88165124,6.69453686,6.77769881,95951.57569142
2011-10-02,EGX:EFIC,6.82620994,7.13113709,6.6876067,6.74304799,120031.81954275
2011-10-03,EGX:EFIC,6.42426122,6.62523523,6.33416841,6.51435264,164759.48724768
2011-10-04,EGX:EFIC,6.32030809,6.52821296,6.17477468,6.27179695,127424.1427241
2011-10-05,EGX:EFIC,6.37574939,6.43812085,5.95993965,6.07082224,196096.41532291
2011-10-09,EGX:EFIC,6.16784452,6.67374637,5.98766029,6.55593361,522870.86538124
2011-10-10,EGX:EFIC,6.39653988,6.58365426,6.23714614,6.44505101,384614.36463988
2011-10-11,EGX:EFIC,6.54900345,6.74304799,6.50049231,6.6321654,573943.26176632
2011-10-12,EGX:EFIC,6.72225751,6.86086075,6.59058442,6.70839718,203312.6964531
2011-10-13,EGX:EFIC,6.81234962,7.13806725,6.81234962,6.99253384,367711.44179265
2011-10-16,EGX:EFIC,7.1103466,7.26281017,6.88165124,7.02025449,204239.08167317
2011-10-17,EGX:EFIC,6.89551157,7.06183546,6.87472108,6.93709254,221934.19375065
2011-10-18,EGX:EFIC,6.93016238,7.10341644,6.81234962,7.02718465,68818.01232969
2011-10-19,EGX:EFIC,7.09648628,7.68555008,7.06876563,7.45685472,676759.03448559
2011-10-20,EGX:EFIC,7.44992456,7.55387699,7.34597212,7.42220391,38567.63888174
2011-10-23,EGX:EFIC,7.55387699,7.65782943,7.42220391,7.56080715,108110.02096295
2011-10-24,EGX:EFIC,7.53308651,7.53308651,7.24201969,7.35983245,76933.26229493
2011-10-25,EGX:EFIC,7.35983245,7.3875531,7.22815936,7.29746098,72693.82339061
2011-10-26,EGX:EFIC,7.24894985,7.2766705,7.10341644,7.21429904,92087.30837156
2011-10-27,EGX:EFIC,7.31132131,7.48457537,7.24201969,7.38062293,99293.48872831
2011-10-30,EGX:EFIC,7.51922618,7.55387699,7.42913407,7.49150553,48558.74676924
2011-10-31,EGX:EFIC,7.50536586,8.23996307,7.50536586,7.93503592,677523.80733082
2011-11-01,EGX:EFIC,7.89345495,7.95582641,7.70634056,7.77564219,101599.35100506
2011-11-02,EGX:EFIC,7.81722316,7.87959462,7.7548517,7.810293,37332.45858831
2011-11-03,EGX:EFIC,7.83108349,7.93503592,7.83108349,7.88652479,112446.13869865
2011-11-09,EGX:EFIC,8.06670901,8.17066144,7.84494381,8.0320582,89756.91564505
2011-11-10,EGX:EFIC,7.90038511,7.90038511,7.77564219,7.83801365,48785.29268755
2011-11-13,EGX:EFIC,7.74792154,7.74792154,7.13806725,7.43606423,44078.3322703
2011-11-14,EGX:EFIC,7.21429904,7.21429904,6.93016238,6.98560368,156407.59059071
2011-11-15,EGX:EFIC,7.1103466,7.31132131,7.02718465,7.13113709,85627.14228081
2011-11-16,EGX:EFIC,7.20043871,7.20043871,7.04104498,7.1103466,24045.61262815
2011-11-17,EGX:EFIC,7.02718465,7.13806725,7.02718465,7.09648628,7719.87683393
2011-11-20,EGX:EFIC,6.79155913,7.04104498,6.79155913,6.93709254,76640.33986553
2011-11-21,EGX:EFIC,6.6876067,6.6876067,6.4658415,6.56286377,189894.54043838
2011-11-22,EGX:EFIC,6.38960971,6.38960971,6.2440763,6.28565728,102977.38509411
2011-11-23,EGX:EFIC,6.54900345,6.61830507,6.34109858,6.50049231,130644.84647987
2011-11-24,EGX:EFIC,6.53514312,6.75690832,6.44505101,6.56286377,281739.43024768
2011-11-29,EGX:EFIC,6.81927978,7.20736887,6.81927978,7.08955611,159535.94441799
2011-11-30,EGX:EFIC,7.35290228,7.35290228,6.96481319,7.17964822,112309.05677356
2011-12-01,EGX:EFIC,7.24894985,7.34597212,7.20736887,7.26281017,121832.64314813
2011-12-04,EGX:EFIC,7.2766705,7.2766705,7.03411481,7.1103466,41504.0780139
2011-12-05,EGX:EFIC,7.06876563,7.15192757,6.96481319,7.03411481,78159.78478256
2011-12-06,EGX:EFIC,6.96481319,7.15192757,6.95788303,7.08262595,12397.97789853
2011-12-07,EGX:EFIC,7.15192757,7.15192757,6.95788303,7.03411481,82042.81068165
2011-12-08,EGX:EFIC,6.97867351,7.06183546,6.96481319,6.999464,195304.22609266
2011-12-11,EGX:EFIC,7.11727676,7.13113709,6.81234962,6.96481319,568129.54517493
2011-12-12,EGX:EFIC,6.80541946,6.86086075,6.63909556,6.70839718,219296.44891842
2011-12-13,EGX:EFIC,6.62523523,6.81927978,6.48663199,6.55593361,692475.83793889
2011-12-14,EGX:EFIC,6.56979393,6.68067653,6.51435264,6.56979393,696156.84836943
2011-12-15,EGX:EFIC,6.5212828,6.5767241,6.47970182,6.52821296,347975.9734828
2011-12-18,EGX:EFIC,6.47277166,6.47277166,6.17477468,6.26486679,234727.54478048
2011-12-19,EGX:EFIC,6.2440763,6.39653988,6.18170484,6.23714614,252533.76536566
2011-12-20,EGX:EFIC,6.23714614,6.25100716,6.00152062,6.08468257,234268.68107334
2011-12-21,EGX:EFIC,6.12626354,6.12626354,5.96686981,6.00152062,122708.52450106
2011-12-22,EGX:EFIC,5.96686981,6.05696192,5.8213364,5.91142851,195201.77539076
2011-12-25,EGX:EFIC,6.09161273,6.28565728,6.03617143,6.17477468,121785.02521625
2011-12-26,EGX:EFIC,6.09854289,6.11933338,5.96686981,6.02924127,295969.97703949
2011-12-27,EGX:EFIC,6.04310159,6.12626354,6.00152062,6.03617143,410426.16965023
2011-12-28,EGX:EFIC,6.01538094,6.1331937,5.91142851,6.04310159,167632.43580401
2011-12-29,EGX:EFIC,6.05003176,6.30644776,6.04310159,6.17477468,456660.2955635
2012-01-02,EGX:EFIC,6.29258744,6.29258744,6.09854289,6.14012387,94997.77408633
2012-01-03,EGX:EFIC,6.11240322,6.16784452,6.08468257,6.11933338,142960.57522335
2012-01-04,EGX:EFIC,6.16784452,6.30644776,6.16784452,6.18170484,356753.54559137
2012-01-05,EGX:EFIC,6.18170484,6.23021598,6.09854289,6.16784452,170815.62240133
2012-01-09,EGX:EFIC,6.11240322,6.1331937,6.02924127,6.09161273,54599.00927893
2012-01-10,EGX:EFIC,6.18170484,6.30644776,6.14012387,6.20249533,483430.23108183
2012-01-11,EGX:EFIC,6.23714614,6.30644776,6.17477468,6.23021598,142892.75574462
2012-01-12,EGX:EFIC,6.23714614,6.37574939,6.23021598,6.32723825,533254.46046479
2012-01-15,EGX:EFIC,6.30644776,6.4104002,6.25100716,6.33416841,137784.65032553
2012-01-16,EGX:EFIC,6.27872711,6.37574939,6.1331937,6.30644776,127284.17486375
2012-01-17,EGX:EFIC,6.36881923,6.44505101,6.27872711,6.38267955,136428.26075097
2012-01-18,EGX:EFIC,6.37574939,6.4104002,6.17477468,6.29258744,146045.64002165
2012-01-19,EGX:EFIC,6.23714614,6.23714614,6.06389208,6.1331937,145038.44861416
2012-01-22,EGX:EFIC,6.0777531,6.19556517,6.02924127,6.04310159,54544.1765089
2012-01-23,EGX:EFIC,6.06389208,6.20249533,6.06389208,6.1331937,83288.09174851
2012-01-24,EGX:EFIC,6.20942549,6.2440763,6.18170484,6.23714614,405446.48835043
2012-01-26,EGX:EFIC,6.30644776,6.71532734,6.30644776,6.55593361,621698.27556425
2012-01-29,EGX:EFIC,6.6876067,6.93016238,6.58365426,6.79155913,510575.33818462
2012-01-30,EGX:EFIC,6.6876067,6.86086075,6.58365426,6.70839718,276599.57954067
2012-01-31,EGX:EFIC,6.77769881,6.97867351,6.67374637,6.84007027,354488.08640832
2012-02-01,EGX:EFIC,6.86086075,6.93016238,6.69453686,6.77769881,425751.92887512
2012-02-02,EGX:EFIC,6.22328582,6.58365426,6.22328582,6.4658415,505102.16195451
2012-02-06,EGX:EFIC,6.41733036,6.4658415,6.27872711,6.39653988,101685.92906302
2012-02-07,EGX:EFIC,6.44505101,6.65295588,6.44505101,6.54900345,817832.20804561
2012-02-08,EGX:EFIC,6.5767241,7.10341644,6.54900345,6.67374637,3589198.72898054
2012-02-09,EGX:EFIC,7.02025449,7.33904196,7.02025449,7.25588001,1732240.79676751
2012-02-12,EGX:EFIC,7.40834358,7.9766169,7.29053082,7.79643268,2003367.20007807
2012-02-13,EGX:EFIC,8.20531226,8.31619485,7.810293,8.00433755,1559021.19029042
2012-02-14,EGX:EFIC,7.85880414,8.80130622,7.65782943,8.48251875,2464406.90240624
2012-02-15,EGX:EFIC,8.55182037,8.90525866,7.95582641,8.33698534,1571157.99104747
2012-02-16,EGX:EFIC,7.96968674,8.76665541,7.78950251,8.14987096,2845045.89121855
2012-02-19,EGX:EFIC,8.61419184,8.86367768,8.46865843,8.66963314,1217065.27777045
2012-02-20,EGX:EFIC,8.66963314,8.82209671,8.30926469,8.5656807,2243087.41286704
2012-02-21,EGX:EFIC,8.5656807,8.5656807,7.94196609,8.21917258,1409731.75903089
2012-02-22,EGX:EFIC,8.21917258,8.38549648,7.9211756,8.14987096,1411140.09544022
2012-02-23,EGX:EFIC,8.28154404,8.69042362,8.28154404,8.48944891,1173402.52017832
2012-02-26,EGX:EFIC,8.58647119,8.82209671,8.58647119,8.71121411,1531590.3755964
2012-02-27,EGX:EFIC,8.71121411,8.71121411,8.25382339,8.37163615,1545035.94799613
2012-02-28,EGX:EFIC,8.26075355,8.52409973,8.21917258,8.39242664,830807.37299714
2012-02-29,EGX:EFIC,8.46865843,8.621122,8.33698534,8.48944891,890782.87967481
2012-03-01,EGX:EFIC,8.4547981,9.18939531,8.2884742,8.87753801,2649539.64965734
2012-03-05,EGX:EFIC,9.14781434,9.2101858,8.87753801,9.06465239,1740090.54068837
2012-03-06,EGX:EFIC,9.06465239,9.63292571,9.00921109,9.41116051,2125217.15883779
2012-03-07,EGX:EFIC,9.41116051,9.41116051,8.97456028,9.13395401,1899554.33672474
2012-03-08,EGX:EFIC,9.13395401,9.13395401,8.57261086,8.76665541,1547978.15899882
2012-03-12,EGX:EFIC,8.53796005,8.58647119,7.83801365,8.19838209,1291217.94143753
2012-03-13,EGX:EFIC,8.19838209,8.23303291,7.40834358,7.76178186,1727435.71455125
2012-03-14,EGX:EFIC,7.76178186,7.91424544,7.48457537,7.72020089,1399338.06317391
2012-03-15,EGX:EFIC,7.72020089,7.9766169,7.69248024,7.83801365,650994.84740711
2012-03-19,EGX:EFIC,7.56773732,7.66475959,7.13806725,7.3875531,666675.5766696
2012-03-20,EGX:EFIC,7.3875531,7.62317862,6.93709254,7.35983245,934348.95843557
2012-03-21,EGX:EFIC,7.35983245,7.6994104,7.35983245,7.56773732,462755.39084322
2012-03-22,EGX:EFIC,7.56773732,7.62317862,7.35290228,7.50536586,563647.68770835
2012-03-25,EGX:EFIC,7.50536586,7.50536586,6.81927978,7.04797514,858643.6615959
2012-03-26,EGX:EFIC,7.04797514,7.08955611,6.72225751,6.95095287,638669.01789021
2012-03-27,EGX:EFIC,6.95095287,7.17964822,6.95095287,7.08262595,932487.53018963
2012-03-28,EGX:EFIC,7.08262595,7.3321118,6.93016238,7.15885774,887311.09955099
2012-03-29,EGX:EFIC,7.15885774,7.23508952,6.9440227,7.08262595,578917.17119558
2012-04-01,EGX:EFIC,7.08262595,7.08262595,6.8885814,6.93016238,331886.88438031
2012-04-02,EGX:EFIC,6.93016238,7.04104498,6.68067653,6.84700043,378846.82301273
2012-04-03,EGX:EFIC,6.84700043,6.97174335,6.6876067,6.83314011,250390.95843138
2012-04-04,EGX:EFIC,6.83314011,6.95095287,6.67374637,6.76383848,243857.20099138
2012-04-05,EGX:EFIC,6.76383848,6.85393059,6.65295588,6.72225751,207125.01693819
2012-04-08,EGX:EFIC,6.72225751,6.90937189,6.56979393,6.68067653,289062.49098267
2012-04-09,EGX:EFIC,6.68067653,6.68067653,6.31337793,6.51435264,392611.29125925
2012-04-17,EGX:EFIC,6.61830507,6.61830507,6.42426122,6.4658415,174938.18092741
2012-04-18,EGX:EFIC,6.4658415,6.72225751,6.4658415,6.61830507,325819.20548561
2012-04-19,EGX:EFIC,6.61830507,6.89551157,6.59751528,6.79155913,469905.29546231
2012-04-22,EGX:EFIC,6.79155913,7.20043871,6.79155913,7.08955611,613842.75977286
2012-04-23,EGX:EFIC,7.08955611,7.24894985,6.93016238,7.06183546,619043.21512043
2012-04-24,EGX:EFIC,7.06183546,7.1657879,6.87472108,6.999464,667935.28741279
2012-04-26,EGX:EFIC,6.999464,7.20736887,6.82620994,7.09648628,510293.95949628
2012-04-29,EGX:EFIC,7.09648628,7.24894985,6.91630205,6.999464,538424.61349207
2012-04-30,EGX:EFIC,6.999464,7.49843569,6.92323222,7.31132131,1222537.01103293
2012-05-02,EGX:EFIC,7.31132131,7.38062293,7.02025449,7.18657839,862613.26555294
2012-05-03,EGX:EFIC,7.18657839,7.26974033,7.06876563,7.15885774,443781.80944334
2012-05-06,EGX:EFIC,7.15885774,7.54694683,7.15885774,7.41527374,947882.55186088
2012-05-07,EGX:EFIC,7.41527374,7.80336284,7.30439115,7.61624845,1652281.63134721
2012-05-08,EGX:EFIC,7.61624845,7.84494381,7.55387699,7.68555008,713957.29708408
2012-05-09,EGX:EFIC,7.68555008,7.76178186,7.51229602,7.63703894,604666.92859773
2012-05-10,EGX:EFIC,7.63703894,7.66475959,7.44992456,7.52615634,656019.26070351
2012-05-13,EGX:EFIC,7.52615634,7.83108349,7.52615634,7.74099138,1033049.38746692
2012-05-14,EGX:EFIC,7.74099138,7.74099138,7.48457537,7.59545797,781188.045018
2012-05-15,EGX:EFIC,7.59545797,7.59545797,7.3321118,7.39448326,618282.7711781
2012-05-16,EGX:EFIC,7.39448326,7.42220391,7.18657839,7.30439115,676106.81311569
2012-05-17,EGX:EFIC,7.30439115,7.31825147,7.01332433,7.17271806,518627.09757403
2012-05-20,EGX:EFIC,7.17271806,7.33904196,6.86086075,7.07569579,1626657.41212909
2012-05-21,EGX:EFIC,7.07569579,7.6994104,7.07569579,7.25588001,324970.74051769
2012-05-22,EGX:EFIC,7.25588001,7.36676261,7.10341644,7.23508952,269593.97168483
2012-05-23,EGX:EFIC,7.23508952,7.46378488,7.10341644,7.36676261,403626.90616584
2012-05-24,EGX:EFIC,7.36676261,7.47764521,7.31132131,7.3875531,286000.51366648
2012-05-27,EGX:EFIC,7.3875531,7.3875531,6.91630205,7.03411481,498692.49973089
2012-05-28,EGX:EFIC,7.03411481,7.19350855,6.90937189,7.03411481,456631.43621085
2012-05-29,EGX:EFIC,7.03411481,7.10341644,6.82620994,7.02025449,203915.85692349
2012-05-30,EGX:EFIC,7.02025449,7.06876563,6.79155913,6.90244173,279420.58126223
2012-05-31,EGX:EFIC,6.90244173,6.90244173,6.56979393,6.74304799,1067824.90741042
2012-06-03,EGX:EFIC,6.74304799,6.77769881,6.37574939,6.63909556,172645.30535935
2012-06-04,EGX:EFIC,6.63909556,6.76383848,6.51435264,6.65295588,281421.97736852
2012-06-05,EGX:EFIC,6.65295588,6.65295588,6.34802874,6.42426122,312971.02168573
2012-06-06,EGX:EFIC,6.42426122,6.53514312,6.40347004,6.50742247,182545.50628601
2012-06-07,EGX:EFIC,6.50742247,6.70839718,6.50742247,6.61830507,356623.67850444
2012-06-10,EGX:EFIC,6.61830507,6.79155913,6.59751528,6.70146702,286498.33749969
2012-06-11,EGX:EFIC,6.70146702,6.70146702,6.36188906,6.4658415,412567.53361687
2012-06-12,EGX:EFIC,6.4658415,6.59751528,6.4104002,6.52821296,818925.97751105
2012-06-13,EGX:EFIC,6.52821296,6.52821296,6.39653988,6.43812085,219922.69687093
2012-06-14,EGX:EFIC,6.43812085,6.55593361,6.34109858,6.48663199,313354.85107598
2012-06-18,EGX:EFIC,6.48663199,6.48663199,6.16784452,6.28565728,190985.42396856
2012-06-19,EGX:EFIC,6.28565728,6.28565728,5.92528883,6.03617143,473260.1952079
2012-06-20,EGX:EFIC,6.03617143,6.11240322,5.94607932,6.05003176,242285.80923957
2012-06-21,EGX:EFIC,6.05003176,6.05696192,5.89063802,5.97379997,357906.47672974
2012-06-24,EGX:EFIC,5.97379997,6.3549589,5.97379997,6.20249533,389485.82336723
2012-06-25,EGX:EFIC,6.20249533,6.81927978,6.20249533,6.71532734,1712809.79462813
2012-06-26,EGX:EFIC,6.71532734,7.04104498,6.71532734,6.89551157,840211.19305821
2012-06-27,EGX:EFIC,6.89551157,6.96481319,6.73611783,6.84700043,775849.06477772
2012-06-28,EGX:EFIC,6.84700043,7.13806725,6.79848929,7.02718465,887412.10728527
2012-07-02,EGX:EFIC,7.02718465,7.51922618,7.02718465,7.36676261,1124787.49767141
2012-07-03,EGX:EFIC,7.36676261,7.44992456,7.2212292,7.31825147,860220.82521824
2012-07-04,EGX:EFIC,7.31825147,7.33904196,7.13113709,7.19350855,616225.09933414
2012-07-05,EGX:EFIC,7.19350855,7.38062293,7.15885774,7.29053082,510967.82538066
2012-07-08,EGX:EFIC,7.29053082,7.31825147,6.98560368,7.13806725,498105.21190446
2012-07-09,EGX:EFIC,7.13806725,7.13806725,6.60444475,6.74304799,604727.5332383
2012-07-10,EGX:EFIC,6.74304799,6.91630205,6.70146702,6.81234962,318633.2266757
2012-07-11,EGX:EFIC,6.81234962,6.999464,6.79155913,6.91630205,548352.23080374
2012-07-12,EGX:EFIC,6.91630205,7.06183546,6.79848929,6.89551157,628764.48806066
2012-07-15,EGX:EFIC,6.89551157,6.89551157,6.60444475,6.69453686,283961.60040174
2012-07-16,EGX:EFIC,6.69453686,6.79155913,6.65295588,6.70839718,312135.54342651
2012-07-17,EGX:EFIC,6.70839718,6.80541946,6.65295588,6.71532734,294293.24865052
2012-07-18,EGX:EFIC,6.71532734,6.79155913,6.65295588,6.71532734,163509.87727793
2012-07-19,EGX:EFIC,6.71532734,6.88165124,6.71532734,6.81234962,556230.83407725
2012-07-22,EGX:EFIC,6.81234962,6.92323222,6.79155913,6.86779092,320198.84655698
2012-07-24,EGX:EFIC,6.86779092,6.93016238,6.69453686,6.77769881,1441381.81108237
2012-07-25,EGX:EFIC,6.77769881,6.81927978,6.67374637,6.72225751,186812.36157534
2012-07-26,EGX:EFIC,6.72225751,6.87472108,6.67374637,6.83314011,531690.28355114
2012-07-29,EGX:EFIC,6.83314011,7.14499741,6.79155913,7.06876563,946847.94406837
2012-07-30,EGX:EFIC,7.06876563,7.2212292,6.99253384,7.13113709,684413.97777606
2012-07-31,EGX:EFIC,7.13113709,7.31825147,7.11727676,7.22815936,676523.83076149
2012-08-01,EGX:EFIC,7.22815936,7.45685472,7.22815936,7.37369277,798692.68536799
2012-08-02,EGX:EFIC,7.37369277,7.37369277,7.24201969,7.31825147,400831.87786166
2012-08-05,EGX:EFIC,7.31825147,7.34597212,7.19350855,7.25588001,309427.09318029
2012-08-06,EGX:EFIC,7.25588001,7.26281017,7.09648628,7.19350855,354413.05209143
2012-08-07,EGX:EFIC,7.19350855,7.34597212,7.15885774,7.24201969,298219.56357858
2012-08-08,EGX:EFIC,7.24201969,7.2766705,7.03411481,7.13806725,312556.8899752
2012-08-09,EGX:EFIC,7.13806725,7.13806725,6.88165124,7.0549053,203835.05073607
2012-08-12,EGX:EFIC,7.0549053,7.13113709,6.93709254,7.02025449,210767.06724265
2012-08-13,EGX:EFIC,7.02025449,7.18657839,7.02025449,7.07569579,790824.18286791
2012-08-14,EGX:EFIC,7.07569579,7.39448326,7.07569579,7.23508952,904521.37450394
2012-08-15,EGX:EFIC,7.23508952,7.28360066,7.17271806,7.2212292,476277.44052748
2012-08-16,EGX:EFIC,7.2212292,7.41527374,7.18657839,7.29053082,2062300.88412507
2012-08-21,EGX:EFIC,7.29053082,7.57466748,7.29053082,7.47071504,997279.66282461
2012-08-22,EGX:EFIC,7.47071504,7.47071504,7.26974033,7.32518163,1165539.78954877
2012-08-23,EGX:EFIC,7.32518163,7.58159764,7.31825147,7.47764521,1816468.26044478
2012-08-26,EGX:EFIC,7.47764521,7.67861992,7.47764521,7.58159764,1423574.14752956
2012-08-27,EGX:EFIC,7.58159764,8.24689323,7.46378488,7.89345495,3776663.31192578
2012-08-28,EGX:EFIC,7.89345495,8.28154404,7.89345495,8.13601063,1194944.58396407
2012-08-29,EGX:EFIC,8.13601063,8.17066144,7.93503592,8.01819787,1174077.82903033
2012-08-30,EGX:EFIC,8.01819787,8.26768372,8.00433755,8.16373128,1320912.77234697
2012-09-02,EGX:EFIC,8.16373128,8.4547981,8.16373128,8.2884742,1091547.29528889
2012-09-03,EGX:EFIC,8.2884742,8.31619485,8.02512803,8.19145193,1054683.80118115
2012-09-04,EGX:EFIC,8.19145193,8.7320046,8.19145193,8.47558859,2250295.03619143
2012-09-05,EGX:EFIC,8.47558859,8.7874459,8.44786794,8.62805216,1439251.99085679
2012-09-06,EGX:EFIC,8.62805216,8.90525866,8.5102394,8.66270297,1249592.6541425
2012-09-09,EGX:EFIC,8.66270297,8.82902687,8.46172826,8.60033151,1193565.10690739
2012-09-10,EGX:EFIC,8.60033151,8.73893476,8.40628696,8.61419184,953989.19088167
2012-09-11,EGX:EFIC,8.61419184,8.93297931,8.61419184,8.82902687,1460394.35260833
2012-09-12,EGX:EFIC,8.82902687,8.97456028,8.42707745,8.68349346,1464821.37730487
2012-09-13,EGX:EFIC,8.68349346,9.13395401,8.37163615,8.79437606,2805323.8782308
2012-09-16,EGX:EFIC,8.79437606,9.50125262,8.79437606,9.23097629,1917920.42875133
2012-09-17,EGX:EFIC,9.23097629,9.44581132,8.90525866,9.19632548,1778291.66579145
2012-09-18,EGX:EFIC,9.19632548,9.23790645,8.87060784,9.10623337,1323163.80185368
2012-09-19,EGX:EFIC,9.10623337,9.4873923,8.91911898,9.20325564,1667416.91884461
2012-09-20,EGX:EFIC,9.20325564,9.20325564,8.73893476,8.91911898,1030215.39903667
2012-09-23,EGX:EFIC,8.91911898,8.98149044,8.62805216,8.7874459,569380.59811232
2012-09-24,EGX:EFIC,8.7874459,8.93297931,8.61419184,8.78051573,808211.94283966
2012-09-25,EGX:EFIC,8.78051573,9.18246515,8.78051573,9.00228093,1080194.0259563
2012-09-26,EGX:EFIC,9.00228093,9.3210684,8.88446817,9.10623337,1049173.10779259
2012-09-27,EGX:EFIC,9.10623337,9.10623337,8.71121411,8.85674752,531189.57378266
2012-09-30,EGX:EFIC,8.85674752,8.93297931,8.60033151,8.75279508,569998.18825903
2012-10-01,EGX:EFIC,8.75279508,8.93990947,7.88652479,8.30926469,1569500.02123771
2012-10-02,EGX:EFIC,8.30926469,8.31619485,7.79643268,8.0320582,697443.97549763
2012-10-03,EGX:EFIC,8.0320582,8.28154404,7.83801365,8.12908047,719489.63498712
2012-10-04,EGX:EFIC,8.12908047,8.62805216,8.07363917,8.39242664,1566399.08379545
2012-10-08,EGX:EFIC,8.39242664,8.621122,7.96968674,8.24689323,1102649.48825343
2012-10-09,EGX:EFIC,8.24689323,8.41321713,7.92810576,8.19838209,1143997.72576302
2012-10-10,EGX:EFIC,8.19838209,8.48944891,8.19838209,8.36470599,946246.22656562
2012-10-11,EGX:EFIC,8.36470599,8.40628696,8.10828998,8.23303291,802861.41885831
2012-10-14,EGX:EFIC,8.23303291,8.31619485,8.01819787,8.12908047,514963.40275508
2012-10-15,EGX:EFIC,8.12908047,8.21224242,7.96968674,8.06670901,643843.49982039
2012-10-16,EGX:EFIC,8.06670901,8.14294079,7.88652479,8.02512803,428721.55626283
2012-10-17,EGX:EFIC,8.02512803,8.20531226,8.02512803,8.10135982,486078.07668749
2012-10-18,EGX:EFIC,8.10135982,8.12908047,7.95582641,8.01126771,580912.79543134
2012-10-21,EGX:EFIC,8.01126771,8.07363917,7.83108349,7.92810576,447986.61712448
2012-10-22,EGX:EFIC,7.92810576,8.03898836,7.810293,7.92810576,246464.64350332
2012-10-23,EGX:EFIC,7.92810576,8.0320582,7.87266446,7.94196609,535799.85536853
2012-10-24,EGX:EFIC,7.94196609,8.17066144,7.93503592,8.05977885,936188.74216702
2012-10-29,EGX:EFIC,8.05977885,8.24689323,8.05977885,8.18452177,407911.07706676
2012-10-30,EGX:EFIC,8.18452177,8.18452177,7.90731527,8.01126771,626499.02887761
2012-10-31,EGX:EFIC,8.01126771,8.05284868,7.83801365,7.93503592,262483.02719182
2012-11-01,EGX:EFIC,7.93503592,7.96968674,7.58159764,7.72020089,921190.5365947
2012-11-04,EGX:EFIC,7.72020089,7.72713105,7.18657839,7.40834358,415850.28498083
2012-11-05,EGX:EFIC,7.40834358,7.54001667,7.15192757,7.36676261,696777.32445141
2012-11-06,EGX:EFIC,7.36676261,7.55387699,7.36676261,7.44299439,191235.05736898
2012-11-07,EGX:EFIC,7.44299439,7.46378488,7.31132131,7.39448326,326383.40582992
2012-11-08,EGX:EFIC,7.39448326,7.96968674,7.26281017,7.42220391,220551.8307587
2012-11-11,EGX:EFIC,7.42220391,7.55387699,7.28360066,7.41527374,332872.43127332
2012-11-12,EGX:EFIC,7.41527374,7.48457537,7.2766705,7.40141342,269706.52316017
2012-11-13,EGX:EFIC,7.40141342,7.55387699,7.40141342,7.48457537,333351.49652731
2012-11-14,EGX:EFIC,7.48457537,7.50536586,7.36676261,7.40834358,236765.01507759
2012-11-18,EGX:EFIC,7.40834358,7.40834358,6.93016238,7.06183546,336328.33875318
2012-11-19,EGX:EFIC,7.06183546,7.12420692,6.72225751,6.93709254,444384.96991373
2012-11-20,EGX:EFIC,6.93709254,7.06183546,6.6876067,6.86086075,580632.85971064
2012-11-21,EGX:EFIC,6.86086075,6.999464,6.72918767,6.84007027,301257.01044501
2012-11-22,EGX:EFIC,6.84007027,6.86086075,6.67374637,6.77076934,232001.77892267
2012-11-25,EGX:EFIC,6.77076934,6.77076934,6.09854289,6.11933338,272254.80399918
2012-11-26,EGX:EFIC,6.11933338,6.2995176,5.5441299,6.12626354,310056.22706806
2012-11-27,EGX:EFIC,6.12626354,6.30644776,6.05003176,6.188635,354443.35441172
2012-11-28,EGX:EFIC,6.188635,6.188635,5.61343153,5.85598721,345701.85649397
2012-11-29,EGX:EFIC,5.85598721,6.05003176,5.57185055,5.932219,323031.3920196
2012-12-02,EGX:EFIC,5.932219,6.23714614,5.932219,6.09854289,286840.3208286
2012-12-03,EGX:EFIC,6.09854289,6.25793663,5.90449904,6.14705403,473655.5683392
2012-12-04,EGX:EFIC,6.14705403,6.38960971,6.14705403,6.29258744,340563.4487546
2012-12-05,EGX:EFIC,6.29258744,6.37574939,6.11240322,6.21635565,637902.80207734
2012-12-06,EGX:EFIC,6.21635565,6.21635565,5.8213364,5.98766029,189366.41428488
2012-12-09,EGX:EFIC,5.98766029,6.2995176,5.98766029,6.21635565,323422.43624801
2012-12-10,EGX:EFIC,6.21635565,6.21635565,6.07082224,6.1331937,153790.04730534
2012-12-11,EGX:EFIC,6.1331937,6.23714614,6.10547306,6.17477468,142179.92973416
2012-12-12,EGX:EFIC,6.17477468,6.49356215,6.16784452,6.37574939,473289.05456055
2012-12-13,EGX:EFIC,6.37574939,6.56979393,6.34109858,6.44505101,480271.57493427
2012-12-16,EGX:EFIC,6.44505101,6.82620994,6.44505101,6.70146702,576387.64893579
2012-12-17,EGX:EFIC,6.70146702,6.86086075,6.54900345,6.6876067,803763.27362863
2012-12-18,EGX:EFIC,6.6876067,6.74304799,6.50049231,6.64602572,448588.33462723
2012-12-19,EGX:EFIC,6.64602572,6.98560368,6.64602572,6.84700043,875223.35969345
2012-12-20,EGX:EFIC,6.84700043,7.2766705,6.72225751,7.04104498,1546370.6930562
2012-12-23,EGX:EFIC,7.04104498,7.26974033,6.82620994,6.95788303,956979.01981623
2012-12-24,EGX:EFIC,6.95788303,7.02025449,6.82620994,6.90244173,331045.63425056
2012-12-25,EGX:EFIC,6.90244173,6.90244173,6.65988605,6.79848929,1044868.73534481
2012-12-26,EGX:EFIC,6.79848929,6.83314011,6.56979393,6.68067653,487678.32779194
2012-12-27,EGX:EFIC,6.68067653,6.93016238,6.68067653,6.87472108,374111.00324284
2012-12-30,EGX:EFIC,6.87472108,7.03411481,6.188635,6.86779092,269967.70030165
2012-12-31,EGX:EFIC,6.86779092,6.92323222,6.74997816,6.87472108,324455.60107288
2013-01-02,EGX:EFIC,6.87472108,7.14499741,6.87472108,7.0549053,659216.87697716
2013-01-03,EGX:EFIC,7.0549053,7.38062293,7.02718465,7.21429904,771397.50963142
2013-01-06,EGX:EFIC,7.21429904,7.36676261,7.13806725,7.22815936,512555.08977642
2013-01-08,EGX:EFIC,7.22815936,7.34597212,7.14499741,7.2766705,983223.71511633
2013-01-09,EGX:EFIC,7.2766705,7.42220391,7.2212292,7.33904196,629829.39817345
2013-01-10,EGX:EFIC,7.33904196,7.33904196,7.03411481,7.1103466,674678.27515951
2013-01-13,EGX:EFIC,7.1103466,7.1103466,6.89551157,6.97174335,400738.08496555
2013-01-14,EGX:EFIC,6.97174335,7.1103466,6.87472108,6.99253384,398126.31355071
2013-01-15,EGX:EFIC,6.99253384,6.99253384,6.63909556,6.75690832,308121.20747286
2013-01-16,EGX:EFIC,6.75690832,6.83314011,6.68067653,6.78462897,357534.19108055
2013-01-17,EGX:EFIC,6.78462897,6.86086075,6.51435264,6.61830507,368565.6786311
2013-01-20,EGX:EFIC,6.61830507,6.86086075,6.30644776,6.5212828,500413.96011648
2013-01-21,EGX:EFIC,6.5212828,6.5212828,6.2440763,6.33416841,163283.33135962
2013-01-22,EGX:EFIC,6.43119069,6.62523523,6.38960971,6.54900345,362319.07174996
2013-01-23,EGX:EFIC,6.58365426,6.6876067,6.49356215,6.60444475,357085.42814684
2013-01-27,EGX:EFIC,6.32030809,6.67374637,6.25100716,6.54207329,519598.21479071
2013-01-28,EGX:EFIC,6.58365426,6.63909556,6.33416841,6.39653988,544622.1594737
2013-01-29,EGX:EFIC,6.4104002,6.44505101,6.25100716,6.33416841,352584.81210104
2013-01-30,EGX:EFIC,6.79848929,6.79848929,6.36881923,6.44505101,168921.00589984
2013-01-31,EGX:EFIC,6.37574939,6.58365426,6.34109858,6.50742247,583977.65868279
2013-02-03,EGX:EFIC,6.59751528,7.08955611,6.58365426,6.86086075,959346.92970118
2013-02-04,EGX:EFIC,6.999464,7.0549053,6.84700043,6.93709254,574618.57061833
2013-02-05,EGX:EFIC,6.97174335,7.06183546,6.86779092,6.95095287,561083.53422538
2013-02-06,EGX:EFIC,6.88165124,6.96481319,6.76383848,6.87472108,461554.84177297
2013-02-07,EGX:EFIC,6.80541946,6.91630205,6.79155913,6.82620994,232464.97153271
2013-02-10,EGX:EFIC,6.81927978,6.97867351,6.79155913,6.90244173,454231.78103798
2013-02-11,EGX:EFIC,6.86086075,6.93016238,6.79155913,6.86779092,163163.56504612
2013-02-12,EGX:EFIC,6.92323222,7.24201969,6.92323222,7.06183546,1647296.17817689
2013-02-13,EGX:EFIC,7.14499741,7.19350855,7.02025449,7.09648628,579096.09918201
2013-02-14,EGX:EFIC,7.03411481,7.10341644,6.999464,7.0549053,463559.12381453
2013-02-17,EGX:EFIC,7.06876563,7.20043871,7.01332433,7.10341644,513207.31114632
2013-02-18,EGX:EFIC,7.08262595,7.15192757,6.90937189,7.00639416,567611.51979486
2013-02-19,EGX:EFIC,6.90244173,6.999464,6.72225751,6.82620994,992188.87301712
2013-02-20,EGX:EFIC,6.76383848,6.81234962,6.65988605,6.72918767,274681.87555707
2013-02-21,EGX:EFIC,6.72225751,6.77769881,6.65295588,6.72225751,471876.38924832
2013-02-24,EGX:EFIC,6.72918767,6.78462897,6.54900345,6.66681621,262923.13231974
2013-02-25,EGX:EFIC,6.66681621,6.70839718,6.51435264,6.59058442,131957.94702545
2013-02-26,EGX:EFIC,6.70146702,6.70839718,6.56286377,6.6321654,132556.77859294
2013-02-27,EGX:EFIC,6.62523523,6.65295588,6.51435264,6.5767241,85837.81555515
2013-02-28,EGX:EFIC,6.49356215,6.61137491,6.45891134,6.53514312,165154.86037899
2013-03-03,EGX:EFIC,6.47970182,6.60444475,6.45198117,6.53514312,151641.46850053
2013-03-04,EGX:EFIC,6.58365426,6.58365426,6.09854289,6.20249533,452204.4115143
2013-03-05,EGX:EFIC,6.16784452,6.23714614,5.95993965,6.11933338,223580.61981934
2013-03-06,EGX:EFIC,6.16091435,6.22328582,6.05696192,6.11240322,141152.53677981
2013-03-07,EGX:EFIC,6.14705403,6.30644776,6.09854289,6.20249533,1279196.57809109
2013-03-10,EGX:EFIC,6.20249533,6.31337793,6.20249533,6.25793663,420776.57647822
2013-03-11,EGX:EFIC,6.36881923,6.36881923,6.23714614,6.27872711,406670.1249028
2013-03-12,EGX:EFIC,6.25793663,6.32723825,6.1331937,6.20249533,345032.31951248
2013-03-13,EGX:EFIC,6.16784452,6.22328582,6.0777531,6.11240322,202982.25686525
2013-03-14,EGX:EFIC,6.11933338,6.20249533,6.09161273,6.11933338,447244.93176136
2013-03-17,EGX:EFIC,6.38960971,6.38960971,6.14705403,6.17477468,119323.32243519
2013-03-18,EGX:EFIC,6.14705403,6.15398419,6.04310159,6.09854289,334224.49194498
2013-03-19,EGX:EFIC,6.09854289,6.19556517,5.98766029,6.07082224,279801.52471721
2013-03-20,EGX:EFIC,6.02924127,6.02924127,5.86984753,5.92528883,376418.30848722
2013-03-21,EGX:EFIC,5.95993965,6.09854289,5.95993965,6.03617143,752301.27598278
2013-03-24,EGX:EFIC,5.86984753,6.10547306,5.86984753,6.04310159,163537.29366295
2013-03-25,EGX:EFIC,6.09854289,6.09854289,5.89756818,5.97379997,267746.97311522
2013-03-26,EGX:EFIC,5.89063802,5.90449904,5.80054591,5.84905705,529478.21417051
2013-03-27,EGX:EFIC,5.82826656,5.89063802,5.8213364,5.84905705,183102.49179215
2013-03-28,EGX:EFIC,5.8213364,5.91835867,5.80747607,5.84212688,169753.5982238
2013-03-31,EGX:EFIC,5.89756818,5.89756818,5.61343153,5.69659348,418085.44184359
2013-04-01,EGX:EFIC,5.70352364,5.80747607,5.61343153,5.69659348,159964.50580485
2013-04-02,EGX:EFIC,5.75896494,5.79361575,5.67580299,5.72431412,122655.13469866
2013-04-03,EGX:EFIC,5.68273315,5.68273315,5.57185055,5.60650136,200067.46224758
2013-04-04,EGX:EFIC,5.57185055,5.72431412,5.5441299,5.66194266,257755.86522772
2013-04-07,EGX:EFIC,5.7104538,5.75896494,5.64115218,5.7104538,210754.08053395
2013-04-08,EGX:EFIC,5.73817445,5.78668559,5.66887283,5.73124498,213651.55954003
2013-04-09,EGX:EFIC,5.77282526,5.84212688,5.72431412,5.78668559,240925.09076212
2013-04-10,EGX:EFIC,5.73817445,5.91835867,5.73817445,5.84212688,314318.7534545
2013-04-11,EGX:EFIC,5.91835867,6.16784452,5.91835867,6.0777531,557662.2579687
2013-04-14,EGX:EFIC,6.1331937,6.25793663,6.08468257,6.20942549,376734.31839874
2013-04-15,EGX:EFIC,6.25793663,6.25793663,6.04310159,6.14012387,728600.53261879
2013-04-16,EGX:EFIC,6.15398419,6.23714614,6.09854289,6.18170484,226020.67808591
2013-04-17,EGX:EFIC,6.16091435,6.21635565,6.04310159,6.12626354,269299.6062878
2013-04-18,EGX:EFIC,6.02231111,6.1331937,6.02231111,6.09161273,343514.31756308
2013-04-21,EGX:EFIC,6.16091435,6.23714614,6.10547306,6.18170484,211738.18445933
2013-04-22,EGX:EFIC,6.12626354,6.14705403,6.05696192,6.09161273,153717.89892371
2013-04-23,EGX:EFIC,6.10547306,6.16784452,5.97379997,6.05696192,158452.27572598
2013-04-24,EGX:EFIC,6.06389208,6.09161273,5.91835867,6.02231111,375829.57769316
2013-04-28,EGX:EFIC,6.09161273,6.09854289,5.97379997,6.00152062,66929.16769873
2013-04-29,EGX:EFIC,5.97379997,6.02924127,5.92528883,5.97379997,177014.61135059
2013-04-30,EGX:EFIC,5.99459046,6.09854289,5.99459046,6.03617143,806380.81691401
2013-05-02,EGX:EFIC,6.0777531,6.15398419,6.06389208,6.10547306,253468.80839153
2013-05-07,EGX:EFIC,6.12626354,6.26486679,6.09854289,6.22328582,387377.64765614
2013-05-08,EGX:EFIC,6.19556517,6.41733036,6.19556517,6.33416841,650723.5694922
2013-05-09,EGX:EFIC,6.32030809,6.47277166,6.30644776,6.39653988,541144.60747935
2013-05-12,EGX:EFIC,6.39653988,6.59751528,6.36188906,6.51435264,633820.64664497
2013-05-13,EGX:EFIC,6.4104002,6.44505101,6.30644776,6.37574939,193007.02162171
2013-05-14,EGX:EFIC,6.39653988,6.65295588,6.30644776,6.50742247,832722.19104548
2013-05-15,EGX:EFIC,6.61830507,6.68067653,6.55593361,6.6321654,419388.44161575
2013-05-16,EGX:EFIC,6.6321654,6.6321654,6.5212828,6.56286377,698602.67850653
2013-05-19,EGX:EFIC,6.50742247,6.63909556,6.50742247,6.59751528,351592.05036988
2013-05-20,EGX:EFIC,6.58365426,6.59058442,6.44505101,6.5212828,357179.22104296
2013-05-21,EGX:EFIC,6.47970182,6.51435264,6.44505101,6.48663199,135624.52777966
2013-05-22,EGX:EFIC,6.47970182,6.61830507,6.42426122,6.47277166,212280.74028915
2013-05-23,EGX:EFIC,6.43812085,6.43812085,6.34109858,6.38960971,237477.84108805
2013-05-26,EGX:EFIC,6.38267955,6.38267955,6.2440763,6.33416841,125125.49528552
2013-05-27,EGX:EFIC,6.30644776,6.40347004,6.23714614,6.28565728,218882.31720789
2013-05-28,EGX:EFIC,6.3549589,6.39653988,6.31337793,6.36881923,446543.64949196
2013-05-29,EGX:EFIC,6.30644776,6.37574939,6.23714614,6.27872711,217420.59099615
2013-05-30,EGX:EFIC,6.26486679,6.40347004,6.2440763,6.33416841,253284.10853457
2013-06-02,EGX:EFIC,6.33416841,6.38267955,6.20249533,6.2995176,125229.38895506
2013-06-03,EGX:EFIC,6.29258744,6.31337793,6.1331937,6.23714614,309323.19951075
2013-06-04,EGX:EFIC,6.11933338,6.11933338,5.98073013,6.05003176,535727.70698691
2013-06-05,EGX:EFIC,5.96686981,6.07082224,5.88370786,5.95300948,693768.73693762
2013-06-06,EGX:EFIC,6.05003176,6.21635565,5.89063802,6.09854289,554670.98606651
2013-06-09,EGX:EFIC,6.05003176,6.05003176,5.7658951,5.91835867,496787.78245598
2013-06-10,EGX:EFIC,5.77975542,5.8213364,5.37087584,5.63422201,295889.17085207
2013-06-11,EGX:EFIC,5.71738396,5.71738396,5.37087584,5.49561877,187686.79996064
2013-06-12,EGX:EFIC,5.33622503,5.33622503,4.94813594,5.03129789,289700.28267624
2013-06-13,EGX:EFIC,4.85804383,5.47482828,4.64320879,5.32236471,272784.37312032
2013-06-16,EGX:EFIC,5.09366935,5.30157422,5.09366935,5.21841227,19227.5437032
2013-06-17,EGX:EFIC,5.2322726,5.55106007,5.05901854,5.34315519,434838.29605704
2013-06-18,EGX:EFIC,5.5441299,5.57878071,5.47482828,5.5441299,673933.70386113
2013-06-19,EGX:EFIC,5.50947909,5.52333942,5.44017747,5.48175844,34287.79688371
2013-06-20,EGX:EFIC,5.05901854,5.5441299,5.05901854,5.4332473,309896.05766085
2013-06-23,EGX:EFIC,5.39166633,5.44017747,5.27385357,5.35701552,16305.53424737
2013-06-24,EGX:EFIC,5.39859649,5.4886886,5.34315519,5.41938698,86384.70028787
2013-06-25,EGX:EFIC,5.44710763,5.5441299,5.44017747,5.4886886,11161.35463747
2013-06-26,EGX:EFIC,5.52333942,5.61343153,5.37087584,5.50947909,125141.36792947
2013-06-27,EGX:EFIC,5.47482828,5.5995712,5.45403779,5.53719974,122878.7946817
2013-06-30,EGX:EFIC,5.39859649,5.59264104,5.39859649,5.5441299,77386.35413154
2013-07-02,EGX:EFIC,5.63422201,6.02924127,5.63422201,5.95993965,463736.60883333
2013-07-03,EGX:EFIC,5.66194266,5.95300948,5.59264104,5.82826656,176132.95812713
2013-07-04,EGX:EFIC,6.09854289,6.4104002,6.09854289,6.4104002,195763.0897998
2013-07-07,EGX:EFIC,6.44505101,6.67374637,6.2995176,6.40347004,518606.89602717
2013-07-08,EGX:EFIC,6.38267955,6.38267955,5.98073013,6.17477468,185831.14358523
2013-07-09,EGX:EFIC,6.40347004,6.58365426,6.40347004,6.5212828,236904.98293794
2013-07-10,EGX:EFIC,6.52821296,6.78462897,6.48663199,6.6876067,648603.85004004
2013-07-11,EGX:EFIC,6.65295588,6.6876067,6.52821296,6.56979393,324964.96864716
2013-07-14,EGX:EFIC,6.50049231,6.72225751,6.47970182,6.61137491,274775.66845318
2013-07-15,EGX:EFIC,6.09161273,6.63909556,6.09161273,6.54900345,135172.87891069
2013-07-16,EGX:EFIC,6.61137491,6.72225751,6.59058442,6.63909556,104167.83339093
2013-07-17,EGX:EFIC,6.70839718,6.74304799,6.51435264,6.59751528,246112.55940099
2013-07-18,EGX:EFIC,6.47970182,6.61830507,6.47970182,6.58365426,104506.93078457
2013-07-21,EGX:EFIC,6.65295588,6.79155913,6.56979393,6.72225751,363920.76582205
2013-07-22,EGX:EFIC,6.79155913,6.93016238,6.79155913,6.91630205,1070765.67544548
2013-07-24,EGX:EFIC,6.79848929,6.93709254,6.48663199,6.72225751,289535.78436613
2013-07-25,EGX:EFIC,6.58365426,6.79155913,6.58365426,6.70839718,131517.84189754
2013-07-28,EGX:EFIC,6.65295588,6.85393059,6.6321654,6.69453686,60027.45351244
2013-07-29,EGX:EFIC,6.6876067,6.81927978,6.64602572,6.68067653,61770.55841251
2013-07-30,EGX:EFIC,6.75690832,6.85393059,6.69453686,6.80541946,285550.30776514
2013-07-31,EGX:EFIC,6.73611783,7.12420692,6.73611783,6.98560368,573546.44566738
2013-08-01,EGX:EFIC,7.02718465,7.08955611,6.90244173,7.04797514,568813.51183274
2013-08-04,EGX:EFIC,7.08955611,7.2766705,7.08955611,7.18657839,357384.12244677
2013-08-05,EGX:EFIC,7.29053082,7.35983245,7.18657839,7.24894985,104695.95954443
2013-08-06,EGX:EFIC,7.18657839,7.20043871,7.08955611,7.13806725,202044.32790412
2013-08-07,EGX:EFIC,7.12420692,7.13806725,6.97867351,7.07569579,107886.36097991
2013-08-12,EGX:EFIC,7.04104498,7.13806725,6.93016238,7.00639416,220263.2372322
2013-08-13,EGX:EFIC,7.19350855,7.2766705,7.1103466,7.21429904,190646.32657492
2013-08-14,EGX:EFIC,7.09648628,7.20736887,6.93016238,6.999464,193742.93511429
2013-08-18,EGX:EFIC,7.02025449,7.02025449,6.75690832,6.90244173,278358.5570847
2013-08-19,EGX:EFIC,6.92323222,6.999464,6.79848929,6.89551157,136281.07805245
2013-08-20,EGX:EFIC,6.999464,7.09648628,6.8885814,6.96481319,47798.30282691
2013-08-21,EGX:EFIC,6.92323222,7.06876563,6.89551157,6.97174335,48195.11892585
2013-08-22,EGX:EFIC,7.03411481,7.10341644,6.96481319,7.06183546,99567.65257849
2013-08-25,EGX:EFIC,7.06876563,7.21429904,7.06876563,7.14499741,175886.21066197
2013-08-26,EGX:EFIC,7.13806725,7.32518163,7.09648628,7.22815936,372718.53947746
2013-08-27,EGX:EFIC,7.2766705,7.2766705,6.92323222,6.999464,528003.50125008
2013-08-28,EGX:EFIC,6.81927978,6.89551157,6.74997816,6.79155913,444561.0119649
2013-08-29,EGX:EFIC,6.86086075,6.93016238,6.80541946,6.88165124,27915.65181855
2013-09-01,EGX:EFIC,6.96481319,7.02718465,6.79848929,6.8885814,536580.50085772
2013-09-02,EGX:EFIC,6.77076934,6.86086075,6.77076934,6.81234962,7575.58007068
2013-09-03,EGX:EFIC,6.86086075,6.9440227,6.67374637,6.76383848,93018.02249452
2013-09-04,EGX:EFIC,6.72225751,6.93016238,6.69453686,6.87472108,216587.99867219
2013-09-05,EGX:EFIC,6.92323222,7.13806725,6.87472108,6.97867351,397780.0013189
2013-09-08,EGX:EFIC,6.82620994,6.93016238,6.79155913,6.86779092,76607.15160998
2013-09-09,EGX:EFIC,6.95788303,7.29746098,6.93016238,7.1657879,587065.60941637
2013-09-10,EGX:EFIC,7.2766705,7.49150553,7.20736887,7.37369277,453921.54299699
2013-09-11,EGX:EFIC,7.40141342,7.55387699,7.28360066,7.41527374,559617.47911075
2013-09-12,EGX:EFIC,7.29053082,7.39448326,7.2766705,7.3321118,247467.50600792
2013-09-15,EGX:EFIC,7.34597212,7.51922618,7.34597212,7.43606423,388178.49469218
2013-09-16,EGX:EFIC,7.47071504,7.48457537,7.37369277,7.42913407,194865.56393238
2013-09-17,EGX:EFIC,7.41527374,7.48457537,7.3321118,7.41527374,146367.4218037
2013-09-18,EGX:EFIC,7.31132131,7.41527374,7.17964822,7.26974033,170929.6168443
2013-09-19,EGX:EFIC,7.3321118,7.37369277,7.20736887,7.2766705,245656.58162912
2013-09-22,EGX:EFIC,7.2766705,7.39448326,7.2766705,7.32518163,115972.7515925
2013-09-23,EGX:EFIC,7.40141342,7.58159764,7.34597212,7.45685472,475874.85255801
2013-09-24,EGX:EFIC,7.60931829,7.72020089,7.47071504,7.61624845,541593.37041306
2013-09-25,EGX:EFIC,7.60931829,7.65782943,7.51229602,7.60238813,170970.01993801
2013-09-26,EGX:EFIC,7.60238813,7.65089927,7.51922618,7.60238813,216322.49262781
2013-09-29,EGX:EFIC,7.61624845,7.62317862,7.44992456,7.52615634,206700.78445423
2013-09-30,EGX:EFIC,7.43606423,7.47764521,7.31132131,7.40141342,191245.15814241
2013-10-01,EGX:EFIC,7.48457537,7.53308651,7.42220391,7.47071504,34925.58857728
2013-10-02,EGX:EFIC,7.42913407,7.51922618,7.3875531,7.41527374,101869.18595234
2013-10-03,EGX:EFIC,7.41527374,7.53308651,7.41527374,7.49150553,105931.13983786
2013-10-07,EGX:EFIC,7.5885278,7.62317862,7.44992456,7.56773732,87139.37235968
2013-10-08,EGX:EFIC,7.49150553,7.51922618,7.48457537,7.49150553,46413.0538997
2013-10-09,EGX:EFIC,7.42913407,7.69248024,7.42913407,7.61624845,430787.88591258
2013-10-10,EGX:EFIC,7.66475959,7.8657343,7.59545797,7.74792154,803701.22602043
2013-10-13,EGX:EFIC,7.87266446,7.93503592,7.82415333,7.87959462,266136.62123734
2013-10-20,EGX:EFIC,7.96968674,8.07363917,7.79643268,7.89345495,224877.84772097
2013-10-21,EGX:EFIC,7.79643268,7.98354706,7.76178186,7.88652479,459661.66823912
2013-10-22,EGX:EFIC,7.95582641,7.95582641,7.67861992,7.84494381,631677.83971069
2013-10-23,EGX:EFIC,7.47764521,7.83108349,7.47764521,7.74099138,384429.66478292
2013-10-24,EGX:EFIC,7.74792154,7.79643268,7.61624845,7.67861992,795585.97605519
2013-10-27,EGX:EFIC,7.76178186,7.81722316,7.67861992,7.72020089,197392.20025691
2013-10-28,EGX:EFIC,7.65782943,7.6994104,7.49843569,7.60238813,319640.4180832
2013-10-29,EGX:EFIC,7.5885278,7.72713105,7.51922618,7.63010878,700621.39022441
2013-10-30,EGX:EFIC,7.62317862,7.67168975,7.52615634,7.60931829,274741.03723
2013-10-31,EGX:EFIC,7.54001667,7.55387699,7.40834358,7.50536586,111563.04250755
2013-11-03,EGX:EFIC,7.51922618,7.55387699,7.48457537,7.50536586,116496.5488431
2013-11-04,EGX:EFIC,7.60931829,7.78257235,7.52615634,7.71327073,364344.998306
2013-11-06,EGX:EFIC,7.77564219,7.88652479,7.77564219,7.81722316,470876.41267899
2013-11-07,EGX:EFIC,7.79643268,7.90038511,7.76178186,7.79643268,355091.24687871
2013-11-10,EGX:EFIC,7.76178186,7.79643268,7.66475959,7.72713105,165341.00320358
2013-11-11,EGX:EFIC,7.74792154,7.74792154,7.13806725,7.60931829,273990.69406109
2013-11-12,EGX:EFIC,7.69248024,7.69248024,7.56080715,7.60931829,280973.21443481
2013-11-13,EGX:EFIC,7.48457537,7.65089927,7.45685472,7.53308651,741359.25242545
2013-11-14,EGX:EFIC,7.62317862,7.69248024,7.49150553,7.55387699,150759.81527706
2013-11-17,EGX:EFIC,7.62317862,7.62317862,7.55387699,7.5885278,92355.7003512
2013-11-18,EGX:EFIC,7.56080715,7.78257235,7.56080715,7.65782943,366115.51959109
2013-11-19,EGX:EFIC,7.76178186,7.76178186,7.62317862,7.68555008,568702.40332504
2013-11-20,EGX:EFIC,7.77564219,7.85880414,7.72713105,7.79643268,613222.28369089
2013-11-21,EGX:EFIC,7.76871203,7.810293,7.71327073,7.76178186,369037.52904693
2013-11-24,EGX:EFIC,7.72713105,7.76178186,7.60238813,7.66475959,484329.19991688
2013-11-25,EGX:EFIC,7.60238813,7.60931829,7.41527374,7.47764521,327751.33914554
2013-11-26,EGX:EFIC,7.42220391,7.47764521,7.36676261,7.41527374,434958.06237054
2013-11-27,EGX:EFIC,7.36676261,7.54001667,7.20736887,7.48457537,600980.14629667
2013-11-28,EGX:EFIC,7.41527374,7.41527374,7.29053082,7.35290228,52021.86908727
2013-12-01,EGX:EFIC,7.2766705,7.47764521,7.24201969,7.30439115,199158.3926391
2013-12-02,EGX:EFIC,7.40834358,7.46378488,7.28360066,7.36676261,683654.97680136
2013-12-03,EGX:EFIC,7.2766705,7.41527374,7.2766705,7.3875531,211124.92321551
2013-12-04,EGX:EFIC,7.38062293,7.65782943,7.38062293,7.60238813,502851.13244779
2013-12-05,EGX:EFIC,7.66475959,7.74792154,7.58159764,7.68555008,146347.22025685
2013-12-08,EGX:EFIC,7.69248024,7.83108349,7.69248024,7.79643268,335778.56808519
2013-12-09,EGX:EFIC,7.76178186,7.77564219,7.68555008,7.72713105,532713.34760259
2013-12-10,EGX:EFIC,7.66475959,7.88652479,7.62317862,7.76871203,913740.49470805
2013-12-11,EGX:EFIC,7.79643268,7.85187397,7.76871203,7.81722316,88816.10074865
2013-12-12,EGX:EFIC,7.85187397,7.9766169,7.82415333,7.94196609,428757.63045364
2013-12-15,EGX:EFIC,7.87266446,8.05284868,7.80336284,7.9211756,136699.53866588
2013-12-16,EGX:EFIC,7.76178186,7.89345495,7.76178186,7.83801365,265644.56927465
2013-12-17,EGX:EFIC,7.8657343,8.05977885,7.83108349,7.96968674,526183.91906548
2013-12-18,EGX:EFIC,8.0320582,8.0320582,7.90038511,7.95582641,179424.36729689
2013-12-19,EGX:EFIC,7.91424544,8.00433755,7.87266446,7.90731527,594846.09089086
2013-12-22,EGX:EFIC,7.96968674,8.03898836,7.8657343,7.92810576,124066.35704325
2013-12-23,EGX:EFIC,7.92810576,7.99047722,7.90038511,7.9211756,192400.97521605
2013-12-24,EGX:EFIC,7.88652479,8.01819787,7.88652479,7.94196609,106991.72104776
2013-12-25,EGX:EFIC,8.01126771,8.14294079,7.92810576,8.05284868,368253.99762247
2013-12-26,EGX:EFIC,8.06670901,8.4547981,8.06670901,8.24689323,566686.57754242
2013-12-29,EGX:EFIC,8.19838209,8.29540437,7.9766169,8.12215031,102203.95444309
2013-12-30,EGX:EFIC,8.24689323,8.24689323,7.9766169,8.04591852,127395.28337145
2013-12-31,EGX:EFIC,8.02512803,8.07363917,7.96968674,7.9766169,152710.70751622
2014-01-02,EGX:EFIC,8.0320582,8.40628696,7.99047722,8.28154404,257370.59286984
2014-01-05,EGX:EFIC,8.31619485,8.48251875,8.25382339,8.36470599,223773.9774821
2014-01-06,EGX:EFIC,8.31619485,8.31619485,8.17066144,8.21224242,144637.30361232
2014-01-08,EGX:EFIC,8.17759161,8.38549648,8.17759161,8.32312502,263949.08230645
2014-01-09,EGX:EFIC,8.66963314,8.66963314,8.21224242,8.33005518,121584.45271533
2014-01-12,EGX:EFIC,8.44786794,8.48944891,8.26768372,8.3993568,172791.04509023
2014-01-14,EGX:EFIC,8.38549648,8.48251875,8.28154404,8.38549648,163827.33015708
2014-01-15,EGX:EFIC,8.33005518,8.55182037,8.31619485,8.43400761,245272.75223887
2014-01-16,EGX:EFIC,8.35777583,8.35777583,8.18452177,8.26075355,112252.78103589
2014-01-19,EGX:EFIC,8.30233453,8.30233453,7.96968674,8.06670901,96038.15374937
2014-01-20,EGX:EFIC,8.05284868,8.12908047,7.96968674,8.08056933,59277.11034353
2014-01-21,EGX:EFIC,7.99047722,8.11522015,7.98354706,8.07363917,196103.63016107
2014-01-22,EGX:EFIC,8.12215031,8.17066144,8.10828998,8.11522015,42587.74670591
2014-01-23,EGX:EFIC,8.09442966,8.4547981,8.00433755,8.32312502,184689.75618792
2014-01-26,EGX:EFIC,8.18452177,8.31619485,8.14294079,8.19838209,96687.489184
2014-01-27,EGX:EFIC,8.31619485,8.31619485,8.30926469,8.31619485,256367.73036524
2014-01-28,EGX:EFIC,8.3439155,8.35084567,8.31619485,8.32312502,413071.12932062
2014-01-29,EGX:EFIC,8.40628696,8.52409973,8.31619485,8.40628696,348606.55033821
2014-01-30,EGX:EFIC,8.48944891,8.53796005,8.33005518,8.50330924,209699.27119459
2014-02-02,EGX:EFIC,8.52409973,8.55875054,8.31619485,8.39242664,347810.03220507
2014-02-03,EGX:EFIC,8.33005518,8.44093778,8.32312502,8.37856632,54876.05906437
2014-02-04,EGX:EFIC,8.35084567,8.35777583,8.22610274,8.29540437,49350.93599949
2014-02-05,EGX:EFIC,8.25382339,8.4547981,8.22610274,8.37856632,87221.62151473
2014-02-06,EGX:EFIC,8.40628696,8.44786794,8.33698534,8.37163615,86726.68361678
2014-02-09,EGX:EFIC,8.37163615,8.621122,8.37163615,8.48251875,155637.04587495
2014-02-10,EGX:EFIC,8.48944891,8.69735378,8.46172826,8.60033151,232567.42223461
2014-02-11,EGX:EFIC,8.47558859,8.59340135,8.46865843,8.52409973,35280.55861488
2014-02-12,EGX:EFIC,8.55875054,8.72507443,8.49637908,8.62805216,214251.83407516
2014-02-13,EGX:EFIC,8.5102394,8.64191249,8.49637908,8.5656807,46913.76366818
2014-02-16,EGX:EFIC,8.61419184,8.66270297,8.48251875,8.59340135,172612.1171038
2014-02-17,EGX:EFIC,8.46172826,8.62805216,8.4547981,8.53796005,337306.67080802
2014-02-18,EGX:EFIC,8.65577281,8.69735378,8.52409973,8.621122,238170.46555165
2014-02-19,EGX:EFIC,8.65577281,8.68349346,8.47558859,8.55182037,119545.5394506
2014-02-20,EGX:EFIC,8.52409973,8.66270297,8.48944891,8.57261086,145058.65016102
2014-02-23,EGX:EFIC,8.53796005,8.62805216,8.41321713,8.5102394,169200.94162055
2014-02-24,EGX:EFIC,8.55182037,8.55182037,8.3439155,8.43400761,212752.59070498
2014-02-25,EGX:EFIC,8.44786794,8.46172826,8.33005518,8.38549648,123076.48124735
2014-02-26,EGX:EFIC,8.32312502,8.40628696,8.2884742,8.31619485,391073.087763
2014-02-27,EGX:EFIC,8.35777583,8.57261086,8.31619485,8.37163615,532244.38312203
2014-03-02,EGX:EFIC,8.4547981,8.55875054,8.28154404,8.40628696,227535.79410005
2014-03-03,EGX:EFIC,8.26075355,8.31619485,8.03898836,8.17759161,133126.75080779
2014-03-04,EGX:EFIC,8.11522015,8.31619485,8.11522015,8.24689323,102436.27223192
2014-03-05,EGX:EFIC,8.30926469,8.5102394,8.25382339,8.33698534,258771.71444101
2014-03-06,EGX:EFIC,8.27461388,8.3439155,8.18452177,8.23996307,82715.2335984
2014-03-09,EGX:EFIC,8.26768372,8.31619485,8.19838209,8.24689323,33844.80582053
2014-03-10,EGX:EFIC,8.19838209,8.35777583,8.17759161,8.23996307,107101.38658783
2014-03-11,EGX:EFIC,8.3439155,8.44786794,8.31619485,8.33005518,79413.72365522
2014-03-12,EGX:EFIC,8.43400761,8.4547981,8.30233453,8.36470599,326459.88311444
2014-03-13,EGX:EFIC,8.42014729,8.42014729,8.26075355,8.35084567,132058.95475973
2014-03-16,EGX:EFIC,8.33698534,8.44786794,8.16373128,8.2884742,362472.02631901
2014-03-17,EGX:EFIC,8.29540437,8.30233453,8.19838209,8.23996307,26703.55900724
2014-03-18,EGX:EFIC,8.18452177,8.31619485,8.18452177,8.24689323,63411.21261067
2014-03-19,EGX:EFIC,8.31619485,8.37856632,8.17759161,8.22610274,339182.52873029
2014-03-20,EGX:EFIC,8.26075355,8.89139833,8.26075355,8.60033151,2905869.86286413
2014-03-23,EGX:EFIC,8.85674752,9.30720807,8.85674752,9.09237304,903952.84525673
2014-03-24,EGX:EFIC,8.94683963,9.00921109,8.80823638,8.92604914,478822.83543122
2014-03-25,EGX:EFIC,9.00228093,9.25176678,9.00228093,9.14088418,519295.19158788
2014-03-26,EGX:EFIC,9.18246515,9.59827489,9.12009369,9.39730019,1846147.21871026
2014-03-27,EGX:EFIC,9.35571921,9.51511295,8.52409973,8.96763012,700909.98375092
2014-03-30,EGX:EFIC,8.66270297,8.96763012,8.53102989,8.79437606,529576.33596952
2014-03-31,EGX:EFIC,8.97456028,9.0438619,7.9211756,8.38549648,439465.8932545
2014-04-01,EGX:EFIC,8.28154404,8.3439155,7.6994104,8.17066144,269583.87091141
2014-04-02,EGX:EFIC,8.31619485,8.31619485,7.91424544,8.02512803,424241.14176388
2014-04-03,EGX:EFIC,7.93503592,8.02512803,7.62317862,7.810293,216834.74613735
2014-04-06,EGX:EFIC,7.96275657,7.96275657,7.2212292,7.6994104,251271.16868722
2014-04-07,EGX:EFIC,7.20736887,7.81722316,7.20736887,7.63703894,99817.28597891
2014-04-08,EGX:EFIC,7.72713105,7.94889625,7.61624845,7.7548517,147895.52452653
2014-04-09,EGX:EFIC,7.66475959,7.96275657,7.55387699,7.81722316,273746.8325312
2014-04-10,EGX:EFIC,7.8657343,8.0320582,7.84494381,7.94196609,72708.25306694
2014-04-13,EGX:EFIC,7.96968674,7.96968674,7.74792154,7.83801365,76071.81061832
2014-04-14,EGX:EFIC,7.74792154,7.89345495,7.6994104,7.79643268,41012.02605121
2014-04-15,EGX:EFIC,7.93503592,8.07363917,7.85880414,7.95582641,79291.07140645
2014-04-16,EGX:EFIC,8.03898836,8.37163615,8.03898836,8.26075355,817452.70755826
2014-04-17,EGX:EFIC,8.21917258,8.30926469,8.03898836,8.14987096,106333.72780733
2014-04-22,EGX:EFIC,8.17759161,8.31619485,7.92810576,8.06670901,223221.32087884
2014-04-23,EGX:EFIC,7.96968674,8.31619485,7.90038511,8.16373128,289439.10553475
2014-04-27,EGX:EFIC,8.29540437,8.66270297,8.15680112,8.53102989,511946.1574355
2014-04-28,EGX:EFIC,8.3993568,8.55875054,8.17759161,8.32312502,117505.18321823
2014-04-29,EGX:EFIC,8.17759161,8.17759161,8.05977885,8.12215031,59275.6673759
2014-04-30,EGX:EFIC,8.30233453,8.30926469,8.17759161,8.21224242,34544.6451223
2014-05-04,EGX:EFIC,8.21224242,8.38549648,8.21224242,8.28154404,102423.28552323
2014-05-05,EGX:EFIC,8.22610274,8.47558859,8.20531226,8.3439155,193149.87541733
2014-05-06,EGX:EFIC,8.31619485,8.54489021,8.31619485,8.43400761,130382.22637075
2014-05-07,EGX:EFIC,8.48944891,8.48944891,8.10828998,8.21224242,152143.62123664
2014-05-08,EGX:EFIC,8.05284868,8.21224242,7.9766169,8.07363917,122734.49791845
2014-05-11,EGX:EFIC,8.10828998,8.17759161,8.05977885,8.12908047,30857.86282124
2014-05-12,EGX:EFIC,8.10828998,8.21224242,8.05977885,8.12215031,38149.17826831
2014-05-13,EGX:EFIC,8.44786794,8.44786794,8.14294079,8.30926469,193416.82442934
2014-05-14,EGX:EFIC,8.31619485,8.38549648,8.31619485,8.33698534,131777.57607139
2014-05-15,EGX:EFIC,8.31619485,8.3993568,8.24689323,8.29540437,112788.12202755
2014-05-18,EGX:EFIC,8.35084567,8.38549648,8.26768372,8.31619485,99983.22725665
2014-05-19,EGX:EFIC,8.37163615,8.48944891,8.35084567,8.44786794,184059.17933251
2014-05-20,EGX:EFIC,8.4547981,8.55182037,8.28154404,8.35084567,239762.05885031
2014-05-21,EGX:EFIC,8.2884742,8.38549648,8.26768372,8.31619485,91306.66288237
2014-05-22,EGX:EFIC,8.36470599,8.48944891,8.31619485,8.3993568,289848.90834238
2014-05-25,EGX:EFIC,8.33005518,8.4547981,8.31619485,8.37856632,221092.94362089
2014-05-26,EGX:EFIC,8.38549648,8.4547981,8.31619485,8.38549648,285472.38751298
2014-05-28,EGX:EFIC,8.31619485,8.31619485,8.21224242,8.2884742,98344.01602612
2014-05-29,EGX:EFIC,8.21917258,8.21917258,7.62317862,7.80336284,162869.19964909
2014-06-01,EGX:EFIC,7.63010878,7.63010878,7.2766705,7.36676261,151792.98010194
2014-06-02,EGX:EFIC,7.55387699,7.69248024,7.28360066,7.49843569,108503.95112663
2014-06-03,EGX:EFIC,7.51922618,7.51922618,7.20736887,7.34597212,126085.06876114
2014-06-04,EGX:EFIC,7.35290228,7.67861992,7.35290228,7.45685472,771390.29479326
2014-06-05,EGX:EFIC,7.72020089,8.10828998,7.62317862,7.8657343,282419.06800259
2014-06-09,EGX:EFIC,7.83801365,8.07363917,7.83108349,7.96275657,156248.86415113
2014-06-10,EGX:EFIC,7.90038511,7.99047722,7.90038511,7.94196609,28989.21973714
2014-06-11,EGX:EFIC,7.95582641,8.15680112,7.93503592,8.01126771,142576.7458331
2014-06-12,EGX:EFIC,8.13601063,8.13601063,7.85880414,7.98354706,66002.78247866
2014-06-15,EGX:EFIC,7.8657343,7.93503592,7.83108349,7.89345495,38022.19711665
2014-06-16,EGX:EFIC,7.76178186,7.83108349,7.62317862,7.67168975,94160.85285947
2014-06-17,EGX:EFIC,7.66475959,7.74792154,7.55387699,7.60931829,117241.12014148
2014-06-18,EGX:EFIC,7.62317862,7.81722316,7.56080715,7.67861992,32755.36525799
2014-06-19,EGX:EFIC,7.60238813,7.60238813,7.34597212,7.3875531,193631.82660658
2014-06-22,EGX:EFIC,7.41527374,7.54694683,7.31825147,7.37369277,50792.46066437
2014-06-23,EGX:EFIC,7.56080715,7.56080715,7.31132131,7.36676261,66334.66503414
2014-06-24,EGX:EFIC,7.2766705,7.3875531,6.9440227,7.17271806,96296.44495559
2014-06-25,EGX:EFIC,6.999464,7.20043871,6.97867351,7.02718465,10677.96048058
2014-06-26,EGX:EFIC,7.10341644,7.26281017,6.999464,7.13113709,67144.16987598
2014-06-29,EGX:EFIC,7.02718465,7.02718465,7.00639416,7.02025449,6916.14386262
2014-06-30,EGX:EFIC,7.03411481,7.2766705,7.03411481,7.17964822,134996.83685952
2014-07-02,EGX:EFIC,7.31132131,7.41527374,7.31132131,7.37369277,6587.14724241
2014-07-03,EGX:EFIC,7.2212292,7.39448326,7.19350855,7.31132131,28997.87754293
2014-07-06,EGX:EFIC,7.40141342,7.45685472,7.34597212,7.41527374,29834.79876979
2014-07-07,EGX:EFIC,7.29053082,7.35983245,7.2766705,7.28360066,7135.47494276
2014-07-08,EGX:EFIC,7.2766705,7.60238813,7.2766705,7.47764521,248575.70514969
2014-07-09,EGX:EFIC,7.54001667,7.54694683,7.34597212,7.40141342,22116.36490349
2014-07-10,EGX:EFIC,7.34597212,7.34597212,7.31132131,7.32518163,16161.23748412
2014-07-13,EGX:EFIC,7.2766705,7.31825147,7.2766705,7.29053082,13885.67752765
2014-07-14,EGX:EFIC,7.2766705,7.38062293,7.2766705,7.35290228,3203.38814417
2014-07-15,EGX:EFIC,7.2766705,7.71327073,7.2766705,7.62317862,140047.22357331
2014-07-16,EGX:EFIC,7.62317862,7.62317862,7.35983245,7.41527374,56181.9447718
2014-07-17,EGX:EFIC,7.58159764,7.5885278,7.3875531,7.42220391,85683.41801847
2014-07-20,EGX:EFIC,7.35290228,7.41527374,7.31132131,7.33904196,29147.94617671
2014-07-21,EGX:EFIC,7.29053082,7.30439115,7.11727676,7.20736887,67382.25953534
2014-07-22,EGX:EFIC,7.20736887,7.30439115,7.14499741,7.20736887,11901.59703295
2014-07-24,EGX:EFIC,7.29746098,7.43606423,7.2766705,7.30439115,71268.17136969
2014-07-27,EGX:EFIC,7.31132131,7.55387699,7.31132131,7.49150553,48404.34923256
2014-07-31,EGX:EFIC,7.55387699,7.89345495,7.55387699,7.70634056,212677.55638809
2014-08-03,EGX:EFIC,7.68555008,7.68555008,7.49150553,7.62317862,124614.68474361
2014-08-04,EGX:EFIC,7.72713105,7.72713105,7.55387699,7.60238813,69402.41422086
2014-08-05,EGX:EFIC,7.79643268,7.79643268,7.61624845,7.69248024,182418.52513435
2014-08-06,EGX:EFIC,7.60931829,7.70634056,7.60238813,7.63703894,57583.06634296
2014-08-07,EGX:EFIC,7.68555008,7.96968674,7.68555008,7.83108349,415049.43794479
2014-08-10,EGX:EFIC,7.99047722,8.06670901,7.83801365,7.98354706,187246.69483273
2014-08-11,EGX:EFIC,8.0320582,8.11522015,7.94196609,8.04591852,137096.35476482
2014-08-12,EGX:EFIC,7.9211756,8.00433755,7.90038511,7.92810576,79214.59412193
2014-08-13,EGX:EFIC,7.90038511,7.90038511,7.63703894,7.80336284,93332.58943841
2014-08-14,EGX:EFIC,7.82415333,7.83108349,7.74099138,7.79643268,48646.76779483
2014-08-17,EGX:EFIC,7.72713105,8.09442966,7.68555008,7.8657343,77608.57114694
2014-08-18,EGX:EFIC,7.79643268,7.83108349,7.72713105,7.78950251,86829.13431869
2014-08-19,EGX:EFIC,7.810293,8.37856632,7.79643268,8.10828998,425799.54680699
2014-08-20,EGX:EFIC,8.35084567,8.58647119,8.03898836,8.39242664,570451.28009564
2014-08-21,EGX:EFIC,8.30233453,8.38549648,8.07363917,8.23303291,188167.30818227
2014-08-24,EGX:EFIC,8.30233453,8.30926469,8.05977885,8.15680112,99573.42444902
2014-08-25,EGX:EFIC,8.10828998,8.14294079,7.90038511,8.03898836,172964.20120614
2014-08-26,EGX:EFIC,8.03898836,8.30233453,7.99047722,8.16373128,184883.11385067
2014-08-27,EGX:EFIC,8.24689323,8.3993568,8.15680112,8.33005518,530983.22941121
2014-08-28,EGX:EFIC,8.29540437,8.32312502,8.14294079,8.26075355,97674.47904464
2014-08-31,EGX:EFIC,8.29540437,8.29540437,8.07363917,8.18452177,107000.37885355
2014-09-01,EGX:EFIC,8.09442966,8.27461388,8.0874995,8.12908047,81187.13087557
2014-09-02,EGX:EFIC,8.10828998,8.24689323,8.06670901,8.14294079,79356.00494992
2014-09-03,EGX:EFIC,8.23303291,8.23303291,8.03898836,8.08056933,94284.94807587
2014-09-04,EGX:EFIC,8.14294079,8.31619485,8.0874995,8.23303291,157560.52172909
2014-09-07,EGX:EFIC,8.35084567,8.38549648,8.14987096,8.29540437,159419.06403976
2014-09-08,EGX:EFIC,8.12908047,8.17759161,7.90731527,8.07363917,181697.04131809
2014-09-09,EGX:EFIC,7.96968674,8.03898836,7.89345495,7.94889625,241584.52697017
2014-09-10,EGX:EFIC,7.90038511,8.03898836,7.63010878,7.94889625,245266.98036834
2014-09-11,EGX:EFIC,7.70634056,7.76871203,7.62317862,7.6994104,41037.9994686
2014-09-14,EGX:EFIC,7.66475959,7.76871203,7.55387699,7.63703894,63981.18482552
2014-09-15,EGX:EFIC,7.56773732,7.74099138,7.56773732,7.66475959,20517.55676667
2014-09-16,EGX:EFIC,7.6994104,7.810293,7.62317862,7.66475959,38517.1350146
2014-09-17,EGX:EFIC,7.5885278,7.63010878,7.55387699,7.60931829,27940.1822683
2014-09-18,EGX:EFIC,7.65782943,7.69248024,7.56080715,7.62317862,169186.51194422
2014-09-21,EGX:EFIC,7.78257235,7.83108349,7.62317862,7.69248024,115459.05511533
2014-09-22,EGX:EFIC,7.6994104,7.78950251,7.65782943,7.68555008,86524.66814823
2014-09-23,EGX:EFIC,7.6439691,7.72713105,7.6439691,7.67861992,40470.91318902
2014-09-24,EGX:EFIC,7.63010878,7.63010878,7.48457537,7.60238813,73392.21972475
2014-09-25,EGX:EFIC,7.55387699,7.65782943,7.51229602,7.57466748,23757.01910165
2014-09-28,EGX:EFIC,7.55387699,7.55387699,7.45685472,7.49843569,22762.81440285
2014-09-29,EGX:EFIC,7.56773732,7.62317862,7.49843569,7.56080715,34458.06706435
2014-09-30,EGX:EFIC,7.55387699,7.66475959,7.55387699,7.62317862,55776.47086706
2014-10-01,EGX:EFIC,7.62317862,7.67168975,7.53308651,7.60931829,11255.14753358
2014-10-02,EGX:EFIC,7.62317862,7.76178186,7.62317862,7.72713105,48988.75112373
2014-10-08,EGX:EFIC,7.76178186,7.810293,7.58159764,7.65089927,58916.3684354
2014-10-09,EGX:EFIC,7.72713105,7.72713105,7.57466748,7.63703894,19940.36971366
2014-10-12,EGX:EFIC,7.53308651,7.53308651,7.09648628,7.30439115,93999.24048463
2014-10-13,EGX:EFIC,6.95788303,7.44992456,6.95788303,7.25588001,65871.4724241
2014-10-14,EGX:EFIC,7.41527374,7.41527374,6.93016238,7.0549053,155139.22204173
2014-10-15,EGX:EFIC,7.06876563,7.20736887,6.999464,7.12420692,53427.31956133
2014-10-16,EGX:EFIC,7.03411481,7.03411481,6.48663199,6.77769881,171877.64657886
2014-10-19,EGX:EFIC,6.93016238,6.93016238,6.50049231,6.72918767,77298.33310596
2014-10-20,EGX:EFIC,6.65295588,6.75690832,6.65295588,6.70839718,64235.14712884
2014-10-21,EGX:EFIC,6.72225751,6.85393059,6.69453686,6.74304799,42003.34481475
2014-10-22,EGX:EFIC,6.83314011,6.90244173,6.79848929,6.84007027,24966.2259777
2014-10-23,EGX:EFIC,6.81234962,6.8885814,6.72225751,6.79848929,68351.93378439
2014-10-26,EGX:EFIC,6.74997816,7.13806725,6.72225751,6.91630205,78907.2420162
2014-10-27,EGX:EFIC,6.79155913,6.86086075,6.59058442,6.70146702,111402.87310034
2014-10-28,EGX:EFIC,6.70146702,6.86086075,6.6321654,6.75690832,75089.14966058
2014-10-29,EGX:EFIC,6.86086075,6.93016238,6.72225751,6.80541946,244894.69471915
2014-10-30,EGX:EFIC,6.93016238,7.21429904,6.80541946,7.11727676,258532.18181401
2014-11-02,EGX:EFIC,7.20736887,7.26281017,7.06183546,7.14499741,24821.92921445
2014-11-03,EGX:EFIC,7.07569579,7.2212292,7.04797514,7.17964822,74491.76106072
2014-11-04,EGX:EFIC,7.26281017,7.26281017,7.01332433,7.12420692,164554.58584387
2014-11-05,EGX:EFIC,7.15885774,7.2766705,7.13806725,7.20736887,25741.09959635
2014-11-06,EGX:EFIC,7.20736887,7.33904196,7.17271806,7.26281017,167440.52110889
2014-11-09,EGX:EFIC,7.20736887,7.30439115,7.17271806,7.2212292,16597.01370914
2014-11-10,EGX:EFIC,7.31132131,7.34597212,7.25588001,7.31132131,20057.2500919
2014-11-11,EGX:EFIC,7.34597212,7.34597212,7.13806725,7.22815936,49401.43986663
2014-11-12,EGX:EFIC,7.26974033,7.2766705,6.95788303,7.14499741,26950.3064724
2014-11-13,EGX:EFIC,6.93709254,7.13806725,6.93709254,7.0549053,21355.92096116
2014-11-16,EGX:EFIC,7.0549053,7.20736887,6.9440227,7.04797514,49782.38332161
2014-11-17,EGX:EFIC,7.06183546,7.10341644,6.89551157,6.9440227,26376.00535466
2014-11-18,EGX:EFIC,6.96481319,7.01332433,6.86086075,6.90244173,40607.99511411
2014-11-19,EGX:EFIC,6.83314011,6.99253384,6.82620994,6.93016238,227496.83397397
2014-11-20,EGX:EFIC,6.999464,7.06876563,6.79155913,6.84007027,550134.29582989
2014-11-23,EGX:EFIC,6.88165124,7.04104498,6.86086075,6.86779092,861959.60121541
2014-11-24,EGX:EFIC,7.02025449,7.02718465,6.79155913,6.88165124,59460.36723286
2014-11-25,EGX:EFIC,6.79155913,6.93709254,6.79155913,6.89551157,56092.48077858
2014-11-26,EGX:EFIC,6.999464,6.999464,6.87472108,6.91630205,16169.89528991
2014-11-27,EGX:EFIC,6.93016238,7.11727676,6.93016238,7.02718465,73385.00488659
2014-11-30,EGX:EFIC,6.96481319,7.13113709,6.95095287,7.0549053,58483.47814565
2014-12-01,EGX:EFIC,7.00639416,7.0549053,6.93016238,6.9440227,81107.76765578
2014-12-02,EGX:EFIC,6.93016238,6.93709254,6.86086075,6.93016238,202318.4917543
2014-12-03,EGX:EFIC,6.90937189,7.04104498,6.86086075,6.95095287,89590.97436731
2014-12-04,EGX:EFIC,7.00639416,7.0549053,6.95095287,6.999464,48759.31927016
2014-12-07,EGX:EFIC,7.0549053,7.06876563,6.999464,7.01332433,37511.38657474
2014-12-08,EGX:EFIC,6.999464,7.22815936,6.96481319,7.1103466,113958.36877752
2014-12-09,EGX:EFIC,7.04104498,7.55387699,7.00639416,7.3321118,601081.15403094
2014-12-10,EGX:EFIC,7.47071504,7.62317862,7.33904196,7.48457537,394803.15909304
2014-12-11,EGX:EFIC,7.3875531,7.48457537,7.04797514,7.21429904,601135.98680098
2014-12-14,EGX:EFIC,7.08262595,7.08262595,6.86086075,6.95788303,188147.10663541
2014-12-15,EGX:EFIC,6.96481319,7.1657879,6.93016238,7.01332433,521305.24549997
2014-12-16,EGX:EFIC,6.95095287,6.95095287,6.79155913,6.86086075,46838.72935129
2014-12-17,EGX:EFIC,6.82620994,6.93016238,6.17477468,6.63909556,459003.67499869
2014-12-18,EGX:EFIC,6.58365426,6.87472108,6.5212828,6.73611783,91893.9507088
2014-12-21,EGX:EFIC,6.84700043,6.999464,6.79155913,6.91630205,97385.88551813
2014-12-22,EGX:EFIC,6.93016238,6.97867351,6.76383848,6.82620994,170768.00446946
2014-12-23,EGX:EFIC,6.79155913,6.84700043,6.6876067,6.77076934,946455.45687233
2014-12-24,EGX:EFIC,6.78462897,6.80541946,6.6876067,6.74304799,130467.36146107
2014-12-25,EGX:EFIC,6.6876067,6.79155913,6.67374637,6.71532734,86174.02701353
2014-12-28,EGX:EFIC,6.66681621,6.72225751,6.61137491,6.66681621,124023.06801428
2014-12-29,EGX:EFIC,6.64602572,6.93016238,6.60444475,6.77769881,241104.01874855
2014-12-30,EGX:EFIC,6.74997816,6.78462897,6.65295588,6.68067653,111902.13990119
2014-12-31,EGX:EFIC,6.6876067,6.72225751,6.58365426,6.70146702,401153.65964371
2015-01-04,EGX:EFIC,6.65988605,6.72225751,6.65988605,6.69453686,18758.57922264
2015-01-05,EGX:EFIC,6.72225751,6.72225751,6.56286377,6.64602572,151801.63790774
2015-01-06,EGX:EFIC,6.5767241,6.59751528,6.4104002,6.48663199,148980.63618618
2015-01-08,EGX:EFIC,6.58365426,6.61830507,6.50742247,6.54900345,80380.511969
2015-01-11,EGX:EFIC,6.58365426,6.61137491,6.4658415,6.55593361,17979.37670108
2015-01-12,EGX:EFIC,6.58365426,6.61830507,6.4658415,6.56286377,78786.03273507
2015-01-13,EGX:EFIC,6.58365426,6.6876067,6.5212828,6.63909556,344182.41157693
2015-01-14,EGX:EFIC,6.69453686,6.72918767,6.54207329,6.64602572,149016.71037699
2015-01-15,EGX:EFIC,6.58365426,6.66681621,6.4658415,6.56979393,107160.54826076
2015-01-18,EGX:EFIC,6.49356215,6.49356215,6.44505101,6.47277166,28844.92297388
2015-01-19,EGX:EFIC,6.4658415,6.58365426,6.45198117,6.52821296,36289.19299001
2015-01-20,EGX:EFIC,6.47970182,6.61830507,6.47970182,6.54207329,74663.47420899
2015-01-21,EGX:EFIC,6.5767241,6.72225751,6.54900345,6.65988605,140420.95219013
2015-01-22,EGX:EFIC,6.65988605,6.71532734,6.59058442,6.6321654,82641.64224914
2015-01-26,EGX:EFIC,6.65295588,6.81234962,6.59751528,6.73611783,108150.42405666
2015-01-27,EGX:EFIC,6.79155913,6.96481319,6.72225751,6.88165124,311243.78942962
2015-01-28,EGX:EFIC,6.81234962,6.82620994,6.65988605,6.70839718,34730.7879469
2015-01-29,EGX:EFIC,6.67374637,6.76383848,6.62523523,6.65988605,59704.22876275
2015-02-01,EGX:EFIC,6.72225751,6.72225751,6.54900345,6.61830507,85314.01830455
2015-02-02,EGX:EFIC,6.70839718,6.72225751,6.61830507,6.67374637,76477.28452306
2015-02-03,EGX:EFIC,6.71532734,6.93016238,6.71532734,6.89551157,438069.10058623
2015-02-04,EGX:EFIC,6.96481319,6.97174335,6.81234962,6.86779092,83878.2655102
2015-02-05,EGX:EFIC,6.80541946,6.82620994,6.76383848,6.80541946,114997.30547292
2015-02-08,EGX:EFIC,6.79155913,6.86086075,6.77076934,6.79155913,24314.0046078
2015-02-09,EGX:EFIC,6.75690832,6.84007027,6.65295588,6.67374637,208260.63246498
2015-02-10,EGX:EFIC,6.74997816,6.74997816,6.65295588,6.69453686,35349.82106124
2015-02-11,EGX:EFIC,6.69453686,6.84700043,6.66681621,6.76383848,490800.90974869
2015-02-12,EGX:EFIC,6.75690832,6.79155913,6.6876067,6.73611783,2533.85116269
2015-02-15,EGX:EFIC,6.83314011,6.83314011,6.65295588,6.70839718,57258.39862565
2015-02-16,EGX:EFIC,6.65988605,6.79155913,6.5212828,6.63909556,113902.09303985
2015-02-17,EGX:EFIC,6.65295588,6.65295588,6.44505101,6.56286377,52669.76155427
2015-02-18,EGX:EFIC,6.54207329,6.58365426,6.45198117,6.5212828,28065.72045233
2015-02-19,EGX:EFIC,6.54900345,6.79848929,6.54900345,6.61137491,342170.91469722
2015-02-22,EGX:EFIC,6.58365426,6.65295588,6.55593361,6.58365426,74426.82751726
2015-02-23,EGX:EFIC,6.65295588,6.65295588,6.54900345,6.58365426,149277.88751848
2015-02-24,EGX:EFIC,6.62523523,6.70146702,6.60444475,6.64602572,8657.80579506
2015-02-25,EGX:EFIC,6.55593361,6.55593361,6.49356215,6.51435264,33029.52910817
2015-02-26,EGX:EFIC,6.51435264,6.58365426,6.44505101,6.51435264,92618.32046032
2015-03-01,EGX:EFIC,6.44505101,6.5767241,6.44505101,6.53514312,26436.60999522
2015-03-02,EGX:EFIC,6.5767241,6.5767241,6.51435264,6.51435264,84038.43491741
2015-03-03,EGX:EFIC,6.48663199,6.5767241,6.47970182,6.51435264,35587.91072061
2015-03-04,EGX:EFIC,6.48663199,6.61137491,6.47970182,6.55593361,71484.61651457
2015-03-05,EGX:EFIC,6.56286377,6.79155913,6.56286377,6.66681621,69774.69987005
2015-03-08,EGX:EFIC,6.65988605,6.78462897,6.63909556,6.69453686,54581.69366734
2015-03-09,EGX:EFIC,6.65295588,6.72225751,6.65295588,6.6876067,19937.4837784
2015-03-10,EGX:EFIC,6.74304799,6.74304799,6.51435264,6.61830507,175044.96053222
2015-03-11,EGX:EFIC,6.47970182,6.51435264,6.3549589,6.43812085,103193.83023899
2015-03-12,EGX:EFIC,6.44505101,6.58365426,6.27179695,6.47277166,180966.89969604
2015-03-15,EGX:EFIC,6.5767241,6.58365426,6.48663199,6.53514312,5689.62137499
2015-03-16,EGX:EFIC,6.48663199,6.51435264,6.37574939,6.45198117,41433.37259991
2015-03-17,EGX:EFIC,6.45891134,6.53514312,6.2440763,6.40347004,98546.03149467
2015-03-18,EGX:EFIC,6.28565728,6.32030809,6.23714614,6.25793663,103547.35730895
2015-03-19,EGX:EFIC,6.30644776,6.32030809,6.15398419,6.21635565,225906.68364295
2015-03-22,EGX:EFIC,6.23714614,6.23714614,6.09854289,6.14705403,38887.97769616
2015-03-23,EGX:EFIC,6.11240322,6.20249533,6.03617143,6.14012387,48931.03241843
2015-03-24,EGX:EFIC,6.20249533,6.2440763,6.14012387,6.20942549,35749.52309545
2015-03-25,EGX:EFIC,6.23714614,6.23714614,6.06389208,6.12626354,115815.46812056
2015-03-26,EGX:EFIC,6.02924127,6.2440763,6.02924127,6.18170484,56865.91142961
2015-03-29,EGX:EFIC,6.2440763,6.25100716,6.1331937,6.21635565,18181.39216963
2015-03-30,EGX:EFIC,6.16784452,6.23714614,6.09854289,6.14705403,82619.99773465
2015-03-31,EGX:EFIC,6.16784452,6.23714614,6.12626354,6.20249533,60236.68381915
2015-04-01,EGX:EFIC,6.23021598,6.23714614,6.09854289,6.15398419,34631.22318025
2015-04-02,EGX:EFIC,6.10547306,6.15398419,6.02924127,6.09161273,27967.59865332
2015-04-05,EGX:EFIC,6.09161273,6.09161273,5.98073013,6.00152062,25215.85937812
2015-04-06,EGX:EFIC,5.99459046,6.02924127,5.93914916,5.98766029,455423.67230243
2015-04-07,EGX:EFIC,6.07082224,6.23021598,5.97379997,6.02231111,718691.67388634
2015-04-08,EGX:EFIC,6.04310159,6.20249533,6.02924127,6.08468257,9328.78574418
2015-04-09,EGX:EFIC,6.06389208,6.06389208,6.02231111,6.02924127,45123.04083624
2015-04-14,EGX:EFIC,6.03617143,6.03617143,5.96686981,6.00845078,35219.95397432
2015-04-15,EGX:EFIC,5.96686981,5.96686981,5.89063802,5.94607932,37626.82398534
2015-04-16,EGX:EFIC,5.91835867,5.92528883,5.84905705,5.90449904,31694.78404809
2015-04-19,EGX:EFIC,5.932219,5.93914916,5.84905705,5.89756818,47587.62955256
2015-04-20,EGX:EFIC,5.82826656,5.932219,5.75203477,5.86291737,68252.36901775
2015-04-21,EGX:EFIC,5.81440624,5.88370786,5.72431412,5.81440624,61053.40349915
2015-04-22,EGX:EFIC,5.75896494,5.81440624,5.73817445,5.75203477,59551.27419371
2015-04-23,EGX:EFIC,5.84905705,5.84905705,5.75203477,5.7658951,84832.06711529
2015-04-26,EGX:EFIC,5.67580299,5.68273315,5.56492039,5.61343153,72004.08486227
2015-04-27,EGX:EFIC,5.56492039,5.56492039,5.37087584,5.48175844,37727.83171962
2015-04-28,EGX:EFIC,5.25306308,5.50947909,5.23920276,5.45403779,101075.55375446
2015-04-29,EGX:EFIC,5.51640925,5.57185055,5.35701552,5.50947909,50102.72213603
2015-04-30,EGX:EFIC,5.57185055,5.64115218,5.53719974,5.57878071,44475.14836924
2015-05-03,EGX:EFIC,5.44710763,5.53026958,5.41245682,5.46789812,22871.03697529
2015-05-04,EGX:EFIC,5.46096795,5.46096795,5.33622503,5.37780601,46843.05825419
2015-05-05,EGX:EFIC,5.42631714,5.53719974,5.40552666,5.46789812,161658.54980542
2015-05-06,EGX:EFIC,5.4332473,5.44017747,5.40552666,5.40552666,159303.62662916
2015-05-07,EGX:EFIC,5.39166633,5.40552666,5.35008536,5.37780601,16796.14324242
2015-05-10,EGX:EFIC,5.46789812,5.46789812,5.34315519,5.37087584,6229.29126955
2015-05-11,EGX:EFIC,5.34315519,5.40552666,5.28771389,5.35701552,25280.79292158
2015-05-12,EGX:EFIC,5.33622503,5.39859649,5.30157422,5.34315519,10180.13664736
2015-05-13,EGX:EFIC,5.30157422,5.30157422,5.11445984,5.19069162,31782.80507368
2015-05-14,EGX:EFIC,5.18376146,5.18376146,4.92041529,5.02436772,27221.58438731
2015-05-17,EGX:EFIC,5.03822805,5.14218048,5.03822805,5.05901854,18351.66235027
2015-05-18,EGX:EFIC,5.12832016,5.56492039,5.12832016,5.4886886,291174.99559666
2015-05-19,EGX:EFIC,5.5441299,5.60650136,5.34315519,5.48175844,55552.81088402
2015-05-20,EGX:EFIC,5.33622503,5.64115218,5.32929487,5.46789812,143647.42781642
2015-05-21,EGX:EFIC,5.56492039,5.57878071,5.44017747,5.53719974,113056.5140072
2015-05-24,EGX:EFIC,5.5441299,5.5995712,5.50947909,5.55106007,164102.93697489
2015-05-25,EGX:EFIC,5.53026958,5.59264104,5.44017747,5.52333942,82615.66883176
2015-05-26,EGX:EFIC,5.44710763,5.50947909,5.41938698,5.45403779,13246.44286645
2015-05-27,EGX:EFIC,5.4332473,5.53719974,5.40552666,5.44710763,35991.94165771
2015-05-28,EGX:EFIC,5.40552666,5.47482828,5.19762178,5.32929487,53375.37272656
2015-06-02,EGX:EFIC,5.12832016,5.20455195,5.11445984,5.16990113,58199.21352205
2015-06-03,EGX:EFIC,5.19069162,5.2322726,5.10059951,5.1768313,20803.2643579
2015-06-04,EGX:EFIC,5.16297097,5.16297097,5.05901854,5.08673919,18469.98569613
2015-06-07,EGX:EFIC,4.99664707,5.11445984,4.96892643,5.01743756,32390.29444696
2015-06-08,EGX:EFIC,5.10059951,5.11445984,4.88576448,4.94813594,14695.18236949
2015-06-09,EGX:EFIC,4.85111366,4.92041529,4.85111366,4.86497399,226518.50191913
2015-06-10,EGX:EFIC,4.88576448,4.88576448,4.50460555,4.70558025,192193.18787697
2015-06-11,EGX:EFIC,4.69171993,4.85111366,4.61548814,4.74023107,189252.41984191
2015-06-14,EGX:EFIC,4.71944058,4.77488188,4.65013896,4.72637074,136741.38472723
2015-06-15,EGX:EFIC,4.70558025,4.71251042,4.61548814,4.66399928,44457.83275765
2015-06-16,EGX:EFIC,4.70558025,4.70558025,4.63627863,4.64320879,354727.61903532
2015-06-17,EGX:EFIC,4.69865009,4.74716123,4.58776749,4.67092944,743743.03495436
2015-06-18,EGX:EFIC,4.71251042,4.71251042,4.64320879,4.68478977,284160.72993503
2015-06-21,EGX:EFIC,4.71251042,4.71251042,4.64320879,4.67092944,83205.84259345
2015-06-22,EGX:EFIC,4.67785961,4.68478977,4.60162782,4.62241831,47225.4446768
2015-06-23,EGX:EFIC,4.64320879,4.64320879,4.57390717,4.60855798,30955.98462025
2015-06-24,EGX:EFIC,4.58776749,4.67092944,4.51846587,4.58776749,73513.42900588
2015-06-25,EGX:EFIC,4.52539603,4.60855798,4.50460555,4.54618652,234042.13515504
2015-06-28,EGX:EFIC,4.58776749,4.66399928,4.57390717,4.60162782,74366.22287669
2015-06-29,EGX:EFIC,4.57390717,4.60855798,4.53925636,4.56004684,89582.31656152
2015-07-02,EGX:EFIC,4.52539603,4.53925636,4.42837376,4.51846587,1628100.3797616
2015-07-05,EGX:EFIC,4.60162782,4.60162782,4.39372295,4.44916425,108679.99317779
2015-07-06,EGX:EFIC,4.33135149,4.39372295,4.28977051,4.32442132,125191.87179661
2015-07-07,EGX:EFIC,4.28977051,4.43530392,4.22046889,4.26204986,186450.17669958
2015-07-08,EGX:EFIC,4.24125938,4.28977051,4.15809743,4.22046889,178493.65317392
2015-07-09,EGX:EFIC,4.15809743,4.24818954,4.15809743,4.1996784,45488.11164726
2015-07-12,EGX:EFIC,4.26204986,4.3660023,4.24125938,4.32442132,92788.59064096
2015-07-13,EGX:EFIC,4.35907214,4.41451344,4.24125938,4.34521181,122026.00081088
2015-07-14,EGX:EFIC,4.32442132,4.41451344,4.31749116,4.3660023,28575.08802661
2015-07-15,EGX:EFIC,4.38679279,4.43530392,4.38679279,4.42837376,64471.79382057
2015-07-16,EGX:EFIC,4.49767538,4.49767538,4.42837376,4.46302457,44457.83275765
2015-07-21,EGX:EFIC,4.46995473,4.46995473,4.33135149,4.37293246,285046.71206139
2015-07-22,EGX:EFIC,4.3660023,4.44223408,4.33135149,4.37986262,638755.59594816
2015-07-26,EGX:EFIC,4.43530392,4.46995473,4.37293246,4.40758327,134947.77596001
2015-07-27,EGX:EFIC,4.35214197,4.40758327,4.33135149,4.38679279,363334.92096325
2015-07-28,EGX:EFIC,4.43530392,4.46995473,4.39372295,4.43530392,63113.96127838
2015-07-29,EGX:EFIC,4.46995473,4.56004684,4.44916425,4.49767538,124802.27053583
2015-07-30,EGX:EFIC,4.50460555,4.57390717,4.46995473,4.51846587,138143.94926603
2015-08-02,EGX:EFIC,4.51846587,4.64320879,4.50460555,4.5323262,74168.53631104
2015-08-03,EGX:EFIC,4.48381506,4.53925636,4.44916425,4.50460555,317676.53913535
2015-08-04,EGX:EFIC,4.52539603,4.58083733,4.51153571,4.53925636,69983.93017676
2015-08-05,EGX:EFIC,4.60162782,4.60162782,4.50460555,4.51153571,201614.32354963
2015-08-09,EGX:EFIC,4.57390717,4.57390717,4.44916425,4.49767538,202559.46734893
2015-08-10,EGX:EFIC,4.4768849,4.54618652,4.4768849,4.50460555,69656.37652418
2015-08-11,EGX:EFIC,4.49074522,4.57390717,4.43530392,4.49767538,122623.38941074
2015-08-12,EGX:EFIC,4.50460555,4.51153571,4.45609441,4.49074522,53974.20429406
2015-08-13,EGX:EFIC,4.50460555,4.50460555,4.46995473,4.50460555,124245.28502968
2015-08-16,EGX:EFIC,4.27591019,4.43530392,4.27591019,4.41451344,90383.16359756
2015-08-17,EGX:EFIC,4.46302457,4.53925636,4.38679279,4.4768849,120292.99668424
2015-08-18,EGX:EFIC,4.5323262,4.5323262,4.44916425,4.50460555,266746.99654589
2015-08-19,EGX:EFIC,4.43530392,4.57390717,4.38679279,4.56697701,836357.02651178
2015-08-20,EGX:EFIC,4.46995473,4.50460555,4.44916425,4.4768849,32970.36743523
2015-08-23,EGX:EFIC,4.40065311,4.44223408,4.31749116,4.41451344,362108.39847561
2015-08-24,EGX:EFIC,4.3660023,4.37986262,4.23432921,4.28284035,90922.83349212
2015-08-25,EGX:EFIC,4.19274824,4.53925636,4.19274824,4.44916425,99587.85412534
2015-08-26,EGX:EFIC,4.50460555,4.57390717,4.50460555,4.51846587,233046.48748861
2015-08-27,EGX:EFIC,4.57390717,4.78181204,4.50460555,4.61548814,236736.15572494
2015-08-30,EGX:EFIC,4.78181204,4.78181204,4.65013896,4.68478977,72071.904341
2015-08-31,EGX:EFIC,4.65013896,5.14911065,4.64320879,5.0105074,422793.84522847
2015-09-01,EGX:EFIC,5.07980902,5.14911065,4.98971691,5.04515821,233548.64022472
2015-09-02,EGX:EFIC,4.98971691,5.04515821,4.9550661,4.98971691,231293.28181511
2015-09-03,EGX:EFIC,4.98971691,5.19762178,4.98971691,5.07980902,81107.76765578
2015-09-06,EGX:EFIC,5.12139,5.12139,5.05901854,5.0659487,85380.39481565
2015-09-07,EGX:EFIC,5.02436772,5.03129789,4.9550661,4.98971691,141706.63635069
2015-09-08,EGX:EFIC,4.98971691,4.99664707,4.94120578,4.98971691,231942.61724974
2015-09-09,EGX:EFIC,5.05208837,5.05901854,4.98971691,5.03822805,126548.26137117
2015-09-10,EGX:EFIC,5.00357724,5.46789812,5.00357724,5.30157422,84637.2664849
2015-09-13,EGX:EFIC,5.28078373,5.5441299,5.28078373,5.40552666,53760.64508444
2015-09-14,EGX:EFIC,5.39859649,5.4332473,5.33622503,5.40552666,133563.97000044
2015-09-15,EGX:EFIC,5.33622503,5.40552666,5.19762178,5.30850438,39209.75947821
2015-09-16,EGX:EFIC,5.20455195,5.46789812,5.19762178,5.36394568,48047.93622733
2015-09-17,EGX:EFIC,5.28771389,5.28771389,5.20455195,5.25999325,212438.02376109
2015-09-20,EGX:EFIC,5.15604081,5.32236471,5.00357724,5.14911065,111438.94729115
2015-09-21,EGX:EFIC,5.10752967,5.10752967,4.9550661,5.03129789,52441.77266833
2015-09-22,EGX:EFIC,5.00357724,5.00357724,4.71944058,4.85804383,194139.75121323
2015-09-28,EGX:EFIC,4.85111366,4.85111366,4.76102155,4.81646285,15729.790162
2015-09-29,EGX:EFIC,4.78181204,4.78181204,4.55311668,4.68478977,74239.24172503
2015-09-30,EGX:EFIC,4.90655496,4.90655496,4.67785961,4.71251042,3318.82555477
2015-10-01,EGX:EFIC,4.74716123,4.79567237,4.71251042,4.75409139,91566.39705622
2015-10-04,EGX:EFIC,4.74716123,4.74716123,4.66399928,4.69171993,9018.54770319
2015-10-05,EGX:EFIC,4.62241831,4.74716123,4.62241831,4.68478977,43840.24261093
2015-10-07,EGX:EFIC,4.78181204,4.85111366,4.64320879,4.71251042,40289.09926733
2015-10-08,EGX:EFIC,4.78181204,4.82339302,4.69865009,4.74716123,799598.86904121
2015-10-11,EGX:EFIC,4.7887422,4.87883431,4.7887422,4.80953269,16057.34381458
2015-10-12,EGX:EFIC,4.85111366,4.98278675,4.75409139,4.78181204,342557.63002273
2015-10-13,EGX:EFIC,4.96892643,4.99664707,4.89269464,4.96892643,49747.75209843
2015-10-15,EGX:EFIC,4.98971691,4.98971691,4.7887422,4.8441835,7503.43168905
2015-10-18,EGX:EFIC,4.85111366,4.87883431,4.7887422,4.83032318,8561.12696368
2015-10-19,EGX:EFIC,4.89269464,4.8996248,4.80953269,4.88576448,12822.21038249
2015-10-20,EGX:EFIC,4.85111366,4.8996248,4.83032318,4.85804383,126099.49843746
2015-10-21,EGX:EFIC,4.94813594,4.98278675,4.85111366,4.8996248,46896.44805659
2015-10-22,EGX:EFIC,4.8996248,4.8996248,4.8996248,4.8996248,0.0
2015-10-25,EGX:EFIC,4.80953269,5.02436772,4.80953269,4.89269464,8875.69390757
2015-10-26,EGX:EFIC,4.7887422,4.83032318,4.7887422,4.81646285,10119.5320068
2015-10-27,EGX:EFIC,4.81646285,4.81646285,4.81646285,4.81646285,1968.20785074
2015-10-28,EGX:EFIC,4.77488188,4.85111366,4.75409139,4.81646285,16015.49775323
2015-10-29,EGX:EFIC,4.81646285,4.85111366,4.81646285,4.81646285,4455.88404919
2015-11-01,EGX:EFIC,4.78181204,4.78181204,4.59469766,4.67092944,32892.44718308
2015-11-02,EGX:EFIC,4.64320879,4.77488188,4.60855798,4.67092944,181179.01593802
2015-11-03,EGX:EFIC,4.71251042,4.75409139,4.71251042,4.71944058,41910.99488627
2015-11-04,EGX:EFIC,4.71251042,4.71251042,4.71251042,4.71251042,6796.37754912
2015-11-05,EGX:EFIC,4.83032318,4.83725334,4.71251042,4.78181204,120744.64555321
2015-11-08,EGX:EFIC,4.71251042,4.71251042,4.60855798,4.65706912,27362.9952153
2015-11-09,EGX:EFIC,4.65706912,4.65706912,4.57390717,4.60855798,99621.04238089
2015-11-10,EGX:EFIC,4.64320879,4.65013896,4.46995473,4.62241831,112967.05001398
2015-11-11,EGX:EFIC,4.65013896,4.79567237,4.65013896,4.76795172,7792.02521556
2015-11-12,EGX:EFIC,4.64320879,4.65013896,4.64320879,4.64320879,3069.19215435
2015-11-15,EGX:EFIC,4.61548814,4.8441835,4.54618652,4.77488188,15989.52433585
2015-11-16,EGX:EFIC,4.76795172,4.80953269,4.60855798,4.67785961,165219.79392245
2015-11-17,EGX:EFIC,4.56697701,4.67785961,4.50460555,4.57390717,22909.99710137
2015-11-18,EGX:EFIC,4.62241831,4.67785961,4.57390717,4.62241831,23058.62276752
2015-11-19,EGX:EFIC,4.71944058,4.71944058,4.60855798,4.65706912,161075.59088188
2015-11-22,EGX:EFIC,4.65706912,4.65706912,4.64320879,4.64320879,717443.50688422
2015-11-23,EGX:EFIC,4.54618652,4.57390717,4.33828165,4.45609441,14790.41823323
2015-11-24,EGX:EFIC,4.3660023,4.50460555,4.3660023,4.43530392,239789.47523533
2015-11-25,EGX:EFIC,4.44223408,4.53925636,4.43530392,4.51846587,57357.96339229
2015-11-26,EGX:EFIC,4.46995473,4.53925636,4.46995473,4.51846587,82878.28894087
2015-11-29,EGX:EFIC,4.43530392,4.53925636,4.43530392,4.50460555,8441.36065019
2015-11-30,EGX:EFIC,4.57390717,4.57390717,4.46995473,4.49767538,3390.9739364
2015-12-01,EGX:EFIC,4.56004684,4.64320879,4.56004684,4.58776749,22077.40477741
2015-12-02,EGX:EFIC,4.67785961,4.82339302,4.60855798,4.74716123,37958.70654082
2015-12-03,EGX:EFIC,4.74023107,4.75409139,4.74023107,4.74716123,16319.96392369
2015-12-06,EGX:EFIC,4.71251042,4.74716123,4.71251042,4.7333009,25097.53603226
2015-12-07,EGX:EFIC,4.69171993,4.71251042,4.65013896,4.69865009,31745.28791523
2015-12-08,EGX:EFIC,4.58776749,4.64320879,4.58776749,4.59469766,6846.88141626
2015-12-09,EGX:EFIC,4.58083733,4.67785961,4.58083733,4.65013896,65894.55990622
2015-12-10,EGX:EFIC,4.58776749,4.63627863,4.56004684,4.60855798,58085.21907908
2015-12-13,EGX:EFIC,4.51846587,4.60855798,4.51846587,4.53925636,84057.19349663
2015-12-14,EGX:EFIC,4.53925636,4.57390717,4.53925636,4.54618652,24963.34004243
2015-12-15,EGX:EFIC,4.54618652,4.54618652,4.54618652,4.54618652,0.0
2015-12-16,EGX:EFIC,4.54618652,4.54618652,4.54618652,4.54618652,0.0
2015-12-17,EGX:EFIC,4.64320879,4.74716123,4.64320879,4.65013896,68324.51739937
2015-12-20,EGX:EFIC,4.70558025,4.71251042,4.65706912,4.67785961,24640.11529275
2015-12-21,EGX:EFIC,4.71251042,4.71251042,4.67785961,4.70558025,2911.90868241
2015-12-22,EGX:EFIC,4.61548814,4.64320879,4.60855798,4.63627863,64854.18024318
2015-12-24,EGX:EFIC,4.83032318,4.85111366,4.67785961,4.83725334,15902.9462779
2015-12-27,EGX:EFIC,4.67785961,4.71251042,4.66399928,4.70558025,24068.70011028
2015-12-28,EGX:EFIC,4.65706912,4.67785961,4.59469766,4.62934847,9307.14122969
2015-12-29,EGX:EFIC,4.70558025,4.71251042,4.70558025,4.71251042,20068.79383296
2015-12-30,EGX:EFIC,4.87883431,4.96892643,4.71251042,4.87190415,200648.97820348
2015-12-31,EGX:EFIC,4.97585659,4.98971691,4.78181204,4.88576448,70633.26561139
2016-01-03,EGX:EFIC,4.92041529,4.96199626,4.88576448,4.91348513,35352.70699651
2016-01-04,EGX:EFIC,4.85111366,4.85111366,4.74023107,4.79567237,28358.64288173
2016-01-05,EGX:EFIC,4.85111366,5.19069162,4.78181204,5.05901854,140291.0851032
2016-01-06,EGX:EFIC,4.97585659,4.98971691,4.88576448,4.93427561,19568.08406447
2016-01-10,EGX:EFIC,4.87190415,4.87190415,4.74716123,4.78181204,31023.80409898
2016-01-11,EGX:EFIC,4.7333009,4.79567237,4.67092944,4.71251042,44796.93015129
2016-01-12,EGX:EFIC,4.65013896,4.65013896,4.60855798,4.63627863,55121.3635619
2016-01-13,EGX:EFIC,4.69171993,4.69171993,4.24125938,4.40065311,34179.57431128
2016-01-14,EGX:EFIC,4.17195775,4.3660023,4.15809743,4.21353873,64447.26337082
2016-01-17,EGX:EFIC,4.1442371,4.4214436,3.87396077,4.24125938,48011.86203652
2016-01-18,EGX:EFIC,4.16502759,4.24125938,4.16502759,4.24125938,178.92798643
2016-01-19,EGX:EFIC,4.24818954,4.50460555,4.23432921,4.3660023,57430.11177392
2016-01-20,EGX:EFIC,4.23432921,4.23432921,4.15809743,4.18581808,27546.25210463
2016-01-21,EGX:EFIC,4.28977051,4.29670067,4.19274824,4.22739905,62769.09201421
2016-01-24,EGX:EFIC,4.46995473,4.49074522,4.24818954,4.35214197,12933.31889019
2016-01-26,EGX:EFIC,4.35907214,4.3660023,4.28284035,4.30363084,88911.3366124
2016-01-27,EGX:EFIC,4.35214197,4.41451344,4.30363084,4.35214197,58652.30535865
2016-01-28,EGX:EFIC,4.33135149,4.42837376,4.310561,4.37293246,45006.160458
2016-01-31,EGX:EFIC,4.38679279,4.43530392,4.26204986,4.32442132,52412.91331568
2016-02-01,EGX:EFIC,4.1996784,4.28977051,4.1996784,4.26898003,41341.02267143
2016-02-02,EGX:EFIC,4.35214197,4.35214197,4.24125938,4.28977051,33915.51123453
2016-02-03,EGX:EFIC,4.26898003,4.37986262,4.2551197,4.32442132,38065.48614563
2016-02-04,EGX:EFIC,4.37293246,4.50460555,4.33135149,4.40065311,86605.47433565
2016-02-07,EGX:EFIC,4.33135149,4.43530392,4.2551197,4.32442132,67913.27162411
2016-02-08,EGX:EFIC,4.30363084,4.40065311,4.28284035,4.35214197,32691.87468216
2016-02-09,EGX:EFIC,4.33135149,4.44916425,4.2551197,4.35214197,78061.66298355
2016-02-10,EGX:EFIC,4.45609441,4.45609441,4.33135149,4.35214197,54610.55301999
2016-02-11,EGX:EFIC,4.33135149,4.33135149,4.16502759,4.28284035,752178.62373401
2016-02-14,EGX:EFIC,4.310561,4.310561,4.21353873,4.23432921,6930.57353895
2016-02-15,EGX:EFIC,4.18581808,4.34521181,4.18581808,4.33135149,38815.82931453
2016-02-16,EGX:EFIC,4.29670067,4.32442132,4.26204986,4.29670067,11985.28915563
2016-02-17,EGX:EFIC,4.22739905,4.40065311,4.22739905,4.33135149,17892.79864313
2016-02-18,EGX:EFIC,4.43530392,4.43530392,4.31749116,4.41451344,23858.02683593
2016-02-21,EGX:EFIC,4.33828165,4.33828165,4.33135149,4.33828165,5173.03896255
2016-02-22,EGX:EFIC,4.40065311,4.40065311,4.3660023,4.38679279,7431.28330743
2016-02-23,EGX:EFIC,4.37293246,4.43530392,4.3660023,4.38679279,44198.0985838
2016-02-24,EGX:EFIC,4.42837376,4.42837376,4.34521181,4.37986262,4883.00246842
2016-02-25,EGX:EFIC,4.4214436,4.4214436,4.34521181,4.37293246,17621.52072822
2016-02-28,EGX:EFIC,4.31749116,4.42837376,4.31749116,4.40065311,6008.51722177
2016-02-29,EGX:EFIC,4.43530392,4.43530392,4.33135149,4.37986262,16187.2109015
2016-03-01,EGX:EFIC,4.44916425,4.45609441,4.34521181,4.41451344,3751.71584453
2016-03-02,EGX:EFIC,4.37293246,4.37293246,4.19274824,4.27591019,26579.46379084
2016-03-03,EGX:EFIC,4.29670067,4.33135149,4.29670067,4.32442132,16164.12341938
2016-03-06,EGX:EFIC,4.33135149,4.33135149,4.33135149,4.33135149,23482.85525148
2016-03-07,EGX:EFIC,4.38679279,4.38679279,4.29670067,4.31749116,5614.5870581
2016-03-08,EGX:EFIC,4.35214197,4.37293246,4.34521181,4.35907214,32805.86912513
2016-03-09,EGX:EFIC,4.34521181,4.37986262,4.33135149,4.34521181,27683.33402971
2016-03-10,EGX:EFIC,4.37293246,4.40065311,4.31749116,4.37293246,73415.30720687
2016-03-13,EGX:EFIC,4.40065311,4.40065311,4.33135149,4.35214197,45440.49371539
2016-03-14,EGX:EFIC,4.40065311,4.67092944,4.40065311,4.57390717,363106.93207731
2016-03-15,EGX:EFIC,4.65013896,4.71251042,4.4768849,4.51846587,247973.98764693
2016-03-16,EGX:EFIC,4.60855798,4.92041529,4.57390717,4.79567237,246405.48183039
2016-03-17,EGX:EFIC,4.86497399,5.09366935,4.85111366,4.92734545,221658.58693284
2016-03-20,EGX:EFIC,4.92041529,4.92041529,4.60855798,4.85111366,960258.88524493
2016-03-21,EGX:EFIC,4.66399928,4.76795172,4.66399928,4.69865009,17389.20293938
2016-03-22,EGX:EFIC,4.71944058,5.09366935,4.68478977,4.86497399,1108272.73311732
2016-03-23,EGX:EFIC,4.98971691,5.32236471,4.85111366,5.12139,369698.40822262
2016-03-24,EGX:EFIC,5.22534243,5.33622503,5.05901854,5.25306308,227192.36780351
2016-03-27,EGX:EFIC,5.12832016,5.14218048,4.86497399,5.03822805,95309.45509495
2016-03-28,EGX:EFIC,5.08673919,5.1768313,4.85111366,4.93427561,242278.59440141
2016-03-29,EGX:EFIC,5.14911065,5.2322726,5.03129789,5.13525032,59154.45809477
2016-03-30,EGX:EFIC,5.05901854,5.1768313,4.92041529,5.03822805,63821.01541831
2016-03-31,EGX:EFIC,5.05901854,5.12832016,4.92734545,5.09366935,41110.14785022
2016-04-03,EGX:EFIC,5.14911065,5.14911065,4.99664707,5.05901854,23116.34147282
2016-04-04,EGX:EFIC,5.12139,5.12139,4.87190415,5.01743756,92097.40914498
2016-04-05,EGX:EFIC,5.01743756,5.09366935,4.85111366,4.92041529,140327.15929401
2016-04-06,EGX:EFIC,4.92041529,5.0105074,4.64320879,4.85804383,306272.76593562
2016-04-07,EGX:EFIC,4.94120578,4.94120578,4.79567237,4.85111366,212109.02714088
2016-04-10,EGX:EFIC,4.90655496,4.90655496,4.78181204,4.80953269,49674.16074917
2016-04-11,EGX:EFIC,4.81646285,4.87883431,4.78181204,4.81646285,27992.12910307
2016-04-12,EGX:EFIC,4.8441835,4.92041529,4.77488188,4.82339302,21963.41033444
2016-04-13,EGX:EFIC,4.94813594,4.94813594,4.78181204,4.81646285,17315.61159013
2016-04-14,EGX:EFIC,4.81646285,4.8996248,4.78181204,4.85111366,86251.94726568
2016-04-17,EGX:EFIC,4.91348513,5.07980902,4.91348513,4.98278675,88068.64351501
2016-04-18,EGX:EFIC,4.97585659,5.01743756,4.96892643,4.98971691,28954.58851396
2016-04-19,EGX:EFIC,5.03822805,5.4886886,5.01743756,5.41938698,673945.24760219
2016-04-20,EGX:EFIC,5.5441299,5.78668559,5.44017747,5.5995712,738069.28622333
2016-04-21,EGX:EFIC,5.57185055,5.84212688,5.57185055,5.75896494,139091.97900058
2016-04-24,EGX:EFIC,5.78668559,5.81440624,5.5441299,5.58571088,32678.88797347
2016-04-26,EGX:EFIC,5.80054591,5.80054591,5.47482828,5.55106007,158579.25687764
2016-04-27,EGX:EFIC,5.8213364,5.8213364,5.44017747,5.53719974,161251.63293305
2016-04-28,EGX:EFIC,5.53719974,5.53719974,5.40552666,5.45403779,47213.90093574
2016-05-03,EGX:EFIC,5.44017747,5.44017747,5.30850438,5.38473617,28221.56095664
2016-05-04,EGX:EFIC,5.38473617,5.50947909,5.19762178,5.35008536,891826.14527311
2016-05-05,EGX:EFIC,5.46789812,5.46789812,5.35008536,5.37087584,56434.46410749
2016-05-08,EGX:EFIC,5.37087584,5.40552666,5.30157422,5.35008536,34026.61974223
2016-05-09,EGX:EFIC,5.34315519,5.37087584,5.26692341,5.33622503,240121.35779081
2016-05-10,EGX:EFIC,5.34315519,5.34315519,5.26692341,5.29464406,9778.99164552
2016-05-11,EGX:EFIC,5.34315519,5.34315519,5.19762178,5.26692341,60266.98613943
2016-05-12,EGX:EFIC,5.19762178,5.30157422,5.12832016,5.24613292,82227.51053861
2016-05-15,EGX:EFIC,5.19762178,5.30157422,5.19762178,5.25306308,45503.98429122
2016-05-16,EGX:EFIC,5.26692341,5.26692341,5.19762178,5.22534243,30663.06219085
2016-05-17,EGX:EFIC,5.2322726,5.32929487,5.2322726,5.28771389,47428.90311299
2016-05-18,EGX:EFIC,5.33622503,5.33622503,5.2322726,5.31543454,24643.00122801
2016-05-19,EGX:EFIC,5.32236471,5.32236471,5.19069162,5.25306308,11506.22390164
2016-05-22,EGX:EFIC,5.16297097,5.30850438,5.16297097,5.20455195,154250.35398011
2016-05-23,EGX:EFIC,5.16990113,5.32236471,5.16990113,5.23920276,2789.25643364
2016-05-24,EGX:EFIC,5.20455195,5.33622503,5.20455195,5.29464406,17153.99921528
2016-05-25,EGX:EFIC,5.2322726,5.2322726,5.2322726,5.2322726,7487.5590451
2016-05-26,EGX:EFIC,5.2322726,5.28078373,5.19762178,5.21148211,50337.92586013
2016-05-29,EGX:EFIC,5.16297097,5.25999325,5.16297097,5.18376146,41101.49004443
2016-05-30,EGX:EFIC,5.19762178,5.20455195,5.19762178,5.20455195,2210.62641301
2016-05-31,EGX:EFIC,5.16990113,5.19762178,5.16297097,5.16990113,24257.72887013
2016-06-01,EGX:EFIC,5.18376146,5.21841227,5.18376146,5.19762178,12673.58471634
2016-06-02,EGX:EFIC,5.32236471,5.32236471,5.32236471,5.32236471,2885.93526502
2016-06-05,EGX:EFIC,5.26692341,5.26692341,5.26692341,5.26692341,5771.87053004
2016-06-06,EGX:EFIC,5.32929487,5.33622503,5.32929487,5.33622503,4906.08995054
2016-06-07,EGX:EFIC,5.30850438,5.30850438,5.22534243,5.26692341,4708.40338488
2016-06-08,EGX:EFIC,5.26692341,5.26692341,5.19762178,5.2322726,17728.30033302
2016-06-09,EGX:EFIC,5.16990113,5.2322726,5.12832016,5.15604081,8628.94644241
2016-06-12,EGX:EFIC,5.09366935,5.15604081,5.09366935,5.15604081,80.80618742
2016-06-13,EGX:EFIC,4.99664707,5.15604081,4.99664707,5.15604081,1494.91446728
2016-06-14,EGX:EFIC,5.02436772,5.02436772,4.9550661,5.00357724,2885.93526502
2016-06-15,EGX:EFIC,4.9550661,4.9550661,4.81646285,4.94813594,13829.40178998
2016-06-16,EGX:EFIC,4.83032318,4.90655496,4.81646285,4.85111366,4070.61169131
2016-06-19,EGX:EFIC,5.08673919,5.08673919,4.85111366,4.85111366,72.14838163
2016-06-20,EGX:EFIC,4.85111366,4.85111366,4.51153571,4.83725334,35416.19757234
2016-06-21,EGX:EFIC,4.58776749,4.83725334,4.57390717,4.83725334,216.44514488
2016-06-22,EGX:EFIC,4.53925636,4.83725334,4.53925636,4.83725334,240.97559463
2016-06-23,EGX:EFIC,4.44223408,4.81646285,4.44223408,4.76102155,3356.34271322
2016-06-26,EGX:EFIC,4.50460555,4.50460555,4.3660023,4.4214436,11361.92713839
2016-06-27,EGX:EFIC,4.50460555,4.61548814,4.50460555,4.53925636,2453.04497527
2016-06-28,EGX:EFIC,4.57390717,4.57390717,4.57390717,4.57390717,2849.86107421
2016-06-29,EGX:EFIC,4.88576448,4.91348513,4.56004684,4.85111366,16599.8996444
2016-07-03,EGX:EFIC,4.85111366,4.85111366,4.57390717,4.71944058,12084.85392228
2016-07-04,EGX:EFIC,4.83725334,4.83725334,4.64320879,4.71251042,16161.23748412
2016-07-10,EGX:EFIC,4.74716123,4.74716123,4.71251042,4.71251042,1878.74385753
2016-07-11,EGX:EFIC,4.64320879,4.67092944,4.64320879,4.64320879,13787.55572864
2016-07-12,EGX:EFIC,4.64320879,4.64320879,4.63627863,4.64320879,21026.92434094
2016-07-13,EGX:EFIC,4.60855798,4.64320879,4.60855798,4.62934847,13839.50256341
2016-07-14,EGX:EFIC,4.62934847,4.64320879,4.62934847,4.64320879,12155.55933627
2016-07-17,EGX:EFIC,4.57390717,4.67785961,4.57390717,4.64320879,80254.97378497
2016-07-18,EGX:EFIC,4.64320879,4.78181204,4.64320879,4.67092944,18162.63359041
2016-07-19,EGX:EFIC,4.65706912,4.65706912,4.61548814,4.64320879,14429.67632511
2016-07-20,EGX:EFIC,4.62241831,4.64320879,4.44223408,4.62241831,19865.33539677
2016-07-21,EGX:EFIC,4.64320879,4.64320879,4.44916425,4.58083733,9519.25747167
2016-07-24,EGX:EFIC,4.60855798,4.60855798,4.43530392,4.46302457,25273.57808342
2016-07-25,EGX:EFIC,4.4214436,4.46302457,4.4214436,4.46302457,108.22257244
2016-07-26,EGX:EFIC,4.65013896,4.65706912,4.57390717,4.64320879,25980.63222335
2016-07-27,EGX:EFIC,4.65706912,4.74023107,4.65013896,4.67785961,12125.25701599
2016-07-28,EGX:EFIC,4.60162782,4.60855798,4.53925636,4.59469766,25954.65880597
2016-07-31,EGX:EFIC,4.54618652,4.54618652,4.51846587,4.52539603,7815.11269768
2016-08-01,EGX:EFIC,4.40758327,4.60855798,4.40758327,4.52539603,85640.1289895
2016-08-02,EGX:EFIC,4.50460555,4.53925636,4.43530392,4.49767538,23195.70469261
2016-08-03,EGX:EFIC,4.39372295,4.56004684,4.39372295,4.51153571,314181.67152941
2016-08-04,EGX:EFIC,4.51153571,4.56004684,4.48381506,4.52539603,201622.98135543
2016-08-07,EGX:EFIC,4.50460555,4.60162782,4.49074522,4.53925636,237265.72484607
2016-08-08,EGX:EFIC,4.56004684,4.60162782,4.50460555,4.53925636,77335.8502644
2016-08-09,EGX:EFIC,4.50460555,4.5323262,4.4768849,4.49767538,53692.82560572
2016-08-10,EGX:EFIC,4.56004684,4.56004684,4.48381506,4.50460555,145204.3898919
2016-08-11,EGX:EFIC,4.50460555,4.50460555,4.43530392,4.46302457,73165.67380644
2016-08-14,EGX:EFIC,4.43530392,4.5323262,4.43530392,4.44223408,35497.00375976
2016-08-15,EGX:EFIC,4.4768849,4.4768849,4.40065311,4.44223408,47238.4313855
2016-08-16,EGX:EFIC,4.43530392,4.44223408,4.3660023,4.37293246,41485.31943468
2016-08-17,EGX:EFIC,4.35907214,4.43530392,4.33828165,4.38679279,41957.16985051
2016-08-18,EGX:EFIC,4.35907214,4.35907214,4.34521181,4.35214197,12409.52163959
2016-08-21,EGX:EFIC,4.3660023,4.3660023,4.35214197,4.3660023,32394.62334986
2016-08-22,EGX:EFIC,4.3660023,4.3660023,4.29670067,4.33828165,53401.34614395
2016-08-23,EGX:EFIC,4.37986262,4.42837376,4.26898003,4.33135149,97898.13902767
2016-08-24,EGX:EFIC,4.27591019,4.29670067,4.26898003,4.29670067,106674.2681686
2016-08-25,EGX:EFIC,4.29670067,4.310561,4.26898003,4.28977051,20208.76169331
2016-08-28,EGX:EFIC,4.29670067,4.29670067,4.15809743,4.20660856,103923.97186104
2016-08-29,EGX:EFIC,4.16502759,4.42837376,4.16502759,4.33135149,212282.18325678
2016-08-30,EGX:EFIC,4.37293246,4.42837376,4.26204986,4.30363084,199109.33173959
2016-08-31,EGX:EFIC,4.29670067,4.37986262,4.29670067,4.34521181,151159.51731127
2016-09-01,EGX:EFIC,4.34521181,4.35214197,4.33135149,4.34521181,96462.38623333
2016-09-04,EGX:EFIC,4.39372295,4.77488188,4.39372295,4.62241831,574657.53074441
2016-09-05,EGX:EFIC,4.78181204,5.07980902,4.77488188,5.03129789,844296.23442585
2016-09-06,EGX:EFIC,5.36394568,5.53026958,5.25999325,5.53026958,1375967.75939777
2016-09-07,EGX:EFIC,6.05696192,6.0777531,5.45403779,5.70352364,1576660.02663023
2016-09-08,EGX:EFIC,5.5441299,5.64808234,5.27385357,5.44710763,445928.94528052
2016-09-14,EGX:EFIC,5.47482828,5.55799092,5.23920276,5.36394568,497673.76458234
2016-09-15,EGX:EFIC,5.32236471,5.40552666,5.19762178,5.28771389,679577.15027188
2016-09-18,EGX:EFIC,5.16990113,5.35008536,5.12832016,5.2322726,540252.85348246
2016-09-19,EGX:EFIC,5.25306308,5.28771389,5.10059951,5.19762178,569602.81512773
2016-09-20,EGX:EFIC,5.14911065,5.23920276,4.98971691,5.07980902,428021.71696106
2016-09-21,EGX:EFIC,4.98971691,5.10752967,4.81646285,4.92734545,451288.12706766
2016-09-22,EGX:EFIC,4.92041529,5.12832016,4.85111366,4.98971691,807714.11900645
2016-09-25,EGX:EFIC,4.98971691,5.26692341,4.98971691,5.14218048,1171401.12407202
2016-09-26,EGX:EFIC,5.14218048,5.33622503,5.11445984,5.25306308,1669147.03703599
2016-09-27,EGX:EFIC,5.25306308,5.30157422,5.10752967,5.22534243,990851.24202178
2016-09-28,EGX:EFIC,5.22534243,5.52333942,5.22534243,5.40552666,2629938.37733731
2016-09-29,EGX:EFIC,5.40552666,5.47482828,5.21841227,5.30157422,1198938.71837085
2016-10-03,EGX:EFIC,5.30157422,5.49561877,5.13525032,5.30157422,1561269.33386187
2016-10-04,EGX:EFIC,5.30157422,5.30157422,4.97585659,5.0659487,856542.70072297
2016-10-05,EGX:EFIC,5.0659487,5.16297097,4.92734545,5.01743756,908923.86875073
2016-10-09,EGX:EFIC,5.01743756,5.02436772,4.87190415,4.96199626,506051.6346567
2016-10-10,EGX:EFIC,4.96199626,4.96199626,4.57390717,4.76795172,369288.60541498
2016-10-11,EGX:EFIC,4.76795172,4.76795172,4.40758327,4.50460555,350104.35074076
2016-10-12,EGX:EFIC,4.50460555,4.85111366,4.50460555,4.72637074,912303.29894607
2016-10-13,EGX:EFIC,4.72637074,4.99664707,4.72637074,4.91348513,1647782.45826904
2016-10-16,EGX:EFIC,4.91348513,5.02436772,4.69865009,4.85804383,374741.58009824
2016-10-17,EGX:EFIC,4.85804383,4.86497399,4.53925636,4.65706912,740313.10089188
2016-10-18,EGX:EFIC,4.65706912,4.69865009,4.50460555,4.57390717,200992.40450002
2016-10-19,EGX:EFIC,4.57390717,4.57390717,4.40065311,4.48381506,472245.78896224
2016-10-20,EGX:EFIC,4.48381506,4.56697701,4.44223408,4.49074522,548681.22742396
2016-10-23,EGX:EFIC,4.49074522,4.51846587,4.35214197,4.42837376,407667.21553687
2016-10-24,EGX:EFIC,4.42837376,4.51153571,4.29670067,4.35907214,364523.92629244
2016-10-25,EGX:EFIC,4.35907214,4.43530392,4.28977051,4.33135149,417535.67117561
2016-10-26,EGX:EFIC,4.33135149,4.40065311,4.24818954,4.34521181,355159.06635744
2016-10-27,EGX:EFIC,4.34521181,4.65706912,4.34521181,4.57390717,541150.37934988
2016-10-30,EGX:EFIC,4.57390717,5.00357724,4.57390717,4.88576448,1381313.95447622
2016-10-31,EGX:EFIC,4.88576448,4.97585659,4.7333009,4.85804383,501838.16916977
2016-11-01,EGX:EFIC,4.85804383,4.92041529,4.71944058,4.79567237,405748.06858563
2016-11-02,EGX:EFIC,4.79567237,4.90655496,4.43530392,4.65706912,744484.72031747
2016-11-03,EGX:EFIC,4.65706912,4.90655496,4.50460555,4.71251042,832756.82226867
2016-11-06,EGX:EFIC,4.71251042,4.80260253,4.49074522,4.65013896,1628940.18692372
2016-11-07,EGX:EFIC,4.65013896,4.82339302,4.65013896,4.75409139,971856.01610741
2016-11-08,EGX:EFIC,4.75409139,4.87883431,4.57390717,4.71251042,996872.74595225
2016-11-09,EGX:EFIC,4.71251042,4.86497399,4.51153571,4.75409139,771328.24718506
2016-11-10,EGX:EFIC,4.75409139,5.18376146,4.75409139,4.99664707,1796513.4610548
2016-11-13,EGX:EFIC,4.99664707,5.36394568,4.98971691,5.15604081,1835550.0644171
2016-11-14,EGX:EFIC,5.15604081,5.32929487,5.05901854,5.21841227,1278541.47078593
2016-11-15,EGX:EFIC,5.21841227,5.4332473,5.05901854,5.33622503,1687399.13461962
2016-11-16,EGX:EFIC,5.33622503,5.47482828,5.30157422,5.39166633,1666770.46934525
2016-11-17,EGX:EFIC,5.39166633,5.49561877,5.08673919,5.32929487,1549578.41010327
2016-11-20,EGX:EFIC,5.32929487,5.32929487,5.02436772,5.15604081,565936.23437352
2016-11-21,EGX:EFIC,5.15604081,5.33622503,5.12832016,5.25999325,893905.46163156
2016-11-22,EGX:EFIC,5.25999325,5.77975542,5.25999325,5.5441299,3710483.04442831
2016-11-23,EGX:EFIC,5.5441299,5.81440624,5.5441299,5.66887283,1992067.32054788
2016-11-24,EGX:EFIC,5.66887283,5.86984753,5.44017747,5.66194266,1667577.08825182
2016-11-27,EGX:EFIC,5.66194266,5.66194266,5.4332473,5.52333942,828954.602557
2016-11-28,EGX:EFIC,5.52333942,5.80054591,5.50947909,5.64808234,1750039.80251453
2016-11-29,EGX:EFIC,5.64808234,6.20942549,5.52333942,5.95300948,5089040.93072644
2016-11-30,EGX:EFIC,5.95300948,6.23714614,5.8213364,6.04310159,2478875.53885742
2016-12-01,EGX:EFIC,6.04310159,6.04310159,5.77282526,5.89063802,1728867.1384427
2016-12-04,EGX:EFIC,5.89063802,6.09854289,5.8213364,5.98766029,1925822.11950696
2016-12-05,EGX:EFIC,5.98766029,6.18170484,5.75896494,5.98766029,2517143.0404716
2016-12-06,EGX:EFIC,5.98766029,6.02924127,5.81440624,5.91835867,2181009.50234881
2016-12-07,EGX:EFIC,5.91835867,5.99459046,5.61343153,5.75896494,1849883.06191083
2016-12-08,EGX:EFIC,5.75896494,5.77975542,5.58571088,5.69659348,1427905.93636236
2016-12-12,EGX:EFIC,5.69659348,6.21635565,5.61343153,5.85598721,2547269.31870315
2016-12-13,EGX:EFIC,5.85598721,6.09161273,5.77282526,5.90449904,2090946.67756567
2016-12-14,EGX:EFIC,5.90449904,5.90449904,5.58571088,5.72431412,1239501.98148836
2016-12-15,EGX:EFIC,5.72431412,5.75203477,5.57185055,5.66887283,894196.94109333
2016-12-18,EGX:EFIC,5.66887283,6.02231111,5.66887283,5.92528883,2211003.02755817
2016-12-19,EGX:EFIC,5.92528883,6.03617143,5.91835867,5.98766029,1938335.53481609
2016-12-20,EGX:EFIC,5.98766029,6.03617143,5.8213364,5.932219,1317654.55143276
2016-12-21,EGX:EFIC,5.932219,6.188635,5.85598721,6.0777531,2467962.37465274
2016-12-22,EGX:EFIC,6.0777531,6.16091435,5.92528883,6.00845078,1452850.51782557
2016-12-25,EGX:EFIC,6.00845078,6.06389208,5.80747607,5.89756818,728395.63121498
2016-12-26,EGX:EFIC,5.89756818,6.11933338,5.81440624,5.98073013,1344961.27091039
2016-12-27,EGX:EFIC,5.98073013,6.45198117,5.98073013,6.2995176,3549918.26408834
2016-12-28,EGX:EFIC,6.2995176,6.44505101,6.2440763,6.32030809,1748221.66329757
2016-12-29,EGX:EFIC,6.32030809,6.50049231,6.26486679,6.36188906,1924402.23935657
2017-01-02,EGX:EFIC,6.36188906,6.52821296,6.33416841,6.43812085,1207928.4067214
2017-01-03,EGX:EFIC,6.43812085,6.48663199,6.27179695,6.3549589,1074270.64382485
2017-01-04,EGX:EFIC,6.3549589,6.43812085,6.26486679,6.34109858,1430216.12754201
2017-01-05,EGX:EFIC,6.34109858,6.5212828,6.31337793,6.41733036,1521121.64542253
2017-01-08,EGX:EFIC,6.41733036,6.82620994,6.41733036,6.65295588,2747784.10091681
2017-01-09,EGX:EFIC,6.65295588,6.70839718,6.49356215,6.59751528,1460439.08460494
2017-01-10,EGX:EFIC,6.59751528,6.79155913,6.54900345,6.66681621,1113434.22833881
2017-01-11,EGX:EFIC,6.66681621,6.66681621,6.37574939,6.50049231,1143222.85214436
2017-01-12,EGX:EFIC,6.50049231,6.55593361,6.4104002,6.4658415,771914.09204386
2017-01-15,EGX:EFIC,6.4658415,6.70146702,6.4658415,6.61137491,1338016.26769511
2017-01-16,EGX:EFIC,6.61137491,7.11727676,6.61137491,6.93709254,4204154.01679807
2017-01-17,EGX:EFIC,6.93709254,7.03411481,6.78462897,6.86779092,1386996.36101305
2017-01-18,EGX:EFIC,6.86779092,6.92323222,6.50049231,6.6876067,1442905.5849023
2017-01-19,EGX:EFIC,6.6876067,6.6876067,6.02231111,6.22328582,1499026.92503353
2017-01-22,EGX:EFIC,6.22328582,6.22328582,5.75896494,6.00152062,467335.37010881
2017-01-23,EGX:EFIC,6.00152062,6.41733036,6.00152062,6.28565728,1403141.72585321
2017-01-24,EGX:EFIC,6.28565728,6.56286377,6.16784452,6.4104002,1142683.1822498
2017-01-26,EGX:EFIC,6.4104002,6.71532734,6.4104002,6.5767241,1235346.23470673
2017-01-29,EGX:EFIC,6.5767241,7.03411481,6.5767241,6.86086075,1850266.89130108
2017-01-30,EGX:EFIC,6.86086075,6.86086075,6.28565728,6.50742247,1098148.87220763
2017-01-31,EGX:EFIC,6.50742247,6.50742247,6.16784452,6.27872711,859632.09442417
2017-02-01,EGX:EFIC,6.27872711,6.52821296,6.27179695,6.45198117,900128.98103058
2017-02-02,EGX:EFIC,6.45198117,6.75690832,6.3549589,6.64602572,943891.30338936
2017-02-05,EGX:EFIC,6.64602572,7.03411481,6.64602572,6.84700043,2707222.28076694
2017-02-06,EGX:EFIC,6.84700043,7.79643268,6.84700043,7.56773732,6719129.71988564
2017-02-07,EGX:EFIC,7.56773732,8.91218882,7.56773732,8.41321713,4730463.47404758
2017-02-08,EGX:EFIC,8.41321713,8.41321713,7.9211756,8.12908047,1816048.35686372
2017-02-09,EGX:EFIC,8.12908047,8.30926469,8.01126771,8.14987096,2001150.80179454
2017-02-12,EGX:EFIC,8.14987096,8.26768372,7.84494381,8.07363917,1233313.09331252
2017-02-13,EGX:EFIC,8.07363917,8.17759161,7.59545797,7.8657343,1733874.23612752
2017-02-14,EGX:EFIC,7.8657343,8.61419184,7.8657343,8.33005518,3040319.81499093
2017-02-15,EGX:EFIC,8.33005518,8.93990947,8.26075355,8.53796005,2256504.12591413
2017-02-16,EGX:EFIC,8.53796005,9.09237304,8.53796005,8.94683963,1328543.18518768
2017-02-19,EGX:EFIC,8.94683963,8.94683963,8.42014729,8.69042362,1304260.9258678
2017-02-20,EGX:EFIC,8.69042362,8.71121411,8.22610274,8.49637908,1547859.83565295
2017-02-21,EGX:EFIC,8.49637908,8.75972525,8.31619485,8.53796005,1471764.93755251
2017-02-22,EGX:EFIC,8.53796005,8.53796005,8.15680112,8.27461388,1426845.35515246
2017-02-23,EGX:EFIC,8.27461388,8.35084567,7.47071504,7.91424544,1509253.23664514
2017-02-26,EGX:EFIC,7.91424544,7.93503592,7.62317862,7.7548517,643243.22528527
2017-02-27,EGX:EFIC,7.7548517,7.90038511,7.36676261,7.59545797,614774.91686347
2017-02-28,EGX:EFIC,7.59545797,7.59545797,7.19350855,7.36676261,651572.03446012
2017-03-01,EGX:EFIC,7.36676261,7.59545797,7.31132131,7.44299439,375835.34956369
2017-03-02,EGX:EFIC,7.44299439,7.74792154,7.42220391,7.65089927,906887.84142126
2017-03-05,EGX:EFIC,7.65089927,7.96968674,7.65089927,7.83801365,1020168.0154115
2017-03-06,EGX:EFIC,7.83801365,8.17759161,7.83801365,8.05977885,1404065.22513802
2017-03-07,EGX:EFIC,8.05977885,8.30926469,7.99047722,8.18452177,1950889.35321893
2017-03-08,EGX:EFIC,8.18452177,8.60033151,8.17759161,8.41321713,2311856.36429723
2017-03-09,EGX:EFIC,8.41321713,9.25176678,8.41321713,9.1547445,4998644.78042019
2017-03-12,EGX:EFIC,9.1547445,9.45967165,8.83595703,9.12702385,1668763.20764574
2017-03-13,EGX:EFIC,9.12494418,9.6779711,9.01579413,9.41601098,1925182.81026898
2017-03-14,EGX:EFIC,9.41601098,9.42328765,9.0230708,9.21226422,730019.3632527
2017-03-15,EGX:EFIC,9.21226422,9.26320091,8.98668745,9.13949752,725069.29680747
2017-03-16,EGX:EFIC,9.13949752,9.3869043,9.13949752,9.3141376,743794.89519244
2017-03-19,EGX:EFIC,9.3141376,10.187338,9.3141376,9.87444119,2185828.13292344
2017-03-20,EGX:EFIC,9.87444119,10.5511715,9.84533451,10.187338,1847468.69103587
2017-03-21,EGX:EFIC,10.187338,10.54389483,9.9690379,10.187338,1424809.70004137
2017-03-22,EGX:EFIC,10.187338,10.187338,9.6052044,9.84533451,1304508.7931705
2017-03-23,EGX:EFIC,9.84533451,9.9690379,9.6779711,9.8235045,933143.86937981
2017-03-26,EGX:EFIC,9.8235045,10.59483152,9.8235045,10.26738137,2052306.89312556
2017-03-27,EGX:EFIC,10.26738137,10.6967049,10.187338,10.30376472,1363890.35094349
2017-03-28,EGX:EFIC,10.30376472,10.3328714,9.90354787,10.10001796,1025419.59440238
2017-03-29,EGX:EFIC,10.10001796,10.2601047,9.8962712,10.03452793,1193958.22539706
2017-03-30,EGX:EFIC,10.03452793,10.22372135,10.03452793,10.12184797,585093.18135906
2017-04-02,EGX:EFIC,10.12184797,10.25282803,9.9690379,10.07091128,517925.09485795
2017-04-03,EGX:EFIC,10.07091128,10.71853491,10.07091128,10.4784048,2016239.57112251
2017-04-04,EGX:EFIC,10.4784048,10.88589832,10.4056381,10.63849154,1089910.63219852
2017-04-05,EGX:EFIC,10.63849154,10.63849154,10.25282803,10.36197808,665940.60195117
2017-04-06,EGX:EFIC,10.36197808,10.7694716,10.36197808,10.60210819,1316992.52542715
2017-04-09,EGX:EFIC,10.60210819,10.6239382,10.00542125,10.26738137,1715556.70382194
2017-04-10,EGX:EFIC,10.26738137,10.26738137,10.00542125,10.12184797,806191.56839598
2017-04-11,EGX:EFIC,10.12184797,10.43474478,10.12184797,10.27465804,638524.21505991
2017-04-12,EGX:EFIC,10.27465804,10.4056381,10.08546462,10.24555136,1232199.61878167
2017-04-13,EGX:EFIC,10.24555136,10.24555136,10.04908127,10.13640131,297170.27156653
2017-04-18,EGX:EFIC,10.13640131,10.3328714,9.83805784,10.06363461,545565.48531128
2017-04-19,EGX:EFIC,10.06363461,10.06363461,9.56882105,9.80167449,466056.58907165
2017-04-20,EGX:EFIC,9.80167449,9.80167449,9.51060769,9.59065106,241047.0723559
2017-04-23,EGX:EFIC,9.59065106,9.70707778,8.89209074,9.14677419,601478.42350965
2017-04-24,EGX:EFIC,9.14677419,9.3869043,9.0958375,9.14677419,234188.16574065
2017-04-26,EGX:EFIC,9.14677419,9.5324377,9.14677419,9.40873431,388371.32919316
2017-04-27,EGX:EFIC,9.40873431,9.59792773,9.11766751,9.28503092,529383.63289802
2017-04-30,EGX:EFIC,9.28503092,9.30686093,8.8775374,9.08856083,535081.29405346
2017-05-02,EGX:EFIC,9.08856083,9.64158775,9.08856083,9.48877768,897670.22552899
2017-05-03,EGX:EFIC,9.48877768,9.6052044,9.35779762,9.459671,273129.05491111
2017-05-04,EGX:EFIC,9.459671,10.2601047,9.39418097,9.94720789,1876424.24350699
2017-05-07,EGX:EFIC,9.94720789,10.28193471,9.83805784,10.06363461,1252122.19325598
2017-05-08,EGX:EFIC,10.06363461,10.32559473,10.06363461,10.19461467,425935.21487164
2017-05-09,EGX:EFIC,10.19461467,10.34014807,10.0418046,10.23827469,471875.18466551
2017-05-10,EGX:EFIC,10.23827469,10.50751148,10.07818795,10.27465804,552502.7244605
2017-05-11,EGX:EFIC,10.27465804,10.27465804,9.97631457,10.16550799,353905.01424415
2017-05-14,EGX:EFIC,10.16550799,10.3328714,10.04908127,10.18006133,377689.24521794
2017-05-15,EGX:EFIC,10.18006133,10.4784048,10.17278466,10.34014807,538497.69193876
2017-05-16,EGX:EFIC,10.34014807,10.915005,10.34014807,10.66032155,1595226.93759646
2017-05-17,EGX:EFIC,10.66032155,11.25700849,10.66032155,11.10419842,1475532.07717266
2017-05-18,EGX:EFIC,11.10419842,11.43892524,10.87134498,11.12602843,1598222.81345725
2017-05-21,EGX:EFIC,11.12602843,12.23208154,11.09692175,11.82458875,1594057.44660676
2017-05-22,EGX:EFIC,11.82458875,12.10110148,10.95138835,11.53352195,1182169.86616131
2017-05-23,EGX:EFIC,11.53352195,12.68323581,11.4971386,12.34123159,1625618.58652378
2017-05-24,EGX:EFIC,12.34123159,13.098006,11.80275801,12.31212564,2078820.39449364
2017-05-25,EGX:EFIC,12.31212564,12.31212564,11.84641949,11.97739809,719955.69401938
2017-05-28,EGX:EFIC,11.97739809,12.32667971,11.642672,12.11565555,692330.42037086
2017-05-29,EGX:EFIC,12.11565555,12.50859646,12.11565555,12.31212564,479358.0030426
2017-05-30,EGX:EFIC,12.31212564,12.57408649,12.24663561,12.40672162,734187.47861316
2017-05-31,EGX:EFIC,12.40672162,12.40672162,11.9337388,12.10837815,281311.36907404
2017-06-01,EGX:EFIC,12.10837815,12.37761567,11.89007878,12.05744219,507434.03232523
2017-06-04,EGX:EFIC,12.05744219,12.11565555,11.65722534,11.82458875,436516.97823318
2017-06-05,EGX:EFIC,11.82458875,11.9337388,11.69360869,11.81003541,325048.40813174
2017-06-06,EGX:EFIC,11.81003541,12.0065055,11.64994867,11.78092946,561244.36040112
2017-06-07,EGX:EFIC,11.78092946,12.22480487,11.7154387,12.03561291,653533.82797351
2017-06-08,EGX:EFIC,12.03561291,12.68323581,12.03561291,12.42855236,1296678.28828296
2017-06-11,EGX:EFIC,12.42855236,12.6614058,12.23935894,12.39944641,432287.02139852
2017-06-12,EGX:EFIC,12.39944641,12.58863837,12.07199553,12.2902949,450754.25984688
2017-06-13,EGX:EFIC,12.2902949,12.58863837,12.02833624,12.39944641,877948.29228205
2017-06-14,EGX:EFIC,12.39944641,12.58863837,12.22480487,12.35578566,359233.00080944
2017-06-15,EGX:EFIC,12.35578566,12.370339,12.10110148,12.20297559,264337.94579114
2017-06-18,EGX:EFIC,12.20297559,12.32667971,12.02833624,12.15203963,110998.57489758
2017-06-19,EGX:EFIC,12.15203963,12.22480487,11.98467476,12.0792722,260736.02348327
2017-06-20,EGX:EFIC,12.0792722,12.18842225,11.87552544,11.95556881,158679.72575368
2017-06-21,EGX:EFIC,11.95556881,12.15203963,11.89735545,12.0065055,127118.58583665
2017-06-22,EGX:EFIC,12.0065055,12.21025299,11.9337388,11.99195216,153967.40542034
2017-06-28,EGX:EFIC,11.99195216,12.83604515,11.94829214,12.48676572,1001577.64471936
2017-07-02,EGX:EFIC,12.48676572,12.98885595,12.48676572,12.72689583,634937.40955684
2017-07-03,EGX:EFIC,12.72689583,12.8069392,12.52314834,12.61774578,297482.22744745
2017-07-04,EGX:EFIC,12.61774578,12.79238586,12.2975723,12.47948905,355927.91757768
2017-07-05,EGX:EFIC,12.47948905,12.63957652,12.31940231,12.49404239,307004.44021785
2017-07-06,EGX:EFIC,12.49404239,12.50859646,12.30484897,12.40672162,318468.47527784
2017-07-09,EGX:EFIC,12.40672162,12.64685173,12.15203963,12.4503831,480122.0888126
2017-07-10,EGX:EFIC,12.4503831,13.4618395,12.4503831,13.11983674,2259143.26195911
2017-07-11,EGX:EFIC,13.11983674,13.60737363,13.06889859,13.36724352,1688181.54458014
2017-07-12,EGX:EFIC,13.36724352,13.43273209,13.11983674,13.25809201,475947.10217723
2017-07-13,EGX:EFIC,13.25809201,13.7529063,13.24354013,13.45456283,1365331.94441963
2017-07-16,EGX:EFIC,13.45456283,13.4618395,12.95247187,13.15621936,502202.24360868
2017-07-17,EGX:EFIC,13.15621936,13.60737363,13.13438862,13.37451873,798649.65705467
2017-07-18,EGX:EFIC,13.37451873,13.37451873,12.52314834,12.85787589,985625.29288809
2017-07-19,EGX:EFIC,12.85787589,13.36724352,12.78510919,13.11255934,893422.40337957
2017-07-20,EGX:EFIC,13.11255934,13.3890728,12.95974854,13.13438862,223174.88631476
2017-07-24,EGX:EFIC,13.13438862,13.5346062,13.04706931,13.34541278,671415.63379953
2017-07-25,EGX:EFIC,13.34541278,13.58554289,13.21443272,13.3890728,498842.19017765
2017-07-26,EGX:EFIC,13.3890728,13.49094691,13.20715605,13.30175349,227374.6095398
2017-07-27,EGX:EFIC,13.30175349,13.3890728,13.03251597,13.16349603,284161.57390675
2017-07-30,EGX:EFIC,13.16349603,13.24354013,12.91608925,13.0252393,278790.98543702
2017-07-31,EGX:EFIC,13.0252393,13.30175349,12.67595914,12.90881258,904405.44919585
2017-08-01,EGX:EFIC,12.90881258,12.90881258,12.63957652,12.70506509,629783.95337428
2017-08-02,EGX:EFIC,12.70506509,12.98885595,12.67595914,12.85787589,742799.93458546
2017-08-03,EGX:EFIC,12.85787589,12.98157928,12.77783179,12.88698184,345645.74180223
2017-08-06,EGX:EFIC,12.88698184,12.95247187,12.54497908,12.69778988,522061.60235382
2017-08-07,EGX:EFIC,12.69778988,12.7341725,12.50131906,12.61046911,286556.9003404
2017-08-08,EGX:EFIC,12.61046911,12.87242996,12.55225575,12.69051321,519097.33435761
2017-08-09,EGX:EFIC,12.69051321,13.098006,12.69051321,13.01068523,464746.92407379
2017-08-10,EGX:EFIC,13.01068523,13.08345266,12.57408649,12.67595914,210913.78336519
2017-08-13,EGX:EFIC,12.67595914,12.7341725,12.51587313,12.56680909,205195.50838502
2017-08-14,EGX:EFIC,12.56680909,12.72689583,12.20297559,12.32667971,157449.76754477
2017-08-15,EGX:EFIC,12.32667971,12.45765977,11.91918473,12.09382627,169213.39019084
2017-08-16,EGX:EFIC,12.09382627,12.09382627,11.79548134,11.97739809,101297.70897952
2017-08-17,EGX:EFIC,11.97739809,12.0065055,11.4971386,11.62084199,347928.37932736
2017-08-20,EGX:EFIC,11.62084199,11.78820613,11.3516052,11.56262863,200885.84476141
2017-08-21,EGX:EFIC,11.56262863,11.86097137,11.46075525,11.69360869,246298.10064219
2017-08-22,EGX:EFIC,11.69360869,11.7227161,11.59173531,11.642672,53316.97053735
2017-08-23,EGX:EFIC,11.642672,11.70816203,11.53352195,11.62811866,362970.97436052
2017-08-24,EGX:EFIC,11.62811866,11.9337388,11.59901198,11.67905462,228975.61659385
2017-08-27,EGX:EFIC,11.67905462,12.18114558,11.67905462,12.04288812,92080.58081513
2017-08-28,EGX:EFIC,12.04288812,12.20297559,12.0065055,12.09382627,82794.73990163
2017-08-29,EGX:EFIC,12.09382627,12.15931484,12.01378217,12.07199553,45563.4239288
2017-08-30,EGX:EFIC,12.07199553,12.2975723,12.0065055,12.17386891,81021.95097483
2017-09-05,EGX:EFIC,12.17386891,12.33395638,12.01378217,12.14476296,10513.05061244
2017-09-06,EGX:EFIC,12.14476296,13.35268945,12.14476296,13.15621936,1676816.45587886
2017-09-07,EGX:EFIC,13.15621936,13.68013887,13.098006,13.45456283,733658.39044508
2017-09-10,EGX:EFIC,13.45456283,13.5346062,13.12711341,13.33085944,250185.86798632
2017-09-11,EGX:EFIC,13.33085944,13.33085944,12.98885595,13.14894269,138050.78421861
2017-09-12,EGX:EFIC,13.14894269,13.30903016,12.91608925,13.098006,256305.42542124
2017-09-13,EGX:EFIC,13.098006,13.20715605,12.90153591,13.06162338,207568.84673896
2017-09-14,EGX:EFIC,13.06162338,13.3890728,13.06162338,13.24354013,256506.06664862
2017-09-17,EGX:EFIC,13.24354013,13.3817954,12.96702594,13.09072933,98227.62334969
2017-09-18,EGX:EFIC,13.09072933,13.24354013,12.98885595,13.14166529,227961.41641712
2017-09-19,EGX:EFIC,13.14166529,14.08035645,13.098006,13.67286366,1622071.63441519
2017-09-20,EGX:EFIC,13.67286366,14.14584721,13.60737363,13.7456289,230201.45203781
2017-09-24,EGX:EFIC,13.7456289,13.78929038,13.49822212,13.62192551,131693.48067179
2017-09-25,EGX:EFIC,13.62192551,14.25499653,13.62192551,14.08763385,1241614.63966347
2017-09-26,EGX:EFIC,14.08763385,14.33504063,13.5346062,13.81839633,364529.37951013
2017-09-27,EGX:EFIC,13.81839633,13.81839633,13.43273209,13.49822212,284503.76339727
2017-09-28,EGX:EFIC,13.49822212,13.825673,13.4618395,13.59281956,401730.46187336
2017-10-01,EGX:EFIC,13.59281956,14.16039909,13.59281956,13.94937639,324996.18644242
2017-10-02,EGX:EFIC,13.94937639,14.1895065,13.79656559,14.01486642,277927.95330831
2017-10-03,EGX:EFIC,14.01486642,14.1167398,13.76018297,13.8984397,116022.85111184
2017-10-04,EGX:EFIC,13.8984397,14.02942049,13.76745964,13.84750374,422572.41293064
2017-10-08,EGX:EFIC,13.84750374,14.80074678,13.84750374,14.56061667,985208.89362854
2017-10-09,EGX:EFIC,14.56061667,15.06270763,14.4805733,14.6261067,879622.13485014
2017-10-10,EGX:EFIC,14.6261067,15.2082403,14.6261067,14.96811019,817867.23872321
2017-10-11,EGX:EFIC,14.96811019,15.13547287,14.37869992,14.64793598,746121.508877
2017-10-12,EGX:EFIC,14.64793598,14.77163937,14.55334,14.56061667,448923.75221083
2017-10-15,EGX:EFIC,14.56061667,14.86623681,14.55334,14.57517074,430217.39339561
2017-10-16,EGX:EFIC,14.57517074,14.58244741,13.3890728,13.98575901,400280.62286733
2017-10-17,EGX:EFIC,13.98575901,14.1167398,13.68741554,13.9057171,223390.64434693
2017-10-18,EGX:EFIC,13.9057171,14.54606333,13.87660969,14.22588912,310561.01211131
2017-10-19,EGX:EFIC,14.22588912,14.30593322,13.76745964,13.9057171,257483.16194083
2017-10-22,EGX:EFIC,13.9057171,13.9057171,13.47639284,13.62192551,140022.8401178
2017-10-23,EGX:EFIC,13.62192551,13.7529063,13.10528267,13.37451873,267795.57132589
2017-10-24,EGX:EFIC,13.37451873,13.93482305,13.37451873,13.7456289,581568.21733018
2017-10-25,EGX:EFIC,13.7456289,13.95665306,13.47639284,13.64375625,244785.04590699
2017-10-26,EGX:EFIC,13.64375625,13.81839633,13.49094691,13.60009696,206722.30567004
2017-10-29,EGX:EFIC,13.60009696,13.80384226,13.49822212,13.64375625,136357.70208076
2017-10-30,EGX:EFIC,13.64375625,13.825673,13.57098955,13.65103292,156219.80933586
2017-10-31,EGX:EFIC,13.65103292,14.4805733,13.5346062,13.84750374,1339707.58602493
2017-11-01,EGX:EFIC,13.84750374,14.04397237,13.60737363,13.77473631,283820.75867121
2017-11-02,EGX:EFIC,13.77473631,13.94937639,13.46911617,13.63647958,378563.2713865
2017-11-05,EGX:EFIC,13.63647958,13.63647958,13.25081534,13.4618395,162974.27257248
2017-11-06,EGX:EFIC,13.4618395,13.60009696,12.91608925,13.11983674,460024.98395557
2017-11-07,EGX:EFIC,13.11983674,13.11983674,12.31940231,12.55225575,712049.60510783
2017-11-08,EGX:EFIC,12.55225575,12.89425851,12.55225575,12.6614058,674373.03052083
2017-11-09,EGX:EFIC,12.6614058,12.89425851,12.38489234,12.50859646,799340.90731062
2017-11-12,EGX:EFIC,12.50859646,12.7341725,12.10110148,12.38489234,764022.55427277
2017-11-13,EGX:EFIC,12.38489234,12.38489234,11.94829214,12.09382627,674463.73134964
2017-11-14,EGX:EFIC,12.09382627,12.49404239,11.99195216,12.28301823,1007662.84577973
2017-11-15,EGX:EFIC,12.28301823,12.43582903,11.96284621,12.23935894,886406.83169637
2017-11-16,EGX:EFIC,12.23935894,12.23935894,11.82458875,11.98467476,570983.70545868
2017-11-19,EGX:EFIC,11.98467476,12.0065055,11.78820613,11.87552544,298970.54559297
2017-11-20,EGX:EFIC,11.87552544,12.39944641,11.72999277,12.04288812,796103.16257299
2017-11-21,EGX:EFIC,12.04288812,12.19569892,11.86097137,11.95556881,587161.43510699
2017-11-22,EGX:EFIC,11.95556881,12.47221165,11.90463285,12.21025299,1930083.40353486
2017-11-23,EGX:EFIC,12.21025299,12.47948905,12.21025299,12.38489234,766103.17631554
2017-11-26,EGX:EFIC,12.38489234,12.71234176,12.33395638,12.53042501,692323.54909595
2017-11-27,EGX:EFIC,12.53042501,12.71961916,12.38489234,12.58136316,520356.15192114
2017-11-28,EGX:EFIC,12.58136316,12.83604515,12.58136316,12.74872584,594541.18436043
2017-11-29,EGX:EFIC,12.74872584,12.74872584,12.40672162,12.51587313,490912.73893141
2017-12-03,EGX:EFIC,12.51587313,12.58863837,12.33395638,12.41399829,380753.83382784
2017-12-04,EGX:EFIC,12.41399829,12.47948905,12.23208154,12.2902949,265360.39149776
2017-12-05,EGX:EFIC,12.2902949,12.54497908,12.19569892,12.38489234,249065.85017597
2017-12-06,EGX:EFIC,12.38489234,12.6614058,12.17386891,12.36306233,238647.6231573
2017-12-07,EGX:EFIC,12.36306233,12.370339,11.98467476,12.0865496,197374.62328235
2017-12-10,EGX:EFIC,12.0865496,12.370339,12.0792722,12.24663561,128637.13759178
2017-12-11,EGX:EFIC,12.24663561,12.31940231,12.19569892,12.25391228,117817.62811836
2017-12-12,EGX:EFIC,12.25391228,12.55225575,12.22480487,12.39944641,442270.98384288
2017-12-13,EGX:EFIC,12.39944641,12.55225575,12.25391228,12.39944641,508035.95600735
2017-12-14,EGX:EFIC,12.39944641,13.03979264,12.39944641,12.8069392,1598966.28540253
2017-12-17,EGX:EFIC,12.8069392,13.13438862,12.74872584,12.90881258,1043627.09865914
2017-12-18,EGX:EFIC,12.90881258,13.05434671,12.69778988,12.88698184,481140.41175428
2017-12-19,EGX:EFIC,12.88698184,12.98885595,12.58863837,12.7341725,720686.79766981
2017-12-20,EGX:EFIC,12.7341725,12.7341725,12.39216974,12.48676572,428887.11457301
2017-12-21,EGX:EFIC,12.48676572,12.48676572,12.26118895,12.35578566,396994.77920532
2017-12-24,EGX:EFIC,12.35578566,12.370339,12.15203963,12.21752966,298180.34897831
2017-12-25,EGX:EFIC,12.21752966,12.34123159,12.15203963,12.23935894,158202.85927492
2017-12-26,EGX:EFIC,12.23935894,12.24663561,12.11565555,12.16659151,266057.13877364
2017-12-27,EGX:EFIC,12.16659151,12.59591504,12.16659151,12.46493498,814872.73711739
2017-12-28,EGX:EFIC,12.46493498,12.58136316,12.0792722,12.23935894,722863.61756133
2017-12-31,EGX:EFIC,12.23935894,12.63957652,12.23935894,12.54497908,549887.51722972
2018-01-02,EGX:EFIC,12.54497908,12.90881258,12.51587313,12.70506509,720876.44485733
2018-01-03,EGX:EFIC,12.70506509,12.70506509,12.370339,12.45765977,373580.2228217
2018-01-04,EGX:EFIC,12.45765977,12.53042501,12.26118895,12.370339,293135.45893932
2018-01-08,EGX:EFIC,12.370339,12.55225575,12.33395638,12.46493498,297366.79002896
2018-01-09,EGX:EFIC,12.46493498,12.71961916,12.46493498,12.59591504,392241.23122252
2018-01-10,EGX:EFIC,12.59591504,13.24354013,12.55953242,13.05434671,2210100.22441584
2018-01-11,EGX:EFIC,13.05434671,13.58554289,13.05434671,13.40362614,1505012.59504691
2018-01-14,EGX:EFIC,13.40362614,14.00758975,13.40362614,13.77473631,1396054.78879762
2018-01-15,EGX:EFIC,13.77473631,14.08035645,13.60737363,13.77473631,1919809.47328929
2018-01-16,EGX:EFIC,13.77473631,14.02214309,13.5346062,13.73835223,854022.51304512
2018-01-17,EGX:EFIC,13.73835223,14.13856981,13.57098955,14.00031308,1217103.4278042
2018-01-18,EGX:EFIC,14.00031308,14.2622732,14.00031308,14.1895065,1660843.49022286
2018-01-21,EGX:EFIC,14.1895065,14.1895065,13.78929038,13.87660969,260496.9031164
2018-01-22,EGX:EFIC,13.87660969,13.92754565,13.68013887,13.78929038,221175.34531592
2018-01-23,EGX:EFIC,13.78929038,14.00758975,13.77473631,13.92026898,226045.70497219
2018-01-24,EGX:EFIC,13.92026898,14.31320989,13.7529063,13.93482305,1349745.14441358
2018-01-28,EGX:EFIC,13.93482305,14.10218573,13.825673,13.99303641,276599.0487407
2018-01-29,EGX:EFIC,13.99303641,13.99303641,13.4618395,13.65830959,620241.12677914
2018-01-30,EGX:EFIC,13.65830959,14.04397237,13.46911617,13.825673,1219637.55399104
2018-01-31,EGX:EFIC,13.825673,13.825673,13.098006,13.48367024,739428.88711457
2018-02-01,EGX:EFIC,13.48367024,13.52005286,13.25081534,13.37451873,389223.36728201
2018-02-04,EGX:EFIC,13.37451873,13.4618395,13.06162338,13.10528267,185975.17820651
2018-02-05,EGX:EFIC,13.10528267,13.13438862,12.6614058,12.94519666,291342.05618779
2018-02-06,EGX:EFIC,12.94519666,12.94519666,11.78820613,12.26118895,647554.44454675
2018-02-07,EGX:EFIC,12.26118895,12.6614058,12.26118895,12.39944641,4203582.13303613
2018-02-08,EGX:EFIC,12.39944641,12.47948905,11.97012288,12.10837815,696204.44516516
2018-02-11,EGX:EFIC,12.10837815,12.10837815,11.4243719,11.68633129,403523.86462489
2018-02-12,EGX:EFIC,11.68633129,12.13748556,11.65722534,11.97012288,609355.65306658
2018-02-13,EGX:EFIC,11.97012288,12.0792722,11.45347858,11.83914209,357555.03547639
2018-02-14,EGX:EFIC,11.83914209,11.83914209,11.0605384,11.33705186,1897736.18976812
2018-02-15,EGX:EFIC,11.33705186,11.48986193,11.19151846,11.33705186,1319014.0545057
2018-02-18,EGX:EFIC,11.33705186,11.75182205,11.33705186,11.54079862,1636740.43209325
2018-02-19,EGX:EFIC,11.54079862,12.10837815,11.54079862,11.9264614,5346941.66425027
2018-02-20,EGX:EFIC,11.9264614,12.12293222,11.64994867,11.87552544,1148031.998153
2018-02-21,EGX:EFIC,11.87552544,11.87552544,11.4971386,11.60628865,518340.11986252
2018-02-22,EGX:EFIC,11.60628865,11.79548134,11.52624528,11.63539533,510860.0499954
2018-02-25,EGX:EFIC,11.63539533,11.74454465,11.4243719,11.53352195,831791.19020101
2018-02-26,EGX:EFIC,11.53352195,11.9264614,11.51896861,11.61356532,1000813.55894935
2018-02-27,EGX:EFIC,11.61356532,11.78820613,11.53352195,11.63539533,547789.02987218
2018-02-28,EGX:EFIC,11.63539533,11.642672,11.2060718,11.35888187,1945344.50511017
2018-03-01,EGX:EFIC,11.35888187,11.40981856,11.19151846,11.24973182,480359.83492449
2018-03-04,EGX:EFIC,11.24973182,11.41709523,11.2060718,11.29339184,380894.007836
2018-03-05,EGX:EFIC,11.29339184,11.58445864,11.21334847,11.40981856,1405116.62614905
2018-03-06,EGX:EFIC,11.40981856,11.7227161,11.40981856,11.61356532,1215929.81404956
2018-03-07,EGX:EFIC,11.61356532,11.70088536,11.28611517,11.54079862,528585.19075346
2018-03-08,EGX:EFIC,11.54079862,11.56262863,11.25700849,11.36615854,651032.68390624
2018-03-11,EGX:EFIC,11.36615854,11.46075525,11.25700849,11.31522185,412088.22167283
2018-03-12,EGX:EFIC,11.31522185,11.57718197,11.31522185,11.45347858,889777.87916726
2018-03-13,EGX:EFIC,11.45347858,11.82458875,11.45347858,11.68633129,1421710.75505691
2018-03-14,EGX:EFIC,11.68633129,11.68633129,11.32249852,11.48986193,481189.88493363
2018-03-15,EGX:EFIC,11.48986193,11.62811866,11.3516052,11.43164857,281146.4584762
2018-03-18,EGX:EFIC,11.43164857,11.56262863,11.3516052,11.43164857,410808.79028457
2018-03-19,EGX:EFIC,11.43164857,11.5699053,11.21334847,11.30794518,727948.3609948
2018-03-20,EGX:EFIC,11.30794518,11.38071188,11.22790181,11.29339184,339806.53238363
2018-03-21,EGX:EFIC,11.29339184,11.7154387,11.2788385,11.4971386,681005.18506405
2018-03-22,EGX:EFIC,11.4971386,11.56262863,11.28611517,11.4243719,729443.55041523
2018-03-25,EGX:EFIC,11.4243719,11.4243719,11.2060718,11.28611517,297728.21908923
2018-03-26,EGX:EFIC,11.28611517,11.56262863,11.2788385,11.33705186,310653.0871951
2018-03-27,EGX:EFIC,11.33705186,11.46075525,11.31522185,11.36615854,388743.75229329
2018-03-28,EGX:EFIC,11.36615854,11.59901198,11.36615854,11.47530859,638929.62027961
2018-03-29,EGX:EFIC,11.47530859,11.75182205,11.47530859,11.62084199,1022210.70901937
2018-04-01,EGX:EFIC,11.62084199,11.99195216,11.2788385,11.86097137,1097272.51613719
2018-04-02,EGX:EFIC,11.86097137,12.26118895,11.76637539,12.03561291,1937322.97878013
2018-04-03,EGX:EFIC,12.03561291,12.18114558,11.77365206,11.9264614,1071172.66551871
2018-04-04,EGX:EFIC,11.9264614,12.14476296,11.57718197,11.83186542,1057085.17769804
2018-04-05,EGX:EFIC,11.83186542,11.83186542,11.55535196,11.64994867,359547.70520032
2018-04-10,EGX:EFIC,11.64994867,11.89735545,11.64994867,11.82458875,258263.73877062
2018-04-11,EGX:EFIC,11.82458875,11.94829214,11.4971386,11.7154387,762886.04540264
2018-04-12,EGX:EFIC,11.7154387,11.7154387,11.46075525,11.53352195,581177.92891529
2018-04-15,EGX:EFIC,11.53352195,11.642672,11.50441527,11.5699053,257747.01889738
2018-04-16,EGX:EFIC,11.5699053,11.70816203,11.51169194,11.59173531,125439.24624863
2018-04-17,EGX:EFIC,11.59173531,11.78092946,11.5699053,11.67905462,381559.1472473
2018-04-18,EGX:EFIC,11.67905462,11.77365206,11.50441527,11.59901198,440571.03043013
2018-04-19,EGX:EFIC,11.59901198,11.59901198,11.40981856,11.45347858,800007.4209769
2018-04-22,EGX:EFIC,11.45347858,11.89735545,11.45347858,11.78820613,995841.50442441
2018-04-23,EGX:EFIC,11.78820613,11.78820613,11.33705186,11.43164857,608660.28004568
2018-04-24,EGX:EFIC,11.43164857,11.43164857,11.22790181,11.28611517,562310.78226716
2018-04-26,EGX:EFIC,11.28611517,11.32977519,11.0605384,11.11875176,644484.35891692
2018-04-29,EGX:EFIC,11.11875176,11.15513511,10.915005,10.98049503,624840.75820396
2018-04-30,EGX:EFIC,10.98049503,10.9877717,10.79130161,10.87862165,359767.58599744
2018-05-02,EGX:EFIC,10.87862165,10.915005,10.77674827,10.84951497,358063.50981974
2018-05-03,EGX:EFIC,10.84951497,10.84951497,10.23827469,10.4056381,1017503.88570596
2018-05-06,EGX:EFIC,10.4056381,10.4056381,9.8235045,10.05635794,918149.37327102
2018-05-07,EGX:EFIC,10.05635794,10.05635794,9.70707778,9.86716452,1018556.56502219
2018-05-08,EGX:EFIC,9.86716452,9.98359124,9.69252444,9.83805784,1282193.6407725
2018-05-09,EGX:EFIC,9.83805784,10.07818795,9.7507378,9.93993122,1966470.92694873
2018-05-10,EGX:EFIC,9.93993122,9.96176123,9.7507378,9.83805784,476646.59796308
2018-05-13,EGX:EFIC,9.83805784,9.91082454,9.56882105,9.71435445,595848.10084833
2018-05-14,EGX:EFIC,9.71435445,9.71435445,9.18315754,9.36507429,901214.42912761
2018-05-15,EGX:EFIC,9.36507429,9.45239433,9.0958375,9.18315754,497734.54066214
2018-05-16,EGX:EFIC,9.18315754,9.56882105,9.0230708,9.32869094,434850.00693999
2018-05-17,EGX:EFIC,9.32869094,9.459671,9.2413709,9.29958426,106192.80522547
2018-05-20,EGX:EFIC,9.29958426,9.36507429,9.14677419,9.21954089,107609.66211193
2018-05-21,EGX:EFIC,9.21954089,9.459671,9.19771088,9.33596761,518529.76705004
2018-05-22,EGX:EFIC,9.33596761,9.45239433,9.15405086,9.19771088,932860.77285352
2018-05-23,EGX:EFIC,9.19771088,9.27775425,9.14677419,9.19771088,504289.73692637
2018-05-24,EGX:EFIC,9.19771088,9.25592424,9.00851746,9.10311417,384431.34015972
2018-05-27,EGX:EFIC,9.10311417,9.16132753,8.98668745,9.05217748,104606.91497622
2018-05-28,EGX:EFIC,9.05217748,9.28503092,9.0230708,9.18315754,488466.56506342
2018-05-29,EGX:EFIC,9.18315754,9.35052095,9.18315754,9.27775425,247695.7179589
2018-05-30,EGX:EFIC,9.27775425,9.29230759,9.0958375,9.14677419,327034.20658076
2018-05-31,EGX:EFIC,9.14677419,9.14677419,8.9503041,9.03034747,284810.22225826
2018-06-03,EGX:EFIC,9.03034747,9.0958375,9.03034747,9.06673082,58276.65676745
2018-06-04,EGX:EFIC,9.06673082,9.27775425,8.81932404,9.10311417,321307.68607069
2018-06-05,EGX:EFIC,9.10311417,9.10311417,8.63013062,8.79021736,210644.42938872
2018-06-06,EGX:EFIC,8.79021736,8.9503041,8.05527369,8.6592373,264906.88735369
2018-06-07,EGX:EFIC,8.6592373,8.6592373,8.1498704,8.44821387,259409.86742562
2018-06-10,EGX:EFIC,8.44821387,8.5864706,8.30995714,8.43366053,60042.57441934
2018-06-11,EGX:EFIC,8.43366053,8.68834398,8.37544717,8.43366053,88396.20320834
2018-06-12,EGX:EFIC,8.43366053,8.64468396,8.37544717,8.55736392,149649.49626684
2018-06-13,EGX:EFIC,8.55736392,9.00851746,8.55736392,8.85570739,367261.39841438
2018-06-14,EGX:EFIC,8.85570739,9.10311417,8.85570739,9.05217748,222299.48589121
2018-06-19,EGX:EFIC,9.05217748,9.13949752,8.76111068,8.94302743,128561.55356777
2018-06-20,EGX:EFIC,8.94302743,9.18315754,8.92119742,9.08128416,130261.50698053
2018-06-21,EGX:EFIC,9.08128416,9.2413709,9.05945415,9.16132753,87461.70982056
2018-06-24,EGX:EFIC,9.16132753,9.40145764,9.16132753,9.29230759,290079.11585931
2018-06-25,EGX:EFIC,9.29230759,9.35052095,8.9503041,9.10311417,215738.79260706
2018-06-26,EGX:EFIC,9.10311417,9.10311417,8.66651397,8.76111068,379246.27611256
2018-06-27,EGX:EFIC,8.76111068,8.8047707,8.55008725,8.6592373,287832.20896372
2018-06-28,EGX:EFIC,8.6592373,8.9503041,8.6592373,8.85570739,187831.79668722
2018-07-02,EGX:EFIC,8.85570739,8.88481407,8.76111068,8.81932404,47095.71823375
2018-07-03,EGX:EFIC,8.81932404,8.8775374,8.6592373,8.76111068,174109.86069177
2018-07-04,EGX:EFIC,8.76111068,8.76111068,8.6592373,8.68106731,83480.49313766
2018-07-05,EGX:EFIC,8.68106731,8.87026073,8.60102394,8.70289732,154129.56750821
2018-07-08,EGX:EFIC,8.70289732,8.732004,8.1498704,8.42638386,243572.95301285
2018-07-09,EGX:EFIC,8.42638386,8.42638386,8.05527369,8.2954038,141678.81737113
2018-07-10,EGX:EFIC,8.2954038,8.4409372,8.25902045,8.35361716,41292.23944469
2018-07-11,EGX:EFIC,8.35361716,8.5864706,8.2954038,8.41910719,276621.03682041
2018-07-12,EGX:EFIC,8.41910719,8.41910719,8.20080709,8.30268047,169963.73341102
2018-07-15,EGX:EFIC,8.30268047,8.35361716,8.1498704,8.22991377,153181.33157062
2018-07-16,EGX:EFIC,8.22991377,8.28085046,8.02616701,8.11348705,130650.42114044
2018-07-17,EGX:EFIC,8.11348705,8.18625375,7.94612364,8.06982703,226387.89446271
2018-07-18,EGX:EFIC,8.06982703,8.10621038,7.96795365,8.01161367,98687.99876867
2018-07-19,EGX:EFIC,8.01161367,8.08438037,7.91701696,7.99706033,874918.0600467
2018-07-22,EGX:EFIC,7.99706033,8.03344368,7.9315703,7.97523032,43133.7411206
2018-07-24,EGX:EFIC,7.97523032,8.0771037,7.89518695,7.97523032,180113.98070821
2018-07-25,EGX:EFIC,7.97523032,8.004337,7.7132702,7.83697359,215112.13233526
2018-07-26,EGX:EFIC,7.83697359,7.87335694,7.6405035,7.77148356,56307.34937822
2018-07-29,EGX:EFIC,7.77148356,7.90246362,7.77148356,7.84425026,62666.02718002
2018-07-30,EGX:EFIC,7.84425026,7.85152693,7.61139682,7.73510021,35051.74757135
2018-07-31,EGX:EFIC,7.73510021,7.83697359,7.4222034,7.74965355,40227.19183363
2018-08-01,EGX:EFIC,7.74965355,7.87335694,7.68416352,7.74237688,83725.11052446
2018-08-02,EGX:EFIC,7.74237688,8.004337,7.7132702,7.86608027,406651.66896396
2018-08-05,EGX:EFIC,7.86608027,7.86608027,7.6405035,7.72054687,352716.28368471
2018-08-06,EGX:EFIC,7.72054687,7.96795365,7.72054687,7.88791028,527158.71408213
2018-08-07,EGX:EFIC,7.88791028,8.28085046,7.88791028,8.13531706,1008880.4356938
2018-08-08,EGX:EFIC,8.13531706,8.23719044,8.02616701,8.09893371,207600.45460355
2018-08-09,EGX:EFIC,8.09893371,8.17897708,8.04799702,8.12804039,430756.10134856
2018-08-12,EGX:EFIC,8.12804039,8.12804039,7.91701696,7.97523032,160705.37759717
2018-08-13,EGX:EFIC,7.97523032,7.97523032,7.5677368,7.73510021,125620.64790625
2018-08-14,EGX:EFIC,7.73510021,7.90246362,7.7132702,7.74237688,717714.28414371
2018-08-15,EGX:EFIC,7.74237688,7.82242025,7.73510021,7.77876023,71536.84308894
2018-08-16,EGX:EFIC,7.77876023,7.8588036,7.72054687,7.77876023,92605.54621826
2018-08-19,EGX:EFIC,7.77876023,7.77876023,7.65505684,7.68416352,106324.73370374
2018-08-26,EGX:EFIC,7.68416352,7.88791028,7.68416352,7.73510021,28849.7348375
2018-08-27,EGX:EFIC,7.73510021,7.77148356,7.4949701,7.61867349,110235.86338256
2018-08-28,EGX:EFIC,7.61867349,7.89518695,7.61867349,7.80059024,37390.72955074
2018-08-29,EGX:EFIC,7.80059024,8.0771037,7.7860369,7.96795365,535070.30001361
2018-08-30,EGX:EFIC,7.96795365,8.2954038,7.96795365,8.20080709,784028.95830098
2018-09-02,EGX:EFIC,8.20080709,8.20080709,8.03344368,8.09893371,157158.42548858
2018-09-03,EGX:EFIC,8.09893371,8.2954038,8.05527369,8.17897708,401900.86949113
2018-09-04,EGX:EFIC,8.17897708,8.47004388,8.17897708,8.3681705,582471.10285337
2018-09-05,EGX:EFIC,8.3681705,8.3681705,8.09165704,8.21536043,137528.56732544
2018-09-06,EGX:EFIC,8.21536043,8.34634049,8.12804039,8.15714707,105676.08535223
2018-09-09,EGX:EFIC,8.15714707,8.2226371,8.004337,8.08438037,254973.77234367
2018-09-10,EGX:EFIC,8.08438037,8.08438037,7.87335694,7.93884697,154985.72836201
2018-09-13,EGX:EFIC,7.72782354,7.72782354,7.54590679,7.58229014,64789.25112723
2018-09-16,EGX:EFIC,7.58229014,7.58229014,6.93466651,7.24028665,212389.73321588
2018-09-17,EGX:EFIC,7.24028665,7.24028665,6.86189981,6.97832653,326276.99208567
2018-09-18,EGX:EFIC,6.97832653,7.12385993,6.61449303,6.84734647,218921.56714541
2018-09-19,EGX:EFIC,6.84734647,6.84734647,6.16333949,6.25065953,1084803.90068534
2018-09-20,EGX:EFIC,6.25065953,6.35980958,5.6758026,5.93776272,225644.42251744
2018-09-23,EGX:EFIC,5.93776272,6.07601945,5.8941027,6.01780682,84467.20821475
2018-09-24,EGX:EFIC,6.01780682,6.10512613,5.93776272,5.99597608,352949.90703165
2018-09-25,EGX:EFIC,5.99597608,6.35980958,5.9668694,6.17061616,929482.85410772
2018-09-26,EGX:EFIC,6.17061616,6.35253291,6.13423281,6.22882952,217857.89378933
2018-09-27,EGX:EFIC,6.22882952,6.22882952,6.07601945,6.14878615,488920.06920748
2018-09-30,EGX:EFIC,6.14878615,6.27976621,5.98142274,6.1124028,353109.32060956
2018-10-01,EGX:EFIC,6.1124028,6.1124028,5.86499602,5.99597608,543697.87279071
2018-10-02,EGX:EFIC,5.99597608,6.46168296,5.98142274,6.28704288,1554161.4502238
2018-10-03,EGX:EFIC,6.28704288,6.46168296,6.1124028,6.28704288,478283.33564666
2018-10-04,EGX:EFIC,6.28704288,6.28704288,5.98869941,6.08329612,104832.29279327
2018-10-08,EGX:EFIC,6.08329612,6.2579362,5.77039931,5.85771935,228324.21973238
2018-10-09,EGX:EFIC,5.85771935,5.93048605,5.75584597,5.87227269,228898.65831486
2018-10-10,EGX:EFIC,5.87227269,6.03235943,5.83589007,5.93048605,162259.65998183
2018-10-11,EGX:EFIC,5.93048605,5.93048605,5.68307927,5.80678266,234203.28254545
2018-10-14,EGX:EFIC,5.80678266,6.10512613,5.80678266,5.98142274,320386.93523274
2018-10-15,EGX:EFIC,5.98142274,5.98142274,5.821336,5.87227269,28190.09244613
2018-10-16,EGX:EFIC,5.87227269,6.09784946,5.87227269,5.99597608,260990.26065494
2018-10-17,EGX:EFIC,5.99597608,6.08329612,5.98869941,6.03235943,206334.76576511
2018-10-18,EGX:EFIC,6.03235943,6.11967947,5.93048605,5.98142274,178430.51835524
2018-10-21,EGX:EFIC,5.98142274,5.99597608,5.8941027,5.93776272,45707.72070191
2018-10-22,EGX:EFIC,5.93776272,6.00325275,5.93048605,5.9668694,82704.03907282
2018-10-23,EGX:EFIC,5.9668694,6.06874278,5.91593271,6.00325275,297722.7220693
2018-10-24,EGX:EFIC,6.00325275,6.06146611,5.78495265,5.90137937,179388.3740777
2018-10-25,EGX:EFIC,5.90137937,5.90137937,5.69763261,5.81405933,141207.4479123
2018-10-28,EGX:EFIC,5.81405933,5.93048605,5.77767598,5.81405933,57924.84749205
2018-10-29,EGX:EFIC,5.81405933,6.02508276,5.76312264,5.9668694,327733.7023666
2018-10-30,EGX:EFIC,5.9668694,6.14878615,5.9668694,6.09057279,277497.81149894
2018-10-31,EGX:EFIC,6.09057279,6.20699951,6.01052942,6.13423281,216380.56968366
2018-11-01,EGX:EFIC,6.13423281,6.20699951,6.0396361,6.13423281,153424.57470244
2018-11-04,EGX:EFIC,6.13423281,6.37436292,6.1124028,6.27248954,355451.05109892
2018-11-05,EGX:EFIC,6.27248954,6.42529961,6.22155285,6.37436292,224161.60139185
2018-11-06,EGX:EFIC,6.37436292,6.6217697,6.37436292,6.51261965,244730.07570771
2018-11-07,EGX:EFIC,6.51261965,6.9128365,6.4762363,6.73819642,1704202.60916051
2018-11-08,EGX:EFIC,6.73819642,6.9856032,6.6945364,6.78185644,913606.08630046
2018-11-11,EGX:EFIC,6.78185644,6.78185644,6.64359971,6.70908974,260209.68382516
2018-11-12,EGX:EFIC,6.70908974,6.7673031,6.63632304,6.71636641,79283.51842258
2018-11-13,EGX:EFIC,6.71636641,6.74547382,6.64359971,6.67270639,159823.10589871
2018-11-14,EGX:EFIC,6.67270639,6.6945364,6.59993969,6.63632304,94804.35418949
2018-11-15,EGX:EFIC,6.63632304,6.6945364,6.6217697,6.65815305,45841.02343517
2018-11-18,EGX:EFIC,6.65815305,6.87645315,6.65815305,6.80368645,97047.13832014
2018-11-19,EGX:EFIC,6.80368645,6.9128365,6.7673031,6.82551646,205293.08048874
2018-11-22,EGX:EFIC,6.78913311,7.23300998,6.78185644,7.10202992,868475.552691
2018-11-25,EGX:EFIC,7.10202992,7.10202992,6.7673031,6.86189981,213937.14432563
2018-11-26,EGX:EFIC,6.86189981,6.9128365,6.64359971,6.75274976,175477.24439888
2018-11-27,EGX:EFIC,6.75274976,7.09475325,6.75274976,6.92011317,342299.43092101
2018-11-28,EGX:EFIC,6.92011317,7.3494367,6.92011317,7.21117997,658280.5046814
2018-11-29,EGX:EFIC,7.21117997,7.42948007,7.18934996,7.32033002,641889.76551087
2018-12-02,EGX:EFIC,7.32033002,7.33488336,7.07292324,7.2039033,103346.72315771
2018-12-03,EGX:EFIC,7.2039033,7.26939333,6.77457977,7.00015654,227870.71558831
2018-12-04,EGX:EFIC,7.00015654,7.17479662,6.75274976,6.82551646,63828.6468948
2018-12-05,EGX:EFIC,6.82551646,7.0583699,6.65815305,6.93466651,262697.08534261
2018-12-06,EGX:EFIC,6.93466651,6.93466651,6.49806631,6.67270639,416744.1975519
2018-12-09,EGX:EFIC,6.67270639,6.67270639,6.4034696,6.45440629,135359.99296381
2018-12-10,EGX:EFIC,6.45440629,6.81096312,6.45440629,6.6945364,484538.94432481
2018-12-11,EGX:EFIC,6.6945364,6.9128365,6.6945364,6.82551646,125969.70867169
2018-12-12,EGX:EFIC,6.82551646,6.9128365,6.7673031,6.86189981,61412.70663641
2018-12-13,EGX:EFIC,6.86189981,7.02198655,6.8400698,6.92011317,248888.57128329
2018-12-16,EGX:EFIC,6.92011317,7.02198655,6.8400698,6.89828316,107848.7824788
2018-12-17,EGX:EFIC,6.89828316,7.02198655,6.73819642,6.84734647,111950.93360012
2018-12-18,EGX:EFIC,6.84734647,6.87645315,6.73819642,6.79640978,66292.68607756
2018-12-19,EGX:EFIC,6.79640978,6.86917648,6.74547382,6.79640978,72387.50692281
2018-12-20,EGX:EFIC,6.79640978,6.83279313,6.65815305,6.76002643,62988.97710079
2018-12-23,EGX:EFIC,6.76002643,6.80368645,6.49078964,6.64359971,167990.30325685
2018-12-24,EGX:EFIC,6.64359971,6.64359971,6.4762363,6.55627967,65932.63127227
2018-12-25,EGX:EFIC,6.55627967,6.55627967,6.36708625,6.43985295,62943.62668638
2018-12-26,EGX:EFIC,6.43985295,6.67998306,6.43985295,6.60721636,75665.10505492
2018-12-27,EGX:EFIC,6.60721636,6.79640978,6.60721636,6.70181307,76791.99414018
2018-12-30,EGX:EFIC,6.70181307,6.8400698,6.65815305,6.71636641,42816.28821975
2018-12-31,EGX:EFIC,6.71636641,6.9128365,6.71636641,6.86917648,136379.69016047
2019-01-02,EGX:EFIC,6.86917648,7.0583699,6.85462314,6.97104986,113733.3423118
2019-01-03,EGX:EFIC,6.97104986,7.09475325,6.87645315,7.00743321,160660.02718276
2019-01-06,EGX:EFIC,7.00743321,7.16024328,7.00743321,7.09475325,144109.87443432
2019-01-08,EGX:EFIC,7.09475325,7.39309672,7.04381656,7.27667,785862.21444699
2019-01-09,EGX:EFIC,7.27667,7.28394667,7.03653989,7.16024328,196078.70083431
2019-01-10,EGX:EFIC,7.16024328,7.32760669,7.09475325,7.21117997,201123.5908733
2019-01-13,EGX:EFIC,7.21117997,7.55318346,7.21117997,7.40765006,648252.56607762
2019-01-14,EGX:EFIC,7.40765006,7.4222034,7.26939333,7.32760669,238183.12497337
2019-01-15,EGX:EFIC,7.32760669,7.45858675,7.32760669,7.42948007,115437.4184895
2019-01-16,EGX:EFIC,7.42948007,7.4949701,7.2039033,7.32033002,466338.31134296
2019-01-17,EGX:EFIC,7.32033002,7.32033002,7.1311366,7.18934996,141005.43242994
2019-01-20,EGX:EFIC,7.18934996,7.2039033,7.04381656,7.1311366,221911.94598628
2019-01-21,EGX:EFIC,7.1311366,7.2039033,7.06564657,7.15296661,119622.02490975
2019-01-22,EGX:EFIC,7.15296661,7.19662663,6.96377319,7.07292324,138493.29432282
2019-01-23,EGX:EFIC,7.07292324,7.08747658,6.87645315,7.02198655,78934.45765714
2019-01-27,EGX:EFIC,7.02198655,7.27667,6.92739057,7.2039033,231091.96926616
2019-01-28,EGX:EFIC,7.2039033,7.32760669,7.15296661,7.24028665,183600.46559759
2019-01-29,EGX:EFIC,7.24028665,7.45858675,7.09475325,7.3494367,643874.18970491
2019-01-30,EGX:EFIC,7.3494367,7.61139682,7.3494367,7.50224677,793268.07454509
2019-01-31,EGX:EFIC,7.50224677,7.70599353,7.42948007,7.57501347,806353.73048386
2019-02-03,EGX:EFIC,7.57501347,7.57501347,7.38582005,7.43675674,263573.86002114
2019-02-04,EGX:EFIC,7.43675674,7.5677368,7.3494367,7.4222034,138320.13819508
2019-02-05,EGX:EFIC,7.4222034,7.74237688,7.39309672,7.59684348,901629.45413218
2019-02-06,EGX:EFIC,7.59684348,7.62595016,7.46586342,7.53135345,277545.91042331
2019-02-07,EGX:EFIC,7.53135345,7.82242025,7.50224677,7.69144019,648078.0356949
2019-02-10,EGX:EFIC,7.69144019,7.96067698,7.61139682,7.81514358,1237755.73167397
2019-02-11,EGX:EFIC,7.81514358,8.004337,7.80786691,7.92429363,652145.83044167
2019-02-12,EGX:EFIC,7.92429363,7.9315703,7.7860369,7.86608027,213037.00731241
2019-02-13,EGX:EFIC,7.86608027,7.89518695,7.77148356,7.80786691,323337.46067913
2019-02-14,EGX:EFIC,7.80786691,7.88791028,7.67688685,7.76420689,376926.53370292
2019-02-17,EGX:EFIC,7.76420689,7.94612364,7.76420689,7.82969692,224208.32606123
2019-02-18,EGX:EFIC,7.82969692,7.82969692,7.7132702,7.76420689,367314.99435868
2019-02-19,EGX:EFIC,7.76420689,7.7860369,7.66233351,7.72782354,170305.92290155
2019-02-20,EGX:EFIC,7.72782354,8.004337,7.72782354,7.92429363,708675.80912698
2019-02-21,EGX:EFIC,7.92429363,7.99706033,7.76420689,7.82969692,213206.0406752
2019-02-24,EGX:EFIC,7.82969692,7.99706033,7.82969692,7.92429363,361680.54893241
2019-02-25,EGX:EFIC,7.92429363,8.0771037,7.8588036,8.004337,470329.14781074
2019-02-26,EGX:EFIC,8.004337,8.06982703,7.8588036,7.96795365,313709.43027511
2019-02-27,EGX:EFIC,7.96795365,7.96795365,7.7860369,7.84425026,254294.89038255
2019-02-28,EGX:EFIC,7.84425026,7.84425026,7.37126671,7.60412015,759883.29826693
2019-03-03,EGX:EFIC,7.60412015,7.69871686,7.35671337,7.4949701,219052.1213687
2019-03-04,EGX:EFIC,7.4949701,7.58956681,7.38582005,7.46586342,245002.17819415
2019-03-05,EGX:EFIC,7.46586342,7.59684348,7.45858675,7.50224677,164323.79096482
2019-03-06,EGX:EFIC,7.50224677,7.50952344,7.39309672,7.44403341,63134.64812888
2019-03-07,EGX:EFIC,7.44403341,7.61867349,7.44403341,7.55318346,450735.02027713
2019-03-10,EGX:EFIC,7.55318346,7.5677368,7.44403341,7.50952344,104037.97341366
2019-03-11,EGX:EFIC,7.50952344,7.61867349,7.47314009,7.52407678,174479.53528194
2019-03-12,EGX:EFIC,7.52407678,7.57501347,7.43675674,7.4949701,499522.44639375
2019-03-13,EGX:EFIC,7.4949701,7.5677368,7.4222034,7.48041676,348610.00979844
2019-03-14,EGX:EFIC,7.48041676,7.4949701,7.17479662,7.32033002,607272.28251384
2019-03-17,EGX:EFIC,7.32033002,7.37854338,7.21117997,7.27667,204825.83379485
2019-03-18,EGX:EFIC,7.27667,7.27667,7.02926322,7.08019991,304473.06254097
2019-03-19,EGX:EFIC,7.08019991,7.08019991,7.08019991,7.08019991,0.0
2019-03-20,EGX:EFIC,7.08019991,7.08019991,6.81096312,6.88372982,794946.03987813
2019-03-21,EGX:EFIC,6.88372982,6.95649652,6.77457977,6.83279313,141030.16901962
2019-03-24,EGX:EFIC,6.83279313,6.89100649,6.83279313,6.86189981,64507.52885592
2019-03-25,EGX:EFIC,6.86189981,6.86189981,6.549003,6.64359971,152698.96807193
2019-03-26,EGX:EFIC,6.64359971,6.80368645,6.56355707,6.70908974,150592.2351845
2019-03-27,EGX:EFIC,6.70908974,6.75274976,6.59993969,6.65815305,41158.93671144
2019-03-28,EGX:EFIC,6.65815305,6.92011317,6.6217697,6.77457977,81819.0188644
2019-03-31,EGX:EFIC,6.77457977,6.85462314,6.6945364,6.77457977,157683.39089171
2019-04-01,EGX:EFIC,6.77457977,6.8400698,6.70908974,6.7673031,89620.66439731
2019-04-02,EGX:EFIC,6.7673031,6.86917648,6.75274976,6.78185644,88840.08756753
2019-04-03,EGX:EFIC,6.78185644,6.87645315,6.65815305,6.77457977,110940.85618834
2019-04-04,EGX:EFIC,6.77457977,6.83279313,6.67998306,6.73091975,57311.92977007
2019-04-07,EGX:EFIC,6.73091975,6.73091975,6.58538635,6.63632304,100389.32643641
2019-04-08,EGX:EFIC,6.63632304,6.63632304,6.43985295,6.57810968,139464.8925951
2019-04-09,EGX:EFIC,6.57810968,6.57810968,6.41074627,6.44712962,119944.97483052
2019-04-10,EGX:EFIC,6.44712962,6.54172633,6.44712962,6.49078964,28060.91247782
2019-04-11,EGX:EFIC,6.49078964,6.549003,6.41074627,6.46168296,56995.85112421
2019-04-14,EGX:EFIC,6.46168296,6.4762363,6.4034696,6.41802294,45027.46448582
2019-04-15,EGX:EFIC,6.41802294,6.50534298,6.38891626,6.43257628,49232.68473079
2019-04-16,EGX:EFIC,6.43257628,6.43257628,6.19244617,6.34525624,52585.86688691
2019-04-17,EGX:EFIC,6.34525624,6.34525624,6.27248954,6.32342623,122491.4693122
2019-04-18,EGX:EFIC,6.32342623,6.33797957,6.27248954,6.30887289,53517.61176472
2019-04-21,EGX:EFIC,6.30887289,6.39619293,6.27248954,6.30159622,62435.15234304
2019-04-22,EGX:EFIC,6.30159622,6.37436292,6.22882952,6.31614956,69175.87302983
2019-04-23,EGX:EFIC,6.31614956,6.43985295,6.14878615,6.2579362,151785.08850889
2019-04-24,EGX:EFIC,6.2579362,6.2579362,6.14878615,6.16333949,9757.21037233
2019-04-30,EGX:EFIC,6.16333949,6.28704288,6.14878615,6.20699951,26785.60385451
2019-05-02,EGX:EFIC,6.20699951,6.29431955,6.1851695,6.2579362,48861.63588565
2019-05-05,EGX:EFIC,6.2579362,6.2579362,6.15606282,6.20699951,57729.70328461
2019-05-06,EGX:EFIC,6.20699951,6.20699951,5.9668694,6.09057279,61117.24181528
2019-05-07,EGX:EFIC,6.09057279,6.1124028,5.98142274,6.01780682,57917.97621714
2019-05-08,EGX:EFIC,6.01780682,6.01780682,5.46477917,5.77039931,159961.9056519
2019-05-09,EGX:EFIC,5.77039931,6.00325275,5.5302692,5.81405933,221255.05210488
2019-05-12,EGX:EFIC,5.81405933,5.91593271,5.81405933,5.85771935,15218.49967087
2019-05-13,EGX:EFIC,5.85771935,5.9668694,5.6758026,5.83589007,160884.03074483
2019-05-14,EGX:EFIC,5.83589007,5.95231606,5.69035594,5.79950599,57758.56263923
2019-05-15,EGX:EFIC,5.79950599,5.79950599,5.46477917,5.5302692,490048.33254772
2019-05-16,EGX:EFIC,5.5302692,5.5302692,5.093669,5.22464906,307914.19701594
2019-05-19,EGX:EFIC,5.22464906,5.3847358,5.15915903,5.21737239,166698.50357375
2019-05-20,EGX:EFIC,5.21737239,5.2392024,5.0209023,5.15915903,68020.12458996
2019-05-21,EGX:EFIC,5.15915903,5.3119691,5.15915903,5.2392024,200454.32869706
2019-05-22,EGX:EFIC,5.2392024,5.37018246,5.2392024,5.25375574,146402.13174433
2019-05-23,EGX:EFIC,5.25375574,5.3119691,5.25375574,5.28286242,74494.23981024
2019-05-26,EGX:EFIC,5.28286242,5.51571586,5.28286242,5.42111915,275929.78656446
2019-05-27,EGX:EFIC,5.42111915,5.57392922,5.34835245,5.47933251,253279.31595084
2019-05-28,EGX:EFIC,5.47933251,5.55937588,5.43567249,5.50843919,138691.18704023
2019-05-29,EGX:EFIC,5.50843919,5.5302692,5.3847358,5.44294916,174336.61276381
2019-05-30,EGX:EFIC,5.44294916,5.44294916,5.27558575,5.30469243,36644.50909551
2019-06-02,EGX:EFIC,5.30469243,5.36290579,5.093669,5.13732902,267783.20303106
2019-06-03,EGX:EFIC,5.13732902,5.28286242,5.13732902,5.23192573,47789.71699967
2019-06-09,EGX:EFIC,5.23192573,5.43567249,5.23192573,5.33379911,241556.92095423
2019-06-10,EGX:EFIC,5.33379911,5.6030359,5.33379911,5.48660918,951609.73357319
2019-06-11,EGX:EFIC,5.48660918,5.6758026,5.42839582,5.50843919,759538.36026644
2019-06-12,EGX:EFIC,5.50843919,5.51571586,5.42839582,5.46477917,200933.94368578
2019-06-13,EGX:EFIC,5.46477917,5.6758026,5.4575025,5.6030359,1182602.75648064
2019-06-16,EGX:EFIC,5.6030359,5.75584597,5.6030359,5.69035594,853747.66204871
2019-06-17,EGX:EFIC,5.69035594,5.70490928,5.56665255,5.61758924,317692.021213
2019-06-18,EGX:EFIC,5.61758924,5.61758924,5.48660918,5.5302692,288857.4031803
2019-06-19,EGX:EFIC,5.5302692,5.54482254,5.32652244,5.43567249,199583.05103846
2019-06-20,EGX:EFIC,5.43567249,5.43567249,5.25375574,5.34107578,483339.21972551
2019-06-23,EGX:EFIC,5.34107578,5.39928914,5.26103241,5.31924577,133862.05503342
2019-06-24,EGX:EFIC,5.31924577,5.32652244,5.18826571,5.24647907,242325.12948918
2019-06-25,EGX:EFIC,5.24647907,5.25375574,5.093669,5.19554238,643004.28630129
2019-06-26,EGX:EFIC,5.19554238,5.34107578,5.19554238,5.29013909,357192.23216114
2019-06-27,EGX:EFIC,5.29013909,5.42111915,5.29013909,5.37745913,558752.83611872
2019-07-02,EGX:EFIC,5.37745913,5.43567249,5.32652244,5.37018246,189593.59157417
2019-07-03,EGX:EFIC,5.37018246,5.44294916,5.28286242,5.35562912,240757.10455469
2019-07-04,EGX:EFIC,5.35562912,5.35562912,5.13732902,5.18826571,391194.04892623
2019-07-07,EGX:EFIC,5.18826571,5.37745913,5.14460569,5.24647907,311539.48165851
2019-07-08,EGX:EFIC,5.24647907,5.39201247,5.24647907,5.36290579,221419.96270272
2019-07-09,EGX:EFIC,5.36290579,5.42111915,5.21737239,5.30469243,129450.69654114
2019-07-10,EGX:EFIC,5.30469243,5.34107578,5.14460569,5.18826571,202058.08426107
2019-07-11,EGX:EFIC,5.18826571,5.19554238,5.10822234,5.14460569,322249.05073337
2019-07-14,EGX:EFIC,5.14460569,5.14460569,4.8753689,4.96996561,407502.33279783
2019-07-15,EGX:EFIC,4.96996561,5.1664357,4.8753689,5.093669,639296.5463598
2019-07-16,EGX:EFIC,5.093669,5.23192573,5.05728565,5.12277568,308256.38650647
2019-07-17,EGX:EFIC,5.12277568,5.13005235,5.0209023,5.06456232,347105.20059313
2019-07-18,EGX:EFIC,5.06456232,5.093669,5.0209023,5.05728565,203108.01506733
2019-07-21,EGX:EFIC,5.05728565,5.05728565,4.99907229,5.0209023,81230.83773209
2019-07-22,EGX:EFIC,5.0209023,5.093669,4.9481356,5.0209023,157819.44213493
2019-07-24,EGX:EFIC,5.0209023,5.093669,4.95541227,5.06456232,159579.8627669
2019-07-25,EGX:EFIC,5.06456232,5.08639233,4.8753689,4.9481356,167290.807471
2019-07-28,EGX:EFIC,4.9481356,5.03545564,4.91175225,4.95541227,167315.54406068
2019-07-29,EGX:EFIC,4.95541227,5.03545564,4.88264557,4.98451895,212859.72841973
2019-07-30,EGX:EFIC,4.98451895,5.01362563,4.83898555,4.93358226,136622.93329229
2019-07-31,EGX:EFIC,4.93358226,4.93358226,4.76621885,4.86809223,67768.63592825
2019-08-01,EGX:EFIC,4.86809223,4.98451895,4.86809223,4.96996561,206791.01841914
2019-08-04,EGX:EFIC,4.96996561,5.0209023,4.95541227,4.98451895,66255.58119305
2019-08-05,EGX:EFIC,4.98451895,4.98451895,4.8753689,4.91902892,50703.13756155
2019-08-06,EGX:EFIC,4.91902892,5.05000898,4.91902892,4.99179562,60535.93195789
2019-08-07,EGX:EFIC,4.99179562,5.08639233,4.99179562,5.05728565,162614.21776719
2019-08-08,EGX:EFIC,5.05728565,5.30469243,5.05728565,5.23192573,263954.52865116
2019-08-14,EGX:EFIC,5.23192573,5.3847358,5.23192573,5.31924577,214783.68539456
2019-08-15,EGX:EFIC,5.31924577,5.33379911,5.21009572,5.24647907,268503.31264163
2019-08-18,EGX:EFIC,5.24647907,5.41384248,5.24647907,5.32652244,239814.36563703
2019-08-19,EGX:EFIC,5.32652244,5.36290579,5.2392024,5.29013909,153534.515101
2019-08-20,EGX:EFIC,5.29013909,5.48660918,5.29013909,5.41384248,311580.70930797
2019-08-21,EGX:EFIC,5.41384248,5.58848256,5.37018246,5.48660918,794592.85634775
2019-08-22,EGX:EFIC,5.48660918,5.821336,5.48660918,5.69763261,1928081.11402606
2019-08-25,EGX:EFIC,5.69763261,6.41802294,5.6758026,6.09784946,3781481.08956432
2019-08-26,EGX:EFIC,6.09784946,6.65087638,6.09784946,6.51989632,1245514.77530244
2019-08-27,EGX:EFIC,6.51989632,6.51989632,6.21427618,6.35253291,555664.88517412
2019-08-28,EGX:EFIC,6.35253291,6.8400698,6.30887289,6.70181307,691298.35487936
2019-08-29,EGX:EFIC,6.70181307,7.37126671,6.6217697,7.26939333,3260654.94243933
2019-09-01,EGX:EFIC,7.26939333,7.69871686,7.26939333,7.4949701,867954.71005281
2019-09-02,EGX:EFIC,7.4949701,7.9315703,7.24756332,7.60412015,1845328.97602887
2019-09-03,EGX:EFIC,7.60412015,7.88063361,7.37126671,7.65505684,785797.62446284
2019-09-04,EGX:EFIC,7.65505684,7.7132702,7.35671337,7.53135345,286086.90513655
2019-09-05,EGX:EFIC,7.53135345,7.62595016,7.4222034,7.52407678,207357.21147173
2019-09-08,EGX:EFIC,7.52407678,8.01161367,7.4222034,7.88063361,1650184.76858233
2019-09-09,EGX:EFIC,7.88063361,8.24446711,7.88063361,8.09165704,886162.21430957
2019-09-10,EGX:EFIC,8.09165704,8.21536043,7.77876023,7.96795365,636131.63713622
2019-09-11,EGX:EFIC,7.96795365,8.3681705,7.80786691,8.17897708,1447570.11105355
2019-09-12,EGX:EFIC,8.17897708,8.42638386,8.09165704,8.23719044,409692.89523917
2019-09-15,EGX:EFIC,8.23719044,8.23719044,7.85152693,7.98978366,343911.43201492
2019-09-16,EGX:EFIC,7.98978366,8.004337,7.6405035,7.7860369,441307.63110049
2019-09-17,EGX:EFIC,7.7860369,7.91701696,7.01470988,7.40037339,416623.26311348
2019-09-18,EGX:EFIC,7.40037339,7.46586342,7.2039033,7.29850001,147562.00294915
2019-09-19,EGX:EFIC,7.29850001,7.43675674,7.15296661,7.24028665,522794.08025924
2019-09-22,EGX:EFIC,7.24028665,7.24028665,6.51989632,6.59993969,835680.33180012
2019-09-23,EGX:EFIC,6.59993969,6.78913311,5.9668694,6.34525624,306379.15420103
2019-09-24,EGX:EFIC,6.34525624,6.4762363,5.99597608,6.23610619,216362.70436889
2019-09-25,EGX:EFIC,6.23610619,6.85462314,6.23610619,6.70181307,302649.42617983
2019-09-26,EGX:EFIC,6.70181307,7.0583699,6.64359971,6.92011317,369752.92269678
2019-09-29,EGX:EFIC,6.92011317,7.47314009,6.92011317,7.33488336,254740.14899673
2019-09-30,EGX:EFIC,7.33488336,7.4949701,7.17479662,7.31305335,206432.33786883
2019-10-01,EGX:EFIC,7.31305335,7.53135345,7.27667,7.39309672,235933.46956781
2019-10-02,EGX:EFIC,7.39309672,7.39309672,7.0583699,7.21117997,200407.60402767
2019-10-03,EGX:EFIC,7.21117997,7.9315703,7.1311366,7.67688685,1376690.16184601
2019-10-07,EGX:EFIC,7.67688685,8.25174378,7.63322683,8.05527369,1037441.57698508
2019-10-08,EGX:EFIC,8.05527369,8.5137039,8.004337,8.34634049,950286.3260255
2019-10-09,EGX:EFIC,8.34634049,8.34634049,7.87335694,8.03344368,107314.19729079
2019-10-10,EGX:EFIC,8.03344368,8.32451048,7.99706033,8.16442374,630072.5469205
2019-10-13,EGX:EFIC,8.16442374,8.47732055,8.15714707,8.33906382,860866.30285556
2019-10-14,EGX:EFIC,8.33906382,8.69562065,8.2226371,8.54281058,1037201.08236322
2019-10-15,EGX:EFIC,8.54281058,8.69562065,8.41910719,8.59374727,589948.42421052
2019-10-16,EGX:EFIC,8.59374727,8.77566402,8.5864706,8.68834398,349724.53058885
2019-10-17,EGX:EFIC,8.68834398,8.76838735,8.31723381,8.50642723,478418.0126349
2019-10-20,EGX:EFIC,8.50642723,8.50642723,8.14259373,8.23719044,218040.66970194
2019-10-21,EGX:EFIC,8.23719044,8.4409372,8.15714707,8.30268047,355156.96053277
2019-10-22,EGX:EFIC,8.30268047,8.3681705,8.15714707,8.26629712,226591.28420005
2019-10-23,EGX:EFIC,8.26629712,8.26629712,8.01161367,8.11348705,241104.79106514
2019-10-24,EGX:EFIC,8.11348705,8.28812713,8.09165704,8.19353042,191461.20409473
2019-10-27,EGX:EFIC,8.19353042,8.19353042,8.004337,8.06982703,497638.3428134
2019-10-28,EGX:EFIC,8.06982703,8.78294069,8.06982703,8.57919393,1735682.66803359
2019-10-29,EGX:EFIC,8.57919393,8.90664408,8.57919393,8.82660071,659081.69533592
2019-10-30,EGX:EFIC,8.82660071,9.25592424,8.78294069,9.11039084,1492664.91403348
2019-10-31,EGX:EFIC,9.11039084,9.27775425,9.0958375,9.19043421,451251.74015037
2019-11-03,EGX:EFIC,9.19043421,9.459671,9.0958375,9.29230759,405281.53674689
2019-11-04,EGX:EFIC,9.29230759,9.29230759,8.84115405,8.92119742,578377.19726193
2019-11-05,EGX:EFIC,8.92119742,9.23409423,8.92119742,9.05945415,241200.98891389
2019-11-06,EGX:EFIC,9.05945415,9.21954089,8.95758077,9.0958375,372185.35401495
2019-11-07,EGX:EFIC,9.0958375,9.13949752,8.94302743,9.00124079,321471.22241355
2019-11-11,EGX:EFIC,9.00124079,9.3141376,9.00124079,9.1686042,139859.30377494
2019-11-12,EGX:EFIC,9.1686042,9.27047758,8.8775374,9.05217748,293999.86532301
2019-11-13,EGX:EFIC,9.05217748,9.24864757,8.98668745,9.08856083,357784.53605839
2019-11-14,EGX:EFIC,9.08856083,9.3141376,8.92119742,9.12494418,242400.71351319
2019-11-17,EGX:EFIC,9.12494418,9.22681756,8.8775374,8.93575076,224105.25693758
2019-11-18,EGX:EFIC,8.93575076,8.98668745,8.64468396,8.83387738,211578.92277649
2019-11-19,EGX:EFIC,8.83387738,8.83387738,8.55008725,8.71017399,399735.04363947
2019-11-20,EGX:EFIC,8.71017399,8.8775374,8.52825724,8.732004,182561.52883118
2019-11-21,EGX:EFIC,8.732004,8.93575076,8.52098057,8.79021736,830996.87082141
2019-11-24,EGX:EFIC,8.79021736,9.00851746,8.732004,8.81932404,77738.85582279
2019-11-25,EGX:EFIC,8.81932404,9.00124079,8.62285395,8.68834398,75342.15513415
2019-11-26,EGX:EFIC,8.68834398,8.84115405,8.60830061,8.69562065,262774.0436216
2019-11-27,EGX:EFIC,8.69562065,8.69562065,8.4409372,8.57191726,62561.58380138
2019-11-28,EGX:EFIC,8.57191726,8.6592373,8.53553391,8.57919393,66839.6395604
2019-12-01,EGX:EFIC,8.57919393,8.9503041,8.57919393,8.79021736,488274.16936593
2019-12-02,EGX:EFIC,8.79021736,8.93575076,8.4409372,8.72472733,249614.1779138
2019-12-03,EGX:EFIC,8.72472733,8.90664408,8.5137039,8.73928067,348395.62602124
2019-12-04,EGX:EFIC,8.73928067,8.98668745,8.67379064,8.90664408,158523.06068573
2019-12-05,EGX:EFIC,8.90664408,8.9503041,8.63013062,8.71745066,73393.46156965
2019-12-08,EGX:EFIC,8.71745066,8.8775374,8.56464059,8.64468396,93912.46270616
2019-12-09,EGX:EFIC,8.64468396,8.732004,8.57919393,8.60830061,262416.73732628
2019-12-10,EGX:EFIC,8.60830061,8.8047707,8.60830061,8.74655734,104729.22366962
2019-12-11,EGX:EFIC,8.74655734,8.86298406,8.63740729,8.73928067,125490.09368296
2019-12-12,EGX:EFIC,8.73928067,8.73928067,8.48459722,8.57191726,55015.54969512
2019-12-15,EGX:EFIC,8.57191726,8.71745066,8.4409372,8.49915056,55081.51393426
2019-12-16,EGX:EFIC,8.49915056,8.5864706,8.45549054,8.49187389,7565.27367601
2019-12-17,EGX:EFIC,8.49187389,8.732004,8.49187389,8.71017399,84828.63727502
2019-12-18,EGX:EFIC,8.71017399,8.8047707,8.59374727,8.71017399,104571.18434669
2019-12-19,EGX:EFIC,8.71017399,8.71017399,8.52098057,8.57919393,41780.09996331
2019-12-22,EGX:EFIC,8.57919393,8.65196063,8.46276721,8.55736392,59747.10959821
2019-12-23,EGX:EFIC,8.55736392,8.57919393,8.37544717,8.49915056,91309.62377021
2019-12-24,EGX:EFIC,8.49915056,8.50642723,8.25902045,8.32451048,126015.05908609
2019-12-25,EGX:EFIC,8.32451048,8.42638386,8.23719044,8.39000051,35396.68557183
2019-12-26,EGX:EFIC,8.39000051,8.61557728,8.2226371,8.31723381,149957.32938281
2019-12-29,EGX:EFIC,8.31723381,8.50642723,8.27357379,8.3681705,244496.45236076
2019-12-30,EGX:EFIC,8.3681705,8.5864706,8.3681705,8.44821387,141144.23218313
2019-12-31,EGX:EFIC,8.44821387,8.6592373,8.44821387,8.60102394,171964.64866484
2020-01-02,EGX:EFIC,8.60102394,8.6592373,8.39000051,8.54281058,65542.34285738
2020-01-05,EGX:EFIC,8.54281058,8.54281058,7.82969692,7.98250699,171627.95619425
2020-01-06,EGX:EFIC,7.98250699,8.06255036,7.5677368,7.94612364,149477.71439408
2020-01-08,EGX:EFIC,7.94612364,8.24446711,7.94612364,8.05527369,76257.40895217
2020-01-09,EGX:EFIC,8.05527369,8.30995714,8.004337,8.08438037,244785.04590699
2020-01-12,EGX:EFIC,8.08438037,8.2954038,8.004337,8.03344368,163228.50974415
2020-01-13,EGX:EFIC,8.03344368,8.24446711,7.86608027,7.99706033,103192.80659972
2020-01-14,EGX:EFIC,7.99706033,8.12804039,7.94612364,8.004337,98336.18949327
2020-01-15,EGX:EFIC,8.004337,8.12076372,7.95340031,8.01161367,51960.5808701
2020-01-16,EGX:EFIC,8.01161367,8.01889034,7.97523032,8.004337,76774.12882541
2020-01-19,EGX:EFIC,8.004337,8.2954038,7.93884697,8.09165704,294021.85340272
2020-01-20,EGX:EFIC,8.09165704,8.09165704,7.60412015,7.75693022,144957.78975823
2020-01-21,EGX:EFIC,7.75693022,7.7860369,7.4949701,7.58229014,671562.6790826
2020-01-22,EGX:EFIC,7.58229014,7.8588036,7.58229014,7.66233351,126184.09244888
2020-01-23,EGX:EFIC,7.66233351,7.82242025,7.66233351,7.74965355,127945.88733583
2020-01-26,EGX:EFIC,7.74965355,7.90246362,7.66961018,7.72054687,120508.41937315
2020-01-27,EGX:EFIC,7.72054687,7.73510021,7.36399004,7.5677368,87196.47860903
2020-01-28,EGX:EFIC,7.5677368,7.5677368,7.29122334,7.38582005,82060.88774123
2020-01-29,EGX:EFIC,7.38582005,7.74965355,7.38582005,7.66961018,76565.24206814
2020-01-30,EGX:EFIC,7.66961018,7.8588036,7.66961018,7.77876023,107286.71219115
2020-02-02,EGX:EFIC,7.77876023,7.7860369,7.6405035,7.69871686,309994.81905872
2020-02-03,EGX:EFIC,7.69871686,8.11348705,7.69871686,7.92429363,720523.26132695
2020-02-04,EGX:EFIC,7.92429363,8.0771037,7.8588036,7.92429363,205180.39158021
2020-02-05,EGX:EFIC,7.92429363,7.98978366,7.80786691,7.88791028,80906.51355634
2020-02-06,EGX:EFIC,7.88791028,7.99706033,7.85152693,7.89518695,175348.06443057
2020-02-09,EGX:EFIC,7.89518695,7.96795365,7.89518695,7.9315703,80998.58864013
2020-02-10,EGX:EFIC,7.9315703,7.9315703,7.85152693,7.87335694,140751.19525827
2020-02-11,EGX:EFIC,7.87335694,7.95340031,7.77876023,7.85152693,332551.84033356
2020-02-12,EGX:EFIC,7.85152693,7.8588036,7.67688685,7.70599353,121317.85555756
2020-02-13,EGX:EFIC,7.70599353,7.74965355,7.5677368,7.62595016,140352.66131349
2020-02-16,EGX:EFIC,7.62595016,7.62595016,7.45858675,7.4949701,29271.63111698
2020-02-17,EGX:EFIC,7.4949701,7.74237688,7.39309672,7.54590679,77286.7259337
2020-02-18,EGX:EFIC,7.54590679,7.54590679,7.2039033,7.30577668,70425.07080849
2020-02-19,EGX:EFIC,7.30577668,7.40765006,7.27667,7.29850001,41988.98672057
2020-02-20,EGX:EFIC,7.29850001,7.44403341,7.28394667,7.36399004,48589.53339921
2020-02-23,EGX:EFIC,7.36399004,7.36399004,7.27667,7.29122334,23836.4526631
2020-02-24,EGX:EFIC,7.29122334,7.29122334,6.7673031,6.9128365,49397.59532863
2020-02-25,EGX:EFIC,6.9128365,7.18207329,6.9128365,7.02926322,41296.36220964
2020-02-26,EGX:EFIC,7.02926322,7.09475325,6.9128365,6.94194318,20501.13582174
2020-02-27,EGX:EFIC,6.94194318,7.37126671,6.94194318,7.21845664,145574.83024515
2020-03-01,EGX:EFIC,7.21845664,7.21845664,6.549003,6.65087638,160666.89845767
2020-03-02,EGX:EFIC,6.65087638,7.02198655,6.58538635,6.81096312,136185.92020801
2020-03-03,EGX:EFIC,6.81096312,7.02926322,6.64359971,6.89100649,178261.48499245
2020-03-04,EGX:EFIC,6.89100649,6.9856032,6.73091975,6.80368645,99468.57559845
2020-03-05,EGX:EFIC,6.80368645,6.99287987,6.80368645,6.93466651,111742.04684286
2020-03-08,EGX:EFIC,6.93466651,6.93466651,6.56355707,6.76002643,172089.70586821
2020-03-09,EGX:EFIC,6.76002643,6.76002643,6.42529961,6.549003,241712.2117672
2020-03-10,EGX:EFIC,6.549003,6.7673031,6.549003,6.63632304,116696.23605303
2020-03-11,EGX:EFIC,6.63632304,6.81823979,6.57810968,6.71636641,58995.39212305
2020-03-15,EGX:EFIC,6.71636641,6.71636641,6.04691277,6.09784946,87996.29500857
2020-03-16,EGX:EFIC,6.09784946,6.1124028,5.53754587,5.91593271,107200.13412729
2020-03-17,EGX:EFIC,5.91593271,5.91593271,5.54482254,5.63214258,232761.68906931
2020-03-18,EGX:EFIC,5.63214258,5.821336,5.13732902,5.4575025,325405.71442707
2020-03-19,EGX:EFIC,5.4575025,5.79222932,5.08639233,5.42111915,255069.97019241
2020-03-22,EGX:EFIC,5.42111915,5.76312264,5.42111915,5.43567249,986032.07236277
2020-03-23,EGX:EFIC,5.43567249,5.97414607,5.43567249,5.77767598,257542.25490506
2020-03-24,EGX:EFIC,5.77767598,6.00325275,5.36290579,5.53754587,316033.2954497
2020-03-25,EGX:EFIC,5.53754587,5.78495265,5.49388585,5.64669592,265739.6858728
2020-03-26,EGX:EFIC,5.64669592,5.821336,5.64669592,5.73401596,254613.71753838
2020-03-29,EGX:EFIC,5.73401596,5.78495265,5.63941925,5.68307927,184698.49532822
2020-03-30,EGX:EFIC,5.68307927,5.71218595,5.6030359,5.65397259,111676.08260372
2020-03-31,EGX:EFIC,5.65397259,5.90865604,5.65397259,5.81405933,276772.20486844
2020-04-01,EGX:EFIC,5.81405933,5.81405933,5.70490928,5.74129263,29220.78368265
2020-04-02,EGX:EFIC,5.74129263,5.821336,5.69035594,5.7485693,189527.62733503
2020-04-05,EGX:EFIC,5.7485693,5.78495265,5.6758026,5.69035594,89601.42482757
2020-04-06,EGX:EFIC,5.69035594,5.87954936,5.6758026,5.77039931,778597.90261205
2020-04-07,EGX:EFIC,5.77039931,6.09057279,5.77039931,5.9668694,2051676.11008882
2020-04-08,EGX:EFIC,5.9668694,6.56355707,5.9668694,6.19244617,1871067.39758708
2020-04-09,EGX:EFIC,6.19244617,6.32342623,5.97414607,6.07601945,1367216.04799998
2020-04-12,EGX:EFIC,6.07601945,6.09784946,5.93776272,6.02508276,528232.00722308
2020-04-13,EGX:EFIC,6.02508276,6.21427618,6.02508276,6.11967947,1111834.12192665
2020-04-14,EGX:EFIC,6.11967947,6.38891626,6.11967947,6.27248954,1496275.08187124
2020-04-15,EGX:EFIC,6.27248954,6.43985295,6.14150948,6.25065953,926864.89836697
2020-04-16,EGX:EFIC,6.25065953,6.25065953,6.11967947,6.19244617,626143.55192691
2020-04-21,EGX:EFIC,6.19244617,6.19244617,6.01052942,6.05418944,671717.96989557
2020-04-22,EGX:EFIC,6.05418944,6.08329612,5.90137937,5.95959273,879967.07285063
2020-04-23,EGX:EFIC,5.95959273,6.22155285,5.95959273,6.14878615,929445.7492232
2020-04-26,EGX:EFIC,6.14878615,6.41074627,6.14878615,6.3307029,1646698.28369295
2020-04-27,EGX:EFIC,6.3307029,6.43257628,6.19244617,6.27976621,854104.96834404
2020-04-28,EGX:EFIC,6.27976621,6.67998306,6.27248954,6.51261965,2626859.53877254
2020-04-29,EGX:EFIC,6.51261965,6.81823979,6.51261965,6.74547382,2258858.79117783
2020-04-30,EGX:EFIC,6.74547382,7.0583699,6.71636641,6.90555983,2755504.92189422
2020-05-03,EGX:EFIC,6.90555983,7.17479662,6.6217697,6.93466651,2378431.34290823
2020-05-04,EGX:EFIC,6.93466651,7.03653989,6.78913311,6.88372982,418570.582423
2020-05-05,EGX:EFIC,6.88372982,7.03653989,6.86917648,6.94921985,313114.3778679
2020-05-06,EGX:EFIC,6.94921985,7.10930732,6.9128365,7.04381656,648864.10954461
2020-05-07,EGX:EFIC,7.04381656,7.0583699,6.65815305,6.78185644,800150.34349503
2020-05-10,EGX:EFIC,6.78185644,6.89828316,6.6945364,6.77457977,471645.68408352
2020-05-11,EGX:EFIC,6.77457977,6.87645315,6.59266302,6.77457977,1014799.35190135
2020-05-12,EGX:EFIC,6.77457977,6.77457977,6.1851695,6.28704288,763857.64367492
2020-05-13,EGX:EFIC,6.28704288,6.28704288,5.79222932,5.94503939,327846.39127513
2020-05-14,EGX:EFIC,5.94503939,6.1124028,5.86499602,5.98869941,480664.9195305
2020-05-17,EGX:EFIC,5.98869941,6.0396361,5.82861267,5.91593271,121217.53494387
2020-05-18,EGX:EFIC,5.91593271,5.91593271,5.63941925,5.7485693,426240.29947765
2020-05-19,EGX:EFIC,5.7485693,5.85771935,5.6758026,5.75584597,580020.80622043
2020-05-20,EGX:EFIC,5.75584597,5.82861267,5.6758026,5.77767598,220367.28338649
2020-05-21,EGX:EFIC,5.77767598,5.93048605,5.75584597,5.86499602,318446.48719813
2020-05-31,EGX:EFIC,5.86499602,6.1851695,5.86499602,6.06874278,465788.60935016
2020-06-01,EGX:EFIC,6.06874278,6.13423281,5.9668694,6.0396361,476752.41559669
2020-06-02,EGX:EFIC,6.0396361,6.1851695,6.02508276,6.09784946,428338.78683519
2020-06-03,EGX:EFIC,6.09784946,6.41802294,6.09784946,6.29431955,955776.47467866
2020-06-04,EGX:EFIC,6.29431955,6.51261965,6.29431955,6.41802294,714104.11630595
2020-06-07,EGX:EFIC,6.41802294,6.67270639,6.4034696,6.58538635,908493.85776736
2020-06-08,EGX:EFIC,6.58538635,6.68725973,6.42529961,6.51989632,386458.36625819
2020-06-09,EGX:EFIC,6.51989632,6.549003,6.3307029,6.43985295,276425.89261297
2020-06-10,EGX:EFIC,6.43985295,6.43985295,6.26521287,6.32342623,209454.32457429
2020-06-11,EGX:EFIC,6.32342623,6.4034696,6.22155285,6.29431955,223124.03888042
2020-06-14,EGX:EFIC,6.29431955,6.43257628,6.19244617,6.31614956,349784.99780806
2020-06-15,EGX:EFIC,6.31614956,6.36708625,6.19244617,6.29431955,95965.59964929
2020-06-16,EGX:EFIC,6.29431955,6.43985295,6.19972357,6.32342623,165461.67408993
2020-06-17,EGX:EFIC,6.32342623,6.39619293,6.23610619,6.31614956,99830.00465872
2020-06-18,EGX:EFIC,6.31614956,6.549003,6.31614956,6.44712962,417699.3047644
2020-06-21,EGX:EFIC,6.44712962,6.51261965,6.26521287,6.34525624,371356.6782608
2020-06-22,EGX:EFIC,6.34525624,6.48351297,6.12695614,6.25065953,383070.82772752
2020-06-23,EGX:EFIC,6.25065953,6.26521287,6.1124028,6.15606282,225865.67756955
2020-06-24,EGX:EFIC,6.15606282,6.38164032,6.15606282,6.2579362,376457.91275405
2020-06-25,EGX:EFIC,6.2579362,6.2579362,6.02508276,6.09057279,312420.37910198
2020-06-28,EGX:EFIC,6.09057279,6.1851695,6.03235943,6.08329612,87112.64905513
2020-06-29,EGX:EFIC,6.08329612,6.1851695,6.03235943,6.10512613,156215.68657092
2020-06-30,EGX:EFIC,6.10512613,6.22155285,6.10512613,6.17061616,66808.03169582
2020-07-05,EGX:EFIC,6.17061616,6.43985295,6.11967947,6.35980958,436128.06407326
2020-07-06,EGX:EFIC,6.35980958,6.65087638,6.35980958,6.49806631,533555.87102342
2020-07-07,EGX:EFIC,6.49806631,6.72364308,6.38891626,6.59266302,974488.33051382
2020-07-08,EGX:EFIC,6.59266302,6.79640978,6.4762363,6.67998306,1013827.75362906
2020-07-09,EGX:EFIC,6.67998306,6.86917648,6.41074627,6.6945364,1353039.23360548
2020-07-12,EGX:EFIC,6.6945364,7.4222034,6.6945364,7.17479662,1798855.79530197
2020-07-13,EGX:EFIC,7.17479662,7.5677368,7.17479662,7.35671337,1476037.80300605
2020-07-14,EGX:EFIC,7.35671337,7.35671337,7.09475325,7.21117997,605664.40418488
2020-07-15,EGX:EFIC,7.21117997,7.33488336,6.49078964,6.83279313,1096758.54477391
2020-07-16,EGX:EFIC,6.83279313,6.83279313,6.50534298,6.63632304,348513.8119497
2020-07-19,EGX:EFIC,6.63632304,6.78913311,6.33797957,6.49806631,404230.23168565
2020-07-20,EGX:EFIC,6.49806631,6.62904637,6.4034696,6.51989632,386103.80847283
2020-07-21,EGX:EFIC,6.51989632,6.77457977,6.51989632,6.68725973,679136.1982885
2020-07-22,EGX:EFIC,6.68725973,6.7673031,6.62904637,6.66542972,175217.51020728
2020-07-26,EGX:EFIC,6.66542972,7.05109323,6.63632304,6.89828316,1177243.16205077
2020-07-27,EGX:EFIC,6.89828316,7.04381656,6.79640978,6.90555983,343816.60842116
2020-07-28,EGX:EFIC,6.90555983,6.97832653,6.8400698,6.89100649,161113.53132683
2020-07-29,EGX:EFIC,6.89100649,7.25483999,6.81096312,7.02926322,615818.77424701
2020-08-04,EGX:EFIC,7.02926322,7.27667,7.02926322,7.16751995,240435.5288889
2020-08-05,EGX:EFIC,7.16751995,7.16751995,7.04381656,7.10930732,162461.67546419
2020-08-06,EGX:EFIC,7.10930732,7.25483999,6.94194318,7.03653989,443836.2602674
2020-08-09,EGX:EFIC,7.03653989,7.36399004,6.99287987,7.25483999,909660.60024709
2020-08-10,EGX:EFIC,7.25483999,7.60412015,7.2039033,7.48041676,932996.82409674
2020-08-11,EGX:EFIC,7.48041676,7.67688685,7.4222034,7.54590679,547444.09187169
2020-08-12,EGX:EFIC,7.54590679,7.5677368,7.31305335,7.40037339,260183.5729805
2020-08-13,EGX:EFIC,7.40037339,7.4949701,7.3494367,7.39309672,134609.64974363
2020-08-16,EGX:EFIC,7.39309672,7.77148356,7.39309672,7.62595016,439220.1377828
2020-08-17,EGX:EFIC,7.62595016,7.63322683,7.30577668,7.46586342,523382.26139154
2020-08-18,EGX:EFIC,7.46586342,7.46586342,7.29122334,7.3494367,263061.26291284
2020-08-19,EGX:EFIC,7.3494367,7.42948007,7.3494367,7.39309672,67741.15082861
2020-08-23,EGX:EFIC,7.39309672,7.7132702,7.39309672,7.59684348,813319.82898771
2020-08-24,EGX:EFIC,7.59684348,7.72782354,7.34216003,7.47314009,695250.71220764
2020-08-25,EGX:EFIC,7.47314009,7.48769343,7.26211666,7.29850001,1050268.87298723
2020-08-26,EGX:EFIC,7.29850001,7.45131008,7.21845664,7.30577668,532008.45991367
2020-08-27,EGX:EFIC,7.30577668,7.66233351,7.2039033,7.46586342,1457562.3190278
2020-08-30,EGX:EFIC,7.46586342,8.34634049,7.46586342,8.0771037,5234126.32426646
2020-08-31,EGX:EFIC,8.0771037,8.3681705,7.96067698,8.1498704,1357785.91031337
2020-09-01,EGX:EFIC,8.1498704,8.1498704,7.80059024,7.95340031,900740.31115881
2020-09-02,EGX:EFIC,7.95340031,8.09893371,7.81514358,7.93884697,528833.93090521
2020-09-03,EGX:EFIC,7.93884697,8.22991377,7.9315703,8.06255036,1124620.19027934
2020-09-06,EGX:EFIC,8.06255036,8.06255036,7.7132702,7.8588036,531368.05709205
2020-09-07,EGX:EFIC,7.8588036,8.06255036,7.74237688,7.88063361,518711.16870766
2020-09-08,EGX:EFIC,7.88063361,7.88063361,7.38582005,7.58956681,792646.91129322
2020-09-09,EGX:EFIC,7.58956681,7.77148356,7.34216003,7.61139682,556335.52160535
2020-09-10,EGX:EFIC,7.61139682,7.88063361,7.61139682,7.76420689,724231.00126844
2020-09-13,EGX:EFIC,7.80059024,7.92429363,7.7132702,7.80059024,439365.8088109
2020-09-14,EGX:EFIC,7.80059024,7.85152693,7.53863012,7.63322683,415830.31798886
2020-09-15,EGX:EFIC,7.63322683,7.74965355,7.50224677,7.55318346,214864.76643849
2020-09-16,EGX:EFIC,7.55318346,7.6405035,7.45858675,7.57501347,371679.62818157
2020-09-17,EGX:EFIC,7.57501347,7.62595016,7.4222034,7.48041676,425043.32338831
2020-09-20,EGX:EFIC,7.48041676,7.66961018,7.43675674,7.58229014,213935.77007065
2020-09-21,EGX:EFIC,7.58229014,7.77876023,7.0583699,7.4949701,623180.65818568
2020-09-22,EGX:EFIC,7.4949701,7.95340031,7.27667,7.79331357,1580746.41285093
2020-09-23,EGX:EFIC,7.79331357,8.57191726,7.79331357,8.19353042,3476635.60392322
2020-09-24,EGX:EFIC,8.19353042,8.43366053,8.01889034,8.24446711,3374441.88069543
2020-09-27,EGX:EFIC,8.24446711,8.4409372,8.15714707,8.28812713,908625.78624563
2020-09-28,EGX:EFIC,8.28812713,8.33906382,8.06255036,8.18625375,952252.88490477
2020-09-29,EGX:EFIC,8.18625375,8.25174378,7.95340031,8.05527369,697195.2830072
2020-09-30,EGX:EFIC,8.05527369,8.28085046,7.95340031,8.16442374,1041046.24780291
2020-10-01,EGX:EFIC,8.16442374,8.46276721,8.16442374,8.33906382,1249118.07186529
2020-10-04,EGX:EFIC,8.33906382,8.63013062,8.2226371,8.32451048,1158935.33718033
2020-10-05,EGX:EFIC,8.32451048,8.32451048,8.09893371,8.17897708,902372.92607745
2020-10-06,EGX:EFIC,8.17897708,8.2954038,8.09165704,8.17897708,851319.35349549
2020-10-07,EGX:EFIC,8.17897708,8.25174378,8.04072035,8.13531706,886375.22383178
2020-10-11,EGX:EFIC,8.13531706,8.24446711,8.05527369,8.17897708,562376.7465063
2020-10-12,EGX:EFIC,8.17897708,8.31723381,8.0771037,8.18625375,609475.21325002
2020-10-13,EGX:EFIC,8.18625375,8.20080709,8.05527369,8.12076372,380913.24740575
2020-10-14,EGX:EFIC,8.12076372,8.2226371,8.08438037,8.16442374,219821.70415863
2020-10-15,EGX:EFIC,8.16442374,8.2226371,8.004337,8.06982703,299929.77557042
2020-10-18,EGX:EFIC,8.06982703,8.20808376,7.4222034,7.84425026,470345.63887053
2020-10-19,EGX:EFIC,7.84425026,7.92429363,7.60412015,7.77876023,201311.86380583
2020-10-20,EGX:EFIC,7.77876023,7.77876023,7.4949701,7.63322683,258491.86509763
2020-10-21,EGX:EFIC,7.63322683,7.76420689,7.38582005,7.59684348,279726.85307977
2020-10-22,EGX:EFIC,7.59684348,7.59684348,7.10202992,7.24028665,494336.00809161
2020-10-25,EGX:EFIC,7.24028665,7.25483999,6.99287987,7.12385993,993079.25191056
2020-10-26,EGX:EFIC,7.12385993,7.34216003,7.06564657,7.22573331,457134.92572839
2020-10-27,EGX:EFIC,7.22573331,7.48769343,7.22573331,7.31305335,880747.64968042
2020-10-28,EGX:EFIC,7.31305335,7.3494367,7.09475325,7.17479662,427734.1146431
2020-11-01,EGX:EFIC,7.17479662,7.17479662,6.46168296,6.78913311,260734.64922829
2020-11-02,EGX:EFIC,6.78913311,7.27667,6.78913311,7.08747658,670523.7423162
2020-11-03,EGX:EFIC,7.08747658,7.14568994,6.84734647,7.00743321,366072.66785494
2020-11-04,EGX:EFIC,7.00743321,7.13841327,7.00015654,7.10202992,64150.22256059
2020-11-05,EGX:EFIC,7.10202992,7.14568994,6.94921985,7.02926322,117950.93085161
2020-11-08,EGX:EFIC,7.02926322,7.08747658,6.94921985,6.99287987,144575.74687323
2020-11-09,EGX:EFIC,6.99287987,7.21117997,6.99287987,7.16024328,300851.90066335
2020-11-10,EGX:EFIC,7.16024328,7.30577668,7.15296661,7.22573331,481565.05654372
2020-11-11,EGX:EFIC,7.22573331,7.37126671,7.18207329,7.29122334,307122.6261463
2020-11-12,EGX:EFIC,7.29122334,7.41492673,7.27667,7.38582005,392463.86052961
2020-11-15,EGX:EFIC,7.38582005,7.48041676,7.27667,7.34216003,337932.04858816
2020-11-16,EGX:EFIC,7.34216003,7.37854338,7.27667,7.32760669,194285.29808278
2020-11-17,EGX:EFIC,7.32760669,7.41492673,7.24028665,7.32033002,401734.5846383
2020-11-18,EGX:EFIC,7.32033002,7.32033002,7.16024328,7.22573331,292912.82963224
2020-11-19,EGX:EFIC,7.22573331,7.34216003,7.15296661,7.22573331,430027.74620809
2020-11-22,EGX:EFIC,7.22573331,7.22573331,7.15296661,7.17479662,202163.90189469
2020-11-23,EGX:EFIC,7.17479662,7.88791028,7.17479662,7.69144019,2529607.63646008
2020-11-24,EGX:EFIC,7.69144019,8.4409372,7.69144019,8.24446711,2862075.64723974
2020-11-25,EGX:EFIC,8.24446711,8.36089383,7.8588036,8.08438037,2272762.12883091
2020-11-26,EGX:EFIC,8.08438037,8.89209074,8.08438037,8.66651397,6955951.00506138
2020-11-29,EGX:EFIC,8.66651397,9.98359124,8.66651397,9.56882105,6923052.71504686
2020-11-30,EGX:EFIC,9.56882105,9.91082454,9.32141427,9.63431108,3876629.00749931
2020-12-01,EGX:EFIC,9.63431108,9.85261118,9.27047758,9.51788436,3143310.05803479
2020-12-02,EGX:EFIC,9.51788436,9.77984448,9.21226422,9.459671,4308226.15289686
2020-12-03,EGX:EFIC,9.459671,10.45657479,9.459671,10.04908127,8148928.01240128
2020-12-06,EGX:EFIC,10.04908127,10.45657479,9.90354787,10.15823132,2263891.31292198
2020-12-07,EGX:EFIC,10.15823132,10.15823132,9.83078117,9.94720789,2063999.05451257
2020-12-08,EGX:EFIC,9.94720789,10.10729463,9.68524777,9.91082454,1265427.72999188
2020-12-09,EGX:EFIC,9.91082454,9.91082454,9.40145764,9.55426771,1348350.27560684
2020-12-10,EGX:EFIC,9.55426771,9.6052044,9.29230759,9.43056432,812613.46192695
2020-12-13,EGX:EFIC,9.43056432,9.77984448,9.25592424,9.58337439,1150500.16010071
2020-12-14,EGX:EFIC,9.58337439,9.81622783,9.50333102,9.63431108,1052926.68212245
2020-12-15,EGX:EFIC,9.63431108,9.64158775,9.1686042,9.32869094,1275184.94036421
2020-12-16,EGX:EFIC,9.32869094,9.35052095,8.9503041,9.06673082,650403.27512447
2020-12-17,EGX:EFIC,9.06673082,9.06673082,8.75383401,8.92847409,546319.9512964
2020-12-20,EGX:EFIC,8.92847409,9.5324377,8.92847409,9.24864757,2855998.69170926
2020-12-21,EGX:EFIC,9.24864757,9.24864757,8.32451048,8.36089383,1235040.2038295
2020-12-22,EGX:EFIC,8.36089383,8.36089383,7.7132702,8.11348705,825156.28714783
2020-12-23,EGX:EFIC,8.11348705,8.44821387,8.11348705,8.33178715,471671.79492817
2020-12-24,EGX:EFIC,8.33178715,8.5137039,8.30995714,8.41910719,387732.30062652
2020-12-27,EGX:EFIC,8.41910719,8.41910719,8.09165704,8.20080709,266852.83240823
2020-12-28,EGX:EFIC,8.20080709,8.36089383,8.11348705,8.20808376,435093.2500718
2020-12-29,EGX:EFIC,8.20808376,8.55736392,8.19353042,8.36089383,808625.37396914
2020-12-30,EGX:EFIC,8.36089383,8.84843072,8.36089383,8.71017399,1284873.43798743
2020-12-31,EGX:EFIC,8.71017399,8.73928067,8.55008725,8.60830061,293080.48874004
2021-01-03,EGX:EFIC,8.60830061,8.97941078,8.55736392,8.8047707,533169.70537347
2021-01-04,EGX:EFIC,8.8047707,8.91392075,8.63013062,8.71017399,278146.45985045
2021-01-05,EGX:EFIC,8.71017399,8.76838735,8.47004388,8.6592373,393130.37419589
2021-01-06,EGX:EFIC,8.6592373,8.86298406,8.62285395,8.72472733,418779.46918027
2021-01-10,EGX:EFIC,8.72472733,9.2413709,8.72472733,9.05217748,1305182.17811169
2021-01-11,EGX:EFIC,9.05217748,9.23409423,9.00124079,9.08128416,627094.53637447
2021-01-12,EGX:EFIC,9.08128416,9.43784099,9.0230708,9.27047758,1513636.04505907
2021-01-13,EGX:EFIC,9.27047758,9.44511766,9.08856083,9.21954089,767833.3633379
2021-01-14,EGX:EFIC,9.21954089,9.26320091,9.0958375,9.17588087,607492.16331097
2021-01-17,EGX:EFIC,9.17588087,9.26320091,8.99396412,9.11039084,577841.23781895
2021-01-18,EGX:EFIC,9.11039084,9.18315754,8.73928067,8.92119742,738710.15175898
2021-01-19,EGX:EFIC,8.92119742,8.98668745,8.732004,8.88481407,503325.00992899
2021-01-20,EGX:EFIC,8.88481407,9.0958375,8.88481407,9.01579413,400613.19257298
2021-01-21,EGX:EFIC,9.01579413,9.11039084,8.91392075,8.99396412,387127.62843444
2021-01-24,EGX:EFIC,8.99396412,9.00124079,8.76838735,8.83387738,250236.71542065
2021-01-25,EGX:EFIC,8.83387738,9.2413709,8.83387738,9.01579413,833177.81347787
2021-01-26,EGX:EFIC,9.01579413,9.19771088,9.01579413,9.11039084,370229.78917554
2021-01-27,EGX:EFIC,9.11039084,9.42328765,9.03762414,9.29230759,1407296.19455053
2021-01-31,EGX:EFIC,9.29230759,9.29230759,9.0230708,9.11766751,782748.15265774
2021-02-01,EGX:EFIC,9.11766751,9.459671,9.0958375,9.26320091,1520765.67990578
2021-02-02,EGX:EFIC,9.26320091,9.62703441,9.26320091,9.45239433,1987776.00193495
2021-02-03,EGX:EFIC,9.45239433,9.45239433,9.13949752,9.24864757,505567.79405965
2021-02-04,EGX:EFIC,9.24864757,9.24864757,8.92847409,9.08128416,562603.49857833
2021-02-07,EGX:EFIC,9.08128416,9.1686042,9.0230708,9.07400749,628275.02140402
2021-02-08,EGX:EFIC,9.07400749,9.16132753,8.732004,8.9503041,502481.21737003
2021-02-09,EGX:EFIC,8.9503041,9.01579413,8.65196063,8.79749403,847674.82928318
2021-02-10,EGX:EFIC,8.79749403,8.9503041,8.732004,8.84115405,581500.87883606
2021-02-11,EGX:EFIC,8.84115405,8.94302743,8.64468396,8.76838735,1075571.65571615
2021-02-14,EGX:EFIC,8.76838735,8.89209074,8.47732055,8.71017399,360549.53708221
2021-02-15,EGX:EFIC,8.71017399,8.76838735,8.52098057,8.63740729,343996.6358238
2021-02-16,EGX:EFIC,8.63740729,8.69562065,8.5137039,8.60102394,209512.04328353
2021-02-17,EGX:EFIC,8.60102394,8.60102394,8.42638386,8.49915056,560521.50228058
2021-02-18,EGX:EFIC,8.49915056,8.65196063,8.40455385,8.55008725,246566.08036368
2021-02-21,EGX:EFIC,8.55008725,8.70289732,8.55008725,8.64468396,208969.21256564
2021-02-22,EGX:EFIC,8.64468396,8.6592373,8.47732055,8.55008725,223332.92563769
2021-02-23,EGX:EFIC,8.55008725,8.90664408,8.5137039,8.74655734,1015085.19693761
2021-02-24,EGX:EFIC,8.74655734,9.7507378,8.74655734,9.29230759,6599121.57621549
2021-02-25,EGX:EFIC,9.29230759,9.9690379,9.11766751,9.43784099,2340648.95068761
2021-02-28,EGX:EFIC,9.43784099,9.43784099,8.92847409,9.13222085,1174883.56624665
2021-03-01,EGX:EFIC,9.13222085,9.13222085,8.8775374,9.01579413,383500.96953689
2021-03-02,EGX:EFIC,9.01579413,9.35052095,8.8047707,9.11766751,1014984.87632392
2021-03-03,EGX:EFIC,9.11766751,9.12494418,8.5864706,8.82660071,733383.53944868
2021-03-04,EGX:EFIC,8.82660071,9.0958375,8.8047707,9.00124079,781465.97275952
2021-03-07,EGX:EFIC,9.00124079,9.24864757,9.00124079,9.16132753,299095.60279633
2021-03-08,EGX:EFIC,9.16132753,9.30686093,9.0230708,9.14677419,593803.20943509
2021-03-09,EGX:EFIC,9.14677419,9.23409423,8.8047707,9.00124079,400637.92916265
2021-03-10,EGX:EFIC,9.00124079,9.00124079,8.76838735,8.85570739,241899.11044475
2021-03-11,EGX:EFIC,8.85570739,8.93575076,8.66651397,8.74655734,179696.20719368
2021-03-14,EGX:EFIC,8.74655734,8.91392075,8.66651397,8.75383401,135501.54122696
2021-03-15,EGX:EFIC,8.75383401,8.75383401,8.4409372,8.54281058,331577.49355131
2021-03-16,EGX:EFIC,8.54281058,8.55008725,8.25902045,8.38272384,144140.10804393
2021-03-17,EGX:EFIC,8.38272384,8.5137039,8.38272384,8.4409372,133136.44840291
2021-03-18,EGX:EFIC,8.4409372,8.4409372,8.20080709,8.27357379,70939.04217176
2021-03-21,EGX:EFIC,8.27357379,8.36089383,7.76420689,7.93884697,226716.34140342
2021-03-22,EGX:EFIC,7.93884697,8.14259373,7.42948007,7.75693022,365499.60352744
2021-03-23,EGX:EFIC,7.75693022,7.7860369,6.9856032,7.24756332,365451.50460307
2021-03-24,EGX:EFIC,7.24756332,7.82242025,7.24756332,7.72054687,262475.8302905
2021-03-25,EGX:EFIC,7.72054687,8.19353042,7.6405035,7.96067698,253970.5662068
2021-03-28,EGX:EFIC,7.96067698,8.33178715,7.96067698,8.05527369,132551.01578057
2021-03-29,EGX:EFIC,8.05527369,8.25174378,7.96795365,8.04799702,258872.53372765
2021-03-30,EGX:EFIC,8.04799702,8.28812713,8.04799702,8.17897708,145815.32486701
2021-03-31,EGX:EFIC,8.17897708,8.23719044,8.01161367,8.06982703,108311.90640774
2021-04-01,EGX:EFIC,8.06982703,8.1498704,7.97523032,8.01161367,183457.54307946
2021-04-04,EGX:EFIC,8.01161367,8.01161367,7.6405035,7.8588036,380036.47272722
2021-04-05,EGX:EFIC,7.8588036,7.8588036,7.24028665,7.34216003,175385.16931509
2021-04-06,EGX:EFIC,7.34216003,7.52407678,7.02198655,7.29850001,108427.34382623
2021-04-07,EGX:EFIC,7.29850001,7.38582005,7.27667,7.30577668,36280.33152527
2021-04-08,EGX:EFIC,7.30577668,7.66961018,7.30577668,7.58229014,119183.63757048
2021-04-11,EGX:EFIC,7.58229014,8.004337,7.58229014,7.92429363,78078.29680335
2021-04-12,EGX:EFIC,7.92429363,8.23719044,7.92429363,8.09893371,143472.22012267
2021-04-13,EGX:EFIC,8.09893371,8.17897708,7.82242025,7.92429363,45703.59793697
2021-04-14,EGX:EFIC,7.92429363,7.92429363,7.4222034,7.53863012,63586.77801797
2021-04-15,EGX:EFIC,7.53863012,7.85152693,7.46586342,7.53863012,111365.50097778
2021-04-18,EGX:EFIC,7.53863012,7.86608027,7.53863012,7.79331357,65620.67539135
2021-04-19,EGX:EFIC,7.79331357,8.13531706,7.64778017,8.004337,242834.9780875
2021-04-20,EGX:EFIC,8.004337,8.05527369,7.82969692,7.88063361,118262.88673253
2021-04-21,EGX:EFIC,7.88063361,8.004337,7.83697359,7.87335694,70706.7930798
2021-04-22,EGX:EFIC,7.87335694,7.97523032,7.74965355,7.8588036,43023.80072203
2021-04-25,EGX:EFIC,7.8588036,8.004337,7.85152693,7.99706033,99538.66260254
2021-04-26,EGX:EFIC,7.99706033,8.1498704,7.89518695,8.02616701,156748.89750394
2021-04-27,EGX:EFIC,8.02616701,8.28085046,8.01889034,8.09165704,90582.64288473
2021-04-28,EGX:EFIC,8.09165704,8.14259373,7.73510021,7.96795365,66830.01977553
2021-05-04,EGX:EFIC,7.96795365,8.0771037,7.96795365,8.004337,36933.10264173
2021-05-05,EGX:EFIC,8.004337,8.17170041,8.004337,8.06982703,124155.69209542
2021-05-06,EGX:EFIC,8.06982703,8.20080709,8.06982703,8.1498704,120934.43841757
2021-05-09,EGX:EFIC,8.1498704,8.48459722,8.1498704,8.30995714,226370.02914795
2021-05-10,EGX:EFIC,8.30995714,8.5864706,8.30995714,8.49187389,260854.20941172
2021-05-11,EGX:EFIC,8.49187389,8.57191726,8.44821387,8.48459722,57072.8094032
2021-05-17,EGX:EFIC,8.48459722,8.6592373,8.3681705,8.5137039,121570.71847425
2021-05-18,EGX:EFIC,8.5137039,9.0958375,8.5137039,8.95758077,700461.88709946
2021-05-19,EGX:EFIC,8.95758077,9.13222085,8.732004,8.8775374,227440.57377894
2021-05-20,EGX:EFIC,8.8775374,9.08856083,8.76838735,8.89936741,174922.04538615
2021-05-23,EGX:EFIC,8.89936741,9.27775425,8.89936741,9.12494418,250732.82146916
2021-05-24,EGX:EFIC,9.12494418,9.32869094,8.75383401,9.0958375,496404.26183955
2021-05-25,EGX:EFIC,9.0958375,9.0958375,8.732004,8.84843072,257249.53859389
2021-05-26,EGX:EFIC,8.84843072,9.72890779,8.84843072,9.48150101,2983825.01886165
2021-05-27,EGX:EFIC,9.48150101,10.1145713,9.48150101,9.8235045,3686877.37660221
2021-05-30,EGX:EFIC,9.8235045,9.8962712,9.32141427,9.56882105,1641678.13024364
2021-05-31,EGX:EFIC,9.56882105,9.56882105,9.17588087,9.3869043,441383.2151245
2021-06-01,EGX:EFIC,9.37962763,9.64158775,9.19771088,9.43056432,886735.27863707
2021-06-02,EGX:EFIC,9.43056432,9.7507378,9.35779762,9.52516103,762383.06807922
2021-06-03,EGX:EFIC,9.52516103,9.72890779,9.3141376,9.54699104,827128.34304703
2021-06-06,EGX:EFIC,9.54699104,9.83078117,9.46694767,9.69980111,455036.43837085
2021-06-07,EGX:EFIC,9.69980111,9.75801447,9.47422434,9.6052044,408792.75822595
2021-06-08,EGX:EFIC,9.6052044,9.64158775,9.33596761,9.3869043,413543.55769878
2021-06-09,EGX:EFIC,9.3869043,9.64886442,9.32141427,9.42328765,582407.88712419
2021-06-10,EGX:EFIC,9.42328765,9.6052044,9.35052095,9.47422434,169679.26262975
2021-06-13,EGX:EFIC,9.47422434,9.47422434,9.22681756,9.29958426,191781.40550554
2021-06-14,EGX:EFIC,9.29958426,9.35052095,9.2413709,9.27047758,118580.33963338
2021-06-15,EGX:EFIC,9.27047758,9.27775425,8.8775374,9.17588087,155099.79152552
2021-06-16,EGX:EFIC,9.17588087,9.34324428,9.0230708,9.21226422,91535.00158726
2021-06-17,EGX:EFIC,9.21226422,9.64158775,9.1686042,9.48877768,976880.90843751
2021-06-20,EGX:EFIC,9.48877768,9.88899453,9.29958426,9.63431108,1261983.84700694
2021-06-21,EGX:EFIC,9.63431108,10.31104139,9.63431108,10.09274129,2198939.89970687
2021-06-22,EGX:EFIC,10.09274129,10.5511715,10.09274129,10.32559473,1348189.48777394
2021-06-23,EGX:EFIC,10.32559473,10.4784048,10.12184797,10.31104139,646020.77598682
2021-06-24,EGX:EFIC,10.31104139,10.31104139,9.88171786,9.98359124,685874.17046534
2021-06-27,EGX:EFIC,9.98359124,10.0418046,9.87444119,9.91082454,236602.73174405
2021-06-28,EGX:EFIC,9.91082454,10.0418046,9.66341776,9.84533451,615108.28442131
2021-06-29,EGX:EFIC,9.84533451,9.84533451,9.51788436,9.6779711,354592.14173516
2021-06-30,EGX:EFIC,9.6779711,10.14367798,9.6779711,9.78712115,424870.16726057
2021-07-04,EGX:EFIC,9.78712115,10.08546462,9.78712115,9.96176123,644437.63424753
2021-07-05,EGX:EFIC,9.96176123,10.43474478,9.8962712,10.17278466,1556740.92682505
2021-07-06,EGX:EFIC,10.17278466,10.17278466,9.39418097,9.77984448,452953.06781811
2021-07-07,EGX:EFIC,9.77984448,9.96176123,9.61975774,9.74346113,386734.59150958
2021-07-08,EGX:EFIC,9.74346113,9.7507378,9.40873431,9.50333102,281300.37503418
2021-07-11,EGX:EFIC,9.50333102,9.50333102,9.21226422,9.32141427,315295.32052436
2021-07-12,EGX:EFIC,9.32141427,9.66341776,9.3141376,9.51788436,232528.06572237
2021-07-13,EGX:EFIC,9.51788436,9.71435445,9.51788436,9.62703441,125802.04956388
2021-07-14,EGX:EFIC,9.62703441,9.85988785,9.51788436,9.64158775,413325.05115664
2021-07-15,EGX:EFIC,9.64158775,10.01997459,9.64158775,9.8962712,650232.8675067
2021-07-18,EGX:EFIC,9.8962712,10.88589832,9.86716452,10.25282803,1426556.37812351
2021-07-25,EGX:EFIC,10.25282803,10.90045166,10.25282803,10.68942823,1635432.14135037
2021-07-26,EGX:EFIC,10.68942823,11.2788385,10.5511715,10.99504837,2473144.9962689
2021-07-27,EGX:EFIC,10.99504837,11.04598506,10.64576821,10.78402494,681611.23151112
2021-07-28,EGX:EFIC,10.78402494,11.08236841,10.6967049,10.77674827,868854.84706603
2021-07-29,EGX:EFIC,10.77674827,10.915005,10.64576821,10.79857828,590091.34672865
2021-08-01,EGX:EFIC,10.79857828,10.89317499,10.34014807,10.65304488,1408513.7844646
2021-08-02,EGX:EFIC,10.65304488,11.2060718,10.4056381,10.82768496,3297446.49681791
2021-08-03,EGX:EFIC,10.82768496,11.03870839,10.38380809,10.68942823,1064087.00683142
2021-08-04,EGX:EFIC,10.68942823,10.80585495,10.4784048,10.6239382,316625.59934695
2021-08-05,EGX:EFIC,10.6239382,10.90045166,10.4784048,10.63849154,400541.73131391
2021-08-08,EGX:EFIC,10.63849154,10.98049503,10.63849154,10.88589832,725679.46601948
2021-08-09,EGX:EFIC,10.88589832,11.5699053,10.88589832,11.27156183,2125795.17828897
2021-08-10,EGX:EFIC,11.27156183,11.2788385,10.82768496,10.98049503,754655.63231533
2021-08-11,EGX:EFIC,10.98049503,11.11147509,10.7694716,10.87134498,697707.88011549
2021-08-15,EGX:EFIC,10.87134498,11.43892524,10.87134498,11.14058177,992683.46647574
2021-08-16,EGX:EFIC,11.14058177,11.4243719,10.915005,11.22062514,709075.71732674
2021-08-17,EGX:EFIC,11.22062514,11.33705186,10.7694716,10.99504837,899624.41611341
2021-08-18,EGX:EFIC,10.99504837,10.99504837,10.4056381,10.60938486,1028257.43094025
2021-08-19,EGX:EFIC,10.60938486,10.60938486,10.34742474,10.44202145,433915.51355222
2021-08-22,EGX:EFIC,10.44202145,10.44202145,10.187338,10.28193471,269841.83699412
2021-08-23,EGX:EFIC,10.28193471,10.5511715,10.2601047,10.43474478,512811.49206986
2021-08-24,EGX:EFIC,10.43474478,10.61666153,10.3328714,10.44929812,549609.91772335
2021-08-25,EGX:EFIC,10.44929812,10.7694716,10.4056381,10.59483152,544668.09680802
2021-08-26,EGX:EFIC,10.59483152,10.74036492,10.28193471,10.47112813,367014.03251762
2021-08-29,EGX:EFIC,10.47112813,10.74764159,10.3328714,10.52934149,571428.96407285
2021-08-30,EGX:EFIC,10.52934149,10.76219493,10.34014807,10.59483152,370402.94530328
2021-08-31,EGX:EFIC,10.59483152,10.59483152,10.26738137,10.39108476,92762.21128621
2021-09-01,EGX:EFIC,10.39108476,10.68215156,10.36925475,10.52934149,109282.13042504
2021-09-02,EGX:EFIC,10.52934149,10.67487489,10.46385146,10.58027818,155971.06918412
2021-09-05,EGX:EFIC,10.58027818,10.68215156,10.18006133,10.28921138,194035.18367605
2021-09-06,EGX:EFIC,10.28921138,10.28921138,9.68524777,9.83078117,346488.1601062
2021-09-07,EGX:EFIC,9.83078117,10.3328714,9.6052044,10.3328714,132713.17786845
2021-09-08,EGX:EFIC,10.3328714,10.3328714,9.92537788,9.99086791,191013.19697059
2021-09-09,EGX:EFIC,9.99086791,10.18006133,9.85988785,9.90354787,125758.07340446
2021-09-12,EGX:EFIC,9.90354787,10.10729463,9.8235045,9.92537788,75700.83568445
2021-09-13,EGX:EFIC,9.92537788,10.10729463,9.83805784,9.8962712,123992.15575256
2021-09-14,EGX:EFIC,9.8962712,10.1145713,9.8962712,10.01997459,189010.90746179
2021-09-15,EGX:EFIC,10.01997459,10.31831806,9.83805784,9.88899453,188399.36399479
2021-09-16,EGX:EFIC,9.88899453,10.0418046,9.79439782,9.86716452,203782.7742635
2021-09-19,EGX:EFIC,9.86716452,9.9690379,9.33596761,9.36507429,281485.89945676
2021-09-20,EGX:EFIC,9.36507429,9.459671,8.99396412,9.1686042,194876.22772504
2021-09-21,EGX:EFIC,9.1686042,9.22681756,8.81932404,9.00851746,315956.33717071
2021-09-22,EGX:EFIC,9.00851746,9.25592424,8.9503041,9.1686042,135764.02392853
2021-09-23,EGX:EFIC,9.1686042,9.40873431,9.10311417,9.25592424,188204.21978735
2021-09-26,EGX:EFIC,9.25592424,9.47422434,9.2413709,9.25592424,21452.1202693
2021-09-27,EGX:EFIC,9.25592424,9.3869043,8.84115405,8.92119742,238691.59931672
2021-09-28,EGX:EFIC,8.92119742,9.459671,8.82660071,9.40145764,451661.26813501
2021-09-29,EGX:EFIC,9.40145764,9.66341776,9.35779762,9.53971437,275756.63043672
2021-09-30,EGX:EFIC,9.53971437,9.93265455,9.53971437,9.84533451,286558.27459539
2021-10-03,EGX:EFIC,9.84533451,9.9690379,9.6052044,9.69252444,180101.61241337
2021-10-04,EGX:EFIC,9.69252444,9.81622783,9.47422434,9.5324377,48228.10433894
2021-10-05,EGX:EFIC,9.5324377,9.69252444,9.22681756,9.3141376,157778.21448547
2021-10-06,EGX:EFIC,9.3141376,9.56154438,9.28503092,9.33596761,65572.57646698
2021-10-10,EGX:EFIC,9.33596761,9.51060769,9.0958375,9.16132753,305916.03027209
2021-10-11,EGX:EFIC,9.16132753,9.54699104,9.11766751,9.459671,161535.42760631
2021-10-12,EGX:EFIC,9.459671,9.6779711,9.459671,9.62703441,99671.96533579
2021-10-13,EGX:EFIC,9.62703441,9.80895116,9.33596761,9.40873431,172496.48534288
2021-10-14,EGX:EFIC,9.40873431,9.7507378,9.40145764,9.6052044,96858.8653876
2021-10-17,EGX:EFIC,9.6052044,9.80895116,9.49605435,9.53971437,111316.02779843
2021-10-18,EGX:EFIC,9.53971437,9.79439782,9.5324377,9.54699104,33743.45682847
2021-10-19,EGX:EFIC,9.54699104,9.7507378,9.43056432,9.50333102,307991.15529494
2021-10-20,EGX:EFIC,9.50333102,9.81622783,9.0958375,9.55426771,181298.58850271
2021-10-24,EGX:EFIC,9.55426771,10.13640131,8.8047707,9.86716452,283321.90411273
2021-10-25,EGX:EFIC,9.86716452,9.92537788,9.459671,9.59065106,150902.81681044
2021-10-26,EGX:EFIC,9.59065106,9.90354787,9.59065106,9.6052044,137865.25979603
2021-10-27,EGX:EFIC,9.6052044,9.77984448,9.18315754,9.61248107,141046.6600794
2021-10-28,EGX:EFIC,9.61248107,9.78712115,9.46694767,9.51060769,260491.40609647
2021-10-31,EGX:EFIC,9.51060769,9.51060769,9.0230708,9.26320091,206742.91949477
2021-11-01,EGX:EFIC,9.26320091,9.26320091,9.07400749,9.13222085,321666.366621
2021-11-02,EGX:EFIC,9.13222085,9.13222085,9.00124079,9.08856083,117317.3993049
2021-11-03,EGX:EFIC,9.08856083,9.0958375,8.89936741,8.91392075,192964.63904506
2021-11-04,EGX:EFIC,8.91392075,9.08856083,8.64468396,8.76111068,130819.45450323
2021-11-07,EGX:EFIC,8.76111068,9.0958375,8.55736392,8.73928067,34475.93473388
2021-11-08,EGX:EFIC,8.73928067,8.86298406,8.60102394,8.8047707,65363.68970972
2021-11-09,EGX:EFIC,8.8047707,9.0958375,8.73928067,8.73928067,34480.05749883
2021-11-10,EGX:EFIC,8.73928067,9.05945415,8.6592373,8.71017399,112647.68087601
2021-11-11,EGX:EFIC,8.71017399,8.9503041,8.71017399,8.94302743,41262.00583509
2021-11-14,EGX:EFIC,8.94302743,9.08128416,8.84115405,8.9503041,276732.35147396
2021-11-15,EGX:EFIC,8.9503041,8.9503041,8.69562065,8.71017399,230751.15403062
2021-11-16,EGX:EFIC,8.71017399,8.71017399,8.47732055,8.5137039,712754.59791361
2021-11-17,EGX:EFIC,8.5137039,8.84115405,8.5137039,8.75383401,127517.11978144
2021-11-18,EGX:EFIC,8.75383401,8.83387738,8.47732055,8.71745066,47385.68603496
2021-11-21,EGX:EFIC,8.71745066,9.459671,8.71745066,8.76838735,277753.4229256
2021-11-22,EGX:EFIC,8.76838735,8.9503041,8.61557728,8.88481407,187029.23177772
2021-11-23,EGX:EFIC,8.88481407,9.0230708,8.77566402,8.97213411,94923.91437292
2021-11-24,EGX:EFIC,8.97213411,9.0230708,8.732004,8.8047707,200484.56230666
2021-11-25,EGX:EFIC,8.8047707,9.00851746,8.8047707,8.8775374,40540.52196953
2021-11-28,EGX:EFIC,8.8775374,8.8775374,8.30268047,8.82660071,127261.50835478
2021-11-29,EGX:EFIC,8.82660071,8.8775374,8.47004388,8.55736392,251993.01328767
2021-11-30,EGX:EFIC,8.55736392,8.84115405,8.55736392,8.8047707,56921.64135518
2021-12-01,EGX:EFIC,8.8047707,8.84843072,8.67379064,8.8047707,41846.06420244
2021-12-02,EGX:EFIC,8.8047707,8.98668745,8.8047707,8.83387738,54310.55688935
2021-12-05,EGX:EFIC,8.83387738,9.12494418,8.78294069,9.10311417,230234.43415738
2021-12-06,EGX:EFIC,9.10311417,9.3141376,9.10311417,9.25592424,245922.9290321
2021-12-07,EGX:EFIC,9.25592424,9.41601098,9.03034747,9.06673082,208484.10055699
2021-12-08,EGX:EFIC,9.06673082,9.06673082,8.8775374,8.9503041,105961.93038849
2021-12-09,EGX:EFIC,8.9503041,9.80167449,8.9503041,9.59065106,664210.41492881
2021-12-12,EGX:EFIC,9.59065106,9.77984448,9.459671,9.46694767,303145.53222834
2021-12-13,EGX:EFIC,9.46694767,9.47422434,9.27775425,9.29958426,110905.12555881
2021-12-14,EGX:EFIC,9.29958426,9.40873431,9.25592424,9.32141427,160919.76137436
2021-12-15,EGX:EFIC,9.32141427,9.32869094,9.28503092,9.32141427,79616.08812822
2021-12-16,EGX:EFIC,9.32141427,9.6052044,9.32141427,9.51788436,113572.5544789
2021-12-19,EGX:EFIC,9.51788436,9.65614109,9.35052095,9.45239433,107367.79323509
2021-12-20,EGX:EFIC,9.45239433,9.45239433,9.25592424,9.45239433,30137.41175565
2021-12-21,EGX:EFIC,9.45239433,9.6052044,9.32141427,9.459671,90068.67152145
2021-12-22,EGX:EFIC,9.459671,9.47422434,9.3869043,9.459671,87825.8873908
2021-12-23,EGX:EFIC,9.459671,9.55426771,9.42328765,9.45239433,74271.61050316
2021-12-26,EGX:EFIC,9.45239433,9.72890779,9.45239433,9.55426771,139441.53026041
2021-12-27,EGX:EFIC,9.55426771,9.6779711,9.47422434,9.48877768,154258.74747652
2021-12-28,EGX:EFIC,9.48877768,9.80895116,9.46694767,9.58337439,245382.84682417
2021-12-29,EGX:EFIC,9.58337439,9.67069443,9.51060769,9.58337439,133436.03598899
2021-12-30,EGX:EFIC,9.58337439,9.73618446,9.49605435,9.52516103,80392.54219306
2022-01-02,EGX:EFIC,9.52516103,9.6779711,9.49605435,9.52516103,12019.23407273
2022-01-03,EGX:EFIC,9.52516103,9.66341776,9.459671,9.46694767,109097.98025745
2022-01-04,EGX:EFIC,9.46694767,9.77984448,9.46694767,9.69980111,101859.77926716
2022-01-05,EGX:EFIC,9.69980111,10.01269792,9.69980111,9.83805784,397137.70172345
2022-01-09,EGX:EFIC,9.83805784,9.93265455,9.69980111,9.80895116,172481.36853808
2022-01-10,EGX:EFIC,9.80895116,9.87444119,9.7507378,9.77984448,98103.94040131
2022-01-11,EGX:EFIC,9.77984448,9.96176123,9.62703441,9.66341776,111933.06828536
2022-01-12,EGX:EFIC,9.66341776,9.7507378,9.61975774,9.72163112,84500.19033432
2022-01-13,EGX:EFIC,9.72163112,9.72163112,9.51060769,9.52516103,47068.23313411
2022-01-16,EGX:EFIC,9.52516103,9.52516103,9.20498755,9.459671,135806.62583297
2022-01-17,EGX:EFIC,9.459671,9.5324377,9.3869043,9.45239433,36445.24212311
2022-01-18,EGX:EFIC,9.45239433,9.5324377,9.32141427,9.37962763,69331.1638428
2022-01-19,EGX:EFIC,9.37962763,9.49605435,9.35052095,9.37962763,15031.60099331
2022-01-20,EGX:EFIC,9.37962763,9.67069443,9.37962763,9.5324377,116259.22296875
2022-01-23,EGX:EFIC,9.5324377,9.5324377,9.40873431,9.41601098,84239.08188773
2022-01-24,EGX:EFIC,9.43784099,9.459671,9.3141376,9.32141427,31152.98618736
2022-01-25,EGX:EFIC,9.43784099,9.459671,9.27775425,9.3141376,25698.56816373
2022-01-26,EGX:EFIC,9.43784099,9.459671,9.27775425,9.459671,45560.67541884
2022-01-30,EGX:EFIC,9.43056432,9.48877768,9.3141376,9.3141376,5508.01396793
2022-01-31,EGX:EFIC,9.43056432,9.459671,9.3141376,9.459671,62822.69224797
2022-02-01,EGX:EFIC,9.44511766,9.6779711,9.44511766,9.459671,137435.11798666
2022-02-02,EGX:EFIC,9.48150101,9.58337439,9.459671,9.459671,64129.60873586
2022-02-03,EGX:EFIC,9.459671,9.99814458,9.459671,9.7507378,558321.32005437
2022-02-06,EGX:EFIC,9.71435445,9.88899453,9.71435445,9.77984448,185252.32008597
2022-02-07,EGX:EFIC,9.77984448,10.3328714,9.77984448,10.07818795,1188841.874099
2022-02-08,EGX:EFIC,10.07818795,10.187338,9.99086791,10.01269792,227536.77162768
2022-02-09,EGX:EFIC,10.01269792,10.15095465,9.98359124,10.02725126,175484.11567379
2022-02-10,EGX:EFIC,10.02725126,10.34742474,10.01997459,10.26738137,929771.44765394
2022-02-13,EGX:EFIC,10.26738137,10.26738137,9.64886442,9.72890779,752269.92566655
2022-02-14,EGX:EFIC,9.72890779,9.8235045,9.51788436,9.6779711,317074.98072607
2022-02-15,EGX:EFIC,9.62703441,10.00542125,9.62703441,9.83805784,143694.84942975
2022-02-16,EGX:EFIC,9.83805784,10.44202145,9.83805784,10.12184797,1056442.02636646
2022-02-17,EGX:EFIC,10.12184797,10.21644468,10.0418046,10.187338,283372.75154707
2022-02-20,EGX:EFIC,10.19461467,10.20916801,10.0418046,10.1145713,641777.07660235
2022-02-21,EGX:EFIC,10.1145713,10.3328714,10.1145713,10.187338,248000.80256491
2022-02-22,EGX:EFIC,10.187338,10.34742474,10.0418046,10.3328714,252612.80228456
2022-02-23,EGX:EFIC,10.29648805,10.4056381,10.06363461,10.06363461,263461.17111261
2022-02-24,EGX:EFIC,10.187338,10.187338,9.46694767,10.187338,473661.71614214
2022-02-27,EGX:EFIC,10.10001796,10.42746811,10.10001796,10.4056381,395413.01172102
2022-02-28,EGX:EFIC,10.36925475,10.5511715,10.2601047,10.34014807,580527.90630879
2022-03-01,EGX:EFIC,10.34014807,10.49295814,10.3328714,10.37653142,288223.87163359
2022-03-02,EGX:EFIC,10.37653142,10.4056381,10.20916801,10.29648805,233065.39942034
2022-03-03,EGX:EFIC,10.39108476,10.51478815,10.36925475,10.38380809,227496.9182332
2022-03-06,EGX:EFIC,10.41291477,10.49295814,10.34014807,10.48568147,205551.44042536
2022-03-07,EGX:EFIC,10.46385146,10.49295814,10.19461467,10.49295814,429413.45423112
2022-03-08,EGX:EFIC,10.44929812,10.6239382,10.3328714,10.6239382,560950.26983497
2022-03-09,EGX:EFIC,10.57300151,10.73308825,10.4784048,10.73308825,129839.61070105
2022-03-10,EGX:EFIC,10.64576821,10.98049503,10.5511715,10.98049503,417791.3798482
2022-03-13,EGX:EFIC,10.98049503,11.11875176,10.8422383,10.87862165,290639.81189198
2022-03-14,EGX:EFIC,10.92955834,11.25700849,10.81313162,11.22062514,318123.53727735
2022-03-15,EGX:EFIC,11.10419842,11.38798855,11.02415505,11.27156183,631883.8149868
2022-03-16,EGX:EFIC,11.27156183,11.4243719,11.24245515,11.3516052,255167.54229613
2022-03-17,EGX:EFIC,11.36615854,11.4243719,10.915005,11.05326173,424713.50219262
2022-03-20,EGX:EFIC,11.19151846,11.2788385,10.98049503,11.2060718,298118.50750412
2022-03-21,EGX:EFIC,11.16241178,11.642672,11.16241178,11.642672,666925.94277327
2022-03-22,EGX:EFIC,11.52624528,11.82458875,11.30066851,11.642672,490295.69844448
2022-03-23,EGX:EFIC,11.53352195,11.75182205,11.43164857,11.66450274,443774.41879321
2022-03-24,EGX:EFIC,11.66450274,12.0065055,11.66450274,11.95556881,713388.12946032
2022-03-27,EGX:EFIC,11.95556881,11.96284621,11.78820613,11.85369616,194230.3278835
2022-03-28,EGX:EFIC,11.85369616,11.85369616,11.5699053,11.69360869,442013.99816125
2022-03-29,EGX:EFIC,11.69360869,12.51587313,11.69360869,12.51587313,1233253.67235288
2022-03-30,EGX:EFIC,12.43582903,13.16349603,12.38489234,12.88698184,1187115.80984159
2022-03-31,EGX:EFIC,13.0179619,13.0252393,12.2975723,12.34850826,1226213.36408
2022-04-03,EGX:EFIC,12.34850826,12.50131906,12.30484897,12.370339,501431.28656377
2022-04-04,EGX:EFIC,12.370339,12.37761567,12.03561291,12.28301823,208879.88599181
2022-04-05,EGX:EFIC,12.19569892,12.22480487,11.98467476,12.05744219,29211.16389777
2022-04-06,EGX:EFIC,12.13748556,12.26118895,11.86097137,11.9337388,309061.69992593
2022-04-07,EGX:EFIC,11.9337388,12.12293222,11.83186542,11.86097137,224583.49767132
2022-04-10,EGX:EFIC,11.86097137,11.99922883,11.69360869,11.78820613,122851.52411749
2022-04-11,EGX:EFIC,11.78820613,12.17386891,11.72999277,12.17386891,175152.92022312
2022-04-12,EGX:EFIC,12.05016479,12.51587313,12.0065055,12.50131906,183614.20814741
2022-04-13,EGX:EFIC,12.43582903,13.0252393,12.2975723,12.79238586,458829.38212122
2022-04-14,EGX:EFIC,12.87242996,12.87242996,12.51587313,12.59591504,117023.30873875
2022-04-17,EGX:EFIC,12.58136316,12.72689583,12.22480487,12.55953242,430927.88322131
2022-04-18,EGX:EFIC,12.55953242,12.7341725,12.4431057,12.61774578,388816.58780733
2022-04-19,EGX:EFIC,12.61774578,12.71961916,12.57408649,12.64685173,504025.87996982
2022-04-20,EGX:EFIC,12.64685173,12.64685173,11.17696512,11.57718197,143760.81366889
2022-04-21,EGX:EFIC,11.57718197,11.75182205,11.31522185,11.68633129,93355.88943844
2022-04-26,EGX:EFIC,11.65722534,12.4431057,11.46075525,12.370339,212707.18611673
2022-04-27,EGX:EFIC,12.18114558,12.6614058,12.18114558,12.58863837,85052.64083709
2022-04-28,EGX:EFIC,12.61774578,13.825673,12.61774578,13.64375625,396159.23217626
2022-05-08,EGX:EFIC,13.64375625,13.7529063,13.098006,13.46911617,122810.29646803
2022-05-09,EGX:EFIC,13.46911617,13.68013887,13.32358204,13.46911617,82354.97830739
2022-05-10,EGX:EFIC,13.46911617,13.46911617,12.7341725,12.95974854,106260.14371959
2022-05-11,EGX:EFIC,13.06162338,13.48367024,12.99613335,13.37451873,232903.23733246
2022-05-12,EGX:EFIC,13.40362614,13.40362614,12.88698184,13.098006,159164.83776233
2022-05-15,EGX:EFIC,13.06162338,13.08345266,12.82876848,12.87970663,34484.18026377
2022-05-16,EGX:EFIC,12.87970663,13.03979264,12.6614058,12.87970663,54928.97163125
2022-05-17,EGX:EFIC,12.87970663,13.0252393,12.41399829,12.54497908,73529.51281287
2022-05-18,EGX:EFIC,12.54497908,12.64685173,12.370339,12.53042501,140231.72687507
2022-05-19,EGX:EFIC,12.53042501,12.7341725,12.19569892,12.7341725,119384.27879786
2022-05-22,EGX:EFIC,12.67595914,12.91608925,12.49404239,12.62502245,38744.37070803
2022-05-23,EGX:EFIC,12.61774578,13.098006,12.58863837,12.6614058,38958.75448522
2022-05-24,EGX:EFIC,12.61046911,12.6614058,12.39216974,12.50131906,84994.92212784
2022-05-25,EGX:EFIC,12.50131906,12.71234176,12.4431057,12.46493498,88409.94575816
2022-05-26,EGX:EFIC,12.46493498,12.51587313,12.05744219,12.51587313,67820.85761756
2022-05-29,EGX:EFIC,12.4503831,12.51587313,12.0065055,12.37761567,37511.66398916
2022-05-30,EGX:EFIC,12.37761567,12.6614058,12.13020889,12.6541284,54505.70109679
2022-05-31,EGX:EFIC,12.58136316,13.27992275,12.58136316,13.25809201,254671.43624762
2022-06-01,EGX:EFIC,13.25809201,13.65103292,13.25809201,13.4618395,193143.29219272
2022-06-02,EGX:EFIC,13.4618395,13.5346062,13.3890728,13.4618395,79677.92960241
2022-06-05,EGX:EFIC,13.4618395,13.65103292,13.4618395,13.57098955,52830.48427371
2022-06-06,EGX:EFIC,13.57098955,13.62920291,13.5346062,13.55643548,43962.41687475
2022-06-07,EGX:EFIC,13.60009696,13.70196961,13.54916027,13.67286366,59947.75082558
2022-06-08,EGX:EFIC,13.66558699,13.89116303,13.66558699,13.77473631,131301.81800192
2022-06-09,EGX:EFIC,13.81111966,13.93482305,13.60737363,13.72380035,83281.22616527
2022-06-12,EGX:EFIC,13.72380035,13.72380035,11.642672,13.28719942,201401.19037967
2022-06-13,EGX:EFIC,13.28719942,13.3890728,13.098006,13.29447609,144843.72659472
2022-06-14,EGX:EFIC,13.30903016,13.3817954,12.77783179,13.14894269,41909.27993162
2022-06-15,EGX:EFIC,13.22170939,13.3890728,13.22170939,13.24354013,146883.12098803
2022-06-16,EGX:EFIC,13.24354013,13.34541278,13.23626346,13.30175349,86667.39044096
2022-06-19,EGX:EFIC,13.30175349,13.31630537,13.24354013,13.28719942,91011.41043912
2022-06-20,EGX:EFIC,13.25081534,13.30903016,13.1707727,13.24354013,53905.15166965
2022-06-21,EGX:EFIC,13.24354013,13.4618395,13.24354013,13.44000876,59649.53749449
2022-06-22,EGX:EFIC,13.44000876,13.66558699,13.3890728,13.46911617,84002.71003082
2022-06-23,EGX:EFIC,13.56371215,13.64375625,13.49822212,13.62192551,56010.5103021
2022-06-26,EGX:EFIC,13.62192551,14.1895065,13.62192551,14.00758975,142763.10455194
2022-06-27,EGX:EFIC,14.00758975,14.1895065,13.97120713,14.1895065,78643.11560095
2022-06-28,EGX:EFIC,14.09491052,14.1167398,13.3890728,13.95665306,173488.6974399
2022-06-29,EGX:EFIC,13.70924628,14.04397237,13.70924628,13.81111966,20458.5339173
2022-07-03,EGX:EFIC,13.70924628,13.81111966,13.57098955,13.59281956,32201.54273864
2022-07-04,EGX:EFIC,13.60009696,13.65830959,13.24354013,13.4618395,57512.57099745
2022-07-05,EGX:EFIC,13.3817954,13.49822212,13.19260198,13.31630537,68084.71457411
2022-07-06,EGX:EFIC,13.44000876,13.44000876,13.1707727,13.1707727,37202.45661821
2022-07-07,EGX:EFIC,13.19987865,13.4618395,13.1780501,13.31630537,17204.29811988
2022-07-17,EGX:EFIC,13.19987865,13.31630537,13.19987865,13.31630537,22728.80314759
2022-07-18,EGX:EFIC,13.31630537,13.59281956,13.31630537,13.4618395,34936.31015286
2022-07-19,EGX:EFIC,13.4618395,13.59281956,13.4618395,13.57098955,26531.36668284
2022-07-20,EGX:EFIC,13.48367024,13.70924628,13.48367024,13.5418836,46882.70871154
2022-07-21,EGX:EFIC,13.56371215,13.81111966,13.49822212,13.76018297,46862.09488681
2022-07-24,EGX:EFIC,13.76018297,14.00758975,13.4618395,13.84022634,36718.71886454
2022-07-25,EGX:EFIC,13.84022634,13.92026898,13.64375625,13.7529063,20484.64476196
2022-07-26,EGX:EFIC,13.84022634,14.02942049,13.5418836,13.60737363,61980.27394399
2022-07-27,EGX:EFIC,13.61464884,13.825673,13.4618395,13.64375625,85316.49779363
2022-07-28,EGX:EFIC,13.62192551,14.00758975,13.56371215,13.8984397,106000.40952798
2022-07-31,EGX:EFIC,13.8984397,14.45874402,13.8984397,14.40053066,90082.41407127
2022-08-01,EGX:EFIC,14.31320989,15.60845788,14.31320989,14.44418995,10364959.5213195
2022-08-02,EGX:EFIC,14.44418995,15.05543096,14.28410248,14.56789334,194436.4661308
2022-08-03,EGX:EFIC,14.50968071,14.61883003,13.83294967,14.1895065,137953.21211488
2022-08-04,EGX:EFIC,14.24771986,14.55334,14.1895065,14.53150926,105340.76713662
2022-08-07,EGX:EFIC,14.53150926,14.6261067,13.9057171,14.51695738,123744.7898558
2022-08-08,EGX:EFIC,14.33504063,14.6261067,14.21133724,14.52423259,66093.41910517
2022-08-09,EGX:EFIC,14.52423259,14.88079088,14.2622732,14.4805733,131389.77032076
2022-08-10,EGX:EFIC,14.37869992,15.3537737,14.37869992,15.06270763,280712.19390188
2022-08-11,EGX:EFIC,14.96083279,15.281007,14.77163937,14.96083279,119054.45760217
2022-08-14,EGX:EFIC,14.96083279,15.46292375,14.08035645,14.1167398,431275.56973176
2022-08-15,EGX:EFIC,14.24044319,14.33504063,13.825673,13.84750374,153681.56038408
2022-08-16,EGX:EFIC,13.89116303,14.1895065,13.89116303,13.98575901,181233.99851855
2022-08-17,EGX:EFIC,13.98575901,14.53878666,13.98575901,14.17495316,144865.71467443
2022-08-18,EGX:EFIC,14.17495316,14.67704339,14.17495316,14.37869992,172937.62119211
2022-08-21,EGX:EFIC,14.37869992,14.66976672,14.23316579,14.35686991,72959.19699533
2022-08-22,EGX:EFIC,14.43691328,14.55334,14.28410248,14.40780587,98359.55182797
2022-08-23,EGX:EFIC,14.40780587,14.54606333,14.2622732,14.28410248,108410.85276644
2022-08-24,EGX:EFIC,14.32048656,14.4732959,14.06580311,14.20405984,112254.64395115
2022-08-25,EGX:EFIC,14.20405984,14.49512664,14.19678317,14.40053066,121896.41690499
2022-08-28,EGX:EFIC,14.40053066,14.4805733,14.13129314,14.23316579,193919.74625756
2022-08-29,EGX:EFIC,14.23316579,14.39325399,14.13129314,14.1895065,156421.82481822
2022-08-30,EGX:EFIC,14.1895065,14.37142325,14.1094624,14.32048656,114434.21235263
2022-08-31,EGX:EFIC,14.32048656,14.44418995,14.2622732,14.34959251,300255.47400116
2022-09-01,EGX:EFIC,14.34959251,14.42963661,14.33504063,14.40053066,192791.48291732
2022-09-04,EGX:EFIC,14.40053066,14.51695738,14.34959251,14.49512664,233004.93220113
2022-09-05,EGX:EFIC,14.49512664,14.88079088,14.40780587,14.49512664,158826.77103675
2022-09-06,EGX:EFIC,14.49512664,14.9899402,14.49512664,14.58972262,189133.21615519
2022-09-07,EGX:EFIC,14.58972262,14.9171735,14.56061667,14.76436416,99993.54100158
2022-09-08,EGX:EFIC,14.76436416,16.14693146,14.55334,16.07416403,1023124.58858241
2022-09-11,EGX:EFIC,16.07416403,17.68230737,16.03778141,16.72906433,732809.10086619
2022-09-12,EGX:EFIC,16.72906433,17.35485795,16.67085097,16.67085097,336251.33474515
2022-09-13,EGX:EFIC,16.75817174,16.95464037,16.26335745,16.71451026,240101.58492827
2022-09-14,EGX:EFIC,16.42344419,16.736341,16.008674,16.18331408,2244559.66808994
2022-09-15,EGX:EFIC,16.18331408,16.35067676,15.7176072,16.04505662,233741.53287149
2022-09-18,EGX:EFIC,15.99412066,16.19059075,15.32466629,15.7176072,304108.88497074
2022-09-19,EGX:EFIC,15.61573309,16.19059075,15.61573309,16.19059075,92874.90019473
2022-09-20,EGX:EFIC,16.09599477,16.51804163,16.09599477,16.51804163,74120.44245513
2022-09-21,EGX:EFIC,16.35795416,17.06379188,16.35795416,16.86004439,159755.7674046
2022-09-22,EGX:EFIC,16.86004439,17.0274078,16.62719095,16.77272362,263932.54057144
2022-09-25,EGX:EFIC,16.76544841,17.0274078,16.3725075,16.98374778,74197.40073413
2022-09-26,EGX:EFIC,16.98374778,17.3912413,16.95464037,17.21660122,107333.43686054
2022-09-27,EGX:EFIC,17.1802186,17.464008,17.1802186,17.26026051,87089.28672044
2022-09-28,EGX:EFIC,17.26026051,17.45673133,16.8091077,17.1729412,57917.97621714
2022-09-29,EGX:EFIC,17.19477048,17.71869145,17.19477048,17.71141478,71513.48075425
2022-10-02,EGX:EFIC,17.68230737,17.96609896,17.13655712,17.464008,72173.12314561
2022-10-03,EGX:EFIC,17.47856134,18.64282927,17.24570863,18.40269916,124717.76238307
2022-10-04,EGX:EFIC,18.40269916,19.647009,18.40269916,19.3559422,447523.38638416
2022-10-05,EGX:EFIC,19.3559422,19.647009,19.02849205,19.25406809,79690.29789725
2022-10-09,EGX:EFIC,19.25406809,19.53785895,18.92661867,18.9921087,45538.68733913
2022-10-10,EGX:EFIC,19.17402545,19.63245566,18.919342,18.919342,98921.62211561
2022-10-11,EGX:EFIC,18.919342,19.26134476,18.56278517,18.73742525,26587.7111371
2022-10-12,EGX:EFIC,18.70831784,19.2831755,18.19895167,18.70104263,63061.81261484
2022-10-13,EGX:EFIC,18.35903841,18.8392979,18.35903841,18.66465855,20393.94393315
2022-10-16,EGX:EFIC,18.60644519,20.17820591,18.60644519,19.66156234,109838.70369276
2022-10-17,EGX:EFIC,19.647009,21.3934098,19.647009,21.05868371,399150.98527211
2022-10-18,EGX:EFIC,21.05868371,22.557677,20.52021013,22.557677,331670.94289009
2022-10-19,EGX:EFIC,21.95371339,26.34154613,21.95371339,24.013011,665018.47685823
2022-10-20,EGX:EFIC,24.39139784,24.58786866,22.79053044,23.61279488,175342.56741064
2022-10-23,EGX:EFIC,23.61279488,24.25314257,22.37576025,22.69593446,249080.96698078
2022-10-24,EGX:EFIC,22.69593446,24.41322712,22.25205686,22.87057381,322960.91481406
2022-10-25,EGX:EFIC,22.90695716,24.013011,22.81236045,23.75832901,272330.61276655
2022-10-26,EGX:EFIC,23.75832901,24.2968004,23.30717328,23.6491775,240965.99131196
2022-10-27,EGX:EFIC,23.6491775,24.98080957,23.6491775,24.07122582,236540.89026986
2022-10-30,EGX:EFIC,24.07122582,24.878934,23.29989734,23.88930907,87810.770586
2022-10-31,EGX:EFIC,23.88930907,24.740678,23.32172662,24.02028621,262206.47631403
2022-11-01,EGX:EFIC,24.05667175,24.68246318,22.01192675,22.32482356,623217.7630702
2022-11-02,EGX:EFIC,22.32482356,22.73959375,20.8112762,21.19693898,565809.63545138
2022-11-03,EGX:EFIC,21.19693898,22.1210768,20.11999255,20.38195267,828898.38346386
2022-11-06,EGX:EFIC,20.73123266,21.60443362,20.45471981,20.99319323,494910.4466741
2022-11-07,EGX:EFIC,20.99319295,21.61171063,20.89131884,21.13872562,274185.85699228
2022-11-08,EGX:EFIC,21.13872562,21.3934098,20.47654865,20.60752944,104778.69684897
2022-11-09,EGX:EFIC,20.60752944,21.01502223,20.09816327,20.25824928,112765.86680446
2022-11-10,EGX:EFIC,20.25824928,21.10961967,20.22914187,21.07323559,294905.49935616
2022-11-13,EGX:EFIC,21.07323559,21.93188265,21.07323559,21.64081658,218223.44561455
2022-11-14,EGX:EFIC,21.64081658,22.1938435,21.52438986,21.72085995,200744.29649826
2022-11-15,EGX:EFIC,21.72085995,21.97554413,21.14600229,21.42979388,125376.03051945
2022-11-16,EGX:EFIC,21.25515234,21.5389432,20.56386942,20.95680887,299514.75056585
2022-11-17,EGX:EFIC,20.95680887,21.42251721,20.374676,20.62208278,499522.44639375
2022-11-20,EGX:EFIC,20.62208278,21.5389432,20.62208278,20.91314958,377316.82211781
2022-11-21,EGX:EFIC,20.91314958,21.1751097,20.7385095,20.84038215,148981.60834558
2022-11-22,EGX:EFIC,20.84038215,21.34974978,20.84038215,20.92042625,176452.96543611
2022-11-23,EGX:EFIC,20.92042625,21.01502223,20.46927198,20.54203941,134924.35413451
2022-11-24,EGX:EFIC,20.54203941,20.90587291,20.49837939,20.6657428,133797.46504926
2022-11-27,EGX:EFIC,20.57842349,21.52438986,20.57842349,21.16783303,232963.70455167
2022-11-28,EGX:EFIC,21.16783303,21.50255912,20.95680887,21.04412964,180882.18924316
2022-11-29,EGX:EFIC,21.04412964,21.56077248,21.0295763,21.06596038,309548.18618956
2022-11-30,EGX:EFIC,21.06596038,21.45162316,20.8112762,21.0295763,193394.78085443
2022-12-01,EGX:EFIC,20.94953366,21.64809325,20.89131884,21.30609049,426181.20651342
2022-12-04,EGX:EFIC,21.30609049,22.9215105,21.30609049,22.6304437,822457.25036315
2022-12-05,EGX:EFIC,22.6304437,23.57641226,22.6304437,22.68138039,682408.29940069
2022-12-06,EGX:EFIC,22.68138039,23.04521389,21.91733077,22.54312366,277382.37408045
2022-12-07,EGX:EFIC,22.54312366,23.13253466,22.20112017,22.4776329,608915.89147234
2022-12-08,EGX:EFIC,22.4776329,22.91423383,22.1938435,22.68138039,442537.5893094
2022-12-11,EGX:EFIC,22.68138039,23.285344,22.57950774,22.91423383,243056.23313961
2022-12-12,EGX:EFIC,22.89240309,22.9215105,21.70630661,22.6304437,272076.37559488
2022-12-13,EGX:EFIC,22.6304437,22.9942772,22.41214287,22.91423383,166671.01847411
2022-12-14,EGX:EFIC,22.91423383,24.23131037,22.91423383,24.10760844,456200.43234062
2022-12-15,EGX:EFIC,24.10760844,25.09723629,22.6377211,23.33628069,291828.54245142
2022-12-18,EGX:EFIC,23.33628069,23.6491775,22.6377211,23.17619395,68282.60729152
2022-12-19,EGX:EFIC,23.17619395,23.39449551,22.83418973,23.24168471,91097.98850298
2022-12-20,EGX:EFIC,23.24168471,23.64190229,22.92878717,22.94334124,65569.82795702
2022-12-21,EGX:EFIC,23.08159651,23.285344,22.70321113,22.77597637,85239.53951464
2022-12-22,EGX:EFIC,22.95061791,23.27079066,22.46308102,22.8414664,126732.42018671
2022-12-25,EGX:EFIC,22.62316703,22.62316703,21.68447587,21.83001,166640.78486451
2022-12-26,EGX:EFIC,21.83001,22.77597637,21.83001,22.77597637,63926.21899853
2022-12-27,EGX:EFIC,22.69593446,23.06704463,22.50674031,22.56495367,194751.17052168
2022-12-28,EGX:EFIC,22.58678441,22.98700053,22.4849103,22.56495367,122010.48006849
2022-12-29,EGX:EFIC,22.58678441,23.6491775,22.58678441,23.6491775,322073.14609567
2023-01-02,EGX:EFIC,23.3653881,24.3768445,23.3653881,23.83836946,222032.8804247
2023-01-03,EGX:EFIC,23.98390359,24.34046188,23.47453596,23.54002599,190801.56170336
2023-01-04,EGX:EFIC,23.54002599,24.30407926,22.49218697,24.30407926,481441.37359534
2023-01-05,EGX:EFIC,24.04939362,26.03592453,24.013011,25.54111024,617191.65497405
2023-01-09,EGX:EFIC,25.54111024,26.26877724,25.468345,25.81034922,454346.56236988
2023-01-10,EGX:EFIC,25.61387913,27.14197837,24.74795321,26.87274231,476204.08785887
2023-01-11,EGX:EFIC,26.87274231,28.7428465,26.5598455,28.48816451,495161.93533581
2023-01-12,EGX:EFIC,28.48816451,34.07664707,28.379013,33.85106884,1072861.62489161
2023-01-15,EGX:EFIC,33.85106884,35.49559553,33.61821613,33.87289812,341320.96137382
2023-01-16,EGX:EFIC,33.87289812,34.92074079,31.87181387,32.19198954,195052.13236274
2023-01-17,EGX:EFIC,32.19198954,33.8365155,32.017348,32.73046166,227946.29961232
2023-01-18,EGX:EFIC,32.73046166,33.3926379,30.41647987,30.55473879,203988.91251081
2023-01-19,EGX:EFIC,30.55473879,32.19926475,30.55473879,31.66806784,132057.65824203
2023-01-22,EGX:EFIC,31.66806784,33.8365155,31.32606362,33.09429516,244206.48455956
2023-01-23,EGX:EFIC,33.09429516,33.76375026,32.02462321,32.59948087,143130.03063214
2023-01-24,EGX:EFIC,32.5194375,33.28349004,31.72627974,32.05373062,113587.67128371
2023-01-25,EGX:EFIC,32.05373062,32.94148509,32.017348,32.03917728,169572.07074115
2023-01-29,EGX:EFIC,32.03917728,33.03608326,31.83543125,32.05373062,65994.47274646
2023-01-30,EGX:EFIC,32.05373062,32.67224976,30.57656734,30.65661144,103014.15345206
2023-01-31,EGX:EFIC,30.65661144,31.289681,29.12850928,29.65243025,182682.4632696
2023-02-01,EGX:EFIC,29.65243025,31.26785172,28.75012171,30.58384328,130508.87287729
2023-02-02,EGX:EFIC,30.58384328,32.00279466,30.27094574,30.78031337,50980.73706792
2023-02-05,EGX:EFIC,30.78031337,30.78031337,29.09940479,30.05264637,92164.41036903
2023-02-06,EGX:EFIC,30.49652397,30.562014,29.7543029,29.87800775,29494.26042407
2023-02-07,EGX:EFIC,29.87072962,30.562014,29.84162221,30.4819699,37649.08948736
2023-02-08,EGX:EFIC,30.4819699,31.07138163,29.90711224,29.99443447,53365.06946172
2023-02-09,EGX:EFIC,30.25639532,30.9258475,30.1981805,30.73665554,66020.58359112
2023-02-12,EGX:EFIC,30.73665554,30.90401822,30.48924876,30.67844072,24670.62543718
2023-02-13,EGX:EFIC,30.6420581,31.76994122,30.30733201,30.78031337,36891.87499227
2023-02-14,EGX:EFIC,30.38737246,30.91129416,30.16179788,30.40192653,62336.20598433
2023-02-15,EGX:EFIC,30.40192653,30.78031337,30.05264637,30.38737246,42788.80312011
2023-02-16,EGX:EFIC,30.52563138,32.69407831,30.48924876,32.69407831,138549.63877708
2023-02-19,EGX:EFIC,31.60257781,34.74609925,31.60257781,34.46958506,254855.58641521
2023-02-20,EGX:EFIC,34.200349,34.5641825,32.83233431,33.04335847,383117.55239691
2023-02-21,EGX:EFIC,33.04335847,34.928016,31.58074926,34.928016,339636.12476586
2023-02-22,EGX:EFIC,34.928016,35.64840779,32.81778024,33.21072115,85826.34639196
2023-02-23,EGX:EFIC,33.21072115,39.84704346,33.21072115,39.84704346,728410.11066875
2023-02-26,EGX:EFIC,39.84704346,43.25980388,37.54761574,42.45209278,329994.35181202
2023-02-27,EGX:EFIC,42.45209278,43.65274479,41.12046071,41.73897985,146080.55607854
2023-02-28,EGX:EFIC,41.73897985,42.37204941,40.02896021,40.36368922,115624.31716706
2023-03-01,EGX:EFIC,40.36368922,42.35022013,40.021685,42.204686,143953.20936637
2023-03-02,EGX:EFIC,42.11736669,42.932353,41.477019,42.5685195,131487.34242449
2023-03-05,EGX:EFIC,42.5685195,44.34402625,40.96765137,41.1131855,262165.24866457
2023-03-06,EGX:EFIC,41.63710647,42.78681887,38.71916034,39.12665459,361879.8159048
2023-03-07,EGX:EFIC,39.12665459,40.021685,35.40100101,36.13594322,722214.96920982
2023-03-08,EGX:EFIC,36.13594322,37.72953249,35.655683,36.14321843,576707.47745878
2023-03-09,EGX:EFIC,36.14321843,40.749352,36.14321843,40.72752272,456256.77679488
2023-03-12,EGX:EFIC,40.72752272,44.82428574,40.16721913,40.87305393,571029.05587308
2023-03-13,EGX:EFIC,40.87305393,41.8408525,35.66295821,36.58709603,180737.89247004
2023-03-14,EGX:EFIC,36.58709603,39.87615087,35.655683,38.704607,258167.54092188
2023-03-15,EGX:EFIC,38.704607,40.00713166,32.017348,35.34278619,189596.34008413
2023-03-16,EGX:EFIC,35.34278619,36.0195165,32.96331437,36.0195165,190103.4401725
2023-03-19,EGX:EFIC,36.0195165,36.55799154,33.472682,35.69934375,65391.17480936
2023-03-20,EGX:EFIC,35.69934375,38.2025175,35.655683,36.89999284,224428.20685836
2023-03-21,EGX:EFIC,36.89999284,38.77009703,36.89999284,38.428095,62470.88297257
2023-03-22,EGX:EFIC,38.23162491,39.94891976,36.52888413,37.03825176,184019.6133671
2023-03-23,EGX:EFIC,37.03825176,37.78774731,36.53615934,37.22744372,26965.63125715
2023-03-26,EGX:EFIC,37.22744372,38.566351,36.38335,37.23471893,153791.50078264
2023-03-27,EGX:EFIC,37.23471893,38.38443425,36.56526675,37.05280218,102383.37041531
2023-03-28,EGX:EFIC,37.05280218,37.79502325,35.655683,37.03825176,123978.41320274
2023-03-29,EGX:EFIC,37.03825176,37.48212571,36.6089275,37.111017,137935.34680012
2023-03-30,EGX:EFIC,36.76173684,37.4748505,36.38335,36.64531085,70431.9420834
2023-04-02,EGX:EFIC,36.64531085,37.111017,36.12866801,36.41245741,58003.18002603
2023-04-03,EGX:EFIC,36.41245741,37.838684,36.41245741,37.29293375,131498.33646434
2023-04-04,EGX:EFIC,37.29293375,39.43955213,37.29293375,39.24308131,220530.81972935
2023-04-05,EGX:EFIC,39.24308131,40.34185775,38.58090434,38.72643847,115958.26112769
2023-04-06,EGX:EFIC,38.72643847,39.55597885,38.2025175,38.20979271,77080.5876864
2023-04-09,EGX:EFIC,38.31166901,38.98112119,37.4748505,38.33349756,72875.36744143
2023-04-10,EGX:EFIC,38.33349756,38.98112119,38.2025175,38.22434678,91310.9980252
2023-04-11,EGX:EFIC,38.22434678,38.9301845,38.22434678,38.65367031,87831.38441073
2023-04-12,EGX:EFIC,38.65367031,40.74207679,38.65367031,39.48320996,233815.74264052
2023-04-13,EGX:EFIC,39.48320996,39.48320996,36.0195165,37.59127722,117212.95592627
2023-04-18,EGX:EFIC,37.59127722,39.28674279,37.54761574,38.23890012,49304.14598986
2023-04-19,EGX:EFIC,38.32621943,38.54452172,37.69314987,37.77319397,64797.49665712
2023-04-26,EGX:EFIC,37.79502325,38.20979271,36.39790334,37.111017,101205.63389572
2023-04-27,EGX:EFIC,36.94365359,37.32931637,36.16505063,36.36152072,344407.53806343
2023-04-30,EGX:EFIC,36.36152072,37.08190959,35.69206562,35.94675126,309120.79289015
2023-05-01,EGX:EFIC,35.94675126,36.36879666,34.74609925,34.92074079,143982.06872099
2023-05-02,EGX:EFIC,34.92074079,35.27002022,34.200349,34.49869247,135247.30405529
2023-05-03,EGX:EFIC,34.49869247,34.928016,34.12758376,34.22945641,96585.38864618
2023-05-07,EGX:EFIC,34.22945641,35.10265754,33.84379071,34.89163338,86211.13778693
2023-05-08,EGX:EFIC,34.78976,35.2918495,34.72426997,34.928016,245263.28664073
2023-05-09,EGX:EFIC,34.77520666,35.27729616,33.66915209,33.82196216,374274.22158762
2023-05-10,EGX:EFIC,33.82196216,34.35315834,32.67224976,33.34898007,235444.23479421
2023-05-11,EGX:EFIC,33.34898007,34.8479719,33.34898007,34.32405093,236112.12271547
2023-05-14,EGX:EFIC,34.32405093,34.84069669,33.61821613,34.05481487,117456.19905809
2023-05-15,EGX:EFIC,33.89473032,34.67333401,33.38536269,33.45812866,67267.03285981
2023-05-16,EGX:EFIC,33.45812866,33.45812866,32.017348,32.87599506,154895.0275332
2023-05-17,EGX:EFIC,32.745015,33.38536269,32.017348,32.017348,196276.59355172
2023-05-18,EGX:EFIC,32.017348,32.16288213,31.289681,32.017348,128626.14355193
2023-05-21,EGX:EFIC,32.017348,32.745015,32.017348,32.745015,70349.48678448
2023-05-22,EGX:EFIC,32.745015,32.89054913,32.16288213,32.75229021,82349.48128746
2023-05-23,EGX:EFIC,32.75229021,33.03608326,32.45394674,32.745015,61327.50282753
2023-05-24,EGX:EFIC,32.72318572,33.87289812,32.63586349,33.50906462,182086.0366074
2023-05-25,EGX:EFIC,33.50906462,34.200349,33.50906462,33.93838815,71685.262627
2023-05-28,EGX:EFIC,33.93838815,34.200349,33.54544724,33.9165596,31731.54753479
2023-05-29,EGX:EFIC,33.56727944,34.01843225,33.56727944,34.01115704,48016.4690717
2023-05-30,EGX:EFIC,33.74191806,34.04753966,33.72736399,33.90928074,34495.17430363
2023-05-31,EGX:EFIC,33.90928074,34.47686319,32.76684428,33.07974109,309643.00978332
2023-06-01,EGX:EFIC,33.07974109,34.200349,32.745015,33.21800001,187739.72160343
2023-06-04,EGX:EFIC,33.29076525,33.58910872,32.78139762,32.81778024,129405.34612673
2023-06-05,EGX:EFIC,32.89054913,33.32714787,32.65769569,32.98514657,102654.09864677
2023-06-06,EGX:EFIC,32.89782434,32.95603916,32.61403494,32.89054913,28135.12224685
2023-06-07,EGX:EFIC,32.76684428,32.97786844,32.65769569,32.78139762,66463.09369533
2023-06-08,EGX:EFIC,32.86871693,33.472682,32.63586349,33.472682,112099.35313818
2023-06-11,EGX:EFIC,33.21072115,34.200349,33.21072115,33.99660297,77472.25035628
2023-06-12,EGX:EFIC,33.99660297,34.40409503,33.8365155,34.40409503,36596.41017114
2023-06-13,EGX:EFIC,34.25128569,35.5756389,34.062093,34.08392228,265633.86823918
2023-06-14,EGX:EFIC,34.15668825,34.5641825,33.472682,33.49451128,53290.85969269
2023-06-15,EGX:EFIC,33.49451128,34.12758376,32.8250591,32.89782434,32906.53554442
2023-06-18,EGX:EFIC,33.17433853,33.64732354,32.89054913,33.36353049,18443.87611366
2023-06-19,EGX:EFIC,33.36353049,33.68370616,32.745015,33.07974109,140723.71015863
2023-06-20,EGX:EFIC,33.07974109,33.61821613,32.96331437,33.472682,99181.35630721
2023-06-21,EGX:EFIC,33.42174531,33.61821613,33.12340184,33.14523112,118051.2514653
2023-06-22,EGX:EFIC,33.42902125,33.42902125,32.883271,32.96331437,39405.38735438
2023-06-25,EGX:EFIC,32.94876103,34.928016,32.94876103,34.928016,239506.53252106
2023-06-26,EGX:EFIC,34.928016,35.655683,34.65150181,34.928016,218716.80315309
2023-07-04,EGX:EFIC,34.928016,35.24818875,33.18161374,33.472682,102519.42165853
2023-07-05,EGX:EFIC,33.472682,34.19307379,33.472682,33.61821613,19184.59954897
2023-07-06,EGX:EFIC,33.66187396,33.86562291,32.02462321,32.67952497,28731.54890905
2023-07-09,EGX:EFIC,32.67952497,33.45812866,30.562014,32.017348,127642.1769848
2023-07-10,EGX:EFIC,32.017348,32.745015,32.017348,32.43211819,28231.32009559
2023-07-11,EGX:EFIC,32.43211819,33.25438263,31.289681,32.12649951,41751.24060869
2023-07-12,EGX:EFIC,32.14104993,33.472682,32.14104993,33.472682,109702.65244954
2023-07-13,EGX:EFIC,33.472682,33.96749556,32.96331437,33.472682,45083.80894008
2023-07-16,EGX:EFIC,33.472682,34.5641825,32.59948087,33.8365155,118540.4862389
2023-07-17,EGX:EFIC,33.82196216,34.91346266,33.22527522,33.472682,79541.87835919
2023-07-18,EGX:EFIC,33.472682,34.11302969,33.32714787,33.37808456,19029.308736
2023-07-19,EGX:EFIC,33.37808456,34.01843225,33.19616781,33.32714787,45828.65514033
2023-07-24,EGX:EFIC,33.31259453,33.90200553,32.99969699,33.11612371,143583.53477621
2023-07-25,EGX:EFIC,33.11612371,33.472682,33.07246588,33.09429516,16961.05498806
2023-07-26,EGX:EFIC,33.29076525,33.37080935,32.56309825,32.745015,59821.31936724
2023-07-27,EGX:EFIC,32.70863238,33.1088485,32.67224976,32.745015,16485.56276429
2023-07-30,EGX:EFIC,32.86871693,33.39991676,32.57037346,32.745015,20685.28598933
2023-07-31,EGX:EFIC,32.81050503,33.16706332,32.55582304,32.745015,43188.71131988
2023-08-01,EGX:EFIC,32.745015,33.472682,32.745015,33.34898007,75133.26837688
2023-08-02,EGX:EFIC,33.31259453,33.472682,32.96331437,33.1088485,95913.37795997
2023-08-03,EGX:EFIC,33.43629938,33.472682,33.1088485,33.34898007,51497.45694116
2023-08-06,EGX:EFIC,33.34898007,33.472682,33.07246588,33.07246588,48923.47735984
2023-08-07,EGX:EFIC,33.20344594,33.39991676,33.04335847,33.05791181,81659.60528648
2023-08-08,EGX:EFIC,33.13067778,33.3926379,32.89054913,33.14523112,50795.21264534
2023-08-09,EGX:EFIC,33.08701922,33.14523112,32.745015,33.1088485,81828.63864927
2023-08-10,EGX:EFIC,33.05791181,33.21800001,32.85416651,33.1088485,58824.98450528
2023-08-13,EGX:EFIC,33.1088485,33.79285475,33.1088485,33.66915209,99085.15845847
2023-08-14,EGX:EFIC,33.66915209,34.200349,33.66915209,33.81468622,53031.12550109
2023-08-15,EGX:EFIC,33.81468622,33.90928074,33.29076525,33.5527261,29477.76936428
2023-08-16,EGX:EFIC,33.51634275,33.82924029,33.334426,33.472682,89686.62863645
2023-08-17,EGX:EFIC,33.472682,33.82924029,33.32714787,33.38536269,19584.50774874
2023-08-20,EGX:EFIC,33.43629938,33.472682,33.26165784,33.26165784,12125.05170634
2023-08-21,EGX:EFIC,33.34170194,33.35625528,32.96331437,32.96331437,21939.98078792
2023-08-22,EGX:EFIC,33.23255043,33.36353049,32.92693175,33.1088485,56693.51502817
2023-08-23,EGX:EFIC,33.1088485,33.46540679,33.03608326,33.03608326,41025.63397818
2023-08-24,EGX:EFIC,33.10157329,33.39991676,32.9705925,32.9705925,28137.87075682
2023-08-27,EGX:EFIC,32.9705925,33.82924029,32.9705925,33.82924029,148288.98383464
2023-08-28,EGX:EFIC,33.73464285,35.07355013,33.65459875,33.82924029,142807.08071137
2023-08-29,EGX:EFIC,33.82924029,34.78248187,33.82924029,34.200349,137021.46723707
2023-08-30,EGX:EFIC,34.200349,34.43320244,33.88745219,33.89473032,36941.34817162
2023-08-31,EGX:EFIC,33.93111294,33.93111294,33.18161374,33.19616781,54406.75473809
2023-09-03,EGX:EFIC,33.19616781,33.8365155,33.16706332,33.472682,164841.88509304
2023-09-04,EGX:EFIC,33.472682,34.41864837,33.39991676,34.23673162,184688.87554335
2023-09-05,EGX:EFIC,34.23673162,35.00078124,34.22217828,34.92074079,135436.95124281
2023-09-06,EGX:EFIC,34.92074079,36.0195165,34.89163338,35.56836369,324423.12211492
2023-09-07,EGX:EFIC,35.56836369,37.98421813,35.56836369,37.111017,737488.43907996
2023-09-10,EGX:EFIC,37.111017,38.34805163,37.111017,38.12975226,225817.57864518
2023-09-11,EGX:EFIC,38.12975226,38.52269025,36.42701075,37.111017,257943.53735981
2023-09-12,EGX:EFIC,37.111017,37.98421813,35.655683,37.838684,482603.99331013
2023-09-13,EGX:EFIC,37.838684,39.00294974,37.32931637,38.20979271,547474.3254813
2023-09-14,EGX:EFIC,38.20979271,38.90835522,37.98421813,38.52996838,71990.34723301
2023-09-17,EGX:EFIC,38.52996838,38.9301845,38.27528274,38.28983681,74652.27913317
2023-09-18,EGX:EFIC,38.28983681,38.40626353,36.40517928,37.48212571,158962.82227997
2023-09-19,EGX:EFIC,37.54761574,39.294018,37.54761574,38.66822365,725807.27173281
2023-09-20,EGX:EFIC,38.66822365,39.03933601,36.49250151,37.111017,762420.17296373
2023-09-21,EGX:EFIC,37.111017,37.48212571,36.7471835,37.43846788,46654.58238452
2023-09-24,EGX:EFIC,37.249273,38.34805163,37.249273,37.48212571,145271.11989413
2023-09-25,EGX:EFIC,37.48212571,38.19524229,36.73990829,37.00914435,89158.91472336
2023-09-26,EGX:EFIC,37.00914435,37.36569899,36.38335,37.07463438,160227.13686343
2023-09-27,EGX:EFIC,37.07463438,37.3365945,36.56526675,37.02369769,62349.94853415
2023-10-01,EGX:EFIC,37.111017,37.25655113,36.72535422,36.76173684,87794.27952621
2023-10-02,EGX:EFIC,36.76173684,37.0309729,35.66295821,36.79812019,134553.30528937
2023-10-03,EGX:EFIC,36.79812019,37.10374179,36.09228174,36.17232584,136058.11449468
2023-10-04,EGX:EFIC,36.19415804,36.38335,35.70661969,35.8812605,10464.95168807
2023-10-08,EGX:EFIC,35.89581457,36.37607479,32.745015,34.92074079,154146.058568
2023-10-09,EGX:EFIC,34.27311424,36.28147735,33.9165596,34.61511919,32038.00639578
2023-10-10,EGX:EFIC,34.200349,35.14631537,34.200349,34.57145771,88934.91116129
2023-10-11,EGX:EFIC,34.57145771,34.92074079,32.75229021,34.09119749,72894.60701117
2023-10-12,EGX:EFIC,34.06936894,37.4748505,34.062093,37.17650703,236676.94151308
2023-10-15,EGX:EFIC,37.17650703,37.84595921,36.38335,36.972761,148611.93375541
2023-10-16,EGX:EFIC,36.972761,41.44063638,36.972761,40.021685,667887.92126069
2023-10-17,EGX:EFIC,40.021685,42.204686,39.87615087,41.31693153,470298.91420114
2023-10-18,EGX:EFIC,41.31693153,41.477019,40.04351428,40.25453844,223335.67414765
2023-10-19,EGX:EFIC,40.25453844,41.33148487,40.021685,41.1131855,213222.53173498
2023-10-22,EGX:EFIC,40.96037616,42.81592628,40.96037616,42.59034878,167687.9671608
2023-10-23,EGX:EFIC,42.59034878,44.0238535,42.42298537,42.932353,223530.8183551
2023-10-24,EGX:EFIC,42.6485636,44.387687,42.204686,42.794097,163434.64799146
2023-10-25,EGX:EFIC,42.93962821,45.843021,42.22651528,44.96254466,445008.49976706
2023-10-26,EGX:EFIC,44.96254466,45.4791875,42.93962821,42.96873562,199960.97115851
2023-10-29,EGX:EFIC,42.96873562,43.60908331,41.477019,41.75353319,135780.51498831
2023-10-30,EGX:EFIC,41.75353319,42.932353,41.1131855,41.74625506,105930.3225239
2023-10-31,EGX:EFIC,41.74625506,42.81592628,40.749352,41.12046071,38580.83436517
2023-11-01,EGX:EFIC,41.04042026,41.477019,40.39279371,40.76390534,151283.48544046
2023-11-02,EGX:EFIC,40.76390534,42.204686,40.68386197,41.76808726,98740.22045798
2023-11-05,EGX:EFIC,41.477019,42.932353,41.477019,42.204686,87538.66809956
2023-11-06,EGX:EFIC,42.21923934,42.82320149,41.84812771,42.07370594,60478.21324864
2023-11-07,EGX:EFIC,42.08098407,43.09244047,41.8408525,42.94690634,63663.73629696
2023-11-08,EGX:EFIC,42.94690634,43.35440132,42.5685195,42.932353,103412.68739685
2023-11-09,EGX:EFIC,42.932353,43.87104416,42.57579471,43.30346171,118877.17870949
2023-11-12,EGX:EFIC,43.30346171,43.87831937,42.38660275,42.76498959,76100.74388422
2023-11-13,EGX:EFIC,42.76498959,43.2961865,42.204686,42.78681887,38410.4267474
2023-11-14,EGX:EFIC,42.78681887,43.15065237,42.21196121,42.71405363,56351.32553764
2023-11-15,EGX:EFIC,42.71405363,42.932353,42.5685195,42.64128474,29473.64659934
2023-11-16,EGX:EFIC,42.68494622,43.28891129,42.204686,42.5685195,57693.97265507
2023-11-19,EGX:EFIC,42.77954366,43.25252575,42.38660275,43.25252575,21982.58269236
2023-11-20,EGX:EFIC,42.75043625,43.2961865,42.204686,42.204686,51534.56182567
2023-11-21,EGX:EFIC,42.31383751,42.5685195,41.8408525,42.5685195,53422.78817096
2023-11-22,EGX:EFIC,42.43753944,43.18703499,42.43753944,42.51758281,30905.6202906
2023-11-23,EGX:EFIC,42.55396616,42.932353,42.21196121,42.21923934,35716.88698264
2023-11-26,EGX:EFIC,42.21923934,42.88869225,41.91361774,41.98638663,31084.27343826
2023-11-27,EGX:EFIC,42.17557859,42.56124429,41.477019,41.477019,64371.4776127
2023-11-28,EGX:EFIC,41.477019,42.16830338,41.40425376,41.92817181,62868.04266237
2023-11-29,EGX:EFIC,41.92817181,42.37932754,41.1131855,41.50612641,64161.21660045
2023-11-30,EGX:EFIC,41.60799906,42.13192076,41.25871963,41.338763,82559.74229971
2023-12-03,EGX:EFIC,41.338763,42.38660275,41.15684625,41.53523382,208702.60709913
2023-12-04,EGX:EFIC,41.53523382,42.33566606,41.40425376,41.62255313,94936.28266776
2023-12-05,EGX:EFIC,41.66621096,46.19957929,41.477019,43.84193675,382382.32598153
2023-12-06,EGX:EFIC,43.84193675,46.71621922,42.932353,44.387687,477891.67297679
2023-12-07,EGX:EFIC,44.387687,46.570688,43.66002,44.72241309,378512.42395216
2023-12-10,EGX:EFIC,44.72241309,46.570688,44.43134775,45.32637816,249240.38055869
2023-12-11,EGX:EFIC,45.32637816,47.26196947,44.43862369,45.62472163,354394.24901775
2023-12-12,EGX:EFIC,45.62472163,47.47299362,45.62472163,46.03949109,320911.90063587
2023-12-13,EGX:EFIC,46.03949109,47.37112024,45.843021,46.6507321,486982.36968284
2023-12-14,EGX:EFIC,46.6507321,47.77134001,46.02493775,46.25779119,124901.91255066
2023-12-17,EGX:EFIC,46.25779119,47.14554566,45.20267331,45.31910003,40420.96178609
2023-12-18,EGX:EFIC,45.30454596,46.570688,44.7515205,45.85757434,61207.94264409
2023-12-19,EGX:EFIC,45.85757434,46.81809187,45.85029621,45.89395769,115469.02635409
2023-12-20,EGX:EFIC,45.89395769,46.38149604,44.96981987,45.26088813,16331.6462063
2023-12-21,EGX:EFIC,45.26088813,46.27961974,44.56960375,44.96981987,16459.45191963
2023-12-24,EGX:EFIC,44.96981987,45.28999554,42.932353,42.93962821,22355.00579248
2023-12-25,EGX:EFIC,43.2161424,44.35130438,42.932353,43.24524981,14616.57598874
2023-12-26,EGX:EFIC,43.24524981,43.66002,43.07788713,43.2961865,11451.66676515
2023-12-27,EGX:EFIC,43.32529391,45.02803469,42.67767101,42.932353,76698.5448014
2023-12-28,EGX:EFIC,42.932353,43.79100006,42.5685195,43.47082804,40070.52676568
2023-12-31,EGX:EFIC,42.99056782,43.66002,42.59762691,42.93962821,28752.16273378
2024-01-02,EGX:EFIC,43.32529391,44.20577025,43.30346171,44.06023612,14612.4532238
2024-01-03,EGX:EFIC,43.66729521,44.96981987,43.2961865,43.30346171,110556.06479337
2024-01-04,EGX:EFIC,43.30346171,44.60598637,43.30346171,44.387687,81610.13210713
2024-01-08,EGX:EFIC,44.387687,44.93343725,42.932353,44.0238535,46764.52278309
2024-01-09,EGX:EFIC,43.87104416,44.38041179,40.77118128,44.38041179,40709.55533232
2024-01-10,EGX:EFIC,43.60180518,44.64236899,43.32529391,44.60598637,33617.02537012
2024-01-11,EGX:EFIC,44.59871116,44.65692306,43.75461744,44.387687,31580.37948677
2024-01-14,EGX:EFIC,44.39496221,45.33365337,44.0238535,44.47500631,17087.48644641
2024-01-15,EGX:EFIC,45.02803469,45.82119172,44.7515205,45.50829491,34262.92521167
2024-01-16,EGX:EFIC,45.20267331,46.2068545,45.115354,45.843021,29721.0124961
2024-01-17,EGX:EFIC,45.89395769,54.575025,45.12262921,51.06767006,205583.04828995
2024-01-18,EGX:EFIC,51.06767006,51.55520549,48.753689,50.29634522,122020.09985337
2024-01-21,EGX:EFIC,50.29634522,53.89101656,50.29634522,53.03236878,115201.04663259
2024-01-22,EGX:EFIC,53.03236878,56.030359,52.7558575,54.47315235,108373.74788193
2024-01-23,EGX:EFIC,54.47315235,55.65197434,52.0281905,52.61032628,168332.49274737
2024-01-24,EGX:EFIC,52.04274166,53.119691,50.93669,53.11241287,56520.35890043
2024-01-28,EGX:EFIC,53.11241287,56.59793853,53.11241287,55.65924737,76052.64495985
2024-01-29,EGX:EFIC,55.65924737,57.23101101,55.302692,56.61976781,109191.42959623
2024-01-30,EGX:EFIC,56.61976781,57.1218595,55.302692,56.030359,36941.34817162
2024-01-31,EGX:EFIC,55.49188688,56.030359,47.52393031,48.70275231,80165.79012103
2024-02-01,EGX:EFIC,48.70275231,54.9388585,44.39496221,53.43986594,67785.12698803
2024-02-04,EGX:EFIC,52.7558575,54.50225976,50.209023,51.86082491,22579.00935455
2024-02-05,EGX:EFIC,51.86082491,52.96688166,50.93669,51.15499228,22125.50521049
2024-02-06,EGX:EFIC,51.15499228,51.664357,49.8451895,49.93251172,56403.54722696
2024-02-07,EGX:EFIC,50.39821788,50.86392476,49.8451895,49.88157503,61541.88660472
2024-02-08,EGX:EFIC,50.20174487,51.664357,50.20174487,50.93669,68132.81349848
2024-02-11,EGX:EFIC,50.93669,51.65707887,50.21630113,50.93669,19366.0012066
2024-02-12,EGX:EFIC,51.45333284,51.664357,49.481356,50.93669,1009259.73006884
2024-02-13,EGX:EFIC,50.83481735,53.847358,50.83481735,53.30160775,97054.00959505
2024-02-14,EGX:EFIC,52.88683756,54.66234722,50.93669,54.58230313,176138.26104523
2024-02-15,EGX:EFIC,54.58230313,58.50442826,53.99288922,58.21336,293006.27897101
2024-02-18,EGX:EFIC,58.21336,61.851695,58.21336,58.941027,721207.640308
2024-02-19,EGX:EFIC,58.941027,59.62503544,57.66760975,58.22063813,102893.21901364
2024-02-20,EGX:EFIC,58.22791116,59.95976226,58.07510181,58.89009031,31203.8336217
2024-02-21,EGX:EFIC,58.89009031,59.69052328,58.1333159,59.69052328,71966.98489831
2024-02-22,EGX:EFIC,59.02834922,60.54189222,59.02834922,59.26120194,71290.85144716
2024-02-25,EGX:EFIC,59.56682135,59.56682135,51.664357,56.030359,25400.35483264
2024-02-26,EGX:EFIC,56.51789443,58.09693037,54.575025,55.44095019,23730.63502948
2024-02-27,EGX:EFIC,55.44095019,57.485693,55.302692,56.030359,7084.2844323
2024-02-28,EGX:EFIC,55.78295513,55.78295513,53.4835245,54.64779024,12917.99683097
2024-02-29,EGX:EFIC,55.16443381,56.75074787,53.847358,56.75074787,37213.45065806
2024-03-03,EGX:EFIC,55.68835478,61.30594475,55.68835478,61.22590065,82802.98543152
2024-03-04,EGX:EFIC,61.22590065,63.307029,54.575025,59.93793297,122674.24522481
2024-03-05,EGX:EFIC,59.93793297,61.03670578,58.21336,59.668694,42765.44078541
2024-03-06,EGX:EFIC,59.61775731,61.05126276,58.03144325,60.396361,386073.57486323
2024-03-07,EGX:EFIC,60.396361,64.034696,58.95557816,62.71762019,77103.95002109
2024-03-10,EGX:EFIC,62.71762019,66.14493176,62.71762019,65.48275187,45959.20936362
2024-03-11,EGX:EFIC,65.48275187,65.48275187,62.579362,64.20933462,53222.14694359
2024-03-12,EGX:EFIC,64.20933462,65.8538635,61.851695,65.51913741,130183.17444655
2024-03-13,EGX:EFIC,65.51913741,65.75926897,64.034696,65.49003,70261.53446563
2024-03-14,EGX:EFIC,65.49003,65.69377603,64.3985295,65.69377603,40481.4290053
2024-03-17,EGX:EFIC,65.55551712,66.21041887,63.41618051,64.10018312,25829.12238703
2024-03-18,EGX:EFIC,64.10018312,65.49003,59.668694,59.668694,38715.51135341
2024-03-19,EGX:EFIC,61.10219872,61.10219872,53.30160775,56.030359,89252.36406213
2024-03-20,EGX:EFIC,56.030359,60.38908287,56.030359,58.21336,12784.69409771
2024-03-21,EGX:EFIC,58.21336,60.32359576,57.49297113,58.21336,4462.20592661
2024-03-24,EGX:EFIC,58.21336,59.7487381,57.485693,57.485693,3680.25484184
2024-03-25,EGX:EFIC,58.21336,58.941027,57.485693,58.32978963,7437.46796268
2024-03-26,EGX:EFIC,58.32978963,59.7487381,56.18316834,57.69671716,17182.31004017
2024-03-27,EGX:EFIC,57.69671716,57.69671716,54.75694175,54.75694175,19273.9261228
2024-03-28,EGX:EFIC,56.72891859,57.47841487,55.01162374,55.15716078,7976.17591563
2024-03-31,EGX:EFIC,55.19354049,56.43057803,53.847358,54.72783434,9830.04588637
2024-04-01,EGX:EFIC,54.72783434,55.302692,53.847358,54.37127897,17079.24091652
2024-04-02,EGX:EFIC,54.37127897,56.38691437,54.37127897,54.87337138,17143.83090067
2024-04-03,EGX:EFIC,54.87337138,55.302692,54.03655288,54.40038638,12423.26503744
2024-04-04,EGX:EFIC,54.40038638,57.30377625,54.40038638,54.58230313,5465.41206349
2024-04-07,EGX:EFIC,54.98251706,55.6665255,54.75694175,55.40456465,32120.4616947
2024-04-08,EGX:EFIC,55.40456465,58.19153072,54.82970699,57.23101101,27663.75278802
2024-04-15,EGX:EFIC,57.23101101,61.851695,57.23101101,60.7601945,20163.06909617
2024-04-16,EGX:EFIC,60.7601945,61.82986572,60.7601945,61.4878615,13668.34005115
2024-04-17,EGX:EFIC,61.34233028,64.034696,61.34233028,63.29975087,25602.37031499
2024-04-18,EGX:EFIC,63.307029,64.034696,62.579362,62.65212724,27148.40716976
2024-04-21,EGX:EFIC,62.78310876,64.034696,62.32467855,62.6521287,15681.62359981
2024-04-22,EGX:EFIC,62.63757536,63.2342623,61.4878615,62.3610619,131253.71907755
2024-04-23,EGX:EFIC,62.43383078,62.89953694,56.77985528,58.21336,40287.65905284
2024-04-24,EGX:EFIC,58.26429669,60.25082978,57.1218595,58.35161819,280508.80416454
2024-04-28,EGX:EFIC,58.35161819,58.35161819,48.753689,49.29943925,61506.15597519
2024-04-29,EGX:EFIC,49.29943925,50.13625776,47.31290616,48.76096713,37579.00248328
2024-04-30,EGX:EFIC,48.60815778,48.76096713,43.66002,43.66002,39891.87361801
2024-05-01,EGX:EFIC,43.66002,45.4791875,40.82211724,45.01348135,43497.91869083
2024-05-02,EGX:EFIC,45.01348135,48.01874387,45.01348135,47.298355,53932.63676929
2024-05-07,EGX:EFIC,47.298355,50.09987149,46.57796613,46.9345215,10135.13049238
2024-05-08,EGX:EFIC,46.94907266,48.36802622,45.843021,47.12371638,33041.21253266
2024-05-09,EGX:EFIC,47.12371638,48.17155322,47.12371638,48.026022,25980.29043505
2024-05-12,EGX:EFIC,48.026022,48.3898555,47.298355,48.026022,22295.91282826
2024-05-13,EGX:EFIC,47.85865641,47.85865641,42.204686,46.570688,20300.49459437
2024-05-14,EGX:EFIC,46.570688,46.570688,45.13718328,46.2068545,17987.62345963
2024-05-15,EGX:EFIC,46.2068545,46.570688,44.82428574,45.115354,39454.86053373
2024-05-16,EGX:EFIC,45.115354,46.570688,44.8315646,46.56341279,22499.3025656
2024-05-19,EGX:EFIC,46.56341279,52.7558575,46.56341279,51.03128453,140248.21793485
2024-05-20,EGX:EFIC,50.96579741,56.030359,50.22357416,54.575025,65363.68970972
2024-05-21,EGX:EFIC,54.575025,58.941027,53.119691,58.79549578,70627.08629084
2024-05-22,EGX:EFIC,58.81004694,58.92647584,56.758026,57.47114184,26106.72189339
2024-05-23,EGX:EFIC,57.45658559,58.26429669,55.67380363,56.40147063,20064.12273746
2024-05-26,EGX:EFIC,56.40147063,58.04599441,55.302692,57.51480041,12045.34491739
2024-05-27,EGX:EFIC,57.55118012,57.8495265,56.77257716,57.4056489,155264.70212336
2024-05-28,EGX:EFIC,57.4056489,57.4056489,54.79332728,56.53972372,19646.34922293
2024-05-29,EGX:EFIC,55.44095019,56.3941925,55.15716078,56.22682691,25162.60872075
2024-05-30,EGX:EFIC,56.22682691,58.21336,55.19354049,56.20499762,13049.92530924
2024-06-02,EGX:EFIC,55.9503149,56.758026,55.30997013,56.758026,23158.94495697
2024-06-03,EGX:EFIC,56.53245069,67.12728075,55.44822322,62.579362,335298.97604261
2024-06-04,EGX:EFIC,62.579362,66.79255466,62.579362,66.217697,215637.09773839
2024-06-05,EGX:EFIC,66.217697,73.494367,64.762363,72.7667,328599.48300528
2024-06-06,EGX:EFIC,72.7667,84.409372,71.311366,80.12341337,389356.67001527
2024-06-09,EGX:EFIC,80.12341337,81.8625375,74.222034,74.89876431,247714.95752865
2024-06-10,EGX:EFIC,74.89876431,76.405035,67.41834901,73.45798365,258873.90798263
2024-06-11,EGX:EFIC,73.29789691,74.949701,69.856032,69.87058316,111753.04088271
2024-06-12,EGX:EFIC,69.87058316,71.311366,68.42980541,69.81964647,24593.66715819
2024-06-13,EGX:EFIC,69.81964647,82.226371,69.81964647,80.34899014,391778.10729358
2024-06-23,EGX:EFIC,80.34899014,86.592373,80.34899014,83.67442833,290510.63192367
2024-06-24,EGX:EFIC,83.67442833,85.137039,82.2991377,82.32096771,102526.29293344
2024-06-25,EGX:EFIC,82.32096771,83.65259832,77.9331357,82.23364767,84075.54554487
2024-06-26,EGX:EFIC,82.23364767,85.4281058,81.53508735,82.61203451,82918.42285001
2024-06-27,EGX:EFIC,82.61203451,83.6089383,81.09848715,81.36772394,81491.94617868
2024-07-01,EGX:EFIC,81.36772394,82.85944129,80.05064667,80.05064667,81354.52068048
2024-07-02,EGX:EFIC,80.06520001,81.498704,78.588036,78.588036,80597.30618538
2024-07-03,EGX:EFIC,78.588036,80.03609333,77.91130569,78.2969692,14237.28161371
2024-07-04,EGX:EFIC,78.2969692,79.315703,72.87585005,77.17636202,44153.43831725
2024-07-07,EGX:EFIC,77.17636202,80.74920699,75.75741137,79.07557289,64741.15220286
2024-07-08,EGX:EFIC,79.07557289,79.8978366,77.17636202,77.78032563,28293.16156978
2024-07-09,EGX:EFIC,77.78032563,78.2242025,75.677368,76.7688685,32846.06832521
2024-07-10,EGX:EFIC,77.46015215,77.85309233,76.22311825,76.26677827,14027.02060146
2024-07-14,EGX:EFIC,76.26677827,77.38010878,75.10978774,75.94660479,10609.24846118
2024-07-15,EGX:EFIC,75.94660479,76.73248515,74.949701,75.1680011,19897.83788464
2024-07-16,EGX:EFIC,75.97571147,75.97571147,73.494367,74.56403749,10431.9695685
2024-07-17,EGX:EFIC,74.22931067,75.59004796,72.7667,74.949701,19511.67223469
2024-07-18,EGX:EFIC,74.81872094,78.9518695,74.81872094,76.1139682,33038.46402269
2024-07-21,EGX:EFIC,77.18363869,77.4965355,75.8956681,75.93932812,11334.85509168
2024-07-22,EGX:EFIC,76.05575484,78.40611925,75.8956681,76.0412015,24419.13677548
2024-07-23,EGX:EFIC,76.0412015,76.87801855,75.677368,75.69192134,17514.87974582
2024-07-24,EGX:EFIC,75.77924138,76.37592832,75.02974437,75.677368,18162.15384235
2024-07-28,EGX:EFIC,75.677368,75.68464467,74.8769343,75.6046013,22177.7268998
2024-07-29,EGX:EFIC,75.6046013,76.32499163,74.60042084,75.30625783,17354.09191292
2024-07-30,EGX:EFIC,75.30625783,77.83126232,75.30625783,76.58695175,29491.5119141
2024-07-31,EGX:EFIC,77.4965355,78.0059024,76.45597169,76.79797518,20958.76273075
2024-08-01,EGX:EFIC,76.79797518,76.79797518,72.7667,76.3322683,6684.37623253
2024-08-04,EGX:EFIC,75.50272792,75.50272792,72.94861675,74.28024736,93052.17908741
2024-08-05,EGX:EFIC,74.28024736,74.28024736,67.26553894,70.67829353,20762.24426833
2024-08-06,EGX:EFIC,70.05249991,77.132702,70.05249991,73.05049013,9821.80035648
2024-08-07,EGX:EFIC,73.05049013,75.67009133,73.05049013,73.7854338,6298.21058259
2024-08-08,EGX:EFIC,73.7854338,75.677368,72.75942187,75.26259781,111733.80131296
2024-08-11,EGX:EFIC,75.26259781,79.315703,73.24696022,77.90402902,172633.91084109
2024-08-12,EGX:EFIC,77.90402902,79.23565963,76.48507837,77.82398565,51853.3889815
2024-08-13,EGX:EFIC,77.82398565,77.83853899,74.59314417,76.1139682,24890.50623431
2024-08-14,EGX:EFIC,76.1139682,77.37283211,75.677368,76.74703849,27123.67058009
2024-08-15,EGX:EFIC,76.74703849,77.37283211,76.405035,76.4778017,19778.2777012
2024-08-18,EGX:EFIC,76.4778017,77.37283211,75.68464467,76.7688685,8648.18660184
2024-08-19,EGX:EFIC,76.43414168,77.09631865,75.677368,75.70647468,12986.70958007
2024-08-20,EGX:EFIC,75.70647468,77.09631865,75.2407678,75.68464467,11760.87413611
2024-08-21,EGX:EFIC,75.74285803,76.7688685,74.6586342,75.3135345,40660.08215296
2024-08-22,EGX:EFIC,75.45179123,76.405035,74.40395075,75.1680011,49287.65493007
2024-08-25,EGX:EFIC,75.64098465,77.09631865,74.949701,75.35719452,12241.86337982
2024-08-26,EGX:EFIC,75.35719452,75.677368,73.494367,73.494367,37568.00844342
2024-08-27,EGX:EFIC,74.10560728,75.6046013,73.16691685,75.6046013,46099.38337179
2024-08-28,EGX:EFIC,73.71994377,75.67009133,72.9122334,74.222034,101583.55401578
2024-08-29,EGX:EFIC,74.222034,75.3135345,72.8394667,73.494367,53356.82393183
2024-09-01,EGX:EFIC,73.494367,74.949701,73.494367,74.222034,42759.94376549
2024-09-02,EGX:EFIC,74.222034,74.85510429,73.87275384,74.222034,28579.00660604
2024-09-03,EGX:EFIC,74.25114068,78.9518695,73.64717707,77.08176531,60380.64114492
2024-09-04,EGX:EFIC,77.08176531,77.860369,75.677368,77.21274537,117754.41238918
2024-09-05,EGX:EFIC,77.80215564,82.226371,77.02355195,79.95604996,238275.20005717
2024-09-08,EGX:EFIC,79.95604996,81.38955395,77.13997867,78.08594577,46600.98644023
2024-09-09,EGX:EFIC,78.08594577,79.315703,77.4965355,77.76577229,20786.980858
2024-09-10,EGX:EFIC,77.76577229,77.82398565,74.95697767,74.98608435,21812.17507459
2024-09-11,EGX:EFIC,75.81562473,78.53709931,74.5858675,76.07030818,29868.05777918
2024-09-12,EGX:EFIC,76.07030818,81.49142733,75.677368,77.5693022,217998.0677975
2024-09-16,EGX:EFIC,77.5693022,79.30842633,76.49235504,76.82708186,42384.7721554
2024-09-17,EGX:EFIC,76.82708186,78.56620599,74.222034,75.3135345,68290.85282141
2024-09-18,EGX:EFIC,75.3135345,78.2242025,75.10978774,76.22311825,11336.22934667
2024-09-19,EGX:EFIC,76.2595016,77.12542533,75.20438445,76.4778017,30456.23891148
2024-09-22,EGX:EFIC,77.04538196,80.76376033,76.41958834,80.04337,179326.53260351
2024-09-23,EGX:EFIC,80.04337,80.771037,77.97679572,80.03609333,22058.16671637
2024-09-24,EGX:EFIC,79.99243331,80.66188695,79.06101955,80.03609333,20887.30147169
2024-09-25,EGX:EFIC,80.03609333,80.6982703,78.74812274,79.03191287,6917.99957948
2024-09-26,EGX:EFIC,79.03191287,85.73372594,78.8791028,83.15050809,366087.78465974
2024-09-29,EGX:EFIC,83.15050809,92.7775425,83.15050809,90.07789793,170895.47828883
2024-09-30,EGX:EFIC,90.07789793,92.83575586,90.07789793,92.6320091,85034.77552232
2024-10-01,EGX:EFIC,92.6320091,92.83575586,90.77645825,91.686042,36203.37324628
2024-10-02,EGX:EFIC,92.15174888,98.962712,85.864706,95.89923393,110446.12439481
2024-10-03,EGX:EFIC,95.89923393,103.32143733,91.69331867,101.97525338,100695.7852974
2024-10-07,EGX:EFIC,101.97525338,119.337388,98.3078117,109.4411168,157403.04287538
2024-10-08,EGX:EFIC,109.4411168,112.788385,103.77986754,109.15005,57702.21818497
2024-10-09,EGX:EFIC,109.15005,109.16460334,99.690379,100.9274129,87684.33912765
2024-10-10,EGX:EFIC,100.9274129,106.967049,100.9274129,103.64161081,43360.49319263
2024-10-13,EGX:EFIC,103.64161081,106.87245229,100.69455946,104.06365767,33263.84183974
2024-10-14,EGX:EFIC,103.84535757,105.511715,100.42532267,103.34326734,34381.11114012
2024-10-15,EGX:EFIC,104.70400463,104.94413474,100.96379625,101.88065667,27309.19500266
2024-10-16,EGX:EFIC,101.88793334,103.6925475,100.7818795,101.87338,16764.53652564
2024-10-17,EGX:EFIC,100.84736953,101.87338,99.05003204,100.418046,21026.10122487
2024-10-20,EGX:EFIC,100.5635794,103.27777731,100.5635794,100.7818795,14303.24585284
2024-10-21,EGX:EFIC,100.93468957,102.8193471,98.962712,102.601047,24052.21069528
2024-10-22,EGX:EFIC,101.02928628,102.7465804,101.02928628,101.70601659,19371.49822652
2024-10-23,EGX:EFIC,101.70601659,102.4555136,101.70601659,101.7278466,12575.80734045
2024-10-24,EGX:EFIC,101.7278466,102.3099802,98.96998867,99.82135906,5248.27977633
2024-10-27,EGX:EFIC,99.82135906,101.85882666,99.14462875,100.418046,1463.58155585
2024-10-28,EGX:EFIC,99.82135906,101.83699665,98.96998867,99.3993122,8340.35348587
2024-10-29,EGX:EFIC,99.69765567,99.69765567,98.96998867,99.3265455,69890.48562048
2024-10-30,EGX:EFIC,99.3265455,101.83699665,98.25687501,98.962712,17918.91071053
2024-10-31,EGX:EFIC,99.02820203,100.7091128,98.97726534,99.38475886,14417.30901635
2024-11-03,EGX:EFIC,99.38475886,105.511715,99.38475886,105.27158489,32652.29837274
2024-11-04,EGX:EFIC,104.72583464,112.060718,104.72583464,110.50351062,27524.95303484
2024-11-05,EGX:EFIC,110.50351062,111.6968845,107.01798569,107.70926934,23699.0271649
2024-11-06,EGX:EFIC,107.70926934,114.6803192,107.06892238,110.26338051,374547.69832904
2024-11-07,EGX:EFIC,110.26338051,112.060718,109.23009337,109.90682368,78230.83910635
2024-11-10,EGX:EFIC,110.47440394,111.9151846,109.15005,110.61266067,32819.95748055
2024-11-11,EGX:EFIC,110.61266067,110.9692175,108.422383,109.12094332,16654.59612707
2024-11-12,EGX:EFIC,109.12094332,109.877717,107.8402494,108.38599965,76414.07402012
2024-11-13,EGX:EFIC,108.38599965,111.31122099,107.694716,107.95667612,24534.57419397
2024-11-14,EGX:EFIC,107.95667612,109.877717,107.2581158,108.13859287,215057.16213598
2024-11-17,EGX:EFIC,109.09911331,110.19061381,107.72382268,108.7862165,11311.49275699
2024-11-18,EGX:EFIC,108.7862165,108.7862165,107.71654601,108.31323295,6695.37027239
2024-11-19,EGX:EFIC,108.02216615,110.605384,107.71654601,108.0585495,21595.04278743
2024-11-20,EGX:EFIC,109.25920005,109.2955834,107.71654601,107.89118609,20982.12506545
2024-11-21,EGX:EFIC,108.6406831,110.605384,107.87663275,108.82259985,144825.86127995
2024-11-24,EGX:EFIC,109.77584362,109.877717,107.65833265,107.65833265,14296.37457793
2024-11-25,EGX:EFIC,107.79658938,109.68124691,107.694716,108.422383,98767.70555762
2024-11-26,EGX:EFIC,108.89536655,108.89536655,106.967049,107.60011929,3955.10583825
2024-11-27,EGX:EFIC,107.60011929,108.422383,102.601047,104.43476784,1427.85092632
2024-11-28,EGX:EFIC,107.60011929,107.60011929,105.1478815,107.60011929,1882.72932536
2024-12-01,EGX:EFIC,107.60011929,107.60011929,105.511715,105.8027818,10601.00293129
2024-12-02,EGX:EFIC,106.25393534,107.3308825,105.59175837,106.23210533,2300.5028399
2024-12-03,EGX:EFIC,106.25393534,107.17807243,105.511715,106.6032155,3428.76618013
2024-12-04,EGX:EFIC,105.8755485,106.6032155,104.056381,105.8755485,4069.16900175
2024-12-05,EGX:EFIC,105.76639845,109.14277333,104.784048,107.31632916,13088.40444874
2024-12-08,EGX:EFIC,105.62086505,107.68016266,104.9295814,106.239382,7069.1676275
2024-12-09,EGX:EFIC,105.38801161,106.15933863,105.38801161,106.15206196,986.71507709
2024-12-10,EGX:EFIC,105.38801161,109.14277333,104.86409137,109.14277333,64548.75650538
2024-12-11,EGX:EFIC,109.13549666,109.877717,106.27576535,107.87663275,471912.28955003
2024-12-12,EGX:EFIC,108.95357991,109.877717,106.99615568,109.877717,73808.48657422
2024-12-15,EGX:EFIC,109.877717,110.605384,109.15005,110.605384,69676.10184329
2024-12-16,EGX:EFIC,110.13967712,110.605384,109.9504837,110.2415505,18452.12164355
2024-12-17,EGX:EFIC,110.36525389,110.605384,107.71654601,108.7862165,2145.21202693
2024-12-18,EGX:EFIC,110.36525389,110.36525389,107.694716,109.2955834,14369.21009198
2024-12-19,EGX:EFIC,109.15005,109.33196675,107.30905249,109.33196675,9144.29265035
2024-12-22,EGX:EFIC,109.33196675,109.33196675,107.694716,107.9130161,2624.82701565
2024-12-23,EGX:EFIC,109.33196675,109.33196675,107.94939945,109.15005,121240.89727856
2024-12-24,EGX:EFIC,109.15005,110.605384,107.94939945,109.15732667,69511.19124545
2024-12-25,EGX:EFIC,109.15005,110.605384,108.48787303,109.15005,4808.51818208
2024-12-26,EGX:EFIC,109.16460334,110.605384,109.16460334,109.16460334,1956.93909439
2024-12-29,EGX:EFIC,109.16460334,110.58355399,108.7134498,109.15005,14457.16241083
2024-12-30,EGX:EFIC,108.80076984,110.35070055,108.42965967,109.15005,16238.19686752
2024-12-31,EGX:EFIC,109.17188001,110.20516715,107.95667612,109.15732667,14231.78459378
2025-01-02,EGX:EFIC,109.15005,110.1687838,108.51697971,109.8049503,3369.67321591
2025-01-05,EGX:EFIC,109.10638998,109.877717,109.10638998,109.15005,5883.18557802
2025-01-06,EGX:EFIC,109.77584362,117.5909872,109.2955834,114.0981856,356848.66841564
2025-01-08,EGX:EFIC,114.0981856,116.42672,113.516052,116.42672,139708.13572692
2025-01-09,EGX:EFIC,116.42672,122.9029563,114.6803192,120.792722,266795.11369899
2025-01-12,EGX:EFIC,120.792722,124.97680725,111.333051,113.18860185,112146.07780757
2025-01-13,EGX:EFIC,113.18860185,120.4288885,113.18860185,117.8092873,59119.07507143
2025-01-14,EGX:EFIC,117.37996377,117.882054,112.788385,117.03796028,126185.46670386
2025-01-15,EGX:EFIC,117.03796028,117.94026736,114.25827234,117.34358042,266807.48199382
2025-01-16,EGX:EFIC,117.34358042,122.248056,116.5722534,121.00374543,38799.34090731
2025-01-19,EGX:EFIC,121.00374543,121.70230575,118.6824877,119.7739882,42072.81627448
2025-01-20,EGX:EFIC,119.74488152,121.520389,112.788385,117.07434363,62294.97833487
2025-01-21,EGX:EFIC,117.07434363,117.86750066,115.3352195,115.48802957,9650.01848373
2025-01-22,EGX:EFIC,116.01194981,118.60244433,114.243719,116.41216666,10830.50351328
2025-01-23,EGX:EFIC,115.74998969,117.5182205,114.6075525,114.971386,5907.92216769
2025-01-26,EGX:EFIC,115.4807529,118.3914209,114.97866267,117.29264373,9226.74794927
2025-01-27,EGX:EFIC,117.29264373,120.065055,115.3352195,115.34977284,46444.32137228
2025-01-28,EGX:EFIC,116.12837653,117.83111731,114.971386,114.971386,6397.15694129
2025-01-29,EGX:EFIC,114.97866267,117.882054,114.90589597,116.4994867,23388.44553896
2025-01-30,EGX:EFIC,116.4994867,117.5182205,115.02232269,116.05560983,13335.7703455
2025-02-02,EGX:EFIC,116.05560983,119.337388,114.971386,119.33011133,69376.51425721
2025-02-03,EGX:EFIC,117.56188052,119.33011133,115.85186307,116.0628865,24461.73867992
2025-02-04,EGX:EFIC,116.42672,116.43399667,116.09926985,116.42672,55196.95135275
2025-02-05,EGX:EFIC,116.39761332,118.609721,116.39761332,117.7365206,5020.15344931
2025-02-06,EGX:EFIC,117.14711033,118.56606098,116.47765669,116.7177868,10730.1828996
2025-02-09,EGX:EFIC,116.7177868,117.40907045,115.9173531,116.42672,13117.26380336
2025-02-10,EGX:EFIC,116.42672,117.154387,114.243719,116.42672,17222.16343465
2025-02-11,EGX:EFIC,116.42672,117.0816203,112.82476835,113.516052,10562.52379179
2025-02-12,EGX:EFIC,112.90481172,114.57116915,105.511715,108.29140294,21608.78533725
2025-02-13,EGX:EFIC,108.29140294,113.516052,103.63433414,106.50134212,28546.02448648
2025-02-16,EGX:EFIC,106.50134212,111.333051,106.50134212,109.877717,15118.17905718
2025-02-17,EGX:EFIC,109.17188001,112.788385,109.15005,109.877717,7470.45008225
2025-02-18,EGX:EFIC,110.19061381,112.05344133,105.511715,109.2955834,15651.3899902
2025-02-19,EGX:EFIC,109.17188001,111.2602843,106.239382,108.422383,22860.73162587
2025-02-20,EGX:EFIC,108.38599965,109.15005,105.511715,109.15005,59036.61977251
2025-02-23,EGX:EFIC,109.12094332,110.605384,108.44421301,109.877717,44626.18203107
2025-02-24,EGX:EFIC,109.20826336,111.333051,106.3849154,109.15005,49419.58340834
2025-02-25,EGX:EFIC,109.15732667,111.2602843,108.39327632,109.15732667,3063.21435492
2025-02-26,EGX:EFIC,109.15732667,109.877717,106.967049,107.70199267,22081.52905106
2025-02-27,EGX:EFIC,107.70199267,108.9317499,106.239382,106.42129875,23492.8889176
2025-03-02,EGX:EFIC,106.3849154,109.8049503,106.3849154,108.422383,1914.33718995
2025-03-03,EGX:EFIC,106.3849154,109.32469008,106.3849154,107.34543584,10104.89688278
2025-03-04,EGX:EFIC,107.77475937,109.2955834,106.61049217,109.12821999,26909.28680289
2025-03-05,EGX:EFIC,109.12821999,109.47750015,106.967049,109.15005,31393.48080922
2025-03-06,EGX:EFIC,109.05545329,110.605384,106.97432567,110.605384,55415.45789489
2025-03-09,EGX:EFIC,110.55444731,110.6781507,107.70199267,109.16460334,4357.76254798
2025-03-10,EGX:EFIC,109.26647672,110.56900065,109.15005,109.59392687,2762.25251386
2025-03-11,EGX:EFIC,109.78312029,110.3870839,108.0585495,109.877717,6633.5287982
2025-03-12,EGX:EFIC,109.40473345,114.96410933,109.40473345,110.17606047,39266.5876012
2025-03-13,EGX:EFIC,110.17606047,112.7156183,110.17606047,111.57318111,24101.68387463
2025-03-16,EGX:EFIC,111.57318111,113.516052,111.4058177,111.5513511,8288.13179655
2025-03-17,EGX:EFIC,111.52224442,112.788385,110.605384,110.61266067,9574.43445972
2025-03-18,EGX:EFIC,110.64904402,110.9692175,108.0585495,109.89954701,10201.09473152
2025-03-19,EGX:EFIC,109.877717,110.67087403,108.422383,109.25192338,6145.66827958
2025-03-20,EGX:EFIC,109.25192338,110.605384,108.50242637,109.15005,4280.80426899
2025-03-23,EGX:EFIC,108.77166316,110.605384,108.422383,109.79767363,18816.29921379
2025-03-24,EGX:EFIC,109.15005,109.79039696,108.3496163,109.79039696,9579.93147965
2025-03-25,EGX:EFIC,108.52425638,109.7321836,107.70926934,107.78931271,5998.62299651
2025-03-26,EGX:EFIC,107.78931271,109.78312029,107.78203604,109.78312029,17211.16939479
2025-03-27,EGX:EFIC,109.76856695,110.605384,109.2228167,109.877717,3141.54688889
2025-04-03,EGX:EFIC,109.92137702,110.52534063,108.422383,109.17188001,15087.94544757
2025-04-06,EGX:EFIC,109.17188001,109.20826336,104.784048,106.36308539,35994.48648901
2025-04-07,EGX:EFIC,106.36308539,109.877717,105.59903504,108.422383,18354.54953983
2025-04-08,EGX:EFIC,108.7134498,109.8049503,108.422383,109.5138835,8290.88030651
2025-04-09,EGX:EFIC,109.17188001,109.76856695,109.15005,109.33924342,11164.44747391
2025-04-10,EGX:EFIC,109.33924342,109.8049503,108.5679164,109.2955834,7592.75877565
2025-04-13,EGX:EFIC,109.25192338,110.59810733,107.73109935,109.37562677,8142.46076846
2025-04-14,EGX:EFIC,109.50660683,112.4245515,109.50660683,110.605384,30850.65009132
2025-04-15,EGX:EFIC,110.71453405,111.10747423,109.877717,110.605384,4506.18208604
2025-04-16,EGX:EFIC,110.85279078,114.23644233,110.85279078,113.62520205,23333.47533968
2025-04-17,EGX:EFIC,113.62520205,116.42672,113.62520205,115.23334612,18787.43985917
2025-04-22,EGX:EFIC,115.23334612,119.337388,115.23334612,118.609721,52364.61183481
2025-04-23,EGX:EFIC,118.63155101,120.77089199,118.609721,120.77089199,98764.95704766
2025-04-27,EGX:EFIC,120.69084862,127.341725,119.01721452,126.11924444,189112.60233046
2025-04-28,EGX:EFIC,126.11924444,126.11924444,115.1169194,117.94026736,69545.54762
2025-04-29,EGX:EFIC,118.00575739,118.9735545,117.16166367,117.882054,25000.44663287
2025-04-30,EGX:EFIC,117.91116068,118.56606098,116.42672,116.84149019,23535.49082204
2025-05-04,EGX:EFIC,116.84149019,118.56606098,116.84149019,117.882054,54938.59141613
2025-05-05,EGX:EFIC,117.882054,118.2458875,117.19077035,118.1003541,10513.05061244
2025-05-06,EGX:EFIC,117.91116068,118.42780425,117.34358042,117.88933067,16684.82973668
2025-05-07,EGX:EFIC,117.75107394,118.42780425,116.42672,116.6450201,10528.16741724
2025-05-08,EGX:EFIC,117.27809039,118.07852409,116.44127334,116.79783017,21623.90214205
2025-05-11,EGX:EFIC,117.78018062,118.1731208,117.154387,117.19077035,4229.95683465
2025-05-12,EGX:EFIC,117.67830724,120.792722,117.33630375,120.792722,35429.6676914
2025-05-13,EGX:EFIC,120.792722,126.614058,120.792722,124.0672235,19269.80335785
2025-05-14,EGX:EFIC,123.85620007,129.524726,122.40086607,126.65044135,35160.31371493
2025-05-15,EGX:EFIC,126.71593138,128.069392,124.431057,126.77414474,8681.16872141
2025-05-18,EGX:EFIC,126.60678133,128.3604588,123.78343337,128.3604588,15314.69751961
2025-05-19,EGX:EFIC,126.49763128,127.9966253,123.75432669,126.99972151,25687.57412388
2025-05-20,EGX:EFIC,126.9778915,127.341725,124.61297375,126.3957579,10502.05657258
2025-05-21,EGX:EFIC,126.3957579,126.96333816,124.62025042,125.6680909,9857.53098601
2025-05-22,EGX:EFIC,125.6680909,127.341725,125.158724,127.2689583,40915.69357962
2025-05-25,EGX:EFIC,127.2689583,129.1608925,127.2689583,128.797059,5786.98772928
2025-05-26,EGX:EFIC,128.78978233,130.252393,127.4872584,130.252393,4240.95087451
2025-05-27,EGX:EFIC,129.41557595,132.435394,128.797059,132.42811733,21942.72929788
2025-05-28,EGX:EFIC,130.48524644,134.5456283,130.48524644,132.5081607,11562.9814187
2025-05-29,EGX:EFIC,132.75556748,134.60384166,132.52271404,134.58928832,4132.38473093
2025-06-01,EGX:EFIC,133.91255801,134.618395,131.11104006,132.435394,24702.23330177
2025-06-02,EGX:EFIC,132.47177735,134.618395,125.23876737,129.31370257,7563.89942103
2025-06-03,EGX:EFIC,129.31370257,130.98006,127.341725,127.72011184,7559.77665608
2025-06-04,EGX:EFIC,127.72011184,128.4332255,125.0131906,125.886391,7587.26175572
2025-06-10,EGX:EFIC,125.44251413,130.0340929,125.44251413,129.3064259,13486.93839352
2025-06-11,EGX:EFIC,127.24712829,130.0340929,127.24712829,129.9613262,39482.34563337
2025-06-12,EGX:EFIC,129.9613262,130.93639998,125.9591577,126.86874145,13298.66546099
2025-06-15,EGX:EFIC,126.86874145,126.86874145,123.37593985,123.5578566,24090.68983477
2025-06-16,EGX:EFIC,123.58696328,128.44050217,123.58696328,125.158724,70102.12088771
2025-06-17,EGX:EFIC,125.158724,127.6327918,123.7761567,124.0672235,7087.03294227
2025-06-18,EGX:EFIC,124.68574045,125.4497908,121.89149917,122.47363277,5799.35602412
2025-06-19,EGX:EFIC,123.30317315,123.9216901,120.065055,123.40504653,28937.68715635
2025-06-22,EGX:EFIC,123.40504653,125.158724,111.333051,119.97773496,8411.81474493
2025-06-23,EGX:EFIC,119.97773496,125.886391,119.97773496,125.886391,11084.74068496
2025-06-24,EGX:EFIC,125.0859573,150.10314876,125.0859573,150.10314876,148923.88963633
2025-06-25,EGX:EFIC,150.10314876,174.55275996,149.899402,163.45583821,396090.51942716
2025-06-29,EGX:EFIC,163.45583821,170.2013113,149.90667867,152.83917668,169855.16726745
2025-06-30,EGX:EFIC,152.83917668,160.08674,149.899402,150.3360022,127224.40347027
2025-07-01,EGX:EFIC,150.3360022,154.83298426,145.6789334,147.38167418,90002.70728231
2025-07-02,EGX:EFIC,147.38167418,151.6458028,147.38167418,147.716401,43627.09865914
2025-07-06,EGX:EFIC,147.716401,152.06057299,147.716401,149.33182174,61602.35382393
2025-07-07,EGX:EFIC,149.33182174,158.631406,149.33182174,153.01381676,72707.70833362
2025-07-09,EGX:EFIC,153.01381676,154.993071,152.81007,152.87556003,13117.26380336
2025-07-10,EGX:EFIC,152.87556003,154.84026093,152.5190032,153.15207349,20626.19302511
2025-07-13,EGX:EFIC,153.15207349,153.537737,150.1177021,153.09386013,14982.12781396
2025-07-14,EGX:EFIC,152.81734667,154.993071,152.4462365,152.85373002,12570.31032052
2025-07-15,EGX:EFIC,152.81007,157.16151866,152.4462365,155.37145784,41520.36577171
2025-07-16,EGX:EFIC,155.37145784,162.6335745,154.265404,160.36325346,41149.31692656
2025-07-17,EGX:EFIC,160.36325346,163.52132824,159.359073,161.20007051,18112.680663
2025-07-20,EGX:EFIC,161.20007051,163.71052166,160.08674,161.73854409,13811.26256928
2025-07-21,EGX:EFIC,162.51714778,165.180409,160.96721707,164.8165755,23773.23693393
2025-07-22,EGX:EFIC,164.8165755,188.465753,164.8165755,184.99478141,271268.31366545
2025-07-23,EGX:EFIC,184.99478141,196.47009,181.189083,196.45553666,226923.8539057
2025-07-27,EGX:EFIC,196.45553666,205.929761,178.278415,184.099751,133978.86670689
2025-07-28,EGX:EFIC,184.099751,191.3036543,179.08612537,187.010419,64669.6909438
2025-07-29,EGX:EFIC,187.010419,189.20069667,184.28894442,185.69334173,21625.27639703
2025-07-30,EGX:EFIC,185.69334173,187.738086,182.2078168,183.38663734,24453.49315003
2025-07-31,EGX:EFIC,183.38663734,186.16632528,182.7899504,183.56855409,22262.93070869
2025-08-03,EGX:EFIC,183.56855409,187.738086,182.83361042,183.97604761,11954.64408857
2025-08-04,EGX:EFIC,183.97604761,187.00314233,183.372084,184.66005459,10912.9588122
2025-08-05,EGX:EFIC,184.66005459,187.5197859,183.9542176,186.27547533,11582.22098845
2025-08-06,EGX:EFIC,186.122665,192.104088,184.834695,185.948025,35891.0
2025-08-07,EGX:EFIC,185.95,197.87,185.95,190.6,51546.0
2025-08-10,EGX:EFIC,190.6,191.5,186.75,187.21,12140.0
2025-08-11,EGX:EFIC,187.21,189.95,184.0,184.58,10264.0
2025-08-12,EGX:EFIC,184.58,188.0,184.0,184.38,11192.0
2025-08-13,EGX:EFIC,184.38,185.0,167.23,174.92,66710.0
2025-08-14,EGX:EFIC,174.92,187.0,171.3,179.74,44793.0
2025-08-17,EGX:EFIC,179.74,186.0,179.74,180.98,16069.0
2025-08-18,EGX:EFIC,180.98,181.99,180.0,180.8,19950.0
2025-08-19,EGX:EFIC,180.8,181.0,176.5,180.5,6529.0
2025-08-20,EGX:EFIC,180.1,180.8,176.51,178.22,7494.0
2025-08-21,EGX:EFIC,180.23,180.4,175.0,178.0,11174.0
2025-08-24,EGX:EFIC,178.02,180.4,177.0,178.1,3130.0
2025-08-25,EGX:EFIC,177.59,180.8,177.59,180.49,25190.0
2025-08-26,EGX:EFIC,180.27,182.98,178.0,181.79,64150.0
2025-08-27,EGX:EFIC,180.57,181.79,179.0,180.54,36456.0
2025-08-28,EGX:EFIC,180.54,181.0,179.0,180.9,27598.0
2025-08-31,EGX:EFIC,180.95,199.44,180.5,181.0,157669.0
2025-09-01,EGX:EFIC,181.0,193.5,181.0,186.13,86202.0
2025-09-02,EGX:EFIC,186.13,191.48,186.13,186.88,16402.0
2025-09-03,EGX:EFIC,186.88,188.79,185.0,185.1,23895.0
2025-09-07,EGX:EFIC,185.17,187.99,182.53,184.03,8625.0
2025-09-08,EGX:EFIC,184.03,185.87,179.0,179.08,16055.0
2025-09-09,EGX:EFIC,179.08,184.97,177.0,177.32,22985.0
2025-09-10,EGX:EFIC,177.32,181.3,177.0,177.65,21868.0
2025-09-11,EGX:EFIC,178.34,180.0,177.7,178.63,9987.0
2025-09-14,EGX:EFIC,178.63,183.0,177.52,183.0,25740.0
2025-09-15,EGX:EFIC,180.69,186.7,180.69,183.26,28862.0
2025-09-16,EGX:EFIC,183.26,186.0,177.5,177.5,26257.0
2025-09-17,EGX:EFIC,178.79,181.89,162.3,179.31,47062.0
2025-09-18,EGX:EFIC,179.31,182.0,178.1,178.8,12697.0
2025-09-21,EGX:EFIC,178.87,192.44,178.8,187.88,94036.0
2025-09-22,EGX:EFIC,186.09,186.94,181.05,181.05,15336.0
2025-09-23,EGX:EFIC,181.69,184.84,181.69,184.48,11384.0
2025-09-24,EGX:EFIC,183.44,186.39,181.81,185.49,12408.0
2025-09-25,EGX:EFIC,182.01,185.99,182.01,184.8,10801.0
2025-09-28,EGX:EFIC,185.58,185.58,182.8,185.45,53671.0
2025-09-29,EGX:EFIC,184.18,185.45,181.01,183.2,5502.0
2025-09-30,EGX:EFIC,183.2,185.0,182.02,183.2,33122.0
2025-10-01,EGX:EFIC,183.2,188.94,183.1,184.0,42625.0
2025-10-02,EGX:EFIC,183.28,186.5,181.21,182.8,6453.0
2025-10-05,EGX:EFIC,182.93,185.9,182.83,183.04,6538.0
2025-10-06,EGX:EFIC,183.04,184.0,183.04,183.4,61003.0
2025-10-07,EGX:EFIC,183.94,185.0,183.7,183.83,25863.0
2025-10-08,EGX:EFIC,183.83,184.6,183.12,183.58,6314.0
2025-10-12,EGX:EFIC,183.58,184.6,183.26,183.66,4411.0
2025-10-13,EGX:EFIC,183.76,184.33,183.66,183.66,11572.0
2025-10-14,EGX:EFIC,183.75,184.33,183.12,183.93,86656.0
2025-10-15,EGX:EFIC,183.93,185.8,182.5,182.72,8014.0
2025-10-16,EGX:EFIC,182.72,185.9,182.5,185.15,153124.0
2025-10-19,EGX:EFIC,185.15,186.9,185.0,185.97,15006.0
2025-10-20,EGX:EFIC,185.97,200.0,185.97,188.16,41909.0
2025-10-21,EGX:EFIC,188.16,193.9,185.01,190.0,10450.0
2025-10-22,EGX:EFIC,190.0,193.5,187.57,190.7,8438.0
2025-10-23,EGX:EFIC,189.25,193.0,188.0,190.0,7796.0
2025-10-26,EGX:EFIC,190.98,195.0,189.0,190.33,11470.0
2025-10-27,EGX:EFIC,190.33,194.0,190.0,193.0,24006.0
2025-10-28,EGX:EFIC,193.01,197.0,193.0,194.0,17925.0
2025-10-29,EGX:EFIC,194.06,209.8,194.06,203.51,106667.0
2025-10-30,EGX:EFIC,203.51,206.9,194.0,200.0,36757.0
2025-11-02,EGX:EFIC,200.0,205.0,196.0,198.89,20380.0
2025-11-03,EGX:EFIC,198.89,200.98,196.0,198.84,20099.0
2025-11-04,EGX:EFIC,198.84,200.0,197.0,197.3,9249.0
2025-11-05,EGX:EFIC,197.07,198.47,194.02,195.0,15062.0
2025-11-06,EGX:EFIC,194.97,200.0,192.2,200.0,46289.0
2025-11-09,EGX:EFIC,199.86,232.9,199.86,215.0,171462.0
2025-11-10,EGX:EFIC,215.0,229.99,212.1,214.5,76231.0
2025-11-11,EGX:EFIC,214.5,223.99,214.5,215.99,29219.0
2025-11-12,EGX:EFIC,215.09,222.0,206.0,212.0,10843.0
2025-11-13,EGX:EFIC,212.09,217.74,207.01,211.8,18940.0
2025-11-16,EGX:EFIC,211.8,215.0,209.01,211.57,6287.0
2025-11-17,EGX:EFIC,211.57,220.0,206.04,211.32,32830.0
2025-11-18,EGX:EFIC,211.32,228.0,211.32,219.12,64790.0
2025-11-19,EGX:EFIC,219.12,224.75,217.0,220.01,23181.0
2025-11-20,EGX:EFIC,220.01,223.95,217.0,219.9,10222.0
2025-11-23,EGX:EFIC,219.05,221.0,213.07,214.3,9083.0
2025-11-24,EGX:EFIC,214.3,217.97,210.02,210.2,9519.0
2025-11-25,EGX:EFIC,210.27,214.97,207.5,210.92,14980.0
2025-11-26,EGX:EFIC,210.92,219.97,207.03,209.0,21965.0
2025-11-27,EGX:EFIC,209.0,213.45,200.1,206.56,12807.0
2025-11-30,EGX:EFIC,206.56,210.0,200.0,200.46,23881.0
2025-12-01,EGX:EFIC,200.46,203.0,195.7,200.0,17657.0
2025-12-02,EGX:EFIC,199.28,215.0,197.26,211.15,51172.0
2025-12-03,EGX:EFIC,211.15,218.0,203.01,206.91,23136.0
2025-12-04,EGX:EFIC,206.91,213.4,200.03,205.7,8551.0
2025-12-07,EGX:EFIC,205.63,207.0,203.0,204.26,2049.0
2025-12-08,EGX:EFIC,204.26,209.75,202.95,204.79,7129.0
2025-12-09,EGX:EFIC,203.3,222.99,203.0,221.63,70983.0
2025-12-10,EGX:EFIC,221.63,221.8,211.77,214.0,8120.0
2025-12-11,EGX:EFIC,215.19,232.9,215.19,226.32,100952.0
2025-12-14,EGX:EFIC,226.32,233.0,223.16,223.53,13899.0
2025-12-15,EGX:EFIC,225.95,228.0,221.01,224.04,12505.0
2025-12-16,EGX:EFIC,224.04,225.99,218.0,222.05,25515.0
2025-12-17,EGX:EFIC,222.05,225.0,215.51,220.0,17609.0
2025-12-18,EGX:EFIC,221.45,225.5,221.45,224.89,22147.0
2025-12-21,EGX:EFIC,224.89,230.25,222.22,226.31,21634.0
2025-12-22,EGX:EFIC,226.31,228.0,221.5,222.0,27757.0
2025-12-23,EGX:EFIC,222.06,226.6,222.01,226.6,16336.0
2025-12-24,EGX:EFIC,226.58,226.6,222.0,224.0,14397.0
2025-12-25,EGX:EFIC,223.01,225.0,221.5,221.51,9156.0
2025-12-28,EGX:EFIC,221.54,224.7,220.0,220.27,4997.0
2025-12-29,EGX:EFIC,220.27,223.69,220.27,222.0,12001.0
2025-12-30,EGX:EFIC,221.96,225.99,221.0,222.9,18225.0
2025-12-31,EGX:EFIC,222.0,225.0,222.0,224.0,2741.0
2026-01-04,EGX:EFIC,223.42,226.7,222.12,225.71,14765.0
2026-01-05,EGX:EFIC,225.71,225.71,222.65,223.3,2779.0
2026-01-06,EGX:EFIC,224.11,227.0,222.1,225.0,184245.0
2026-01-08,EGX:EFIC,224.98,239.8,223.85,223.98,68754.0
2026-01-11,EGX:EFIC,223.98,228.9,222.01,225.75,9993.0
2026-01-12,EGX:EFIC,223.23,226.59,222.1,223.0,7643.0
2026-01-13,EGX:EFIC,222.65,226.5,220.07,221.0,9136.0
2026-01-14,EGX:EFIC,220.22,223.0,216.0,222.32,18942.0
2026-01-15,EGX:EFIC,222.04,224.0,222.0,222.68,18509.0
2026-01-18,EGX:EFIC,222.68,225.5,222.01,222.25,2203.0
2026-01-19,EGX:EFIC,222.34,225.0,222.03,222.03,13067.0
2026-01-20,EGX:EFIC,222.03,226.0,222.0,224.98,11611.0
2026-01-21,EGX:EFIC,225.24,227.0,222.81,224.74,1709.0
2026-01-22,EGX:EFIC,224.74,232.0,224.0,224.0,28950.0
2026-01-25,EGX:EFIC,224.0,229.8,222.0,222.18,18380.0
2026-01-26,EGX:EFIC,222.18,226.99,222.0,223.0,66211.0
2026-01-27,EGX:EFIC,222.02,225.8,216.0,222.48,151252.0
2026-01-28,EGX:EFIC,220.99,224.0,216.0,216.2,7241.0
2026-02-01,EGX:EFIC,217.12,222.57,211.12,215.53,20986.0
2026-02-02,EGX:EFIC,215.55,220.0,213.0,216.61,5909.0
2026-02-03,EGX:EFIC,217.87,220.0,215.0,218.35,6755.0
2026-02-04,EGX:EFIC,216.96,218.9,214.51,217.68,9332.0
2026-02-05,EGX:EFIC,217.68,218.82,215.0,216.8,8200.0
2026-02-08,EGX:EFIC,215.25,222.0,215.02,215.5,6275.0
2026-02-09,EGX:EFIC,215.5,219.97,215.02,215.44,6443.0
2026-02-10,EGX:EFIC,215.44,218.0,215.1,216.59,2879.0
2026-02-11,EGX:EFIC,216.59,217.0,214.05,216.45,6591.0
2026-02-12,EGX:EFIC,215.16,216.96,214.11,215.66,8575.0
2026-02-15,EGX:EFIC,215.66,216.5,210.0,212.8,32371.0
2026-02-16,EGX:EFIC,212.8,215.0,208.0,212.0,22189.0
2026-02-17,EGX:EFIC,210.33,212.6,210.01,210.01,8776.0
2026-02-18,EGX:EFIC,210.01,214.0,208.0,214.0,51317.0
2026-02-19,EGX:EFIC,212.8,214.5,210.05,211.14,7511.0
2026-02-22,EGX:EFIC,211.14,214.0,209.9,210.02,8161.0
2026-02-23,EGX:EFIC,210.03,213.0,208.0,211.0,2604.0
2026-02-24,EGX:EFIC,209.26,220.0,208.11,210.25,11357.0
2026-02-25,EGX:EFIC,210.25,212.9,205.0,208.12,6191.0
2026-02-26,EGX:EFIC,208.12,211.99,207.06,207.51,5688.0
2026-03-01,EGX:EFIC,208.07,208.3,190.2,199.99,13138.0
2026-03-02,EGX:EFIC,199.99,204.85,196.0,196.6,14073.0
2026-03-03,EGX:EFIC,197.31,205.5,196.1,200.05,39348.0
2026-03-04,EGX:EFIC,200.05,205.0,198.5,203.0,22944.0
2026-03-05,EGX:EFIC,203.0,204.95,201.06,203.0,11830.0
2026-03-08,EGX:EFIC,203.0,219.9,201.3,214.95,33277.0
2026-03-09,EGX:EFIC,214.95,219.0,213.85,215.0,10364.0
2026-03-10,EGX:EFIC,215.01,220.0,213.0,220.0,227255.0
2026-03-11,EGX:EFIC,220.0,222.0,215.0,219.76,25448.0
2026-03-12,EGX:EFIC,219.76,224.96,216.15,218.8,128175.0
2026-03-15,EGX:EFIC,218.8,223.8,215.25,219.9,5990.0
2026-03-16,EGX:EFIC,217.49,219.89,215.01,218.84,49657.0
2026-03-17,EGX:EFIC,218.84,219.98,215.31,218.0,8530.0
2026-03-18,EGX:EFIC,219.16,219.16,215.31,218.11,3548.0
2026-03-24,EGX:EFIC,218.11,223.0,216.62,222.7,18629.0
2026-03-25,EGX:EFIC,222.76,223.0,218.0,222.45,5349.0
2026-03-26,EGX:EFIC,221.78,222.5,217.03,220.64,22197.0
2026-03-29,EGX:EFIC,220.64,220.64,180.33,208.64,16284.0
2026-03-30,EGX:EFIC,208.64,211.89,205.1,207.55,6858.0
2026-03-31,EGX:EFIC,206.93,207.55,202.0,202.06,4239.0
2026-04-01,EGX:EFIC,202.83,205.99,202.06,202.83,107214.0
2026-04-02,EGX:EFIC,202.83,204.99,202.5,202.5,292043.0
2026-04-05,EGX:EFIC,203.0,205.5,202.51,205.0,13713.0
2026-04-06,EGX:EFIC,205.0,239.0,205.0,230.05,138293.0
2026-04-07,EGX:EFIC,230.05,230.2,218.0,223.51,44633.0
2026-04-08,EGX:EFIC,223.51,226.0,215.1,218.01,13150.0
2026-04-09,EGX:EFIC,218.01,221.0,215.11,215.12,14060.0
2026-04-14,EGX:EFIC,215.17,220.8,215.0,216.57,9396.0
2026-04-15,EGX:EFIC,216.61,219.0,216.0,216.3,3225.0
2026-04-16,EGX:EFIC,216.59,217.85,214.5,215.45,5758.0
2026-04-19,EGX:EFIC,215.13,216.7,210.01,212.46,5459.0
2026-04-20,EGX:EFIC,212.46,216.7,212.46,214.07,111739.0
2026-04-21,EGX:EFIC,214.07,216.65,214.01,215.99,11813.0
2026-04-22,EGX:EFIC,214.84,217.2,214.02,216.87,7901.0
2026-04-23,EGX:EFIC,216.87,217.5,213.0,213.27,18140.0
2026-04-26,EGX:EFIC,213.27,215.8,213.03,214.01,18206.0
2026-04-27,EGX:EFIC,214.01,218.0,214.0,214.05,13731.0
2026-04-28,EGX:EFIC,214.05,214.4,211.2,211.81,9404.0
2026-04-29,EGX:EFIC,211.81,214.67,211.7,212.21,2838.0
2026-04-30,EGX:EFIC,212.33,214.0,211.6,213.83,37651.0
2026-05-03,EGX:EFIC,213.83,214.42,213.0,214.4,10229.0
2026-05-04,EGX:EFIC,213.28,214.97,202.1,211.0,57979.0
2026-05-05,EGX:EFIC,206.01,214.9,206.01,214.6,12856.0
2026-05-06,EGX:EFIC,214.6,214.9,211.9,214.0,59883.0
2026-05-10,EGX:EFIC,213.21,214.0,195.25,212.0,53477.0
2026-05-11,EGX:EFIC,210.47,213.4,209.6,212.22,16577.0
2026-05-12,EGX:EFIC,211.74,213.35,210.0,212.92,3389.0
2026-05-13,EGX:EFIC,211.85,213.16,210.01,211.98,107570.0
2026-05-14,EGX:EFIC,211.95,214.9,211.5,213.82,18765.0
2026-05-17,EGX:EFIC,213.77,217.8,210.51,217.7,21889.0
2026-05-18,EGX:EFIC,217.3,219.1,215.1,217.01,15021.0
2026-05-19,EGX:EFIC,217.01,218.5,211.01,214.81,11112.0
2026-05-20,EGX:EFIC,217.9,217.96,213.1,213.5,3680.0
2026-05-21,EGX:EFIC,213.5,215.0,212.0,212.2,2521.0
2026-05-24,EGX:EFIC,212.85,213.8,211.51,211.76,4959.0
2026-05-25,EGX:EFIC,211.76,213.79,205.01,211.0,4124.0
2026-06-01,EGX:EFIC,209.16,213.79,203.01,207.68,4500.0
2026-06-02,EGX:EFIC,207.68,212.46,206.3,208.0,5646.0
2026-06-03,EGX:EFIC,207.02,209.98,206.0,207.0,5573.0
2026-06-04,EGX:EFIC,207.0,209.4,203.03,205.1,3469.0
2026-06-07,EGX:EFIC,206.08,206.97,204.3,204.4,6743.0
2026-06-08,EGX:EFIC,204.66,210.0,204.02,204.11,14505.0
2026-06-09,EGX:EFIC,204.1,208.28,204.1,204.84,17478.0
2026-06-10,EGX:EFIC,205.14,208.0,204.2,204.2,8136.0
