date,symbol,open,high,low,close,volume
2004-11-29,EGX:EGAL,7.92605669,7.92605669,7.92605669,7.92605669,4125.00197269
2004-12-05,EGX:EGAL,7.53090561,7.9357539,7.53090561,7.85696594,8456.25404401
2004-12-07,EGX:EGAL,7.92605669,7.92605669,7.92605669,7.92605669,825.00039454
2004-12-08,EGX:EGAL,7.53332997,7.53332997,7.53332997,7.53332997,825.00039454
2004-12-09,EGX:EGAL,7.7502992,7.90908713,7.7502992,7.85454206,5882.25281306
2004-12-12,EGX:EGAL,7.87757175,7.9357539,7.87757175,7.89332992,4636.5022173
2004-12-13,EGX:EGAL,7.9309053,7.93696626,7.9309053,7.93332918,4125.00197269
2004-12-14,EGX:EGAL,7.63635998,7.93817778,7.63635998,7.88120799,4950.00236723
2004-12-15,EGX:EGAL,7.54545094,7.88120799,7.54545094,7.88120799,783.75037481
2004-12-16,EGX:EGAL,7.93939014,7.93939014,7.93939014,7.93939014,4125.00197269
2004-12-21,EGX:EGAL,7.5430267,7.93939014,7.5430267,7.84726873,5775.00276177
2004-12-22,EGX:EGAL,7.93939014,7.93939014,7.63999623,7.88605659,5775.00276177
2004-12-23,EGX:EGAL,7.92605669,8.23878406,7.92605669,7.98908757,4125.00197269
2004-12-26,EGX:EGAL,7.64848095,7.98908757,7.64848095,7.98908757,206.25009863
2004-12-28,EGX:EGAL,7.67272348,7.98908757,7.63999623,7.98908757,767.25036692
2004-12-29,EGX:EGAL,7.666663,7.87636023,7.65575391,7.81454184,5775.00276177
2004-12-30,EGX:EGAL,7.87757175,7.99999617,7.75757205,7.88969271,27736.51326437
2005-01-02,EGX:EGAL,7.51514792,7.75757205,7.51514792,7.70908698,3159.75151108
2005-01-03,EGX:EGAL,7.75757205,7.9975723,7.75757205,7.7915113,4372.50209105
2005-01-04,EGX:EGAL,7.76363301,7.76363301,7.76363301,7.76363301,7218.75345221
2005-01-05,EGX:EGAL,7.52969325,7.52969325,7.45575377,7.50302696,4950.00236723
2005-01-10,EGX:EGAL,7.45454189,7.51514792,7.45454189,7.50060259,2681.25128225
2005-01-12,EGX:EGAL,7.5163598,7.5163598,7.51514792,7.51514792,3093.75147952
2005-01-13,EGX:EGAL,7.51514792,7.51514792,7.51514792,7.51514792,412.50019727
2005-01-16,EGX:EGAL,7.51514792,7.51514792,7.51514792,7.51514792,1856.25088771
2005-01-17,EGX:EGAL,7.51514792,7.51514792,7.45454189,7.48969351,9537.00456086
2005-01-18,EGX:EGAL,7.40605682,7.40605682,7.39393586,7.39999634,1237.50059181
2005-01-24,EGX:EGAL,7.39393586,7.39393586,7.39393586,7.39393586,8250.00394538
2005-01-25,EGX:EGAL,7.51514792,7.51514792,7.51514792,7.51514792,4125.00197269
2005-01-26,EGX:EGAL,7.51514792,7.5163598,7.51514792,7.51514792,2887.50138088
2005-01-27,EGX:EGAL,7.51514792,7.52242077,7.51514792,7.5163598,4950.00236723
2005-01-31,EGX:EGAL,7.3975721,7.51514792,7.3975721,7.43635984,1237.50059181
2005-02-02,EGX:EGAL,7.39999634,7.39999634,7.3345417,7.37575381,4950.00236723
2005-02-03,EGX:EGAL,7.68242069,7.7442386,7.27272379,7.53817809,8786.25420183
2005-02-06,EGX:EGAL,7.63635998,7.63878423,7.63635998,7.63757186,12375.00591807
2005-02-07,EGX:EGAL,7.63635998,7.63635998,7.63635998,7.63635998,16912.50808803
2005-02-08,EGX:EGAL,7.89090507,7.89090507,7.63635998,7.63635998,412.50019727
2005-02-13,EGX:EGAL,7.45454189,7.63635998,7.45454189,7.63635998,173.25008285
2005-02-14,EGX:EGAL,7.87272314,7.87757175,7.87272314,7.87393551,825.00039454
2005-02-24,EGX:EGAL,7.63514811,7.87393551,7.63514811,7.87393551,495.00023672
2005-02-28,EGX:EGAL,7.51514792,7.58787492,7.51514792,7.56484487,899.25043005
2005-03-01,EGX:EGAL,7.63635998,7.63635998,7.63635998,7.63635998,4125.00197269
2005-03-02,EGX:EGAL,7.63635998,7.72605715,7.63635998,7.64484483,4537.50216996
2005-03-06,EGX:EGAL,7.72605715,7.72605715,7.66060252,7.69939026,1031.25049317
2005-03-07,EGX:EGAL,8.02666295,8.02666295,8.02666295,8.02666295,825.00039454
2005-03-08,EGX:EGAL,7.99999617,7.99999617,7.87878411,7.93939014,1650.00078908
2005-03-09,EGX:EGAL,7.93939014,8.33454171,7.63635998,8.07514802,2904.00138877
2005-03-10,EGX:EGAL,7.75757205,8.07514802,7.75757205,8.07514802,495.00023672
2005-03-13,EGX:EGAL,8.12120824,8.2424203,8.12120824,8.21938977,13200.00631261
2005-03-15,EGX:EGAL,7.87878411,7.87878411,7.81211711,7.86545066,1031.25049317
2005-03-16,EGX:EGAL,7.54545094,7.54545094,7.48484491,7.51757216,1328.25063521
2005-03-17,EGX:EGAL,7.4751477,7.51514792,7.4751477,7.48605678,1443.75069044
2005-03-21,EGX:EGAL,7.39393586,7.48605678,7.39393586,7.48605678,412.50019727
2005-03-22,EGX:EGAL,7.39393586,7.39393586,7.39393586,7.39393586,4125.00197269
2005-03-24,EGX:EGAL,7.18181475,7.27393567,7.18181475,7.26666331,6187.50295903
2005-03-27,EGX:EGAL,7.2363603,7.26666331,7.2363603,7.26666331,511.50024461
2005-03-30,EGX:EGAL,7.24848126,7.24848126,7.21211776,7.22302685,5775.00276177
2005-03-31,EGX:EGAL,7.18181475,7.18181475,7.18181475,7.18181475,4125.00197269
2005-04-03,EGX:EGAL,7.27272379,7.27272379,7.27272379,7.27272379,4125.00197269
2005-04-04,EGX:EGAL,7.27272379,7.27272379,7.27272379,7.27272379,247.50011836
2005-04-13,EGX:EGAL,7.03029967,7.63635998,7.03029967,7.46302673,2887.50138088
2005-04-14,EGX:EGAL,7.71272371,7.83514765,7.71272371,7.76848065,7425.00355084
2005-04-17,EGX:EGAL,7.39393586,7.39393586,7.39393586,7.39393586,990.00047345
2005-04-18,EGX:EGAL,7.63635998,7.63635998,7.63635998,7.63635998,7260.00347193
2005-04-20,EGX:EGAL,7.39514774,7.63635998,7.39514774,7.63635998,90.7500434
2005-04-26,EGX:EGAL,7.28605724,7.28605724,7.28605724,7.28605724,1031.25049317
2005-04-27,EGX:EGAL,7.63635998,7.64969343,7.39393586,7.60120836,5775.00276177
2005-04-28,EGX:EGAL,7.98060176,7.98060176,7.87878411,7.89938992,4125.00197269
2005-05-04,EGX:EGAL,7.54545094,7.54545094,7.54545094,7.54545094,825.00039454
2005-05-05,EGX:EGAL,7.63635998,7.92242057,7.63635998,7.8593897,10568.25505403
2005-05-10,EGX:EGAL,7.46787534,7.8593897,7.46787534,7.8593897,206.25009863
2005-05-29,EGX:EGAL,7.46666285,7.8593897,7.46666285,7.8593897,206.25009863
2005-06-20,EGX:EGAL,7.46666285,7.46666285,7.46666285,7.46666285,1897.50090744
2005-06-21,EGX:EGAL,7.75757205,7.75757205,7.75757205,7.75757205,1650.00078908
2005-06-23,EGX:EGAL,7.39999634,7.39999634,7.36969332,7.38181489,3770.25180304
2005-06-26,EGX:EGAL,7.69696602,7.7502992,7.69696602,7.73575388,3225.75154264
2005-06-28,EGX:EGAL,7.75151157,7.75151157,7.75151157,7.75151157,1237.50059181
2005-06-30,EGX:EGAL,7.40726931,7.75757205,7.40726931,7.67029924,3300.00157815
2005-07-04,EGX:EGAL,7.39514774,7.39514774,7.39393586,7.39393586,1237.50059181
2005-07-05,EGX:EGAL,7.40605682,7.40605682,7.27272379,7.34666327,11962.5057208
2005-07-06,EGX:EGAL,7.39393586,7.39393586,7.39393586,7.39393586,2062.50098634
2005-07-10,EGX:EGAL,7.34545079,7.39393586,7.34545079,7.39393586,412.50019727
2005-07-12,EGX:EGAL,7.45454189,7.51514792,7.45454189,7.47151146,4620.00220941
2005-07-17,EGX:EGAL,7.27272379,7.4012087,7.27272379,7.37939053,2565.75122701
2005-07-19,EGX:EGAL,7.39393586,7.45333001,7.39393586,7.45090565,5214.00249348
2005-07-20,EGX:EGAL,7.27272379,7.45090565,7.27272379,7.45090565,330.00015782
2005-07-21,EGX:EGAL,7.39393586,7.45090565,7.39393586,7.45090565,297.00014203
2005-07-27,EGX:EGAL,7.63393574,7.67272348,7.45454189,7.63635998,2887.50138088
2005-07-28,EGX:EGAL,7.63514811,7.81817808,7.63514811,7.68242069,3300.00157815
2005-07-31,EGX:EGAL,7.45454189,7.45454189,7.44848141,7.45333001,3745.5017912
2005-08-04,EGX:EGAL,7.39393586,7.45333001,7.39393586,7.45333001,206.25009863
2005-08-07,EGX:EGAL,7.51514792,7.51514792,7.51514792,7.51514792,825.00039454
2005-08-09,EGX:EGAL,7.39393586,7.39393586,7.39393586,7.39393586,825.00039454
2005-08-11,EGX:EGAL,7.45454189,7.45454189,7.45454189,7.45454189,1650.00078908
2005-08-16,EGX:EGAL,7.28605724,7.28605724,7.28484476,7.28605724,1237.50059181
2005-08-17,EGX:EGAL,7.51514792,7.51514792,7.42423887,7.4799963,2681.25128225
2005-08-23,EGX:EGAL,7.12120872,7.12120872,7.11514823,7.11757247,2062.50098634
2005-08-28,EGX:EGAL,7.45454189,7.46666285,7.45454189,7.45696613,825.00039454
2005-08-29,EGX:EGAL,7.39393586,7.39393586,7.39393586,7.39393586,2310.00110471
2005-09-01,EGX:EGAL,7.39393586,7.6302995,7.39393586,7.48726915,4125.00197269
2005-09-06,EGX:EGAL,7.51514792,7.51514792,7.51514792,7.51514792,5156.25246586
2005-09-07,EGX:EGAL,7.45454189,7.45454189,7.45454189,7.45454189,4125.00197269
2005-09-08,EGX:EGAL,7.75514781,7.82666292,7.75514781,7.77332925,3844.50183855
2005-09-11,EGX:EGAL,7.75757205,8.16120846,7.75757205,8.06545081,14231.25680578
2005-09-12,EGX:EGAL,8.46666238,8.46787486,8.46666238,8.46787486,28462.51361156
2005-09-13,EGX:EGAL,8.8909046,8.8909046,8.8909046,8.8909046,27868.51332749
2005-09-14,EGX:EGAL,9.33454123,9.33454123,9.33454123,9.33454123,20625.00986345
2005-09-15,EGX:EGAL,9.80120756,9.80120756,9.80120756,9.80120756,88390.5422708
2005-09-18,EGX:EGAL,10.29090441,10.29090441,10.24241934,10.28969193,61644.02947988
2005-09-19,EGX:EGAL,10.36363141,10.36363141,9.77696551,9.85817735,14231.25680578
2005-09-20,EGX:EGAL,9.3939349,9.39999587,9.36605576,9.37454049,12911.25617452
2005-09-21,EGX:EGAL,8.90666277,8.96969268,8.90666277,8.90666277,9487.50453719
2005-09-22,EGX:EGAL,9.35029844,9.35151092,9.35029844,9.35151092,9900.00473446
2005-09-25,EGX:EGAL,9.39514726,9.39514726,9.3939349,9.39514726,6806.25325494
2005-09-26,EGX:EGAL,9.78787411,9.78787411,9.3939349,9.49938976,5486.25262368
2005-09-27,EGX:EGAL,9.75757109,9.97332844,9.75757109,9.91029853,31993.51530018
2005-09-28,EGX:EGAL,10.30302538,10.40484302,10.30302538,10.3963583,55621.52659975
2005-09-29,EGX:EGAL,10.90908569,10.90908569,10.60605553,10.63999479,11030.25527497
2005-10-02,EGX:EGAL,10.18181331,10.90908569,10.18181331,10.50181304,14767.50706223
2005-10-03,EGX:EGAL,10.49090444,10.66666157,10.42423744,10.60484317,6987.75334174
2005-10-04,EGX:EGAL,10.30302538,10.30302538,10.07514706,10.12605588,3712.50177542
2005-10-05,EGX:EGAL,10.12726825,10.18302568,10.12726825,10.17211611,6187.50295903
2005-10-09,EGX:EGAL,10.48484347,10.59878305,10.48484347,10.55272198,11715.00560244
2005-10-12,EGX:EGAL,10.5454495,10.5454495,10.42423744,10.47999487,6187.50295903
2005-10-13,EGX:EGAL,10.4254498,10.5454495,10.30302538,10.43878325,12292.50587862
2005-10-16,EGX:EGAL,10.30423774,10.30423774,10.30302538,10.30302538,6187.50295903
2005-10-17,EGX:EGAL,10.19393428,10.42423744,10.18181331,10.3490856,6558.75313658
2005-10-18,EGX:EGAL,10.18423719,10.18423719,10.13938933,10.16484374,2862.75136905
2005-10-19,EGX:EGAL,10.18181331,10.30302538,10.18181331,10.19272191,4537.50216996
2005-10-20,EGX:EGAL,10.60605553,10.66666157,10.60605553,10.61696413,9611.25459637
2005-10-23,EGX:EGAL,10.65938908,10.66666157,10.65938908,10.66423769,7796.25372838
2005-10-24,EGX:EGAL,10.84847966,10.84847966,10.69090361,10.8145404,1056.00050501
2005-10-25,EGX:EGAL,10.4254498,10.78787363,10.4254498,10.70060082,14701.50703067
2005-10-26,EGX:EGAL,10.5454495,10.78787363,10.5454495,10.63272231,20031.00957938
2005-10-27,EGX:EGAL,10.5454495,10.5454495,10.5454495,10.5454495,1650.00078908
2005-10-30,EGX:EGAL,10.66666157,10.75757061,10.66666157,10.69575222,3613.50172808
2005-10-31,EGX:EGAL,10.66666157,10.77575266,10.66666157,10.68726737,1749.00083642
2005-11-06,EGX:EGAL,10.78787363,11.22060069,10.78787363,11.19999489,73631.28521252
2005-11-07,EGX:EGAL,11.25090371,11.25090371,11.25090371,11.25090371,71775.0343248
2005-11-08,EGX:EGAL,11.81332756,11.81332756,11.81332756,11.81332756,51075.77442585
2005-11-09,EGX:EGAL,12.39999407,12.40363043,12.38787286,12.39878195,87532.54186048
2005-11-10,EGX:EGAL,13.01817559,13.01817559,13.01817559,13.01817559,82681.5395406
2005-11-13,EGX:EGAL,13.66908437,13.66908437,13.57575108,13.66787225,209723.3502955
2005-11-14,EGX:EGAL,14.35029617,14.35029617,14.35029617,14.35029617,78309.03744955
2005-11-15,EGX:EGAL,14.78787172,15.06665946,14.78787172,15.04968977,73383.78509415
2005-11-16,EGX:EGAL,15.80120456,15.80120456,14.72726568,15.34181084,16582.50793021
2005-11-17,EGX:EGAL,14.57575061,14.57575061,14.57575061,14.57575061,13290.75635601
2005-11-20,EGX:EGAL,14.84847775,14.84847775,13.84726611,13.93817515,1815.00086798
2005-11-21,EGX:EGAL,13.24241791,13.33332696,13.24241791,13.24605427,54862.52623678
2005-11-22,EGX:EGAL,12.60605458,12.60605458,12.58423641,12.58666065,4125.00197269
2005-11-23,EGX:EGAL,11.95757028,12.58666065,11.95757028,12.58666065,742.50035508
2005-11-24,EGX:EGAL,11.95757028,11.99999426,11.95757028,11.95757028,37702.51803039
2005-11-27,EGX:EGAL,12.18181236,12.55514551,12.18181236,12.39999407,14924.25713719
2005-11-28,EGX:EGAL,12.24241839,13.01938771,12.24241839,12.96241804,15444.00738575
2005-11-29,EGX:EGAL,12.48484251,13.60969046,12.48484251,13.18423612,13398.0064073
2005-11-30,EGX:EGAL,13.83999338,13.84241762,13.83999338,13.84241762,16541.25791049
2005-12-01,EGX:EGAL,14.5345385,14.5345385,14.53332638,14.5345385,23347.51116543
2005-12-04,EGX:EGAL,15.26059876,15.26059876,14.66665965,15.03999281,27060.01294085
2005-12-05,EGX:EGAL,14.28847802,14.28847802,14.28847802,14.28847802,8580.0041032
2005-12-06,EGX:EGAL,14.54544759,14.66665965,14.54544759,14.55150819,32414.2655014
2005-12-07,EGX:EGAL,15.27878057,15.27878057,14.54302335,14.61332634,5181.0024777
2005-12-08,EGX:EGAL,14.78908384,14.78908384,13.88362972,14.32605375,10931.25522763
2005-12-11,EGX:EGAL,13.75756918,14.52120518,13.6121147,14.12605385,17655.00844311
2005-12-12,EGX:EGAL,14.12120537,14.82423533,13.81817521,14.26059924,9900.00473446
2005-12-13,EGX:EGAL,14.54544759,14.97332617,14.54544759,14.88241713,96632.29621223
2005-12-14,EGX:EGAL,14.72726568,14.7284778,14.66665965,14.70181115,199691.34549792
2005-12-15,EGX:EGAL,15.09696248,15.43635625,15.09211399,15.20605333,139425.06667692
2005-12-18,EGX:EGAL,15.15150791,15.75756822,15.15150791,15.53211378,126720.06060103
2005-12-19,EGX:EGAL,15.87878029,15.87878029,15.57575013,15.75635731,38931.76861825
2005-12-20,EGX:EGAL,15.87635604,16.54302239,15.75756822,16.20605286,87639.79191177
2005-12-21,EGX:EGAL,16.96968885,16.96968885,15.94181056,16.83271922,47808.77286348
2005-12-22,EGX:EGAL,17.21090207,17.33332504,15.99150629,16.35271945,34872.76667712
2005-12-25,EGX:EGAL,16.24241647,16.24241647,15.53575015,15.75514398,20757.00992658
2005-12-26,EGX:EGAL,16.24120557,16.4848406,15.75756822,16.22423588,69093.78304256
2005-12-27,EGX:EGAL,15.63635616,15.81817425,15.41332596,15.76969064,191936.34178926
2005-12-28,EGX:EGAL,16.47878,16.47878,15.15272003,15.63150889,79983.78825046
2005-12-29,EGX:EGAL,15.43271989,15.7454458,15.15150791,15.28968966,18513.00885343
2006-01-02,EGX:EGAL,15.27271997,15.75635731,15.15150791,15.23756847,6806.25325494
2006-01-03,EGX:EGAL,15.63635616,15.99878144,15.30302298,15.66544827,58624.52803587
2006-01-04,EGX:EGAL,16.44847698,16.44847698,15.63635616,15.91271966,19717.50942946
2006-01-05,EGX:EGAL,16.24241647,16.24241647,15.75756822,16.06908444,28050.01341429
2006-01-08,EGX:EGAL,16.36241763,16.42423457,15.9090833,16.27635585,82194.78930782
2006-01-12,EGX:EGAL,16.96847795,16.96847795,16.27271949,16.64605265,17539.50838788
2006-01-15,EGX:EGAL,17.4775674,17.4775674,16.24241647,16.85332406,27637.51321702
2006-01-16,EGX:EGAL,16.87877981,16.87877981,16.60605266,16.68241626,6657.75318392
2006-01-17,EGX:EGAL,17.09211183,17.09211183,16.5030212,16.77696167,48864.77336848
2006-01-18,EGX:EGAL,17.45453711,17.61574915,16.96968885,17.3078693,100039.54784168
2006-01-19,EGX:EGAL,18.17211252,18.17211252,16.96968885,17.42908136,140720.31729634
2006-01-22,EGX:EGAL,18.06059742,18.29938519,17.27271901,18.11999255,134730.814432
2006-01-23,EGX:EGAL,17.69696123,18.90787096,17.65211277,18.28362762,33932.26622735
2006-01-24,EGX:EGAL,17.69696123,17.69696123,17.36968866,17.42665833,22687.51084979
2006-01-25,EGX:EGAL,18.06059742,18.06059742,16.84847679,17.08847668,49071.02346712
2006-01-26,EGX:EGAL,17.9418096,17.9418096,16.90908282,17.15029604,43560.02083161
2006-01-29,EGX:EGAL,17.75635636,17.81453694,16.54544663,17.22908267,214541.3525996
2006-01-30,EGX:EGAL,16.60605266,17.33332504,16.60605266,17.00362823,80932.53870418
2006-02-01,EGX:EGAL,17.44120378,17.84847631,16.96968885,17.40847652,38139.76823949
2006-02-02,EGX:EGAL,17.83756723,18.27877914,17.45453711,17.61574915,71997.78443133
2006-02-05,EGX:EGAL,17.12120393,17.8181733,17.09090092,17.425445,44187.02113145
2006-02-06,EGX:EGAL,17.27271894,18.29393027,16.97271848,18.12726399,146147.17047926
2006-02-07,EGX:EGAL,19.03332446,19.03332446,19.03332446,19.03332446,82262.43967094
2006-02-08,EGX:EGAL,19.98483794,19.98483794,19.98483794,19.98483794,135725.76545355
2006-02-09,EGX:EGAL,20.98180746,20.98180746,18.98786963,20.50605011,328699.95851507
2006-02-12,EGX:EGAL,21.53029356,21.53029356,19.48180909,20.60908158,117404.15661798
2006-02-13,EGX:EGAL,19.6969602,19.99999036,19.57877874,19.63635508,26301.01268362
2006-02-14,EGX:EGAL,18.65453676,19.6969602,18.65453676,18.7333243,42995.72073462
2006-02-15,EGX:EGAL,17.79696111,19.08787019,17.79696111,18.03332403,89595.04320708
2006-02-16,EGX:EGAL,17.27271894,18.03029434,17.13332537,17.15453748,44269.52134891
2006-02-19,EGX:EGAL,17.12120386,18.01211222,16.43938601,17.53332518,58099.82801856
2006-02-20,EGX:EGAL,18.40908203,18.40908203,16.67271923,17.94847619,101811.64909852
2006-02-21,EGX:EGAL,17.05150693,18.18180941,17.05150693,17.64241604,71867.43465797
2006-02-22,EGX:EGAL,17.5757491,18.18180941,17.5757491,17.98787042,51440.42480707
2006-02-23,EGX:EGAL,18.18180941,18.18180941,17.72726418,18.00908222,42075.02029062
2006-02-26,EGX:EGAL,18.16665821,18.16665821,17.28787015,17.91211288,133551.06440481
2006-02-27,EGX:EGAL,17.37877889,17.75756659,17.02120331,17.23332472,74708.73602818
2006-02-28,EGX:EGAL,17.42423402,17.69393056,16.66665863,16.93938638,95700.04615121
2006-03-01,EGX:EGAL,17.42120433,17.42120433,16.87878004,16.96059818,64333.53102475
2006-03-02,EGX:EGAL,16.96968879,17.27271894,16.54544596,16.78181039,160244.77727781
2006-03-05,EGX:EGAL,16.95453758,16.96968879,16.06665892,16.53635566,100336.54838715
2006-03-06,EGX:EGAL,16.36362847,16.63635622,15.99999198,16.16665826,279536.53480608
2006-03-07,EGX:EGAL,16.45453722,16.45453722,15.39696257,15.73332514,241398.41641403
2006-03-08,EGX:EGAL,15.75756816,16.51817325,15.23029508,15.66059851,158327.47635319
2006-03-09,EGX:EGAL,15.48787162,16.36362847,15.48787162,16.10302223,40500.91953151
2006-03-12,EGX:EGAL,16.06059832,16.06059832,15.60908278,15.80302329,96439.24650769
2006-03-13,EGX:EGAL,15.60908278,15.8333257,15.01514397,15.28181081,96518.44654588
2006-03-14,EGX:EGAL,14.99999277,15.14241724,14.51817482,14.62726567,53361.02573328
2006-03-15,EGX:EGAL,15.15150784,15.15150784,14.39393245,14.75150804,34412.41659534
2006-03-16,EGX:EGAL,15.15150784,15.15150784,14.54544753,14.8696898,31363.21512486
2006-03-19,EGX:EGAL,14.84847769,15.13635664,14.69696261,14.86362889,22489.51084553
2006-03-20,EGX:EGAL,15.15150784,15.15150784,14.77272015,14.90302312,21535.81038561
2006-03-21,EGX:EGAL,14.99696307,15.36362926,14.85453829,15.10605272,46860.02259818
2006-03-22,EGX:EGAL,14.8787801,15.14544724,14.77272015,14.93635674,36217.51746584
2006-03-23,EGX:EGAL,14.86362889,14.86362889,14.62423477,14.73635683,17328.30835655
2006-03-26,EGX:EGAL,14.84847769,14.93332583,14.25756858,14.69696261,24862.21198977
2006-03-27,EGX:EGAL,14.84847769,14.84847769,13.96363024,14.01817445,40045.51931189
2006-03-28,EGX:EGAL,13.36362931,13.94241691,13.36362931,13.44544776,41415.01997233
2006-03-29,EGX:EGAL,13.49999319,14.11514531,13.27272057,13.61817495,74391.9358754
2006-03-30,EGX:EGAL,14.24241737,14.2969628,13.7121146,14.12423592,27192.01311331
2006-04-02,EGX:EGAL,14.20908375,14.31817491,13.93938722,14.16968953,27680.41334884
2006-04-03,EGX:EGAL,14.0909023,14.21211496,13.74544822,14.03938777,26297.71268203
2006-04-04,EGX:EGAL,14.73938653,14.73938653,14.24241737,14.38484185,24618.011872
2006-04-05,EGX:EGAL,14.75756894,15.10302302,14.62120507,15.02120488,42279.62038928
2006-04-06,EGX:EGAL,15.76968967,15.76968967,15.15150784,15.72726575,62333.73006035
2006-04-09,EGX:EGAL,15.93635595,15.93635595,14.94241734,15.16059845,48308.72329681
2006-04-11,EGX:EGAL,15.00302246,15.19696297,14.84847769,14.99090216,26155.8126136
2006-04-12,EGX:EGAL,15.0454479,15.15150784,14.53938693,14.73938653,18001.5086812
2006-04-13,EGX:EGAL,14.99696307,14.99696307,14.00302325,14.32726551,36240.61747698
2006-04-16,EGX:EGAL,13.61211404,14.26059949,13.61211404,13.83029606,26452.81275683
2006-04-17,EGX:EGAL,13.93938722,14.0909023,13.56059952,13.78484244,17770.5085698
2006-04-18,EGX:EGAL,13.48484198,13.54544832,13.09696368,13.15453911,67663.23263049
2006-04-19,EGX:EGAL,13.3333269,13.81211516,13.3333269,13.64241766,14434.20696088
2006-04-20,EGX:EGAL,13.63635706,14.32423552,13.3333269,13.8878727,19357.80933528
2006-04-26,EGX:EGAL,13.66969068,13.66969068,13.23029665,13.48787168,18034.50869712
2006-04-27,EGX:EGAL,13.54544832,14.16059923,13.54544832,13.8969633,21374.11030763
2006-04-30,EGX:EGAL,13.34544841,14.0878726,13.34544841,13.88484179,726.00035011
2006-05-02,EGX:EGAL,13.93938722,14.23938768,13.63635706,14.01211506,19367.70934005
2006-05-03,EGX:EGAL,13.65756917,13.66060008,13.60605465,13.64241766,11352.00547449
2006-05-04,EGX:EGAL,13.51514439,13.92423601,13.51514439,13.69393249,10480.80505435
2006-05-07,EGX:EGAL,13.5181756,13.5181756,13.03029675,13.27575148,9279.60447508
2006-05-08,EGX:EGAL,13.10605429,13.3333269,13.03029675,13.28484208,12810.6061779
2006-05-09,EGX:EGAL,13.03332644,13.03938735,12.62120664,12.67575207,78012.03762119
2006-05-10,EGX:EGAL,13.02726705,13.02726705,12.06059994,12.61817543,5669.40273406
2006-05-11,EGX:EGAL,13.20908454,13.24847876,12.44241855,13.06363037,6039.0029123
2006-05-14,EGX:EGAL,12.66059965,12.67272116,12.42423643,12.64241845,16137.00778205
2006-05-15,EGX:EGAL,12.42423643,12.48484277,12.03332723,12.1727208,60258.02905935
2006-05-16,EGX:EGAL,12.72726659,12.77878111,12.72726659,12.76969051,8543.70412019
2006-05-17,EGX:EGAL,13.40605475,13.40605475,12.43938764,13.25453967,79599.33838666
2006-05-18,EGX:EGAL,13.48484198,13.63029646,12.76060021,13.31514479,48318.62330159
2006-05-21,EGX:EGAL,13.03029675,13.03029675,12.72726659,12.81817533,21354.31029808
2006-05-22,EGX:EGAL,12.19696381,12.42423643,12.1787817,12.20605442,24647.71188632
2006-05-23,EGX:EGAL,11.81817612,11.84847853,11.60605471,11.73029707,19008.00916658
2006-05-24,EGX:EGAL,11.81817612,12.31514527,11.66666104,12.08484296,44543.421481
2006-05-25,EGX:EGAL,11.48181234,12.09090387,11.48181234,11.72726737,31647.01526173
2006-05-28,EGX:EGAL,12.26969166,12.31211558,11.81817612,12.09696326,33108.91596673
2006-05-29,EGX:EGAL,11.9696912,12.09090387,11.82120581,11.86060004,2640.00127314
2006-05-30,EGX:EGAL,12.19696381,12.19696381,11.66666104,11.86060004,7048.80339928
2006-05-31,EGX:EGAL,11.82120581,12.12120628,11.81817612,11.83332732,44305.82136642
2006-06-01,EGX:EGAL,12.12120628,12.12423597,11.81817612,11.95756969,16368.00789345
2006-06-04,EGX:EGAL,12.12120628,12.42423643,11.82120581,12.12423597,11599.50559384
2006-06-05,EGX:EGAL,12.72423689,12.72423689,11.9696912,12.12726688,7339.20353932
2006-06-06,EGX:EGAL,11.99999361,11.99999361,11.83029763,11.87878245,1782.00085937
2006-06-07,EGX:EGAL,11.83635823,12.42423643,11.83635823,12.29696437,12870.00620654
2006-06-08,EGX:EGAL,12.27272135,12.27272135,11.9696912,12.09090387,20608.50993842
2006-06-11,EGX:EGAL,11.9696912,11.9696912,11.69393375,11.83635823,14942.40720595
2006-06-12,EGX:EGAL,11.69696345,11.69696345,11.45150993,11.5999941,14496.90699111
2006-06-13,EGX:EGAL,11.51817566,11.56666048,11.51817566,11.56363079,7322.70353136
2006-06-14,EGX:EGAL,11.01817681,11.54847958,11.01817681,11.2060552,14576.10702931
2006-06-15,EGX:EGAL,11.2151455,11.66666104,11.2151455,11.45757054,13757.70663463
2006-06-18,EGX:EGAL,11.51514596,11.7757522,11.51514596,11.5909035,7309.503525
2006-06-19,EGX:EGAL,11.66666104,11.9696912,11.51514596,11.70908496,19701.00950078
2006-06-20,EGX:EGAL,11.69696345,11.81817612,11.37878209,11.69090406,3300.00159142
2006-06-21,EGX:EGAL,11.80302491,11.81817612,11.45453963,11.70908496,13695.0066044
2006-06-22,EGX:EGAL,11.50302445,11.54544837,11.49999476,11.51514596,2102.10101374
2006-06-25,EGX:EGAL,11.53029717,11.53029717,11.45453963,11.50605536,3300.00159142
2006-06-26,EGX:EGAL,11.45453963,11.66666104,11.45453963,11.56666048,8903.40429365
2006-06-27,EGX:EGAL,11.46060053,11.66363134,10.99999439,11.42726691,14463.9069752
2006-06-28,EGX:EGAL,11.48484355,11.5757523,11.48484355,11.51514596,21301.51027262
2006-06-29,EGX:EGAL,11.12120706,11.75756978,11.12120706,11.62423712,10692.0051562
2006-07-02,EGX:EGAL,12.11817658,12.11817658,11.72726737,11.94544818,1188.00057291
2006-07-03,EGX:EGAL,11.71211617,11.9696912,11.68484315,11.74847918,5379.00259402
2006-07-04,EGX:EGAL,11.81817612,11.81817612,11.72726737,11.7757522,2626.80126677
2006-07-05,EGX:EGAL,11.81817612,11.82423672,11.7757522,11.80908552,2986.50144024
2006-07-06,EGX:EGAL,11.81817612,12.39393402,11.56060109,12.06363085,17077.5082356
2006-07-09,EGX:EGAL,11.46060053,12.66059965,11.46060053,11.94241848,11929.50575299
2006-07-10,EGX:EGAL,12.03029753,12.03029753,11.81817612,11.86060004,9900.00477426
2006-07-11,EGX:EGAL,11.9696912,12.12120628,11.82120581,11.91514577,11767.80567501
2006-07-12,EGX:EGAL,11.51817566,11.71514587,11.51817566,11.69090406,4867.50234735
2006-07-13,EGX:EGAL,11.28787334,11.66666104,11.28787334,11.54544837,18856.20909338
2006-07-16,EGX:EGAL,11.81817612,11.81817612,11.09090314,11.25151003,4742.10228687
2006-07-17,EGX:EGAL,11.21211581,11.51211627,11.21211581,11.37575239,4563.90220094
2006-07-18,EGX:EGAL,11.24241821,11.64544893,11.24241821,11.50908536,3118.50150389
2006-07-19,EGX:EGAL,11.49090294,12.08181205,11.48484355,11.74544828,44533.52147623
2006-07-20,EGX:EGAL,11.63635863,11.81514642,11.63635863,11.73029707,21912.01056704
2006-07-24,EGX:EGAL,11.81817612,12.12120628,11.51514596,11.67878255,5118.30246829
2006-07-25,EGX:EGAL,11.9666615,12.26059984,11.9666615,12.13029688,102564.04946136
2006-07-26,EGX:EGAL,11.82120581,12.71211538,11.81817612,12.25150924,7979.40384806
2006-07-27,EGX:EGAL,12.14241839,12.49999397,12.12120628,12.31211558,17876.10862073
2006-07-30,EGX:EGAL,12.1545399,12.1545399,12.04544874,12.14241839,11507.10554928
2006-07-31,EGX:EGAL,12.13635748,12.57272182,12.12120628,12.23332713,6567.00316693
2006-08-01,EGX:EGAL,12.72726659,12.84241835,12.72726659,12.81817533,10147.50489362
2006-08-02,EGX:EGAL,12.57575151,13.3272663,12.57575151,12.79090262,33132.01597787
2006-08-03,EGX:EGAL,13.03029675,13.43029655,13.03029675,13.40302384,21958.21058931
2006-08-06,EGX:EGAL,13.03029675,14.07272018,13.03029675,14.00908415,56684.12733584
2006-08-07,EGX:EGAL,13.93938722,13.93938722,13.49999319,13.75756973,5959.80287411
2006-08-08,EGX:EGAL,13.65150827,13.99999355,13.63635706,13.71514429,9685.50467082
2006-08-09,EGX:EGAL,13.64241766,13.89393209,13.48787168,13.64241766,39200.71890449
2006-08-10,EGX:EGAL,13.43938685,13.49090258,13.43938685,13.46665987,2640.00127314
2006-08-13,EGX:EGAL,13.51514439,13.63635706,13.51514439,13.63029646,6108.30294572
2006-08-14,EGX:EGAL,13.42423565,13.63635706,13.36666052,13.43332746,6451.50311123
2006-08-15,EGX:EGAL,13.51514439,13.51514439,13.3333269,13.39090233,8580.00413769
2006-08-16,EGX:EGAL,13.57575073,14.01514476,13.39393324,13.63332736,17278.80833268
2006-08-17,EGX:EGAL,13.53029711,13.7272658,13.51514439,13.61514495,2719.20131133
2006-08-20,EGX:EGAL,13.48484198,13.48484198,13.48484198,13.48484198,1650.00079571
2006-08-21,EGX:EGAL,13.3333269,13.48484198,13.24241816,13.35150902,2323.20112036
2006-08-22,EGX:EGAL,13.18181182,13.54241741,13.03029675,13.26969087,3300.00159142
2006-08-23,EGX:EGAL,13.03332644,13.51514439,13.03332644,13.34847811,14767.50712161
2006-08-24,EGX:EGAL,13.63635706,13.63635706,13.3333269,13.54241741,1320.00063657
2006-08-27,EGX:EGAL,13.34241751,13.63635706,13.3333269,13.41817504,3758.70181263
2006-08-28,EGX:EGAL,13.18181182,14.0878726,13.03029675,13.61514495,14285.70688926
2006-08-29,EGX:EGAL,13.63635706,13.93938722,13.63635706,13.82423545,5240.40252718
2006-08-30,EGX:EGAL,13.93938722,14.07878079,13.93938722,14.00302325,6332.70305394
2006-08-31,EGX:EGAL,14.0909023,14.24241737,14.0909023,14.18787195,10985.70529784
2006-09-03,EGX:EGAL,14.39393245,14.39393245,13.63635706,14.18484195,4290.00206885
2006-09-04,EGX:EGAL,14.23938768,14.39393245,14.0909023,14.22726617,5775.00278499
2006-09-05,EGX:EGAL,14.54241784,14.54544753,13.63635706,13.97272084,11649.00561772
2006-09-06,EGX:EGAL,13.93938722,13.93938722,13.93938722,13.93938722,990.00047743
2006-09-07,EGX:EGAL,14.17272044,14.39393245,14.17272044,14.25150798,14421.00695451
2006-09-10,EGX:EGAL,14.25150798,14.30302371,13.95453842,14.0969629,3818.10184127
2006-09-11,EGX:EGAL,14.39393245,14.39393245,13.95453842,14.06362958,1732.5008355
2006-09-12,EGX:EGAL,14.23938768,14.31817491,14.0969629,14.23635677,17730.9085507
2006-09-13,EGX:EGAL,13.94544782,13.94544782,13.93938722,13.94241691,1402.50067635
2006-09-14,EGX:EGAL,14.0909023,14.16665983,13.63635706,13.83332727,7659.30369369
2006-09-17,EGX:EGAL,14.15150863,14.52423542,14.11514531,14.45150788,35900.71731307
2006-09-18,EGX:EGAL,15.17271996,15.17271996,15.15150784,15.17271996,46678.52251065
2006-09-19,EGX:EGAL,15.8393863,15.93029535,15.75756816,15.90908324,60320.72908958
2006-09-20,EGX:EGAL,16.69393134,16.70302194,15.11514453,15.75453846,37936.81829498
2006-09-21,EGX:EGAL,15.60302338,16.06059832,15.33332533,15.57575067,24429.91178129
2006-09-24,EGX:EGAL,15.15150784,15.51514434,15.15150784,15.2454475,13285.80640706
2006-09-25,EGX:EGAL,15.37878046,15.37878046,15.15150784,15.2787799,5019.30242055
2006-09-26,EGX:EGAL,15.07272061,15.63635549,15.07272061,15.28181081,7428.30358229
2006-09-27,EGX:EGAL,15.75756816,15.75756816,15.15150784,15.23029508,6567.00316693
2006-09-28,EGX:EGAL,15.15150784,15.59393157,15.15150784,15.20302237,20374.20982543
2006-10-01,EGX:EGAL,15.22726538,15.28787172,15.15150784,15.22726538,3415.50164712
2006-10-02,EGX:EGAL,15.15150784,15.4484774,15.15150784,15.19999267,19869.30958195
2006-10-03,EGX:EGAL,15.30302292,15.30302292,15.12120544,15.23635599,11708.40564636
2006-10-04,EGX:EGAL,15.75756816,15.99696229,14.54544753,15.74241695,29267.71411431
2006-10-08,EGX:EGAL,16.51514355,16.51514355,15.75756816,16.06665892,18562.50895174
2006-10-09,EGX:EGAL,15.80302329,15.80302329,15.31211352,15.68484031,3630.00175056
2006-10-10,EGX:EGAL,15.16665905,15.454538,14.90302312,15.12726483,9619.50463899
2006-10-11,EGX:EGAL,15.15150784,15.75756816,15.15150784,15.32726594,9075.00437641
2006-10-12,EGX:EGAL,15.75756816,16.09090073,15.60605308,15.76362876,38283.31846207
2006-10-15,EGX:EGAL,16.09090073,16.09090073,15.15150784,15.76968967,35273.7170107
2006-10-16,EGX:EGAL,16.33332606,16.48484114,15.78787057,16.15756797,17133.60826266
2006-10-17,EGX:EGAL,16.17271917,16.36362847,16.06059832,16.13029525,23496.01133092
2006-10-18,EGX:EGAL,16.36059878,16.36362847,16.06059832,16.23029551,43236.6208508
2006-10-19,EGX:EGAL,16.2090837,16.21211339,16.06059832,16.11817374,17866.20861595
2006-10-22,EGX:EGAL,16.00908379,16.06362801,15.90908324,16.0333256,17004.90820059
2006-10-29,EGX:EGAL,16.10605344,16.10605344,15.62120428,15.80605298,66244.23194618
2006-10-30,EGX:EGAL,15.60908278,16.59393079,15.60605308,16.218174,109253.15268717
2006-10-31,EGX:EGAL,17.02726421,17.02726421,16.54544596,16.95453758,44507.12146349
2006-11-01,EGX:EGAL,17.79999202,17.79999202,17.79999202,17.79999202,34904.11683246
2006-11-02,EGX:EGAL,18.68483947,18.68786917,18.68483947,18.68786917,73091.73524838
2006-11-05,EGX:EGAL,19.62120266,19.62120266,19.62120266,19.62120266,50133.62417687
2006-11-06,EGX:EGAL,20.59999097,20.59999097,19.24241496,20.44544499,463076.02331773
2006-11-07,EGX:EGAL,21.45453602,21.4666551,19.99999036,20.94241445,116575.85621854
2006-11-08,EGX:EGAL,19.9090804,20.22120328,19.89696131,19.93029251,34758.91676244
2006-11-09,EGX:EGAL,19.39393004,19.39393004,18.93635511,18.94544541,84829.84090907
2006-11-12,EGX:EGAL,19.25756617,19.84241558,18.19696062,19.20302074,34026.31640914
2006-11-13,EGX:EGAL,19.33332371,19.39393004,18.28786936,18.79696033,68508.0330379
2006-11-14,EGX:EGAL,18.33332449,19.73635321,18.33332449,19.67877899,128066.46175986
2006-11-15,EGX:EGAL,19.39393004,19.39393004,17.83332413,18.61514254,20727.30999571
2006-11-16,EGX:EGAL,19.01514235,19.01514235,17.68484026,18.04847645,75504.03641171
2006-11-19,EGX:EGAL,17.27271894,17.33635497,17.14847658,17.1818102,38593.51861167
2006-11-20,EGX:EGAL,16.63635622,18.03938494,16.63635622,17.88483986,43764.62110542
2006-11-21,EGX:EGAL,18.5454459,18.5454459,17.5787788,18.1636273,25050.31208048
2006-11-22,EGX:EGAL,18.18180941,18.18180941,17.27271894,17.32423346,14622.30705159
2006-11-23,EGX:EGAL,17.35453709,17.35453709,16.76059828,17.13635507,10444.50503685
2006-11-26,EGX:EGAL,17.12120386,17.99090011,17.12120386,17.84544564,27498.91326131
2006-11-27,EGX:EGAL,17.99090011,17.99090011,17.28180954,17.54847639,12573.00606331
2006-11-28,EGX:EGAL,17.42423402,17.81817292,16.67271923,16.91817427,33366.31609086
2006-11-29,EGX:EGAL,17.26968925,17.5757491,16.36362847,17.03635572,23040.6111113
2006-11-30,EGX:EGAL,17.45453643,17.5757491,16.68484074,17.11817417,36498.01760112
2006-12-03,EGX:EGAL,16.69696104,16.69696104,16.27271973,16.55150687,12157.20586279
2006-12-04,EGX:EGAL,16.54847717,16.66665863,15.72423454,16.024235,31640.41525854
2006-12-05,EGX:EGAL,15.33332533,16.21211339,15.33332533,15.76665876,19024.50917454
2006-12-06,EGX:EGAL,15.60605308,16.55453777,15.60605308,16.48787084,28974.01397268
2006-12-07,EGX:EGAL,17.27271894,17.31211317,16.06059832,16.75453768,13058.10629725
2006-12-10,EGX:EGAL,16.26665882,16.63635622,15.93938565,16.19090128,9537.00459921
2006-12-11,EGX:EGAL,16.12120465,16.66665863,15.90908324,16.19393128,29040.0140045
2006-12-12,EGX:EGAL,16.36362847,16.66665863,15.454538,15.80908268,69600.33356466
2006-12-13,EGX:EGAL,15.60605308,16.31817334,15.60605308,16.01514319,14127.30681287
2006-12-14,EGX:EGAL,16.06059832,16.06059832,15.4605986,15.6575676,48067.82318064
2006-12-17,EGX:EGAL,15.75756816,15.84544721,15.60605308,15.72423454,38002.8183268
2006-12-18,EGX:EGAL,15.67575002,15.90908324,15.30908353,15.57878037,30267.61459651
2006-12-19,EGX:EGAL,15.60605308,15.60605308,15.15150784,15.2515084,39583.51908909
2006-12-20,EGX:EGAL,15.53029554,15.53029554,15.01817488,15.28484081,17839.80860322
2006-12-21,EGX:EGAL,14.55453813,15.87271992,14.55453813,15.47575011,29841.91439122
2006-12-24,EGX:EGAL,15.53332524,15.90908324,15.53029554,15.81514359,23146.21116223
2006-12-25,EGX:EGAL,15.90908324,16.06059832,15.454538,15.52726585,46124.12224329
2006-12-26,EGX:EGAL,15.87271992,16.20302279,15.87271992,16.05150771,35607.01717143
2006-12-27,EGX:EGAL,16.20605279,16.35150696,15.90908324,16.14544646,32340.01559593
2006-12-28,EGX:EGAL,16.03029591,16.66665863,15.77271936,16.36968908,56502.62724831
2007-01-03,EGX:EGAL,16.18181098,16.39393088,16.18181098,16.2333255,379.50018301
2007-01-04,EGX:EGAL,16.21211339,16.21211339,15.91817384,16.04847681,4111.80198291
2007-01-08,EGX:EGAL,15.94847746,16.24847671,15.90908324,15.96059776,7316.10352818
2007-01-09,EGX:EGAL,15.80302329,16.05756862,15.61514368,15.77878027,6606.60318602
2007-01-10,EGX:EGAL,15.62726519,15.75756816,15.30302292,15.57271946,14401.20694496
2007-01-11,EGX:EGAL,15.48484041,16.06059832,15.48484041,15.71211303,11315.70545698
2007-01-14,EGX:EGAL,15.4575677,15.4575677,15.454538,15.454538,2805.00135271
2007-01-15,EGX:EGAL,15.75756816,16.2272646,15.53029554,15.98484078,58954.52843073
2007-01-16,EGX:EGAL,16.78181039,16.78181039,16.78181039,16.78181039,15826.80763245
2007-01-17,EGX:EGAL,17.61817302,17.61817302,17.60908272,17.61817302,131066.16320647
2007-01-18,EGX:EGAL,18.49696108,18.49696108,16.73938647,18.13635428,175777.88476863
2007-01-22,EGX:EGAL,18.48483957,19.04241506,17.23029502,17.30302135,21631.51043176
2007-01-23,EGX:EGAL,16.67271923,17.42423402,16.66968832,17.09999175,16394.40790618
2007-01-24,EGX:EGAL,16.4121133,16.4121133,16.24544701,16.29696153,17803.50858572
2007-01-25,EGX:EGAL,15.49393223,16.19393128,15.48484041,15.60302338,49876.22405274
2007-01-28,EGX:EGAL,15.81817449,16.06059832,14.84847769,15.41211408,63145.53045184
2007-01-29,EGX:EGAL,15.15150784,15.454538,14.64241718,15.29696232,10477.50505276
2007-01-30,EGX:EGAL,15.454538,15.4575677,15.15150784,15.38181016,37068.91787643
2007-01-31,EGX:EGAL,15.454538,15.76059785,15.30605262,15.75150756,51476.72482458
2007-02-01,EGX:EGAL,15.75756816,15.90605354,15.75756816,15.79696238,8250.00397855
2007-02-04,EGX:EGAL,15.75756816,15.80302329,15.75756816,15.76968967,9296.10448303
2007-02-05,EGX:EGAL,15.60908278,15.60908278,15.15150784,15.34544684,4323.00208476
2007-02-06,EGX:EGAL,15.75756816,15.90908324,15.59090188,15.77878027,19156.5092382
2007-02-07,EGX:EGAL,16.13332616,16.56665807,16.13332616,16.48180993,32300.41557683
2007-02-08,EGX:EGAL,17.26968925,17.30302135,16.51514355,17.29393105,101237.44882161
2007-02-11,EGX:EGAL,16.95453758,16.95453758,16.43938601,16.46059812,1102.20053153
2007-02-12,EGX:EGAL,16.2333255,16.81817371,16.2333255,16.63029531,26862.01295417
2007-02-13,EGX:EGAL,16.63029531,16.67574923,16.36968908,16.56968898,1676.40080844
2007-02-14,EGX:EGAL,16.66665863,16.96968879,16.51817325,16.59393079,4950.00238713
2007-02-15,EGX:EGAL,17.16665899,17.42120433,17.16665899,17.35453709,62805.63028792
2007-02-18,EGX:EGAL,18.03029434,18.22120364,17.64847694,18.1454461,44946.02167515
2007-02-19,EGX:EGAL,17.63938513,18.48483957,17.63938513,18.09090067,80510.1388259
2007-02-20,EGX:EGAL,18.18180941,18.18180941,17.87877926,17.9636274,17057.70822605
2007-02-21,EGX:EGAL,17.88483986,17.88483986,17.59393121,17.87271865,35003.1168802
2007-02-22,EGX:EGAL,17.5818097,17.87877926,17.43938523,17.64544604,12173.70587075
2007-02-25,EGX:EGAL,17.43938523,17.87877926,17.43938523,17.73332478,30488.71470314
2007-02-26,EGX:EGAL,17.24241653,17.5757491,17.1878708,17.26059743,1980.00095485
2007-02-27,EGX:EGAL,17.27271894,17.27574864,17.27271894,17.27271894,2013.00097077
2007-02-28,EGX:EGAL,17.07574873,17.07574873,16.4090836,16.63029531,6448.20310964
2007-03-01,EGX:EGAL,17.45150674,17.45453643,16.52120415,17.34847648,2970.00143228
2007-03-04,EGX:EGAL,17.1969614,17.27271894,17.1969614,17.21514352,2640.00127314
2007-03-05,EGX:EGAL,17.15453748,17.24241653,17.15453748,17.23332472,330.00015914
2007-03-06,EGX:EGAL,17.26665834,17.26968925,17.12423356,17.22726381,3465.00167099
2007-03-07,EGX:EGAL,17.21211261,17.27271894,16.97574939,17.1969614,10385.1050082
2007-03-08,EGX:EGAL,17.03029512,17.26665834,17.03029512,17.09393115,4867.50234735
2007-03-11,EGX:EGAL,17.46968915,17.46968915,16.97574939,17.06968934,17869.50861754
2007-03-12,EGX:EGAL,16.39393088,17.22726381,16.39393088,17.14544688,2739.00132088
2007-03-13,EGX:EGAL,17.16665899,17.24241653,16.96968879,17.05756783,10593.00510846
2007-03-14,EGX:EGAL,17.1969614,17.24241653,16.53332566,16.93938638,14388.0069386
2007-03-15,EGX:EGAL,16.57574989,17.27271894,16.57574989,16.9818103,2161.50104238
2007-03-18,EGX:EGAL,16.96968879,17.28787015,16.96968879,17.1818102,5586.90269428
2007-03-19,EGX:EGAL,17.3757492,17.37877889,17.27271894,17.29090106,5841.00281682
2007-03-20,EGX:EGAL,17.06059753,17.06059753,16.66665863,16.87271914,11550.00556997
2007-03-21,EGX:EGAL,17.20908291,17.21211261,16.51514355,16.86059763,5540.702672
2007-03-25,EGX:EGAL,16.218174,17.21211261,16.218174,16.86968823,2999.7014466
2007-03-26,EGX:EGAL,16.96968879,16.98483999,16.96968879,16.97271848,1155.000557
2007-03-27,EGX:EGAL,16.57574989,16.57574989,16.57574989,16.57574989,1650.00079571
2007-03-28,EGX:EGAL,16.57574989,16.96968879,16.2424158,16.7878713,8081.70389739
2007-03-29,EGX:EGAL,16.93332547,16.95453758,16.54847717,16.91211336,8873.70427933
2007-04-02,EGX:EGAL,16.68180983,16.96968879,16.68180983,16.95150667,5573.70268791
2007-04-03,EGX:EGAL,16.96968879,16.96968879,16.96968879,16.96968879,5837.70281522
2007-04-04,EGX:EGAL,16.95453758,17.27271894,16.66665863,17.08484055,15991.80771203
2007-04-10,EGX:EGAL,16.76362828,16.77271858,16.76362828,16.76968888,330.00015914
2007-04-11,EGX:EGAL,16.2424158,16.9999912,16.2424158,16.94847668,9847.2047488
2007-04-12,EGX:EGAL,16.96968879,16.96968879,16.34241636,16.88484065,16500.0079571
2007-04-15,EGX:EGAL,16.66665863,16.66665863,16.66665863,16.66665863,990.00047743
2007-04-16,EGX:EGAL,16.36665817,16.36665817,16.36362847,16.36665817,643.50031033
2007-04-17,EGX:EGAL,16.39393088,16.39393088,16.39393088,16.39393088,330.00015914
2007-04-18,EGX:EGAL,16.96665909,16.96968879,16.51514355,16.80908311,4257.00205293
2007-04-19,EGX:EGAL,16.81817371,16.81817371,16.54544596,16.69393134,3752.10180945
2007-04-22,EGX:EGAL,16.81817371,16.81817371,16.81817371,16.81817371,330.00015914
2007-04-23,EGX:EGAL,16.36362847,16.96968879,16.25756852,16.77877948,4082.10196859
2007-04-24,EGX:EGAL,16.96665909,17.27271894,16.93938638,16.98483999,6223.80300142
2007-04-26,EGX:EGAL,16.96968879,17.27271894,16.71211376,17.18483989,10467.60504799
2007-04-29,EGX:EGAL,17.27271894,18.04241584,16.96968879,17.75756659,15869.70765314
2007-04-30,EGX:EGAL,18.64544525,18.64544525,18.19696062,18.58180922,42292.82039565
2007-05-02,EGX:EGAL,19.50605211,19.50605211,17.65453633,18.21514303,12688.50611901
2007-05-03,EGX:EGAL,17.65150664,17.65150664,17.62423392,17.63332453,1485.00071614
2007-05-07,EGX:EGAL,17.87877926,18.18180941,17.42726372,17.7605978,20031.00965993
2007-05-08,EGX:EGAL,17.50605216,17.50908216,17.46059734,17.49999156,7260.00350113
2007-05-09,EGX:EGAL,17.44241613,17.44544613,17.42423402,17.43029462,11352.00547449
2007-05-10,EGX:EGAL,17.43029462,17.43029462,17.27271894,17.35756708,12200.10588348
2007-05-13,EGX:EGAL,17.42423402,17.42423402,17.42423402,17.42423402,561.00027054
2007-05-16,EGX:EGAL,16.81817371,17.54544669,16.81817371,17.1969614,9685.50467082
2007-05-17,EGX:EGAL,17.42423402,17.99696071,17.42423402,17.53029397,24700.51191179
2007-05-20,EGX:EGAL,18.151507,18.18180941,18.03029434,18.06362796,11124.30536468
2007-05-21,EGX:EGAL,17.87877926,18.12120308,17.49999156,17.7787787,14173.50683515
2007-05-22,EGX:EGAL,17.50302126,17.50302126,16.89090155,17.08484055,13800.60665532
2007-05-23,EGX:EGAL,17.54544669,17.5757491,17.54544669,17.5696885,660.00031828
2007-05-24,EGX:EGAL,17.92423439,17.92423439,17.1999911,17.52120367,1485.00071614
2007-05-27,EGX:EGAL,17.81817292,17.969688,17.81817292,17.88786986,620.40029919
2007-05-28,EGX:EGAL,17.35150618,18.46665746,17.32120377,17.96665831,30218.11457264
2007-05-29,EGX:EGAL,17.81817292,18.86362727,17.81817292,18.74544581,86638.24178117
2007-05-30,EGX:EGAL,19.68180778,19.68180778,19.12120229,19.6696887,241434.71643154
2007-05-31,EGX:EGAL,20.6515058,20.6515058,18.70302159,19.50908059,44576.42149691
2007-06-03,EGX:EGAL,19.6969602,19.6969602,18.53635409,18.59393073,46173.62226716
2007-06-04,EGX:EGAL,19.08787019,19.5212021,19.08787019,19.51514271,505078.44357334
2007-06-05,EGX:EGAL,20.49090012,20.49090012,20.49090012,20.49090012,286981.33839633
2007-06-06,EGX:EGAL,21.51514114,21.51514114,20.91514052,21.51211023,503758.44293677
2007-06-07,EGX:EGAL,22.57574669,22.57574669,20.43938317,20.80605178,190608.09192047
2007-06-10,EGX:EGAL,19.76665804,21.36362606,19.76665804,20.02726186,202656.39773075
2007-06-11,EGX:EGAL,20.60605067,20.90302113,19.02726385,19.39696095,138715.56689538
2007-06-12,EGX:EGAL,19.24241496,19.69392929,18.42726414,18.71211219,194475.69378562
2007-06-13,EGX:EGAL,18.56059711,18.56059711,17.7787787,17.82120383,165402.6797652
2007-06-14,EGX:EGAL,17.04544633,18.63635465,17.04544633,18.24241575,57456.32770823
2007-06-17,EGX:EGAL,19.08787019,19.54544512,17.28180954,18.00908222,80962.23904392
2007-06-18,EGX:EGAL,17.5757491,17.87877926,17.28484045,17.53332518,96528.34655065
2007-06-19,EGX:EGAL,17.27271894,17.72726418,17.27271894,17.37877889,42748.22061527
2007-06-20,EGX:EGAL,17.72423448,17.75756659,17.39696131,17.51211307,35026.21689134
2007-06-21,EGX:EGAL,17.43029462,17.53029397,17.12423356,17.26665834,101867.74912557
2007-06-24,EGX:EGAL,17.69696177,17.87877926,17.30302135,17.5727194,39600.01909705
2007-06-25,EGX:EGAL,17.84241594,18.03029434,17.42423402,17.77271931,61264.52954473
2007-06-26,EGX:EGAL,18.1454461,18.1454461,17.81817292,17.94544619,58614.62826682
2007-06-27,EGX:EGAL,17.87877926,17.87877926,17.42726372,17.5818097,39689.11914002
2007-06-28,EGX:EGAL,17.44241613,17.45756764,17.27271894,17.33635497,37164.61792258
2007-07-02,EGX:EGAL,17.64544604,17.7515072,17.48484036,17.64544604,44088.02126138
2007-07-03,EGX:EGAL,17.87877926,17.87877926,17.42423402,17.59696121,48097.52319496
2007-07-04,EGX:EGAL,17.33635497,17.84241594,17.27271894,17.36059799,32099.11547975
2007-07-05,EGX:EGAL,17.45756764,17.63635543,17.26968925,17.3757492,50259.02423734
2007-07-08,EGX:EGAL,17.54241548,17.54544669,17.27271894,17.33635497,41444.71998666
2007-07-09,EGX:EGAL,17.27271894,17.28484045,17.27271894,17.27271894,32752.51579485
2007-07-10,EGX:EGAL,17.28787015,17.30302135,17.28180954,17.29090106,15318.60738738
2007-07-11,EGX:EGAL,17.28180954,17.5727194,17.27271894,17.33635497,42167.42033518
2007-07-12,EGX:EGAL,17.49999156,17.5757491,17.30908226,17.45150674,32310.3155816
2007-07-15,EGX:EGAL,17.5727194,17.5727194,17.35150618,17.50302126,19232.4092748
2007-07-16,EGX:EGAL,17.37877889,17.5757491,17.34847648,17.43332462,45817.22209529
2007-07-17,EGX:EGAL,17.35150618,17.5727194,17.35150618,17.42423402,22796.41099354
2007-07-18,EGX:EGAL,17.37877889,17.45453643,17.37877889,17.3818101,12474.00601557
2007-07-19,EGX:EGAL,17.54544669,17.54544669,17.27271894,17.3909004,21450.01034424
2007-07-22,EGX:EGAL,17.06362844,17.5757491,17.06362844,17.32423346,7639.50368414
2007-07-24,EGX:EGAL,17.33332528,17.33332528,17.27271894,17.27877955,18651.60899471
2007-07-25,EGX:EGAL,17.36362769,17.36362769,17.27271894,17.28787015,51239.12470999
2007-07-26,EGX:EGAL,17.37877889,17.37877889,17.27877955,17.30908226,40438.21950127
2007-07-29,EGX:EGAL,17.27271894,17.39393161,16.97877939,17.15453748,69593.73356148
2007-07-30,EGX:EGAL,17.00908301,17.26665834,16.96968879,17.05150693,9071.70437482
2007-07-31,EGX:EGAL,16.66665863,17.03029512,16.66665863,16.92726487,6837.60329742
2007-08-01,EGX:EGAL,17.12120386,17.12120386,16.97574939,17.04847602,6435.00310327
2007-08-02,EGX:EGAL,17.04544633,17.12120386,16.69696104,16.81514401,13275.90640229
2007-08-05,EGX:EGAL,16.71514345,16.96968879,16.52120415,16.72423406,14968.80721869
2007-08-06,EGX:EGAL,16.68180983,16.81514401,16.59393079,16.63938592,9296.10448303
2007-08-07,EGX:EGAL,16.93332547,16.93332547,16.54241626,16.63635622,18767.10905041
2007-08-08,EGX:EGAL,16.91817427,16.91817427,16.67574923,16.82726431,3917.10188902
2007-08-09,EGX:EGAL,17.04847602,17.05150693,16.59090109,16.78181039,12645.60609833
2007-08-12,EGX:EGAL,16.51514355,16.77271858,16.51514355,16.64544652,13051.50629407
2007-08-13,EGX:EGAL,16.89090155,16.89090155,16.58181049,16.67878014,4672.80225345
2007-08-14,EGX:EGAL,17.05453693,17.05453693,16.66665863,16.84847612,22713.91095375
2007-08-15,EGX:EGAL,16.69696104,17.13938598,16.66665863,16.84544642,20275.20977769
2007-08-16,EGX:EGAL,16.7999916,17.1818102,16.51514355,16.95756728,27142.51308944
2007-08-19,EGX:EGAL,17.42423402,18.78786973,17.27271894,17.7696881,25307.71220461
2007-08-20,EGX:EGAL,17.775749,17.775749,16.96968879,17.11817417,15675.00755925
2007-08-21,EGX:EGAL,16.9999912,17.27271894,16.66968832,16.76665919,7524.00362844
2007-08-22,EGX:EGAL,16.66665863,16.90908245,16.54544596,16.64847652,19371.00934164
2007-08-23,EGX:EGAL,16.51514355,16.81514401,16.31817334,16.4272645,7144.50344543
2007-08-26,EGX:EGAL,16.63635622,16.72726496,16.63332501,16.65150742,3306.6015946
2007-08-27,EGX:EGAL,16.51817325,16.74241617,16.51514355,16.56059868,6402.00308736
2007-08-28,EGX:EGAL,16.81817371,16.81817371,16.59090109,16.68484074,14265.90687971
2007-08-29,EGX:EGAL,16.59090109,16.63332501,16.30302214,16.37271907,25545.31231919
2007-08-30,EGX:EGAL,16.36362847,16.72726496,16.30302214,16.4121133,8530.50411382
2007-09-02,EGX:EGAL,16.30302214,16.86362884,16.30302214,16.69090165,6550.50315897
2007-09-03,EGX:EGAL,16.54544596,16.66665863,16.38181058,16.53938657,6524.10314624
2007-09-04,EGX:EGAL,16.54544596,16.54544596,16.41514299,16.47271963,7514.10362367
2007-09-05,EGX:EGAL,16.44241571,16.81514401,16.43635632,16.46362903,7326.00353295
2007-09-06,EGX:EGAL,16.53029476,16.81817371,16.4090836,16.60605229,14909.40719004
2007-09-09,EGX:EGAL,16.45756812,16.66665863,16.45756812,16.58484049,6633.00319876
2007-09-10,EGX:EGAL,16.52120415,16.66968832,16.51514355,16.55150687,11589.60558907
2007-09-11,EGX:EGAL,16.66665863,18.03029434,16.66665863,17.5909003,81998.43954363
2007-09-12,EGX:EGAL,17.87877926,17.90908167,17.60605151,17.79090021,34983.31687065
2007-09-13,EGX:EGAL,17.34847648,17.34847648,17.15150627,17.29999166,3573.90172351
2007-09-16,EGX:EGAL,17.12120386,17.5727194,17.12120386,17.42726372,2128.50102647
2007-09-17,EGX:EGAL,17.22120442,17.39393161,17.18483989,17.21514352,9520.50459125
2007-09-18,EGX:EGAL,17.24241653,17.34847648,17.1999911,17.28484045,6105.00294413
2007-09-19,EGX:EGAL,17.27271894,17.42423402,17.27271894,17.39393161,10032.00483792
2007-09-20,EGX:EGAL,17.21211261,17.54847639,17.21211261,17.33332528,18153.30875441
2007-09-23,EGX:EGAL,17.42423402,17.42423402,17.30302135,17.40605191,2805.00135271
2007-09-24,EGX:EGAL,17.24544623,17.42120433,17.22726381,17.33332528,7227.00348521
2007-09-25,EGX:EGAL,17.27271894,17.63635543,17.27271894,17.43635553,8761.50422522
2007-09-26,EGX:EGAL,17.42423402,17.69393056,17.32423346,17.42726372,7111.50342951
2007-09-27,EGX:EGAL,17.47271885,17.47271885,17.12120386,17.36362769,12695.1061222
2007-09-30,EGX:EGAL,17.28787015,17.28787015,17.06059753,17.14544688,5643.00272133
2007-10-01,EGX:EGAL,17.48484036,17.5757491,17.13029447,17.44847704,4629.90223276
2007-10-02,EGX:EGAL,17.5727194,17.65150664,17.12120386,17.41817342,8269.8039881
2007-10-03,EGX:EGAL,17.27271894,17.27271894,17.1818102,17.23332472,12358.50595987
2007-10-04,EGX:EGAL,17.27271894,17.27271894,16.97271848,17.13029447,13477.20649936
2007-10-08,EGX:EGAL,17.04544633,17.26665834,17.04544633,17.12423356,3507.90169168
2007-10-09,EGX:EGAL,17.09090145,17.63029453,17.09090145,17.55150608,4659.60224709
2007-10-10,EGX:EGAL,17.42423402,18.02726464,17.33332528,17.5909003,14051.40677627
2007-10-11,EGX:EGAL,17.81817292,17.81817292,17.5757491,17.63635543,20829.61004505
2007-10-16,EGX:EGAL,17.71211297,17.72726418,17.54544669,17.60605151,15229.50734441
2007-10-17,EGX:EGAL,17.60908272,17.71514267,17.42726372,17.55453699,16176.60780115
2007-10-18,EGX:EGAL,17.84544564,18.12726399,17.5757491,17.7696881,37973.11831248
2007-10-21,EGX:EGAL,17.5727194,17.5757491,17.48484036,17.55453699,19823.10955967
2007-10-22,EGX:EGAL,17.78483961,17.78483961,17.44544613,17.50302126,20169.60972676
2007-10-23,EGX:EGAL,17.44847704,17.5757491,17.44847704,17.50605216,17886.0086255
2007-10-24,EGX:EGAL,17.45453643,17.78483961,17.45453643,17.64241604,21252.01024875
2007-10-25,EGX:EGAL,17.5757491,17.5909003,17.46362824,17.5605979,15302.10737942
2007-10-28,EGX:EGAL,17.5757491,17.71211297,17.42423402,17.5848397,20337.90980793
2007-10-29,EGX:EGAL,17.5909003,17.66362815,17.5757491,17.61211242,6682.50322263
2007-10-30,EGX:EGAL,17.72726418,17.72726418,17.35150618,17.53635488,34221.01650304
2007-10-31,EGX:EGAL,17.74241538,17.74847629,17.51514277,17.66362815,26980.81301146
2007-11-01,EGX:EGAL,17.74847629,18.05756705,17.5757491,17.74847629,124136.15986448
2007-11-04,EGX:EGAL,18.16665821,18.16665821,17.72726418,17.86362805,481371.23214057
2007-11-05,EGX:EGAL,18.14241519,18.18180941,17.86665775,17.96665831,338332.66316043
2007-11-06,EGX:EGAL,18.14847579,18.14847579,17.65453633,17.775749,69151.53334823
2007-11-07,EGX:EGAL,17.72726418,17.81817292,17.27271894,17.45756764,76672.23697507
2007-11-08,EGX:EGAL,17.28484045,17.5605979,16.97271848,17.40605191,36121.81741969
2007-11-11,EGX:EGAL,17.51514277,17.5757491,17.42726372,17.55150608,40118.1193469
2007-11-12,EGX:EGAL,17.54544669,17.72726418,17.45453643,17.53029397,105204.0507345
2007-11-13,EGX:EGAL,15.19999267,16.36059878,15.19999267,15.97271927,34742.41675448
2007-11-14,EGX:EGAL,15.95453837,16.05453771,15.72726575,15.78181118,42216.92035905
2007-11-15,EGX:EGAL,15.65150821,15.75756816,15.15453754,15.50605252,46761.02255043
2007-11-18,EGX:EGAL,15.72726575,15.75756816,15.60908278,15.70908333,34402.51659056
2007-11-19,EGX:EGAL,16.06059832,16.06059832,15.69696182,15.77271936,28809.0138931
2007-11-20,EGX:EGAL,15.90908324,15.90908324,15.60605308,15.63635549,13714.80661395
2007-11-21,EGX:EGAL,15.75756816,15.75756816,15.60908278,15.66059851,17074.20823401
2007-11-22,EGX:EGAL,15.61817459,15.74847756,15.53635614,15.62120428,21252.01024875
2007-11-25,EGX:EGAL,15.63635549,16.05150771,15.60605308,15.75453846,47427.6228719
2007-11-26,EGX:EGAL,15.87878083,15.90908324,15.66665941,15.75453846,13143.90633863
2007-11-27,EGX:EGAL,15.68181062,15.75756816,15.60605308,15.6454473,9741.60469787
2007-11-28,EGX:EGAL,15.53029554,15.63635549,15.18181025,15.39999257,29617.514283
2007-11-29,EGX:EGAL,15.47575011,15.57271946,15.08484091,15.19696297,25215.31216005
2007-12-02,EGX:EGAL,15.16665905,15.29393232,15.15150784,15.18181025,19374.30934323
2007-12-03,EGX:EGAL,15.22726538,15.22726538,15.00908337,15.08181091,15882.90765951
2007-12-04,EGX:EGAL,15.03332639,15.03332639,15.00302246,15.01514397,6171.00297596
2007-12-05,EGX:EGAL,15.41817469,15.42423559,14.99999277,15.14847815,44025.32123115
2007-12-06,EGX:EGAL,15.27272051,15.27272051,14.92726492,15.09090151,21304.81027421
2007-12-09,EGX:EGAL,15.29999323,15.29999323,14.99999277,15.14544724,9150.90441301
2007-12-10,EGX:EGAL,15.15150784,15.15150784,14.69696261,14.87272071,24406.81177015
2007-12-11,EGX:EGAL,14.70605321,14.70605321,14.30302371,14.55453813,29340.31414932
2007-12-12,EGX:EGAL,14.54544753,14.55150813,14.36968943,14.43938758,30812.1148591
2007-12-13,EGX:EGAL,14.54544753,14.62120507,14.39696215,14.50605331,16031.40773112
2007-12-16,EGX:EGAL,14.61817537,14.61817537,14.39696215,14.55150813,20133.30970926
2007-12-17,EGX:EGAL,14.54544753,14.6666602,14.39393245,14.46059939,26192.11263111
2007-12-23,EGX:EGAL,14.39393245,15.830296,14.39393245,15.32423503,98960.44772353
2007-12-24,EGX:EGAL,15.6302961,15.75150756,15.00302246,15.2545381,18978.30915226
2007-12-25,EGX:EGAL,15.22726538,18.18180941,15.22726538,17.00302241,502012.74209491
2007-12-26,EGX:EGAL,17.27271894,17.27271894,16.54544596,16.83332491,46510.22242949
2007-12-27,EGX:EGAL,16.36362847,16.66362893,15.92423444,16.16968947,156030.67524556
2007-12-30,EGX:EGAL,16.36059878,16.36059878,15.48484041,15.74847756,41448.01998825
2007-12-31,EGX:EGAL,15.75453846,15.96968957,15.51817403,15.648477,52334.72523834
2008-01-02,EGX:EGAL,15.93029535,16.66665863,15.73029544,16.19696219,80741.1389373
2008-01-03,EGX:EGAL,16.09090073,16.21211339,15.82120419,15.97575017,70834.53415985
2008-01-06,EGX:EGAL,16.51514355,16.59090109,16.21211339,16.33635576,59472.62868059
2008-01-08,EGX:EGAL,16.45150752,16.45150752,15.90908324,16.0272647,71969.7347073
2008-01-10,EGX:EGAL,16.31514365,16.66665863,16.06059832,16.32423425,90033.94341874
2008-01-13,EGX:EGAL,16.63635622,17.7515072,16.63635622,17.09696085,261178.62595301
2008-01-14,EGX:EGAL,17.30302135,18.48483957,16.86362884,17.87574956,607583.09300606
2008-01-15,EGX:EGAL,17.15150627,17.87877926,17.15150627,17.5909003,110368.55322507
2008-01-16,EGX:EGAL,17.39696131,17.42423402,16.65150742,17.01514392,167656.58085214
2008-01-17,EGX:EGAL,16.65453712,17.09090145,16.36665817,16.69090165,84265.54063693
2008-01-20,EGX:EGAL,16.64847652,16.96968879,15.90908324,16.27271973,131455.56339425
2008-01-21,EGX:EGAL,15.92423444,15.99696229,14.86362889,15.52726585,96228.04640583
2008-01-22,EGX:EGAL,15.19999267,15.72423454,14.54544753,14.98787126,112421.15421494
2008-01-23,EGX:EGAL,15.48484041,16.33635576,15.30302292,15.75756816,104817.9505483
2008-01-24,EGX:EGAL,15.61211368,15.90605354,14.99999277,15.51514434,81325.23921898
2008-01-27,EGX:EGAL,16.2090837,16.2090837,15.42423559,15.69999273,61881.62984233
2008-01-28,EGX:EGAL,15.60908278,16.51211386,15.15150784,16.09393194,274761.4325033
2008-01-29,EGX:EGAL,16.09090073,16.93938638,15.77271936,16.57271898,266188.02836879
2008-01-30,EGX:EGAL,16.66665863,16.81817371,16.06362801,16.37877968,162168.67820561
2008-01-31,EGX:EGAL,16.50908295,16.50908295,15.69696182,15.8484769,150189.67242875
2008-02-03,EGX:EGAL,15.69999273,16.36059878,15.69999273,15.8242351,123439.85952869
2008-02-04,EGX:EGAL,15.71817394,16.024235,15.71817394,15.78181118,136940.16603919
2008-02-05,EGX:EGAL,15.78787057,15.96968957,15.55150765,15.70908333,125974.2607509
2008-02-06,EGX:EGAL,15.55150765,15.75756816,15.39393167,15.50908343,36488.11759634
2008-02-07,EGX:EGAL,15.74847756,15.78787057,15.39393167,15.54847765,81411.03926035
2008-02-10,EGX:EGAL,15.454538,15.68181062,15.25756779,15.36059835,56545.527269
2008-02-11,EGX:EGAL,15.30908353,15.54544675,15.18787116,15.34847805,54730.52639372
2008-02-12,EGX:EGAL,15.4484774,15.74847756,15.25756779,15.47878102,44071.52125343
2008-02-13,EGX:EGAL,15.69696182,15.69696182,15.37878046,15.53332524,28670.41382627
2008-02-14,EGX:EGAL,15.454538,15.66362851,15.27272051,15.36362926,52644.92538794
2008-02-17,EGX:EGAL,15.71817394,15.90605354,15.53332524,15.76059785,83080.84006561
2008-02-18,EGX:EGAL,15.90302263,15.99090138,15.65453791,15.83635539,77068.23716604
2008-02-19,EGX:EGAL,15.75756816,15.75756816,15.53332524,15.648477,56802.92739313
2008-02-20,EGX:EGAL,15.58181006,15.73635605,15.39696257,15.54241705,90792.94378476
2008-02-21,EGX:EGAL,15.47575011,15.60605308,15.41817469,15.47272011,43975.82120728
2008-02-24,EGX:EGAL,15.58484097,15.75150756,15.40605318,15.50302283,67191.33240292
2008-02-25,EGX:EGAL,15.454538,15.66362851,15.454538,15.54544675,30861.61488297
2008-02-26,EGX:EGAL,15.61817459,15.8424163,15.4575677,15.6302961,62634.03020517
2008-02-27,EGX:EGAL,15.75150756,16.43938601,15.454538,16.0333256,340299.46410892
2008-02-28,EGX:EGAL,16.32120455,17.54241548,16.06059832,16.86968823,462198.22289442
2008-03-02,EGX:EGAL,15.76059785,22.72726177,15.76059785,20.24847508,1036276.39974278
2008-03-03,EGX:EGAL,23.33332208,25.75756334,23.33332208,24.39089672,25083.31209639
2008-03-04,EGX:EGAL,26.96968396,30.909076,21.51514114,26.50604813,1584436.36409212
2008-03-05,EGX:EGAL,30.30604599,33.33331726,27.60604669,31.25453038,1008470.58633346
2008-03-06,EGX:EGAL,29.39392522,30.26968207,26.68180622,28.33331967,712338.34352412
2008-03-09,EGX:EGAL,29.69695538,30.909076,26.97271487,29.15150018,279209.83464853
2008-03-10,EGX:EGAL,30.29998478,30.30301569,28.212107,28.89089395,207811.00021655
2008-03-11,EGX:EGAL,28.7878649,29.01816843,27.30301653,27.98180348,168286.8811561
2008-03-12,EGX:EGAL,29.04543993,33.30301424,28.56059229,30.79089424,579971.97969064
2008-03-13,EGX:EGAL,30.60604585,37.2727093,30.60604585,34.35755919,680787.02830855
2008-03-16,EGX:EGAL,34.84846804,39.3939204,33.0272568,37.2848305,723211.84876785
2008-03-17,EGX:EGAL,38.78786008,39.99998071,33.63634742,36.57573994,626686.80221879
2008-03-18,EGX:EGAL,33.93937757,38.03028469,33.93937757,36.44846727,401656.39369821
2008-03-19,EGX:EGAL,38.48482993,39.69695055,35.93937661,37.75149695,562033.17103967
2008-03-23,EGX:EGAL,36.36361883,38.48482993,35.1514982,36.43634606,379364.88294816
2008-03-24,EGX:EGAL,35.48483137,36.36361883,33.0302871,34.3848319,157858.87612721
2008-03-25,EGX:EGAL,34.54543789,37.03028517,33.05755982,35.69392218,192871.89301219
2008-03-26,EGX:EGAL,37.51513342,38.18179977,36.37877034,37.61513338,243061.61721611
2008-03-27,EGX:EGAL,36.36664913,37.87876961,36.06361897,36.86361859,175833.98479568
2008-03-30,EGX:EGAL,36.36361883,36.36361883,33.33331726,34.13028657,100933.8486752
2008-03-31,EGX:EGAL,33.93937757,36.06058867,33.65149892,34.5696803,59281.22858829
2008-04-01,EGX:EGAL,34.25755924,34.25755924,33.0302871,33.39695359,78790.83799677
2008-04-02,EGX:EGAL,33.63331711,34.16665019,30.30301569,31.41210606,158588.17647892
2008-04-03,EGX:EGAL,31.74240893,33.0272568,30.30301569,32.08786331,110817.35344151
2008-04-06,EGX:EGAL,31.54846963,32.87877202,31.22725767,31.70604532,71580.33451951
2008-04-07,EGX:EGAL,32.12422693,32.42422679,31.21210616,31.64240898,95409.64601116
2008-04-08,EGX:EGAL,31.82422708,32.12119663,31.21210616,31.62725748,41438.11998347
2008-04-09,EGX:EGAL,31.21513646,31.51513632,29.39695613,30.39089443,130221.36279906
2008-04-10,EGX:EGAL,29.66968387,31.05756078,29.30604617,29.71816749,35161.51695659
2008-04-13,EGX:EGAL,30.60604585,30.60604585,28.21513821,28.86059154,52902.32551207
2008-04-14,EGX:EGAL,28.1848355,29.3333201,27.74544056,28.212107,64049.73088789
2008-04-15,EGX:EGAL,27.87877443,32.11513603,27.57574428,29.28180315,327521.85794694
2008-04-16,EGX:EGAL,30.909076,33.63634742,30.30301569,32.22119658,334735.66142578
2008-04-17,EGX:EGAL,33.78786249,35.1514982,31.81816647,32.86362052,130152.06276564
2008-04-20,EGX:EGAL,32.12422693,32.12422693,29.69392447,30.80301545,66297.03197165
2008-04-21,EGX:EGAL,29.12119747,31.51513632,29.10604748,29.93331859,87268.54208513
2008-04-22,EGX:EGAL,31.6666514,31.81816647,30.30301569,30.83028816,154225.57437506
2008-04-23,EGX:EGAL,30.30907629,30.60301554,29.5454403,29.99392584,42537.02051342
2008-04-24,EGX:EGAL,30.60604585,30.60604585,28.84847003,29.22725772,78823.83801268
2008-04-29,EGX:EGAL,29.10301657,29.96968312,28.90907757,29.11210717,15757.50759903
2008-04-30,EGX:EGAL,29.39392522,31.78786346,28.7878649,29.89695649,226756.3093529
2008-05-04,EGX:EGAL,30.30301569,31.39392425,29.29089618,30.29998478,64587.63114729
2008-05-05,EGX:EGAL,30.37877323,30.38180353,28.7878649,29.20907652,95112.64586793
2008-05-06,EGX:EGAL,29.15150018,29.65150025,28.7878649,28.97574451,36201.01745789
2008-05-07,EGX:EGAL,28.80301732,29.29998648,28.63634983,28.83028882,42612.92055002
2008-05-08,EGX:EGAL,28.7878649,28.86059154,27.57574428,28.22422851,142041.96849953
2008-05-11,EGX:EGAL,28.10604705,32.72725694,28.10604705,31.51210602,426977.30590918
2008-05-12,EGX:EGAL,30.30301569,30.30301569,28.2030167,28.71513827,35884.21730511
2008-05-13,EGX:EGAL,28.5757447,28.7878649,22.42423161,27.0363509,81609.03935584
2008-05-14,EGX:EGAL,26.66665381,28.17877368,24.65150266,25.70604882,44091.32126298
2008-05-15,EGX:EGAL,24.86665407,25.14847211,20.62120309,23.33938177,87426.94216151
2008-05-18,EGX:EGAL,28.46362264,28.46362264,24.84847287,25.44544258,26838.91294303
2008-05-19,EGX:EGAL,25.75756334,25.75756334,24.24544346,25.02725945,45678.62202845
2008-05-20,EGX:EGAL,25.53029072,27.27271412,25.53029072,26.64241079,55209.02662447
2008-05-21,EGX:EGAL,26.66665381,26.66665381,25.33332051,25.60604826,90717.04374816
2008-05-22,EGX:EGAL,26.57271506,26.96968396,25.39998775,26.0636244,85532.74124804
2008-05-25,EGX:EGAL,26.6636229,28.18180459,26.21210857,26.93938155,84915.64095044
2008-05-26,EGX:EGAL,27.26968321,27.27271412,26.06059349,26.65756321,79638.93840576
2008-05-27,EGX:EGAL,26.93938155,29.83028925,26.93938155,28.87574395,264679.92764151
2008-05-28,EGX:EGAL,28.53028988,28.53028988,27.27271412,27.89695564,56090.12704938
2008-05-29,EGX:EGAL,28.48180384,28.72725978,27.00604849,27.48483432,85866.04140877
2008-06-01,EGX:EGAL,27.87877443,29.81816804,27.04847241,28.84847003,229379.81061808
2008-06-02,EGX:EGAL,27.59392548,30.30301569,27.57574428,28.97574451,143530.26921726
2008-06-03,EGX:EGAL,28.48180384,28.66665224,26.14241073,27.85453142,88565.44271056
2008-06-04,EGX:EGAL,28.5818044,28.58483531,27.4242292,27.68483544,67310.13246021
2008-06-05,EGX:EGAL,27.57574428,27.98483438,26.96968396,27.21513778,77530.23738884
2008-06-08,EGX:EGAL,27.01513909,28.18180459,26.96968396,27.54847278,54047.42606429
2008-06-09,EGX:EGAL,27.13028964,27.36362408,26.42422877,26.82119979,63822.03077808
2008-06-10,EGX:EGAL,26.68180622,27.42119829,25.78786575,26.37271425,68696.13312861
2008-06-11,EGX:EGAL,25.83332088,26.66665381,25.83332088,26.39695727,20674.50997025
2008-06-12,EGX:EGAL,26.32119973,26.32119973,25.15756272,25.73029183,95063.14584406
2008-06-15,EGX:EGAL,25.63635067,27.57574428,25.48483559,26.45453361,67673.13263527
2008-06-16,EGX:EGAL,27.12119904,27.12119904,25.5151383,26.01816957,29587.81426868
2008-06-17,EGX:EGAL,25.60604826,26.06059349,25.15150302,25.45150227,38355.91849709
2008-06-18,EGX:EGAL,25.45756409,25.69695821,24.25756497,24.80604895,42190.52034632
2008-06-19,EGX:EGAL,24.27271496,24.95150191,23.93938239,24.38786794,63782.43075898
2008-06-22,EGX:EGAL,24.81817046,25.81816846,24.54544271,25.47271438,74926.53613321
2008-06-23,EGX:EGAL,25.63635067,25.63635067,24.7121102,25.12120061,35211.01698046
2008-06-24,EGX:EGAL,25.31817052,28.48483475,25.00301885,27.12725874,338091.76304426
2008-06-25,EGX:EGAL,27.212109,27.26059261,24.87877527,25.81816846,50622.0244124
2008-06-26,EGX:EGAL,24.85756347,25.45453318,23.93938239,24.9302901,87212.44205807
2008-06-29,EGX:EGAL,25.15150302,25.15150302,24.17877652,24.61514055,42761.42062163
2008-06-30,EGX:EGAL,23.95453481,24.54544271,22.72726177,23.66968586,52093.82512217
2008-07-02,EGX:EGAL,24.84847287,25.3030181,24.54544271,24.76362472,15483.60746695
2008-07-03,EGX:EGAL,24.54544271,24.62120025,23.09089705,23.71816947,27944.41347615
2008-07-06,EGX:EGAL,23.03029192,23.03029192,21.54847476,22.33029287,24304.51172082
2008-07-07,EGX:EGAL,22.12120145,22.12120145,20.30302051,21.28786852,30125.71452808
2008-07-08,EGX:EGAL,20.60908158,22.12120145,20.60605067,21.57877717,12672.00611106
2008-07-09,EGX:EGAL,21.28786852,22.11514176,20.68180821,21.26665641,24502.5118163
2008-07-10,EGX:EGAL,21.51514114,21.8181713,20.61211036,21.0424147,26281.21267408
2008-07-13,EGX:EGAL,21.66665622,21.66665622,20.79089937,21.29089943,15635.40754015
2008-07-14,EGX:EGAL,21.51211023,21.80301888,20.8636257,21.35453546,13985.40674444
2008-07-15,EGX:EGAL,21.59089868,22.236352,21.21514189,21.78786889,28386.6136894
2008-07-16,EGX:EGAL,21.21211098,21.21211098,20.39393047,20.79998967,19727.40951351
2008-07-17,EGX:EGAL,21.15150586,21.21211098,19.39393004,19.91211131,19905.60959945
2008-07-20,EGX:EGAL,19.19090044,19.99999036,19.19090044,19.85150618,11922.9057498
2008-07-21,EGX:EGAL,19.99695945,20.45453559,19.3030213,20.11817181,28578.01378171
2008-07-22,EGX:EGAL,19.16665742,19.16968712,18.48483957,18.75756732,33910.81635344
2008-07-24,EGX:EGAL,18.52120289,19.3030213,18.52120289,18.7484755,17153.40827221
2008-07-27,EGX:EGAL,18.78786973,20.11211242,18.78786973,19.26059708,71276.7343731
2008-07-28,EGX:EGAL,19.96665673,21.66665622,19.36362763,20.41514258,122017.55884279
2008-07-29,EGX:EGAL,19.42423245,19.68180778,18.78786973,19.23029345,30459.01468882
2008-07-30,EGX:EGAL,19.39090035,19.39393004,17.66968875,18.51817319,45101.12174995
2008-07-31,EGX:EGAL,18.7424146,19.6969602,18.18483911,18.85756666,90377.14358425
2008-08-03,EGX:EGAL,18.66665706,18.79089942,18.52726349,18.62726405,22717.21095534
2008-08-04,EGX:EGAL,17.92423439,18.37877962,17.75756659,17.89090077,12262.80591372
2008-08-05,EGX:EGAL,17.88180895,17.91514257,17.30302135,17.72423448,14579.4070309
2008-08-06,EGX:EGAL,17.87271865,18.18180941,17.51514277,17.74241538,15394.50742398
2008-08-07,EGX:EGAL,17.72726418,18.31817329,17.36362769,17.64847694,11536.80556361
2008-08-10,EGX:EGAL,17.81514323,17.87877926,17.31817407,17.74544629,2979.90143705
2008-08-11,EGX:EGAL,17.72726418,17.72726418,16.07574952,16.93029456,12579.6060665
2008-08-12,EGX:EGAL,16.21211339,16.65150742,15.76059785,16.31817334,9150.90441301
2008-08-13,EGX:EGAL,16.06362801,16.06362801,14.71514472,14.99696307,72369.03489986
2008-08-14,EGX:EGAL,15.75756816,15.75756816,14.99999277,15.14847815,59202.02855009
2008-08-17,EGX:EGAL,15.89393203,15.89393203,15.0636288,15.17575086,142523.76873188
2008-08-18,EGX:EGAL,14.88181131,15.15150784,14.85453829,15.09090151,27013.81302737
2008-08-19,EGX:EGAL,15.15150784,15.15150784,13.93938722,14.31514522,110451.05326486
2008-08-20,EGX:EGAL,13.78787214,13.93938722,13.09090308,13.63332736,60749.72929647
2008-08-21,EGX:EGAL,13.51514439,13.78787214,13.27272057,13.45150836,22885.5110365
2008-08-24,EGX:EGAL,13.53029711,14.19999346,13.49999319,13.82423545,24453.01179243
2008-08-25,EGX:EGAL,13.84241757,13.93938722,13.60605465,13.84544757,52440.32528927
2008-08-26,EGX:EGAL,13.93332661,14.18181104,13.3333269,13.66969068,86790.04185437
2008-08-27,EGX:EGAL,13.63635706,14.54241784,13.63332736,13.80302334,157905.07614949
2008-08-28,EGX:EGAL,13.79090183,13.93938722,13.54544832,13.65150827,130062.96272267
2008-08-31,EGX:EGAL,14.06059989,14.21211496,13.63635706,13.97878144,254654.52280677
2008-09-01,EGX:EGAL,14.08484169,14.24241737,13.63635706,13.93332661,135161.46518142
2008-09-02,EGX:EGAL,13.78787214,13.81817455,13.04544795,13.42726656,169464.98172424
2008-09-03,EGX:EGAL,13.48484198,13.63635706,13.3333269,13.39999384,166491.68029037
2008-09-04,EGX:EGAL,13.42423565,13.54241741,13.31514479,13.33938751,158287.8763341
2008-09-07,EGX:EGAL,13.3333269,13.46665987,13.18181182,13.29999328,179859.98673722
2008-09-08,EGX:EGAL,13.3333269,16.05453771,13.3333269,14.23635677,739117.8564385
2008-09-09,EGX:EGAL,15.69696182,19.39393004,14.75756894,17.05756783,821891.79635611
2008-09-21,EGX:EGAL,17.23029502,17.23029502,14.84847769,15.75453846,785865.67898257
2008-09-22,EGX:EGAL,15.15150784,16.06059832,14.27878069,15.30605262,301514.54540495
2008-09-23,EGX:EGAL,14.55150813,15.39090197,14.39999306,14.81211437,335171.26163585
2008-09-24,EGX:EGAL,14.8787801,14.8787801,13.34241751,13.86362968,235049.21335214
2008-09-25,EGX:EGAL,13.9030239,15.60302338,13.18181182,14.64544809,361228.07420171
2008-09-28,EGX:EGAL,14.99999277,15.41817469,13.63635706,14.14544772,181750.8876491
2008-09-29,EGX:EGAL,13.68787158,14.62120507,13.67575128,14.22423526,221030.80659178
2008-10-07,EGX:EGAL,13.63635706,13.63635706,10.70605605,12.33938829,185430.38942353
2008-10-08,EGX:EGAL,11.81817612,12.61514573,11.21211581,11.92726728,251879.22146839
2008-10-09,EGX:EGAL,12.71817599,12.71817599,11.51514596,11.82423672,328313.85832888
2008-10-12,EGX:EGAL,11.9696912,11.9696912,11.36363088,11.62120591,141042.06801733
2008-10-13,EGX:EGAL,11.78787371,11.9666615,11.36363088,11.51817566,260389.92557266
2008-10-14,EGX:EGAL,11.7757522,12.39393402,11.7757522,12.01211512,217001.50464866
2008-10-15,EGX:EGAL,11.75756978,12.66666026,11.53332807,12.26363075,393957.48998542
2008-10-16,EGX:EGAL,12.19696381,12.96059981,11.9696912,12.58181211,260822.22578114
2008-10-19,EGX:EGAL,13.01514554,13.01514554,12.66363056,12.7484787,149846.47226324
2008-10-20,EGX:EGAL,12.80302413,12.939388,12.369691,12.59090272,158901.6766301
2008-10-21,EGX:EGAL,12.72423689,12.77272172,12.27272135,12.49999397,212744.50259572
2008-10-22,EGX:EGAL,12.27878196,12.27878196,11.66666104,11.92726728,254608.32278449
2008-10-23,EGX:EGAL,11.66666104,11.81817612,11.45150993,11.57272139,157683.97604287
2008-10-26,EGX:EGAL,11.45453963,11.45453963,10.18181267,10.6363579,238464.71499926
2008-10-27,EGX:EGAL,10.45454041,11.33029726,10.45454041,10.80605539,220605.10638649
2008-10-28,EGX:EGAL,9.39393486,9.63332899,8.93938963,9.18484375,171309.68261384
2008-10-29,EGX:EGAL,9.39393486,9.6606011,8.82120817,9.09393501,95551.54607959
2008-10-30,EGX:EGAL,8.83332907,9.15151104,8.63635947,8.8939351,103174.54975578
2008-11-02,EGX:EGAL,8.95454083,10.60605549,8.95454083,9.89999462,228624.11025364
2008-11-03,EGX:EGAL,10.57575308,10.58787338,9.69696502,10.16666146,146374.87058907
2008-11-04,EGX:EGAL,9.99999518,10.75757057,9.99696548,10.37272227,401009.59338629
2008-11-05,EGX:EGAL,10.75757057,11.28787334,10.33938865,10.73332755,207900.10025952
2008-11-06,EGX:EGAL,10.45454041,10.73635846,10.03029759,10.4272677,204355.89855033
2008-11-09,EGX:EGAL,10.53938855,11.05757103,10.03029759,10.55454097,296683.34307511
2008-11-10,EGX:EGAL,10.69696424,12.18181261,10.60605549,11.23029792,430736.00772181
2008-11-11,EGX:EGAL,11.51514596,11.7818128,10.75757057,11.21211581,171963.08292894
2008-11-12,EGX:EGAL,10.77272177,11.06060073,10.15151026,10.49090373,135798.36548856
2008-11-13,EGX:EGAL,10.18181267,11.03029832,9.99999518,10.66363092,83757.34039185
2008-11-16,EGX:EGAL,10.90908565,10.93938806,10.18484388,10.49999554,83562.64029796
2008-11-17,EGX:EGAL,10.58484338,10.58484338,9.99696548,10.05454061,176180.48496278
2008-11-18,EGX:EGAL,9.69999472,9.69999472,8.79696576,9.2696925,153631.5740886
2008-11-19,EGX:EGAL,9.39393486,9.63635869,8.86363209,9.25454129,34125.31645688
2008-11-20,EGX:EGAL,9.09393501,9.38787426,8.78787455,8.94848084,61452.62963544
2008-11-23,EGX:EGAL,8.94241993,9.2727228,8.93938963,9.03635928,25373.71223644
2008-11-24,EGX:EGAL,8.93938963,8.93938963,8.53635952,8.73332912,83077.54006402
2008-11-25,EGX:EGAL,8.86060179,9.4696924,8.79090485,9.2636319,107415.05180075
2008-11-26,EGX:EGAL,9.09999591,9.99999518,9.09999591,9.72726743,99544.54800521
2008-11-27,EGX:EGAL,9.4727227,10.06666212,9.4727227,9.96969277,40920.01973362
2008-11-30,EGX:EGAL,9.79999527,9.8636313,9.63635869,9.80302497,6626.40319557
2008-12-01,EGX:EGAL,9.69696502,9.69696502,9.14545014,9.43029879,22545.61087259
2008-12-02,EGX:EGAL,9.03635928,9.73938894,9.03635928,9.39999547,32184.91552113
2008-12-03,EGX:EGAL,9.72726743,9.72726743,9.35454125,9.40605637,3445.20166144
2008-12-04,EGX:EGAL,9.12726863,9.8484801,9.10302622,9.64241959,32686.51576302
2008-12-10,EGX:EGAL,9.42423788,9.83332889,9.09090471,9.20908616,46447.52239925
2008-12-11,EGX:EGAL,9.54544994,9.63332899,9.39696517,9.48787391,13074.60630521
2008-12-14,EGX:EGAL,9.2727228,9.31817732,9.09393501,9.22120767,22935.01106038
2008-12-15,EGX:EGAL,9.10908621,9.53938934,9.10908621,9.28787431,30158.714544
2008-12-16,EGX:EGAL,9.25757099,9.34848034,9.15151104,9.21817737,11371.80548404
2008-12-17,EGX:EGAL,9.39090456,9.6636314,9.12423833,9.2818134,57337.52765094
2008-12-18,EGX:EGAL,9.16666225,9.24241979,9.12726863,9.17272285,24703.81191338
2008-12-21,EGX:EGAL,9.12120772,9.24241979,9.09090471,9.09393501,27241.51313718
2008-12-22,EGX:EGAL,9.24241979,9.54241964,9.18181345,9.29999582,13731.3066219
2008-12-23,EGX:EGAL,8.95454083,9.39696517,8.95454083,9.29393491,25723.51240513
2008-12-24,EGX:EGAL,9.16666225,9.30302612,9.09393501,9.22120767,24915.01201523
2008-12-25,EGX:EGAL,9.37575336,9.39393486,9.13332863,9.20908616,34702.81673538
2008-12-28,EGX:EGAL,9.34848034,9.34848034,9.09090471,9.13029832,19935.30961377
2008-12-30,EGX:EGAL,9.11817742,9.30302612,9.09090471,9.16969255,37689.31817562
2008-12-31,EGX:EGAL,9.18181345,9.31817732,9.06060169,9.17575345,40616.41958721
2009-01-04,EGX:EGAL,9.39393486,9.85150979,9.28787431,9.62120748,69243.93339279
2009-01-05,EGX:EGAL,9.93635915,10.67878334,9.90908643,10.30302533,271095.13073523
2009-01-06,EGX:EGAL,10.36363167,10.75757057,10.31817654,10.55151006,103900.55010589
2009-01-08,EGX:EGAL,10.39393408,10.70908574,10.25454051,10.424238,92291.14450727
2009-01-11,EGX:EGAL,10.60605549,11.25151003,10.57272187,10.78787298,58083.3280106
2009-01-12,EGX:EGAL,10.45757011,11.02726711,10.19393417,10.56363157,102557.44945818
2009-01-13,EGX:EGAL,10.83332811,10.96666107,10.07575272,10.45151072,83315.1401786
2009-01-14,EGX:EGAL,10.30302533,10.31817654,9.81817769,10.03635849,93809.14523932
2009-01-15,EGX:EGAL,9.77272256,9.99696548,9.43332848,9.70605562,82414.23974415
2009-01-18,EGX:EGAL,9.98181307,9.99999518,9.69696502,9.86969221,66399.33202098
2009-01-19,EGX:EGAL,9.8484801,10.26969171,9.69696502,9.79696558,69432.0334835
2009-01-20,EGX:EGAL,9.63635869,9.63635869,9.31817732,9.44848029,32310.3155816
2009-01-21,EGX:EGAL,9.48484361,9.48484361,8.78787455,9.09393501,55984.52699846
2009-01-22,EGX:EGAL,9.00908656,9.09090471,8.83029847,8.96666234,32742.61579008
2009-01-25,EGX:EGAL,8.93938963,9.09090471,8.4999956,8.76666244,38468.11855119
2009-01-26,EGX:EGAL,8.78787455,8.8909048,8.56060193,8.71817761,16285.50785366
2009-01-27,EGX:EGAL,9.33029883,9.48484361,8.92423842,9.05151109,70989.63423465
2009-01-28,EGX:EGAL,8.94241993,9.59393477,8.86363209,9.29393491,68148.33286443
2009-01-29,EGX:EGAL,9.4515109,9.51514693,9.18484375,9.37272275,26908.21297645
2009-02-01,EGX:EGAL,9.15151104,9.15151104,8.82726817,9.00605596,15411.00743194
2009-02-02,EGX:EGAL,9.06060169,9.06060169,8.33332931,8.51211711,35385.91706481
2009-02-03,EGX:EGAL,8.47575319,8.75151063,8.33938992,8.51817801,23430.01129909
2009-02-04,EGX:EGAL,9.09090471,9.09090471,8.26969328,8.56363223,52011.32508239
2009-02-05,EGX:EGAL,8.1212079,8.47878379,8.1212079,8.23939027,1501.5007241
2009-02-08,EGX:EGAL,8.39696534,8.42423806,7.88484468,8.22726876,8114.7039133
2009-02-09,EGX:EGAL,8.03332946,8.27272298,7.9121177,8.17575363,16245.90783457
2009-02-10,EGX:EGAL,8.18181424,8.38787474,7.99999614,8.09696549,28802.41388992
2009-02-11,EGX:EGAL,8.15151122,8.15151122,8.06666308,8.109087,4042.50194949
2009-02-12,EGX:EGAL,8.41514746,8.41514746,7.9242386,8.08484459,24759.91194043
2009-02-15,EGX:EGAL,8.32120781,8.33332931,8.09090549,8.23029906,19961.70962651
2009-02-16,EGX:EGAL,8.36363233,8.36363233,8.09696549,8.18787484,36540.9176218
2009-02-17,EGX:EGAL,8.04545036,8.17272303,7.87878408,7.95757192,41705.42011238
2009-02-18,EGX:EGAL,7.74545051,7.89999619,7.727269,7.80605684,17440.50841066
2009-02-19,EGX:EGAL,8.02726886,8.02726886,7.75454171,7.80302654,11616.0056018
2009-02-22,EGX:EGAL,7.66666267,7.87272348,7.51514759,7.64242025,10157.40489839
2009-02-23,EGX:EGAL,7.61514754,7.79393533,7.61514754,7.68484508,3003.00144819
2009-02-24,EGX:EGAL,7.51514759,7.54545091,7.12120869,7.43333005,10652.40513711
2009-02-25,EGX:EGAL,7.83939046,7.84545046,7.57575392,7.69090508,9939.60479336
2009-02-26,EGX:EGAL,7.60302664,7.63636026,7.28181497,7.39393583,88595.14272488
2009-03-01,EGX:EGAL,7.56060272,8.52726831,7.56060272,8.12726881,67221.03241724
2009-03-02,EGX:EGAL,7.915148,8.02726886,7.54545091,7.68787538,91410.04408236
2009-03-03,EGX:EGAL,7.36666281,7.86969287,7.36666281,7.62423875,32495.11567072
2009-03-04,EGX:EGAL,7.56060272,8.15151122,7.54848121,7.89393528,48813.6235403
2009-03-05,EGX:EGAL,7.68787538,7.87878408,7.57878422,7.67575387,47318.72281938
2009-03-08,EGX:EGAL,7.58787543,7.87878408,7.58787543,7.69999629,32109.01548453
2009-03-10,EGX:EGAL,7.69696599,7.88181438,7.69696599,7.78484503,18925.5091268
2009-03-11,EGX:EGAL,7.99393524,8.23939027,7.71514749,7.95454162,104395.5503446
2009-03-12,EGX:EGAL,7.80908714,8.42423806,7.77272352,8.23939027,172936.58339841
2009-03-15,EGX:EGAL,8.47878379,8.56060193,8.15454152,8.32120781,97647.04709015
2009-03-16,EGX:EGAL,8.18484454,8.24242057,7.90908709,8.07575368,80896.23901209
2009-03-17,EGX:EGAL,8.25757178,8.78787455,8.1242382,8.42120836,261112.62592118
2009-03-18,EGX:EGAL,8.43029896,8.63635947,8.33635962,8.46363228,69474.93350418
2009-03-19,EGX:EGAL,8.39393565,8.54545073,8.24242057,8.42120836,119941.85784179
2009-03-22,EGX:EGAL,8.62120827,8.85454088,8.48484439,8.71211701,140688.96784705
2009-03-23,EGX:EGAL,8.78181395,9.63332899,8.75757153,9.17272285,246777.41900805
2009-03-24,EGX:EGAL,9.49999542,9.69696502,8.78787455,9.35757094,160267.87728895
2009-03-25,EGX:EGAL,9.12120772,9.4727227,8.98181355,9.19696526,137699.16640522
2009-03-26,EGX:EGAL,9.09090471,9.96363186,8.81817757,9.43029879,262310.52649887
2009-03-29,EGX:EGAL,9.58181386,10.14544965,9.39393486,9.72726743,324759.75661492
2009-03-30,EGX:EGAL,9.60908597,9.99999518,9.09090471,9.55757145,193752.9934371
2009-03-31,EGX:EGAL,8.99999596,9.37575336,8.94241993,9.13029832,101557.54897598
2009-04-01,EGX:EGAL,9.24241979,9.31817732,8.93938963,9.08787441,68006.432796
2009-04-02,EGX:EGAL,9.16666225,9.75454045,9.03332867,9.50908602,255261.72309959
2009-04-05,EGX:EGAL,9.69696502,10.09999574,9.64241959,9.93635915,186535.88995666
2009-04-06,EGX:EGAL,9.88787432,10.2272678,9.41211637,9.82726799,308536.94879149
2009-04-07,EGX:EGAL,9.8424195,9.93938884,9.09090471,9.53029874,112718.15435816
2009-04-08,EGX:EGAL,9.2727228,9.81211678,9.09090471,9.53332843,153417.07398516
2009-04-09,EGX:EGAL,9.78787376,10.15151026,9.60605628,9.89090402,153539.17404404
2009-04-12,EGX:EGAL,9.87878251,10.45151072,9.8484801,10.15151026,236032.61382638
2009-04-13,EGX:EGAL,10.30302533,10.36363167,9.57878356,9.75454045,96538.24655543
2009-04-14,EGX:EGAL,9.8484801,9.99999518,9.57878356,9.69999472,61122.6294763
2009-04-15,EGX:EGAL,9.59090447,9.69696502,9.25757099,9.4727227,97290.64691827
2009-04-16,EGX:EGAL,9.68181382,9.68181382,9.36363185,9.4696924,41091.61981637
2009-04-21,EGX:EGAL,9.28787431,9.83332889,9.28787431,9.38787426,39913.51924824
2009-04-22,EGX:EGAL,9.54544994,9.54544994,9.33029883,9.38484366,58931.4284196
2009-04-23,EGX:EGAL,9.4545412,9.54544994,9.14545014,9.26060129,76843.83705783
2009-04-26,EGX:EGAL,9.54241964,9.6606011,9.21211677,9.40605637,120991.25834786
2009-04-27,EGX:EGAL,9.4696924,9.69393472,8.99999596,9.23332858,155601.67503868
2009-04-28,EGX:EGAL,9.06060169,9.17575345,8.78787455,8.8818136,113949.05495176
2009-04-29,EGX:EGAL,8.93938963,9.23938948,8.82423847,9.11817742,62436.03010968
2009-04-30,EGX:EGAL,9.29999582,9.54241964,8.98787445,9.24848039,115523.15571087
2009-05-03,EGX:EGAL,9.18787436,9.8424195,9.18787436,9.67878351,191446.29232469
2009-05-04,EGX:EGAL,9.39696517,9.60302598,9.39393486,9.4545412,35418.91708072
2009-05-05,EGX:EGAL,9.54544994,9.83332889,9.41211637,9.6606011,130762.56306005
2009-05-06,EGX:EGAL,9.69696502,10.13635905,9.62423778,9.91817704,248401.01979103
2009-05-07,EGX:EGAL,9.85150979,10.06060151,9.73029864,9.88484341,130389.66288022
2009-05-10,EGX:EGAL,9.97575216,10.46969162,9.86666221,10.12726724,365564.27629284
2009-05-11,EGX:EGAL,10.45151072,10.75757057,9.99999518,10.41514619,262033.32636519
2009-05-12,EGX:EGAL,10.15151026,10.4424189,10.15151026,10.29999564,101742.3490651
2009-05-13,EGX:EGAL,10.30302533,10.30302533,9.60605628,9.95151035,204362.49855352
2009-05-14,EGX:EGAL,9.60605628,9.8484801,9.16666225,9.52423783,111734.75388392
2009-05-17,EGX:EGAL,9.54544994,9.54544994,9.10908621,9.31211672,74226.93579583
2009-05-18,EGX:EGAL,9.34241974,9.63029869,9.30302612,9.4727227,59901.62888747
2009-05-19,EGX:EGAL,9.60605628,9.8484801,9.09696531,9.4545412,104887.25058172
2009-05-20,EGX:EGAL,9.39393486,9.42423788,9.09090471,9.23332858,88911.94287765
2009-05-21,EGX:EGAL,9.09090471,9.2848437,8.53029892,8.90605601,138715.56689538
2009-05-24,EGX:EGAL,9.04545018,9.24241979,8.75757153,8.98787445,41316.01992459
2009-05-25,EGX:EGAL,8.94545023,9.19696526,8.82423847,8.91211691,21090.31017077
2009-05-26,EGX:EGAL,9.09393501,9.25757099,9.00605596,9.12423833,11173.80538855
2009-05-27,EGX:EGAL,9.13635923,9.13938953,8.8939351,9.04545018,39534.01906522
2009-05-28,EGX:EGAL,8.84848088,8.93938963,8.72726822,8.79999606,36564.01763294
2009-05-31,EGX:EGAL,9.09090471,9.25757099,8.8909048,9.02726868,48457.22336842
2009-06-01,EGX:EGAL,9.03332867,10.75757057,9.03029837,9.70605562,178876.58626297
2009-06-02,EGX:EGAL,10.15151026,10.29999564,9.54848024,9.8636313,106197.35121352
2009-06-03,EGX:EGAL,9.4606012,9.99999518,9.39999547,9.74544985,71923.53468502
2009-06-04,EGX:EGAL,9.99999518,10.70908574,9.82120738,10.45151072,454218.81904636
2009-06-07,EGX:EGAL,10.89696414,11.06060073,10.48484282,10.77272177,252054.12155273
2009-06-08,EGX:EGAL,10.68484273,10.84544962,10.17575327,10.45757011,170316.38213483
2009-06-09,EGX:EGAL,10.45454041,10.57575308,9.78181316,10.10908634,93109.54490194
2009-06-10,EGX:EGAL,9.99090458,10.95454078,9.99090458,10.6272676,239609.81555148
2009-06-11,EGX:EGAL,10.65151062,11.13635827,10.57575308,10.93029776,327653.85801059
2009-06-14,EGX:EGAL,10.92423685,11.27272214,10.90908565,11.11817615,185235.68932964
2009-06-15,EGX:EGAL,11.21211581,11.51514596,10.90908565,11.19393369,247919.21955868
2009-06-16,EGX:EGAL,11.21211581,11.54544837,11.12120706,11.37878209,85503.04123372
2009-06-17,EGX:EGAL,11.49696385,11.5909035,10.63029851,10.93938806,129109.26226275
2009-06-18,EGX:EGAL,10.87878324,11.14847978,10.66666183,10.89999505,125911.56072067
2009-06-21,EGX:EGAL,10.95454078,11.39393329,10.84847931,11.23332792,140847.36792344
2009-06-22,EGX:EGAL,10.96969198,10.96969198,10.51514675,10.67878334,45744.62206028
2009-06-23,EGX:EGAL,10.45454041,10.59999489,9.666662,9.99393457,95403.04600798
2009-06-24,EGX:EGAL,10.02726789,10.2393893,9.56060115,9.83029799,52070.72511103
2009-06-25,EGX:EGAL,9.54544994,9.69696502,9.39393486,9.50302602,42315.92040679
2009-06-28,EGX:EGAL,9.54544994,9.8484801,9.24545009,9.6606011,27291.01316105
2009-06-29,EGX:EGAL,9.80605618,9.87878251,9.54544994,9.68787381,27053.41304647
2009-06-30,EGX:EGAL,9.69999472,10.26666202,9.69696502,9.97878307,46539.92244381
2009-07-02,EGX:EGAL,10.29696473,10.29696473,10.00302487,10.21211659,11962.5057689
2009-07-05,EGX:EGAL,10.14241965,10.60605549,9.8454504,10.2363584,57591.62777348
2009-07-06,EGX:EGAL,10.69696424,10.69696424,9.92423764,10.26060142,71032.53425534
2009-07-07,EGX:EGAL,10.28787413,11.34544877,10.06060151,11.02726711,243480.71741822
2009-07-08,EGX:EGAL,10.50302524,10.90908565,10.16060086,10.47272253,95663.7461337
2009-07-09,EGX:EGAL,10.17575327,10.29999564,9.99999518,10.13332814,56413.52720534
2009-07-12,EGX:EGAL,9.88787432,10.14848056,9.88484341,9.92423764,22258.51073413
2009-07-13,EGX:EGAL,9.8636313,10.15151026,9.8545407,9.97272246,21648.01043972
2009-07-14,EGX:EGAL,10.15151026,10.36363167,10.01514638,10.2363584,43494.02097493
2009-07-15,EGX:EGAL,10.07575272,10.45454041,10.04848,10.35757076,51239.12470999
2009-07-16,EGX:EGAL,10.30605503,10.57575308,10.15757086,10.39393408,43071.62077123
2009-07-19,EGX:EGAL,10.51514675,10.9969647,10.31211594,10.74847997,145120.86998433
2009-07-20,EGX:EGAL,10.46666192,10.97575259,10.46666192,10.87575203,68508.0330379
2009-07-21,EGX:EGAL,11.03029832,11.03029832,10.53635856,10.70605605,87123.3420151
2009-07-22,EGX:EGAL,10.60605549,10.60605549,10.00908578,10.14241965,237718.9146396
2009-07-26,EGX:EGAL,10.77272177,11.25757093,10.76666117,10.98181349,91938.04433699
2009-07-27,EGX:EGAL,10.58181247,10.8181769,10.54241946,10.61211609,68699.4331302
2009-07-28,EGX:EGAL,10.6212067,11.15150947,10.51514675,10.8181769,118866.05732298
2009-07-29,EGX:EGAL,10.4333283,10.89696414,10.43029739,10.71514665,71441.73445267
2009-07-30,EGX:EGAL,10.64241881,12.76969051,10.6242376,11.85150974,655426.51607848
2009-08-02,EGX:EGAL,12.99999434,13.03029675,12.27272135,12.58484211,107847.35200923
2009-08-03,EGX:EGAL,12.13029688,13.3181757,11.81817612,12.65150905,587763.28344798
2009-08-04,EGX:EGAL,12.69696418,12.72726659,11.9696912,12.3636301,142263.06860616
2009-08-05,EGX:EGAL,12.39393402,13.56059952,11.99999361,12.99999434,399300.19256193
2009-08-06,EGX:EGAL,13.30302449,13.3333269,12.64241845,12.89090318,160554.9774274
2009-08-09,EGX:EGAL,13.21211423,13.3333269,12.33332769,12.59090272,275942.83307303
2009-08-10,EGX:EGAL,12.30302376,12.70908448,12.19696381,12.39999341,93337.24501175
2009-08-11,EGX:EGAL,12.3636301,12.69696418,11.99999361,12.1787817,217423.90485236
2009-08-12,EGX:EGAL,11.99999361,12.69696418,11.66969074,12.05757025,186747.09005851
2009-08-13,EGX:EGAL,12.66666026,13.48484198,12.57575151,13.18484152,417902.30153277
2009-08-16,EGX:EGAL,13.29999328,13.93938722,13.03029675,13.36362931,255377.22315529
2009-08-17,EGX:EGAL,13.03029675,13.03029675,12.24847834,12.5393882,218750.50549211
2009-08-18,EGX:EGAL,12.39696372,12.99696313,12.21211502,12.62423634,101910.64914626
2009-08-19,EGX:EGAL,12.57575151,12.57575151,12.00302482,12.23029744,139784.767411
2009-08-20,EGX:EGAL,12.39393402,12.49999397,11.97272089,12.25150924,130940.76314599
2009-08-23,EGX:EGAL,12.72726659,12.87878167,12.45453884,12.79999443,153773.47415703
2009-08-24,EGX:EGAL,12.95453921,12.96362981,12.63938754,12.73332719,45150.62177382
2009-08-25,EGX:EGAL,12.66666026,12.99999434,12.66666026,12.77575141,67227.63242043
2009-08-26,EGX:EGAL,12.66969116,12.69696418,12.42423643,12.55150849,60551.72920098
2009-08-27,EGX:EGAL,12.69696418,12.86666016,12.48484277,12.59393362,111629.153833
2009-08-30,EGX:EGAL,12.72726659,12.72726659,12.45757005,12.59090272,38151.31839842
2009-08-31,EGX:EGAL,12.57575151,13.3333269,12.46969156,12.88787227,181084.28732763
2009-09-01,EGX:EGAL,12.74241779,12.87878167,12.53635729,12.66969116,67399.23250318
2009-09-02,EGX:EGAL,12.53029638,12.72120599,12.19696381,12.5545394,56294.72714805
2009-09-03,EGX:EGAL,12.71514508,13.03029675,12.51514518,12.87575197,94683.64566105
2009-09-06,EGX:EGAL,13.03029675,14.39393245,13.03029675,13.84847847,445447.41481636
2009-09-07,EGX:EGAL,14.21211496,14.53938693,13.63635706,14.04544717,210249.70139261
2009-09-08,EGX:EGAL,13.93938722,14.39090276,13.63635706,13.9212051,202827.9978135
2009-09-09,EGX:EGAL,14.04544717,14.07878079,13.39696293,13.65150827,81668.43938449
2009-09-10,EGX:EGAL,13.63635706,14.12120471,13.36362931,13.68787158,114001.85497723
2009-09-13,EGX:EGAL,13.63938676,14.50908422,13.63938676,14.15756923,238161.11485285
2009-09-14,EGX:EGAL,13.95756933,14.14544772,13.42423565,13.67272038,154842.67467265
2009-09-15,EGX:EGAL,13.93938722,13.93938722,13.56059952,13.67272038,80642.13888955
2009-09-16,EGX:EGAL,13.63635706,14.42423486,13.57878163,14.15756923,214615.60349806
2009-09-17,EGX:EGAL,14.43938758,14.43938758,13.96968963,14.24544707,111312.35368022
2009-09-22,EGX:EGAL,14.43938758,14.99090216,14.03332687,14.6696899,233293.6125055
2009-09-23,EGX:EGAL,14.55756904,14.57574994,14.09393199,14.33332612,53410.52575715
2009-09-24,EGX:EGAL,13.67272038,14.24241737,13.63635706,13.98787204,264528.1275683
2009-09-27,EGX:EGAL,13.93938722,14.16665983,13.79393274,13.94241691,123667.5596385
2009-09-28,EGX:EGAL,13.93635752,14.24241737,13.86665937,14.03029596,207461.20004786
2009-09-29,EGX:EGAL,14.0909023,14.23332677,13.9121145,14.0878726,214186.60329118
2009-09-30,EGX:EGAL,13.93938722,14.07575109,13.56059952,13.81211516,181394.48747723
2009-10-01,EGX:EGAL,14.06059989,14.14847772,13.82423545,13.97878144,161690.17797485
2009-10-04,EGX:EGAL,14.08484169,15.15150784,13.85453908,14.6848411,414113.89970582
2009-10-05,EGX:EGAL,14.78787135,15.01817488,13.98181114,14.43635637,165465.37979544
2009-10-07,EGX:EGAL,14.74847713,14.75150804,13.5181756,14.01817445,156855.67564342
2009-10-08,EGX:EGAL,13.93938722,13.93938722,13.39090233,13.64544766,144111.06949735
2009-10-11,EGX:EGAL,13.9030239,14.54544753,13.64544766,13.96363024,112886.45443933
2009-10-12,EGX:EGAL,13.93938722,13.93938722,13.35453901,13.61817495,132920.76410084
2009-10-13,EGX:EGAL,13.36969022,13.36969022,12.83635775,13.11514489,111411.35372796
2009-10-14,EGX:EGAL,13.54544832,13.56059952,13.07575188,13.27878148,84598.84079767
2009-10-15,EGX:EGAL,13.3333269,13.60302344,13.18181182,13.3242363,92941.24482078
2009-10-19,EGX:EGAL,13.18484152,13.60605465,13.18484152,13.37575082,45837.02210484
2009-10-20,EGX:EGAL,13.3333269,13.48484198,13.1272664,13.27878148,61980.62989007
2009-10-21,EGX:EGAL,13.16059971,13.26969087,13.03029675,13.10302459,53298.32570304
2009-10-22,EGX:EGAL,13.02120614,13.02120614,12.72726659,12.88181136,57631.22779258
2009-10-25,EGX:EGAL,12.89393287,13.02423614,12.58181211,12.757569,39530.71906363
2009-10-26,EGX:EGAL,12.757569,12.757569,12.12120628,12.42726613,92809.24475712
2009-10-27,EGX:EGAL,12.19999351,12.27272135,11.89393366,12.08484296,41834.12017444
2009-10-28,EGX:EGAL,12.12120628,12.14847899,11.36666058,11.73635798,74797.83607115
2009-10-29,EGX:EGAL,11.33332847,11.81817612,11.06666133,11.40302511,70478.13398798
2009-11-01,EGX:EGAL,10.91514625,11.37878209,10.91514625,11.12726766,28581.3137833
2009-11-02,EGX:EGAL,11.25453972,11.48484355,10.95150957,11.09696404,33049.51593808
2009-11-03,EGX:EGAL,10.94544896,10.94544896,10.18787357,10.48181313,49156.82370581
2009-11-04,EGX:EGAL,9.87878251,10.60605549,9.87878251,10.44847981,19087.20920478
2009-11-05,EGX:EGAL,10.64544971,11.24241821,9.99999518,10.36363167,22179.31069594
2009-11-08,EGX:EGAL,10.60605549,10.84241871,10.39393408,10.51514675,28234.8136162
2009-11-09,EGX:EGAL,10.45757011,10.88787354,10.15453995,10.56060036,36993.01783983
2009-11-10,EGX:EGAL,11.18484309,11.19090369,10.51514675,10.79696479,43239.92085239
2009-11-11,EGX:EGAL,10.60605549,10.90908565,10.33938865,10.61514609,44784.32159717
2009-11-12,EGX:EGAL,10.59696489,10.59696489,10.24544991,10.33332774,54159.6261184
2009-11-15,EGX:EGAL,10.00908578,10.16666146,9.8484801,9.90605553,318390.75354347
2009-11-16,EGX:EGAL,9.8484801,10.08787423,9.76363196,9.8484801,44249.72133936
2009-11-17,EGX:EGAL,9.69696502,9.69696502,9.18484375,9.40605637,116051.1559655
2009-11-18,EGX:EGAL,9.24545009,9.59696507,9.13029832,9.37878366,59888.42888111
2009-11-19,EGX:EGAL,9.48484361,9.69090442,9.19696526,9.4636318,59660.7287713
2009-11-22,EGX:EGAL,9.6606011,9.6606011,9.34241974,9.49393482,34254.01651895
2009-11-23,EGX:EGAL,9.56363145,9.56666205,9.33332853,9.37878366,44589.62150328
2009-11-24,EGX:EGAL,9.36363185,9.4545412,9.06363199,9.15454074,106906.85155567
2009-11-25,EGX:EGAL,9.2727228,9.43635878,9.21514707,9.2818134,43345.52090331
2009-11-30,EGX:EGAL,9.09393501,9.21211677,8.52726831,8.89696571,83292.04016746
2009-12-01,EGX:EGAL,9.09090471,9.09090471,8.80605606,8.93029842,55044.0265449
2009-12-02,EGX:EGAL,8.94545023,9.20605586,8.90908661,9.04545018,32841.61583782
2009-12-03,EGX:EGAL,9.17878376,9.48181391,9.15757104,9.33938944,77414.73733314
2009-12-06,EGX:EGAL,9.18484375,9.43938939,9.09393501,9.2727228,37910.41828224
2009-12-07,EGX:EGAL,9.09696531,9.24241979,9.09090471,9.14545014,24156.0116492
2009-12-08,EGX:EGAL,9.23332858,9.23332858,8.86666239,9.04545018,44721.62156694
2009-12-09,EGX:EGAL,8.86666239,9.03029837,8.60605646,8.74545063,52371.02525585
2009-12-10,EGX:EGAL,8.66969309,8.8757536,8.490905,8.66363219,64874.73128574
2009-12-13,EGX:EGAL,9.16666225,9.16666225,8.81817757,8.95454083,65264.13147353
2009-12-14,EGX:EGAL,8.93938963,9.06060169,8.78787455,8.86969269,43223.42084443
2009-12-15,EGX:EGAL,8.80302575,8.98484415,8.78787455,8.80302575,26073.31257382
2009-12-16,EGX:EGAL,9.06060169,9.35757094,9.06060169,9.11514712,75695.43650401
2009-12-17,EGX:EGAL,8.99999596,9.51514693,8.8818136,9.2848437,98719.54760736
2009-12-20,EGX:EGAL,9.4666621,9.4666621,9.00605596,9.12726863,14503.50699429
2009-12-21,EGX:EGAL,9.13635923,9.20908616,8.78787455,8.87878329,38016.01833317
2009-12-22,EGX:EGAL,8.83635938,8.93938963,8.69696581,8.77575304,13153.8063434
2009-12-23,EGX:EGAL,8.78787455,8.93938963,8.681814,8.79696576,25406.71225235
2009-12-24,EGX:EGAL,8.78787455,8.93938963,8.78787455,8.82120817,18536.10893901
2009-12-27,EGX:EGAL,8.99696566,9.09090471,8.681814,8.82423847,13761.00663623
2009-12-28,EGX:EGAL,8.74242003,8.78484425,8.66666249,8.71211701,11672.10562886
2009-12-29,EGX:EGAL,8.87878329,9.03635928,8.73029852,8.85151058,83209.54012768
2009-12-30,EGX:EGAL,8.69696581,8.91211691,8.51514741,8.64242007,23265.01121952
2009-12-31,EGX:EGAL,8.63635947,8.8757536,8.48787469,8.64848098,14457.30697202
2010-01-03,EGX:EGAL,8.96666234,9.6636314,8.60908676,9.35151094,76810.83704191
2010-01-04,EGX:EGAL,9.39393486,9.6636314,9.33635883,9.50908602,46658.7225011
2010-01-05,EGX:EGAL,9.63635869,9.666662,9.34848034,9.47878361,30739.51482409
2010-01-06,EGX:EGAL,9.42423788,9.69696502,9.33332853,9.44848029,35626.81718098
2010-01-10,EGX:EGAL,9.77272256,10.14544965,9.59393477,9.93029824,95508.6460589
2010-01-11,EGX:EGAL,9.8484801,10.07575272,9.8484801,10.01817729,56040.62702551
2010-01-12,EGX:EGAL,10.0424191,10.15757086,9.8484801,9.97575216,72850.83513221
2010-01-13,EGX:EGAL,9.99999518,10.07272302,9.91211613,9.99696548,75124.5362287
2010-01-14,EGX:EGAL,9.99696548,10.13635905,9.99696548,10.03029759,55331.12668335
2010-01-17,EGX:EGAL,10.0333288,10.07575272,9.99999518,10.0242382,2409.00116174
2010-01-18,EGX:EGAL,10.15151026,10.37878287,10.0393894,10.2393893,55776.6268982
2010-01-19,EGX:EGAL,10.38181257,10.45454041,10.07878241,10.29696473,52889.1255057
2010-01-20,EGX:EGAL,10.15151026,10.90605595,9.85150979,10.16060086,9267971.9694659
2010-01-21,EGX:EGAL,10.29696473,10.84847931,10.24847991,10.46666192,52955.12553753
2010-01-24,EGX:EGAL,10.424238,10.424238,9.73635924,9.97878307,111417.95373114
2010-01-26,EGX:EGAL,9.73332834,9.73635924,9.4696924,9.64544989,53077.22559641
2010-01-27,EGX:EGAL,9.69696502,9.87878251,9.60605628,9.69999472,44853.62163059
2010-01-28,EGX:EGAL,9.69696502,10.11514694,9.69696502,9.77272256,101788.54908738
2010-01-31,EGX:EGAL,10.05454061,10.13635905,9.666662,9.74847954,48807.02353712
2010-02-01,EGX:EGAL,9.68181382,9.8484801,9.61211627,9.71817713,32155.21550681
2010-02-02,EGX:EGAL,9.96666156,10.39090438,9.96666156,10.18181267,120519.35812028
2010-02-03,EGX:EGAL,10.27272292,10.53938855,10.15151026,10.31514684,82955.44000514
2010-02-04,EGX:EGAL,10.19999508,10.19999508,9.8545407,9.97272246,25987.51253244
2010-02-07,EGX:EGAL,9.63635869,9.95151035,9.62726808,9.72423773,69646.53358694
2010-02-08,EGX:EGAL,9.91817704,9.96666156,9.67575291,9.73332834,64158.63094041
2010-02-09,EGX:EGAL,9.8454504,9.89090402,9.69696502,9.73332834,34900.81683087
2010-02-10,EGX:EGAL,9.72726743,9.91817704,9.54544994,9.6484802,75982.53664247
2010-02-11,EGX:EGAL,9.59090447,9.79393467,9.40605637,9.6545411,68220.93289944
2010-02-14,EGX:EGAL,9.87272312,9.87575281,9.57272266,9.70605562,41349.0199405
2010-02-15,EGX:EGAL,9.8484801,10.72726816,9.69696502,10.33635895,362468.87480008
2010-02-16,EGX:EGAL,10.59696489,10.73938846,10.27272292,10.53029795,69366.03345167
2010-02-17,EGX:EGAL,10.33332774,10.36666136,9.87878251,10.10605513,148203.07147071
2010-02-18,EGX:EGAL,10.09090392,10.37878287,9.86666221,10.2272678,147414.37109036
2010-02-21,EGX:EGAL,10.29999564,10.35757076,9.63635869,9.93332824,80556.33884818
2010-02-22,EGX:EGAL,9.70908653,10.12726724,9.56969235,9.78484407,85984.84146606
2010-02-23,EGX:EGAL,9.69999472,9.92423764,9.28787431,9.54544994,92284.54450409
2010-02-24,EGX:EGAL,9.39393486,9.6636314,9.26060129,9.44848029,53295.02570145
2010-02-25,EGX:EGAL,9.78787376,9.83332889,9.55454115,9.67575291,79553.13836438
2010-02-28,EGX:EGAL,9.58181386,9.666662,9.39393486,9.50908602,53304.92570622
2010-03-01,EGX:EGAL,9.42423788,9.59999537,9.35454125,9.41211637,59416.52865353
2010-03-02,EGX:EGAL,9.37272275,10.15151026,9.29090461,9.73635924,120789.95825078
2010-03-03,EGX:EGAL,9.97575216,9.99999518,9.60605628,9.8545407,43170.62081897
2010-03-04,EGX:EGAL,9.63635869,9.6636314,9.4727227,9.59090447,46830.32258385
2010-03-07,EGX:EGAL,9.41817728,9.69393472,9.39393486,9.51211632,64557.93113297
2010-03-08,EGX:EGAL,9.43029879,9.54544994,9.32120763,9.42423788,105088.5506788
2010-03-09,EGX:EGAL,9.33635883,9.49696512,9.09090471,9.2666622,69719.13362195
2010-03-10,EGX:EGAL,9.51817723,9.56363145,9.29090461,9.50605632,26862.01295417
2010-03-11,EGX:EGAL,9.61817718,9.61817718,9.39696517,9.4515109,18249.00880056
2010-03-14,EGX:EGAL,9.18787436,9.20302617,8.67878339,8.95454083,87994.54243524
2010-03-15,EGX:EGAL,8.65757158,8.681814,7.89393528,8.50908681,71025.93425215
2010-03-16,EGX:EGAL,8.18181424,8.81817757,8.18181424,8.65151068,17684.70852842
2010-03-17,EGX:EGAL,8.99696566,8.99696566,8.5030259,8.63635947,58677.32829706
2010-03-18,EGX:EGAL,8.4999956,8.86060179,8.48787469,8.73332912,16945.50817195
2010-03-21,EGX:EGAL,8.83332907,8.96666234,8.78787455,8.82726817,15886.2076611
2010-03-22,EGX:EGAL,8.79090485,8.83938968,8.63635947,8.75151063,29317.21413818
2010-03-23,EGX:EGAL,8.78787455,9.25454129,8.55454133,9.04848079,29224.81409362
2010-03-24,EGX:EGAL,9.25454129,9.47878361,9.00908656,9.29696521,40679.11961745
2010-03-25,EGX:EGAL,8.93938963,9.32423793,8.93938963,9.13332863,9240.00445598
2010-03-28,EGX:EGAL,9.12726863,9.4515109,9.09090471,9.30605582,69702.63361399
2010-03-29,EGX:EGAL,9.33332853,9.4545412,9.10302622,9.21514707,25423.21226031
2010-03-30,EGX:EGAL,9.09999591,9.24241979,9.09999591,9.15151104,5049.00243487
2010-03-31,EGX:EGAL,9.09393501,9.25757099,9.09393501,9.19999587,21885.6105543
2010-04-01,EGX:EGAL,9.36969245,9.59090447,9.34545004,9.45757089,71989.53471685
2010-04-06,EGX:EGAL,9.68181382,9.99999518,9.68181382,9.83332889,70224.03386544
2010-04-07,EGX:EGAL,9.79393467,9.99999518,9.69696502,9.89999462,107200.55169731
2010-04-08,EGX:EGAL,9.89090402,9.93938884,9.81817769,9.87575281,37554.01811037
2010-04-11,EGX:EGAL,9.93635915,9.93635915,9.75757136,9.82120738,36290.11750086
2010-04-12,EGX:EGAL,9.89393523,9.96363186,9.55151055,9.70605562,92301.04451204
2010-04-13,EGX:EGAL,9.59090447,9.79696558,9.55454115,9.72423773,17674.80852365
2010-04-14,EGX:EGAL,9.69696502,9.87878251,9.69696502,9.82120738,80566.23885295
2010-04-15,EGX:EGAL,9.92423764,9.92423764,9.66969231,9.74242015,17813.40859049
2010-04-18,EGX:EGAL,9.55151055,9.69696502,9.54544994,9.58181386,21357.61029968
2010-04-19,EGX:EGAL,9.55151055,9.57575296,9.4545412,9.50908602,16450.50793323
2010-04-20,EGX:EGAL,9.666662,9.666662,9.48787391,9.55151055,22423.51081371
2010-04-21,EGX:EGAL,9.45757089,9.57272266,9.25757099,9.35757094,15566.10750673
2010-04-22,EGX:EGAL,9.26060129,9.30302612,9.09090471,9.24545009,25532.11231282
2010-04-26,EGX:EGAL,9.39393486,9.48787391,9.24241979,9.39696517,18397.50887217
2010-04-27,EGX:EGAL,9.40302607,9.40302607,9.25757099,9.39393486,21133.21019146
2010-04-28,EGX:EGAL,9.32726853,9.40908607,9.18181345,9.36060124,24387.0117606
2010-04-29,EGX:EGAL,9.39696517,9.4545412,9.39393486,9.39999547,46662.02250269
2010-05-02,EGX:EGAL,9.39393486,9.39393486,9.09393501,9.17272285,27426.3132263
2010-05-03,EGX:EGAL,9.37272275,9.4666621,9.17878376,9.26060129,12078.0058246
2010-05-04,EGX:EGAL,9.4696924,9.48787391,9.11514712,9.20605586,16549.50798098
2010-05-05,EGX:EGAL,9.09393501,9.23938948,8.8848442,9.06060169,25614.61235261
2010-05-06,EGX:EGAL,9.19696526,9.19696526,8.8909048,9.05454078,21512.71037447
2010-05-09,EGX:EGAL,8.78787455,9.09090471,8.78787455,8.82423847,54974.72651148
2010-05-10,EGX:EGAL,8.8818136,9.16666225,8.81817757,8.96969264,37204.21794168
2010-05-11,EGX:EGAL,8.86363209,8.86363209,8.60605646,8.76060184,21087.01016918
2010-05-12,EGX:EGAL,8.78484425,8.78787455,8.48484439,8.67575309,25921.51250061
2010-05-13,EGX:EGAL,8.93332903,8.93938963,8.78484425,8.82423847,33861.31632957
2010-05-16,EGX:EGAL,8.48484439,8.66666249,8.37878384,8.47878379,52915.52551843
2010-05-17,EGX:EGAL,8.48484439,8.48484439,8.18484454,8.39999565,22994.41108902
2010-05-18,EGX:EGAL,8.62726826,8.62726826,8.37272293,8.47575319,6270.0030237
2010-05-19,EGX:EGAL,8.33635962,8.36666293,7.921208,8.23939027,41306.11991982
2010-05-20,EGX:EGAL,8.06969278,8.18181424,7.89393528,8.05151127,23776.51146619
2010-05-23,EGX:EGAL,7.90908709,8.16666303,7.87878408,8.01514795,7299.60352022
2010-05-24,EGX:EGAL,7.95454162,8.18181424,7.57878422,7.85151137,26261.41266453
2010-05-25,EGX:EGAL,7.57575392,7.57878422,7.30605739,7.51817789,20163.00972358
2010-05-26,EGX:EGAL,7.49999638,7.84545046,7.49999638,7.82726895,17523.00845045
2010-05-27,EGX:EGAL,7.65151146,8.31817811,7.57575392,8.08181428,13464.006493
2010-05-30,EGX:EGAL,8.39090535,8.39393565,7.77575383,7.93939041,32128.81549407
2010-05-31,EGX:EGAL,7.79090503,8.24242057,7.79090503,8.1151479,18631.80898516
2010-06-01,EGX:EGAL,8.17575363,8.18181424,7.88484468,8.16060213,7095.00342156
2010-06-02,EGX:EGAL,7.90908709,8.03029916,7.84848106,7.93332951,8768.10422841
2010-06-03,EGX:EGAL,8.18181424,8.18181424,8.18181424,8.18181424,1211.10058405
2010-06-06,EGX:EGAL,7.9272689,8.03029916,7.86060257,7.89999619,15579.3075131
2010-06-07,EGX:EGAL,7.81817774,7.93939041,7.81817774,7.86969287,2293.50110604
2010-06-08,EGX:EGAL,7.82423865,7.82423865,7.727269,7.74242021,8147.70392922
2010-06-10,EGX:EGAL,7.99999614,8.02423855,7.75757202,7.87575378,1131.90054586
2010-06-13,EGX:EGAL,8.01211765,8.02726886,7.727269,7.85454167,7920.00381941
2010-06-14,EGX:EGAL,7.74545051,7.76969292,7.74242021,7.75454171,7870.50379554
2010-06-15,EGX:EGAL,7.75757202,7.75757202,7.74242021,7.75151141,4950.00238713
2010-06-16,EGX:EGAL,7.76666262,7.81514805,7.57575392,7.63029935,53608.52585263
2010-06-17,EGX:EGAL,7.81817774,7.84848106,7.81817774,7.83636016,2640.00127314
2010-06-20,EGX:EGAL,7.98181433,8.02726886,7.96363283,7.99090554,21136.51019305
2010-06-21,EGX:EGAL,7.78787534,7.78787534,7.727269,7.76666262,18480.00891196
2010-06-22,EGX:EGAL,7.727269,7.727269,7.60605694,7.66060267,4653.0022439
2010-06-23,EGX:EGAL,7.727269,7.727269,7.61211784,7.65454176,2475.00119357
2010-06-24,EGX:EGAL,7.80302654,7.80302654,7.63332996,7.67575387,1326.60063975
2010-06-28,EGX:EGAL,7.66060267,7.727269,7.61817784,7.65757206,7137.90344224
2010-06-29,EGX:EGAL,7.61817784,7.61817784,7.57575392,7.58181453,1260.60060792
2010-06-30,EGX:EGAL,7.35757251,7.57575392,7.27878437,7.3333301,7854.00378758
2010-07-04,EGX:EGAL,7.28787497,7.28787497,7.27272377,7.27575407,6435.00310327
2010-07-05,EGX:EGAL,7.27272377,7.57575392,7.27272377,7.48787487,6171.00297596
2010-07-06,EGX:EGAL,7.35151161,7.57575392,7.27272377,7.36969342,18480.00891196
2010-07-07,EGX:EGAL,7.57575392,7.57575392,7.29090527,7.45454186,1537.8007416
2010-07-11,EGX:EGAL,7.49999638,7.727269,7.49090518,7.60605694,36738.91771729
2010-07-12,EGX:EGAL,7.68181448,7.68181448,7.36666281,7.46060277,2062.50099464
2010-07-13,EGX:EGAL,7.42423884,7.60302664,7.39393583,7.45757246,5643.00272133
2010-07-14,EGX:EGAL,7.727269,7.86666257,7.5272691,7.69090508,16212.90781865
2010-07-15,EGX:EGAL,7.69999629,7.84242016,7.60605694,7.7302993,27152.41309421
2010-07-18,EGX:EGAL,7.50605699,7.84848106,7.50302668,7.7302993,22027.51062273
2010-07-19,EGX:EGAL,7.65151146,7.74848111,7.57575392,7.64242025,8497.50409791
2010-07-20,EGX:EGAL,7.58181453,7.58181453,7.42726915,7.5272691,16424.1079205
2010-07-21,EGX:EGAL,7.42726915,7.57575392,7.27272377,7.41817824,8580.00413769
2010-07-22,EGX:EGAL,7.29696618,7.66666267,7.29393588,7.46363246,6735.30324809
2010-07-25,EGX:EGAL,7.43939005,7.57878422,7.43939005,7.5424203,1320.00063657
2010-07-26,EGX:EGAL,7.55757242,7.65151146,7.43939005,7.53939,8481.00408995
2010-07-27,EGX:EGAL,7.45454186,7.63332996,7.45454186,7.5272691,3144.90151662
2010-07-28,EGX:EGAL,7.65151146,8.15151122,7.57878422,7.82423865,170157.98205844
2010-07-29,EGX:EGAL,7.88484468,8.08787519,7.88484468,7.99090554,40778.11966519
2010-08-01,EGX:EGAL,7.88484468,7.99393524,7.7302993,7.82726895,20532.60990182
2010-08-02,EGX:EGAL,7.84242016,7.87575378,7.81817774,7.83332956,11926.2057514
2010-08-03,EGX:EGAL,7.87575378,7.87878408,7.68787538,7.78484503,18249.00880056
2010-08-04,EGX:EGAL,7.62120845,7.86060257,7.57878422,7.71817779,49592.42391587
2010-08-05,EGX:EGAL,7.69090508,7.81817774,7.69090508,7.76363292,22984.51108425
2010-08-08,EGX:EGAL,7.70605689,7.90908709,7.62120845,7.80302654,73616.43550142
2010-08-09,EGX:EGAL,8.01514795,8.14545031,7.9242386,8.04848066,43830.62113725
2010-08-10,EGX:EGAL,7.93939041,8.26363238,7.9121177,8.08181428,66066.03186025
2010-08-11,EGX:EGAL,8.16363273,8.16363273,7.9272689,8.04545036,14506.80699589
2010-08-12,EGX:EGAL,7.67272357,7.88484468,7.66666267,7.82726895,8424.9040629
2010-08-15,EGX:EGAL,7.87878408,7.90908709,7.76060262,7.87272348,20918.71008802
2010-08-16,EGX:EGAL,7.727269,7.95454162,7.727269,7.86969287,42424.82045931
2010-08-17,EGX:EGAL,7.95454162,8.05757187,7.95454162,7.97575373,2095.50101055
2010-08-18,EGX:EGAL,7.88181438,7.89393528,7.87878408,7.88181438,7471.20360298
2010-08-19,EGX:EGAL,7.75757202,8.02726886,7.75757202,7.86363287,26258.11266294
2010-08-23,EGX:EGAL,7.9242386,7.9242386,7.88181438,7.89090559,4098.60197654
2010-08-24,EGX:EGAL,7.9242386,8.01817765,7.81817774,7.93636011,11137.50537105
2010-08-25,EGX:EGAL,7.79090503,7.79090503,7.79090503,7.79090503,610.50029441
2010-08-26,EGX:EGAL,7.87878408,7.90908709,7.78787534,7.87272348,825.00039786
2010-08-29,EGX:EGAL,7.79393533,7.79393533,7.76363292,7.77272352,3135.00151185
2010-08-30,EGX:EGAL,7.73939051,7.74848111,7.73636021,7.74242021,7128.00343747
2010-08-31,EGX:EGAL,7.74545051,7.81514805,7.727269,7.73939051,17932.20864778
2010-09-01,EGX:EGAL,7.84848106,7.87878408,7.70605689,7.76363292,14137.20681765
2010-09-02,EGX:EGAL,7.87878408,8.02423855,7.87878408,7.93029921,10289.40496205
2010-09-05,EGX:EGAL,8.03029916,8.08484459,7.87878408,7.921208,18179.70876714
2010-09-06,EGX:EGAL,8.07575368,8.16969273,7.80302654,7.90302649,19635.00946895
2010-09-07,EGX:EGAL,8.13635971,8.13635971,7.82423865,7.90605679,16995.00819582
2010-09-08,EGX:EGAL,8.06969278,8.06969278,7.87878408,7.89090559,18770.409052
2010-09-13,EGX:EGAL,7.89393528,7.89393528,7.85151137,7.87575378,858.00041377
2010-09-14,EGX:EGAL,7.87575378,7.88484468,7.75757202,7.83332956,13843.50667601
2010-09-15,EGX:EGAL,7.75757202,7.9242386,7.75757202,7.81817774,8032.20387352
2010-09-16,EGX:EGAL,7.915148,7.9181777,7.78787534,7.86666257,5379.00259402
2010-09-29,EGX:EGAL,8.75757153,8.75757153,8.23332936,8.36969324,66943.83228357
2010-09-30,EGX:EGAL,8.21211725,8.43938987,8.21211725,8.34242052,28046.71352549
2010-10-03,EGX:EGAL,8.43938987,8.74242003,8.42726836,8.64848098,65597.43163427
2010-10-04,EGX:EGAL,8.66666249,8.72423852,8.59090495,8.64848098,25476.01228577
2010-10-05,EGX:EGAL,8.51514741,8.63635947,8.36363233,8.490905,40161.01936759
2010-10-07,EGX:EGAL,8.60302585,8.70605641,8.39999565,8.56060193,25010.71206138
2010-10-10,EGX:EGAL,8.63029887,8.67878339,8.45454138,8.54545073,85615.24128782
2010-10-11,EGX:EGAL,8.1030264,8.1030264,7.87878408,8.03029916,45124.22176109
2010-10-12,EGX:EGAL,7.90908709,8.04545036,7.90908709,8.00302644,25215.31216005
2010-10-13,EGX:EGAL,7.96060222,8.14545031,7.95757192,8.05757187,52390.8252654
2010-10-14,EGX:EGAL,8.31514781,8.4999956,8.15151122,8.44848047,94993.84581064
2010-10-17,EGX:EGAL,8.490905,8.99393506,8.490905,8.74848093,126766.26113284
2010-10-18,EGX:EGAL,8.74545063,8.78787455,8.57575314,8.71514731,41609.72006623
2010-10-19,EGX:EGAL,8.60605646,8.78484425,8.54545073,8.61211706,71197.53433491
2010-10-20,EGX:EGAL,8.50908681,8.51514741,8.41514746,8.46969319,30079.5145058
2010-10-21,EGX:EGAL,8.72423852,8.72423852,8.48484439,8.53938982,31564.51522194
2010-10-24,EGX:EGAL,8.48787469,8.48787469,8.33635962,8.35454143,7095.00342156
2010-10-25,EGX:EGAL,8.36060203,8.36363233,8.23635966,8.28181419,26083.21257859
2010-10-26,EGX:EGAL,8.25454147,8.39393565,8.03332946,8.23635966,27683.71335043
2010-10-27,EGX:EGAL,8.03029916,8.03029916,7.9242386,7.97575373,21014.41013417
2010-10-28,EGX:EGAL,7.99999614,8.33332931,7.99999614,8.23029906,4950.00238713
2010-10-31,EGX:EGAL,7.96969282,8.22726876,7.87878408,7.97878403,19074.00919841
2010-11-01,EGX:EGAL,7.9242386,7.9242386,7.87878408,7.89090559,41484.32000575
2010-11-02,EGX:EGAL,7.89696559,8.03029916,7.87878408,7.9272689,4821.30232507
2010-11-03,EGX:EGAL,7.89393528,8.16060213,7.89393528,8.06060217,7128.00343747
2010-11-04,EGX:EGAL,8.14545031,9.09090471,8.14545031,8.58181404,110246.45316619
2010-11-07,EGX:EGAL,8.78787455,9.39393486,8.78787455,9.12726863,174576.68418935
2010-11-08,EGX:EGAL,9.09393501,9.09393501,8.65454098,8.83635938,90334.24356356
2010-11-09,EGX:EGAL,8.65757158,8.99999596,8.63635947,8.79696576,34254.01651895
2010-11-10,EGX:EGAL,8.86363209,8.86363209,8.63635947,8.66666249,22440.01082166
2010-11-11,EGX:EGAL,8.57575314,8.60605646,8.35151082,8.48181409,17820.00859367
2010-11-14,EGX:EGAL,8.21211725,8.48181409,8.18484454,8.35454143,21516.01037606
2010-11-18,EGX:EGAL,8.48484439,8.72726822,8.48484439,8.65151068,2501.4012063
2010-11-21,EGX:EGAL,8.70605641,8.92423842,8.70605641,8.78181395,21017.71013576
2010-11-22,EGX:EGAL,8.66969309,8.66969309,8.51817801,8.58484434,12982.20626065
2010-11-23,EGX:EGAL,8.53029892,8.53029892,8.41514746,8.47878379,6468.00311919
2010-11-24,EGX:EGAL,8.41211716,8.60302585,8.32423811,8.42120836,16935.60816717
2010-11-25,EGX:EGAL,8.63029887,8.63332917,8.48484439,8.59696585,34145.11646643
2010-11-28,EGX:EGAL,8.65757158,8.78787455,8.57575314,8.73332912,12289.20592645
2010-11-29,EGX:EGAL,8.4999956,8.4999956,8.45454138,8.48484439,8415.00405812
2010-11-30,EGX:EGAL,8.45454138,8.56060193,8.33332931,8.46666289,21473.11035538
2010-12-01,EGX:EGAL,8.34848052,8.39696534,8.3090869,8.37272293,3135.00151185
2010-12-02,EGX:EGAL,8.39696534,8.59696585,8.2939357,8.46666289,19717.50950874
2010-12-05,EGX:EGAL,8.57272344,8.57272344,8.35151082,8.47878379,9002.4043414
2010-12-06,EGX:EGAL,8.58484434,8.59090495,8.34545082,8.4969659,3201.00154368
2010-12-08,EGX:EGAL,8.490905,8.5030259,8.42726836,8.490905,7095.00342156
2010-12-09,EGX:EGAL,8.4969659,8.75151063,8.4969659,8.56363223,13233.0063816
2010-12-12,EGX:EGAL,8.74848093,8.74848093,8.43938987,8.54545073,9824.10473766
2010-12-13,EGX:EGAL,8.4999956,8.54545073,8.39696534,8.48484439,21212.41022965
2010-12-14,EGX:EGAL,8.54545073,8.92120812,8.54545073,8.83938968,80114.13863493
2010-12-15,EGX:EGAL,8.63635947,8.63635947,8.57575314,8.59696585,9900.00477426
2010-12-16,EGX:EGAL,8.63029887,8.8757536,8.61514736,8.66666249,11550.00556997
2010-12-19,EGX:EGAL,8.63635947,8.78181395,8.490905,8.65757158,33000.01591421
2010-12-20,EGX:EGAL,8.45454138,8.45454138,8.33635962,8.36666293,19004.70916499
2010-12-21,EGX:EGAL,8.62120827,8.75757153,8.46060198,8.56666254,70458.33397843
2010-12-22,EGX:EGAL,8.64242007,8.64545068,8.48787469,8.57272344,2178.00105034
2010-12-23,EGX:EGAL,8.42726836,8.43029896,8.42726836,8.42726836,4563.90220094
2010-12-26,EGX:EGAL,8.33938992,8.42726836,8.33635962,8.34545082,6963.0033579
2010-12-27,EGX:EGAL,8.34848052,8.40908685,8.34848052,8.35757173,2805.00135271
2010-12-28,EGX:EGAL,8.48484439,8.54545073,8.42726836,8.46363228,6600.00318284
2010-12-29,EGX:EGAL,8.48484439,8.48484439,8.29696539,8.34242052,51466.8248198
2010-12-30,EGX:EGAL,8.45454138,8.45454138,8.1121173,8.19999574,64884.63129052
2011-01-02,EGX:EGAL,8.15151122,8.78787455,8.15151122,8.37272293,1092.30052676
2011-01-03,EGX:EGAL,8.36363233,8.57575314,8.33635962,8.44848047,1534.50074001
2011-01-04,EGX:EGAL,8.44242047,8.75454093,8.44242047,8.63938977,47553.02293238
2011-01-05,EGX:EGAL,8.72726822,9.39393486,8.72726822,9.06060169,390373.68825714
2011-01-06,EGX:EGAL,9.04241988,9.54544994,9.04241988,9.27878371,303121.64617997
2011-01-10,EGX:EGAL,9.41514697,9.87878251,9.41514697,9.69999472,259254.72502521
2011-01-11,EGX:EGAL,9.56060115,9.79393467,9.42423788,9.62120748,167174.78061979
2011-01-12,EGX:EGAL,9.69696502,9.79999527,9.48787391,9.63332899,89994.34339964
2011-01-13,EGX:EGAL,9.53029874,9.90908643,9.4545412,9.71211623,171890.48289393
2011-01-16,EGX:EGAL,9.69696502,9.69696502,9.24241979,9.4666621,94363.54550668
2011-01-17,EGX:EGAL,9.32120763,9.32120763,8.71514731,9.12423833,103431.94987991
2011-01-18,EGX:EGAL,9.08787441,9.19393496,8.54545073,8.73029852,108840.65248825
2011-01-19,EGX:EGAL,8.78484425,9.0848441,8.64242007,8.83029847,39088.51885038
2011-01-20,EGX:EGAL,9.09090471,9.11211682,8.78787455,9.04545018,57420.02769072
2011-01-23,EGX:EGAL,8.94241993,8.97575355,8.6909049,8.85151058,40840.81969543
2011-01-24,EGX:EGAL,8.69696581,9.06060169,8.69696581,8.89696571,35788.51725896
2011-01-26,EGX:EGAL,8.75757153,8.75757153,7.87878408,8.3121172,48394.52333819
2011-01-27,EGX:EGAL,7.88181438,7.88181438,6.65151225,7.03332964,150163.27241602
2011-03-23,EGX:EGAL,6.33029967,6.93635999,6.33029967,6.3666636,35244.01699638
2011-03-24,EGX:EGAL,6.66666345,7.00302723,6.63332983,6.90908727,36504.6176043
2011-03-27,EGX:EGAL,7.51514759,7.59696603,7.04545115,7.3424207,47866.52308356
2011-03-28,EGX:EGAL,7.63636026,7.87575378,7.11817839,7.49090518,46770.92255521
2011-03-29,EGX:EGAL,7.32120859,7.80302654,7.32120859,7.62726905,37233.917956
2011-03-30,EGX:EGAL,7.80605684,7.97575373,7.727269,7.76969292,22077.01064661
2011-03-31,EGX:EGAL,7.76060262,7.77272352,7.59696603,7.68181448,19994.70964242
2011-04-03,EGX:EGAL,7.86363287,8.14848062,7.727269,7.93332951,48688.22347982
2011-04-04,EGX:EGAL,7.95454162,8.03029916,7.67272357,7.915148,37923.61828861
2011-04-05,EGX:EGAL,7.87878408,7.99999614,7.79999624,7.96060222,11649.00561772
2011-04-06,EGX:EGAL,7.95454162,8.09090549,7.87878408,7.94242011,60192.02902752
2011-04-07,EGX:EGAL,7.85757197,8.03029916,7.85151137,7.89090559,64369.83104226
2011-04-10,EGX:EGAL,8.03029916,8.17272303,7.80908714,8.07575368,12543.30604899
2011-04-11,EGX:EGAL,8.03029916,8.17878393,7.90605679,8.01211765,11946.00576094
2011-04-12,EGX:EGAL,7.9181777,7.95454162,7.29696618,7.75151141,32630.41573597
2011-04-13,EGX:EGAL,8.17272303,8.22726876,7.81817774,8.12726881,32534.71568982
2011-04-14,EGX:EGAL,7.90908709,8.48484439,7.88181438,8.38181414,61828.82981686
2011-04-17,EGX:EGAL,8.6939355,8.78787455,8.18484454,8.38484444,27357.01319288
2011-04-18,EGX:EGAL,8.18787484,8.54242043,7.89696559,8.33938992,41794.52015535
2011-04-19,EGX:EGAL,8.5030259,8.60605646,8.37575323,8.45454138,26350.5127075
2011-04-20,EGX:EGAL,8.48484439,8.62120827,8.42726836,8.4999956,19885.8095899
2011-04-21,EGX:EGAL,8.75757153,9.04545018,8.75757153,8.86363209,38118.3183825
2011-04-26,EGX:EGAL,9.0848441,9.09090471,8.84848088,8.92726812,16925.7081624
2011-04-27,EGX:EGAL,8.93938963,8.93938963,8.78787455,8.82423847,26390.11272659
2011-04-28,EGX:EGAL,8.82120817,9.06060169,8.73029852,8.8757536,39105.01885834
2011-05-02,EGX:EGAL,8.99999596,9.05757109,8.72726822,8.86060179,35805.01726692
2011-05-03,EGX:EGAL,9.0848441,9.09090471,8.91514722,9.04241988,22275.01074209
2011-05-04,EGX:EGAL,8.93938963,9.0787832,8.83635938,8.92423842,6583.50317488
2011-05-05,EGX:EGAL,8.79999606,8.98181355,8.74545063,8.79999606,12870.00620654
2011-05-08,EGX:EGAL,8.72726822,8.86060179,8.65151068,8.80302575,29096.11403156
2011-05-09,EGX:EGAL,8.84848088,9.02726868,8.74545063,8.85454088,28297.51364643
2011-05-10,EGX:EGAL,8.8757536,8.99696566,8.83635938,8.8757536,8903.40429365
2011-05-11,EGX:EGAL,8.8757536,8.96666234,8.72726822,8.79999606,28644.01381353
2011-05-12,EGX:EGAL,8.75151063,9.0727232,8.72726822,8.85151058,68514.63304108
2011-05-15,EGX:EGAL,9.0787832,9.24241979,8.94241993,9.05454078,53034.32557573
2011-05-16,EGX:EGAL,8.97878325,9.2727228,8.97878325,9.13938953,36230.71747221
2011-05-17,EGX:EGAL,9.16666225,9.39393486,9.16666225,9.34545004,145840.27033126
2011-05-18,EGX:EGAL,9.39393486,9.4636318,9.2727228,9.39393486,90594.94368928
2011-05-19,EGX:EGAL,9.39393486,9.54241964,9.25757099,9.40605637,49467.0238554
2011-05-22,EGX:EGAL,9.49999542,9.90908643,9.39696517,9.79090467,123228.65942684
2011-05-23,EGX:EGAL,9.69999472,9.72726743,9.39999547,9.55151055,96765.94666524
2011-05-24,EGX:EGAL,9.4696924,9.54241964,9.26060129,9.37878366,39299.71895223
2011-05-25,EGX:EGAL,9.54241964,9.54241964,9.19999587,9.24545009,34544.41665899
2011-05-26,EGX:EGAL,9.39393486,9.39393486,9.09090471,9.23635918,74431.5358945
2011-05-29,EGX:EGAL,9.18181345,9.69090442,9.18181345,9.4606012,104118.35021092
2011-05-30,EGX:EGAL,9.68181382,9.76666196,9.58181386,9.69090442,120898.8583033
2011-05-31,EGX:EGAL,9.61211627,9.68181382,9.39696517,9.51514693,16285.50785366
2011-06-01,EGX:EGAL,9.43029879,9.75454045,9.42726848,9.67575291,36963.31782551
2011-06-02,EGX:EGAL,9.39393486,9.57575296,9.39393486,9.45757089,50268.92424212
2011-06-05,EGX:EGAL,9.4545412,9.4545412,9.40302607,9.41817728,4923.6023744
2011-06-06,EGX:EGAL,9.30605582,9.37878366,9.24241979,9.31817732,25819.21245128
2011-06-07,EGX:EGAL,9.37878366,9.52726844,9.37878366,9.40605637,18684.60901063
2011-06-08,EGX:EGAL,9.4515109,9.57575296,9.39393486,9.4606012,28538.41376261
2011-06-09,EGX:EGAL,9.62120748,9.87878251,9.55454115,9.71211623,72197.43481711
2011-06-12,EGX:EGAL,9.75454045,9.92120794,9.63938899,9.83029799,19140.00923024
2011-06-13,EGX:EGAL,9.77272256,10.0393894,9.74544985,9.90908643,161574.67791915
2011-06-14,EGX:EGAL,9.96363186,9.99999518,9.8575707,9.96060095,65630.43165018
2011-06-15,EGX:EGAL,9.93635915,10.28181322,9.8484801,10.10605513,95967.34628011
2011-06-16,EGX:EGAL,10.0333288,10.53938855,10.0333288,10.33332774,151635.07312579
2011-06-19,EGX:EGAL,10.33332774,10.45454041,10.30302533,10.32726835,133056.06416609
2011-06-20,EGX:EGAL,10.30908594,10.33332774,9.99999518,10.29393473,187275.09031314
2011-06-21,EGX:EGAL,10.08181332,10.30302533,10.08181332,10.18181267,29907.91442305
2011-06-22,EGX:EGAL,10.00302487,10.06363121,9.88787432,10.01211669,34633.51670196
2011-06-23,EGX:EGAL,9.73332834,9.99999518,9.73029864,9.99999518,2645020.5755573
2011-06-26,EGX:EGAL,9.89696492,9.89696492,9.89393523,9.89696492,2310.00111399
2011-06-27,EGX:EGAL,9.8545407,9.89696492,9.8545407,9.89696492,145.20007002
2011-06-28,EGX:EGAL,10.2393893,10.2393893,9.83029799,9.91211613,462.0002228
2011-06-29,EGX:EGAL,9.8484801,9.98787367,9.62423778,9.74544985,19044.30918409
2011-06-30,EGX:EGAL,9.94544975,10.29696473,9.60605628,9.70908653,27027.01303374
2011-07-03,EGX:EGAL,9.69696502,9.99999518,9.69696502,9.94241975,1980.00095485
2011-07-04,EGX:EGAL,9.87575281,9.87878251,9.69999472,9.77878316,9718.50468673
2011-07-05,EGX:EGAL,9.78787376,9.78787376,9.64241959,9.73029864,7570.20365072
2011-07-06,EGX:EGAL,9.49393482,9.49393482,9.15454074,9.33635883,15345.00740011
2011-07-07,EGX:EGAL,9.54544994,9.54544994,9.4727227,9.50302602,2145.00103442
2011-07-10,EGX:EGAL,9.51514693,9.51514693,9.2727228,9.41514697,18328.20883875
2011-07-11,EGX:EGAL,9.16666225,9.26060129,9.16666225,9.22423828,2847.9013734
2011-07-12,EGX:EGAL,8.96969264,9.0848441,8.3030263,8.46363228,99168.34782379
2011-07-13,EGX:EGAL,8.78787455,9.0696926,8.78787455,8.84241998,9240.00445598
2011-07-14,EGX:EGAL,8.77272335,9.20908616,8.77272335,9.05151109,17466.90842339
2011-07-17,EGX:EGAL,9.13332863,9.13332863,9.13332863,9.13332863,330.00015914
2011-07-18,EGX:EGAL,8.96969264,9.09090471,8.93938963,8.99090476,4455.00214842
2011-07-19,EGX:EGAL,8.93938963,8.99999596,8.93938963,8.97272325,8250.00397855
2011-07-20,EGX:EGAL,8.82120817,9.09090471,8.82120817,9.06363199,9352.20451009
2011-07-21,EGX:EGAL,9.23029828,9.53029874,9.09090471,9.24545009,31498.51519011
2011-07-25,EGX:EGAL,9.0757535,9.2727228,9.06060169,9.09999591,9662.40465968
2011-07-26,EGX:EGAL,9.03938958,9.19696526,9.03938958,9.09090471,4884.0023553
2011-07-27,EGX:EGAL,8.94545023,9.16969255,8.94545023,9.01211687,3831.30184764
2011-07-28,EGX:EGAL,9.0757535,9.21211677,9.0757535,9.13332863,6847.5033022
2011-07-31,EGX:EGAL,9.16666225,9.37878366,9.09393501,9.29090461,4164.60200837
2011-08-01,EGX:EGAL,9.39393486,9.39393486,9.12120772,9.33635883,1815.00087528
2011-08-02,EGX:EGAL,9.36060124,9.36363185,9.24241979,9.29696521,2442.00117765
2011-08-03,EGX:EGAL,9.24241979,9.24241979,9.13635923,9.18484375,10979.10529466
2011-08-04,EGX:EGAL,9.43938939,9.8454504,9.40302607,9.6515105,40253.41941215
2011-08-07,EGX:EGAL,9.31211672,9.51514693,9.31211672,9.35454125,5544.00267359
2011-08-08,EGX:EGAL,9.36363185,9.36363185,8.90605601,9.09090471,20595.30993206
2011-08-09,EGX:EGAL,8.78787455,8.78787455,8.54242043,8.65454098,10213.50492545
2011-08-10,EGX:EGAL,9.24241979,9.24241979,9.01514717,9.0757535,12210.00588826
2011-08-11,EGX:EGAL,9.0757535,9.98181307,8.93938963,9.58484356,27776.11339499
2011-08-14,EGX:EGAL,9.2727228,9.87575281,9.2727228,9.64241959,15427.50743989
2011-08-15,EGX:EGAL,9.62120748,9.62120748,9.39999547,9.56666205,3630.00175056
2011-08-16,EGX:EGAL,9.40605637,9.40605637,9.27575341,9.39999547,5494.50264972
2011-08-17,EGX:EGAL,9.41211637,9.93938884,9.41211637,9.79393467,8118.0039149
2011-08-18,EGX:EGAL,9.56666205,9.57878356,9.4727227,9.54544994,15180.00732054
2011-08-21,EGX:EGAL,9.10908621,9.39393486,9.10908621,9.30908612,3240.60156278
2011-08-22,EGX:EGAL,9.39090456,9.39393486,9.10908621,9.23938948,6738.60324968
2011-08-24,EGX:EGAL,9.18181345,9.23938948,9.18181345,9.23938948,99.00004774
2011-08-25,EGX:EGAL,9.17272285,9.19090466,9.17272285,9.18181345,940.50045355
2011-08-28,EGX:EGAL,9.39393486,9.666662,9.39393486,9.41211637,9692.104674
2011-08-29,EGX:EGAL,9.39393486,9.67272261,9.39393486,9.4696924,14216.40685584
2011-09-04,EGX:EGAL,9.24545009,9.30302612,9.24241979,9.28787431,3960.00190971
2011-09-05,EGX:EGAL,9.39393486,9.39393486,8.94848084,9.17878376,4270.2020593
2011-09-06,EGX:EGAL,9.16666225,9.16666225,9.16666225,9.16666225,330.00015914
2011-09-07,EGX:EGAL,9.09999591,9.39393486,9.09393501,9.25757099,10711.80516575
2011-09-08,EGX:EGAL,9.09090471,9.09090471,9.01817747,9.06666229,6441.60310645
2011-09-11,EGX:EGAL,8.87878329,9.23938948,8.87878329,9.06060169,18516.30892946
2011-09-12,EGX:EGAL,8.93938963,9.22726858,8.93938963,9.0696926,5313.00256219
2011-09-13,EGX:EGAL,9.09090471,9.24241979,9.06060169,9.19393496,11220.00541083
2011-09-14,EGX:EGAL,9.09090471,9.18181345,8.96969264,9.06363199,18942.00913476
2011-09-15,EGX:EGAL,8.81514726,8.83635938,8.81514726,8.81817757,7309.503525
2011-09-18,EGX:EGAL,8.63938977,8.63938977,8.33332931,8.47272288,9494.10457852
2011-09-19,EGX:EGAL,8.26363238,9.08787441,8.26363238,8.99393506,14866.50716935
2011-09-20,EGX:EGAL,9.09090471,9.16363194,8.87878329,9.00908656,12866.70620495
2011-09-21,EGX:EGAL,8.8939351,8.8939351,8.80302575,8.85757149,18103.80873054
2011-09-22,EGX:EGAL,8.78787455,8.78787455,8.60908676,8.681814,6270.0030237
2011-09-25,EGX:EGAL,8.4939356,8.681814,8.48787469,8.5060565,3052.50147206
2011-09-26,EGX:EGAL,8.43635957,8.63029887,8.43635957,8.51817801,2442.00117765
2011-09-27,EGX:EGAL,8.59090495,8.59090495,8.48484439,8.50908681,22585.21089168
2011-09-28,EGX:EGAL,8.36969324,8.37878384,8.36363233,8.37575323,2640.00127314
2011-09-29,EGX:EGAL,8.58181404,8.77878334,8.58181404,8.62120827,10345.5049891
2011-10-02,EGX:EGAL,8.63635947,9.08787441,8.60908676,8.8939351,10282.80495887
2011-10-04,EGX:EGAL,8.78787455,8.78787455,8.60605646,8.66666249,5801.40279772
2011-10-05,EGX:EGAL,8.48787469,8.4999956,8.36666293,8.46363228,11385.0054904
2011-10-09,EGX:EGAL,8.93938963,8.93938963,8.78787455,8.8878745,12408.00598374
2011-10-10,EGX:EGAL,8.46363228,8.93938963,8.46363228,8.87878329,21641.41043654
2011-10-11,EGX:EGAL,8.93938963,9.01514717,8.93938963,8.99393506,2739.00132088
2011-10-12,EGX:EGAL,8.96969264,9.01514717,8.93938963,8.98484415,4926.90237599
2011-10-13,EGX:EGAL,8.99696566,8.99696566,8.99696566,8.99696566,825.00039786
2011-10-16,EGX:EGAL,8.99999596,8.99999596,8.83635938,8.91817752,3531.00170282
2011-10-17,EGX:EGAL,8.99090476,8.99999596,8.90908661,8.98787445,4587.00221208
2011-10-18,EGX:EGAL,9.06060169,9.12120772,9.01514717,9.08787441,24297.91171763
2011-10-19,EGX:EGAL,9.09393501,9.39393486,9.09090471,9.31514702,31069.51498323
2011-10-20,EGX:EGAL,9.39090456,9.40302607,9.32423793,9.39393486,26218.51264384
2011-10-23,EGX:EGAL,9.40908607,9.69393472,9.40908607,9.62120748,16153.50779001
2011-10-24,EGX:EGAL,9.42423788,9.51514693,9.33332853,9.42120758,12431.10599488
2011-10-25,EGX:EGAL,9.4666621,9.4696924,9.27575341,9.39999547,37012.81784938
2011-10-26,EGX:EGAL,9.28787431,9.37878366,8.79999606,9.2818134,44569.82149373
2011-10-27,EGX:EGAL,9.42120758,9.4545412,9.19090466,9.31817732,39675.91913365
2011-10-30,EGX:EGAL,9.44848029,9.44848029,9.27878371,9.37272275,73276.5353375
2011-10-31,EGX:EGAL,8.83332907,8.83332907,8.43635957,8.44242047,16589.10800007
2011-11-01,EGX:EGAL,7.79999624,8.18181424,7.65151146,7.83636016,21714.01047155
2011-11-02,EGX:EGAL,8.04545036,8.18181424,7.87878408,8.1060567,23334.31125294
2011-11-03,EGX:EGAL,8.32120781,8.33332931,8.09393519,8.25151117,27330.61318015
2011-11-09,EGX:EGAL,8.33332931,8.33332931,8.07575368,8.15454152,1650.00079571
2011-11-10,EGX:EGAL,8.2939357,8.3030263,8.18181424,8.28181419,13860.00668397
2011-11-13,EGX:EGAL,7.95151132,7.96969282,7.87878408,7.93939041,23826.01149006
2011-11-14,EGX:EGAL,7.7333296,7.87878408,7.69696599,7.75454171,20189.40973631
2011-11-15,EGX:EGAL,7.68787538,7.87878408,7.68787538,7.83939046,5821.20280727
2011-11-16,EGX:EGAL,7.87878408,7.89393528,7.79090503,7.84242016,7639.50368414
2011-11-17,EGX:EGAL,7.69999629,7.84545046,7.65151146,7.7242387,15378.00741602
2011-11-20,EGX:EGAL,7.65151146,7.65151146,7.43939005,7.50302668,3105.30149753
2011-11-21,EGX:EGAL,7.35454191,7.35454191,7.15454231,7.28484527,3125.10150708
2011-11-22,EGX:EGAL,6.97272391,7.12423899,6.97272391,7.09999658,3280.20158187
2011-11-23,EGX:EGAL,6.97272391,7.41211733,6.97272391,7.30302678,35105.41692954
2011-11-24,EGX:EGAL,7.31817829,7.45151156,7.27272377,7.35454191,11220.00541083
2011-11-29,EGX:EGAL,7.57575392,8.05757187,7.57575392,7.93636011,12543.30604899
2011-11-30,EGX:EGAL,7.95454162,7.95454162,7.65151146,7.89999619,7755.00373984
2011-12-01,EGX:EGAL,7.83939046,8.08484459,7.83939046,7.9121177,13846.8066776
2011-12-04,EGX:EGAL,7.88484468,7.88484468,7.727269,7.78484503,7187.40346611
2011-12-05,EGX:EGAL,7.78787534,7.99999614,7.78787534,7.86363287,5461.5026338
2011-12-06,EGX:EGAL,8.02120795,8.02120795,7.74848111,7.79696594,5963.1028757
2011-12-07,EGX:EGAL,8.02423855,8.02423855,7.58787543,7.7242387,14173.50683515
2011-12-08,EGX:EGAL,7.78787534,7.81211775,7.68787538,7.74848111,2970.00143228
2011-12-11,EGX:EGAL,7.65757206,7.84848106,7.65151146,7.66363297,3234.00155959
2011-12-12,EGX:EGAL,7.93332951,7.93332951,7.3333301,7.49999638,488.40023553
2011-12-13,EGX:EGAL,7.80302654,7.80302654,7.57575392,7.59999633,3844.50185401
2011-12-14,EGX:EGAL,7.97575373,7.97575373,7.58181453,7.63938995,1478.40071296
2011-12-15,EGX:EGAL,7.96969282,7.96969282,7.46060277,7.51211789,2953.50142432
2011-12-18,EGX:EGAL,7.58787543,7.58787543,7.38181492,7.42423884,2712.60130815
2011-12-19,EGX:EGAL,7.63332996,7.63332996,7.42726915,7.44848126,6197.40298869
2011-12-20,EGX:EGAL,7.38181492,7.38181492,7.27272377,7.31211738,1980.00095485
2011-12-21,EGX:EGAL,7.42423884,7.42423884,7.22423894,7.26969346,8362.20403266
2011-12-22,EGX:EGAL,7.13029989,7.42423884,7.13029989,7.30605739,7177.50346134
2011-12-25,EGX:EGAL,7.65151146,7.65151146,7.27272377,7.30302678,1056.00050925
2011-12-26,EGX:EGAL,7.66363297,7.66363297,7.18787502,7.35454191,6897.00332607
2011-12-27,EGX:EGAL,7.48484518,7.48484518,7.19393592,7.32726919,4263.60205612
2011-12-28,EGX:EGAL,7.26060226,7.27878437,7.1454511,7.20605743,8025.60387034
2011-12-29,EGX:EGAL,7.13029989,7.18484472,7.12726929,7.16363261,4900.50236326
2012-01-02,EGX:EGAL,7.01211753,7.16363261,7.01211753,7.16363261,3.30000159
2012-01-03,EGX:EGAL,7.27272377,7.27272377,7.22726924,7.25454226,4026.00194153
2012-01-04,EGX:EGAL,7.27272377,7.27272377,7.25454226,7.25454226,66.00003183
2012-01-05,EGX:EGAL,7.37878432,7.38484523,7.37878432,7.38181492,1650.00079571
2012-01-09,EGX:EGAL,7.07575416,7.07575416,6.88484486,6.99696632,6847.5033022
2012-01-10,EGX:EGAL,6.89999667,7.32423889,6.89999667,7.12726929,3960.00190971
2012-01-11,EGX:EGAL,7.27272377,7.27272377,7.24242075,7.25454226,1749.00084345
2012-01-12,EGX:EGAL,7.25757256,7.27272377,7.03939054,7.18181502,10114.50487771
2012-01-15,EGX:EGAL,7.26666316,7.26666316,7.18181502,7.18181502,297.00014323
2012-01-16,EGX:EGAL,7.13635989,7.13635989,6.96969361,7.00908723,1221.00058883
2012-01-17,EGX:EGAL,7.03029994,7.03029994,6.46363325,6.85757215,35656.5171953
2012-01-18,EGX:EGAL,7.12120869,7.12120869,7.04545115,7.07878477,745.80035966
2012-01-19,EGX:EGAL,6.79696642,6.96969361,6.66666345,6.7606025,7005.90337859
2012-01-22,EGX:EGAL,6.86666336,6.9606024,6.71211798,6.90605758,5445.00262584
2012-01-23,EGX:EGAL,6.9545424,7.25757256,6.9545424,7.06969356,8959.50432071
2012-01-24,EGX:EGAL,6.99999662,7.27272377,6.99999662,7.23939015,28284.31364007
2012-01-26,EGX:EGAL,7.41817824,7.57575392,7.12423899,7.38787492,29620.81428459
2012-01-29,EGX:EGAL,7.30605739,7.56969332,7.16363261,7.25454226,48288.92328726
2012-01-30,EGX:EGAL,7.18181502,7.27272377,7.11817839,7.19090562,32901.01586647
2012-01-31,EGX:EGAL,7.27272377,7.27272377,7.22120864,7.26969346,6481.20312555
2012-02-01,EGX:EGAL,7.24545105,7.25757256,7.16666321,7.22120864,21664.51044768
2012-02-02,EGX:EGAL,6.96969361,7.12423899,6.93939059,7.02423904,10084.80486338
2012-02-06,EGX:EGAL,7.23333015,7.23333015,7.23333015,7.23333015,947.10045674
2012-02-07,EGX:EGAL,7.17878472,7.20908774,7.17878472,7.19393592,10992.30530102
2012-02-08,EGX:EGAL,7.12120869,7.26363256,7.12120869,7.23029985,20575.50992251
2012-02-09,EGX:EGAL,7.15454231,7.26060226,7.15454231,7.19090562,24915.01201523
2012-02-12,EGX:EGAL,7.25454226,7.42423884,7.25454226,7.28484527,25410.01225394
2012-02-13,EGX:EGAL,7.30302678,7.39090522,7.17272381,7.29393588,25198.81215209
2012-02-14,EGX:EGAL,7.27272377,7.50605699,7.21211743,7.36060281,55918.52696663
2012-02-15,EGX:EGAL,7.27878437,7.45454186,7.12726929,7.23333015,67943.73276577
2012-02-16,EGX:EGAL,7.18484472,7.27272377,6.99999662,7.21817834,27842.11342682
2012-02-19,EGX:EGAL,7.27272377,7.39393583,7.20908774,7.28181497,38098.51837295
2012-02-20,EGX:EGAL,7.28181497,7.36363251,7.21211743,7.25757256,52635.02538316
2012-02-21,EGX:EGAL,7.25757256,7.37878432,7.21514773,7.24545105,37514.41809127
2012-02-22,EGX:EGAL,7.24545105,7.345451,7.12726929,7.24848135,17433.90840748
2012-02-23,EGX:EGAL,7.40605734,7.727269,7.36363251,7.50605699,58080.02800901
2012-02-26,EGX:EGAL,7.56666271,7.63636026,7.48787487,7.56363241,62696.73023541
2012-02-27,EGX:EGAL,7.56363241,7.7121178,7.46363246,7.57272362,41174.11985616
2012-02-28,EGX:EGAL,7.64242025,7.64242025,7.46060277,7.55454181,28050.01352708
2012-02-29,EGX:EGAL,7.63636026,7.69696599,7.49999638,7.63636026,84687.94084064
2012-03-01,EGX:EGAL,7.65151146,8.03029916,7.60605694,7.80605684,70530.93401344
2012-03-05,EGX:EGAL,7.65757206,7.77272352,7.57575392,7.59999633,20130.00970767
2012-03-06,EGX:EGAL,7.59999633,7.62120845,7.54545091,7.56666271,24486.01180834
2012-03-07,EGX:EGAL,7.56666271,7.56666271,7.46060277,7.48181488,19767.00953261
2012-03-08,EGX:EGAL,7.48181488,7.48181488,7.27272377,7.35454191,19899.00959627
2012-03-12,EGX:EGAL,7.31514768,7.53939,7.18787502,7.25757256,9009.00434458
2012-03-13,EGX:EGAL,7.25757256,7.27575407,6.82726974,7.06969356,24690.61190701
2012-03-14,EGX:EGAL,7.06969356,7.24242075,7.06969356,7.18181502,3399.00163916
2012-03-15,EGX:EGAL,7.18181502,7.25757256,7.06363265,7.1606023,9794.40472334
2012-03-20,EGX:EGAL,7.1606023,7.20908774,7.1606023,7.20908774,412.50019893
2012-03-21,EGX:EGAL,7.20908774,7.20908774,7.04848145,7.04848145,462.0002228
2012-03-22,EGX:EGAL,7.04848145,7.04848145,6.97575421,6.97575421,330.00015914
2012-03-25,EGX:EGAL,6.97575421,6.97575421,6.68181466,6.87878486,1980.00095485
2012-03-26,EGX:EGAL,6.87878486,6.90908727,6.87878486,6.90908727,330.00015914
2012-03-27,EGX:EGAL,6.90908727,6.90908727,6.78787551,6.78787551,3333.00160734
2012-03-28,EGX:EGAL,6.78787551,6.96969361,6.69696647,6.93029999,2095.50101055
2012-03-29,EGX:EGAL,6.93029999,6.93029999,6.79090582,6.80605702,1211.10058405
2012-04-01,EGX:EGAL,6.80605702,6.83332973,6.66666345,6.79696642,990.00047743
2012-04-03,EGX:EGAL,6.79696642,6.96969361,6.66666345,6.92423909,7722.00372392
2012-04-04,EGX:EGAL,6.92423909,6.92423909,6.67272405,6.67272405,396.00019097
2012-04-05,EGX:EGAL,6.67272405,6.74242099,6.67272405,6.74242099,660.00031828
2012-04-08,EGX:EGAL,6.74242099,6.74242099,6.57575471,6.63636044,6022.50290434
2012-04-09,EGX:EGAL,6.63636044,6.63636044,6.57575471,6.5787844,825.00039786
2012-04-17,EGX:EGAL,6.96666331,6.96666331,6.43939083,6.96666331,165.00007957
2012-04-19,EGX:EGAL,6.96666331,7.07272386,6.96666331,7.05454236,1650.00079571
2012-04-22,EGX:EGAL,7.05454236,7.12120869,7.05454236,7.05454236,132.00006366
2012-04-23,EGX:EGAL,7.05454236,7.05454236,6.52423958,6.70302737,2372.70114423
2012-04-24,EGX:EGAL,6.70302737,6.96969361,6.70302737,6.88484486,1782.00085937
2012-04-26,EGX:EGAL,6.88484486,6.90908727,6.66666345,6.7636331,1980.00095485
2012-04-30,EGX:EGAL,6.7636331,6.7636331,6.51514837,6.5666635,4785.00230756
2012-05-02,EGX:EGAL,6.5666635,6.5666635,6.51817867,6.51817867,825.00039786
2012-05-06,EGX:EGAL,6.51817867,6.93332969,6.51817867,6.51817867,9.90000477
2012-05-08,EGX:EGAL,6.51817867,6.66363315,6.51817867,6.66060285,2178.00105034
2012-05-09,EGX:EGAL,6.66060285,6.66060285,6.53029958,6.54848199,1815.00087528
2012-05-13,EGX:EGAL,6.54848199,6.90302728,6.54848199,6.85151215,4950.00238713
2012-05-14,EGX:EGAL,6.85151215,6.87878486,6.66666345,6.85151215,2630.10126836
2012-05-15,EGX:EGAL,6.85151215,6.87878486,6.66666345,6.70908737,7269.9035059
2012-05-16,EGX:EGAL,6.70908737,6.74242099,6.66666345,6.73939069,8910.00429684
2012-05-17,EGX:EGAL,6.73939069,6.80605702,6.66666345,6.66969375,14190.00684311
2012-05-21,EGX:EGAL,6.66969375,6.66969375,6.36363329,6.39393631,1980.00095485
2012-05-23,EGX:EGAL,6.39393631,6.51514837,6.39393631,6.39393631,247.50011936
2012-05-24,EGX:EGAL,6.39393631,6.59090591,6.39393631,6.5787844,1155.000557
2012-05-27,EGX:EGAL,6.5787844,6.59090591,6.5787844,6.59090591,2283.60110126
2012-05-28,EGX:EGAL,6.59090591,6.59090591,6.5606029,6.5606029,330.00015914
2012-05-29,EGX:EGAL,6.5606029,6.5606029,6.36363329,6.36363329,1650.00079571
2012-05-31,EGX:EGAL,6.36363329,6.36363329,6.03030012,6.03030012,841.50040581
2012-06-05,EGX:EGAL,6.03030012,6.60605712,6.03030012,6.07878464,3877.50186992
2012-06-06,EGX:EGAL,6.07878464,6.07878464,6.03030012,6.03636073,4290.00206885
2012-06-07,EGX:EGAL,6.03636073,6.03636073,5.75757298,5.89393685,660.00031828
2012-06-10,EGX:EGAL,5.89393685,6.48181475,5.89393685,5.89393685,165.00007957
2012-06-11,EGX:EGAL,5.89393685,6.48181475,5.89393685,6.48181475,330.00015914
2012-06-13,EGX:EGAL,6.48181475,6.48181475,6.36060299,6.36060299,330.00015914
2012-06-14,EGX:EGAL,6.36060299,6.36060299,5.75757298,5.90908806,660.00031828
2012-06-20,EGX:EGAL,5.90908806,6.36363329,5.90908806,6.36363329,330.00015914
2012-06-21,EGX:EGAL,6.36363329,6.36363329,5.8030275,5.8030275,330.00015914
2012-06-24,EGX:EGAL,5.8030275,6.36363329,5.8030275,6.17575429,2145.00103442
2012-06-25,EGX:EGAL,6.17575429,6.78787551,6.17575429,6.69696647,10725.00517212
2012-06-26,EGX:EGAL,6.69696647,7.25757256,6.69696647,6.94242089,5445.00262584
2012-06-27,EGX:EGAL,6.94242089,7.19696623,6.84848155,7.03939054,15675.00755925
2012-06-28,EGX:EGAL,7.03939054,7.12120869,6.96363301,7.01514813,15691.50756721
2012-07-02,EGX:EGAL,7.01514813,7.13635989,6.82120883,6.86363305,11150.70537741
2012-07-03,EGX:EGAL,6.86363305,6.86363305,6.80302733,6.83332973,16500.0079571
2012-07-05,EGX:EGAL,6.83332973,6.83332973,6.7575722,6.77272401,3187.80153731
2012-07-09,EGX:EGAL,6.77272401,6.77272401,6.24242123,6.26969425,957.00046151
2012-07-10,EGX:EGAL,6.26969425,6.87575456,6.26969425,6.62726983,4108.50198132
2012-07-11,EGX:EGAL,6.62726983,6.74242099,6.62726983,6.72726979,7590.00366027
2012-07-12,EGX:EGAL,6.72726979,6.72726979,6.51514837,6.52726988,1392.60067158
2012-07-15,EGX:EGAL,6.52726988,6.66666345,6.22726942,6.33636058,6959.70335631
2012-07-17,EGX:EGAL,6.33636058,6.33636058,6.09999676,6.12423917,4415.40212932
2012-07-19,EGX:EGAL,6.12423917,6.21514852,6.12120947,6.15757279,3300.00159142
2012-07-22,EGX:EGAL,6.15757279,6.43636053,6.09090615,6.21817882,6240.30300938
2012-07-24,EGX:EGAL,6.21817882,6.22726942,6.21211822,6.22120942,3960.00190971
2012-07-30,EGX:EGAL,6.22120942,6.30302696,6.09696706,6.27878455,1937.10093416
2012-07-31,EGX:EGAL,6.27878455,6.33333028,6.09999676,6.26060304,7075.20341201
2012-08-01,EGX:EGAL,6.26060304,6.26060304,6.24545184,6.24545184,330.00015914
2012-08-02,EGX:EGAL,6.24545184,6.35151179,6.15757279,6.24242123,3630.00175056
2012-08-06,EGX:EGAL,6.24242123,6.24242123,6.07878464,6.09393676,1805.10087051
2012-08-07,EGX:EGAL,6.09393676,6.32423968,6.09393676,6.25151183,6996.00337381
2012-08-12,EGX:EGAL,6.25151183,6.25151183,5.90908806,5.96666409,23050.51111608
2012-08-13,EGX:EGAL,5.96666409,6.23636063,5.96666409,6.23636063,660.00031828
2012-08-15,EGX:EGAL,6.23636063,6.23636063,6.01817922,6.1848455,4794.90231233
2012-08-16,EGX:EGAL,6.1848455,6.1848455,5.67575484,5.93030017,15024.90724574
2012-08-21,EGX:EGAL,5.93030017,6.21211822,5.93030017,6.21211822,4620.00222799
2012-08-22,EGX:EGAL,6.21211822,6.21211822,6.06060314,6.07575434,7738.50373188
2012-08-23,EGX:EGAL,6.07575434,6.28181515,6.07575434,6.21211822,8834.10426023
2012-08-26,EGX:EGAL,6.21211822,6.40908782,6.21211822,6.3696939,11718.30565114
2012-08-27,EGX:EGAL,6.3696939,6.5606029,6.31211817,6.48181475,15381.30741761
2012-08-28,EGX:EGAL,6.48181475,6.5696938,6.41211812,6.46060294,27588.01330428
2012-08-29,EGX:EGAL,6.46060294,6.5606029,6.36363329,6.44848204,11550.00556997
2012-08-30,EGX:EGAL,6.44848204,6.44848204,6.44545144,6.44545144,825.00039786
2012-09-02,EGX:EGAL,6.44545144,6.51211807,6.43939083,6.45757234,7788.00375575
2012-09-03,EGX:EGAL,6.45757234,6.50908777,6.3787845,6.46060294,2527.80121903
2012-09-04,EGX:EGAL,6.46060294,6.83332973,6.46060294,6.65454194,35145.01694863
2012-09-05,EGX:EGAL,6.65454194,7.00605753,6.65454194,6.88787547,29353.51415569
2012-09-06,EGX:EGAL,6.88787547,6.96666331,6.73636039,6.82726974,46084.52222419
2012-09-09,EGX:EGAL,6.82726974,6.96969361,6.81817853,6.87878486,11896.50573707
2012-09-10,EGX:EGAL,6.87878486,7.08181507,6.87878486,7.02726964,9880.20476471
2012-09-11,EGX:EGAL,7.02726964,7.42423884,7.02726964,7.24848135,52734.02543091
2012-09-12,EGX:EGAL,7.24848135,7.27575407,7.03332964,7.20908774,26723.41288733
2012-09-13,EGX:EGAL,7.20908774,7.27272377,7.03635994,7.13635989,30360.01464107
2012-09-16,EGX:EGAL,7.13635989,7.50605699,7.13635989,7.3333301,22638.01091715
2012-09-17,EGX:EGAL,7.3333301,7.43029945,7.23635984,7.32120859,36696.0176966
2012-09-18,EGX:EGAL,7.32120859,7.49393578,7.12120869,7.32423889,17490.00843453
2012-09-19,EGX:EGAL,7.32423889,7.32423889,7.06666326,7.19999653,13249.50638956
2012-09-20,EGX:EGAL,7.19999653,7.19999653,6.96666331,7.06060235,40896.91972248
2012-09-23,EGX:EGAL,7.06060235,7.06060235,6.84242094,6.9515121,2722.50131292
2012-09-24,EGX:EGAL,6.9515121,6.9515121,6.82423913,6.83636004,7590.00366027
2012-09-25,EGX:EGAL,6.83636004,7.17878472,6.83636004,7.1515117,31458.91517102
2012-09-26,EGX:EGAL,7.1515117,7.36060281,6.96969361,7.02726964,9141.00440824
2012-09-27,EGX:EGAL,7.02726964,7.23635984,6.93939059,7.05454236,17638.50850614
2012-09-30,EGX:EGAL,7.05454236,7.727269,6.96969361,7.25151165,29703.31432438
2012-10-01,EGX:EGAL,7.25151165,7.42423884,6.92726969,7.09696627,22476.31083917
2012-10-02,EGX:EGAL,7.09696627,7.09696627,6.81817853,6.88181456,5940.00286456
2012-10-03,EGX:EGAL,6.88181456,7.04545115,6.88181456,7.02120874,1508.10072728
2012-10-04,EGX:EGAL,7.02120874,7.12120869,7.02120874,7.07575416,7005.90337859
2012-10-08,EGX:EGAL,7.07575416,7.25757256,6.96969361,7.12726929,8976.00432866
2012-10-09,EGX:EGAL,7.12726929,7.25757256,6.81817853,7.12120869,29205.01408408
2012-10-10,EGX:EGAL,7.12120869,7.12120869,6.81817853,6.83636004,6600.00318284
2012-10-11,EGX:EGAL,6.83636004,6.83636004,6.81817853,6.83636004,330.00015914
2012-10-16,EGX:EGAL,6.83636004,6.87878486,6.51514837,6.83636004,1386.0006684
2012-10-17,EGX:EGAL,6.83636004,6.83636004,6.5515123,6.5636332,1650.00079571
2012-10-18,EGX:EGAL,6.5636332,6.96969361,6.53636048,6.9575721,5256.90253513
2012-10-22,EGX:EGAL,6.9575721,6.96969361,6.81817853,6.96363301,15038.10725211
2012-10-23,EGX:EGAL,6.96363301,7.06969356,6.69696647,6.96363301,834.90040263
2012-10-24,EGX:EGAL,6.96363301,6.96363301,6.73332978,6.77575461,11160.60538219
2012-10-29,EGX:EGAL,6.77575461,7.10302718,6.77575461,7.03332964,1485.00071614
2012-10-30,EGX:EGAL,7.03332964,7.04545115,6.66666345,6.71817858,22271.7107405
2012-11-01,EGX:EGAL,6.71817858,6.71817858,6.49090596,6.52423958,6385.5030794
2012-11-04,EGX:EGAL,6.52423958,6.52423958,6.48484536,6.49090596,4092.00197336
2012-11-05,EGX:EGAL,6.49090596,6.86969366,6.36363329,6.59090591,6715.50323854
2012-11-07,EGX:EGAL,6.59090591,6.88484486,6.51514837,6.60908742,8250.00397855
2012-11-08,EGX:EGAL,6.60908742,6.60908742,6.48484536,6.60908742,726.00035011
2012-11-11,EGX:EGAL,6.60908742,6.60908742,6.41211812,6.46969385,4814.70232188
2012-11-12,EGX:EGAL,6.46969385,6.46969385,6.21211822,6.28484545,8019.00386715
2012-11-13,EGX:EGAL,6.28484545,6.51514837,6.28484545,6.28484545,330.00015914
2012-11-14,EGX:EGAL,6.28484545,6.28484545,6.14242128,6.28484545,660.00031828
2012-11-18,EGX:EGAL,6.28484545,6.28484545,5.9848456,6.08181525,8811.00424909
2012-11-19,EGX:EGAL,6.08181525,6.08181525,5.9999968,6.02120952,4900.50236326
2012-11-21,EGX:EGAL,6.02120952,6.02120952,5.80605781,5.80605781,1890.90091188
2012-11-22,EGX:EGAL,5.80605781,6.36060299,5.80605781,5.9999968,11220.00541083
2012-11-25,EGX:EGAL,5.9999968,5.9999968,5.3999974,5.43333071,19545.90942599
2012-11-26,EGX:EGAL,5.43333071,5.75757298,5.11211905,5.43030041,22374.01078983
2012-11-27,EGX:EGAL,5.43030041,5.45757313,5.43030041,5.43030041,1435.50069227
2012-11-28,EGX:EGAL,5.43030041,5.45454282,5.10605814,5.22727021,6989.40337063
2012-12-03,EGX:EGAL,5.22727021,5.22727021,5.15454297,5.22727021,330.00015914
2012-12-04,EGX:EGAL,5.22727021,5.6030276,5.22727021,5.22727021,990.00047743
2012-12-09,EGX:EGAL,5.22727021,5.44848222,5.15151267,5.20302779,20813.11003709
2012-12-11,EGX:EGAL,5.20302779,5.20302779,5.19696719,5.20302779,990.00047743
2012-12-12,EGX:EGAL,5.20302779,5.72120906,5.20302779,5.62423941,21502.8103697
2012-12-13,EGX:EGAL,5.62423941,5.75757298,5.62423941,5.75454268,8580.00413769
2012-12-16,EGX:EGAL,5.75454268,5.82726992,5.75454268,5.7909066,15939.00768656
2012-12-17,EGX:EGAL,5.7909066,5.7909066,5.46969403,5.69696665,6682.50322263
2012-12-20,EGX:EGAL,5.69696665,5.74545147,5.6090882,5.72726997,18348.0088483
2012-12-23,EGX:EGAL,5.72726997,5.80908811,5.72726997,5.72726997,660.00031828
2012-12-24,EGX:EGAL,5.72726997,5.72726997,5.45454282,5.54848187,2970.00143228
2012-12-25,EGX:EGAL,5.54848187,5.54848187,5.45454282,5.46060343,6600.00318284
2012-12-27,EGX:EGAL,5.46060343,5.68181544,5.45454282,5.48484584,5890.50284069
2012-12-30,EGX:EGAL,5.48484584,5.69696665,5.45454282,5.47575494,18150.00875282
2012-12-31,EGX:EGAL,5.47575494,5.47575494,5.37878528,5.42727011,9322.50449576
2013-01-02,EGX:EGAL,5.42727011,5.65454273,5.42727011,5.42727011,660.00031828
2013-01-03,EGX:EGAL,5.42727011,5.65151243,5.42727011,5.61211851,82021.53955477
2013-01-08,EGX:EGAL,5.61211851,5.61211851,5.48484584,5.61211851,660.00031828
2013-01-09,EGX:EGAL,5.61211851,5.61211851,5.49999735,5.51211886,3630.00175056
2013-01-10,EGX:EGAL,5.51211886,5.51211886,5.43939162,5.45757313,15028.20724733
2013-01-14,EGX:EGAL,5.45757313,5.66666424,5.45757313,5.56666429,27327.31317856
2013-01-15,EGX:EGAL,5.56666429,5.56666429,5.4030277,5.56666429,330.00015914
2013-01-17,EGX:EGAL,5.56666429,5.56666429,5.45454282,5.56666429,627.00030237
2013-01-20,EGX:EGAL,5.56666429,5.56666429,5.30302775,5.33636137,4620.00222799
2013-01-21,EGX:EGAL,5.33636137,5.45454282,5.33636137,5.43939162,13332.00642934
2013-01-22,EGX:EGAL,5.43939162,5.43939162,5.43939162,5.43939162,0.0
2013-01-23,EGX:EGAL,5.24545171,5.45454282,5.24242141,5.38787649,9916.50478222
2013-01-27,EGX:EGAL,5.45454282,5.45454282,5.38787649,5.38787649,330.00015914
2013-01-28,EGX:EGAL,5.30302775,5.30302775,5.30302775,5.30302775,3300.00159142
2013-01-29,EGX:EGAL,5.24242141,5.27272473,5.15151267,5.2242399,4620.00222799
2013-01-30,EGX:EGAL,5.25757322,5.25757322,5.2242399,5.2242399,838.20040422
2013-01-31,EGX:EGAL,5.2242399,5.2242399,5.2242399,5.2242399,0.0
2013-02-03,EGX:EGAL,5.30605805,5.30605805,5.28787654,5.30302775,6930.00334198
2013-02-04,EGX:EGAL,5.30605805,5.30908835,5.30302775,5.30605805,15015.00724097
2013-02-05,EGX:EGAL,5.406058,5.42423981,5.406058,5.41514921,9395.10453078
2013-02-06,EGX:EGAL,5.30605805,5.30605805,5.30302775,5.30302775,2277.00109808
2013-02-07,EGX:EGAL,5.30908835,5.30908835,5.15151267,5.2212096,20625.00994638
2013-02-10,EGX:EGAL,5.43939162,5.44242131,5.18181568,5.39393649,15345.00740011
2013-02-11,EGX:EGAL,5.4212092,5.4212092,5.39393649,5.39393649,257.40012413
2013-02-12,EGX:EGAL,5.41514921,5.4212092,5.41514921,5.4181789,3580.50172669
2013-02-13,EGX:EGAL,5.30908835,5.45151252,5.30908835,5.4212092,6728.70324491
2013-02-14,EGX:EGAL,5.44848222,5.81817932,5.44848222,5.5999973,55997.72700482
2013-02-17,EGX:EGAL,5.5999973,5.6060579,5.5999973,5.6030276,3283.50158346
2013-02-18,EGX:EGAL,5.48484584,5.48484584,5.34242136,5.45151252,13860.00668397
2013-02-19,EGX:EGAL,5.31514925,5.4212092,5.15757327,5.19999749,168201.08111472
2013-02-20,EGX:EGAL,5.30302775,5.48484584,5.30302775,5.44848222,44210.12132027
2013-02-21,EGX:EGAL,5.30302775,5.3999974,5.27575503,5.34242136,38798.11871034
2013-02-24,EGX:EGAL,5.218179,5.29999744,5.20302779,5.24242141,7326.00353295
2013-02-25,EGX:EGAL,5.2242399,5.39393649,5.20302779,5.30605805,23951.41155053
2013-02-26,EGX:EGAL,5.27575503,5.35757317,5.18484629,5.26060383,11880.00572912
2013-02-27,EGX:EGAL,5.19999749,5.23030051,5.15757327,5.2060581,21162.91020578
2013-02-28,EGX:EGAL,5.15757327,5.30302775,5.15757327,5.218179,10899.90525646
2013-03-03,EGX:EGAL,5.218179,5.218179,5.218179,5.218179,0.0
2013-03-04,EGX:EGAL,5.16969417,5.16969417,4.74848256,5.0181791,6435.00310327
2013-03-05,EGX:EGAL,4.78787648,5.0181791,4.78787648,5.0181791,660.00031828
2013-03-06,EGX:EGAL,4.87878553,5.15151267,4.85151281,5.11211905,5035.80242851
2013-03-07,EGX:EGAL,5.11211905,5.11211905,5.11211905,5.11211905,0.0
2013-03-10,EGX:EGAL,5.06363362,5.14848237,5.06363362,5.11211905,990.00047743
2013-03-11,EGX:EGAL,5.11211905,5.11211905,5.11211905,5.11211905,0.0
2013-03-12,EGX:EGAL,5.15151267,5.62120911,5.15151267,5.57272428,75438.03637988
2013-03-13,EGX:EGAL,5.6060579,5.75757298,5.33030046,5.44848222,16995.00819582
2013-03-14,EGX:EGAL,5.22727021,5.45151252,5.15454297,5.19090628,44715.02156375
2013-03-17,EGX:EGAL,5.06666392,5.09090633,5.03333121,5.05454302,8250.00397855
2013-03-18,EGX:EGAL,5.25757322,5.29999744,5.15151267,5.24242141,9735.00469469
2013-03-19,EGX:EGAL,5.26363413,5.27272473,5.26363413,5.26969413,4620.00222799
2013-03-20,EGX:EGAL,5.06666392,5.06666392,5.06666392,5.06666392,3300.00159142
2013-03-21,EGX:EGAL,5.10605814,5.10605814,5.09090633,5.09393663,3300.00159142
2013-03-24,EGX:EGAL,5.09696724,5.19696719,5.08181573,5.09696724,17176.50828335
2013-03-25,EGX:EGAL,5.07575513,5.07575513,5.00302789,5.03939121,11880.00572912
2013-03-26,EGX:EGAL,4.98787608,4.99999759,4.98484638,4.98787608,4474.80215797
2013-03-27,EGX:EGAL,4.90908884,4.90908884,4.90908884,4.90908884,3300.00159142
2013-03-28,EGX:EGAL,4.89696734,4.91514884,4.88181613,4.89393703,6699.00323058
2013-03-31,EGX:EGAL,4.88181613,4.88181613,4.84848251,4.85151281,3300.00159142
2013-04-01,EGX:EGAL,4.85151281,4.85151281,4.85151281,4.85151281,0.0
2013-04-02,EGX:EGAL,4.84848251,4.85454311,4.84848251,4.84848251,7474.50360457
2013-04-03,EGX:EGAL,4.69696743,4.84848251,4.69696743,4.84848251,1821.60087846
2013-04-04,EGX:EGAL,4.69999773,4.69999773,4.66666442,4.68787653,4983.00240305
2013-04-07,EGX:EGAL,4.83939161,4.84848251,4.83939161,4.84545221,8200.50395468
2013-04-08,EGX:EGAL,4.98484638,4.99999759,4.98484638,4.99696729,4059.00195745
2013-04-09,EGX:EGAL,4.99696729,4.99696729,4.99696729,4.99696729,0.0
2013-04-10,EGX:EGAL,4.79999769,4.99999759,4.76363407,4.89696734,8741.70421567
2013-04-11,EGX:EGAL,4.85151281,4.85757372,4.85151281,4.85151281,3257.10157073
2013-04-14,EGX:EGAL,5.12120965,5.14242146,4.96969457,5.00605819,36606.91765363
2013-04-15,EGX:EGAL,4.92424005,4.99999759,4.85151281,4.92424005,44701.82155739
2013-04-16,EGX:EGAL,4.91514884,4.92424005,4.91514884,4.92424005,1320.00063657
2013-04-17,EGX:EGAL,4.85151281,4.85151281,4.84848251,4.84848251,7497.60361571
2013-04-18,EGX:EGAL,4.84848251,4.84848251,4.84848251,4.84848251,0.0
2013-04-21,EGX:EGAL,4.86666402,5.0303006,4.85151281,4.99090638,72619.83502081
2013-04-22,EGX:EGAL,4.92424005,4.99090638,4.84848251,4.90302794,54222.32614864
2013-04-23,EGX:EGAL,4.99999759,5.15151267,4.93333126,5.04545211,51018.02460337
2013-04-24,EGX:EGAL,4.99999759,5.00605819,4.90302794,4.95454307,25344.01222211
2013-04-28,EGX:EGAL,4.93939125,4.94848246,4.91211854,4.93939125,14256.00687494
2013-04-29,EGX:EGAL,4.98181608,4.98484638,4.87878553,4.95151276,12714.90613174
2013-05-02,EGX:EGAL,4.96666397,5.05454302,4.96666397,5.0090888,11342.10546971
2013-05-07,EGX:EGAL,4.99999759,4.99999759,4.96969457,4.99393699,7811.10376689
2013-05-08,EGX:EGAL,4.97575518,4.99999759,4.84848251,4.89090643,39352.51897769
2013-05-09,EGX:EGAL,5.0303006,5.04848241,4.88181613,4.92424005,11612.70560021
2013-05-12,EGX:EGAL,5.0303006,5.05151272,4.92727035,4.96666397,14787.30713116
2013-05-13,EGX:EGAL,4.86666402,4.99393699,4.84848251,4.86969462,37639.81815175
2013-05-14,EGX:EGAL,4.99696729,5.05151272,4.99696729,5.01514879,12718.20613334
2013-05-15,EGX:EGAL,5.04545211,5.08181573,4.93939125,4.98787608,19149.90923502
2013-05-16,EGX:EGAL,4.95454307,4.95454307,4.84848251,4.87575522,11385.0054904
2013-05-19,EGX:EGAL,4.99696729,4.99696729,4.89393703,4.93636156,6105.00294413
2013-05-20,EGX:EGAL,4.99090638,4.99999759,4.81817949,4.86666402,26086.51258018
2013-05-21,EGX:EGAL,4.92424005,4.96060397,4.92424005,4.93939125,5775.00278499
2013-05-22,EGX:EGAL,4.8212098,4.95151276,4.81817949,4.833331,6062.10292344
2013-05-26,EGX:EGAL,4.81817949,4.81817949,4.81817949,4.81817949,1488.30071773
2013-05-27,EGX:EGAL,4.91211854,4.91514884,4.90605854,4.90908884,4290.00206885
2013-05-28,EGX:EGAL,4.84242191,4.84242191,4.84242191,4.84242191,2682.90129383
2013-05-29,EGX:EGAL,4.75151286,4.77272497,4.75151286,4.77272497,1527.90073683
2013-05-30,EGX:EGAL,4.84848251,4.84848251,4.84848251,4.84848251,49.50002387
2013-06-02,EGX:EGAL,4.75757346,4.75757346,4.60605838,4.60605838,1567.50075592
2013-06-03,EGX:EGAL,4.6363614,4.642422,4.59090688,4.60908869,15734.4075879
2013-06-04,EGX:EGAL,4.54545235,4.54545235,4.48484632,4.51514934,6237.00300779
2013-06-05,EGX:EGAL,4.39393727,4.54545235,4.2424222,4.39393727,6167.70297437
2013-06-09,EGX:EGAL,4.19999797,4.19999797,3.95454355,4.0636344,19017.90917136
2013-06-10,EGX:EGAL,3.77272545,4.21211918,3.65757399,3.69999822,21846.01053521
2013-06-11,EGX:EGAL,3.71211942,3.71211942,3.71211942,3.71211942,3300.00159142
2013-06-12,EGX:EGAL,3.60605887,3.60605887,3.36363474,3.51818012,7177.50346134
2013-06-17,EGX:EGAL,3.63636188,3.81817998,3.63636188,3.65757399,2970.00143228
2013-06-18,EGX:EGAL,3.63636188,3.71211942,3.63636188,3.63636188,1633.50078775
2013-06-20,EGX:EGAL,3.60605887,3.93333144,3.60605887,3.84848299,6398.70308577
2013-06-23,EGX:EGAL,3.99999807,3.99999807,3.4696953,3.65151339,9738.30469628
2013-06-24,EGX:EGAL,3.51514982,3.63333158,3.4727256,3.50908922,8226.90396741
2013-06-26,EGX:EGAL,3.51514982,3.54545284,3.4848468,3.53030133,21809.7105177
2013-06-27,EGX:EGAL,3.69696791,3.69696791,3.4848468,3.53333163,4290.00206885
2013-06-30,EGX:EGAL,3.72121033,3.74242244,3.71211942,3.73030123,3161.40152458
2013-07-02,EGX:EGAL,3.83333148,4.08484651,3.78484666,3.96363445,17169.90828016
2013-07-03,EGX:EGAL,4.0606041,4.0636344,4.0606041,4.0636344,3910.50188583
2013-07-04,EGX:EGAL,4.45454331,4.46969481,4.45454331,4.46666451,45916.22214303
2013-07-08,EGX:EGAL,4.03939199,4.19696767,4.03030109,4.09696772,18150.00875282
2013-07-09,EGX:EGAL,4.31817974,4.40908878,4.20302828,4.31817974,1815.00087528
2013-07-10,EGX:EGAL,4.40908878,4.40908878,4.16666466,4.33636155,2376.00114582
2013-07-11,EGX:EGAL,4.14545255,4.14545255,4.12121013,4.13333134,6270.0030237
2013-07-14,EGX:EGAL,3.96363445,3.96363445,3.93939204,3.94848294,9735.00469469
2013-07-15,EGX:EGAL,3.94545264,3.94545264,3.93939204,3.94242234,2679.60129223
2013-07-16,EGX:EGAL,3.97272536,4.13333134,3.96969506,4.0606041,5362.50258606
2013-07-17,EGX:EGAL,4.07575561,4.07575561,4.0606041,4.0606041,990.00047743
2013-07-18,EGX:EGAL,4.0606041,4.0606041,4.0606041,4.0606041,0.0
2013-07-21,EGX:EGAL,4.0606041,4.0606041,4.0606041,4.0606041,0.0
2013-07-22,EGX:EGAL,4.36969486,4.36969486,4.0606041,4.0606041,660.00031828
2013-07-24,EGX:EGAL,4.0606041,4.0606041,4.0606041,4.0606041,0.0
2013-07-25,EGX:EGAL,4.30302823,4.30302823,4.0606041,4.0606041,660.00031828
2013-07-28,EGX:EGAL,4.19696767,4.19696767,4.15151315,4.17575556,3300.00159142
2013-07-29,EGX:EGAL,4.17575556,4.17575556,4.17575556,4.17575556,0.0
2013-07-30,EGX:EGAL,4.36969486,4.36969486,4.17575556,4.17575556,1320.00063657
2013-07-31,EGX:EGAL,4.17575556,4.17575556,4.17575556,4.17575556,0.0
2013-08-01,EGX:EGAL,4.18181617,4.29999793,4.18181617,4.23636159,3006.30144978
2013-08-04,EGX:EGAL,4.16666466,4.23636159,4.16666466,4.23636159,386.1001862
2013-08-05,EGX:EGAL,4.2424222,4.36060396,4.2424222,4.26060401,19060.80919205
2013-08-06,EGX:EGAL,4.39393727,4.46666451,4.26060401,4.26060401,1518.00073205
2013-08-07,EGX:EGAL,4.42424029,4.42424029,4.2424222,4.26060401,3382.50163121
2013-08-12,EGX:EGAL,4.2424222,4.26060401,4.23939189,4.2575737,23430.01129909
2013-08-13,EGX:EGAL,4.13030104,4.2484828,4.13030104,4.23333129,23116.5111479
2013-08-18,EGX:EGAL,4.18181617,4.23333129,4.18181617,4.23333129,115.5000557
2013-08-19,EGX:EGAL,4.23333129,4.23333129,4.23333129,4.23333129,5989.50288843
2013-08-20,EGX:EGAL,3.94242234,4.19696767,3.94242234,3.98787686,9081.60437959
2013-08-21,EGX:EGAL,4.2424222,4.2424222,4.13636164,4.22121009,12870.00620654
2013-08-22,EGX:EGAL,4.18181617,4.34848275,4.18181617,4.26969491,40962.91975431
2013-08-26,EGX:EGAL,4.2454525,4.39090697,4.2454525,4.31514943,4659.60224709
2013-08-27,EGX:EGAL,4.15454345,4.15454345,4.15151315,4.15151315,2310.00111399
2013-08-28,EGX:EGAL,4.09696772,4.09999802,4.09696772,4.09999802,1155.000557
2013-09-02,EGX:EGAL,4.09393742,4.09393742,3.95151325,4.0606041,9900.00477426
2013-09-03,EGX:EGAL,4.22727069,4.22727069,4.22727069,4.22727069,339.90016392
2013-09-05,EGX:EGAL,3.96969506,4.09090712,3.93939204,3.97272536,7576.8036539
2013-09-08,EGX:EGAL,4.21211918,4.26363431,3.97272536,3.97272536,1650.00079571
2013-09-09,EGX:EGAL,3.97272536,3.97272536,3.97272536,3.97272536,0.0
2013-09-10,EGX:EGAL,4.20605858,4.36969486,4.20605858,4.33030094,11220.00541083
2013-09-11,EGX:EGAL,4.39393727,4.48484632,4.2424222,4.34545245,10685.40515302
2013-09-12,EGX:EGAL,4.2424222,4.2424222,4.2424222,4.2424222,3554.10171396
2013-09-15,EGX:EGAL,4.37575547,4.37575547,4.2424222,4.2424222,1650.00079571
2013-09-16,EGX:EGAL,4.2424222,4.2424222,4.2424222,4.2424222,0.0
2013-09-17,EGX:EGAL,4.36363426,4.45454331,4.36363426,4.39696758,10362.00499706
2013-09-18,EGX:EGAL,4.31817974,4.31817974,4.09090712,4.19393737,11319.00545857
2013-09-19,EGX:EGAL,4.19393737,4.19393737,4.19393737,4.19393737,0.0
2013-09-22,EGX:EGAL,4.40908878,4.42120999,4.2424222,4.29999793,5032.50242692
2013-09-23,EGX:EGAL,4.30605853,4.4363615,4.30605853,4.40908878,11599.50559384
2013-09-24,EGX:EGAL,4.42727059,4.47878572,4.42727059,4.4484827,18150.00875282
2013-09-25,EGX:EGAL,4.42727059,4.49696753,4.42727059,4.46363421,10619.40512119
2013-09-26,EGX:EGAL,4.43030089,4.84848251,4.39393727,4.56363416,26396.71272978
2013-09-29,EGX:EGAL,4.59696748,4.61817959,4.59696748,4.60908869,4874.10235053
2013-09-30,EGX:EGAL,4.60908869,4.60908869,4.60908869,4.60908869,0.0
2013-10-01,EGX:EGAL,4.69393713,4.69696743,4.59090688,4.67575532,4950.00238713
2013-10-02,EGX:EGAL,4.60605838,4.93939125,4.60605838,4.78787648,10312.50497319
2013-10-03,EGX:EGAL,4.72727045,4.84848251,4.71514924,4.73939165,26228.41264861
2013-10-07,EGX:EGAL,4.91817945,4.93939125,4.78787648,4.88181613,13678.50659644
2013-10-08,EGX:EGAL,4.84242191,4.87878553,4.73030075,4.78484618,14998.50723301
2013-10-09,EGX:EGAL,4.66969472,5.13030056,4.6363614,4.84848251,30360.01464107
2013-10-10,EGX:EGAL,5.11514875,5.11514875,4.80605829,4.99090638,19991.40964083
2013-10-13,EGX:EGAL,4.92424005,5.11817905,4.92424005,4.98484638,11682.00563363
2013-10-20,EGX:EGAL,5.11514875,5.11514875,4.67575532,4.833331,27010.51302578
2013-10-21,EGX:EGAL,4.96666397,4.96666397,4.55757356,4.74242196,19829.70956285
2013-10-22,EGX:EGAL,4.84848251,4.93636156,4.74545226,4.87575522,51258.92471954
2013-10-23,EGX:EGAL,4.81817949,4.90908884,4.73333105,4.84848251,13035.00628611
2013-10-24,EGX:EGAL,4.78181588,4.93030065,4.76969467,4.88787613,13899.60670306
2013-10-27,EGX:EGAL,4.87878553,4.87878553,4.81817949,4.85757372,4290.00206885
2013-10-28,EGX:EGAL,4.80605829,4.80605829,4.68787653,4.70605834,18849.6090902
2013-10-29,EGX:EGAL,4.74848256,4.78787648,4.74848256,4.76363407,2640.00127314
2013-10-30,EGX:EGAL,4.87878553,5.23939172,4.87878553,5.20302779,164970.37955672
2013-10-31,EGX:EGAL,5.45454282,5.72120906,5.20302779,5.61514911,108233.45219542
2013-11-03,EGX:EGAL,5.72726997,5.72726997,5.39696679,5.51514916,95379.94599684
2013-11-04,EGX:EGAL,5.36666378,5.48787644,5.212119,5.37272468,38247.01844457
2013-11-06,EGX:EGAL,5.48484584,5.62727001,5.45454282,5.52727006,104412.05035256
2013-11-07,EGX:EGAL,5.45757313,5.6060579,5.43939162,5.46060343,33745.81627387
2013-11-10,EGX:EGAL,5.45454282,5.45454282,5.36363408,5.44242131,6501.0031351
2013-11-11,EGX:EGAL,5.33333076,5.33333076,5.30302775,5.31817895,16401.00790936
2013-11-12,EGX:EGAL,5.30302775,5.30302775,5.212119,5.23636141,6930.00334198
2013-11-13,EGX:EGAL,5.2060581,5.4030277,5.20302779,5.27878533,10230.0049334
2013-11-14,EGX:EGAL,5.29393654,5.43939162,5.29090624,5.38787649,26449.51275524
2013-11-17,EGX:EGAL,5.31817895,5.45454282,5.27575503,5.37272468,7854.00378758
2013-11-18,EGX:EGAL,5.45454282,5.90908806,5.45454282,5.7909066,108933.0525328
2013-11-19,EGX:EGAL,6.19696701,6.20908791,5.92726957,6.06969435,60093.02897978
2013-11-20,EGX:EGAL,5.9999968,6.11211826,5.69696665,5.91817927,23367.31126885
2013-11-21,EGX:EGAL,5.76060328,5.84848173,5.63636092,5.69090665,18051.00870507
2013-11-24,EGX:EGAL,5.75757298,5.90908806,5.46060343,5.55757308,23750.11145346
2013-11-25,EGX:EGAL,5.33333076,5.47878524,5.33333076,5.46666433,10850.40523259
2013-11-26,EGX:EGAL,5.36363408,5.45757313,5.36363408,5.44848222,11909.70574344
2013-11-27,EGX:EGAL,5.50302765,5.54242187,5.15151267,5.35454287,28165.51358278
2013-11-28,EGX:EGAL,5.23030051,5.51514916,5.23030051,5.33333076,2442.00117765
2013-12-01,EGX:EGAL,5.69393695,5.69393695,5.4090883,5.44545162,4455.00214842
2013-12-02,EGX:EGAL,5.36363408,5.36363408,5.22727021,5.35757317,6270.0030237
2013-12-03,EGX:EGAL,5.30302775,5.45454282,5.30302775,5.44848222,28901.41393766
2013-12-04,EGX:EGAL,5.51514916,5.51514916,5.22727021,5.37878528,15054.60726006
2013-12-05,EGX:EGAL,5.48484584,5.48484584,5.45454282,5.45757313,5468.10263698
2013-12-08,EGX:EGAL,5.45454282,5.45454282,5.4090883,5.44848222,8556.90412655
2013-12-09,EGX:EGAL,5.36363408,5.45454282,5.32423986,5.4090883,11520.30555565
2013-12-10,EGX:EGAL,5.39090679,5.45454282,5.36363408,5.4090883,14850.00716139
2013-12-11,EGX:EGAL,5.36363408,5.46969403,5.36363408,5.44848222,6870.60331334
2013-12-12,EGX:EGAL,5.56060338,5.69393695,5.54545157,5.56969398,6164.40297277
2013-12-15,EGX:EGAL,5.56969398,5.56969398,5.56969398,5.56969398,0.0
2013-12-16,EGX:EGAL,5.36363408,5.4090883,5.31514925,5.39090679,4108.50198132
2013-12-17,EGX:EGAL,5.66363394,5.69090665,5.54848187,5.66969393,19519.50941325
2013-12-18,EGX:EGAL,5.71817936,5.71817936,5.54545157,5.56969398,2260.50109012
2013-12-19,EGX:EGAL,5.63636092,5.63636092,5.49696674,5.56969398,4187.70201951
2013-12-22,EGX:EGAL,5.75151238,5.75151238,5.45454282,5.47272433,6636.30320035
2013-12-23,EGX:EGAL,5.63636092,5.63636092,5.39393649,5.41211891,7920.00381941
2013-12-24,EGX:EGAL,5.64545152,5.64545152,5.41211891,5.41211891,660.00031828
2013-12-25,EGX:EGAL,5.63636092,5.67575484,5.51514916,5.62120911,3811.50183809
2013-12-26,EGX:EGAL,5.63333062,5.82120901,5.63333062,5.71514906,47576.12294352
2013-12-29,EGX:EGAL,5.86363354,5.86363354,5.58181549,5.69696665,6880.50331811
2013-12-30,EGX:EGAL,5.73030027,5.73333057,5.69696665,5.69696665,1155.000557
2013-12-31,EGX:EGAL,5.63636092,5.63636092,5.39393649,5.45757313,14051.40677627
2014-01-02,EGX:EGAL,5.46060343,5.46060343,5.45757313,5.45757313,990.00047743
2014-01-05,EGX:EGAL,5.51514916,5.6060579,5.47575494,5.53030036,2055.90099146
2014-01-06,EGX:EGAL,5.63636092,5.69696665,5.51817885,5.58181549,6930.00334198
2014-01-08,EGX:EGAL,5.71514906,5.71514906,5.53333066,5.58484579,2310.00111399
2014-01-09,EGX:EGAL,5.53333066,5.53636097,5.53333066,5.53333066,2970.00143228
2014-01-12,EGX:EGAL,5.66666424,5.75757298,5.6060579,5.71817936,23661.01141049
2014-01-14,EGX:EGAL,5.75454268,5.75757298,5.45757313,5.69999695,38544.0185878
2014-01-15,EGX:EGAL,5.63333062,5.69999695,5.63333062,5.69999695,1072.50051721
2014-01-16,EGX:EGAL,5.75757298,5.75757298,5.53030036,5.53636097,12295.80592963
2014-01-19,EGX:EGAL,5.43939162,5.53636097,5.43939162,5.53636097,1650.00079571
2014-01-20,EGX:EGAL,5.34242136,5.34242136,5.34242136,5.34242136,1980.00095485
2014-01-21,EGX:EGAL,5.29999744,5.49999735,5.29999744,5.4212092,11715.00564954
2014-01-22,EGX:EGAL,5.39393649,5.51211886,5.39393649,5.43333071,8137.80392444
2014-01-23,EGX:EGAL,5.45454282,5.46060343,5.31817895,5.44848222,7712.10371915
2014-01-26,EGX:EGAL,5.45454282,5.56666429,5.42423981,5.49999735,10362.00499706
2014-01-27,EGX:EGAL,5.57575489,5.62120911,5.48484584,5.57575489,9438.00455146
2014-01-28,EGX:EGAL,5.54545157,5.54545157,5.51817885,5.53636097,5280.00254627
2014-01-29,EGX:EGAL,5.50302765,5.6060579,5.50302765,5.59393639,11418.00550632
2014-01-30,EGX:EGAL,5.57575489,5.63636092,5.51817885,5.5878764,15642.00754334
2014-02-02,EGX:EGAL,5.52727006,5.70302755,5.51514916,5.59696669,44609.42151283
2014-02-03,EGX:EGAL,5.57575489,6.15454218,5.57575489,5.97575439,136161.36566362
2014-02-04,EGX:EGAL,6.30302696,6.36060299,5.89393685,5.96969439,32864.71584896
2014-02-05,EGX:EGAL,5.8030275,6.06060314,5.8030275,5.97575439,28495.51374192
2014-02-06,EGX:EGAL,5.91514866,6.01514861,5.75757298,5.89999685,47143.82273504
2014-02-09,EGX:EGAL,5.90302746,6.01514861,5.81817932,5.88484565,20790.01002595
2014-02-10,EGX:EGAL,5.84545203,5.96969439,5.76666419,5.85151203,50344.82427872
2014-02-11,EGX:EGAL,5.83333052,5.87878504,5.76666419,5.83636082,17374.50837883
2014-02-12,EGX:EGAL,5.90908806,6.03939103,5.89696655,5.94242168,27413.11321993
2014-02-13,EGX:EGAL,5.94242168,5.94242168,5.76363358,5.84848173,25690.51238921
2014-02-16,EGX:EGAL,6.02120952,6.04848163,5.91817927,6.01211831,37059.01787166
2014-02-17,EGX:EGAL,6.04242163,6.16060309,6.00908801,6.06666374,80906.13901687
2014-02-18,EGX:EGAL,6.20908791,6.29999726,6.04545193,6.19999671,42636.02056116
2014-02-19,EGX:EGAL,6.03333042,6.20908791,5.90908806,6.02726952,20087.10968698
2014-02-20,EGX:EGAL,5.83939112,6.06060314,5.83939112,5.9909062,13506.90651369
2014-02-23,EGX:EGAL,6.11817917,6.1818152,5.94242168,6.09999676,28594.51378966
2014-02-24,EGX:EGAL,5.99696711,6.06060314,5.92726957,5.9848456,22951.51106833
2014-02-25,EGX:EGAL,5.94848168,5.95151198,5.93939108,5.94545198,9563.40461194
2014-02-26,EGX:EGAL,5.93939108,5.93939108,5.83939112,5.91514866,54261.92616773
2014-02-27,EGX:EGAL,5.82726992,6.13636068,5.82120901,6.04848163,25152.61212981
2014-03-02,EGX:EGAL,6.05757284,6.05757284,5.87878504,5.96969439,7992.60385442
2014-03-03,EGX:EGAL,5.74242178,5.75454268,5.57575489,5.66363394,11454.30552382
2014-03-04,EGX:EGAL,5.57272428,5.92423926,5.51514916,5.5878764,17341.50836292
2014-03-05,EGX:EGAL,5.81514901,5.88787595,5.67575484,5.77272419,12193.5058803
2014-03-06,EGX:EGAL,5.75757298,5.75757298,5.54848187,5.56060338,20212.50974745
2014-03-09,EGX:EGAL,5.74242178,5.75454268,5.74242178,5.74848177,14850.00716139
2014-03-10,EGX:EGAL,5.75454268,5.75757298,5.64545152,5.73939147,9240.00445598
2014-03-11,EGX:EGAL,5.65757303,5.65757303,5.64848182,5.65151243,2805.00135271
2014-03-12,EGX:EGAL,5.6060579,5.6060579,5.5909067,5.59393639,5247.00253036
2014-03-13,EGX:EGAL,5.81817932,5.81817932,5.6060579,5.66666424,4785.00230756
2014-03-16,EGX:EGAL,5.59696669,5.63636092,5.59393639,5.6060579,18315.00883239
2014-03-17,EGX:EGAL,5.59393639,5.59393639,5.58181549,5.5878764,2310.00111399
2014-03-18,EGX:EGAL,5.58181549,5.75757298,5.58181549,5.71514906,7368.90355364
2014-03-19,EGX:EGAL,5.75757298,5.75757298,5.68181544,5.73030027,7299.60352022
2014-03-20,EGX:EGAL,5.6060579,5.75757298,5.6060579,5.72423936,14025.00676354
2014-03-23,EGX:EGAL,5.69696665,5.69696665,5.6090882,5.67575484,7246.80349476
2014-03-24,EGX:EGAL,5.61514911,5.72726997,5.49999735,5.62423941,29568.01425913
2014-03-25,EGX:EGAL,5.52120916,6.06060314,5.51817885,5.90302746,17523.00845045
2014-03-26,EGX:EGAL,5.92120957,6.11211826,5.90908806,6.02120952,19255.50928594
2014-03-27,EGX:EGAL,6.06060314,6.15151188,5.48787644,5.7969666,19750.50952465
2014-03-30,EGX:EGAL,5.53030036,5.66666424,5.51514916,5.59393639,8910.00429684
2014-03-31,EGX:EGAL,5.6090882,5.6090882,5.218179,5.33636137,19235.70927639
2014-04-01,EGX:EGAL,5.212119,5.42423981,5.212119,5.25151262,15015.00724097
2014-04-02,EGX:EGAL,5.23636141,5.39696679,5.15151267,5.23939172,17988.30867484
2014-04-03,EGX:EGAL,5.15757327,5.30302775,5.09090633,5.2060581,26812.5129303
2014-04-06,EGX:EGAL,5.18181568,5.30302775,5.06969452,5.19696719,15724.50758312
2014-04-07,EGX:EGAL,5.06969452,5.28787654,4.70302804,4.97272487,7375.50355683
2014-04-08,EGX:EGAL,5.12120965,5.12120965,4.92424005,5.0181791,16665.00803668
2014-04-09,EGX:EGAL,5.37878528,5.37878528,5.15454297,5.23636141,2339.70112832
2014-04-10,EGX:EGAL,5.24242141,5.37575498,5.24242141,5.31817895,4738.80228528
2014-04-13,EGX:EGAL,5.31817895,5.31817895,5.31817895,5.31817895,0.0
2014-04-14,EGX:EGAL,5.30302775,5.30302775,5.15757327,5.27878533,2310.00111399
2014-04-15,EGX:EGAL,5.2151487,5.218179,5.03333121,5.16969417,3748.80180785
2014-04-16,EGX:EGAL,5.39393649,5.45151252,5.39393649,5.4090883,7326.00353295
2014-04-17,EGX:EGAL,5.50605795,5.88181535,5.50605795,5.53636097,9391.80452918
2014-04-22,EGX:EGAL,5.87575444,6.04242163,5.54545157,5.84242173,5610.00270542
2014-04-23,EGX:EGAL,5.69090665,5.75757298,5.65151243,5.70302755,16929.00816399
2014-04-27,EGX:EGAL,5.68181544,5.70302755,5.68181544,5.70302755,323.40015596
2014-04-28,EGX:EGAL,5.53333066,5.54545157,5.37878528,5.48787644,9339.00450372
2014-04-29,EGX:EGAL,5.48787644,5.48787644,5.48787644,5.48787644,0.0
2014-04-30,EGX:EGAL,5.38181559,5.53030036,5.15151267,5.39393649,14351.70692109
2014-05-04,EGX:EGAL,5.39393649,5.39393649,5.39393649,5.39393649,0.0
2014-05-05,EGX:EGAL,5.43939162,5.46969403,5.23636141,5.34848227,59631.02875698
2014-05-06,EGX:EGAL,5.30908835,5.52423976,5.30908835,5.45454282,33122.11597309
2014-05-07,EGX:EGAL,5.45454282,5.45454282,5.15151267,5.24848232,72695.73505741
2014-05-08,EGX:EGAL,5.15151267,5.16666387,5.15151267,5.15454297,21354.31029808
2014-05-11,EGX:EGAL,5.15757327,5.16969417,5.15151267,5.15757327,13134.00633386
2014-05-12,EGX:EGAL,5.28787654,5.28787654,5.15757327,5.15757327,1650.00079571
2014-05-13,EGX:EGAL,5.18484629,5.18484629,5.15151267,5.16969417,8781.30423477
2014-05-14,EGX:EGAL,5.16060387,5.22727021,5.16060387,5.2090887,7656.0036921
2014-05-15,EGX:EGAL,5.4030277,5.4030277,5.17272478,5.27878533,4719.00227573
2014-05-18,EGX:EGAL,5.30302775,5.30302775,5.11514875,5.17878538,21588.61041108
2014-05-19,EGX:EGAL,5.15454297,5.4030277,5.12423995,5.18181568,16569.30799052
2014-05-20,EGX:EGAL,5.15151267,5.24242141,5.15151267,5.22727021,49476.92386017
2014-05-21,EGX:EGAL,5.18787659,5.22727021,5.18484629,5.22727021,1320.00063657
2014-05-22,EGX:EGAL,5.39393649,5.39393649,5.212119,5.22727021,3465.00167099
2014-05-25,EGX:EGAL,5.30302775,5.30302775,5.22727021,5.22727021,693.0003342
2014-05-26,EGX:EGAL,5.16969417,5.18181568,5.16969417,5.17272478,3260.40157232
2014-05-28,EGX:EGAL,5.15454297,5.38787649,5.15151267,5.23030051,12540.0060474
2014-05-29,EGX:EGAL,5.17272478,5.17272478,4.98484638,5.09090633,10395.00501298
2014-06-01,EGX:EGAL,4.98484638,4.98484638,4.98484638,4.98484638,2145.00103442
2014-06-02,EGX:EGAL,4.89696734,4.99999759,4.76060376,4.91211854,4735.50228369
2014-06-03,EGX:EGAL,4.86363372,4.86363372,4.54545235,4.72424015,15341.70739852
2014-06-04,EGX:EGAL,4.6393917,5.13030056,4.6393917,4.72424015,1131.90054586
2014-06-05,EGX:EGAL,5.14848237,5.18181568,5.14848237,5.17272478,11632.50560976
2014-06-09,EGX:EGAL,5.16969417,5.17272478,5.16666387,5.17272478,1075.8005188
2014-06-10,EGX:EGAL,5.18181568,5.18181568,5.17272478,5.17272478,330.00015914
2014-06-11,EGX:EGAL,5.29999744,5.57575489,5.29999744,5.43333071,36201.01745789
2014-06-12,EGX:EGAL,5.45454282,5.58484579,5.24242141,5.45151252,37481.41807536
2014-06-15,EGX:EGAL,5.45151252,5.45151252,5.45151252,5.45151252,0.0
2014-06-16,EGX:EGAL,5.17272478,5.17272478,5.17272478,5.17272478,3300.00159142
2014-06-17,EGX:EGAL,5.16666387,5.16666387,5.04545211,5.08181573,4620.00222799
2014-06-18,EGX:EGAL,5.08181573,5.08181573,5.08181573,5.08181573,0.0
2014-06-19,EGX:EGAL,5.04848241,5.04848241,4.99999759,5.0272703,4950.00238713
2014-06-22,EGX:EGAL,5.0303006,5.0303006,5.0272703,5.0272703,1547.70074638
2014-06-23,EGX:EGAL,4.92424005,4.92424005,4.90908884,4.91514884,7326.00353295
2014-06-24,EGX:EGAL,4.92424005,5.0303006,4.69696743,4.92424005,8662.50417748
2014-06-25,EGX:EGAL,4.66666442,4.92424005,4.64545231,4.92424005,1923.9009278
2014-06-26,EGX:EGAL,4.66666442,4.92424005,4.66666442,4.92424005,1320.00063657
2014-06-29,EGX:EGAL,4.92424005,4.92424005,4.84848251,4.92424005,1617.0007798
2014-06-30,EGX:EGAL,4.92424005,5.00302789,4.92424005,4.97878548,2085.60100578
2014-07-02,EGX:EGAL,5.00302789,5.35454287,4.87878553,5.07272483,4101.90197814
2014-07-03,EGX:EGAL,4.94242156,5.29999744,4.94242156,5.16666387,3210.90154845
2014-07-07,EGX:EGAL,5.212119,5.22727021,5.15151267,5.17272478,6484.50312714
2014-07-08,EGX:EGAL,5.04848241,5.14848237,4.99999759,5.02424,16500.0079571
2014-07-09,EGX:EGAL,5.02424,5.02424,5.02424,5.02424,0.0
2014-07-10,EGX:EGAL,5.15151267,5.15151267,5.02424,5.02424,82.50003979
2014-07-13,EGX:EGAL,5.02424,5.02424,5.02424,5.02424,0.0
2014-07-14,EGX:EGAL,5.02424,5.02424,5.02424,5.02424,0.0
2014-07-15,EGX:EGAL,4.94242156,5.05151272,4.93939125,5.0212097,3993.00192562
2014-07-16,EGX:EGAL,4.90908884,5.01514879,4.79090678,4.94242156,18232.5087926
2014-07-17,EGX:EGAL,4.88181613,4.94242156,4.88181613,4.94242156,742.50035807
2014-07-20,EGX:EGAL,5.2060581,5.2090887,5.05757362,5.18181568,30904.51490366
2014-07-21,EGX:EGAL,5.19696719,5.29696714,5.15151267,5.23636141,34531.21665263
2014-07-22,EGX:EGAL,5.30302775,5.30302775,5.16666387,5.23636141,1897.50091507
2014-07-24,EGX:EGAL,5.15151267,5.15151267,5.13636146,5.14848237,5280.00254627
2014-07-27,EGX:EGAL,5.28787654,5.28787654,5.14848237,5.14848237,363.00017506
2014-07-31,EGX:EGAL,5.22727021,5.25757322,5.14848237,5.14848237,1287.00062065
2014-08-03,EGX:EGAL,5.15151267,5.30302775,5.15151267,5.2060581,19701.00950078
2014-08-04,EGX:EGAL,5.2060581,5.2060581,5.2060581,5.2060581,0.0
2014-08-05,EGX:EGAL,5.29696714,5.29696714,5.15151267,5.2212096,16714.50806055
2014-08-06,EGX:EGAL,5.15151267,5.212119,5.15151267,5.15757327,4438.50214046
2014-08-07,EGX:EGAL,5.0272703,5.23939172,5.0212097,5.19393659,6230.4030046
2014-08-10,EGX:EGAL,5.19393659,5.19393659,5.19393659,5.19393659,0.0
2014-08-11,EGX:EGAL,5.0212097,5.19393659,5.0212097,5.19393659,1386.0006684
2014-08-12,EGX:EGAL,5.12727025,5.12727025,5.10908875,5.11514875,3300.00159142
2014-08-13,EGX:EGAL,5.11514875,5.11514875,5.11514875,5.11514875,0.0
2014-08-14,EGX:EGAL,5.10908875,5.30302775,5.10908875,5.20302779,10909.80526124
2014-08-17,EGX:EGAL,5.30302775,5.36363408,5.15757327,5.26363413,11583.00558589
2014-08-18,EGX:EGAL,5.29696714,5.38484589,5.15151267,5.27878533,5115.0024667
2014-08-19,EGX:EGAL,5.25757322,5.25757322,5.25454292,5.25757322,9405.00453555
2014-08-20,EGX:EGAL,5.29696714,5.36363408,5.212119,5.27272473,23746.81145187
2014-08-21,EGX:EGAL,5.15454297,5.37878528,5.15151267,5.25454292,6682.50322263
2014-08-24,EGX:EGAL,5.63636092,5.63636092,5.26060383,5.50302765,40850.7197002
2014-08-25,EGX:EGAL,5.53030036,5.61211851,5.53030036,5.56969398,16559.40798575
2014-08-26,EGX:EGAL,5.6060579,5.6060579,5.31817895,5.4030277,29894.71441668
2014-08-27,EGX:EGAL,5.42423981,5.69696665,5.42423981,5.62423941,15203.10733168
2014-08-28,EGX:EGAL,5.6060579,5.74545147,5.45757313,5.61211851,35765.41724782
2014-08-31,EGX:EGAL,5.57575489,5.57575489,5.48181554,5.50908825,16681.50804463
2014-09-01,EGX:EGAL,5.48181554,5.48181554,5.29393654,5.37272468,11223.30541242
2014-09-02,EGX:EGAL,5.37272468,5.37272468,5.37272468,5.37272468,0.0
2014-09-03,EGX:EGAL,5.36363408,5.56060338,5.36363408,5.38787649,9421.50454351
2014-09-04,EGX:EGAL,5.39696679,5.48484584,5.32120925,5.39696679,17598.90848705
2014-09-07,EGX:EGAL,5.33333076,5.53030036,5.33333076,5.43939162,10698.60515939
2014-09-08,EGX:EGAL,5.33333076,5.34848227,5.30302775,5.33636137,17057.70822605
2014-09-09,EGX:EGAL,5.30908835,5.45151252,5.27272473,5.36060378,14681.70708023
2014-09-10,EGX:EGAL,5.18787659,5.18787659,4.94545216,5.15151267,9900.00477426
2014-09-11,EGX:EGAL,5.01514879,5.15151267,5.01514879,5.15151267,1650.00079571
2014-09-14,EGX:EGAL,5.27272473,5.28787654,5.15151267,5.2090887,3201.00154368
2014-09-15,EGX:EGAL,5.2090887,5.2090887,5.2090887,5.2090887,0.0
2014-09-16,EGX:EGAL,4.89696734,5.33030046,4.89696734,5.07878543,4544.10219139
2014-09-17,EGX:EGAL,5.07878543,5.07878543,5.07878543,5.07878543,0.0
2014-09-18,EGX:EGAL,5.15151267,5.218179,5.15151267,5.17575508,2673.00128905
2014-09-21,EGX:EGAL,5.22727021,5.22727021,5.17575508,5.17575508,1036.20049971
2014-09-22,EGX:EGAL,5.22727021,5.22727021,5.04545211,5.2060581,5751.90277385
2014-09-23,EGX:EGAL,5.15151267,5.35757317,5.07878543,5.30302775,18262.20880692
2014-09-24,EGX:EGAL,5.16666387,5.16666387,5.15757327,5.16060387,4161.30200678
2014-09-25,EGX:EGAL,5.15757327,5.33333076,5.15757327,5.218179,2567.40123813
2014-09-28,EGX:EGAL,5.09090633,5.218179,5.09090633,5.218179,1650.00079571
2014-09-29,EGX:EGAL,5.15454297,5.18181568,5.15151267,5.15757327,1947.00093894
2014-09-30,EGX:EGAL,5.15757327,5.15757327,5.15757327,5.15757327,0.0
2014-10-01,EGX:EGAL,5.30302775,5.53939157,5.30302775,5.46363403,30360.01464107
2014-10-02,EGX:EGAL,5.51514916,6.00908801,5.51514916,5.95151198,114595.85526368
2014-10-08,EGX:EGAL,6.48181475,6.54545139,6.21514852,6.53636048,132026.46366957
2014-10-09,EGX:EGAL,6.81817853,6.96666331,6.5666635,6.67575466,89014.24292699
2014-10-12,EGX:EGAL,6.81514823,6.81514823,6.06060314,6.21514852,41210.41987366
2014-10-13,EGX:EGAL,6.1818152,6.36363329,6.06969435,6.21514852,37059.01787166
2014-10-14,EGX:EGAL,6.41514842,6.42423963,5.66666424,6.06969435,48005.1231504
2014-10-15,EGX:EGAL,6.21211822,6.35454209,5.75757298,5.93030017,14018.40676036
2014-10-16,EGX:EGAL,5.69696665,5.75454268,5.33939167,5.52727006,25947.91251334
2014-10-19,EGX:EGAL,5.59696669,5.59696669,4.97575518,5.03636151,40590.01957448
2014-10-20,EGX:EGAL,5.45454282,5.45454282,5.15151267,5.32423986,12540.0060474
2014-10-21,EGX:EGAL,5.37878528,5.55151247,5.33333076,5.38484589,16500.0079571
2014-10-22,EGX:EGAL,5.57575489,5.69090665,5.45454282,5.52727006,22717.21095534
2014-10-23,EGX:EGAL,5.62727001,5.62727001,5.27272473,5.39696679,17249.10831836
2014-10-26,EGX:EGAL,5.30302775,5.30302775,5.16666387,5.24848232,16113.90777091
2014-10-27,EGX:EGAL,5.22727021,5.30302775,4.88181613,5.15757327,48483.62338116
2014-10-28,EGX:EGAL,5.44545162,5.45454282,5.42423981,5.44545162,12041.70580709
2014-10-29,EGX:EGAL,5.44848222,5.45454282,5.35151257,5.4090883,13431.00647708
2014-10-30,EGX:EGAL,5.52120916,5.57272428,5.36363408,5.46363403,12375.00596783
2014-11-02,EGX:EGAL,5.56666429,5.56969398,5.45757313,5.55454278,2293.50110604
2014-11-03,EGX:EGAL,5.54545157,5.63636092,5.54545157,5.5878764,10256.40494614
2014-11-04,EGX:EGAL,5.53333066,5.53333066,5.49393644,5.51817885,33564.31618634
2014-11-05,EGX:EGAL,5.52120916,5.66666424,5.52120916,5.59393639,19239.00927798
2014-11-06,EGX:EGAL,5.71817936,5.71817936,5.45454282,5.57272428,33405.91610995
2014-11-09,EGX:EGAL,5.53030036,5.6060579,5.53030036,5.56969398,23093.41113676
2014-11-10,EGX:EGAL,5.6060579,5.72726997,5.48484584,5.61514911,35293.51702025
2014-11-11,EGX:EGAL,5.2090887,5.28181563,5.15151267,5.2090887,38445.01854005
2014-11-12,EGX:EGAL,5.15151267,5.18484629,5.09090633,5.15757327,19532.70941962
2014-11-13,EGX:EGAL,5.06666392,5.28787654,5.06666392,5.08484634,15411.00743194
2014-11-16,EGX:EGAL,5.07575513,5.23939172,5.0303006,5.08787664,10065.00485383
2014-11-17,EGX:EGAL,5.218179,5.34545166,5.15454297,5.25757322,33643.51622454
2014-11-18,EGX:EGAL,5.212119,5.39393649,5.212119,5.28484624,40702.21962859
2014-11-19,EGX:EGAL,5.26060383,5.26666382,5.26060383,5.26060383,3960.00190971
2014-11-20,EGX:EGAL,5.42423981,5.72423936,5.31817895,5.56363398,107068.55163365
2014-11-23,EGX:EGAL,5.32727016,5.45454282,5.32727016,5.39090679,21648.01043972
2014-11-24,EGX:EGAL,5.35151257,5.35151257,5.06060392,5.15757327,33947.11637095
2014-11-25,EGX:EGAL,5.10605814,5.15757327,5.10605814,5.15757327,990.00047743
2014-11-26,EGX:EGAL,5.15151267,5.34848227,5.09090633,5.25757322,22935.01106038
2014-11-27,EGX:EGAL,5.29999744,5.33333076,5.15757327,5.23030051,12061.50581664
2014-11-30,EGX:EGAL,5.16969417,5.30302775,5.16969417,5.26060383,4969.80239668
2014-12-01,EGX:EGAL,5.19999749,5.19999749,5.18181568,5.19090628,4290.00206885
2014-12-02,EGX:EGAL,5.15151267,5.15151267,5.10908875,5.13939116,4735.50228369
2014-12-03,EGX:EGAL,5.12423995,5.12423995,5.03333121,5.06666392,14190.00684311
2014-12-04,EGX:EGAL,5.27272473,5.36363408,5.27272473,5.32423986,14246.10687016
2014-12-07,EGX:EGAL,5.24242141,5.24242141,5.24242141,5.24242141,3300.00159142
2014-12-08,EGX:EGAL,5.18181568,5.30302775,5.08181573,5.17272478,13530.00652483
2014-12-09,EGX:EGAL,5.15151267,5.17272478,5.15151267,5.17272478,313.50015118
2014-12-10,EGX:EGAL,5.17272478,5.17272478,5.17272478,5.17272478,0.0
2014-12-11,EGX:EGAL,5.09999754,5.09999754,5.09090633,5.09393663,14440.80696406
2014-12-14,EGX:EGAL,5.09393663,5.09393663,4.86969462,4.90605854,37329.61800215
2014-12-15,EGX:EGAL,5.12120965,5.14848237,5.12120965,5.14242146,6600.00318284
2014-12-16,EGX:EGAL,4.87878553,4.89393703,4.84848251,4.86363372,10560.00509255
2014-12-17,EGX:EGAL,4.84848251,4.84848251,4.42727059,4.52120994,18470.10890718
2014-12-18,EGX:EGAL,4.56363416,4.833331,4.56363416,4.64545231,11190.30539651
2014-12-21,EGX:EGAL,4.94848246,4.95151276,4.94848246,4.94848246,8778.00423318
2014-12-22,EGX:EGAL,4.84848251,4.84848251,4.84848251,4.84848251,9216.90444484
2014-12-23,EGX:EGAL,4.76666437,4.84848251,4.76666437,4.84848251,1452.00070023
2014-12-24,EGX:EGAL,5.05757362,5.06060392,4.84848251,4.96060397,10896.60525487
2014-12-25,EGX:EGAL,4.96969457,4.96969457,4.96060397,4.96060397,1650.00079571
2014-12-28,EGX:EGAL,5.29696714,5.29696714,4.85454311,4.96060397,541.20026099
2014-12-29,EGX:EGAL,4.89393703,4.96060397,4.87878553,4.96060397,1518.00073205
2014-12-30,EGX:EGAL,5.10302784,5.10605814,4.99999759,5.05151272,8877.00428092
2014-12-31,EGX:EGAL,4.77575527,4.99999759,4.76363407,4.96969457,17985.00867324
2015-01-04,EGX:EGAL,4.92424005,4.96969457,4.92424005,4.96969457,1669.80080526
2015-01-05,EGX:EGAL,4.97272487,4.97272487,4.96969457,4.97272487,11833.80570684
2015-01-06,EGX:EGAL,4.85757372,4.85757372,4.49999783,4.76060376,2227.50107421
2015-01-08,EGX:EGAL,4.76060376,4.76060376,4.76060376,4.76060376,0.0
2015-01-11,EGX:EGAL,4.76060376,4.76060376,4.76060376,4.76060376,0.0
2015-01-12,EGX:EGAL,4.96666397,4.96969457,4.84848251,4.89696734,6111.60294731
2015-01-13,EGX:EGAL,4.99999759,4.99999759,4.99999759,4.99999759,7425.0035807
2015-01-14,EGX:EGAL,4.99999759,4.99999759,4.99696729,4.99999759,35435.41708868
2015-01-15,EGX:EGAL,4.99696729,4.99999759,4.91514884,4.99393699,11187.00539492
2015-01-18,EGX:EGAL,4.99999759,5.0121191,4.99696729,5.00302789,34815.01678949
2015-01-19,EGX:EGAL,4.99999759,5.0121191,4.88484643,4.99696729,14850.00716139
2015-01-20,EGX:EGAL,4.99696729,4.99999759,4.93939125,4.96666397,10725.00517212
2015-01-21,EGX:EGAL,4.98484638,4.98484638,4.84848251,4.91514884,15823.50763086
2015-01-22,EGX:EGAL,4.93939125,4.93939125,4.91211854,4.93636156,3207.60154686
2015-01-26,EGX:EGAL,4.93636156,4.93636156,4.93636156,4.93636156,0.0
2015-01-27,EGX:EGAL,4.92424005,4.99999759,4.80605829,4.94545216,26419.81274092
2015-01-28,EGX:EGAL,4.84848251,4.94545216,4.84848251,4.94545216,330.00015914
2015-01-29,EGX:EGAL,4.76060376,4.94545216,4.76060376,4.94545216,1501.5007241
2015-02-01,EGX:EGAL,4.91211854,4.99999759,4.91211854,4.98181608,17160.00827539
2015-02-02,EGX:EGAL,4.99696729,4.99696729,4.98181608,4.98181608,379.50018301
2015-02-03,EGX:EGAL,4.99999759,5.06060392,4.99696729,5.00302789,14015.10675876
2015-02-04,EGX:EGAL,4.87878553,5.05757362,4.87878553,5.00302789,396.00019097
2015-02-05,EGX:EGAL,4.89393703,4.92424005,4.89393703,4.92120975,7012.50338177
2015-02-08,EGX:EGAL,4.99999759,4.99999759,4.89393703,4.93030065,7342.50354091
2015-02-09,EGX:EGAL,4.87878553,5.04545211,4.86363372,4.96060397,6963.0033579
2015-02-10,EGX:EGAL,5.04242151,5.36060378,5.0303006,5.11817905,20469.90987158
2015-02-11,EGX:EGAL,4.88181613,5.11817905,4.88181613,5.11817905,1287.00062065
2015-02-12,EGX:EGAL,5.11817905,5.11817905,5.11817905,5.11817905,0.0
2015-02-15,EGX:EGAL,5.24242141,5.24242141,4.85151281,4.94545216,6682.50322263
2015-02-16,EGX:EGAL,4.84848251,4.85151281,4.84848251,4.84848251,5593.50269746
2015-02-17,EGX:EGAL,4.84545221,4.84848251,4.84545221,4.84848251,2557.50123335
2015-02-18,EGX:EGAL,4.84848251,4.84848251,4.84848251,4.84848251,0.0
2015-02-19,EGX:EGAL,4.84848251,4.84848251,4.84848251,4.84848251,1650.00079571
2015-02-22,EGX:EGAL,4.84848251,4.84848251,4.57878567,4.80908859,9570.00461512
2015-02-23,EGX:EGAL,4.96363367,4.96666397,4.84848251,4.86060402,3300.00159142
2015-02-24,EGX:EGAL,4.84848251,4.86060402,4.84848251,4.86060402,1650.00079571
2015-02-25,EGX:EGAL,4.59393718,4.59393718,4.58181597,4.58484627,3300.00159142
2015-02-26,EGX:EGAL,4.84848251,4.84848251,4.84545221,4.84848251,11606.10559703
2015-03-01,EGX:EGAL,4.84848251,4.84848251,4.84848251,4.84848251,0.0
2015-03-02,EGX:EGAL,4.84848251,4.84848251,4.84848251,4.84848251,0.0
2015-03-03,EGX:EGAL,4.84848251,4.84848251,4.84848251,4.84848251,1785.30086096
2015-03-04,EGX:EGAL,4.84848251,4.84848251,4.84848251,4.84848251,0.0
2015-03-05,EGX:EGAL,4.84848251,4.91817945,4.84848251,4.87272492,3045.90146888
2015-03-08,EGX:EGAL,4.74242196,4.91817945,4.71817954,4.87575522,8250.00397855
2015-03-09,EGX:EGAL,4.91817945,4.99696729,4.91817945,4.93030065,16622.10801599
2015-03-10,EGX:EGAL,4.93939125,4.93939125,4.66666442,4.73636135,4210.80203065
2015-03-11,EGX:EGAL,4.92424005,4.99999759,4.92424005,4.98484638,16500.0079571
2015-03-12,EGX:EGAL,4.98484638,4.98484638,4.69696743,4.98484638,957.00046151
2015-03-16,EGX:EGAL,4.98484638,4.98484638,4.98484638,4.98484638,0.0
2015-03-17,EGX:EGAL,4.84848251,4.93939125,4.84848251,4.89393703,3300.00159142
2015-03-18,EGX:EGAL,4.89393703,4.89393703,4.89393703,4.89393703,0.0
2015-03-19,EGX:EGAL,4.89393703,4.89393703,4.89393703,4.89393703,0.0
2015-03-22,EGX:EGAL,4.98484638,4.98484638,4.89393703,4.89393703,62.70003024
2015-03-23,EGX:EGAL,4.89393703,4.89393703,4.89393703,4.89393703,0.0
2015-03-24,EGX:EGAL,4.94545216,4.94545216,4.66666442,4.70908864,3989.70192403
2015-03-25,EGX:EGAL,4.65151291,4.65151291,4.6363614,4.6393917,36729.01771251
2015-03-26,EGX:EGAL,4.56363416,4.65151291,4.56060386,4.59696748,8250.00397855
2015-03-29,EGX:EGAL,4.56363416,4.65151291,4.56060386,4.59696748,8250.00397855
2015-03-30,EGX:EGAL,4.69696743,4.69696743,4.59696748,4.59696748,462.0002228
2015-03-31,EGX:EGAL,4.75757346,4.75757346,4.75757346,4.75757346,2187.90105511
2015-04-01,EGX:EGAL,4.84242191,4.84242191,4.75757346,4.75757346,33.00001591
2015-04-02,EGX:EGAL,4.75757346,4.75757346,4.75757346,4.75757346,986.70047583
2015-04-05,EGX:EGAL,4.75757346,4.75757346,4.75757346,4.75757346,986.70047583
2015-04-06,EGX:EGAL,4.69696743,4.75757346,4.62120989,4.75757346,1980.00095485
2015-04-07,EGX:EGAL,4.69696743,4.75757346,4.62120989,4.75757346,1980.00095485
2015-04-08,EGX:EGAL,4.69696743,4.75757346,4.62120989,4.75757346,1980.00095485
2015-04-09,EGX:EGAL,4.69696743,4.75757346,4.62120989,4.75757346,1980.00095485
2015-04-14,EGX:EGAL,4.69696743,4.75757346,4.62120989,4.75757346,1980.00095485
2015-04-15,EGX:EGAL,4.69696743,4.75757346,4.62120989,4.75757346,1980.00095485
2015-04-16,EGX:EGAL,4.66666442,4.75757346,4.66666442,4.75757346,1650.00079571
2015-04-19,EGX:EGAL,4.66666442,4.75757346,4.66666442,4.75757346,1650.00079571
2015-04-20,EGX:EGAL,4.66666442,4.75757346,4.66666442,4.75757346,1650.00079571
2015-04-21,EGX:EGAL,4.66666442,4.75757346,4.66666442,4.75757346,1650.00079571
2015-04-22,EGX:EGAL,4.39393727,4.39393727,4.28484642,4.34545245,24020.71158395
2015-04-23,EGX:EGAL,4.42424029,4.54545235,4.42424029,4.49999783,5362.50258606
2015-04-26,EGX:EGAL,4.2515131,4.48484632,4.2515131,4.38787667,2930.40141318
2015-04-27,EGX:EGAL,4.27272521,4.27272521,4.27272521,4.27272521,1155.000557
2015-04-28,EGX:EGAL,4.27272521,4.27272521,4.0636344,4.0636344,1326.60063975
2015-04-29,EGX:EGAL,4.54242205,4.54242205,4.10605863,4.40908878,3960.00190971
2015-04-30,EGX:EGAL,4.18181617,4.65454321,4.18181617,4.65454321,42.90002069
2015-05-03,EGX:EGAL,4.72424015,4.72424015,4.72424015,4.72424015,33.00001591
2015-05-07,EGX:EGAL,4.66666442,4.66666442,4.66666442,4.66666442,6600.00318284
2015-05-10,EGX:EGAL,4.54545235,4.54545235,4.54545235,4.54545235,12401.40598056
2015-05-12,EGX:EGAL,4.30302823,4.30302823,4.30302823,4.30302823,33.00001591
2015-05-17,EGX:EGAL,4.28484642,4.28484642,4.09696772,4.09696772,1897.50091507
2015-05-18,EGX:EGAL,4.39090697,4.68181592,4.39090697,4.60302808,16292.10785685
2015-05-20,EGX:EGAL,4.61817959,4.62120989,4.54545235,4.57272507,2590.50124927
2015-05-21,EGX:EGAL,4.54545235,4.54545235,4.54545235,4.54545235,1650.00079571
2015-05-24,EGX:EGAL,4.54545235,4.54545235,4.54545235,4.54545235,5791.50279294
2015-05-27,EGX:EGAL,4.32121004,4.61817959,4.32121004,4.61817959,993.30047902
2015-06-07,EGX:EGAL,4.2545434,4.39393727,4.2545434,4.39393727,1254.00060474
2015-06-09,EGX:EGAL,4.09696772,4.12727074,4.09393742,4.12727074,1640.10079094
2015-06-10,EGX:EGAL,4.15151315,4.15151315,4.15151315,4.15151315,1320.00063657
2015-06-11,EGX:EGAL,4.09393742,4.09696772,4.09090712,4.09393742,8250.00397855
2015-06-14,EGX:EGAL,4.4424221,4.4454524,4.4424221,4.4424221,2508.00120948
2015-06-15,EGX:EGAL,4.39393727,4.39393727,4.13636164,4.36060396,2458.50118561
2015-06-16,EGX:EGAL,4.36060396,4.36060396,4.2424222,4.34848275,29700.01432279
2015-06-18,EGX:EGAL,3.95151325,4.40908878,3.95151325,4.30302823,9144.30440983
2015-06-21,EGX:EGAL,3.93939204,3.93939204,3.93939204,3.93939204,10797.60520713
2015-06-22,EGX:EGAL,4.0606041,4.0606041,4.0606041,4.0606041,2640.00127314
2015-06-23,EGX:EGAL,4.21211918,4.21211918,4.01514958,4.14848285,3168.00152776
2015-06-24,EGX:EGAL,4.14848285,4.14848285,4.14848285,4.14848285,0.0
2015-06-25,EGX:EGAL,3.93939204,3.93939204,3.93333144,3.93636174,2785.20134316
2015-06-28,EGX:EGAL,3.93939204,4.23939189,3.93939204,4.04545259,14160.30682879
2015-06-29,EGX:EGAL,3.96060415,4.04545259,3.96060415,4.04545259,1399.20067476
2015-07-02,EGX:EGAL,4.04545259,4.04545259,4.04545259,4.04545259,0.0
2015-07-05,EGX:EGAL,3.99393747,4.04545259,3.99393747,4.04545259,495.00023871
2015-07-06,EGX:EGAL,4.20908888,4.4424221,4.20908888,4.36060396,3135.00151185
2015-07-07,EGX:EGAL,4.36363426,4.36363426,4.35757366,4.36060396,858.00041377
2015-07-08,EGX:EGAL,3.95454355,4.31817974,3.93939204,4.23030099,21450.01034424
2015-07-09,EGX:EGAL,4.23030099,4.23030099,4.23030099,4.23030099,0.0
2015-07-12,EGX:EGAL,4.23030099,4.23030099,4.23030099,4.23030099,0.0
2015-07-13,EGX:EGAL,4.23030099,4.23030099,4.23030099,4.23030099,0.0
2015-07-14,EGX:EGAL,4.31817974,4.36060396,4.23030099,4.23030099,1650.00079571
2015-07-15,EGX:EGAL,4.23030099,4.23030099,4.23030099,4.23030099,0.0
2015-07-16,EGX:EGAL,4.34848275,4.34848275,4.34848275,4.34848275,2376.00114582
2015-07-21,EGX:EGAL,3.96969506,3.96969506,3.91514963,3.95454355,6880.50331811
2015-07-22,EGX:EGAL,4.0606041,4.0606041,3.95454355,3.95454355,825.00039786
2015-07-27,EGX:EGAL,4.03030109,4.09090712,4.01514958,4.06969501,10843.80522941
2015-07-28,EGX:EGAL,4.09090712,4.09090712,4.03030109,4.06666471,7883.7038019
2015-07-29,EGX:EGAL,4.09090712,4.09090712,4.09090712,4.09090712,13566.30654233
2015-07-30,EGX:EGAL,4.2424222,4.28484642,4.2424222,4.26666461,3894.00187788
2015-08-03,EGX:EGAL,3.98484656,3.98484656,3.94848294,3.96363445,3300.00159142
2015-08-04,EGX:EGAL,4.23939189,4.23939189,4.09090712,4.20605858,27720.01336794
2015-08-05,EGX:EGAL,4.23333129,4.33636155,4.23333129,4.33333124,6517.50314306
2015-08-09,EGX:EGAL,4.21211918,4.21211918,3.96969506,3.96969506,1897.50091507
2015-08-10,EGX:EGAL,3.97272536,3.97272536,3.96969506,3.96969506,330.00015914
2015-08-12,EGX:EGAL,4.18181617,4.18181617,3.96969506,3.96969506,825.00039786
2015-08-13,EGX:EGAL,3.98484656,3.98484656,3.98484656,3.98484656,297.00014323
2015-08-16,EGX:EGAL,4.19696767,4.19696767,4.19696767,4.19696767,1650.00079571
2015-08-17,EGX:EGAL,4.18787677,4.34848275,4.12121013,4.13333134,4752.00229165
2015-08-18,EGX:EGAL,4.12121013,4.15151315,4.12121013,4.13939194,2640.00127314
2015-08-19,EGX:EGAL,4.09090712,4.15151315,3.96969506,3.96969506,2376.00114582
2015-08-23,EGX:EGAL,3.96969506,4.21211918,3.96969506,4.15757375,4379.10211182
2015-08-24,EGX:EGAL,4.17878586,4.17878586,3.74545274,4.00908898,5850.90282159
2015-08-25,EGX:EGAL,3.63636188,3.63636188,3.60908917,3.60908917,1574.10075911
2015-08-27,EGX:EGAL,3.96969506,3.96969506,3.96969506,3.96969506,1881.00090711
2015-08-30,EGX:EGAL,3.81817998,3.81817998,3.81817998,3.81817998,445.50021484
2015-08-31,EGX:EGAL,4.10605863,4.11817983,4.10605863,4.11817983,495.00023871
2015-09-02,EGX:EGAL,3.82121028,4.08787682,3.79090726,3.90302842,5372.40259083
2015-09-03,EGX:EGAL,4.01514958,4.01514958,3.93939204,3.95454355,6270.0030237
2015-09-08,EGX:EGAL,3.93939204,3.93939204,3.8636345,3.87878601,3003.00144819
2015-09-09,EGX:EGAL,3.87878601,3.87878601,3.87878601,3.87878601,0.0
2015-09-13,EGX:EGAL,4.16666466,4.16666466,3.87878601,3.87878601,82.50003979
2015-09-14,EGX:EGAL,4.16666466,4.23333129,3.94242234,4.18787677,2517.90121425
2015-09-17,EGX:EGAL,4.19696767,4.19696767,4.19696767,4.19696767,33000.01591421
2015-09-20,EGX:EGAL,4.03030109,4.03030109,3.91514963,3.91514963,2395.80115537
2015-09-22,EGX:EGAL,4.09090712,4.09090712,3.99999807,4.0575738,2778.60133998
2015-09-28,EGX:EGAL,4.0575738,4.0575738,4.0575738,4.0575738,0.0
2015-09-29,EGX:EGAL,4.0575738,4.0575738,4.0575738,4.0575738,0.0
2015-09-30,EGX:EGAL,4.0575738,4.0575738,4.0575738,4.0575738,0.0
2015-10-01,EGX:EGAL,3.82121028,4.0575738,3.78787696,4.0575738,1155.000557
2015-10-04,EGX:EGAL,3.94242234,3.94242234,3.93939204,3.93939204,3036.00146411
2015-10-05,EGX:EGAL,4.09090712,4.09090712,3.96969506,4.06666471,2475.00119357
2015-10-07,EGX:EGAL,4.12121013,4.14242224,4.12121013,4.13939194,3709.20178876
2015-10-08,EGX:EGAL,4.19696767,4.2424222,4.19696767,4.23333129,8203.80395627
2015-10-11,EGX:EGAL,4.2424222,4.29393732,4.2424222,4.27272521,3834.60184923
2015-10-12,EGX:EGAL,4.30302823,4.30302823,4.30302823,4.30302823,2904.00140045
2015-10-13,EGX:EGAL,4.30302823,4.30302823,4.27272521,4.27575551,8250.00397855
2015-10-15,EGX:EGAL,4.35454335,4.35454335,4.27272521,4.29090702,17856.30861118
2015-10-18,EGX:EGAL,4.37575547,4.39393727,4.19696767,4.34848275,5610.00270542
2015-10-19,EGX:EGAL,4.36363426,4.37575547,4.36363426,4.37272516,2508.00120948
2015-10-20,EGX:EGAL,4.37575547,4.39393727,4.30302823,4.37575547,6273.30302529
2015-10-21,EGX:EGAL,4.34848275,4.37575547,4.34848275,4.37575547,2237.40107898
2015-10-22,EGX:EGAL,4.39393727,4.42424029,4.37575547,4.37575547,2108.70101692
2015-10-25,EGX:EGAL,4.4393918,4.51211904,4.39696758,4.46666451,8151.00393081
2015-10-26,EGX:EGAL,4.29696762,4.29696762,4.02121018,4.14848285,5867.40282955
2015-10-27,EGX:EGAL,4.03030109,4.14848285,4.03030109,4.14848285,1650.00079571
2015-10-28,EGX:EGAL,4.03030109,4.03030109,3.93939204,4.02121018,4709.10227096
2015-10-29,EGX:EGAL,3.96969506,3.96969506,3.93939204,3.95151325,4547.40219298
2015-11-01,EGX:EGAL,3.79090726,3.95151325,3.64545279,3.95151325,726.00035011
2015-11-02,EGX:EGAL,3.93939204,3.95151325,3.93939204,3.95151325,1039.5005013
2015-11-03,EGX:EGAL,3.95151325,3.95151325,3.95151325,3.95151325,0.0
2015-11-04,EGX:EGAL,3.69999822,3.95151325,3.69999822,3.95151325,825.00039786
2015-11-05,EGX:EGAL,3.78787696,3.95151325,3.76363455,3.95151325,1237.50059678
2015-11-08,EGX:EGAL,3.78787696,3.78787696,3.60605887,3.69999822,7662.60369528
2015-11-09,EGX:EGAL,3.60605887,3.69999822,3.60605887,3.69999822,59.40002865
2015-11-10,EGX:EGAL,3.61211947,3.69999822,3.60605887,3.69999822,2616.901262
2015-11-11,EGX:EGAL,3.60605887,3.69999822,3.60605887,3.69999822,775.50037398
2015-11-12,EGX:EGAL,3.69999822,3.69999822,3.69999822,3.69999822,0.0
2015-11-15,EGX:EGAL,3.60605887,3.69999822,3.60605887,3.69999822,330.00015914
2015-11-16,EGX:EGAL,3.72121033,3.72121033,3.49999831,3.60605887,22321.21076437
2015-11-17,EGX:EGAL,3.63939218,3.63939218,3.62121037,3.63030128,7260.00350113
2015-11-18,EGX:EGAL,3.63030128,3.63030128,3.63030128,3.63030128,0.0
2015-11-19,EGX:EGAL,3.63636188,3.63636188,3.54545284,3.56666495,9784.50471856
2015-11-22,EGX:EGAL,3.63636188,3.63939218,3.56666495,3.56666495,1254.00060474
2015-11-23,EGX:EGAL,3.56666495,3.56666495,3.56666495,3.56666495,0.0
2015-11-24,EGX:EGAL,3.59090736,3.60605887,3.59090736,3.59696796,3300.00159142
2015-11-25,EGX:EGAL,3.69696791,3.70605882,3.59696796,3.59696796,2484.90119834
2015-11-26,EGX:EGAL,3.59696796,3.59696796,3.59696796,3.59696796,0.0
2015-11-29,EGX:EGAL,3.63636188,3.63636188,3.63636188,3.63636188,7590.00366027
2015-11-30,EGX:EGAL,3.63636188,3.63636188,3.63636188,3.63636188,0.0
2015-12-01,EGX:EGAL,3.63636188,3.63636188,3.63636188,3.63636188,0.0
2015-12-02,EGX:EGAL,3.4848468,3.63333158,3.4848468,3.61818007,6722.10324172
2015-12-03,EGX:EGAL,3.63333158,3.63333158,3.39393776,3.49090741,4389.00211659
2015-12-06,EGX:EGAL,3.49090741,3.49090741,3.49090741,3.49090741,0.0
2015-12-07,EGX:EGAL,3.40908927,3.60605887,3.40908927,3.59999826,5966.40287729
2015-12-08,EGX:EGAL,3.60605887,3.60605887,3.60605887,3.60605887,7425.0035807
2015-12-09,EGX:EGAL,3.40908927,3.60605887,3.39393776,3.60605887,2310.00111399
2015-12-10,EGX:EGAL,3.60605887,3.60605887,3.60605887,3.60605887,0.0
2015-12-13,EGX:EGAL,3.60605887,3.60605887,3.60605887,3.60605887,0.0
2015-12-14,EGX:EGAL,3.60605887,3.60605887,3.60605887,3.60605887,0.0
2015-12-15,EGX:EGAL,3.4848468,3.60605887,3.4848468,3.60605887,330.00015914
2015-12-16,EGX:EGAL,3.60605887,3.60605887,3.60605887,3.60605887,0.0
2015-12-17,EGX:EGAL,3.4696953,3.60605887,3.4696953,3.60605887,1181.40056973
2015-12-20,EGX:EGAL,3.4848468,3.4848468,3.4696953,3.4727256,8250.00397855
2015-12-21,EGX:EGAL,3.33636203,3.4727256,3.33636203,3.4727256,102.30004933
2015-12-22,EGX:EGAL,3.4727256,3.4727256,3.4727256,3.4727256,0.0
2015-12-24,EGX:EGAL,3.4727256,3.4727256,3.4727256,3.4727256,0.0
2015-12-27,EGX:EGAL,3.63636188,3.63636188,3.4727256,3.4727256,495.00023871
2015-12-28,EGX:EGAL,3.4727256,3.4727256,3.4727256,3.4727256,0.0
2015-12-29,EGX:EGAL,3.4818165,3.4848468,3.4818165,3.4848468,7012.50338177
2015-12-30,EGX:EGAL,3.4818165,3.72424063,3.4818165,3.53030133,4583.70221048
2015-12-31,EGX:EGAL,3.53030133,3.53030133,3.53030133,3.53030133,0.0
2016-01-03,EGX:EGAL,3.60605887,3.64242249,3.60605887,3.63333158,23331.01125135
2016-01-04,EGX:EGAL,3.51514982,3.63333158,3.51514982,3.63333158,1155.000557
2016-01-05,EGX:EGAL,3.60605887,3.98484656,3.60605887,3.78484666,18569.10895493
2016-01-06,EGX:EGAL,3.93939204,3.93939204,3.78484666,3.78484666,333.30016073
2016-01-10,EGX:EGAL,3.78484666,3.78484666,3.78484666,3.78484666,0.0
2016-01-11,EGX:EGAL,3.78484666,3.78484666,3.78484666,3.78484666,0.0
2016-01-12,EGX:EGAL,3.57575585,3.78484666,3.52424072,3.78484666,1702.80082117
2016-01-13,EGX:EGAL,3.52424072,3.78484666,3.52424072,3.78484666,89.10004297
2016-01-14,EGX:EGAL,3.45454379,3.45454379,3.40908927,3.44545288,4290.00206885
2016-01-17,EGX:EGAL,3.44545288,3.44545288,3.44545288,3.44545288,0.0
2016-01-18,EGX:EGAL,3.44545288,3.44545288,3.44545288,3.44545288,0.0
2016-01-19,EGX:EGAL,3.4848468,3.57575585,3.4848468,3.53636193,3927.00189379
2016-01-20,EGX:EGAL,3.60605887,3.60605887,3.39393776,3.53636193,1468.50070818
2016-01-21,EGX:EGAL,3.2909075,3.53636193,3.2878772,3.53636193,1650.00079571
2016-01-24,EGX:EGAL,3.4848468,3.53636193,3.4848468,3.53636193,498.3002403
2016-01-26,EGX:EGAL,3.4818165,3.57272555,3.40908927,3.53636193,1650.00079571
2016-01-27,EGX:EGAL,3.54242253,3.54242253,3.53636193,3.53636193,165.00007957
2016-01-28,EGX:EGAL,3.45454379,3.53636193,3.43939228,3.53636193,1547.70074638
2016-01-31,EGX:EGAL,3.34848323,3.53636193,3.34848323,3.53636193,412.50019893
2016-02-01,EGX:EGAL,3.53636193,3.53636193,3.53636193,3.53636193,0.0
2016-02-02,EGX:EGAL,3.53030133,3.53333163,3.53030133,3.53333163,3630.00175056
2016-02-03,EGX:EGAL,3.53333163,3.53333163,3.53333163,3.53333163,0.0
2016-02-04,EGX:EGAL,3.53030133,3.53030133,3.42424077,3.45454379,4620.00222799
2016-02-07,EGX:EGAL,3.45454379,3.45454379,3.45454379,3.45454379,0.0
2016-02-08,EGX:EGAL,3.45454379,3.45454379,3.45454379,3.45454379,0.0
2016-02-09,EGX:EGAL,3.45454379,3.45454379,3.45454379,3.45454379,0.0
2016-02-10,EGX:EGAL,3.45454379,3.45454379,3.45454379,3.45454379,0.0
2016-02-11,EGX:EGAL,3.2878772,3.2878772,3.16666514,3.21514996,12309.005936
2016-02-14,EGX:EGAL,3.16666514,3.30302871,3.16666514,3.17575604,8745.00421727
2016-02-15,EGX:EGAL,3.17575604,3.17575604,3.17575604,3.17575604,0.0
2016-02-16,EGX:EGAL,3.13939243,3.33333173,3.13636212,3.17272574,8052.00388307
2016-02-17,EGX:EGAL,3.17272574,3.17272574,3.17272574,3.17272574,0.0
2016-02-18,EGX:EGAL,3.17272574,3.17272574,3.17272574,3.17272574,0.0
2016-02-21,EGX:EGAL,3.15151363,3.33333173,3.15151363,3.17575604,3844.50185401
2016-02-22,EGX:EGAL,3.18484695,3.19696816,3.16363484,3.17878635,7771.5037478
2016-02-23,EGX:EGAL,3.18181665,3.18181665,3.17878635,3.17878635,2310.00111399
2016-02-24,EGX:EGAL,3.17878635,3.17878635,3.17878635,3.17878635,0.0
2016-02-25,EGX:EGAL,3.18181665,3.18181665,3.13636212,3.18181665,3402.30164075
2016-02-28,EGX:EGAL,3.18181665,3.18181665,3.18181665,3.18181665,4950.00238713
2016-02-29,EGX:EGAL,3.18181665,3.18181665,3.18181665,3.18181665,6600.00318284
2016-03-01,EGX:EGAL,3.18181665,3.18181665,3.18181665,3.18181665,0.0
2016-03-02,EGX:EGAL,3.18181665,3.18181665,3.18181665,3.18181665,0.0
2016-03-03,EGX:EGAL,3.03030157,3.18181665,3.03030157,3.18181665,1692.9008164
2016-03-06,EGX:EGAL,3.18181665,3.18181665,3.18181665,3.18181665,1650.00079571
2016-03-07,EGX:EGAL,3.18181665,3.18181665,3.18181665,3.18181665,0.0
2016-03-08,EGX:EGAL,3.18181665,3.18181665,3.18181665,3.18181665,0.0
2016-03-09,EGX:EGAL,3.22727117,3.24242268,3.22727117,3.23030147,4141.50199723
2016-03-10,EGX:EGAL,3.33333173,3.49999831,3.33333173,3.40302866,21598.51041585
2016-03-13,EGX:EGAL,3.32727112,3.40302866,3.31818022,3.40302866,910.80043923
2016-03-14,EGX:EGAL,3.45454379,3.59090736,3.37878625,3.54848314,15727.80758471
2016-03-15,EGX:EGAL,3.36666504,3.63636188,3.36363474,3.51818012,9170.70442256
2016-03-16,EGX:EGAL,3.40908927,3.51818012,3.40908927,3.51818012,204.60009867
2016-03-17,EGX:EGAL,3.41211957,3.62121037,3.41211957,3.51818012,2517.90121425
2016-03-20,EGX:EGAL,3.4848468,3.4848468,3.42424077,3.45757409,11015.40531216
2016-03-21,EGX:EGAL,3.61818007,3.62121037,3.59090736,3.60605887,6517.50314306
2016-03-22,EGX:EGAL,3.60605887,3.60605887,3.60605887,3.60605887,0.0
2016-03-23,EGX:EGAL,3.60605887,3.60605887,3.60605887,3.60605887,0.0
2016-03-24,EGX:EGAL,3.57575585,3.63636188,3.51514982,3.60908917,11589.60558907
2016-03-27,EGX:EGAL,3.60908917,3.60908917,3.60908917,3.60908917,0.0
2016-03-28,EGX:EGAL,3.39696806,3.74242244,3.39393776,3.63030128,6105.00294413
2016-03-29,EGX:EGAL,3.39696806,3.51514982,3.39696806,3.44848319,3960.00190971
2016-03-30,EGX:EGAL,3.44848319,3.44848319,3.44848319,3.44848319,0.0
2016-03-31,EGX:EGAL,3.44848319,3.44848319,3.44848319,3.44848319,0.0
2016-04-03,EGX:EGAL,3.39696806,3.63333158,3.39696806,3.53636193,6930.00334198
2016-04-04,EGX:EGAL,3.61818007,3.71211942,3.54545284,3.62121037,19694.4094976
2016-04-05,EGX:EGAL,3.75454364,3.8606042,3.56666495,3.62121037,1435.50069227
2016-04-06,EGX:EGAL,3.4848468,3.4848468,3.39999836,3.46363469,5111.70246511
2016-04-07,EGX:EGAL,3.4848468,3.75757395,3.4848468,3.64242249,18262.20880692
2016-04-10,EGX:EGAL,3.45454379,3.4696953,3.44848319,3.45151349,5280.00254627
2016-04-11,EGX:EGAL,3.44848319,3.45151349,3.44848319,3.45151349,2270.4010949
2016-04-12,EGX:EGAL,3.44848319,3.44848319,3.15454393,3.41514987,5352.60258128
2016-04-13,EGX:EGAL,3.4848468,3.48787711,3.41514987,3.41514987,2013.00097077
2016-04-14,EGX:EGAL,3.22727117,3.45151349,3.22727117,3.30605901,4620.00222799
2016-04-17,EGX:EGAL,3.30605901,3.30605901,3.30605901,3.30605901,0.0
2016-04-18,EGX:EGAL,3.51514982,3.51514982,3.24848328,3.39393776,13150.50634181
2016-04-19,EGX:EGAL,3.45454379,3.61818007,3.45454379,3.56060434,9946.20479654
2016-04-20,EGX:EGAL,3.39393776,3.56363465,3.27272569,3.37878625,14985.30722664
2016-04-21,EGX:EGAL,3.51211952,3.51211952,3.34848323,3.37878625,1831.50088324
2016-04-24,EGX:EGAL,3.37878625,3.37878625,3.37878625,3.37878625,0.0
2016-04-26,EGX:EGAL,3.36363474,3.37878625,3.36363474,3.37878625,495.00023871
2016-04-27,EGX:EGAL,3.39393776,3.39393776,3.26969539,3.35757414,6857.40330697
2016-04-28,EGX:EGAL,3.35757414,3.35757414,3.35757414,3.35757414,0.0
2016-05-03,EGX:EGAL,3.35757414,3.35757414,3.35757414,3.35757414,0.0
2016-05-04,EGX:EGAL,3.27272569,3.35757414,3.27272569,3.35757414,990.00047743
2016-05-05,EGX:EGAL,3.15757423,3.21211966,3.15151363,3.16969544,13464.006493
2016-05-08,EGX:EGAL,3.18484695,3.19090755,3.18181665,3.18484695,9985.80481564
2016-05-09,EGX:EGAL,3.18484695,3.18484695,3.18484695,3.18484695,0.0
2016-05-10,EGX:EGAL,3.21211966,3.21211966,3.21211966,3.21211966,3300.00159142
2016-05-11,EGX:EGAL,3.15757423,3.33333173,3.15757423,3.21211966,1580.70076229
2016-05-12,EGX:EGAL,3.16060454,3.21211966,3.15757423,3.21211966,2280.30109967
2016-05-15,EGX:EGAL,3.21211966,3.21211966,3.21211966,3.21211966,0.0
2016-05-16,EGX:EGAL,3.12424092,3.31514992,3.12121062,3.21211966,3696.00178239
2016-05-17,EGX:EGAL,3.18181665,3.31818022,3.18181665,3.26363479,9230.1044512
2016-05-18,EGX:EGAL,3.34848323,3.34848323,3.22727117,3.24848328,5306.402559
2016-05-19,EGX:EGAL,3.22727117,3.24848328,3.10302881,3.24848328,2620.20126359
2016-05-22,EGX:EGAL,3.19696816,3.32424082,3.19696816,3.24848328,2970.00143228
2016-05-23,EGX:EGAL,3.19999846,3.24848328,3.19999846,3.24848328,1811.70087369
2016-05-24,EGX:EGAL,3.18181665,3.31514992,3.18181665,3.21818027,3300.00159142
2016-05-25,EGX:EGAL,3.17575604,3.19696816,3.17575604,3.18181665,9306.00448781
2016-05-26,EGX:EGAL,3.18787725,3.18787725,3.16363484,3.16969544,4950.00238713
2016-05-29,EGX:EGAL,3.11515001,3.16969544,3.11515001,3.16969544,102.30004933
2016-05-30,EGX:EGAL,3.0939379,3.16969544,3.0939379,3.16969544,330.00015914
2016-05-31,EGX:EGAL,3.10908941,3.16969544,3.10908941,3.16969544,330.00015914
2016-06-01,EGX:EGAL,3.0939379,3.16969544,3.0939379,3.15757423,3960.00190971
2016-06-02,EGX:EGAL,3.15757423,3.15757423,3.15757423,3.15757423,0.0
2016-06-05,EGX:EGAL,3.15757423,3.15757423,3.15757423,3.15757423,0.0
2016-06-06,EGX:EGAL,3.10605911,3.18181665,3.10605911,3.16666514,8118.0039149
2016-06-07,EGX:EGAL,3.16666514,3.16666514,3.16666514,3.16666514,0.0
2016-06-08,EGX:EGAL,3.0939379,3.16666514,3.0939379,3.16666514,990.00047743
2016-06-09,EGX:EGAL,3.16666514,3.16666514,3.16666514,3.16666514,0.0
2016-06-12,EGX:EGAL,3.18181665,3.25454389,3.16666514,3.16666514,1980.00095485
2016-06-13,EGX:EGAL,3.16666514,3.16666514,3.16666514,3.16666514,0.0
2016-06-14,EGX:EGAL,3.16666514,3.16666514,3.16666514,3.16666514,0.0
2016-06-15,EGX:EGAL,3.16666514,3.16666514,3.16666514,3.16666514,0.0
2016-06-16,EGX:EGAL,3.16666514,3.16666514,3.16666514,3.16666514,0.0
2016-06-19,EGX:EGAL,3.16666514,3.16666514,3.16666514,3.16666514,0.0
2016-06-20,EGX:EGAL,3.16666514,3.16666514,3.16666514,3.16666514,0.0
2016-06-21,EGX:EGAL,3.16666514,3.16666514,3.16666514,3.16666514,0.0
2016-06-22,EGX:EGAL,3.00605916,3.16666514,3.00605916,3.16666514,3118.50150389
2016-06-23,EGX:EGAL,3.16666514,3.16666514,3.16666514,3.16666514,0.0
2016-06-26,EGX:EGAL,3.03030157,3.16666514,3.03030157,3.16666514,1650.00079571
2016-06-27,EGX:EGAL,3.06363489,3.16666514,3.06363489,3.16666514,2970.00143228
2016-06-28,EGX:EGAL,3.16666514,3.16666514,3.16666514,3.16666514,0.0
2016-06-29,EGX:EGAL,3.17575604,3.25757419,3.03030157,3.11818031,7642.80368573
2016-07-03,EGX:EGAL,3.0909076,3.11818031,3.03030157,3.11818031,1188.00057291
2016-07-04,EGX:EGAL,3.11818031,3.11818031,3.11818031,3.11818031,0.0
2016-07-10,EGX:EGAL,3.33333173,3.39696806,3.11818031,3.11818031,660.00031828
2016-07-11,EGX:EGAL,3.03333187,3.42121047,2.86969559,3.12121062,3366.00162325
2016-07-12,EGX:EGAL,3.0909076,3.12121062,3.0909076,3.12121062,1650.00079571
2016-07-13,EGX:EGAL,3.33333173,3.33333173,3.12121062,3.12121062,1650.00079571
2016-07-14,EGX:EGAL,3.12121062,3.12121062,3.12121062,3.12121062,0.0
2016-07-17,EGX:EGAL,3.12121062,3.12121062,3.12121062,3.12121062,0.0
2016-07-18,EGX:EGAL,3.12121062,3.12121062,3.12121062,3.12121062,0.0
2016-07-19,EGX:EGAL,3.33333173,3.33333173,3.33333173,3.33333173,6600.00318284
2016-07-20,EGX:EGAL,3.33333173,3.33333173,3.33333173,3.33333173,0.0
2016-07-21,EGX:EGAL,3.33333173,3.33333173,3.33333173,3.33333173,0.0
2016-07-24,EGX:EGAL,3.33333173,3.33333173,3.33333173,3.33333173,0.0
2016-07-25,EGX:EGAL,3.32727112,3.35151354,3.32727112,3.33030142,11371.80548404
2016-07-26,EGX:EGAL,3.33333173,3.33333173,3.33333173,3.33333173,6600.00318284
2016-07-27,EGX:EGAL,3.33636203,3.36363474,3.33333173,3.34242263,22077.01064661
2016-07-28,EGX:EGAL,3.33333173,3.34242263,3.33333173,3.34242263,165.00007957
2016-07-31,EGX:EGAL,3.33333173,3.33636203,3.33333173,3.33333173,8580.00413769
2016-08-01,EGX:EGAL,3.33333173,3.33333173,3.33333173,3.33333173,3300.00159142
2016-08-02,EGX:EGAL,3.33333173,3.33333173,3.33333173,3.33333173,4125.00198928
2016-08-03,EGX:EGAL,3.33333173,3.33333173,3.33333173,3.33333173,1650.00079571
2016-08-04,EGX:EGAL,3.33333173,3.33333173,3.33333173,3.33333173,5115.0024667
2016-08-07,EGX:EGAL,3.33333173,3.33333173,3.33333173,3.33333173,0.0
2016-08-08,EGX:EGAL,3.33636203,3.4848468,3.33636203,3.35151354,3636.60175375
2016-08-09,EGX:EGAL,3.49999831,3.54545284,3.35151354,3.35151354,2689.50129701
2016-08-10,EGX:EGAL,3.35151354,3.35151354,3.35151354,3.35151354,0.0
2016-08-11,EGX:EGAL,3.33333173,3.51514982,3.33333173,3.36969534,20136.60971085
2016-08-14,EGX:EGAL,3.27272569,3.39393776,3.18181665,3.35151354,4167.90200996
2016-08-15,EGX:EGAL,3.42424077,3.42424077,3.35151354,3.35151354,2679.60129223
2016-08-16,EGX:EGAL,3.4757559,3.53030133,3.4757559,3.48787711,16671.60803986
2016-08-17,EGX:EGAL,3.48787711,3.48787711,3.48787711,3.48787711,0.0
2016-08-18,EGX:EGAL,3.51514982,3.51514982,3.45454379,3.48787711,3910.50188583
2016-08-21,EGX:EGAL,3.4848468,3.51514982,3.4848468,3.51514982,3316.50159938
2016-08-22,EGX:EGAL,3.56060434,3.56060434,3.51514982,3.51514982,1320.00063657
2016-08-23,EGX:EGAL,3.42424077,3.51514982,3.36363474,3.4757559,6006.00289639
2016-08-24,EGX:EGAL,3.51514982,3.51514982,3.51514982,3.51514982,5765.10278021
2016-08-25,EGX:EGAL,3.51514982,3.51514982,3.51514982,3.51514982,0.0
2016-08-28,EGX:EGAL,3.40908927,3.45454379,3.33333173,3.34545293,34874.41681814
2016-08-29,EGX:EGAL,3.36363474,3.36363474,3.33333173,3.35757414,33000.01591421
2016-08-30,EGX:EGAL,3.35757414,3.36363474,3.35757414,3.36363474,25311.0122062
2016-08-31,EGX:EGAL,3.36363474,3.36363474,3.36363474,3.36363474,0.0
2016-09-01,EGX:EGAL,3.36363474,3.36363474,3.36363474,3.36363474,0.0
2016-09-04,EGX:EGAL,3.36363474,3.36363474,3.33636203,3.35151354,6600.00318284
2016-09-05,EGX:EGAL,3.36363474,3.39393776,3.36363474,3.37575595,29700.01432279
2016-09-06,EGX:EGAL,3.43939228,3.4848468,3.43939228,3.45757409,46764.32255203
2016-09-07,EGX:EGAL,3.4848468,3.4848468,3.42424077,3.44545288,9735.00469469
2016-09-08,EGX:EGAL,3.42424077,3.42424077,3.42424077,3.42424077,7920.00381941
2016-09-14,EGX:EGAL,3.42424077,3.42424077,3.42424077,3.42424077,0.0
2016-09-15,EGX:EGAL,3.18484695,3.42424077,3.18484695,3.42424077,247.50011936
2016-09-18,EGX:EGAL,3.42424077,3.42424077,3.42424077,3.42424077,0.0
2016-09-19,EGX:EGAL,3.42424077,3.42424077,3.42424077,3.42424077,0.0
2016-09-20,EGX:EGAL,3.42424077,3.42424077,3.42424077,3.42424077,0.0
2016-09-21,EGX:EGAL,3.24242268,3.24242268,3.21514996,3.23333177,4620.00222799
2016-09-22,EGX:EGAL,3.23333177,3.23333177,3.23333177,3.23333177,0.0
2016-09-25,EGX:EGAL,3.23333177,3.33333173,3.23333177,3.33333173,7441.50358865
2016-09-26,EGX:EGAL,3.33333173,3.34242263,3.33333173,3.33939233,3300.00159142
2016-09-27,EGX:EGAL,3.33939233,3.33939233,3.33333173,3.33333173,3300.00159142
2016-09-28,EGX:EGAL,3.33333173,3.33333173,3.33333173,3.33333173,0.0
2016-09-29,EGX:EGAL,3.33333173,3.4848468,3.33333173,3.45757409,17820.00859367
2016-10-03,EGX:EGAL,3.45757409,3.45757409,3.38484685,3.43030138,10560.00509255
2016-10-04,EGX:EGAL,3.43030138,3.43030138,3.30605901,3.31514992,6798.00327833
2016-10-05,EGX:EGAL,3.31514992,3.4848468,3.31514992,3.45757409,19965.0096281
2016-10-09,EGX:EGAL,3.45757409,3.4848468,3.33333173,3.4818165,29436.01419547
2016-10-10,EGX:EGAL,3.4818165,3.51514982,3.42424077,3.49393771,29931.01443419
2016-10-11,EGX:EGAL,3.49393771,3.49393771,3.33333173,3.49393771,2310.00111399
2016-10-12,EGX:EGAL,3.49393771,3.51514982,3.37878625,3.49393771,12408.00598374
2016-10-13,EGX:EGAL,3.49393771,3.60605887,3.49393771,3.49393771,1890.90091188
2016-10-16,EGX:EGAL,3.49393771,3.57575585,3.4848468,3.55454374,7510.80362207
2016-10-17,EGX:EGAL,3.55454374,3.63636188,3.39696806,3.4727256,19338.00932573
2016-10-18,EGX:EGAL,3.4727256,3.59696796,3.34848323,3.36666504,3300.00159142
2016-10-19,EGX:EGAL,3.36666504,3.36666504,3.0969682,3.36666504,5154.6024858
2016-10-20,EGX:EGAL,3.36666504,3.45454379,3.18181665,3.40302866,5619.90271019
2016-10-23,EGX:EGAL,3.40302866,3.4848468,3.39393776,3.40302866,1280.40061747
2016-10-24,EGX:EGAL,3.40302866,3.51211952,3.40302866,3.40302866,1369.50066044
2016-10-25,EGX:EGAL,3.40302866,3.57272555,3.39393776,3.40302866,2475.00119357
2016-10-26,EGX:EGAL,3.40302866,3.57575585,3.40302866,3.56060434,13365.00644525
2016-10-27,EGX:EGAL,3.56060434,3.71211942,3.42424077,3.63333158,21143.11019623
2016-10-30,EGX:EGAL,3.63333158,3.78787696,3.63333158,3.72121033,29663.71430528
2016-10-31,EGX:EGAL,3.72121033,3.75757395,3.55454374,3.6757558,17067.60823083
2016-11-01,EGX:EGAL,3.6757558,3.6757558,3.33333173,3.34545293,14718.00709774
2016-11-02,EGX:EGAL,3.34545293,3.34545293,3.34545293,3.34545293,0.0
2016-11-03,EGX:EGAL,3.34545293,3.6666649,3.34242263,3.64545279,5478.00264176
2016-11-06,EGX:EGAL,3.64545279,3.64545279,3.34242263,3.4696953,11451.00552223
2016-11-07,EGX:EGAL,3.4696953,3.4696953,3.33333173,3.36969534,20087.10968698
2016-11-08,EGX:EGAL,3.36969534,3.4696953,3.36969534,3.43030138,4461.6021516
2016-11-09,EGX:EGAL,3.43030138,3.54545284,3.43030138,3.53333163,19140.00923024
2016-11-10,EGX:EGAL,3.53333163,3.78787696,3.53333163,3.6727255,44896.52165128
2016-11-13,EGX:EGAL,3.6727255,3.81817998,3.63939218,3.74545274,11880.00572912
2016-11-14,EGX:EGAL,3.74545274,3.74545274,3.56060434,3.60302857,3620.10174579
2016-11-15,EGX:EGAL,3.60302857,3.81514968,3.60302857,3.70605882,48239.42326339
2016-11-16,EGX:EGAL,3.70605882,3.78484666,3.64545279,3.71514972,8180.70394513
2016-11-17,EGX:EGAL,3.71514972,3.84545269,3.71514972,3.79393756,22522.51086145
2016-11-20,EGX:EGAL,3.79393756,4.07575561,3.79393756,3.93636174,41603.12006304
2016-11-21,EGX:EGAL,3.93636174,4.11514953,3.93636174,4.00302837,21605.11041903
2016-11-22,EGX:EGAL,4.00302837,4.22424039,4.00302837,4.15454345,18480.00891196
2016-11-23,EGX:EGAL,4.15454345,4.41817969,4.15454345,4.31514943,69375.93345644
2016-11-24,EGX:EGAL,4.31514943,4.39393727,4.2484828,4.26666461,30660.31478589
2016-11-27,EGX:EGAL,4.26666461,4.26666461,4.07575561,4.10302832,17107.20824993
2016-11-28,EGX:EGAL,4.10302832,4.10302832,3.97575566,4.0545435,6689.10322581
2016-11-29,EGX:EGAL,4.0545435,4.09090712,3.96060415,4.06666471,55393.82671359
2016-11-30,EGX:EGAL,4.06666471,4.2424222,4.06666471,4.22424039,19123.50922228
2016-12-01,EGX:EGAL,4.22424039,4.23939189,4.19090707,4.21817978,8962.8043223
2016-12-04,EGX:EGAL,4.21817978,4.23939189,4.18181617,4.21817978,5408.70260834
2016-12-05,EGX:EGAL,4.21817978,4.21817978,4.12121013,4.14242224,35399.11707117
2016-12-06,EGX:EGAL,4.14242224,4.14242224,4.09090712,4.09090712,10725.00517212
2016-12-07,EGX:EGAL,4.09090712,4.17575556,3.98484656,4.03030109,9837.30474403
2016-12-08,EGX:EGAL,4.03030109,4.15151315,4.00302837,4.04545259,36834.61776344
2016-12-12,EGX:EGAL,4.04545259,4.04545259,4.01514958,4.03030109,14850.00716139
2016-12-13,EGX:EGAL,4.03030109,4.18181617,3.99999807,4.0636344,5214.00251445
2016-12-14,EGX:EGAL,4.0636344,4.0636344,3.96969506,3.98484656,3300.00159142
2016-12-15,EGX:EGAL,3.98484656,3.98484656,3.6666649,3.8666648,11460.905527
2016-12-18,EGX:EGAL,3.8666648,3.93939204,3.8666648,3.88181631,6438.30310486
2016-12-19,EGX:EGAL,3.88181631,4.14848285,3.88181631,3.99090717,6029.10290753
2016-12-20,EGX:EGAL,3.99090717,4.14848285,3.99090717,4.14545255,2970.00143228
2016-12-21,EGX:EGAL,4.14545255,4.19696767,4.03030109,4.13333134,10896.60525487
2016-12-22,EGX:EGAL,4.13333134,4.13333134,4.03333139,4.06666471,8167.50393877
2016-12-25,EGX:EGAL,4.06666471,4.06666471,3.92424053,4.06666471,2343.00112991
2016-12-26,EGX:EGAL,4.06666471,4.06666471,3.95454355,4.06666471,1485.00071614
2016-12-27,EGX:EGAL,4.06666471,4.06666471,4.06666471,4.06666471,0.0
2016-12-28,EGX:EGAL,4.06666471,4.22424039,4.0484829,4.16666466,2475.00119357
2016-12-29,EGX:EGAL,4.16666466,4.23939189,4.11514953,4.16060405,17061.00822765
2017-01-02,EGX:EGAL,4.16060405,4.16060405,4.16060405,4.16060405,0.0
2017-01-03,EGX:EGAL,4.16060405,4.16060405,4.09090712,4.16060405,1650.00079571
2017-01-04,EGX:EGAL,4.16060405,4.16060405,4.16060405,4.16060405,0.0
2017-01-05,EGX:EGAL,4.16060405,4.2424222,4.16060405,4.2424222,4620.00222799
2017-01-08,EGX:EGAL,4.2424222,4.2424222,4.21211918,4.2424222,1485.00071614
2017-01-09,EGX:EGAL,4.2424222,4.2424222,4.15151315,4.2424222,2310.00111399
2017-01-10,EGX:EGAL,4.2424222,4.2424222,4.12121013,4.2424222,1155.000557
2017-01-11,EGX:EGAL,4.2424222,4.2424222,4.03030109,4.03030109,4329.60208794
2017-01-12,EGX:EGAL,4.03030109,4.2424222,4.01514958,4.06969501,17945.40865415
2017-01-15,EGX:EGAL,4.06969501,4.09090712,4.02424048,4.04545259,17387.7083852
2017-01-16,EGX:EGAL,4.04545259,4.04545259,4.03333139,4.03333139,6781.50327037
2017-01-17,EGX:EGAL,4.03333139,4.22727069,4.03333139,4.22121009,5725.50276112
2017-01-18,EGX:EGAL,4.22121009,4.27272521,4.15757375,4.23030099,18562.50895174
2017-01-19,EGX:EGAL,4.23030099,4.23030099,4.03030109,4.04242229,12540.0060474
2017-01-22,EGX:EGAL,4.04242229,4.13636164,3.91211933,4.07878591,14025.00676354
2017-01-23,EGX:EGAL,4.07878591,4.09090712,4.07878591,4.09090712,9900.00477426
2017-01-24,EGX:EGAL,4.09090712,4.22727069,4.09090712,4.09090712,825.00039786
2017-01-26,EGX:EGAL,4.09090712,4.36969486,4.09090712,4.23333129,14543.10701339
2017-01-29,EGX:EGAL,4.23333129,4.39393727,4.23333129,4.38181607,11550.00556997
2017-01-30,EGX:EGAL,4.38181607,4.81817949,4.38181607,4.80908859,149783.772233
2017-01-31,EGX:EGAL,4.80908859,5.28787654,4.80908859,5.28787654,150087.37237942
2017-02-01,EGX:EGAL,5.28787654,5.81514901,5.28787654,5.7848457,112912.85445206
2017-02-02,EGX:EGAL,5.7848457,5.96969439,5.66969393,5.8030275,1765.50085141
2017-02-05,EGX:EGAL,5.8030275,5.8030275,5.28787654,5.32727016,63247.83050117
2017-02-06,EGX:EGAL,5.32727016,5.45454282,5.29696714,5.33030046,13150.50634181
2017-02-07,EGX:EGAL,5.33030046,5.34848227,4.99999759,5.18484629,36465.0175852
2017-02-08,EGX:EGAL,5.18484629,5.6060579,4.97575518,5.08181573,69768.63364582
2017-02-09,EGX:EGAL,5.08181573,5.13636146,5.00302789,5.0303006,8441.40407085
2017-02-12,EGX:EGAL,5.0303006,5.0303006,4.71211894,4.94848246,7639.50368414
2017-02-13,EGX:EGAL,4.94848246,4.99696729,4.54545235,4.81514919,27937.81347297
2017-02-14,EGX:EGAL,4.81514919,4.90605854,4.35454335,4.6333311,44952.62167834
2017-02-15,EGX:EGAL,4.6333311,4.6333311,4.36363426,4.41817969,64000.23086402
2017-02-16,EGX:EGAL,4.41817969,4.85757372,4.41817969,4.85151281,32280.61556728
2017-02-19,EGX:EGAL,4.85151281,5.29999744,4.85151281,5.20302779,13233.0063816
2017-02-20,EGX:EGAL,5.20302779,5.25454292,4.90908884,5.07272483,5794.80279454
2017-02-21,EGX:EGAL,5.07272483,5.07272483,4.73333105,5.07272483,742.50035807
2017-02-22,EGX:EGAL,5.07272483,5.08484634,4.69393713,4.92120975,3715.80179194
2017-02-23,EGX:EGAL,4.92120975,4.92120975,4.69696743,4.8242401,14520.00700225
2017-02-26,EGX:EGAL,4.8242401,4.91817945,4.77272497,4.81514919,33326.71607176
2017-02-27,EGX:EGAL,4.81514919,5.29393654,4.81514919,5.12120965,35326.51703616
2017-02-28,EGX:EGAL,5.12120965,5.30302775,4.92120975,5.10908875,28050.01352708
2017-03-01,EGX:EGAL,5.10908875,5.61817941,5.10908875,5.49090675,143127.66902311
2017-03-02,EGX:EGAL,5.49090675,6.03939103,5.49090675,5.96666409,152687.77363346
2017-03-05,EGX:EGAL,5.96666409,6.3666636,5.93939108,6.27272455,74662.5360059
2017-03-06,EGX:EGAL,6.27272455,6.27272455,5.93939108,6.09393676,68204.43289149
2017-03-07,EGX:EGAL,6.09393676,6.28181515,5.95454258,6.08484555,23707.21143277
2017-03-08,EGX:EGAL,6.08484555,6.08484555,5.75757298,5.89090655,13279.20640388
2017-03-09,EGX:EGAL,5.89090655,6.06060314,5.82423931,5.99393681,20103.60969494
2017-03-12,EGX:EGAL,5.99393681,5.99393681,5.81817932,5.82423931,9840.60474562
2017-03-13,EGX:EGAL,5.82423931,6.40605721,5.82423931,6.31211817,178081.28587944
2017-03-14,EGX:EGAL,6.31211817,7.62423875,6.31211817,7.43939005,399055.99244417
2017-03-15,EGX:EGAL,7.43939005,8.99999596,7.43939005,8.79696576,316866.15280824
2017-03-16,EGX:EGAL,8.79696576,9.67575291,8.79696576,9.61817718,159772.87705024
2017-03-19,EGX:EGAL,9.61817718,10.57878278,9.61817718,10.57878278,75923.13661382
2017-03-20,EGX:EGAL,10.57878278,11.63635863,10.30302533,11.24241821,401012.89338788
2017-03-21,EGX:EGAL,11.24241821,11.24241821,10.11817664,10.34241956,173002.58343024
2017-03-22,EGX:EGAL,10.34241956,10.75757057,9.59090447,10.242419,168950.18147598
2017-03-23,EGX:EGAL,10.24333836,11.10333912,9.55667136,10.12667131,197132.90317637
2017-03-26,EGX:EGAL,10.12667131,11.13667214,10.12667131,10.99000573,216017.89390084
2017-03-27,EGX:EGAL,10.99000573,12.06333893,10.99000573,11.35333924,145250.92865868
2017-03-28,EGX:EGAL,11.35333924,12.48667247,10.90000569,12.16667264,506363.75129482
2017-03-29,EGX:EGAL,12.16667264,12.95000569,12.16667264,12.47333879,125723.93824954
2017-03-30,EGX:EGAL,12.47333879,12.66667289,11.6666724,12.02333924,247169.87860026
2017-04-02,EGX:EGAL,12.02333924,12.02333924,11.3333389,11.60667237,78998.96119894
2017-04-03,EGX:EGAL,11.60667237,12.00000589,11.22000551,11.63667238,150494.92608304
2017-04-04,EGX:EGAL,11.63667238,11.99667323,11.35000524,11.54333934,130271.93601575
2017-04-05,EGX:EGAL,11.54333934,12.33333939,11.44333962,11.96333888,242756.88076774
2017-04-06,EGX:EGAL,11.96333888,12.97667304,11.96333888,12.42333944,263339.87065822
2017-04-09,EGX:EGAL,12.42333944,12.60000586,11.90000618,12.24333935,178169.91249022
2017-04-10,EGX:EGAL,12.24333935,12.33333939,11.90333885,12.15333897,118433.94183009
2017-04-11,EGX:EGAL,12.15333897,12.33333939,11.68333874,11.97667255,86705.95741358
2017-04-12,EGX:EGAL,11.97667255,12.00333856,11.33667157,11.79333946,228092.88797009
2017-04-13,EGX:EGAL,11.79333946,12.03667291,11.54000533,11.86333916,49601.97563754
2017-04-18,EGX:EGAL,11.86333916,12.24333935,11.77000611,12.05000659,25904.98727653
2017-04-19,EGX:EGAL,12.05000659,12.06667293,11.58667169,11.77333912,20960.98970482
2017-04-20,EGX:EGAL,11.77333912,11.92667219,11.17000482,11.57333935,237296.88344947
2017-04-23,EGX:EGAL,11.57333935,11.57333935,11.03333809,11.21333851,38294.98119107
2017-04-24,EGX:EGAL,11.21333851,11.3333389,10.63333856,10.94667204,164318.91929326
2017-04-26,EGX:EGAL,10.94667204,11.13667214,10.80333864,10.98000506,86120.9577009
2017-04-27,EGX:EGAL,10.98000506,11.00667207,10.80000597,10.91333936,43856.97845924
2017-04-30,EGX:EGAL,10.91333936,11.30667155,10.34333875,10.90667236,112343.94482125
2017-05-02,EGX:EGAL,10.90667236,11.79667213,10.90667236,11.4066726,509303.74985081
2017-05-03,EGX:EGAL,11.4066726,11.4066726,10.56667219,10.75667195,191519.90593325
2017-05-04,EGX:EGAL,10.75667195,11.83000648,10.75667195,11.52667299,427904.78983065
2017-05-07,EGX:EGAL,11.52667299,12.67667256,11.52667299,12.64667254,334316.83579723
2017-05-08,EGX:EGAL,12.64667254,13.50000663,12.03333858,12.53333882,120254.94093569
2017-05-09,EGX:EGAL,12.53333882,12.60000586,12.01667224,12.36333941,82148.95965179
2017-05-10,EGX:EGAL,12.36333941,12.36333941,11.51667199,11.76333944,147680.92746516
2017-05-11,EGX:EGAL,11.76333944,11.91333985,11.58667169,11.73000543,130205.93604817
2017-05-14,EGX:EGAL,11.73000543,11.73000543,11.42000494,11.59333869,52466.97423037
2017-05-15,EGX:EGAL,11.59333869,12.33333939,11.52667299,12.00000589,197984.90275791
2017-05-16,EGX:EGAL,12.00000589,12.00000589,11.41667227,11.56000568,98534.95160366
2017-05-17,EGX:EGAL,11.56000568,11.98333955,11.3333389,11.4766723,81983.95973283
2017-05-18,EGX:EGAL,11.4766723,11.50000565,11.04000509,11.23667185,136490.93296123
2017-05-21,EGX:EGAL,11.23667185,12.36000674,11.23667185,12.35667274,288317.85839005
2017-05-22,EGX:EGAL,12.35667274,12.65000655,11.60000536,12.03333858,290792.85717443
2017-05-23,EGX:EGAL,12.03333858,12.40000642,11.9500052,12.18333898,119249.9414293
2017-05-24,EGX:EGAL,12.18333898,12.2900057,11.50333832,11.76000544,145688.92844355
2017-05-25,EGX:EGAL,11.76000544,12.08333927,11.67000507,11.86000649,70922.96516554
2017-05-28,EGX:EGAL,11.86000649,11.96667321,11.6666724,11.78667279,86621.95745483
2017-05-29,EGX:EGAL,11.78667279,11.96000621,11.6666724,11.71333875,32504.98403488
2017-05-30,EGX:EGAL,11.71333875,11.82333947,11.3333389,11.53000566,31625.98446661
2017-05-31,EGX:EGAL,11.53000566,11.6666724,11.34333857,11.51000532,45041.97787722
2017-06-01,EGX:EGAL,11.51000532,11.75000577,11.41667227,11.60000536,59852.97060267
2017-06-04,EGX:EGAL,11.60000536,12.33333939,11.58333902,12.00667256,81449.95999511
2017-06-05,EGX:EGAL,12.00667256,12.1466723,11.73333943,11.87000616,33314.98363704
2017-06-06,EGX:EGAL,11.87000616,11.91667252,11.6666724,11.71000608,29399.98555993
2017-06-07,EGX:EGAL,11.71000608,11.97667255,11.68667274,11.76667211,42752.97900148
2017-06-08,EGX:EGAL,11.76667211,11.90000618,11.6666724,11.68667274,59228.97090915
2017-06-11,EGX:EGAL,11.68667274,12.1466723,11.68667274,11.97333855,106640.94762232
2017-06-12,EGX:EGAL,11.97333855,12.16667264,11.83333915,11.96000621,59381.970834
2017-06-13,EGX:EGAL,11.96000621,11.96000621,11.56667268,11.69667241,75404.96296416
2017-06-14,EGX:EGAL,11.69667241,11.69667241,11.50667232,11.61000637,30068.98523134
2017-06-15,EGX:EGAL,11.61000637,11.83333915,11.49333898,11.58000635,41609.97956288
2017-06-18,EGX:EGAL,11.58000635,12.73667259,11.58000635,12.55000683,494621.75706201
2017-06-19,EGX:EGAL,12.55000683,12.96333937,12.33333939,12.56667317,139676.9313964
2017-06-20,EGX:EGAL,12.56667317,12.73000592,12.20000533,12.42000543,55499.97274068
2017-06-21,EGX:EGAL,12.42000543,12.42000543,12.04333958,12.13333996,56426.97228538
2017-06-22,EGX:EGAL,12.13333996,12.42667244,12.02667324,12.15333897,69584.96582271
2017-06-28,EGX:EGAL,12.15333897,12.38000575,12.09000594,12.25000602,37514.98157417
2017-07-02,EGX:EGAL,12.25000602,12.41667277,12.16667264,12.31333905,84941.95827998
2017-07-03,EGX:EGAL,12.31333905,13.54334032,12.30000671,13.29667286,421331.79305904
2017-07-04,EGX:EGAL,13.29667286,14.62334018,13.29667286,14.62334018,517184.74597999
2017-07-05,EGX:EGAL,14.62334018,17.69000869,14.62334018,17.23334213,728822.6420321
2017-07-06,EGX:EGAL,17.23334213,18.95667564,17.23334213,18.66334317,223574.89018915
2017-07-09,EGX:EGAL,18.66334317,20.86334358,18.66334317,20.11334321,148613.92700691
2017-07-10,EGX:EGAL,20.11334321,22.1233452,20.11334321,21.97667746,263624.87051824
2017-07-11,EGX:EGAL,21.97667746,23.0000113,20.66667682,21.55667659,118514.9417903
2017-07-12,EGX:EGAL,21.55667659,22.6666778,20.84334324,21.71000966,176516.91330211
2017-07-13,EGX:EGAL,21.71000966,21.71000966,19.84334275,20.24334328,241124.88156931
2017-07-16,EGX:EGAL,20.24334328,20.66667682,19.70000901,20.20334359,57440.97178734
2017-07-17,EGX:EGAL,20.20334359,20.66667682,19.33334283,19.73667603,73994.9636567
2017-07-18,EGX:EGAL,19.73667603,20.03334251,18.66667583,19.19334343,145232.92866752
2017-07-19,EGX:EGAL,19.19334343,21.11001104,19.19334343,20.4866764,251096.87667148
2017-07-20,EGX:EGAL,20.4866764,22.48334338,20.4866764,21.49334489,172967.91504523
2017-07-24,EGX:EGAL,21.49334489,21.93334511,21.16667706,21.55334525,89348.95611544
2017-07-25,EGX:EGAL,21.55334525,21.66001164,20.67000949,21.20334408,102431.94968961
2017-07-26,EGX:EGAL,21.20334408,23.32334512,21.20334408,22.62667678,328892.83846128
2017-07-27,EGX:EGAL,22.62667678,24.33334528,22.22334358,23.1466787,206114.89876478
2017-07-30,EGX:EGAL,23.1466787,24.66667878,23.0000113,23.90001074,202424.90057716
2017-07-31,EGX:EGAL,23.90001074,24.66667878,22.7366775,23.78001035,362054.82217347
2017-08-01,EGX:EGAL,23.78001035,26.15667985,23.78001035,25.47667918,286664.85920194
2017-08-02,EGX:EGAL,25.47667918,28.0233471,25.47667918,27.53334619,183950.90965083
2017-08-03,EGX:EGAL,27.53334619,31.86668165,27.53334619,30.50001498,272192.86630999
2017-08-06,EGX:EGAL,30.50001498,30.50001498,28.67334642,29.33001374,112901.94454718
2017-08-07,EGX:EGAL,29.33001374,30.33001423,27.67001426,29.15001332,99395.95118077
2017-08-08,EGX:EGAL,29.15001332,30.33001423,28.8333475,29.50334849,88325.9566179
2017-08-09,EGX:EGAL,29.50334849,32.31334987,28.68668009,30.71001408,371591.81748928
2017-08-10,EGX:EGAL,30.71001408,33.00001621,30.71001408,32.01334939,259781.87240576
2017-08-13,EGX:EGAL,32.01334939,34.4000169,31.00001523,32.93335051,402086.80251139
2017-08-14,EGX:EGAL,32.93335051,34.61668367,31.88334966,33.20668398,287510.85878642
2017-08-15,EGX:EGAL,33.20668398,33.8000166,30.00001473,31.21668267,415175.79608261
2017-08-16,EGX:EGAL,31.21668267,31.6300152,29.00001424,29.99668073,282509.8612427
2017-08-17,EGX:EGAL,29.99668073,30.57668268,29.00001424,29.55668052,260696.87195635
2017-08-20,EGX:EGAL,29.55668052,30.00001473,27.66668026,28.63334806,133940.93421369
2017-08-21,EGX:EGAL,28.63334806,28.63334806,27.33334676,27.89334703,215822.89399661
2017-08-22,EGX:EGAL,27.89334703,28.60001505,26.67667944,27.9566814,196664.90340624
2017-08-23,EGX:EGAL,27.9566814,30.7500151,27.9566814,30.22001618,552245.72875947
2017-08-24,EGX:EGAL,30.22001618,33.24001666,30.22001618,33.1933503,238124.88304279
2017-08-27,EGX:EGAL,33.1933503,38.33001883,33.1933503,35.62335083,721511.64562296
2017-08-28,EGX:EGAL,35.62335083,36.00001768,32.06334975,33.26335,519692.74474816
2017-08-29,EGX:EGAL,33.26335,33.26335,30.70334875,31.61334753,354101.82607965
2017-08-30,EGX:EGAL,31.61334753,33.33334971,31.61334753,32.87335048,288446.85832669
2017-09-05,EGX:EGAL,32.87335048,34.0000167,32.70334973,33.21001531,215633.89408944
2017-09-06,EGX:EGAL,33.21001531,33.21001531,31.7000149,32.31001587,211337.89619946
2017-09-07,EGX:EGAL,32.31001587,32.66668271,31.53668249,31.95001503,162107.92037921
2017-09-10,EGX:EGAL,31.95001503,33.10001726,31.52001481,32.18335014,148409.92710711
2017-09-11,EGX:EGAL,32.30668187,33.6666832,32.02001506,33.05668224,266825.86894604
2017-09-12,EGX:EGAL,33.05668224,36.36001786,33.05668224,35.64668417,389609.80863958
2017-09-13,EGX:EGAL,35.64668417,39.21001926,35.64668417,38.42668554,780569.6166161
2017-09-14,EGX:EGAL,38.42668554,38.97668581,37.00001817,37.76668522,294644.85528249
2017-09-17,EGX:EGAL,37.76668522,40.00001965,36.9833515,38.41001887,356990.8246607
2017-09-18,EGX:EGAL,38.41001887,39.33335265,38.03668535,38.59001895,284531.86024958
2017-09-19,EGX:EGAL,38.59001895,41.50002038,38.59001895,40.15335306,521519.74385081
2017-09-20,EGX:EGAL,40.15335306,44.16668836,40.15335306,43.12335451,524042.74261162
2017-09-24,EGX:EGAL,43.12335451,48.66669057,43.12335451,46.33668609,593993.70825456
2017-09-25,EGX:EGAL,46.33668609,46.33668609,44.30001843,45.06335547,350018.82808505
2017-09-26,EGX:EGAL,45.06335547,48.00002358,45.0000221,46.12002265,285017.86001087
2017-09-27,EGX:EGAL,46.12002265,46.12002265,41.70668715,43.41335799,595073.70772411
2017-09-28,EGX:EGAL,43.41335799,43.41335799,40.70335333,41.67668714,414611.79635963
2017-10-01,EGX:EGAL,41.67668714,44.33335511,41.67668714,43.44668801,329645.83809144
2017-10-02,EGX:EGAL,43.44668801,46.66668959,43.44668801,45.34002227,654680.6784476
2017-10-03,EGX:EGAL,45.34002227,48.60002387,44.87002204,46.67001959,839912.58746926
2017-10-04,EGX:EGAL,46.67001959,53.33335953,46.67001959,50.7566916,902165.55689315
2017-10-08,EGX:EGAL,50.7566916,54.1500266,50.66669155,52.03669222,563867.72305122
2017-10-09,EGX:EGAL,52.03669222,52.63002585,49.00002407,50.54002482,398306.80436797
2017-10-10,EGX:EGAL,50.54002482,50.54002482,48.70002725,49.28669087,205061.89928197
2017-10-11,EGX:EGAL,49.28669087,51.00002505,48.68002058,49.87335783,317789.84391462
2017-10-12,EGX:EGAL,49.87335783,49.87335783,47.66669008,48.55669052,242750.88077069
2017-10-15,EGX:EGAL,48.55669052,51.33335855,48.55669052,49.91336118,551444.72915288
2017-10-16,EGX:EGAL,49.91336118,50.216688,46.83668634,47.92669021,404777.80118969
2017-10-17,EGX:EGAL,47.92669021,48.00002358,46.04335595,46.68335626,294065.85556687
2017-10-18,EGX:EGAL,46.68335626,48.00002358,42.36668748,44.93668874,623189.69391469
2017-10-19,EGX:EGAL,44.93668874,44.93668874,40.4433532,41.06002017,1121543.44914369
2017-10-22,EGX:EGAL,41.06002017,45.16335885,40.33335314,43.60002141,1357631.33318697
2017-10-23,EGX:EGAL,43.60002141,45.96002257,43.60002141,45.03668879,652643.67944809
2017-10-24,EGX:EGAL,45.03668879,45.03668879,40.56668659,42.09335401,692714.65976687
2017-10-25,EGX:EGAL,42.09335401,43.50002137,40.00001965,41.60002043,1466120.27990163
2017-10-26,EGX:EGAL,41.60002043,43.66335811,41.20002024,42.12668736,490859.75890975
2017-10-29,EGX:EGAL,42.12668736,44.00002161,42.12668736,43.13002118,659471.67609446
2017-10-30,EGX:EGAL,43.13002118,44.10002166,42.53668756,43.49002136,701375.65551294
2017-10-31,EGX:EGAL,43.49002136,43.83335486,41.85002056,42.6833543,465929.77115434
2017-11-01,EGX:EGAL,42.6833543,42.9600211,41.40335367,41.90668725,211013.8963586
2017-11-02,EGX:EGAL,41.90668725,43.96002159,41.66668713,43.20335455,715898.64837984
2017-11-05,EGX:EGAL,43.20335455,44.33002511,42.33335413,43.38668798,374648.81598781
2017-11-06,EGX:EGAL,43.38668798,43.38668798,41.04002016,42.14668737,194138.9046469
2017-11-07,EGX:EGAL,42.14668737,42.14668737,40.1000197,40.96668679,350798.82770195
2017-11-08,EGX:EGAL,40.96668679,41.82335388,40.33668648,40.90002009,339371.83331442
2017-11-09,EGX:EGAL,40.90002009,41.3300203,38.00001866,39.44335271,581474.71440338
2017-11-12,EGX:EGAL,39.44335271,39.49668607,36.16668443,37.24668496,825905.59434892
2017-11-13,EGX:EGAL,37.24668496,38.50001891,36.66668468,37.84668526,516728.74620396
2017-11-14,EGX:EGAL,37.84668526,39.00001916,37.0500182,37.89335194,552677.72854728
2017-11-15,EGX:EGAL,37.89335194,37.99668533,36.40335121,37.09335155,360167.82310028
2017-11-16,EGX:EGAL,37.09335155,37.09335155,35.66668418,36.1733511,214343.89472304
2017-11-19,EGX:EGAL,36.1733511,36.1733511,33.70334989,34.65668369,260819.87189594
2017-11-20,EGX:EGAL,34.65668369,34.92335049,33.50001645,34.15001677,412544.79737485
2017-11-21,EGX:EGAL,34.15001677,35.16668394,34.15001677,34.59335032,293615.85578789
2017-11-22,EGX:EGAL,34.59335032,36.33335118,34.42001691,35.59335082,320615.8425266
2017-11-23,EGX:EGAL,35.59335082,36.7933514,35.59335082,36.38001787,239867.8821867
2017-11-26,EGX:EGAL,36.38001787,37.03001819,36.00335102,36.47335125,197081.90320142
2017-11-27,EGX:EGAL,36.47335125,40.12001971,36.47335125,38.70001901,943055.53680966
2017-11-28,EGX:EGAL,38.70001901,42.54668756,38.70001901,41.75002051,610946.69992795
2017-11-29,EGX:EGAL,41.75002051,42.53335422,41.3400203,41.84002055,306173.84961992
2017-12-03,EGX:EGAL,41.84002055,42.66335429,41.54335374,42.10335401,151355.92566015
2017-12-04,EGX:EGAL,42.10335401,42.33335413,40.18001973,40.85002006,236489.88384583
2017-12-05,EGX:EGAL,40.85002006,40.85002006,38.83335241,39.51335274,464417.77189697
2017-12-06,EGX:EGAL,39.51335274,39.51335274,38.00001866,38.31001882,205289.89916999
2017-12-07,EGX:EGAL,38.31001882,38.56335227,37.37001835,37.89001861,104363.94874069
2017-12-10,EGX:EGAL,37.89001861,39.98335297,37.85001859,39.13335255,149732.92645731
2017-12-11,EGX:EGAL,39.13335255,40.86668674,39.05668585,40.18335307,414656.79633753
2017-12-12,EGX:EGAL,40.18335307,41.61668711,39.78335287,40.6533533,370814.81787091
2017-12-13,EGX:EGAL,40.6533533,40.66335331,39.5000194,40.01668632,343430.83132081
2017-12-14,EGX:EGAL,40.01668632,41.00002014,39.67335282,40.40668651,200576.90148482
2017-12-17,EGX:EGAL,40.40668651,41.83335388,40.40668651,41.36668698,320066.84279625
2017-12-18,EGX:EGAL,41.36668698,43.96668493,41.33335363,42.8166877,704486.65398494
2017-12-19,EGX:EGAL,42.8166877,45.0000221,42.8166877,43.95002492,473501.76743528
2017-12-20,EGX:EGAL,43.95002492,44.06668831,41.70002048,42.74002099,339551.83322602
2017-12-21,EGX:EGAL,42.74002099,42.74002099,40.80002004,41.27335361,172190.91542686
2017-12-24,EGX:EGAL,41.27335361,42.66668762,40.66668664,41.8833539,215399.89420437
2017-12-25,EGX:EGAL,41.8833539,44.33002511,41.8833539,43.45668801,514331.74738126
2017-12-26,EGX:EGAL,43.45668801,43.45668801,41.36668698,42.47335419,286508.85927856
2017-12-27,EGX:EGAL,42.47335419,45.0000221,42.47335419,44.3133551,1054343.48214957
2017-12-28,EGX:EGAL,44.3133551,44.88002204,43.33668462,44.0466883,445340.78126681
2017-12-31,EGX:EGAL,44.0466883,44.33335511,43.04002114,43.44668801,275006.86492787
2018-01-02,EGX:EGAL,43.44668801,43.99669161,42.66668762,43.10002117,224456.88975595
2018-01-03,EGX:EGAL,43.10002117,46.66335959,42.69668764,45.09668548,913265.55144128
2018-01-04,EGX:EGAL,45.09668548,47.16668983,45.09668548,46.2866894,719027.646843
2018-01-08,EGX:EGAL,46.2866894,46.66668959,44.41668848,45.6066924,469835.76923587
2018-01-09,EGX:EGAL,45.6066924,45.6066924,43.67335478,44.55668855,334103.83590185
2018-01-10,EGX:EGAL,44.55668855,44.6533586,43.53335805,44.113355,357773.82427612
2018-01-11,EGX:EGAL,44.11335321,46.06668748,44.00002115,45.21335507,437512.28965755
2018-01-14,EGX:EGAL,45.21335507,45.33335513,43.680019,44.34668599,270721.3698455
2018-01-15,EGX:EGAL,44.34668599,44.34668599,41.74668607,42.66668718,724463.65170017
2018-01-16,EGX:EGAL,42.66668718,43.53335626,41.76668808,43.04668736,434224.29123832
2018-01-17,EGX:EGAL,43.04668736,44.1666879,42.33335369,43.52668826,455383.28106573
2018-01-18,EGX:EGAL,43.52668826,44.63335279,43.10669006,43.77335704,180793.41308009
2018-01-21,EGX:EGAL,43.77335704,43.77335704,42.00002019,42.4933551,164051.92112888
2018-01-22,EGX:EGAL,42.4933551,42.66668718,42.01335353,42.28001899,151139.92733657
2018-01-23,EGX:EGAL,42.28001899,43.66668766,42.28001899,42.96668532,136559.93434619
2018-01-24,EGX:EGAL,42.96668532,43.00002067,41.89335347,42.26668832,217853.89526255
2018-01-28,EGX:EGAL,42.26668832,44.06668652,42.26668832,43.55335561,570868.22554412
2018-01-29,EGX:EGAL,43.55335561,46.53335771,43.55335561,45.71335531,1242404.40269019
2018-01-30,EGX:EGAL,45.71335531,48.96668821,45.71335531,47.38002278,1426488.81418807
2018-01-31,EGX:EGAL,47.38002278,47.86669168,45.36669048,46.34002361,498011.76057127
2018-02-01,EGX:EGAL,46.34002361,48.6000247,46.00002212,47.4200208,1147179.94847118
2018-02-04,EGX:EGAL,47.4200208,47.60002422,45.93335675,46.77335849,382456.31612677
2018-02-05,EGX:EGAL,46.77335849,47.40002146,46.02002146,46.56001972,246686.88140054
2018-02-06,EGX:EGAL,46.56001972,46.56001972,43.33335417,44.76668952,264172.37299405
2018-02-07,EGX:EGAL,44.76668952,46.99335459,44.66668814,45.58002391,259958.87501977
2018-02-08,EGX:EGAL,45.58002391,45.58002391,44.00002115,44.4466867,167693.91937792
2018-02-11,EGX:EGAL,44.4466867,45.30001978,42.70002253,43.30668682,97909.45292815
2018-02-12,EGX:EGAL,43.30668682,43.86668976,42.90001929,43.20002277,112481.94592214
2018-02-13,EGX:EGAL,43.20002277,44.00002115,42.07335423,42.89335129,162253.42199355
2018-02-14,EGX:EGAL,42.89335129,43.66668766,42.20001962,43.02668802,91109.95619714
2018-02-15,EGX:EGAL,43.02668802,44.33335465,42.66668718,43.58002295,181093.41293586
2018-02-18,EGX:EGAL,43.58002295,43.58002295,42.06668556,42.74668922,200711.90350389
2018-02-19,EGX:EGAL,42.74668922,43.2666888,42.10002157,42.68001852,287932.36157098
2018-02-20,EGX:EGAL,42.68001852,42.68001852,41.86668613,42.11335225,140236.43257864
2018-02-21,EGX:EGAL,42.11335225,42.66668718,41.33335321,41.9533535,161645.92228561
2018-02-22,EGX:EGAL,41.9533535,42.00002019,40.40001809,40.97335237,355301.82918181
2018-02-25,EGX:EGAL,40.97335237,41.65335336,40.80002028,41.22002115,97223.95325771
2018-02-26,EGX:EGAL,41.22002115,41.91335282,41.14668712,41.56668532,176215.41528105
2018-02-27,EGX:EGAL,41.56668532,42.33335369,41.34001854,41.85335279,194102.90668129
2018-02-28,EGX:EGAL,41.85335279,42.00002019,40.8400183,41.34668654,121958.94136589
2018-03-01,EGX:EGAL,41.34668654,41.63335402,40.40001809,41.0400204,287576.86174189
2018-03-04,EGX:EGAL,41.0400204,41.0400204,38.67335059,39.74668511,231943.38848876
2018-03-05,EGX:EGAL,39.74668511,39.74668511,38.66668526,39.24001953,182483.91226735
2018-03-06,EGX:EGAL,39.24001953,41.16002112,39.24001953,40.05335392,333829.33950513
2018-03-07,EGX:EGAL,40.05335392,40.40001809,39.23335086,39.54668568,163064.9216034
2018-03-08,EGX:EGAL,39.54668568,42.66668718,39.54668568,41.74002073,646999.1889427
2018-03-11,EGX:EGAL,41.74002073,42.80001858,41.74002073,42.300021,185369.91087985
2018-03-12,EGX:EGAL,42.300021,42.76668856,41.56668532,42.18002028,160556.92280917
2018-03-13,EGX:EGAL,42.18002028,42.33335369,40.51335281,41.20668714,116330.94407166
2018-03-14,EGX:EGAL,41.20668714,41.49335462,39.67335107,40.38001941,96236.95373223
2018-03-15,EGX:EGAL,40.38001941,40.66668622,39.76668712,40.05335392,105689.94918752
2018-03-18,EGX:EGAL,40.05335392,41.22002115,39.50001899,39.99335389,112690.4458219
2018-03-19,EGX:EGAL,39.99335389,44.00002115,39.99335389,42.98002133,819016.10624226
2018-03-20,EGX:EGAL,42.98002133,44.83335489,42.6333545,43.92001912,531070.24467777
2018-03-21,EGX:EGAL,43.92001912,44.00002115,42.18002028,42.87335261,148718.92850052
2018-03-22,EGX:EGAL,42.87335261,42.87335261,41.00001971,41.67335204,176672.9150611
2018-03-25,EGX:EGAL,41.67335204,41.67335204,40.00001923,40.92002034,191428.40796711
2018-03-26,EGX:EGAL,40.92002034,42.20001962,39.66668574,40.37335341,294437.85844334
2018-03-27,EGX:EGAL,40.37335341,41.53335263,40.37335341,41.15335312,166327.42003489
2018-03-28,EGX:EGAL,41.15335312,41.33335321,40.20001866,40.61335153,147938.92887551
2018-03-29,EGX:EGAL,40.61335153,41.53335263,40.54002016,40.95335302,164966.92068898
2018-04-01,EGX:EGAL,40.95335302,41.74002073,40.11335129,40.54668616,195803.90586351
2018-04-02,EGX:EGAL,40.54668616,41.86668613,40.33335272,41.08668709,338558.83723133
2018-04-03,EGX:EGAL,41.08668709,42.10002157,40.34001806,41.28668652,426010.29518736
2018-04-04,EGX:EGAL,41.28668652,42.00002019,40.20668666,41.20001914,407999.80384625
2018-04-05,EGX:EGAL,41.20001914,43.00002067,41.20001914,42.46001975,629995.19711769
2018-04-10,EGX:EGAL,42.46001975,43.92001912,42.46001975,43.25335213,735983.64616171
2018-04-11,EGX:EGAL,43.25335213,43.33335417,42.02001954,42.88668862,468584.77471886
2018-04-12,EGX:EGAL,42.88668862,42.88668862,42.01335353,42.38668838,267292.37149405
2018-04-15,EGX:EGAL,42.38668838,42.96002199,42.00002019,42.20001962,97834.45296421
2018-04-16,EGX:EGAL,42.20001962,43.23335279,42.13335426,42.53335312,100057.45189546
2018-04-17,EGX:EGAL,42.53335312,44.00002115,42.53335312,43.62668897,750839.6390194
2018-04-18,EGX:EGAL,43.62668897,44.80001954,43.62668897,44.3066873,1362650.34487964
2018-04-19,EGX:EGAL,44.3066873,47.93335771,44.3066873,46.8666912,2502415.79691548
2018-04-22,EGX:EGAL,46.8666912,48.99335555,46.14002152,46.94002523,621580.20116336
2018-04-23,EGX:EGAL,46.94002523,47.49335483,46.23335423,46.72668646,510619.25450997
2018-04-24,EGX:EGAL,46.72668646,46.72668646,45.42668784,45.94668742,625186.19942971
2018-04-26,EGX:EGAL,45.94668742,46.60002374,45.40668916,45.96668677,238996.38509789
2018-04-29,EGX:EGAL,45.96668677,46.67335711,45.96668677,46.20002421,245359.38203876
2018-04-30,EGX:EGAL,46.20002421,47.66668958,46.13335351,47.09335531,436220.79027847
2018-05-02,EGX:EGAL,47.09335531,50.66669103,47.09335531,49.3000217,1488057.7845876
2018-05-03,EGX:EGAL,49.3000217,51.00002452,49.00669156,49.61335585,477737.77031838
2018-05-06,EGX:EGAL,49.61335585,50.39335489,48.75335477,49.67335855,454783.28135419
2018-05-07,EGX:EGAL,49.67335855,49.80002194,47.74669162,48.53335867,308917.35148204
2018-05-08,EGX:EGAL,48.53335867,48.83335681,47.80002098,48.17335783,174563.91607504
2018-05-09,EGX:EGAL,48.17335783,48.17335783,46.06668748,46.96002391,237863.88564236
2018-05-10,EGX:EGAL,46.96002391,47.60002422,45.90002073,46.62669042,299122.35619117
2018-05-13,EGX:EGAL,46.62669042,47.66002158,45.86669072,46.43335699,167642.91940244
2018-05-14,EGX:EGAL,46.43335699,46.43335699,44.84002289,45.46668653,192218.90758706
2018-05-15,EGX:EGAL,45.46668653,47.30002074,45.46668653,46.60002374,246427.3815253
2018-05-16,EGX:EGAL,46.60002374,47.68002092,46.07335615,47.18668869,248078.88073131
2018-05-17,EGX:EGAL,47.18668869,47.5666882,46.77335849,46.99335459,273947.86829429
2018-05-20,EGX:EGAL,46.99335459,47.33335609,46.54668904,46.8600232,82967.96011156
2018-05-21,EGX:EGAL,46.8600232,49.09335627,46.8600232,48.52002266,417529.29926476
2018-05-22,EGX:EGAL,48.52002266,49.66002254,48.33335657,48.89335417,266864.87169958
2018-05-23,EGX:EGAL,48.89335417,49.26669169,48.04668977,48.48002397,122017.44133777
2018-05-24,EGX:EGAL,48.48002397,49.53335915,48.22668719,48.86669216,254672.87756112
2018-05-27,EGX:EGAL,48.86669216,49.32002571,48.14002248,48.540022,420313.2979263
2018-05-28,EGX:EGAL,48.540022,48.540022,42.86668928,43.34002217,177490.41466807
2018-05-29,EGX:EGAL,43.34002217,44.13335255,43.03335602,43.56001828,224398.39211616
2018-05-30,EGX:EGAL,43.56001828,43.56001828,42.19335429,42.77335656,128003.93845964
2018-05-31,EGX:EGAL,42.77335656,42.77335656,40.66668622,41.78668676,104425.44979546
2018-06-03,EGX:EGAL,41.78668676,42.66668718,41.68668604,42.28001899,55577.97327982
2018-06-04,EGX:EGAL,42.28001899,42.52668778,40.00668457,40.7666876,96004.45384401
2018-06-05,EGX:EGAL,40.7666876,40.7666876,38.73335062,39.57335303,78650.96218704
2018-06-06,EGX:EGAL,39.57335303,40.66668622,37.67335011,39.41335162,105412.44932094
2018-06-07,EGX:EGAL,39.41335162,39.41335162,37.33335128,38.24668439,87908.95773608
2018-06-10,EGX:EGAL,38.24668439,39.98668589,38.24668439,39.23335086,64412.96903223
2018-06-11,EGX:EGAL,39.23335086,40.67335155,38.66668526,39.56668436,200225.90373755
2018-06-12,EGX:EGAL,39.56668436,40.93335435,39.56668436,40.35335207,41032.48027285
2018-06-13,EGX:EGAL,40.35335207,40.35335207,38.4066858,38.84668534,262907.87360198
2018-06-14,EGX:EGAL,38.84668534,38.92668471,37.54001871,37.98668493,111731.94628272
2018-06-19,EGX:EGAL,37.98668493,38.0733523,36.66668429,37.18001788,132292.43639787
2018-06-20,EGX:EGAL,37.18001788,37.33335128,35.74668319,36.34001614,197278.40515461
2018-06-21,EGX:EGAL,36.34001614,37.95335158,36.08001668,37.11334984,150289.42774547
2018-06-24,EGX:EGAL,37.11334984,37.99335293,37.11334984,37.52001737,111445.44642046
2018-06-25,EGX:EGAL,37.52001737,37.56668339,36.20001674,36.82668571,82264.46044978
2018-06-26,EGX:EGAL,36.82668571,36.82668571,35.80001788,36.06001734,98896.45245363
2018-06-27,EGX:EGAL,36.06001734,36.86668372,36.01335065,36.40001617,96949.45338969
2018-06-28,EGX:EGAL,36.40001617,37.32668595,36.40001617,36.86668372,137512.43388825
2018-07-02,EGX:EGAL,36.86668372,37.1533512,36.00001731,36.23334942,84182.95952742
2018-07-03,EGX:EGAL,36.23334942,36.98668445,36.23334942,36.54668424,105403.44932526
2018-07-04,EGX:EGAL,36.54668424,36.66001896,35.94668262,36.08668468,96814.45345459
2018-07-05,EGX:EGAL,36.08668468,36.36668348,35.74668319,36.00668264,79078.46198151
2018-07-08,EGX:EGAL,36.00668264,36.26668544,34.52001593,35.44001704,194701.40639355
2018-07-09,EGX:EGAL,35.44001704,35.62668313,33.99335101,34.64668399,130283.93736349
2018-07-10,EGX:EGAL,34.64668399,35.58668444,34.64668399,34.9400168,46961.97742213
2018-07-11,EGX:EGAL,34.9400168,35.33335032,34.76668471,35.12001688,67222.46768151
2018-07-12,EGX:EGAL,35.12001688,36.00001731,34.69335068,35.4200177,352552.33050369
2018-07-15,EGX:EGAL,35.4200177,36.3333508,35.00001683,35.79334987,265730.87224477
2018-07-16,EGX:EGAL,35.79334987,35.79334987,34.10001773,34.58668396,120253.44218585
2018-07-17,EGX:EGAL,34.58668396,34.84668342,33.00001587,33.78668291,213961.39713394
2018-07-18,EGX:EGAL,33.78668291,34.33334984,33.3466827,33.78668291,58670.9717928
2018-07-19,EGX:EGAL,33.78668291,33.78668291,33.06668123,33.30001668,62032.4701767
2018-07-22,EGX:EGAL,33.30001668,33.53334879,33.00001587,33.26668399,37742.98185434
2018-07-24,EGX:EGAL,33.26668399,33.66668285,32.00668072,32.66001704,88732.45734016
2018-07-25,EGX:EGAL,32.66001704,32.66001704,30.00001442,30.69334876,121201.44173008
2018-07-26,EGX:EGAL,30.69334876,30.79334747,29.33334744,30.40668195,182824.41210365
2018-07-29,EGX:EGAL,30.40668195,30.73334678,29.93334906,30.30668057,88280.95755723
2018-07-30,EGX:EGAL,30.30668057,33.33334936,29.66668093,31.98668204,403499.80600971
2018-07-31,EGX:EGAL,31.98668204,33.46001542,31.98668204,33.10668258,498271.26044651
2018-08-01,EGX:EGAL,33.10668258,33.10668258,32.00001538,32.47334828,152221.42681662
2018-08-02,EGX:EGAL,32.47334828,33.33334936,31.3333484,32.01334872,197912.90484956
2018-08-05,EGX:EGAL,32.01334872,32.01334872,30.00001442,30.7133481,154682.92563321
2018-08-06,EGX:EGAL,30.7133481,30.90668219,30.00001442,30.2266812,108136.44801132
2018-08-07,EGX:EGAL,30.2266812,31.66668189,30.00001442,30.98001556,115706.94437166
2018-08-08,EGX:EGAL,30.98001556,32.00001538,30.73334678,31.4866818,126902.93898897
2018-08-09,EGX:EGAL,31.4866818,31.60001653,30.40668195,30.8466815,128273.93832984
2018-08-12,EGX:EGAL,30.8466815,30.8466815,29.62668024,29.98668108,233234.88786784
2018-08-13,EGX:EGAL,29.98668108,29.98668108,28.40668099,28.96001326,176149.41531278
2018-08-14,EGX:EGAL,28.96001326,29.3266821,27.76668135,28.45334701,83383.4599118
2018-08-15,EGX:EGAL,28.45334701,28.66668045,28.00001346,28.14668087,80359.46136564
2018-08-16,EGX:EGAL,28.14668087,28.80667985,28.00001346,28.24001424,94960.45434594
2018-08-19,EGX:EGAL,28.24001424,28.38001364,28.00001346,28.0733475,22729.48907236
2018-08-26,EGX:EGAL,28.0733475,28.9800146,28.0133468,28.62667976,42896.97937645
2018-08-27,EGX:EGAL,28.62667976,28.66668045,28.00001346,28.27334693,54527.97378463
2018-08-28,EGX:EGAL,28.27334693,30.00001442,28.27334693,29.39334746,140350.43252383
2018-08-29,EGX:EGAL,29.39334746,29.65334759,29.13334801,29.34668078,72842.96497934
2018-08-30,EGX:EGAL,29.34668078,29.52668153,29.00667928,29.30001475,62327.97003463
2018-09-02,EGX:EGAL,29.30001475,29.33334744,28.53334638,28.94001391,58381.47193198
2018-09-03,EGX:EGAL,28.94001391,28.94001391,27.99334813,28.10001484,166009.42018778
2018-09-04,EGX:EGAL,28.10001484,28.66668045,27.66667997,28.04668015,179432.91373418
2018-09-05,EGX:EGAL,28.04668015,28.04668015,27.66667997,27.81334737,35515.48292525
2018-09-06,EGX:EGAL,27.81334737,28.00001346,27.80001403,27.8733474,33160.48405746
2018-09-09,EGX:EGAL,27.8733474,28.3533463,27.52668057,27.71334666,71668.46554401
2018-09-10,EGX:EGAL,27.71334666,27.71334666,26.53334542,27.04667967,119869.44237046
2018-09-13,EGX:EGAL,26.22667928,26.52668009,25.07334605,25.45334557,240923.88417121
2018-09-16,EGX:EGAL,25.45334557,25.65334567,23.70001073,24.67334386,394736.81022269
2018-09-17,EGX:EGAL,24.67334386,26.0000125,24.00001154,25.26001148,278737.36599165
2018-09-18,EGX:EGAL,25.26001148,26.18667859,24.66667853,25.59334497,394472.81034961
2018-09-19,EGX:EGAL,25.59334497,25.59334497,23.67334338,24.08667891,214559.8968462
2018-09-20,EGX:EGAL,24.08667891,24.64667918,21.68001042,22.66667756,341693.83572412
2018-09-23,EGX:EGAL,22.66667756,23.33334455,22.03334326,22.58667819,287549.86175487
2018-09-24,EGX:EGAL,22.58667819,22.96001037,21.70667777,22.14000998,440024.78844962
2018-09-25,EGX:EGAL,22.14000998,23.18001114,21.87334452,22.68667691,742166.64318911
2018-09-26,EGX:EGAL,22.68667691,23.7800101,22.68667691,23.45334461,701857.16256867
2018-09-27,EGX:EGAL,23.45334461,23.73334341,23.00001106,23.38667924,215774.89626207
2018-09-30,EGX:EGAL,23.38667924,23.86667747,23.1666778,23.47334395,139211.93307119
2018-10-01,EGX:EGAL,23.47334395,23.47334395,22.5333435,22.80667696,161530.42234114
2018-10-02,EGX:EGAL,22.80667696,23.24667718,22.6000122,22.880011,145219.43018297
2018-10-03,EGX:EGAL,22.880011,23.51334464,22.66667756,23.13334512,171205.4176897
2018-10-04,EGX:EGAL,23.13334512,23.33334455,22.82001097,23.00667639,150535.4276272
2018-10-08,EGX:EGAL,23.00667639,23.13334512,21.9000092,22.37334476,190970.90818706
2018-10-09,EGX:EGAL,22.37334476,23.00001106,22.04667727,22.47334347,390725.81215105
2018-10-10,EGX:EGAL,22.47334347,23.73334341,22.43334545,23.0266784,338774.83712748
2018-10-11,EGX:EGAL,23.0266784,24.78667858,22.46667813,23.80001211,619456.20218452
2018-10-14,EGX:EGAL,23.80001211,25.53334494,23.80001211,25.22667879,458224.27969987
2018-10-15,EGX:EGAL,25.22667879,26.12001256,24.36667771,25.3733462,404647.30545803
2018-10-16,EGX:EGAL,25.3733462,25.66667901,24.90667931,25.22667879,240514.38436808
2018-10-17,EGX:EGAL,25.22667879,25.66667901,24.64667918,25.02667937,267020.87162458
2018-10-18,EGX:EGAL,25.02667937,25.02667937,24.34667837,24.61334383,106303.44889257
2018-10-21,EGX:EGAL,24.61334383,25.65334567,24.4666791,25.1733441,246373.38155126
2018-10-22,EGX:EGAL,25.1733441,25.55334695,25.0333447,25.28001082,139121.93311446
2018-10-23,EGX:EGAL,25.28001082,25.48001292,24.14667894,24.68001187,298603.35644069
2018-10-24,EGX:EGAL,24.68001187,24.86001262,23.2200125,23.93334617,355859.82891354
2018-10-25,EGX:EGAL,23.93334617,23.93334617,22.58667819,22.92667702,441215.78787703
2018-10-28,EGX:EGAL,22.92667702,23.85334413,22.92667702,23.34667789,229052.88987842
2018-10-29,EGX:EGAL,23.34667789,23.54667799,22.94001103,23.26001052,494792.76211886
2018-10-30,EGX:EGAL,23.26001052,24.26667967,23.26001052,23.88667948,553256.73401119
2018-10-31,EGX:EGAL,23.88667948,24.42001241,23.56667666,23.95334485,250117.37975126
2018-11-01,EGX:EGAL,23.95334485,24.53334446,23.84001013,24.22001298,186367.41040028
2018-11-04,EGX:EGAL,24.22001298,24.66667853,24.20001097,24.38667972,158552.92377263
2018-11-05,EGX:EGAL,24.38667972,24.44001175,23.76667943,23.9800122,360457.32670321
2018-11-06,EGX:EGAL,23.9800122,23.9800122,21.67334242,22.35334341,397085.80909336
2018-11-07,EGX:EGAL,22.35334341,22.66667756,22.33334407,22.38667876,332542.34012387
2018-11-08,EGX:EGAL,22.38667876,23.66667804,22.33334407,22.90667835,494753.76213761
2018-11-11,EGX:EGAL,22.90667835,23.66667804,22.78000962,23.24667718,147340.42916326
2018-11-12,EGX:EGAL,23.24667718,23.57334533,23.23334317,23.3600119,142702.43139306
2018-11-13,EGX:EGAL,23.3600119,23.40000992,22.70667825,23.03334374,162719.92176927
2018-11-14,EGX:EGAL,23.03334374,23.33334455,22.80667696,23.08001043,146416.42960749
2018-11-15,EGX:EGAL,23.08001043,23.32667921,23.00001106,23.06001109,75907.46350603
2018-11-18,EGX:EGAL,23.06001109,23.42001193,23.00001106,23.20001049,372101.82110489
2018-11-19,EGX:EGAL,23.20001049,23.90001016,23.20001049,23.67334338,216178.39606808
2018-11-22,EGX:EGAL,24.02001088,24.47334443,23.60001268,24.10001292,81209.96095675
2018-11-25,EGX:EGAL,24.10001292,24.10001292,23.20001049,23.35334389,258538.3757027
2018-11-26,EGX:EGAL,23.35334389,23.63334536,23.17334314,23.34000989,126194.93932936
2018-11-27,EGX:EGAL,23.34000989,23.60001268,23.25334518,23.34667789,170564.91799764
2018-11-28,EGX:EGAL,23.34667789,23.7866781,23.00001106,23.3600119,163763.92126735
2018-11-29,EGX:EGAL,23.3600119,23.3600119,22.84000965,23.14001046,92879.95534618
2018-12-02,EGX:EGAL,23.14001046,23.35334389,22.84667765,23.07334509,50275.4758291
2018-12-03,EGX:EGAL,23.07334509,23.07334509,22.50001082,22.64667822,130042.4374796
2018-12-04,EGX:EGAL,22.64667822,22.66667756,21.66667708,22.02667792,299159.85617315
2018-12-05,EGX:EGAL,22.02667792,22.44001079,21.60001172,22.10001196,191123.90811351
2018-12-06,EGX:EGAL,22.10001196,23.33334455,22.10001196,22.58001019,235607.88672698
2018-12-09,EGX:EGAL,22.58001019,22.58001019,22.00001058,22.26667871,82973.96010867
2018-12-10,EGX:EGAL,22.26667871,22.86667699,22.26667871,22.70001025,117266.94362166
2018-12-11,EGX:EGAL,22.70001025,23.00001106,22.66667756,22.75334494,71075.96582886
2018-12-12,EGX:EGAL,22.75334494,23.00001106,22.54667751,22.880011,71726.96551588
2018-12-13,EGX:EGAL,22.880011,23.20001049,22.04667727,22.5333435,322057.34516474
2018-12-16,EGX:EGAL,22.5333435,22.86667699,22.46667813,22.72001226,46046.97786203
2018-12-17,EGX:EGAL,22.72001226,23.23334317,22.72001226,22.99334572,109168.44751517
2018-12-18,EGX:EGAL,22.99334572,22.99334572,22.6000122,22.75334494,52783.47462333
2018-12-19,EGX:EGAL,22.75334494,23.53334398,22.75334494,23.25334518,282547.36415992
2018-12-20,EGX:EGAL,23.25334518,23.34000989,22.70001025,23.18001114,133526.93580436
2018-12-23,EGX:EGAL,23.18001114,23.33334455,22.42667678,22.880011,313666.34919887
2018-12-24,EGX:EGAL,22.879999,22.879999,22.049999,22.33,97421.0
2018-12-25,EGX:EGAL,22.33,22.450001,21.719999,22.16,143866.0
2018-12-26,EGX:EGAL,22.16,22.450001,22.16,22.299999,58222.0
2018-12-27,EGX:EGAL,22.299999,22.73,22.219999,22.35,81163.0
2018-12-30,EGX:EGAL,22.35,22.540001,22.17,22.33,64779.0
2018-12-31,EGX:EGAL,22.33,22.379999,22.129999,22.200001,95269.0
2019-01-02,EGX:EGAL,22.200001,22.65,22.200001,22.459999,50694.0
2019-01-03,EGX:EGAL,22.459999,23.08,22.459999,22.959999,174147.0
2019-01-06,EGX:EGAL,22.959999,24.42,22.959999,23.98,401428.0
2019-01-08,EGX:EGAL,23.98,26.0,23.98,25.35,869066.0
2019-01-09,EGX:EGAL,25.35,25.98,24.639999,25.209999,282115.0
2019-01-10,EGX:EGAL,25.209999,25.67,24.709999,25.18,183047.0
2019-01-13,EGX:EGAL,25.18,26.1,25.1,25.77,359461.0
2019-01-14,EGX:EGAL,25.77,26.49,25.620001,26.049999,261970.0
2019-01-15,EGX:EGAL,26.049999,26.110001,25.620001,25.780001,77938.0
2019-01-16,EGX:EGAL,25.780001,25.9,25.299999,25.440001,79393.0
2019-01-17,EGX:EGAL,25.440001,26.059999,25.0,25.75,333548.0
2019-01-20,EGX:EGAL,25.75,26.940001,25.719999,26.32,334558.0
2019-01-21,EGX:EGAL,26.32,26.32,25.0,25.129999,268239.0
2019-01-22,EGX:EGAL,25.129999,25.299999,23.620001,24.299999,325014.0
2019-01-23,EGX:EGAL,24.299999,24.299999,23.629999,23.950001,84050.0
2019-01-27,EGX:EGAL,23.950001,25.280001,23.950001,24.950001,466904.0
2019-01-28,EGX:EGAL,24.950001,25.5,24.799999,25.209999,169434.0
2019-01-29,EGX:EGAL,25.209999,25.440001,24.91,25.129999,71958.0
2019-01-30,EGX:EGAL,25.129999,25.35,24.6,24.77,107007.0
2019-01-31,EGX:EGAL,24.77,25.0,24.0,24.18,325399.0
2019-02-03,EGX:EGAL,24.18,24.35,23.799999,24.040001,150071.0
2019-02-04,EGX:EGAL,24.040001,24.24,23.700001,23.91,156757.0
2019-02-05,EGX:EGAL,23.91,24.18,23.809999,23.969999,131843.0
2019-02-06,EGX:EGAL,23.969999,23.969999,23.65,23.709999,295063.0
2019-02-07,EGX:EGAL,23.709999,24.4,23.65,24.15,242360.0
2019-02-10,EGX:EGAL,24.15,24.780001,24.15,24.51,237656.0
2019-02-11,EGX:EGAL,24.51,24.51,24.059999,24.24,91933.0
2019-02-12,EGX:EGAL,24.24,24.6,23.99,24.190001,251896.0
2019-02-13,EGX:EGAL,24.190001,24.74,24.120001,24.52,222069.0
2019-02-14,EGX:EGAL,24.52,24.629999,24.34,24.469999,126528.0
2019-02-17,EGX:EGAL,24.469999,25.25,24.469999,24.950001,266525.0
2019-02-18,EGX:EGAL,24.950001,25.370001,24.85,25.139999,491045.0
2019-02-19,EGX:EGAL,25.139999,25.35,24.9,25.16,166743.0
2019-02-20,EGX:EGAL,25.16,25.67,25.16,25.370001,326194.0
2019-02-21,EGX:EGAL,25.370001,25.370001,24.76,24.950001,141722.0
2019-02-24,EGX:EGAL,24.950001,24.950001,24.360001,24.620001,103157.0
2019-02-25,EGX:EGAL,24.620001,24.790001,24.25,24.4,218143.0
2019-02-26,EGX:EGAL,24.4,24.700001,23.620001,24.059999,416912.0
2019-02-27,EGX:EGAL,24.059999,24.059999,23.32,23.459999,165865.0
2019-02-28,EGX:EGAL,23.459999,23.5,22.879999,23.110001,122676.0
2019-03-03,EGX:EGAL,23.110001,23.18,22.709999,22.91,18375.0
2019-03-04,EGX:EGAL,22.91,23.49,22.610001,22.959999,78567.0
2019-03-05,EGX:EGAL,22.959999,23.0,22.709999,22.809999,16769.0
2019-03-06,EGX:EGAL,22.809999,22.83,22.43,22.610001,36015.0
2019-03-07,EGX:EGAL,22.610001,23.0,22.5,22.77,43110.0
2019-03-10,EGX:EGAL,22.77,23.200001,22.75,23.0,23147.0
2019-03-11,EGX:EGAL,23.0,23.0,22.719999,22.83,52324.0
2019-03-12,EGX:EGAL,22.83,22.9,22.700001,22.77,50091.0
2019-03-13,EGX:EGAL,22.77,22.940001,22.459999,22.629999,65052.0
2019-03-14,EGX:EGAL,22.629999,22.690001,22.33,22.440001,61064.0
2019-03-17,EGX:EGAL,22.440001,23.0,22.0,22.379999,166278.0
2019-03-18,EGX:EGAL,22.379999,22.379999,22.0,22.110001,95086.0
2019-03-19,EGX:EGAL,22.110001,22.85,22.110001,22.48,149635.0
2019-03-20,EGX:EGAL,22.48,22.65,22.18,22.450001,61036.0
2019-03-21,EGX:EGAL,22.450001,22.450001,22.030001,22.15,27033.0
2019-03-24,EGX:EGAL,22.15,22.540001,22.110001,22.26,34458.0
2019-03-25,EGX:EGAL,22.26,22.4,21.620001,21.9,65761.0
2019-03-26,EGX:EGAL,21.9,22.0,21.629999,21.799999,41273.0
2019-03-27,EGX:EGAL,21.799999,21.799999,20.24,20.93,104916.0
2019-03-28,EGX:EGAL,20.93,20.93,20.209999,20.51,95765.0
2019-03-31,EGX:EGAL,20.51,20.51,19.799999,20.07,162748.0
2019-04-01,EGX:EGAL,20.07,20.18,19.4,19.559999,127953.0
2019-04-02,EGX:EGAL,19.559999,19.969999,19.41,19.610001,68813.0
2019-04-03,EGX:EGAL,19.610001,20.1,19.540001,19.84,189066.0
2019-04-04,EGX:EGAL,19.84,19.84,19.200001,19.52,45591.0
2019-04-07,EGX:EGAL,19.52,19.52,18.4,19.059999,122612.0
2019-04-08,EGX:EGAL,19.059999,19.059999,18.209999,18.66,77857.0
2019-04-09,EGX:EGAL,18.66,18.780001,18.34,18.59,43606.0
2019-04-10,EGX:EGAL,18.59,19.34,18.59,19.08,102360.0
2019-04-11,EGX:EGAL,19.08,19.15,18.5,18.799999,38646.0
2019-04-14,EGX:EGAL,18.799999,18.799999,18.4,18.530001,31351.0
2019-04-15,EGX:EGAL,18.530001,18.66,18.360001,18.49,29327.0
2019-04-16,EGX:EGAL,18.49,18.49,17.799999,18.049999,60972.0
2019-04-17,EGX:EGAL,18.049999,18.049999,17.4,17.59,43018.0
2019-04-18,EGX:EGAL,17.59,17.84,17.18,17.52,97580.0
2019-04-21,EGX:EGAL,17.52,17.549999,17.139999,17.32,41685.0
2019-04-22,EGX:EGAL,17.32,17.540001,17.110001,17.299999,17422.0
2019-04-23,EGX:EGAL,17.299999,17.700001,17.139999,17.4,88378.0
2019-04-24,EGX:EGAL,17.4,17.450001,17.110001,17.219999,25003.0
2019-04-30,EGX:EGAL,17.219999,17.549999,17.049999,17.299999,94314.0
2019-05-02,EGX:EGAL,17.299999,17.299999,16.700001,17.0,76611.0
2019-05-05,EGX:EGAL,17.0,17.0,16.15,16.34,31660.0
2019-05-06,EGX:EGAL,16.34,16.34,15.02,15.75,71998.0
2019-05-07,EGX:EGAL,15.75,16.08,15.65,15.95,37004.0
2019-05-08,EGX:EGAL,15.95,15.95,14.36,14.79,57672.0
2019-05-09,EGX:EGAL,14.79,15.39,14.63,14.9,32420.0
2019-05-12,EGX:EGAL,14.9,15.5,14.83,14.97,27965.0
2019-05-13,EGX:EGAL,14.97,15.0,14.61,14.76,21867.0
2019-05-14,EGX:EGAL,14.76,14.99,14.4,14.59,36625.0
2019-05-15,EGX:EGAL,14.59,14.75,13.54,13.85,64061.0
2019-05-16,EGX:EGAL,13.85,14.0,12.83,13.15,136810.0
2019-05-19,EGX:EGAL,13.15,13.15,11.85,12.25,93836.0
2019-05-20,EGX:EGAL,12.25,12.63,12.09,12.29,56770.0
2019-05-21,EGX:EGAL,12.29,13.51,12.24,13.04,490101.0
2019-05-22,EGX:EGAL,13.04,14.34,13.04,14.27,342108.0
2019-05-23,EGX:EGAL,14.27,14.98,14.1,14.61,233797.0
2019-05-26,EGX:EGAL,14.61,14.84,14.31,14.57,81861.0
2019-05-27,EGX:EGAL,14.57,14.98,14.31,14.49,64442.0
2019-05-28,EGX:EGAL,14.49,14.9,14.17,14.57,66969.0
2019-05-29,EGX:EGAL,14.57,14.71,13.78,14.24,78980.0
2019-05-30,EGX:EGAL,14.24,14.24,13.31,13.58,104466.0
2019-06-02,EGX:EGAL,13.58,13.89,13.21,13.5,46744.0
2019-06-03,EGX:EGAL,13.5,13.6,13.35,13.49,36567.0
2019-06-09,EGX:EGAL,13.49,14.1,13.49,13.96,94564.0
2019-06-10,EGX:EGAL,13.96,15.35,13.96,15.04,329185.0
2019-06-11,EGX:EGAL,15.04,16.08,15.04,15.73,511968.0
2019-06-12,EGX:EGAL,15.73,15.86,15.3,15.51,209463.0
2019-06-13,EGX:EGAL,15.51,15.63,14.92,15.19,151089.0
2019-06-16,EGX:EGAL,15.19,15.76,14.92,15.42,536472.0
2019-06-17,EGX:EGAL,15.42,15.79,15.3,15.55,176648.0
2019-06-18,EGX:EGAL,15.55,15.55,15.15,15.25,86717.0
2019-06-19,EGX:EGAL,15.25,15.45,14.61,14.94,154325.0
2019-06-20,EGX:EGAL,14.94,15.1,14.5,14.65,156932.0
2019-06-23,EGX:EGAL,14.65,14.94,14.32,14.59,48692.0
2019-06-24,EGX:EGAL,14.59,14.59,13.9,14.17,99638.0
2019-06-25,EGX:EGAL,14.17,14.33,13.71,13.95,128315.0
2019-06-26,EGX:EGAL,13.95,15.0,13.95,14.77,198236.0
2019-06-27,EGX:EGAL,14.77,15.2,14.4,14.67,201883.0
2019-07-02,EGX:EGAL,14.67,14.85,14.33,14.49,77872.0
2019-07-03,EGX:EGAL,14.49,14.49,14.22,14.31,52611.0
2019-07-04,EGX:EGAL,14.31,14.31,13.38,13.75,227224.0
2019-07-07,EGX:EGAL,13.75,13.75,13.34,13.43,88534.0
2019-07-08,EGX:EGAL,13.43,13.68,13.38,13.49,92780.0
2019-07-09,EGX:EGAL,13.49,14.1,13.49,13.89,130474.0
2019-07-10,EGX:EGAL,13.89,13.89,13.32,13.47,95054.0
2019-07-11,EGX:EGAL,13.47,13.47,12.81,13.07,36096.0
2019-07-14,EGX:EGAL,13.07,13.37,12.4,12.73,72401.0
2019-07-15,EGX:EGAL,12.73,13.02,12.34,12.78,85953.0
2019-07-16,EGX:EGAL,12.78,13.36,12.7,13.01,79165.0
2019-07-17,EGX:EGAL,13.01,13.01,12.5,12.65,57209.0
2019-07-18,EGX:EGAL,12.65,12.99,12.64,12.78,31734.0
2019-07-21,EGX:EGAL,12.78,12.8,12.49,12.55,76924.0
2019-07-22,EGX:EGAL,12.55,12.93,12.55,12.76,102544.0
2019-07-24,EGX:EGAL,12.76,13.06,12.55,12.84,118860.0
2019-07-25,EGX:EGAL,12.84,12.84,12.2,12.44,108597.0
2019-07-28,EGX:EGAL,12.44,12.47,11.92,12.14,53984.0
2019-07-29,EGX:EGAL,12.14,12.46,12.0,12.22,146672.0
2019-07-30,EGX:EGAL,12.22,12.4,11.51,11.84,125514.0
2019-07-31,EGX:EGAL,11.84,11.84,11.38,11.54,134420.0
2019-08-01,EGX:EGAL,11.54,11.79,11.3,11.59,116229.0
2019-08-04,EGX:EGAL,11.59,12.05,11.55,11.92,117953.0
2019-08-05,EGX:EGAL,11.92,11.92,11.53,11.68,92257.0
2019-08-06,EGX:EGAL,11.68,11.79,11.55,11.63,55098.0
2019-08-07,EGX:EGAL,11.63,12.09,11.61,11.95,106836.0
2019-08-08,EGX:EGAL,11.95,12.75,11.95,12.48,272129.0
2019-08-14,EGX:EGAL,12.48,13.68,12.48,13.25,406726.0
2019-08-15,EGX:EGAL,13.25,13.5,13.1,13.23,170987.0
2019-08-18,EGX:EGAL,13.23,13.9,13.23,13.81,309084.0
2019-08-19,EGX:EGAL,13.68,14.0,13.58,13.71,115116.0
2019-08-20,EGX:EGAL,13.71,14.25,13.71,14.03,179130.0
2019-08-21,EGX:EGAL,14.03,14.1,13.4,13.72,111961.0
2019-08-22,EGX:EGAL,13.72,13.88,13.55,13.72,66311.0
2019-08-25,EGX:EGAL,13.72,14.0,13.36,13.59,56841.0
2019-08-26,EGX:EGAL,13.59,13.6,13.33,13.44,84427.0
2019-08-27,EGX:EGAL,13.44,13.55,13.22,13.35,47529.0
2019-08-28,EGX:EGAL,13.35,13.7,13.35,13.57,75601.0
2019-08-29,EGX:EGAL,13.57,13.8,13.35,13.67,71741.0
2019-09-01,EGX:EGAL,13.67,14.15,13.45,13.94,160269.0
2019-09-02,EGX:EGAL,13.94,14.07,13.56,13.82,109483.0
2019-09-03,EGX:EGAL,13.82,14.07,13.61,13.67,43778.0
2019-09-04,EGX:EGAL,13.67,14.49,13.66,14.21,292474.0
2019-09-05,EGX:EGAL,14.21,14.95,14.21,14.8,498994.0
2019-09-08,EGX:EGAL,14.8,15.28,14.7,14.95,291735.0
2019-09-09,EGX:EGAL,14.95,14.95,14.31,14.47,77475.0
2019-09-10,EGX:EGAL,14.47,14.85,14.38,14.56,118963.0
2019-09-11,EGX:EGAL,14.56,14.7,14.42,14.51,43533.0
2019-09-12,EGX:EGAL,14.51,14.7,14.43,14.51,44839.0
2019-09-15,EGX:EGAL,14.51,14.69,14.26,14.45,44959.0
2019-09-16,EGX:EGAL,14.45,14.45,13.79,14.0,160182.0
2019-09-17,EGX:EGAL,14.0,14.0,12.6,13.34,147249.0
2019-09-18,EGX:EGAL,13.34,13.34,12.85,13.09,54532.0
2019-09-19,EGX:EGAL,13.09,13.55,12.94,13.36,35403.0
2019-09-22,EGX:EGAL,13.36,13.4,12.03,12.26,187457.0
2019-09-23,EGX:EGAL,12.26,12.26,11.16,11.75,170143.0
2019-09-24,EGX:EGAL,11.75,11.9,10.65,10.99,224411.0
2019-09-25,EGX:EGAL,10.99,11.42,10.99,11.21,85807.0
2019-09-26,EGX:EGAL,11.21,11.6,11.01,11.38,135244.0
2019-09-29,EGX:EGAL,11.38,12.3,11.38,12.02,228747.0
2019-09-30,EGX:EGAL,12.02,12.36,11.9,11.97,94578.0
2019-10-01,EGX:EGAL,11.97,12.55,11.97,12.34,182876.0
2019-10-02,EGX:EGAL,12.34,12.34,11.85,12.02,67012.0
2019-10-03,EGX:EGAL,12.02,13.22,11.61,12.86,584654.0
2019-10-07,EGX:EGAL,12.86,13.81,12.86,13.23,353033.0
2019-10-08,EGX:EGAL,13.23,13.23,12.32,12.68,135563.0
2019-10-09,EGX:EGAL,12.68,12.68,12.0,12.27,147063.0
2019-10-10,EGX:EGAL,12.27,12.59,12.22,12.37,53850.0
2019-10-13,EGX:EGAL,12.37,12.84,12.25,12.57,129359.0
2019-10-14,EGX:EGAL,12.57,12.57,12.0,12.17,98206.0
2019-10-15,EGX:EGAL,12.17,12.17,11.87,12.0,144834.0
2019-10-16,EGX:EGAL,12.0,12.35,12.0,12.23,53811.0
2019-10-17,EGX:EGAL,12.23,12.44,12.17,12.27,48999.0
2019-10-20,EGX:EGAL,12.27,12.37,12.11,12.23,55076.0
2019-10-21,EGX:EGAL,12.23,12.29,12.15,12.2,29906.0
2019-10-22,EGX:EGAL,12.2,12.53,12.06,12.39,136795.0
2019-10-23,EGX:EGAL,12.39,12.39,12.05,12.21,92544.0
2019-10-24,EGX:EGAL,12.21,12.3,12.1,12.2,176869.0
2019-10-27,EGX:EGAL,12.2,12.44,12.2,12.32,69670.0
2019-10-28,EGX:EGAL,12.32,12.4,12.18,12.33,80296.0
2019-10-29,EGX:EGAL,12.33,12.45,12.25,12.39,200741.0
2019-10-30,EGX:EGAL,12.39,13.62,12.39,13.25,1526524.0
2019-10-31,EGX:EGAL,13.25,13.8,13.25,13.59,915991.0
2019-11-03,EGX:EGAL,13.59,13.7,13.11,13.39,341165.0
2019-11-04,EGX:EGAL,13.39,14.2,13.21,13.91,797378.0
2019-11-05,EGX:EGAL,13.91,13.94,13.66,13.81,372519.0
2019-11-06,EGX:EGAL,13.81,14.35,13.7,14.09,541147.0
2019-11-07,EGX:EGAL,14.09,14.45,13.92,14.14,764038.0
2019-11-11,EGX:EGAL,14.14,14.29,13.83,13.98,443446.0
2019-11-12,EGX:EGAL,13.98,13.98,13.12,13.29,166574.0
2019-11-13,EGX:EGAL,13.29,13.38,13.1,13.19,102856.0
2019-11-14,EGX:EGAL,13.19,13.33,13.0,13.14,140946.0
2019-11-17,EGX:EGAL,13.14,13.3,13.0,13.08,102258.0
2019-11-18,EGX:EGAL,13.08,13.08,12.6,12.8,55599.0
2019-11-19,EGX:EGAL,12.8,12.8,12.41,12.54,44392.0
2019-11-20,EGX:EGAL,12.54,12.74,12.45,12.55,46112.0
2019-11-21,EGX:EGAL,12.55,12.77,12.41,12.53,74938.0
2019-11-24,EGX:EGAL,12.53,12.53,12.1,12.18,84943.0
2019-11-25,EGX:EGAL,12.18,12.33,12.06,12.12,82005.0
2019-11-26,EGX:EGAL,12.12,12.2,11.8,12.02,56762.0
2019-11-27,EGX:EGAL,12.02,12.3,12.02,12.19,84807.0
2019-11-28,EGX:EGAL,12.19,12.4,12.19,12.29,35413.0
2019-12-01,EGX:EGAL,12.29,13.38,12.29,13.08,518847.0
2019-12-02,EGX:EGAL,13.08,13.51,12.52,13.18,386058.0
2019-12-03,EGX:EGAL,13.18,13.18,12.5,12.89,126552.0
2019-12-04,EGX:EGAL,12.89,14.17,12.89,13.87,884127.0
2019-12-05,EGX:EGAL,13.87,13.95,13.23,13.51,173581.0
2019-12-08,EGX:EGAL,13.51,13.87,13.19,13.43,166269.0
2019-12-09,EGX:EGAL,13.43,13.43,13.12,13.23,49840.0
2019-12-10,EGX:EGAL,13.23,13.74,13.23,13.6,118988.0
2019-12-11,EGX:EGAL,13.6,13.6,13.11,13.25,116029.0
2019-12-12,EGX:EGAL,13.25,13.3,12.9,13.06,189217.0
2019-12-15,EGX:EGAL,13.06,13.15,12.61,12.96,36273.0
2019-12-16,EGX:EGAL,12.96,13.39,12.82,12.89,50974.0
2019-12-17,EGX:EGAL,12.89,13.3,12.89,13.15,110775.0
2019-12-18,EGX:EGAL,13.15,13.95,13.15,13.63,291591.0
2019-12-19,EGX:EGAL,13.63,14.17,13.5,13.98,608472.0
2019-12-22,EGX:EGAL,13.98,14.7,13.98,14.5,890705.0
2019-12-23,EGX:EGAL,14.5,14.5,14.06,14.22,143466.0
2019-12-24,EGX:EGAL,14.22,14.22,14.0,14.09,54490.0
2019-12-25,EGX:EGAL,14.09,14.68,14.09,14.45,227529.0
2019-12-26,EGX:EGAL,14.45,14.84,14.45,14.72,254271.0
2019-12-29,EGX:EGAL,14.72,14.96,14.42,14.6,110005.0
2019-12-30,EGX:EGAL,14.6,14.75,14.32,14.44,134169.0
2019-12-31,EGX:EGAL,14.44,14.69,14.21,14.42,171210.0
2020-01-02,EGX:EGAL,14.42,14.67,14.11,14.27,42560.0
2020-01-05,EGX:EGAL,14.27,14.27,12.85,13.13,231608.0
2020-01-06,EGX:EGAL,13.13,13.13,11.82,12.36,161780.0
2020-01-08,EGX:EGAL,12.36,13.0,12.36,12.89,99732.0
2020-01-09,EGX:EGAL,12.89,13.75,12.89,13.46,226357.0
2020-01-12,EGX:EGAL,13.46,13.7,13.23,13.42,120947.0
2020-01-13,EGX:EGAL,13.42,14.2,13.27,13.76,243653.0
2020-01-14,EGX:EGAL,13.76,14.6,13.76,14.27,381630.0
2020-01-15,EGX:EGAL,14.27,14.88,14.1,14.6,491230.0
2020-01-16,EGX:EGAL,14.6,14.79,14.35,14.48,102554.0
2020-01-19,EGX:EGAL,14.48,14.6,14.1,14.28,125124.0
2020-01-20,EGX:EGAL,14.28,14.5,14.11,14.28,151109.0
2020-01-21,EGX:EGAL,14.28,14.68,14.03,14.33,194890.0
2020-01-22,EGX:EGAL,14.33,14.5,14.25,14.36,134116.0
2020-01-23,EGX:EGAL,14.36,14.95,14.27,14.7,582655.0
2020-01-26,EGX:EGAL,14.7,14.8,14.42,14.53,167159.0
2020-01-27,EGX:EGAL,14.53,14.53,14.25,14.32,137912.0
2020-01-28,EGX:EGAL,14.32,14.7,14.15,14.45,294011.0
2020-01-29,EGX:EGAL,14.45,15.79,14.45,15.33,1299825.0
2020-01-30,EGX:EGAL,15.33,15.5,15.17,15.34,435424.0
2020-02-02,EGX:EGAL,15.34,15.34,14.75,14.93,143115.0
2020-02-03,EGX:EGAL,14.93,14.96,14.7,14.83,14975.0
2020-02-04,EGX:EGAL,14.83,15.09,14.6,14.79,120488.0
2020-02-05,EGX:EGAL,14.79,15.0,14.61,14.87,48880.0
2020-02-06,EGX:EGAL,14.87,15.11,14.87,15.03,129944.0
2020-02-09,EGX:EGAL,15.03,15.47,14.56,15.02,524666.0
2020-02-10,EGX:EGAL,15.02,15.02,13.55,13.94,925618.0
2020-02-11,EGX:EGAL,13.94,14.07,13.6,13.74,99691.0
2020-02-12,EGX:EGAL,13.74,13.74,12.37,13.07,136504.0
2020-02-13,EGX:EGAL,13.07,13.7,12.9,13.24,325985.0
2020-02-16,EGX:EGAL,13.24,13.3,12.6,13.02,117951.0
2020-02-17,EGX:EGAL,13.02,13.06,12.65,12.84,118854.0
2020-02-18,EGX:EGAL,12.84,13.39,12.5,12.84,189421.0
2020-02-19,EGX:EGAL,12.84,13.15,12.61,12.92,98473.0
2020-02-20,EGX:EGAL,12.92,13.45,12.9,13.27,242666.0
2020-02-23,EGX:EGAL,13.27,13.53,13.11,13.29,139719.0
2020-02-24,EGX:EGAL,13.29,13.29,12.27,12.58,156745.0
2020-02-25,EGX:EGAL,12.58,12.6,12.2,12.4,277270.0
2020-02-26,EGX:EGAL,12.4,12.65,12.21,12.31,79942.0
2020-02-27,EGX:EGAL,12.31,12.32,11.81,12.03,224190.0
2020-03-01,EGX:EGAL,12.03,12.03,10.83,11.02,137998.0
2020-03-02,EGX:EGAL,11.02,11.47,10.11,10.88,87248.0
2020-03-03,EGX:EGAL,10.88,11.01,10.7,10.87,86121.0
2020-03-04,EGX:EGAL,10.87,10.87,10.4,10.7,43787.0
2020-03-05,EGX:EGAL,10.7,11.3,10.7,11.08,70701.0
2020-03-08,EGX:EGAL,11.08,11.08,10.35,10.53,46230.0
2020-03-09,EGX:EGAL,10.53,10.53,9.75,10.04,195027.0
2020-03-10,EGX:EGAL,10.04,10.35,9.8,10.02,48667.0
2020-03-11,EGX:EGAL,10.02,10.79,10.02,10.27,81765.0
2020-03-15,EGX:EGAL,10.27,10.27,9.0,9.13,201973.0
2020-03-16,EGX:EGAL,9.13,9.13,8.22,8.23,168706.0
2020-03-17,EGX:EGAL,8.23,8.23,7.41,7.55,158360.0
2020-03-18,EGX:EGAL,7.55,8.020001,6.8,6.98,166611.0
2020-03-19,EGX:EGAL,6.98,7.66,6.29,7.05,153862.0
2020-03-22,EGX:EGAL,7.05,7.75,7.05,7.7,146555.0
2020-03-23,EGX:EGAL,7.7,8.46,7.7,8.19,99560.0
2020-03-24,EGX:EGAL,8.19,8.19,7.8,7.91,49857.0
2020-03-25,EGX:EGAL,7.91,8.5,7.91,8.39,50340.0
2020-03-26,EGX:EGAL,8.39,8.87,8.3,8.65,91291.0
2020-03-29,EGX:EGAL,8.65,9.1,8.05,8.86,185654.0
2020-03-30,EGX:EGAL,8.86,8.98,8.65,8.78,32600.0
2020-03-31,EGX:EGAL,8.78,9.39,8.78,9.17,132484.0
2020-04-01,EGX:EGAL,9.17,9.17,8.83,8.97,49495.0
2020-04-02,EGX:EGAL,8.97,9.38,8.83,9.14,54386.0
2020-04-05,EGX:EGAL,9.14,9.14,8.64,8.69,51599.0
2020-04-06,EGX:EGAL,8.69,8.99,8.69,8.85,69379.0
2020-04-07,EGX:EGAL,8.85,9.5,8.85,9.34,137233.0
2020-04-08,EGX:EGAL,9.34,9.7,9.020001,9.25,71514.0
2020-04-09,EGX:EGAL,9.25,9.29,8.95,9.05,58307.0
2020-04-12,EGX:EGAL,9.05,9.22,8.94,9.04,9455.0
2020-04-13,EGX:EGAL,9.04,9.43,8.95,9.2,240609.0
2020-04-14,EGX:EGAL,9.2,9.5,9.2,9.31,200650.0
2020-04-15,EGX:EGAL,9.31,9.68,9.0,9.12,315403.0
2020-04-16,EGX:EGAL,9.12,9.23,9.0,9.15,37034.0
2020-04-21,EGX:EGAL,9.15,9.15,8.8,8.97,82837.0
2020-04-22,EGX:EGAL,8.97,9.12,8.71,8.99,59330.0
2020-04-23,EGX:EGAL,8.99,9.65,8.99,9.39,435384.0
2020-04-26,EGX:EGAL,9.39,9.87,9.39,9.66,213216.0
2020-04-27,EGX:EGAL,9.66,9.8,9.3,9.39,262901.0
2020-04-28,EGX:EGAL,9.39,9.95,9.39,9.69,565778.0
2020-04-29,EGX:EGAL,9.69,10.07,9.65,9.91,208269.0
2020-04-30,EGX:EGAL,9.91,9.91,9.58,9.69,110299.0
2020-05-03,EGX:EGAL,9.69,9.69,8.74,9.08,248939.0
2020-05-04,EGX:EGAL,9.08,9.15,8.72,8.87,119514.0
2020-05-05,EGX:EGAL,8.87,9.19,8.87,9.07,54473.0
2020-05-06,EGX:EGAL,9.07,9.15,8.94,9.04,49308.0
2020-05-07,EGX:EGAL,9.04,9.04,8.14,8.270001,645665.0
2020-05-10,EGX:EGAL,8.270001,8.270001,7.69,7.9,330892.0
2020-05-11,EGX:EGAL,7.9,8.11,7.6,7.73,248001.0
2020-05-12,EGX:EGAL,7.73,8.29,7.73,8.04,115500.0
2020-05-13,EGX:EGAL,8.04,8.13,7.7,7.87,157654.0
2020-05-14,EGX:EGAL,7.87,7.9,7.64,7.75,61207.0
2020-05-17,EGX:EGAL,7.75,8.0,7.72,7.82,27564.0
2020-05-18,EGX:EGAL,7.82,7.93,7.63,7.75,36655.0
2020-05-19,EGX:EGAL,7.75,7.96,7.75,7.9,23230.0
2020-05-20,EGX:EGAL,7.9,7.9,7.7,7.76,21133.0
2020-05-21,EGX:EGAL,7.76,7.9,7.7,7.77,66092.0
2020-05-31,EGX:EGAL,7.77,8.0,7.77,7.96,25450.0
2020-06-01,EGX:EGAL,7.96,8.55,7.86,8.24,229361.0
2020-06-02,EGX:EGAL,8.24,8.71,8.24,8.59,268275.0
2020-06-03,EGX:EGAL,8.59,8.59,8.31,8.42,84777.0
2020-06-04,EGX:EGAL,8.42,8.6,8.4,8.520001,149825.0
2020-06-07,EGX:EGAL,8.520001,9.3,8.520001,8.94,450873.0
2020-06-08,EGX:EGAL,8.94,9.49,8.6,9.14,828423.0
2020-06-09,EGX:EGAL,9.14,9.37,8.75,9.08,459799.0
2020-06-10,EGX:EGAL,9.08,9.24,8.76,9.03,334594.0
2020-06-11,EGX:EGAL,9.03,9.03,8.7,8.79,141731.0
2020-06-14,EGX:EGAL,8.79,8.8,8.4,8.55,415767.0
2020-06-15,EGX:EGAL,8.55,8.66,8.3,8.46,188679.0
2020-06-16,EGX:EGAL,8.46,8.96,8.46,8.81,299166.0
2020-06-17,EGX:EGAL,8.81,8.89,8.55,8.65,197682.0
2020-06-18,EGX:EGAL,8.65,8.65,8.51,8.55,94361.0
2020-06-21,EGX:EGAL,8.55,8.8,8.31,8.56,554155.0
2020-06-22,EGX:EGAL,8.56,9.06,8.56,8.83,387415.0
2020-06-23,EGX:EGAL,8.83,9.12,8.6,8.94,697041.0
2020-06-24,EGX:EGAL,8.94,9.15,8.8,8.97,422848.0
2020-06-25,EGX:EGAL,8.97,8.97,8.61,8.71,265241.0
2020-06-28,EGX:EGAL,8.71,8.97,8.6,8.79,204949.0
2020-06-29,EGX:EGAL,8.79,9.770001,8.79,9.55,1297682.0
2020-06-30,EGX:EGAL,9.55,10.5,9.55,10.28,1166152.0
2020-07-05,EGX:EGAL,10.28,11.3,10.28,11.3,26731.0
2020-07-06,EGX:EGAL,11.3,12.33,11.3,11.98,1337124.0
2020-07-07,EGX:EGAL,11.98,11.98,10.88,11.29,397520.0
2020-07-08,EGX:EGAL,11.29,12.41,11.01,12.18,1642436.0
2020-07-09,EGX:EGAL,12.18,12.41,11.06,11.73,796720.0
2020-07-12,EGX:EGAL,11.73,13.16,11.73,12.82,893134.0
2020-07-13,EGX:EGAL,12.82,13.3,12.2,12.75,568412.0
2020-07-14,EGX:EGAL,12.75,12.78,11.8,12.11,579619.0
2020-07-15,EGX:EGAL,12.11,12.11,10.9,11.29,613615.0
2020-07-16,EGX:EGAL,11.29,11.35,10.21,10.58,934507.0
2020-07-19,EGX:EGAL,10.58,11.23,10.27,10.76,608332.0
2020-07-20,EGX:EGAL,10.76,11.37,10.54,11.08,706687.0
2020-07-21,EGX:EGAL,11.08,11.5,10.71,11.12,566942.0
2020-07-22,EGX:EGAL,11.12,11.76,10.8,11.38,869044.0
2020-07-26,EGX:EGAL,11.38,11.74,11.24,11.44,383925.0
2020-07-27,EGX:EGAL,11.44,11.49,11.12,11.3,246269.0
2020-07-28,EGX:EGAL,11.3,11.46,11.2,11.32,163256.0
2020-07-29,EGX:EGAL,11.32,11.61,11.3,11.46,270170.0
2020-08-04,EGX:EGAL,11.46,11.9,11.46,11.77,266725.0
2020-08-05,EGX:EGAL,11.77,11.93,11.49,11.61,235230.0
2020-08-06,EGX:EGAL,11.61,11.7,11.45,11.59,273443.0
2020-08-09,EGX:EGAL,11.59,11.6,11.45,11.51,211262.0
2020-08-10,EGX:EGAL,11.51,11.76,11.3,11.56,308089.0
2020-08-11,EGX:EGAL,11.56,12.2,11.56,12.03,890409.0
2020-08-12,EGX:EGAL,12.03,12.9,11.91,12.35,1151112.0
2020-08-13,EGX:EGAL,12.35,12.6,12.13,12.39,405382.0
2020-08-16,EGX:EGAL,12.39,12.96,12.38,12.66,545553.0
2020-08-17,EGX:EGAL,12.66,12.66,11.9,12.29,364909.0
2020-08-18,EGX:EGAL,12.29,12.29,11.92,12.13,277648.0
2020-08-19,EGX:EGAL,12.13,12.5,12.0,12.25,715895.0
2020-08-23,EGX:EGAL,12.25,12.45,12.25,12.37,261932.0
2020-08-24,EGX:EGAL,12.37,12.87,12.21,12.54,699509.0
2020-08-25,EGX:EGAL,12.54,12.54,12.16,12.32,298718.0
2020-08-26,EGX:EGAL,12.32,12.49,12.1,12.25,261394.0
2020-08-27,EGX:EGAL,12.25,12.4,12.02,12.19,328677.0
2020-08-30,EGX:EGAL,12.19,12.89,12.19,12.64,811626.0
2020-08-31,EGX:EGAL,12.64,13.15,12.44,12.81,816797.0
2020-09-01,EGX:EGAL,12.81,12.81,12.16,12.37,279513.0
2020-09-02,EGX:EGAL,12.37,12.65,12.06,12.4,290763.0
2020-09-03,EGX:EGAL,12.4,12.46,12.15,12.32,196243.0
2020-09-06,EGX:EGAL,12.32,12.32,11.95,12.03,246230.0
2020-09-07,EGX:EGAL,12.03,12.29,11.8,11.97,148214.0
2020-09-08,EGX:EGAL,11.97,11.97,11.0,11.21,251387.0
2020-09-09,EGX:EGAL,11.21,11.31,10.85,11.02,229104.0
2020-09-10,EGX:EGAL,11.02,11.6,11.02,11.3,207357.0
2020-09-13,EGX:EGAL,11.38,11.5,11.11,11.33,190110.0
2020-09-14,EGX:EGAL,11.33,11.57,11.16,11.37,167514.0
2020-09-15,EGX:EGAL,11.37,11.41,11.05,11.25,257144.0
2020-09-16,EGX:EGAL,11.25,11.36,11.11,11.22,124351.0
2020-09-17,EGX:EGAL,11.22,11.74,11.15,11.53,626466.0
2020-09-20,EGX:EGAL,11.53,11.99,11.53,11.74,201254.0
2020-09-21,EGX:EGAL,11.74,11.84,10.98,11.26,447694.0
2020-09-22,EGX:EGAL,11.26,11.98,10.95,11.65,513373.0
2020-09-23,EGX:EGAL,11.65,12.85,11.65,12.42,1061143.0
2020-09-24,EGX:EGAL,12.42,12.68,12.02,12.31,462504.0
2020-09-27,EGX:EGAL,12.31,12.55,12.15,12.35,322962.0
2020-09-28,EGX:EGAL,12.35,12.4,12.01,12.18,258121.0
2020-09-29,EGX:EGAL,12.18,12.2,11.81,11.99,162029.0
2020-09-30,EGX:EGAL,11.99,12.19,11.86,12.03,192489.0
2020-10-01,EGX:EGAL,12.03,12.56,12.02,12.29,355842.0
2020-10-04,EGX:EGAL,12.29,13.37,12.29,12.98,1495301.0
2020-10-05,EGX:EGAL,12.98,13.25,12.75,12.98,724201.0
2020-10-06,EGX:EGAL,12.98,13.47,12.98,13.26,786711.0
2020-10-07,EGX:EGAL,13.26,13.4,12.8,13.07,448135.0
2020-10-11,EGX:EGAL,13.07,13.07,12.2,12.4,484807.0
2020-10-12,EGX:EGAL,12.4,12.65,11.95,12.26,507430.0
2020-10-13,EGX:EGAL,12.26,12.36,11.81,11.95,276147.0
2020-10-14,EGX:EGAL,11.95,12.2,11.86,12.04,134275.0
2020-10-15,EGX:EGAL,12.04,12.24,11.8,11.93,285491.0
2020-10-18,EGX:EGAL,11.93,12.1,11.58,11.7,208826.0
2020-10-19,EGX:EGAL,11.7,11.9,11.51,11.67,103086.0
2020-10-20,EGX:EGAL,11.67,11.8,11.5,11.65,154175.0
2020-10-21,EGX:EGAL,11.65,11.74,11.05,11.38,307896.0
2020-10-22,EGX:EGAL,11.38,11.39,10.35,10.79,469797.0
2020-10-25,EGX:EGAL,10.79,10.86,10.47,10.61,91618.0
2020-10-26,EGX:EGAL,10.61,11.09,10.53,10.71,99530.0
2020-10-27,EGX:EGAL,10.71,11.17,10.71,11.03,60155.0
2020-10-28,EGX:EGAL,11.03,11.23,10.81,10.98,67812.0
2020-11-01,EGX:EGAL,10.98,11.1,10.8,10.95,136862.0
2020-11-02,EGX:EGAL,10.95,11.09,10.46,10.64,208759.0
2020-11-03,EGX:EGAL,10.64,10.87,10.51,10.61,40632.0
2020-11-04,EGX:EGAL,10.61,11.0,10.6,10.79,56066.0
2020-11-05,EGX:EGAL,10.79,10.97,10.53,10.71,83765.0
2020-11-08,EGX:EGAL,10.71,11.0,10.51,10.9,45051.0
2020-11-09,EGX:EGAL,10.9,11.65,10.9,11.33,337079.0
2020-11-10,EGX:EGAL,11.33,11.75,11.32,11.6,251327.0
2020-11-11,EGX:EGAL,11.6,11.64,11.34,11.54,113951.0
2020-11-12,EGX:EGAL,11.54,11.9,11.39,11.69,223733.0
2020-11-15,EGX:EGAL,11.69,11.69,11.45,11.51,121446.0
2020-11-16,EGX:EGAL,11.51,11.6,11.3,11.4,189968.0
2020-11-17,EGX:EGAL,11.4,11.78,11.4,11.58,182626.0
2020-11-18,EGX:EGAL,11.58,11.75,11.5,11.6,151953.0
2020-11-19,EGX:EGAL,11.6,11.95,11.51,11.71,262143.0
2020-11-22,EGX:EGAL,11.71,12.0,11.56,11.7,114604.0
2020-11-23,EGX:EGAL,11.7,11.95,11.62,11.78,206200.0
2020-11-24,EGX:EGAL,11.78,11.89,11.6,11.66,107853.0
2020-11-25,EGX:EGAL,11.66,11.8,11.4,11.57,111324.0
2020-11-26,EGX:EGAL,11.57,11.67,11.25,11.5,99815.0
2020-11-29,EGX:EGAL,11.5,11.77,11.5,11.66,68158.0
2020-11-30,EGX:EGAL,11.66,11.78,11.52,11.58,88493.0
2020-12-01,EGX:EGAL,11.58,11.9,11.53,11.7,186258.0
2020-12-02,EGX:EGAL,11.7,11.86,11.55,11.7,148400.0
2020-12-03,EGX:EGAL,11.7,11.84,11.59,11.69,112455.0
2020-12-06,EGX:EGAL,11.69,12.3,11.62,12.02,652690.0
2020-12-07,EGX:EGAL,12.02,12.82,12.02,12.54,1576759.0
2020-12-08,EGX:EGAL,12.54,12.87,12.36,12.6,626561.0
2020-12-09,EGX:EGAL,12.6,12.6,11.96,12.26,408244.0
2020-12-10,EGX:EGAL,12.26,12.26,11.79,11.88,238545.0
2020-12-13,EGX:EGAL,11.88,12.2,11.81,11.97,107873.0
2020-12-14,EGX:EGAL,11.97,12.49,11.95,12.21,213631.0
2020-12-15,EGX:EGAL,12.21,12.4,12.0,12.18,189198.0
2020-12-16,EGX:EGAL,12.18,12.3,11.66,11.92,111122.0
2020-12-17,EGX:EGAL,11.92,12.02,11.73,11.87,82210.0
2020-12-20,EGX:EGAL,11.87,12.25,11.75,12.13,152532.0
2020-12-21,EGX:EGAL,12.13,12.13,10.92,11.12,235888.0
2020-12-22,EGX:EGAL,11.12,11.12,10.46,10.97,75923.0
2020-12-23,EGX:EGAL,10.97,11.33,10.97,11.17,59740.0
2020-12-24,EGX:EGAL,11.17,11.65,11.15,11.38,299732.0
2020-12-27,EGX:EGAL,11.38,11.38,10.86,11.07,207376.0
2020-12-28,EGX:EGAL,11.07,11.38,11.0,11.07,96793.0
2020-12-29,EGX:EGAL,11.07,11.29,11.0,11.18,75453.0
2020-12-30,EGX:EGAL,11.18,11.49,11.18,11.38,156352.0
2020-12-31,EGX:EGAL,11.38,11.4,11.26,11.33,46102.0
2021-01-03,EGX:EGAL,11.33,11.6,11.2,11.43,52849.0
2021-01-04,EGX:EGAL,11.43,11.43,11.15,11.28,101638.0
2021-01-05,EGX:EGAL,11.28,11.69,11.28,11.58,180578.0
2021-01-06,EGX:EGAL,11.58,12.11,11.58,11.9,318350.0
2021-01-10,EGX:EGAL,11.9,12.97,11.9,12.64,1046369.0
2021-01-11,EGX:EGAL,12.64,12.99,12.64,12.8,292656.0
2021-01-12,EGX:EGAL,12.8,13.47,12.59,13.2,1044426.0
2021-01-13,EGX:EGAL,13.2,13.2,12.52,12.82,939365.0
2021-01-14,EGX:EGAL,12.82,14.0,12.82,13.75,1303026.0
2021-01-17,EGX:EGAL,13.75,14.6,13.6,14.06,563753.0
2021-01-18,EGX:EGAL,14.06,14.15,13.32,13.62,283561.0
2021-01-19,EGX:EGAL,13.62,14.3,13.5,13.98,649885.0
2021-01-20,EGX:EGAL,13.98,14.22,13.85,14.03,185812.0
2021-01-21,EGX:EGAL,14.03,14.19,13.6,13.81,154527.0
2021-01-24,EGX:EGAL,13.81,14.1,13.7,13.88,206739.0
2021-01-25,EGX:EGAL,13.88,14.0,13.66,13.79,195328.0
2021-01-26,EGX:EGAL,13.79,14.2,13.7,13.94,379010.0
2021-01-27,EGX:EGAL,13.94,14.35,13.87,14.09,291857.0
2021-01-31,EGX:EGAL,14.09,14.19,13.59,13.98,152111.0
2021-02-01,EGX:EGAL,13.98,14.2,13.71,13.98,226657.0
2021-02-02,EGX:EGAL,13.98,13.98,13.75,13.81,137250.0
2021-02-03,EGX:EGAL,13.81,13.93,13.5,13.71,180786.0
2021-02-04,EGX:EGAL,13.71,13.71,13.05,13.29,321259.0
2021-02-07,EGX:EGAL,13.29,13.63,13.11,13.3,177955.0
2021-02-08,EGX:EGAL,13.3,13.45,12.9,13.13,100683.0
2021-02-09,EGX:EGAL,13.13,13.2,13.0,13.04,59563.0
2021-02-10,EGX:EGAL,13.04,13.43,13.01,13.24,89208.0
2021-02-11,EGX:EGAL,13.24,13.5,13.08,13.38,127915.0
2021-02-14,EGX:EGAL,13.38,13.82,13.15,13.61,264661.0
2021-02-15,EGX:EGAL,13.61,13.61,13.01,13.18,41745.0
2021-02-16,EGX:EGAL,13.18,13.3,13.05,13.15,49820.0
2021-02-17,EGX:EGAL,13.15,13.47,12.82,13.06,73355.0
2021-02-18,EGX:EGAL,13.06,13.18,12.81,12.91,58215.0
2021-02-21,EGX:EGAL,12.91,14.2,12.76,13.92,743133.0
2021-02-22,EGX:EGAL,13.92,14.2,13.8,13.97,206858.0
2021-02-23,EGX:EGAL,13.97,13.97,13.6,13.67,58739.0
2021-02-24,EGX:EGAL,13.67,13.78,13.41,13.55,213756.0
2021-02-25,EGX:EGAL,13.55,14.3,13.55,13.98,475243.0
2021-02-28,EGX:EGAL,13.98,14.02,13.25,13.69,245074.0
2021-03-01,EGX:EGAL,13.69,13.89,13.48,13.65,105254.0
2021-03-02,EGX:EGAL,13.65,13.9,13.56,13.71,113323.0
2021-03-03,EGX:EGAL,13.71,13.71,12.83,13.17,27775.0
2021-03-04,EGX:EGAL,13.17,13.7,13.1,13.5,38572.0
2021-03-07,EGX:EGAL,13.5,14.0,13.23,13.61,103857.0
2021-03-08,EGX:EGAL,13.61,13.69,13.05,13.26,61992.0
2021-03-09,EGX:EGAL,13.26,13.38,13.0,13.17,41066.0
2021-03-10,EGX:EGAL,13.17,13.43,12.95,13.07,107449.0
2021-03-11,EGX:EGAL,13.07,13.28,13.0,13.07,43181.0
2021-03-14,EGX:EGAL,13.07,13.45,13.07,13.26,43472.0
2021-03-15,EGX:EGAL,13.26,13.5,12.6,12.92,103457.0
2021-03-16,EGX:EGAL,12.92,12.92,12.62,12.77,33793.0
2021-03-17,EGX:EGAL,12.77,12.81,12.62,12.73,37479.0
2021-03-18,EGX:EGAL,12.73,12.77,12.5,12.58,19868.0
2021-03-21,EGX:EGAL,12.58,12.94,11.6,12.22,119729.0
2021-03-22,EGX:EGAL,12.22,12.22,11.0,11.23,107951.0
2021-03-23,EGX:EGAL,11.23,11.5,10.56,11.01,90687.0
2021-03-24,EGX:EGAL,11.01,11.87,11.01,11.75,47235.0
2021-03-25,EGX:EGAL,11.75,12.24,11.45,11.86,77832.0
2021-03-28,EGX:EGAL,11.86,12.01,11.55,11.84,38834.0
2021-03-29,EGX:EGAL,11.84,12.2,11.6,11.82,59920.0
2021-03-30,EGX:EGAL,11.82,12.09,11.72,11.83,35270.0
2021-03-31,EGX:EGAL,11.83,11.9,11.5,11.64,41326.0
2021-04-01,EGX:EGAL,11.64,12.1,11.61,11.99,36964.0
2021-04-04,EGX:EGAL,11.99,12.35,11.86,11.99,66398.0
2021-04-05,EGX:EGAL,11.99,12.0,10.9,11.19,151695.0
2021-04-06,EGX:EGAL,11.19,11.38,10.55,10.83,92227.0
2021-04-07,EGX:EGAL,10.83,11.28,10.65,10.94,29830.0
2021-04-08,EGX:EGAL,10.94,11.4,10.94,11.18,16020.0
2021-04-11,EGX:EGAL,11.18,11.64,11.1,11.32,22369.0
2021-04-12,EGX:EGAL,11.32,11.7,11.27,11.48,98879.0
2021-04-13,EGX:EGAL,11.48,11.69,11.17,11.4,76060.0
2021-04-14,EGX:EGAL,11.4,12.2,11.22,11.77,202210.0
2021-04-15,EGX:EGAL,11.77,12.0,11.57,11.88,82761.0
2021-04-18,EGX:EGAL,11.88,11.88,11.6,11.72,17156.0
2021-04-19,EGX:EGAL,11.72,11.85,11.7,11.72,6889.0
2021-04-20,EGX:EGAL,11.72,12.19,11.72,11.99,72900.0
2021-04-21,EGX:EGAL,11.99,12.2,11.8,11.95,69373.0
2021-04-22,EGX:EGAL,11.95,12.15,11.9,11.99,50921.0
2021-04-25,EGX:EGAL,11.99,12.84,11.99,12.58,171426.0
2021-04-26,EGX:EGAL,12.58,13.14,12.3,12.89,211122.0
2021-04-27,EGX:EGAL,12.89,13.72,12.89,13.51,319202.0
2021-04-28,EGX:EGAL,13.51,13.66,13.06,13.27,31769.0
2021-05-04,EGX:EGAL,13.27,13.8,13.26,13.45,27325.0
2021-05-05,EGX:EGAL,13.45,13.49,13.26,13.45,30600.0
2021-05-06,EGX:EGAL,13.45,13.45,13.25,13.32,72527.0
2021-05-09,EGX:EGAL,13.32,14.2,13.32,13.98,642789.0
2021-05-10,EGX:EGAL,13.98,15.37,13.98,14.9,808642.0
2021-05-11,EGX:EGAL,14.9,17.360001,14.9,16.6,1476560.0
2021-05-17,EGX:EGAL,16.6,17.17,15.81,16.33,712041.0
2021-05-18,EGX:EGAL,16.33,17.950001,16.25,17.23,1266231.0
2021-05-19,EGX:EGAL,17.23,17.950001,16.540001,17.26,836365.0
2021-05-20,EGX:EGAL,17.26,17.35,16.35,16.83,328261.0
2021-05-23,EGX:EGAL,16.83,17.18,16.219999,16.6,463354.0
2021-05-24,EGX:EGAL,16.6,16.639999,15.45,15.91,415648.0
2021-05-25,EGX:EGAL,15.91,16.18,15.05,15.63,265591.0
2021-05-26,EGX:EGAL,15.63,16.5,15.63,16.110001,181998.0
2021-05-27,EGX:EGAL,16.110001,16.49,15.5,16.07,358416.0
2021-05-30,EGX:EGAL,16.07,16.200001,15.63,15.85,118486.0
2021-05-31,EGX:EGAL,15.85,16.16,15.57,15.81,184455.0
2021-06-01,EGX:EGAL,15.81,16.700001,15.52,16.190001,519793.0
2021-06-02,EGX:EGAL,16.190001,16.65,15.95,16.34,292464.0
2021-06-03,EGX:EGAL,16.34,16.34,15.64,15.84,98529.0
2021-06-06,EGX:EGAL,15.84,16.1,15.65,15.93,80429.0
2021-06-07,EGX:EGAL,15.93,16.42,15.75,16.040001,179239.0
2021-06-08,EGX:EGAL,16.040001,16.040001,15.25,15.53,176156.0
2021-06-09,EGX:EGAL,15.53,15.8,15.35,15.59,157463.0
2021-06-10,EGX:EGAL,15.59,16.0,15.52,15.76,88902.0
2021-06-13,EGX:EGAL,15.76,16.299999,15.7,15.92,108921.0
2021-06-14,EGX:EGAL,15.92,16.26,15.56,16.01,213483.0
2021-06-15,EGX:EGAL,16.01,16.15,15.6,15.88,81305.0
2021-06-16,EGX:EGAL,15.88,17.459999,15.82,16.969999,1021787.0
2021-06-17,EGX:EGAL,16.969999,17.6,16.75,17.280001,421666.0
2021-06-20,EGX:EGAL,17.280001,17.700001,16.799999,17.280001,352800.0
2021-06-21,EGX:EGAL,17.280001,17.5,16.51,17.08,221897.0
2021-06-22,EGX:EGAL,17.08,17.17,16.6,16.809999,262940.0
2021-06-23,EGX:EGAL,16.809999,18.450001,16.809999,17.98,968228.0
2021-06-24,EGX:EGAL,17.98,17.98,17.25,17.459999,330023.0
2021-06-27,EGX:EGAL,17.459999,17.959999,17.43,17.639999,281822.0
2021-06-28,EGX:EGAL,17.639999,17.84,17.02,17.35,273386.0
2021-06-29,EGX:EGAL,17.35,17.5,16.91,17.23,176325.0
2021-06-30,EGX:EGAL,17.23,17.75,17.1,17.459999,293924.0
2021-07-04,EGX:EGAL,17.459999,17.5,17.190001,17.290001,127742.0
2021-07-05,EGX:EGAL,17.290001,18.299999,17.26,17.719999,858261.0
2021-07-06,EGX:EGAL,17.719999,17.719999,16.799999,16.98,266257.0
2021-07-07,EGX:EGAL,16.98,17.059999,16.82,16.93,171622.0
2021-07-08,EGX:EGAL,16.93,16.940001,16.190001,16.620001,113850.0
2021-07-11,EGX:EGAL,16.620001,16.67,15.95,16.17,190666.0
2021-07-12,EGX:EGAL,16.17,16.639999,16.049999,16.370001,80209.0
2021-07-13,EGX:EGAL,16.370001,16.629999,16.200001,16.35,109131.0
2021-07-14,EGX:EGAL,16.35,16.940001,16.35,16.639999,167551.0
2021-07-15,EGX:EGAL,16.639999,17.9,16.370001,17.48,609797.0
2021-07-18,EGX:EGAL,17.48,19.219999,17.35,18.91,1192464.0
2021-07-25,EGX:EGAL,18.91,20.799999,18.91,20.440001,416637.0
2021-07-26,EGX:EGAL,20.440001,22.48,19.83,20.889999,424403.0
2021-07-27,EGX:EGAL,20.889999,20.969999,20.120001,20.65,157379.0
2021-07-28,EGX:EGAL,20.65,21.790001,20.5,21.08,168785.0
2021-07-29,EGX:EGAL,21.08,22.790001,21.0,22.01,989379.0
2021-08-01,EGX:EGAL,22.01,23.16,21.690001,22.66,763264.0
2021-08-02,EGX:EGAL,22.66,24.09,22.280001,23.41,671590.0
2021-08-03,EGX:EGAL,23.41,23.41,21.07,21.719999,381379.0
2021-08-04,EGX:EGAL,21.719999,22.209999,20.77,21.49,205848.0
2021-08-05,EGX:EGAL,21.49,22.65,21.33,21.959999,171663.0
2021-08-08,EGX:EGAL,21.959999,22.379999,21.0,21.6,177991.0
2021-08-09,EGX:EGAL,21.6,21.790001,20.26,20.790001,223197.0
2021-08-10,EGX:EGAL,20.790001,21.799999,20.639999,21.299999,192677.0
2021-08-11,EGX:EGAL,21.299999,22.99,21.299999,22.530001,484181.0
2021-08-15,EGX:EGAL,22.530001,23.01,21.959999,22.48,370109.0
2021-08-16,EGX:EGAL,22.48,22.6,21.26,21.959999,146954.0
2021-08-17,EGX:EGAL,21.959999,21.959999,21.040001,21.42,137798.0
2021-08-18,EGX:EGAL,21.42,21.469999,20.73,21.09,142507.0
2021-08-19,EGX:EGAL,21.09,21.15,19.559999,20.23,323732.0
2021-08-22,EGX:EGAL,20.23,21.6,19.549999,21.0,336783.0
2021-08-23,EGX:EGAL,21.0,21.950001,21.0,21.360001,167902.0
2021-08-24,EGX:EGAL,21.360001,21.5,20.5,20.91,132610.0
2021-08-25,EGX:EGAL,20.91,21.389999,20.610001,20.969999,56626.0
2021-08-26,EGX:EGAL,20.969999,21.139999,20.059999,20.629999,72381.0
2021-08-29,EGX:EGAL,20.629999,22.690001,20.139999,21.940001,271640.0
2021-08-30,EGX:EGAL,21.940001,24.129999,21.940001,24.059999,1084135.0
2021-08-31,EGX:EGAL,24.059999,26.389999,23.530001,25.23,680996.0
2021-09-01,EGX:EGAL,25.23,27.75,25.030001,27.129999,857300.0
2021-09-02,EGX:EGAL,27.129999,29.219999,26.92,28.030001,904120.0
2021-09-05,EGX:EGAL,28.030001,28.030001,25.57,25.799999,379340.0
2021-09-06,EGX:EGAL,25.799999,26.9,24.1,25.01,354687.0
2021-09-07,EGX:EGAL,25.01,27.9,25.01,27.17,406921.0
2021-09-08,EGX:EGAL,27.17,27.85,26.5,26.549999,218129.0
2021-09-09,EGX:EGAL,26.549999,28.559999,26.42,27.200001,441343.0
2021-09-12,EGX:EGAL,27.200001,29.700001,27.200001,28.610001,587614.0
2021-09-13,EGX:EGAL,28.610001,29.389999,28.0,28.110001,168076.0
2021-09-14,EGX:EGAL,28.110001,28.9,27.6,27.860001,115365.0
2021-09-15,EGX:EGAL,27.860001,27.9,26.549999,26.99,55797.0
2021-09-16,EGX:EGAL,26.99,27.440001,26.549999,26.82,50219.0
2021-09-19,EGX:EGAL,26.82,26.9,25.6,26.0,77164.0
2021-09-20,EGX:EGAL,26.0,26.790001,24.5,25.200001,57524.0
2021-09-21,EGX:EGAL,25.200001,25.4,23.02,24.24,245190.0
2021-09-22,EGX:EGAL,24.24,26.379999,23.719999,24.68,135431.0
2021-09-23,EGX:EGAL,24.68,26.74,24.68,26.16,234017.0
2021-09-26,EGX:EGAL,26.16,27.0,25.450001,25.58,48417.0
2021-09-27,EGX:EGAL,25.58,26.0,23.610001,23.959999,102469.0
2021-09-28,EGX:EGAL,23.959999,24.75,23.32,23.860001,41805.0
2021-09-29,EGX:EGAL,23.860001,24.93,23.6,24.049999,59070.0
2021-09-30,EGX:EGAL,24.049999,25.23,24.0,24.379999,107786.0
2021-10-03,EGX:EGAL,24.379999,25.9,24.049999,24.32,24083.0
2021-10-04,EGX:EGAL,24.32,24.32,24.0,24.030001,40150.0
2021-10-05,EGX:EGAL,24.030001,25.25,23.559999,23.82,65932.0
2021-10-06,EGX:EGAL,23.82,24.0,23.52,23.82,9895.0
2021-10-10,EGX:EGAL,23.82,24.780001,23.540001,23.77,15943.0
2021-10-11,EGX:EGAL,23.77,25.74,23.77,25.49,182906.0
2021-10-12,EGX:EGAL,25.49,26.9,25.360001,25.83,149250.0
2021-10-13,EGX:EGAL,25.83,28.75,25.83,28.41,733873.0
2021-10-14,EGX:EGAL,28.41,28.5,27.34,27.879999,164993.0
2021-10-17,EGX:EGAL,27.879999,28.879999,27.02,28.09,160483.0
2021-10-18,EGX:EGAL,28.09,29.5,27.5,28.799999,248071.0
2021-10-19,EGX:EGAL,28.799999,31.6,28.799999,30.07,758109.0
2021-10-20,EGX:EGAL,30.07,30.690001,26.620001,29.299999,322787.0
2021-10-24,EGX:EGAL,29.299999,30.5,27.07,27.790001,214856.0
2021-10-25,EGX:EGAL,27.790001,28.4,26.5,26.690001,134895.0
2021-10-26,EGX:EGAL,26.690001,27.629999,26.5,26.620001,64570.0
2021-10-27,EGX:EGAL,26.620001,26.620001,24.52,25.26,78634.0
2021-10-28,EGX:EGAL,25.26,26.450001,25.209999,26.059999,39192.0
2021-10-31,EGX:EGAL,26.059999,26.059999,24.57,24.93,93291.0
2021-11-01,EGX:EGAL,24.93,25.799999,24.93,25.290001,52838.0
2021-11-02,EGX:EGAL,25.290001,26.35,25.290001,25.629999,37744.0
2021-11-03,EGX:EGAL,25.629999,26.940001,25.0,25.440001,159594.0
2021-11-04,EGX:EGAL,25.440001,25.5,24.639999,24.98,32495.0
2021-11-07,EGX:EGAL,24.98,25.25,23.6,24.1,45640.0
2021-11-08,EGX:EGAL,24.1,24.950001,23.1,23.629999,77523.0
2021-11-09,EGX:EGAL,23.629999,25.23,23.299999,23.540001,45532.0
2021-11-10,EGX:EGAL,23.540001,24.0,23.1,23.76,44000.0
2021-11-11,EGX:EGAL,23.76,24.99,23.75,24.620001,50088.0
2021-11-14,EGX:EGAL,24.620001,24.73,23.07,23.48,66818.0
2021-11-15,EGX:EGAL,23.48,23.99,23.01,23.040001,24834.0
2021-11-16,EGX:EGAL,23.040001,23.379999,21.23,21.27,59499.0
2021-11-17,EGX:EGAL,21.27,21.99,21.0,21.139999,35399.0
2021-11-18,EGX:EGAL,21.139999,22.799999,21.01,21.84,46808.0
2021-11-21,EGX:EGAL,21.84,21.91,20.110001,20.26,18625.0
2021-11-22,EGX:EGAL,20.26,22.25,20.200001,22.129999,33944.0
2021-11-23,EGX:EGAL,22.129999,22.5,21.5,21.700001,27966.0
2021-11-24,EGX:EGAL,21.700001,22.0,21.5,21.700001,21019.0
2021-11-25,EGX:EGAL,21.700001,22.799999,21.6,22.799999,42377.0
2021-11-28,EGX:EGAL,22.799999,22.799999,20.0,21.0,92785.0
2021-11-29,EGX:EGAL,21.0,22.280001,20.51,21.0,152811.0
2021-11-30,EGX:EGAL,21.0,21.49,20.75,21.02,95345.0
2021-12-01,EGX:EGAL,21.02,21.950001,21.0,21.76,72529.0
2021-12-02,EGX:EGAL,21.76,21.799999,21.0,21.120001,28400.0
2021-12-05,EGX:EGAL,21.120001,21.5,20.799999,21.129999,45032.0
2021-12-06,EGX:EGAL,21.129999,22.1,20.620001,20.82,85854.0
2021-12-07,EGX:EGAL,20.82,21.34,20.0,20.120001,55808.0
2021-12-08,EGX:EGAL,20.120001,20.49,19.620001,20.120001,18897.0
2021-12-09,EGX:EGAL,20.120001,20.780001,20.0,20.120001,13310.0
2021-12-12,EGX:EGAL,20.120001,20.799999,19.309999,20.110001,23637.0
2021-12-13,EGX:EGAL,20.110001,20.4,19.6,19.66,20831.0
2021-12-14,EGX:EGAL,19.66,20.0,19.0,19.09,42562.0
2021-12-15,EGX:EGAL,19.09,20.0,19.0,19.91,54116.0
2021-12-16,EGX:EGAL,19.91,20.790001,19.91,20.18,18219.0
2021-12-19,EGX:EGAL,20.18,21.700001,19.799999,20.799999,94372.0
2021-12-20,EGX:EGAL,20.799999,21.09,20.59,20.799999,9078.0
2021-12-21,EGX:EGAL,20.799999,21.4,20.799999,20.799999,13220.0
2021-12-22,EGX:EGAL,20.799999,22.25,20.799999,21.809999,104404.0
2021-12-23,EGX:EGAL,21.809999,22.25,21.5,21.99,43693.0
2021-12-26,EGX:EGAL,21.99,22.23,21.1,21.57,31351.0
2021-12-27,EGX:EGAL,21.57,21.780001,21.139999,21.57,11475.0
2021-12-28,EGX:EGAL,21.57,21.57,21.139999,21.57,4824.0
2021-12-29,EGX:EGAL,21.57,21.68,20.82,21.01,28522.0
2021-12-30,EGX:EGAL,21.01,21.93,21.01,21.48,34209.0
2022-01-02,EGX:EGAL,21.48,23.49,21.27,22.91,86131.0
2022-01-03,EGX:EGAL,22.91,23.59,22.5,23.1,41538.0
2022-01-04,EGX:EGAL,23.1,23.639999,22.76,23.34,37766.0
2022-01-05,EGX:EGAL,23.34,24.34,22.9,24.0,231501.0
2022-01-09,EGX:EGAL,24.0,24.4,23.5,23.83,90070.0
2022-01-10,EGX:EGAL,23.83,24.0,23.549999,23.799999,92630.0
2022-01-11,EGX:EGAL,23.799999,23.9,23.299999,23.379999,18601.0
2022-01-12,EGX:EGAL,23.379999,24.0,23.01,23.91,60261.0
2022-01-13,EGX:EGAL,23.91,24.1,23.58,23.67,56228.0
2022-01-16,EGX:EGAL,23.67,23.67,22.41,23.0,22500.0
2022-01-17,EGX:EGAL,23.0,23.6,22.75,23.0,15938.0
2022-01-18,EGX:EGAL,23.0,23.73,23.0,23.0,12670.0
2022-01-19,EGX:EGAL,23.0,23.4,22.6,23.0,12180.0
2022-01-20,EGX:EGAL,23.0,24.0,22.799999,23.459999,64808.0
2022-01-23,EGX:EGAL,23.459999,23.6,22.780001,22.93,2500.0
2022-01-24,EGX:EGAL,23.459999,23.459999,22.700001,23.0,3072.0
2022-01-25,EGX:EGAL,23.459999,23.459999,22.030001,22.700001,12081.0
2022-01-26,EGX:EGAL,23.459999,23.459999,23.0,23.0,43718.0
2022-01-30,EGX:EGAL,23.030001,23.25,23.0,23.0,5857.0
2022-01-31,EGX:EGAL,23.030001,24.5,22.809999,24.5,73490.0
2022-02-01,EGX:EGAL,24.120001,25.0,24.120001,24.66,68633.0
2022-02-02,EGX:EGAL,24.66,25.0,24.209999,24.209999,40039.0
2022-02-03,EGX:EGAL,24.34,24.34,23.530001,23.540001,9476.0
2022-02-06,EGX:EGAL,24.34,24.459999,23.549999,24.049999,16599.0
2022-02-07,EGX:EGAL,24.030001,24.190001,23.43,23.99,27280.0
2022-02-08,EGX:EGAL,23.690001,24.6,23.690001,24.129999,80100.0
2022-02-09,EGX:EGAL,24.27,24.5,23.799999,23.809999,70508.0
2022-02-10,EGX:EGAL,23.82,24.49,23.6,24.110001,21793.0
2022-02-13,EGX:EGAL,24.110001,24.110001,22.5,22.99,10545.0
2022-02-14,EGX:EGAL,24.110001,24.110001,22.0,22.059999,47866.0
2022-02-15,EGX:EGAL,22.24,23.889999,22.24,22.549999,49014.0
2022-02-16,EGX:EGAL,22.870001,23.299999,22.870001,22.959999,13971.0
2022-02-17,EGX:EGAL,22.959999,23.5,22.959999,23.059999,7930.0
2022-02-20,EGX:EGAL,22.959999,23.35,22.51,22.51,28644.0
2022-02-21,EGX:EGAL,23.0,23.0,22.07,22.200001,15241.0
2022-02-22,EGX:EGAL,22.290001,25.0,22.01,24.969999,433385.0
2022-02-23,EGX:EGAL,24.969999,25.690001,24.629999,25.450001,145889.0
2022-02-24,EGX:EGAL,25.530001,25.530001,22.5,24.34,123260.0
2022-02-27,EGX:EGAL,24.34,25.959999,24.34,25.209999,97628.0
2022-02-28,EGX:EGAL,25.440001,26.01,24.879999,25.209999,103747.0
2022-03-01,EGX:EGAL,25.209999,26.049999,25.110001,25.25,147358.0
2022-03-02,EGX:EGAL,25.25,25.700001,25.200001,25.389999,75839.0
2022-03-03,EGX:EGAL,25.389999,25.74,25.15,25.549999,40767.0
2022-03-06,EGX:EGAL,25.57,26.65,25.57,25.99,163200.0
2022-03-07,EGX:EGAL,25.85,27.74,25.85,27.23,777051.0
2022-03-08,EGX:EGAL,27.23,27.469999,25.030001,26.01,380477.0
2022-03-09,EGX:EGAL,26.01,26.25,25.9,25.91,116460.0
2022-03-10,EGX:EGAL,25.92,25.92,25.0,25.290001,36874.0
2022-03-13,EGX:EGAL,25.290001,26.379999,25.290001,25.51,106852.0
2022-03-14,EGX:EGAL,25.51,27.299999,25.42,26.709999,266769.0
2022-03-15,EGX:EGAL,26.709999,27.0,25.049999,25.190001,149276.0
2022-03-16,EGX:EGAL,25.190001,25.85,25.1,25.84,170935.0
2022-03-17,EGX:EGAL,25.469999,26.0,24.120001,24.18,298491.0
2022-03-20,EGX:EGAL,24.209999,24.99,24.209999,24.549999,198014.0
2022-03-21,EGX:EGAL,24.549999,26.99,24.549999,25.790001,852578.0
2022-03-22,EGX:EGAL,25.790001,26.450001,25.6,25.76,232761.0
2022-03-23,EGX:EGAL,25.76,26.459999,25.309999,26.32,126285.0
2022-03-24,EGX:EGAL,26.32,27.610001,25.709999,25.84,675169.0
2022-03-27,EGX:EGAL,25.84,26.0,24.620001,25.110001,310941.0
2022-03-28,EGX:EGAL,25.110001,25.139999,23.299999,23.75,196809.0
2022-03-29,EGX:EGAL,23.75,24.0,20.549999,23.27,161866.0
2022-03-30,EGX:EGAL,23.27,23.9,22.01,22.18,196377.0
2022-03-31,EGX:EGAL,22.18,22.57,21.700001,22.17,194742.0
2022-04-03,EGX:EGAL,22.17,23.0,22.17,22.530001,200847.0
2022-04-04,EGX:EGAL,22.530001,23.25,22.4,22.450001,258878.0
2022-04-05,EGX:EGAL,22.450001,22.58,22.059999,22.110001,100823.0
2022-04-06,EGX:EGAL,22.110001,22.4,21.719999,21.809999,109161.0
2022-04-07,EGX:EGAL,21.98,22.59,21.059999,21.16,93265.0
2022-04-10,EGX:EGAL,21.129999,21.16,19.4,20.01,240881.0
2022-04-11,EGX:EGAL,19.92,20.9,19.6,19.790001,176079.0
2022-04-12,EGX:EGAL,19.790001,20.49,19.790001,20.33,100782.0
2022-04-13,EGX:EGAL,20.33,20.76,20.0,20.0,89922.0
2022-04-14,EGX:EGAL,20.049999,20.049999,19.299999,19.450001,32131.0
2022-04-17,EGX:EGAL,19.450001,19.74,17.66,17.66,59051.0
2022-04-18,EGX:EGAL,17.98,18.91,16.26,18.91,229939.0
2022-04-19,EGX:EGAL,18.52,18.959999,18.52,18.67,32269.0
2022-04-20,EGX:EGAL,18.67,20.299999,17.84,20.299999,82075.0
2022-04-21,EGX:EGAL,19.559999,20.469999,19.559999,20.030001,70569.0
2022-04-26,EGX:EGAL,20.030001,20.15,19.120001,20.0,25910.0
2022-04-27,EGX:EGAL,20.0,20.450001,19.299999,20.0,29635.0
2022-04-28,EGX:EGAL,20.0,21.85,20.0,21.610001,127027.0
2022-05-08,EGX:EGAL,21.610001,22.01,21.0,21.389999,256304.0
2022-05-09,EGX:EGAL,21.389999,21.870001,20.1,20.1,270837.0
2022-05-10,EGX:EGAL,20.17,20.389999,19.66,19.700001,88588.0
2022-05-11,EGX:EGAL,19.700001,20.4,19.66,20.200001,250871.0
2022-05-12,EGX:EGAL,20.200001,20.360001,19.73,19.9,147035.0
2022-05-15,EGX:EGAL,20.01,20.360001,19.700001,19.809999,131448.0
2022-05-16,EGX:EGAL,19.809999,20.1,19.5,19.67,43534.0
2022-05-17,EGX:EGAL,19.67,20.08,19.6,19.65,42584.0
2022-05-18,EGX:EGAL,19.65,19.75,19.360001,19.48,48299.0
2022-05-19,EGX:EGAL,19.48,19.48,18.75,19.0,88484.0
2022-05-22,EGX:EGAL,19.0,19.440001,18.75,19.01,55118.0
2022-05-23,EGX:EGAL,19.01,19.23,18.4,18.57,70834.0
2022-05-24,EGX:EGAL,18.57,18.870001,18.4,18.49,99768.0
2022-05-25,EGX:EGAL,18.48,18.9,17.59,17.620001,168865.0
2022-05-26,EGX:EGAL,17.620001,17.870001,17.0,17.49,158442.0
2022-05-29,EGX:EGAL,17.49,18.68,17.02,18.209999,398974.0
2022-05-30,EGX:EGAL,18.209999,19.4,17.51,17.73,1186105.0
2022-05-31,EGX:EGAL,17.73,18.209999,17.200001,17.9,461537.0
2022-06-01,EGX:EGAL,17.9,17.98,17.26,17.309999,174680.0
2022-06-02,EGX:EGAL,17.309999,17.5,17.110001,17.309999,113723.0
2022-06-05,EGX:EGAL,17.309999,17.639999,17.25,17.4,107793.0
2022-06-06,EGX:EGAL,17.4,17.5,17.0,17.17,76872.0
2022-06-07,EGX:EGAL,17.07,17.690001,17.0,17.35,148452.0
2022-06-08,EGX:EGAL,17.35,18.0,17.35,17.75,279695.0
2022-06-09,EGX:EGAL,17.75,18.120001,17.66,17.85,108098.0
2022-06-12,EGX:EGAL,17.73,17.99,17.16,17.48,205934.0
2022-06-13,EGX:EGAL,17.48,17.549999,16.959999,17.200001,280315.0
2022-06-14,EGX:EGAL,17.200001,17.34,17.049999,17.139999,66702.0
2022-06-15,EGX:EGAL,17.139999,17.299999,17.01,17.08,106637.0
2022-06-16,EGX:EGAL,17.08,17.459999,17.02,17.110001,142272.0
2022-06-19,EGX:EGAL,17.110001,17.15,16.57,16.690001,129532.0
2022-06-20,EGX:EGAL,16.67,16.709999,16.370001,16.389999,80606.0
2022-06-21,EGX:EGAL,16.389999,16.700001,16.030001,16.1,312512.0
2022-06-22,EGX:EGAL,16.1,16.200001,15.9,16.0,202104.0
2022-06-23,EGX:EGAL,15.98,16.0,15.3,15.43,212190.0
2022-06-26,EGX:EGAL,15.43,15.75,15.04,15.11,192656.0
2022-06-27,EGX:EGAL,15.11,16.0,15.06,15.62,473715.0
2022-06-28,EGX:EGAL,15.62,16.360001,15.62,15.94,401053.0
2022-06-29,EGX:EGAL,15.94,16.799999,15.94,16.530001,635092.0
2022-07-03,EGX:EGAL,16.530001,16.690001,15.2,15.7,389745.0
2022-07-04,EGX:EGAL,15.7,15.75,14.24,14.32,303090.0
2022-07-05,EGX:EGAL,14.35,14.75,14.11,14.19,186119.0
2022-07-06,EGX:EGAL,14.19,14.41,13.6,13.98,145157.0
2022-07-07,EGX:EGAL,13.98,14.4,13.95,14.02,126918.0
2022-07-17,EGX:EGAL,14.02,14.4,13.76,13.85,56230.0
2022-07-18,EGX:EGAL,13.85,14.2,13.85,14.06,84100.0
2022-07-19,EGX:EGAL,14.06,14.8,14.06,14.8,399796.0
2022-07-20,EGX:EGAL,14.64,14.98,14.62,14.75,286639.0
2022-07-21,EGX:EGAL,14.75,15.59,14.62,15.27,415793.0
2022-07-24,EGX:EGAL,15.27,16.120001,15.23,16.059999,511205.0
2022-07-25,EGX:EGAL,16.059999,16.5,16.0,16.040001,245976.0
2022-07-26,EGX:EGAL,16.040001,16.379999,16.0,16.059999,121304.0
2022-07-27,EGX:EGAL,16.059999,16.370001,15.6,15.78,232798.0
2022-07-28,EGX:EGAL,15.78,16.0,15.7,15.94,93910.0
2022-07-31,EGX:EGAL,15.94,16.35,15.94,16.110001,229946.0
2022-08-01,EGX:EGAL,16.110001,16.360001,15.62,15.76,97217.0
2022-08-02,EGX:EGAL,15.76,15.97,15.7,15.8,26724.0
2022-08-03,EGX:EGAL,15.8,16.16,15.8,16.040001,36182.0
2022-08-04,EGX:EGAL,15.98,16.65,15.95,16.58,323163.0
2022-08-07,EGX:EGAL,16.58,17.24,16.58,17.01,281340.0
2022-08-08,EGX:EGAL,17.01,17.559999,16.940001,17.02,322578.0
2022-08-09,EGX:EGAL,17.02,17.32,16.6,16.700001,236088.0
2022-08-10,EGX:EGAL,16.700001,17.700001,16.700001,17.059999,682342.0
2022-08-11,EGX:EGAL,17.059999,17.450001,17.040001,17.120001,459805.0
2022-08-14,EGX:EGAL,17.120001,18.459999,17.120001,17.870001,763116.0
2022-08-15,EGX:EGAL,17.870001,18.200001,17.33,17.559999,276868.0
2022-08-16,EGX:EGAL,17.559999,17.700001,17.25,17.290001,180267.0
2022-08-17,EGX:EGAL,17.290001,17.6,17.200001,17.41,117040.0
2022-08-18,EGX:EGAL,17.41,17.780001,17.299999,17.4,118811.0
2022-08-21,EGX:EGAL,17.4,17.9,17.4,17.65,190920.0
2022-08-22,EGX:EGAL,17.65,17.860001,17.4,17.459999,223870.0
2022-08-23,EGX:EGAL,17.459999,17.860001,17.459999,17.49,227732.0
2022-08-24,EGX:EGAL,17.51,17.75,17.200001,17.25,116886.0
2022-08-25,EGX:EGAL,17.25,17.66,17.200001,17.389999,127721.0
2022-08-28,EGX:EGAL,17.389999,17.620001,17.25,17.280001,114991.0
2022-08-29,EGX:EGAL,17.280001,17.549999,17.219999,17.219999,126652.0
2022-08-30,EGX:EGAL,17.360001,17.65,17.23,17.59,124366.0
2022-08-31,EGX:EGAL,17.49,17.98,17.309999,17.32,72375.0
2022-09-01,EGX:EGAL,17.32,17.5,16.6,17.1,77338.0
2022-09-04,EGX:EGAL,17.040001,17.299999,16.799999,17.299999,54992.0
2022-09-05,EGX:EGAL,17.26,17.59,17.26,17.530001,93299.0
2022-09-06,EGX:EGAL,17.530001,19.35,17.530001,19.02,1152568.0
2022-09-07,EGX:EGAL,19.02,21.23,19.02,20.440001,1270718.0
2022-09-08,EGX:EGAL,20.440001,21.0,20.1,20.219999,395325.0
2022-09-11,EGX:EGAL,20.219999,21.700001,20.209999,20.85,285066.0
2022-09-12,EGX:EGAL,20.75,21.0,20.360001,20.440001,154821.0
2022-09-13,EGX:EGAL,20.440001,20.9,20.15,20.200001,159287.0
2022-09-14,EGX:EGAL,20.219999,20.219999,19.299999,19.6,300149.0
2022-09-15,EGX:EGAL,19.6,20.75,19.5,20.34,428230.0
2022-09-18,EGX:EGAL,20.34,20.799999,19.18,19.26,182994.0
2022-09-19,EGX:EGAL,19.26,19.5,18.629999,19.41,90545.0
2022-09-20,EGX:EGAL,19.41,20.209999,19.360001,19.559999,205576.0
2022-09-21,EGX:EGAL,19.559999,20.040001,19.5,19.6,120573.0
2022-09-22,EGX:EGAL,19.6,19.68,18.91,19.01,130770.0
2022-09-25,EGX:EGAL,19.01,19.1,18.459999,18.65,111423.0
2022-09-26,EGX:EGAL,18.65,19.73,18.65,19.25,134844.0
2022-09-27,EGX:EGAL,19.370001,19.85,19.200001,19.200001,86347.0
2022-09-28,EGX:EGAL,19.309999,19.389999,18.799999,18.860001,61528.0
2022-09-29,EGX:EGAL,18.860001,19.549999,18.860001,19.1,73056.0
2022-10-02,EGX:EGAL,19.1,19.299999,18.67,18.709999,53722.0
2022-10-03,EGX:EGAL,18.700001,19.129999,18.51,18.52,50411.0
2022-10-04,EGX:EGAL,18.549999,19.139999,18.549999,18.790001,43415.0
2022-10-05,EGX:EGAL,18.790001,19.120001,18.57,18.700001,70578.0
2022-10-09,EGX:EGAL,18.700001,19.0,18.459999,18.51,63466.0
2022-10-10,EGX:EGAL,18.51,18.75,18.26,18.32,75180.0
2022-10-11,EGX:EGAL,18.32,18.690001,17.6,17.67,102122.0
2022-10-12,EGX:EGAL,17.67,17.84,16.9,17.0,134926.0
2022-10-13,EGX:EGAL,17.0,18.0,17.0,17.83,149237.0
2022-10-16,EGX:EGAL,17.83,18.48,17.6,18.25,96250.0
2022-10-17,EGX:EGAL,18.25,20.889999,18.25,20.09,547609.0
2022-10-18,EGX:EGAL,20.09,24.1,20.09,24.1,2268768.0
2022-10-19,EGX:EGAL,24.1,26.389999,24.1,25.5,2276789.0
2022-10-20,EGX:EGAL,25.5,25.66,24.0,25.0,1266576.0
2022-10-23,EGX:EGAL,25.0,25.77,24.0,24.059999,1417950.0
2022-10-24,EGX:EGAL,24.059999,24.200001,23.4,23.5,450364.0
2022-10-25,EGX:EGAL,23.5,24.780001,23.139999,24.4,1190752.0
2022-10-26,EGX:EGAL,24.4,24.799999,24.01,24.049999,670490.0
2022-10-27,EGX:EGAL,24.049999,25.35,24.049999,25.049999,1270484.0
2022-10-30,EGX:EGAL,25.15,25.5,24.9,25.040001,382225.0
2022-10-31,EGX:EGAL,25.040001,25.74,25.0,25.370001,432825.0
2022-11-01,EGX:EGAL,25.370001,25.77,25.370001,25.59,408381.0
2022-11-02,EGX:EGAL,25.52,27.450001,25.4,26.9,1423013.0
2022-11-03,EGX:EGAL,26.9,28.370001,26.9,27.58,1162312.0
2022-11-06,EGX:EGAL,27.89999962,29.60000038,27.79999924,29.36000061,1270781.0
2022-11-07,EGX:EGAL,29.360001,29.799999,28.35,28.799999,740128.0
2022-11-08,EGX:EGAL,28.799999,29.0,27.9,28.129999,283711.0
2022-11-09,EGX:EGAL,28.129999,28.77,27.9,28.370001,261515.0
2022-11-10,EGX:EGAL,28.370001,29.299999,28.200001,28.85,447687.0
2022-11-13,EGX:EGAL,28.85,30.200001,28.85,29.799999,597467.0
2022-11-14,EGX:EGAL,29.75,30.1,29.35,29.75,421031.0
2022-11-15,EGX:EGAL,29.75,29.9,29.42,29.57,204711.0
2022-11-16,EGX:EGAL,29.57,30.75,29.559999,30.51,392798.0
2022-11-17,EGX:EGAL,30.51,31.42,30.51,31.219999,479949.0
2022-11-20,EGX:EGAL,31.219999,31.559999,30.610001,31.1,833423.0
2022-11-21,EGX:EGAL,31.1,31.34,30.02,31.23,1012418.0
2022-11-22,EGX:EGAL,31.23,31.23,26.799999,27.469999,799369.0
2022-11-23,EGX:EGAL,27.469999,27.879999,26.41,26.57,416879.0
2022-11-24,EGX:EGAL,26.57,26.780001,25.610001,25.870001,458403.0
2022-11-27,EGX:EGAL,25.870001,28.4,25.870001,28.15,668008.0
2022-11-28,EGX:EGAL,28.15,29.469999,28.15,28.540001,813029.0
2022-11-29,EGX:EGAL,28.540001,29.280001,28.5,29.16,430242.0
2022-11-30,EGX:EGAL,29.16,29.700001,28.5,28.58,371144.0
2022-12-01,EGX:EGAL,28.58,29.4,28.58,29.129999,392594.0
2022-12-04,EGX:EGAL,29.07,30.57,29.07,30.1,693652.0
2022-12-05,EGX:EGAL,30.1,30.5,29.299999,29.299999,288106.0
2022-12-06,EGX:EGAL,29.52,29.85,28.85,28.959999,389932.0
2022-12-07,EGX:EGAL,28.959999,30.0,28.959999,29.26,361906.0
2022-12-08,EGX:EGAL,29.209999,29.75,29.1,29.33,142050.0
2022-12-11,EGX:EGAL,29.33,30.280001,29.25,29.610001,530330.0
2022-12-12,EGX:EGAL,29.610001,29.68,28.0,28.690001,325428.0
2022-12-13,EGX:EGAL,28.690001,29.75,28.690001,29.530001,329974.0
2022-12-14,EGX:EGAL,29.530001,31.48,29.530001,31.299999,785961.0
2022-12-15,EGX:EGAL,31.299999,31.469999,29.51,29.66,441485.0
2022-12-18,EGX:EGAL,29.66,30.0,29.059999,29.41,183634.0
2022-12-19,EGX:EGAL,29.41,29.799999,28.01,28.92,167316.0
2022-12-20,EGX:EGAL,28.92,29.5,28.5,28.690001,138009.0
2022-12-21,EGX:EGAL,28.690001,28.99,28.26,28.5,83609.0
2022-12-22,EGX:EGAL,28.41,29.139999,28.379999,28.58,117309.0
2022-12-25,EGX:EGAL,28.58,28.74,27.879999,28.219999,104038.0
2022-12-26,EGX:EGAL,28.219999,29.25,28.219999,29.1,133365.0
2022-12-27,EGX:EGAL,28.93,29.25,28.75,28.84,72286.0
2022-12-28,EGX:EGAL,28.84,29.0,28.73,28.799999,77347.0
2022-12-29,EGX:EGAL,28.799999,29.0,28.41,28.52,132559.0
2023-01-02,EGX:EGAL,28.58,29.290001,28.58,29.030001,160615.0
2023-01-03,EGX:EGAL,29.030001,29.5,29.0,29.129999,217484.0
2023-01-04,EGX:EGAL,29.129999,29.65,27.75,29.5,513968.0
2023-01-05,EGX:EGAL,29.5,31.889999,29.5,31.24,1063990.0
2023-01-09,EGX:EGAL,31.24,33.970001,31.24,32.91,1271905.0
2023-01-10,EGX:EGAL,32.91,33.650002,32.130001,32.599998,778693.0
2023-01-11,EGX:EGAL,32.599998,33.900002,32.25,32.889999,498077.0
2023-01-12,EGX:EGAL,32.720001,33.580002,32.259998,32.959999,231840.0
2023-01-15,EGX:EGAL,32.959999,35.959999,32.959999,35.5,1204882.0
2023-01-16,EGX:EGAL,35.380001,36.900002,35.349998,35.459999,569662.0
2023-01-17,EGX:EGAL,35.459999,37.5,35.459999,37.220001,681109.0
2023-01-18,EGX:EGAL,37.220001,37.900002,35.799999,35.93,449816.0
2023-01-19,EGX:EGAL,35.93,36.490002,35.5,36.130001,246458.0
2023-01-22,EGX:EGAL,35.939999,36.799999,35.619999,35.84,156076.0
2023-01-23,EGX:EGAL,35.84,36.0,34.0,34.290001,275550.0
2023-01-24,EGX:EGAL,34.290001,35.5,34.119999,34.810001,142211.0
2023-01-25,EGX:EGAL,34.810001,35.439999,34.639999,35.169998,232152.0
2023-01-29,EGX:EGAL,35.169998,36.0,35.0,35.34,214140.0
2023-01-30,EGX:EGAL,35.34,36.360001,34.220001,34.860001,260425.0
2023-01-31,EGX:EGAL,34.860001,36.25,33.0,33.75,637721.0
2023-02-01,EGX:EGAL,33.75,34.650002,32.099998,32.919998,227542.0
2023-02-02,EGX:EGAL,32.919998,33.650002,32.25,32.34,116888.0
2023-02-05,EGX:EGAL,32.34,32.990002,30.0,31.870001,226365.0
2023-02-06,EGX:EGAL,31.870001,32.5,31.6,31.85,102398.0
2023-02-07,EGX:EGAL,31.85,34.18,31.85,33.509998,278019.0
2023-02-08,EGX:EGAL,33.509998,34.0,32.919998,33.66,201067.0
2023-02-09,EGX:EGAL,33.66,34.0,33.299999,33.880001,160602.0
2023-02-12,EGX:EGAL,33.880001,34.5,33.5,33.66,145766.0
2023-02-13,EGX:EGAL,33.66,34.25,32.810001,33.049999,97949.0
2023-02-14,EGX:EGAL,33.049999,33.5,32.77,33.139999,114095.0
2023-02-15,EGX:EGAL,33.139999,34.599998,33.139999,33.970001,240259.0
2023-02-16,EGX:EGAL,33.970001,35.5,33.970001,35.07,555423.0
2023-02-19,EGX:EGAL,35.07,35.849998,34.209999,34.299999,295400.0
2023-02-20,EGX:EGAL,34.5,35.27,33.009998,33.330002,171276.0
2023-02-21,EGX:EGAL,33.330002,34.48,33.0,33.91,138166.0
2023-02-22,EGX:EGAL,33.91,34.290001,32.700001,33.029999,178146.0
2023-02-23,EGX:EGAL,33.029999,33.82,32.759998,33.110001,124111.0
2023-02-26,EGX:EGAL,33.110001,35.900002,33.110001,35.049999,531312.0
2023-02-27,EGX:EGAL,35.049999,35.799999,34.32,34.52,222468.0
2023-02-28,EGX:EGAL,34.52,35.0,34.139999,34.639999,197552.0
2023-03-01,EGX:EGAL,34.639999,35.09,34.189999,34.400002,136231.0
2023-03-02,EGX:EGAL,34.400002,34.84,34.18,34.509998,63186.0
2023-03-05,EGX:EGAL,34.330002,34.790001,31.6,34.48,89064.0
2023-03-06,EGX:EGAL,34.48,35.700001,34.48,34.709999,243247.0
2023-03-07,EGX:EGAL,34.709999,37.48,34.709999,36.299999,1296048.0
2023-03-08,EGX:EGAL,36.299999,37.299999,36.299999,36.709999,477070.0
2023-03-09,EGX:EGAL,36.709999,37.0,36.169998,36.419998,160393.0
2023-03-12,EGX:EGAL,36.419998,36.419998,34.380001,34.48,439078.0
2023-03-13,EGX:EGAL,34.48,35.200001,31.5,32.57,385067.0
2023-03-14,EGX:EGAL,31.879999,33.689999,31.65,33.360001,170271.0
2023-03-15,EGX:EGAL,33.360001,34.490002,28.5,30.0,285521.0
2023-03-16,EGX:EGAL,31.219999,31.57,28.5,31.379999,323000.0
2023-03-19,EGX:EGAL,31.379999,31.6,30.0,31.01,75438.0
2023-03-20,EGX:EGAL,31.01,32.700001,31.01,32.400002,138124.0
2023-03-21,EGX:EGAL,32.400002,33.700001,32.400002,33.540001,157256.0
2023-03-22,EGX:EGAL,33.540001,34.959999,33.540001,33.75,213700.0
2023-03-23,EGX:EGAL,33.75,34.450001,33.099998,34.130001,50415.0
2023-03-26,EGX:EGAL,34.130001,37.93,34.130001,37.139999,485852.0
2023-03-27,EGX:EGAL,37.139999,37.900002,36.52,36.860001,374703.0
2023-03-28,EGX:EGAL,36.860001,37.240002,35.939999,36.349998,182324.0
2023-03-29,EGX:EGAL,36.349998,37.599998,36.349998,36.84,701395.0
2023-03-30,EGX:EGAL,36.84,37.5,36.009998,36.200001,443348.0
2023-04-02,EGX:EGAL,36.200001,38.380001,36.0,37.740002,376747.0
2023-04-03,EGX:EGAL,37.740002,39.950001,37.740002,39.900002,521404.0
2023-04-04,EGX:EGAL,39.189999,40.32,38.939999,39.23,290413.0
2023-04-05,EGX:EGAL,39.23,39.389999,38.110001,38.490002,165298.0
2023-04-06,EGX:EGAL,38.490002,39.75,38.490002,38.990002,328558.0
2023-04-09,EGX:EGAL,38.990002,39.970001,38.810001,39.0,175688.0
2023-04-10,EGX:EGAL,39.049999,39.689999,38.75,38.939999,131586.0
2023-04-11,EGX:EGAL,38.939999,39.490002,38.700001,38.91,153081.0
2023-04-12,EGX:EGAL,38.91,39.290001,38.5,38.970001,162782.0
2023-04-13,EGX:EGAL,38.669998,39.5,38.5,39.099998,183981.0
2023-04-18,EGX:EGAL,39.099998,41.880001,39.099998,41.5,346398.0
2023-04-19,EGX:EGAL,41.5,42.189999,40.900002,41.200001,250692.0
2023-04-26,EGX:EGAL,41.25,41.5,40.509998,40.82,80672.0
2023-04-27,EGX:EGAL,40.82,42.380001,40.82,42.209999,329713.0
2023-04-30,EGX:EGAL,42.209999,44.5,42.209999,43.950001,487763.0
2023-05-01,EGX:EGAL,43.950001,43.950001,42.0,42.869999,228038.0
2023-05-02,EGX:EGAL,42.869999,42.93,41.060001,41.57,179285.0
2023-05-03,EGX:EGAL,41.57,43.599998,41.529999,43.169998,295787.0
2023-05-07,EGX:EGAL,43.169998,43.799999,42.5,43.68,232214.0
2023-05-08,EGX:EGAL,43.68,46.0,43.330002,46.0,637529.0
2023-05-09,EGX:EGAL,46.0,46.880001,45.009998,45.189999,338775.0
2023-05-10,EGX:EGAL,45.189999,46.98,44.610001,46.34,312638.0
2023-05-11,EGX:EGAL,46.34,46.889999,45.419998,45.549999,165607.0
2023-05-14,EGX:EGAL,45.549999,47.5,45.549999,47.5,290421.0
2023-05-15,EGX:EGAL,47.5,48.5,46.040001,46.419998,190625.0
2023-05-16,EGX:EGAL,46.419998,46.48,45.23,45.73,191093.0
2023-05-17,EGX:EGAL,45.73,46.740002,44.0,44.130001,238691.0
2023-05-18,EGX:EGAL,44.130001,44.75,43.029999,43.93,160405.0
2023-05-21,EGX:EGAL,43.93,44.599998,43.700001,43.759998,66559.0
2023-05-22,EGX:EGAL,43.759998,44.689999,43.400002,43.439999,103084.0
2023-05-23,EGX:EGAL,43.439999,43.959999,42.0,43.099998,202420.0
2023-05-24,EGX:EGAL,43.07,43.5,42.52,43.009998,96773.0
2023-05-25,EGX:EGAL,43.009998,43.880001,42.700001,42.790001,51961.0
2023-05-28,EGX:EGAL,42.790001,43.799999,42.790001,43.16,87126.0
2023-05-29,EGX:EGAL,43.16,43.34,42.860001,43.060001,75776.0
2023-05-30,EGX:EGAL,43.060001,43.98,43.060001,43.939999,162519.0
2023-05-31,EGX:EGAL,43.939999,44.889999,43.619999,43.639999,162018.0
2023-06-01,EGX:EGAL,43.639999,44.189999,43.459999,43.5,93110.0
2023-06-04,EGX:EGAL,43.5,43.959999,43.049999,43.099998,94869.0
2023-06-05,EGX:EGAL,43.099998,43.450001,42.200001,42.759998,106527.0
2023-06-06,EGX:EGAL,42.5,42.82,42.41,42.470001,61275.0
2023-06-07,EGX:EGAL,42.470001,42.549999,41.41,41.419998,58618.0
2023-06-08,EGX:EGAL,41.470001,42.200001,41.07,42.200001,68801.0
2023-06-11,EGX:EGAL,42.0,43.689999,42.0,43.5,59578.0
2023-06-12,EGX:EGAL,43.419998,44.0,43.419998,43.650002,42825.0
2023-06-13,EGX:EGAL,43.799999,43.990002,43.099998,43.299999,64200.0
2023-06-14,EGX:EGAL,43.299999,43.84,43.110001,43.490002,38933.0
2023-06-15,EGX:EGAL,43.41,43.459999,42.200001,43.0,105307.0
2023-06-18,EGX:EGAL,43.0,43.5,43.0,43.380001,40236.0
2023-06-19,EGX:EGAL,43.099998,45.0,43.009998,43.599998,226208.0
2023-06-20,EGX:EGAL,43.599998,44.889999,43.5,44.139999,261407.0
2023-06-21,EGX:EGAL,44.139999,44.689999,42.73,43.369999,79799.0
2023-06-22,EGX:EGAL,42.98,43.369999,42.799999,43.0,55410.0
2023-06-25,EGX:EGAL,43.0,43.389999,42.099998,42.599998,94879.0
2023-06-26,EGX:EGAL,42.57,43.25,42.5,42.77,39429.0
2023-07-04,EGX:EGAL,42.77,42.900002,42.009998,42.099998,41702.0
2023-07-05,EGX:EGAL,42.099998,42.5,42.029999,42.029999,38136.0
2023-07-06,EGX:EGAL,42.07,42.75,41.5,41.73,72402.0
2023-07-09,EGX:EGAL,41.700001,41.700001,38.0,39.0,229227.0
2023-07-10,EGX:EGAL,39.0,42.0,37.77,41.990002,156715.0
2023-07-11,EGX:EGAL,41.990002,42.5,40.049999,41.02,89055.0
2023-07-12,EGX:EGAL,41.02,41.48,40.75,41.310001,31208.0
2023-07-13,EGX:EGAL,41.310001,42.880001,41.009998,42.330002,177003.0
2023-07-16,EGX:EGAL,42.330002,43.099998,42.099998,42.16,82856.0
2023-07-17,EGX:EGAL,42.16,42.740002,41.52,41.919998,59822.0
2023-07-18,EGX:EGAL,41.919998,42.950001,41.919998,42.52,37282.0
2023-07-19,EGX:EGAL,42.52,43.599998,42.509998,43.419998,145457.0
2023-07-24,EGX:EGAL,43.299999,43.689999,42.66,42.720001,34023.0
2023-07-25,EGX:EGAL,42.700001,43.279999,41.5,42.25,24770.0
2023-07-26,EGX:EGAL,42.240002,43.5,42.0,43.490002,135412.0
2023-07-27,EGX:EGAL,43.490002,43.759998,43.009998,43.110001,16151.0
2023-07-30,EGX:EGAL,43.110001,43.799999,43.0,43.220001,79994.0
2023-07-31,EGX:EGAL,43.220001,43.689999,43.040001,43.150002,17662.0
2023-08-01,EGX:EGAL,43.150002,44.09,43.009998,43.68,83657.0
2023-08-02,EGX:EGAL,43.400002,43.990002,43.0,43.150002,38510.0
2023-08-03,EGX:EGAL,43.150002,44.740002,43.0,43.84,142037.0
2023-08-06,EGX:EGAL,43.84,44.5,43.599998,44.080002,67883.0
2023-08-07,EGX:EGAL,44.16,44.849998,44.099998,44.27,85521.0
2023-08-08,EGX:EGAL,44.27,44.700001,43.900002,43.900002,63319.0
2023-08-09,EGX:EGAL,44.07,44.25,43.25,43.400002,108559.0
2023-08-10,EGX:EGAL,43.400002,44.0,43.360001,43.900002,33271.0
2023-08-13,EGX:EGAL,43.900002,44.200001,43.540001,43.619999,43733.0
2023-08-14,EGX:EGAL,43.93,45.439999,43.93,44.540001,268351.0
2023-08-15,EGX:EGAL,44.540001,44.900002,44.0,44.18,66828.0
2023-08-16,EGX:EGAL,44.18,45.299999,44.139999,44.75,294219.0
2023-08-17,EGX:EGAL,44.959999,45.59,44.75,45.25,166169.0
2023-08-20,EGX:EGAL,45.25,45.650002,45.099998,45.169998,62195.0
2023-08-21,EGX:EGAL,45.169998,45.509998,45.0,45.0,80280.0
2023-08-22,EGX:EGAL,45.0,46.200001,44.860001,46.0,252753.0
2023-08-23,EGX:EGAL,46.0,46.009998,45.5,45.610001,91890.0
2023-08-24,EGX:EGAL,45.610001,45.900002,45.150002,45.439999,96021.0
2023-08-27,EGX:EGAL,45.439999,46.0,45.299999,45.810001,36831.0
2023-08-28,EGX:EGAL,45.810001,46.59,45.400002,46.0,518997.0
2023-08-29,EGX:EGAL,46.029999,47.099998,46.029999,46.759998,233054.0
2023-08-30,EGX:EGAL,46.98,47.25,46.459999,46.580002,78718.0
2023-08-31,EGX:EGAL,46.580002,46.990002,46.0,46.0,58909.0
2023-09-03,EGX:EGAL,46.0,46.59,45.5,45.599998,85640.0
2023-09-04,EGX:EGAL,45.599998,48.0,45.599998,47.080002,334649.0
2023-09-05,EGX:EGAL,47.080002,48.5,47.080002,48.48,232220.0
2023-09-06,EGX:EGAL,48.48,48.5,46.560001,46.970001,121249.0
2023-09-07,EGX:EGAL,46.970001,47.970001,46.799999,47.639999,43419.0
2023-09-10,EGX:EGAL,47.639999,48.0,47.200001,47.299999,39042.0
2023-09-11,EGX:EGAL,47.439999,47.900002,46.110001,46.150002,74766.0
2023-09-12,EGX:EGAL,46.150002,46.799999,46.150002,46.470001,50029.0
2023-09-13,EGX:EGAL,46.470001,47.0,46.060001,46.650002,27169.0
2023-09-14,EGX:EGAL,46.650002,47.470001,46.509998,46.75,13979.0
2023-09-17,EGX:EGAL,46.75,47.240002,46.540001,47.220001,27164.0
2023-09-18,EGX:EGAL,47.080002,47.5,46.830002,47.040001,52345.0
2023-09-19,EGX:EGAL,47.040001,47.5,46.810001,47.110001,32636.0
2023-09-20,EGX:EGAL,47.150002,47.400002,46.060001,46.5,144811.0
2023-09-21,EGX:EGAL,46.5,46.990002,45.810001,45.810001,104025.0
2023-09-24,EGX:EGAL,45.810001,47.57,45.799999,46.200001,292683.0
2023-09-25,EGX:EGAL,45.880001,46.959999,45.799999,46.959999,143443.0
2023-09-26,EGX:EGAL,46.630001,46.990002,45.799999,45.810001,124471.0
2023-09-27,EGX:EGAL,45.810001,46.0,44.779999,45.0,156235.0
2023-10-01,EGX:EGAL,45.0,46.299999,44.720001,46.299999,92968.0
2023-10-02,EGX:EGAL,46.110001,46.400002,44.419998,45.009998,96034.0
2023-10-03,EGX:EGAL,45.009998,45.389999,43.619999,43.98,96599.0
2023-10-04,EGX:EGAL,43.98,45.0,43.900002,44.02,30388.0
2023-10-08,EGX:EGAL,44.02,44.02,39.0,42.470001,194485.0
2023-10-09,EGX:EGAL,42.470001,42.939999,41.0,41.220001,78338.0
2023-10-10,EGX:EGAL,41.220001,41.860001,41.0,41.32,82326.0
2023-10-11,EGX:EGAL,41.32,43.0,41.32,41.689999,110984.0
2023-10-12,EGX:EGAL,41.689999,43.98,41.689999,43.5,93288.0
2023-10-15,EGX:EGAL,43.52,45.0,43.52,44.450001,74237.0
2023-10-16,EGX:EGAL,44.119999,46.220001,44.119999,45.98,300298.0
2023-10-17,EGX:EGAL,45.98,47.599998,45.07,46.0,684259.0
2023-10-18,EGX:EGAL,46.0,46.98,44.849998,44.959999,393385.0
2023-10-19,EGX:EGAL,44.959999,45.5,43.200001,43.5,317828.0
2023-10-22,EGX:EGAL,43.259998,46.240002,43.259998,46.029999,226047.0
2023-10-23,EGX:EGAL,46.029999,54.490002,46.029999,53.990002,1763660.0
2023-10-24,EGX:EGAL,53.990002,63.98,53.990002,63.25,1395550.0
2023-10-25,EGX:EGAL,63.25,71.970001,63.25,67.800003,1234585.0
2023-10-26,EGX:EGAL,67.800003,70.0,64.5,67.099998,667205.0
2023-10-29,EGX:EGAL,67.099998,71.489998,67.099998,70.440002,548705.0
2023-10-30,EGX:EGAL,70.440002,73.970001,69.150002,71.559998,939000.0
2023-10-31,EGX:EGAL,71.559998,74.5,67.0,67.0,554637.0
2023-11-01,EGX:EGAL,67.0,68.599998,64.269997,65.82,476393.0
2023-11-02,EGX:EGAL,65.82,69.300003,65.82,67.459999,292863.0
2023-11-05,EGX:EGAL,67.459999,70.25,67.459999,68.5,198913.0
2023-11-06,EGX:EGAL,68.5,72.989998,68.5,69.050003,573578.0
2023-11-07,EGX:EGAL,69.050003,76.010002,69.050003,72.599998,406742.0
2023-11-08,EGX:EGAL,72.599998,79.0,72.599998,77.699997,796432.0
2023-11-09,EGX:EGAL,77.699997,79.989998,75.5,76.019997,386648.0
2023-11-12,EGX:EGAL,76.019997,77.489998,74.010002,74.529999,424287.0
2023-11-13,EGX:EGAL,74.529999,76.760002,74.529999,75.370003,208924.0
2023-11-14,EGX:EGAL,75.370003,76.690002,74.690002,74.800003,174755.0
2023-11-15,EGX:EGAL,74.800003,77.5,74.800003,75.599998,301267.0
2023-11-16,EGX:EGAL,75.599998,76.300003,74.800003,75.230003,253437.0
2023-11-19,EGX:EGAL,75.230003,77.489998,75.230003,77.080002,293417.0
2023-11-20,EGX:EGAL,77.080002,79.489998,75.800003,76.809998,773557.0
2023-11-21,EGX:EGAL,76.809998,76.809998,70.25,70.599998,364869.0
2023-11-22,EGX:EGAL,70.599998,71.75,70.599998,70.93,258142.0
2023-11-23,EGX:EGAL,70.93,71.25,68.5,68.730003,332753.0
2023-11-26,EGX:EGAL,68.730003,69.400002,67.669998,67.910004,225611.0
2023-11-27,EGX:EGAL,67.910004,70.650002,67.910004,68.879997,231297.0
2023-11-28,EGX:EGAL,68.879997,69.5,67.5,67.5,193847.0
2023-11-29,EGX:EGAL,67.5,68.440002,65.0,65.110001,182137.0
2023-11-30,EGX:EGAL,65.110001,67.900002,65.0,67.269997,209382.0
2023-12-03,EGX:EGAL,67.269997,68.940002,66.0,66.760002,209158.0
2023-12-04,EGX:EGAL,66.760002,67.739998,66.760002,66.870003,168542.0
2023-12-05,EGX:EGAL,66.870003,67.699997,64.900002,65.5,202850.0
2023-12-06,EGX:EGAL,65.5,67.349998,64.0,64.949997,573328.0
2023-12-07,EGX:EGAL,64.949997,65.75,61.509998,62.919998,213316.0
2023-12-10,EGX:EGAL,62.919998,65.150002,62.5,62.549999,218254.0
2023-12-11,EGX:EGAL,62.549999,63.0,59.450001,59.59,261058.0
2023-12-12,EGX:EGAL,59.59,61.5,59.400002,60.200001,164216.0
2023-12-13,EGX:EGAL,59.919998,62.25,59.919998,61.810001,231976.0
2023-12-14,EGX:EGAL,61.810001,64.25,61.810001,62.970001,137050.0
2023-12-17,EGX:EGAL,62.970001,67.25,62.970001,66.0,354650.0
2023-12-18,EGX:EGAL,66.0,68.75,66.0,66.389999,318814.0
2023-12-19,EGX:EGAL,66.389999,67.199997,64.0,64.599998,178750.0
2023-12-20,EGX:EGAL,64.540001,65.75,63.5,63.919998,139148.0
2023-12-21,EGX:EGAL,63.919998,64.900002,62.919998,63.0,108647.0
2023-12-24,EGX:EGAL,63.0,64.900002,61.799999,62.0,119963.0
2023-12-25,EGX:EGAL,62.0,63.200001,60.599998,61.68,86448.0
2023-12-26,EGX:EGAL,61.68,62.849998,61.5,61.779999,81415.0
2023-12-27,EGX:EGAL,61.779999,64.699997,61.779999,62.650002,238507.0
2023-12-28,EGX:EGAL,62.650002,66.0,62.650002,64.400002,251398.0
2023-12-31,EGX:EGAL,64.400002,66.089996,64.400002,64.860001,112273.0
2024-01-02,EGX:EGAL,64.860001,66.32,64.860001,66.129997,150057.0
2024-01-03,EGX:EGAL,66.129997,66.800003,65.0,65.209999,271454.0
2024-01-04,EGX:EGAL,65.209999,65.650002,63.900002,64.099998,262316.0
2024-01-08,EGX:EGAL,64.099998,64.989998,62.900002,63.209999,175308.0
2024-01-09,EGX:EGAL,63.209999,63.950001,63.0,63.360001,183594.0
2024-01-10,EGX:EGAL,63.360001,63.990002,63.009998,63.27,190849.0
2024-01-11,EGX:EGAL,63.27,65.900002,63.150002,65.0,689042.0
2024-01-14,EGX:EGAL,65.0,67.769997,65.0,66.970001,677990.0
2024-01-15,EGX:EGAL,66.970001,70.5,66.75,70.169998,927015.0
2024-01-16,EGX:EGAL,70.169998,84.199997,70.169998,84.199997,3499784.0
2024-01-17,EGX:EGAL,84.199997,86.900002,79.110001,80.5,2842054.0
2024-01-18,EGX:EGAL,80.5,94.889999,80.32,92.599998,4149118.0
2024-01-21,EGX:EGAL,92.599998,109.95,92.599998,104.3,2856128.0
2024-01-22,EGX:EGAL,104.3,107.99,98.5,98.519997,1791822.0
2024-01-23,EGX:EGAL,98.519997,108.15,97.0,102.02,2785520.0
2024-01-24,EGX:EGAL,102.02,107.75,99.160004,100.94,1133113.0
2024-01-28,EGX:EGAL,100.94,117.9,100.94,117.0,3388038.0
2024-01-29,EGX:EGAL,117.0,119.89,112.01,114.95,1454243.0
2024-01-30,EGX:EGAL,114.95,120.86,114.95,116.65,1399720.0
2024-01-31,EGX:EGAL,116.65,118.88,95.0,102.2,1758748.0
2024-02-01,EGX:EGAL,102.2,114.97,92.0,114.5,2196610.0
2024-02-04,EGX:EGAL,114.5,134.0,108.01,129.7,3475937.0
2024-02-05,EGX:EGAL,129.7,136.0,123.53,123.99,2256567.0
2024-02-06,EGX:EGAL,123.99,130.89999,118.01,122.01,1907374.0
2024-02-07,EGX:EGAL,122.01,126.5,118.05,118.05,1232331.0
2024-02-08,EGX:EGAL,118.05,121.35,114.0,115.8,1131566.0
2024-02-11,EGX:EGAL,115.8,125.8,115.8,123.7,2627693.0
2024-02-12,EGX:EGAL,123.7,126.69,120.14,121.12,1599180.0
2024-02-13,EGX:EGAL,121.12,123.0,117.8,118.42,874126.0
2024-02-14,EGX:EGAL,118.42,124.0,118.42,120.5,995690.0
2024-02-15,EGX:EGAL,120.5,125.48,120.5,122.7,1172844.0
2024-02-18,EGX:EGAL,122.7,124.11,119.02,119.92,653664.0
2024-02-19,EGX:EGAL,119.92,122.4,118.6,119.06,710953.0
2024-02-20,EGX:EGAL,119.06,120.5,117.55,117.98,534924.0
2024-02-21,EGX:EGAL,117.98,125.0,117.8,118.69,597920.0
2024-02-22,EGX:EGAL,118.69,130.0,117.62,123.55,2866531.0
2024-02-25,EGX:EGAL,123.55,123.55,104.0,104.11,1498403.0
2024-02-26,EGX:EGAL,104.11,109.99,102.0,104.0,781543.0
2024-02-27,EGX:EGAL,104.0,108.8,99.5,102.99,656772.0
2024-02-28,EGX:EGAL,102.99,110.9,101.5,105.0,966267.0
2024-02-29,EGX:EGAL,105.0,111.0,104.1,107.99,1002067.0
2024-03-03,EGX:EGAL,107.99,112.8,105.52,107.3,677453.0
2024-03-04,EGX:EGAL,107.3,108.68,104.7,107.79,411284.0
2024-03-05,EGX:EGAL,107.79,111.97,105.2,106.3,1048924.0
2024-03-06,EGX:EGAL,106.3,116.99,101.98,101.98,1360847.0
2024-03-07,EGX:EGAL,101.98,107.99,101.01,104.5,483335.0
2024-03-10,EGX:EGAL,104.5,107.3,104.0,104.0,408871.0
2024-03-11,EGX:EGAL,104.0,105.7,101.5,101.71,313813.0
2024-03-12,EGX:EGAL,101.71,102.5,96.010002,96.800003,391860.0
2024-03-13,EGX:EGAL,96.800003,99.489998,88.0,92.440002,432959.0
2024-03-14,EGX:EGAL,92.440002,93.440002,86.010002,91.419998,357705.0
2024-03-17,EGX:EGAL,91.419998,93.0,88.110001,88.150002,286444.0
2024-03-18,EGX:EGAL,88.150002,88.989998,77.0,77.110001,572790.0
2024-03-19,EGX:EGAL,77.110001,78.5,72.550003,78.160004,363083.0
2024-03-20,EGX:EGAL,78.160004,86.699997,78.160004,83.989998,712650.0
2024-03-21,EGX:EGAL,83.989998,89.900002,83.989998,89.0,651311.0
2024-03-24,EGX:EGAL,89.0,92.879997,89.0,90.980003,494406.0
2024-03-25,EGX:EGAL,90.980003,92.699997,90.110001,92.0,313335.0
2024-03-26,EGX:EGAL,92.0,97.800003,92.0,94.5,776827.0
2024-03-27,EGX:EGAL,94.5,99.0,93.550003,96.0,668857.0
2024-03-28,EGX:EGAL,96.0,97.0,92.099998,93.360001,299022.0
2024-03-31,EGX:EGAL,93.360001,95.0,90.010002,91.029999,345933.0
2024-04-01,EGX:EGAL,91.029999,94.480003,91.029999,94.110001,278995.0
2024-04-02,EGX:EGAL,94.110001,96.900002,92.019997,92.260002,393197.0
2024-04-03,EGX:EGAL,92.260002,93.970001,90.599998,92.300003,198172.0
2024-04-04,EGX:EGAL,92.300003,94.5,92.300003,93.0,217098.0
2024-04-07,EGX:EGAL,93.0,109.7,93.0,109.09,1928006.0
2024-04-08,EGX:EGAL,109.09,110.8,106.0,108.0,973014.0
2024-04-15,EGX:EGAL,108.0,117.95,108.0,114.0,1824087.0
2024-04-16,EGX:EGAL,114.0,114.99,110.1,111.08,584280.0
2024-04-17,EGX:EGAL,111.08,114.8,110.59,111.03,639519.0
2024-04-18,EGX:EGAL,111.03,114.59,98.0,104.04,1146851.0
2024-04-21,EGX:EGAL,104.04,111.0,104.04,108.03,571205.0
2024-04-22,EGX:EGAL,108.03,109.97,101.0,104.11,384478.0
2024-04-23,EGX:EGAL,104.11,104.9,98.769997,99.0,458825.0
2024-04-24,EGX:EGAL,99.0,99.400002,92.010002,95.120003,523988.0
2024-04-28,EGX:EGAL,95.120003,96.5,89.900002,89.900002,391408.0
2024-04-29,EGX:EGAL,89.900002,93.889999,88.830002,93.0,422343.0
2024-04-30,EGX:EGAL,93.0,95.980003,83.0,84.0,487919.0
2024-05-01,EGX:EGAL,84.0,89.599998,83.0,88.610001,400385.0
2024-05-02,EGX:EGAL,88.610001,90.650002,87.199997,90.0,415506.0
2024-05-07,EGX:EGAL,90.0,91.889999,86.07,90.32,351352.0
2024-05-08,EGX:EGAL,90.32,91.970001,86.0,86.059998,247065.0
2024-05-09,EGX:EGAL,86.059998,89.949997,86.059998,87.800003,304448.0
2024-05-12,EGX:EGAL,87.800003,90.849998,84.099998,84.900002,233254.0
2024-05-13,EGX:EGAL,84.900002,86.029999,80.0,84.0,366523.0
2024-05-14,EGX:EGAL,84.0,84.900002,80.150002,81.309998,414594.0
2024-05-15,EGX:EGAL,81.309998,81.900002,79.0,79.0,288020.0
2024-05-16,EGX:EGAL,79.0,83.160004,79.0,83.160004,485042.0
2024-05-19,EGX:EGAL,83.160004,89.900002,83.160004,89.470001,659115.0
2024-05-20,EGX:EGAL,89.470001,101.0,89.260002,95.5,1699857.0
2024-05-21,EGX:EGAL,95.5,99.389999,93.0,93.5,787798.0
2024-05-22,EGX:EGAL,93.5,97.0,92.510002,93.800003,603548.0
2024-05-23,EGX:EGAL,93.800003,99.0,93.709999,94.900002,285518.0
2024-05-26,EGX:EGAL,94.900002,96.389999,94.5,95.239998,234790.0
2024-05-27,EGX:EGAL,95.239998,95.949997,92.5,92.830002,343397.0
2024-05-28,EGX:EGAL,92.830002,93.620003,90.0,93.18,281868.0
2024-05-29,EGX:EGAL,93.18,94.099998,91.949997,91.949997,204311.0
2024-05-30,EGX:EGAL,91.949997,96.0,91.949997,92.809998,388027.0
2024-06-02,EGX:EGAL,92.809998,94.980003,92.260002,92.989998,154287.0
2024-06-03,EGX:EGAL,92.989998,93.599998,90.900002,91.300003,135164.0
2024-06-04,EGX:EGAL,91.300003,92.900002,91.239998,91.360001,146741.0
2024-06-05,EGX:EGAL,91.360001,91.5,85.099998,88.239998,298465.0
2024-06-06,EGX:EGAL,88.239998,89.699997,87.510002,88.040001,87108.0
2024-06-09,EGX:EGAL,88.040001,89.0,84.010002,84.050003,187239.0
2024-06-10,EGX:EGAL,84.050003,93.0,82.110001,89.620003,238348.0
2024-06-11,EGX:EGAL,89.620003,91.900002,88.0,88.480003,185407.0
2024-06-12,EGX:EGAL,88.480003,89.800003,87.199997,88.25,115095.0
2024-06-13,EGX:EGAL,88.25,91.75,88.0,91.349998,252312.0
2024-06-23,EGX:EGAL,91.349998,93.400002,91.349998,92.699997,309875.0
2024-06-24,EGX:EGAL,92.699997,98.690002,92.57,96.309998,896975.0
2024-06-25,EGX:EGAL,96.309998,97.870003,95.110001,97.050003,328054.0
2024-06-26,EGX:EGAL,97.050003,99.900002,97.050003,97.949997,412290.0
2024-06-27,EGX:EGAL,97.949997,98.5,97.0,97.0,181350.0
2024-07-01,EGX:EGAL,97.0,98.959999,97.0,97.510002,200505.0
2024-07-02,EGX:EGAL,97.510002,98.199997,95.010002,96.5,206205.0
2024-07-03,EGX:EGAL,96.5,97.489998,95.400002,95.839996,312525.0
2024-07-04,EGX:EGAL,95.839996,96.5,94.510002,95.150002,135003.0
2024-07-07,EGX:EGAL,95.150002,104.5,94.0,104.03,1086094.0
2024-07-08,EGX:EGAL,104.03,109.0,102.5,105.02,1085274.0
2024-07-09,EGX:EGAL,105.02,105.8,102.5,102.7,253989.0
2024-07-10,EGX:EGAL,102.7,107.99,102.7,105.8,555851.0
2024-07-14,EGX:EGAL,105.8,109.0,104.0,104.0,559775.0
2024-07-15,EGX:EGAL,104.0,105.99,102.8,103.0,209817.0
2024-07-16,EGX:EGAL,103.0,103.83,100.12,100.7,282828.0
2024-07-17,EGX:EGAL,100.7,105.7,99.099998,104.87,312332.0
2024-07-18,EGX:EGAL,104.87,106.99,103.5,104.01,308298.0
2024-07-21,EGX:EGAL,104.01,105.9,103.6,104.98,217680.0
2024-07-22,EGX:EGAL,104.98,106.99,103.76,103.9,270679.0
2024-07-23,EGX:EGAL,103.9,104.86,102.03,103.05,192905.0
2024-07-24,EGX:EGAL,103.05,104.45,102.1,102.9,208798.0
2024-07-28,EGX:EGAL,102.9,105.9,102.3,103.5,270014.0
2024-07-29,EGX:EGAL,103.5,106.75,103.5,104.0,486669.0
2024-07-30,EGX:EGAL,104.0,107.9,104.0,106.9,761987.0
2024-07-31,EGX:EGAL,106.9,113.0,106.9,113.0,1642810.0
2024-08-01,EGX:EGAL,113.0,116.0,110.1,110.45,970241.0
2024-08-04,EGX:EGAL,110.45,110.45,105.25,106.0,452216.0
2024-08-05,EGX:EGAL,106.0,106.0,98.0,102.16,655476.0
2024-08-06,EGX:EGAL,102.16,105.19,101.02,104.19,284156.0
2024-08-07,EGX:EGAL,104.19,108.96,103.11,108.91,532358.0
2024-08-08,EGX:EGAL,108.91,111.99,106.1,110.02,965739.0
2024-08-11,EGX:EGAL,110.02,113.8,110.02,112.25,545382.0
2024-08-12,EGX:EGAL,112.25,115.5,110.5,111.8,811953.0
2024-08-13,EGX:EGAL,111.8,113.99,110.52,110.55,310435.0
2024-08-14,EGX:EGAL,110.55,113.25,110.55,111.73,343557.0
2024-08-15,EGX:EGAL,111.73,114.73,111.73,113.0,404519.0
2024-08-18,EGX:EGAL,113.0,116.89,113.0,115.11,512299.0
2024-08-19,EGX:EGAL,115.11,116.5,113.73,114.5,596921.0
2024-08-20,EGX:EGAL,114.5,114.98,113.14,113.27,350215.0
2024-08-21,EGX:EGAL,113.27,114.0,112.01,112.02,393871.0
2024-08-22,EGX:EGAL,112.02,112.55,108.0,109.1,570298.0
2024-08-25,EGX:EGAL,109.1,110.01,106.06,106.12,440370.0
2024-08-26,EGX:EGAL,106.12,108.7,105.53,106.02,357060.0
2024-08-27,EGX:EGAL,106.02,112.45,106.02,110.78,828291.0
2024-08-28,EGX:EGAL,110.78,112.7,109.51,110.9,483973.0
2024-08-29,EGX:EGAL,110.9,112.67,109.85,110.42,239501.0
2024-09-01,EGX:EGAL,110.42,111.43,109.0,109.32,187818.0
2024-09-02,EGX:EGAL,109.32,110.5,108.25,110.01,177947.0
2024-09-03,EGX:EGAL,110.01,114.09,110.01,113.5,566962.0
2024-09-04,EGX:EGAL,113.5,115.0,112.0,114.98,554828.0
2024-09-05,EGX:EGAL,114.98,119.68,114.98,117.22,913816.0
2024-09-08,EGX:EGAL,117.22,117.99,113.6,114.23,376172.0
2024-09-09,EGX:EGAL,114.23,115.4,113.2,113.94,200909.0
2024-09-10,EGX:EGAL,113.94,114.96,111.06,112.21,187706.0
2024-09-11,EGX:EGAL,112.21,112.55,110.11,110.83,305146.0
2024-09-12,EGX:EGAL,110.83,113.75,110.83,111.99,172593.0
2024-09-16,EGX:EGAL,111.99,116.0,110.4,110.84,265096.0
2024-09-17,EGX:EGAL,110.84,111.96,109.5,111.0,151071.0
2024-09-18,EGX:EGAL,111.0,113.0,110.9,111.8,345578.0
2024-09-19,EGX:EGAL,111.8,117.48,111.8,116.1,691685.0
2024-09-22,EGX:EGAL,116.1,117.9,115.15,115.41,381150.0
2024-09-23,EGX:EGAL,115.41,116.46,114.1,116.25,209947.0
2024-09-24,EGX:EGAL,116.25,117.45,115.08,116.06,155458.0
2024-09-25,EGX:EGAL,116.06,116.94,114.51,116.2,190013.0
2024-09-26,EGX:EGAL,116.2,118.48,116.02,117.25,317013.0
2024-09-29,EGX:EGAL,117.25,124.99,117.25,124.99,1315535.0
2024-09-30,EGX:EGAL,124.99,126.4,121.5,122.0,586453.0
2024-10-01,EGX:EGAL,122.0,122.25,119.0,119.2,584033.0
2024-10-02,EGX:EGAL,119.2,121.5,117.06,118.1,420386.0
2024-10-03,EGX:EGAL,118.1,119.59,117.96,119.02,171382.0
2024-10-07,EGX:EGAL,119.02,123.48,119.02,119.63,327505.0
2024-10-08,EGX:EGAL,119.63,120.8,115.0,118.06,363710.0
2024-10-09,EGX:EGAL,118.06,119.94,117.5,118.0,177120.0
2024-10-10,EGX:EGAL,118.0,119.68,113.91,115.54,430520.0
2024-10-13,EGX:EGAL,115.54,116.7,114.0,114.53,204338.0
2024-10-14,EGX:EGAL,114.53,116.0,109.99,113.0,337389.0
2024-10-15,EGX:EGAL,113.0,115.4,112.99,113.21,223478.0
2024-10-16,EGX:EGAL,113.21,114.0,112.25,113.1,137732.0
2024-10-17,EGX:EGAL,113.1,117.1,112.11,116.69,217794.0
2024-10-20,EGX:EGAL,116.69,122.0,115.56,120.0,654624.0
2024-10-21,EGX:EGAL,120.0,122.0,119.05,120.1,333888.0
2024-10-22,EGX:EGAL,120.1,122.54,112.75,113.0,1189854.0
2024-10-23,EGX:EGAL,113.0,113.63,112.0,112.01,457037.0
2024-10-24,EGX:EGAL,112.01,113.45,110.11,110.66,308382.0
2024-10-27,EGX:EGAL,110.66,113.6,110.66,112.01,251472.0
2024-10-28,EGX:EGAL,112.01,112.78,111.0,111.32,140490.0
2024-10-29,EGX:EGAL,111.32,111.98,110.02,111.4,167312.0
2024-10-30,EGX:EGAL,111.4,111.8,110.4,110.51,71511.0
2024-10-31,EGX:EGAL,110.51,111.6,110.41,111.1,105566.0
2024-11-03,EGX:EGAL,111.1,112.17,111.1,111.83,91919.0
2024-11-04,EGX:EGAL,111.83,112.09,111.01,111.17,69681.0
2024-11-05,EGX:EGAL,111.17,113.75,111.17,112.29,137879.0
2024-11-06,EGX:EGAL,112.29,113.3,110.13,111.33,319833.0
2024-11-07,EGX:EGAL,111.33,112.0,111.22,111.5,98169.0
2024-11-10,EGX:EGAL,111.5,114.9,111.5,113.55,298416.0
2024-11-11,EGX:EGAL,113.55,114.69,111.66,112.0,213266.0
2024-11-12,EGX:EGAL,112.0,112.6,110.9,111.2,173772.0
2024-11-13,EGX:EGAL,111.2,113.01,111.2,112.76,158782.0
2024-11-14,EGX:EGAL,112.76,115.69,112.75,114.95,577620.0
2024-11-17,EGX:EGAL,114.95,115.5,113.02,113.6,184641.0
2024-11-18,EGX:EGAL,113.6,114.25,112.05,113.0,309476.0
2024-11-19,EGX:EGAL,113.0,113.0,104.31,106.89,266755.0
2024-11-20,EGX:EGAL,106.89,108.75,106.4,107.0,162952.0
2024-11-21,EGX:EGAL,107.0,108.99,106.82,106.87,222161.0
2024-11-24,EGX:EGAL,106.87,107.8,106.01,106.41,104060.0
2024-11-25,EGX:EGAL,106.41,107.6,106.24,107.59,184119.0
2024-11-26,EGX:EGAL,107.59,111.69,107.59,111.67,400386.0
2024-11-27,EGX:EGAL,111.67,114.8,111.11,112.7,454591.0
2024-11-28,EGX:EGAL,112.7,113.35,111.0,111.55,193339.0
2024-12-01,EGX:EGAL,111.55,114.0,111.2,112.0,249834.0
2024-12-02,EGX:EGAL,112.0,113.8,111.5,112.0,170310.0
2024-12-03,EGX:EGAL,112.0,112.7,111.93,112.41,203566.0
2024-12-04,EGX:EGAL,112.41,118.77,112.4,116.76,914899.0
2024-12-05,EGX:EGAL,116.76,118.35,116.76,117.62,231505.0
2024-12-08,EGX:EGAL,117.62,119.4,117.62,119.18,289395.0
2024-12-09,EGX:EGAL,119.18,119.43,115.55,116.0,131756.0
2024-12-10,EGX:EGAL,116.0,117.5,114.25,117.09,137402.0
2024-12-11,EGX:EGAL,117.09,117.48,115.25,115.36,49483.0
2024-12-12,EGX:EGAL,115.36,117.0,115.25,116.37,77993.0
2024-12-15,EGX:EGAL,116.37,119.5,115.5,119.24,277708.0
2024-12-16,EGX:EGAL,119.24,119.48,117.31,118.78,179372.0
2024-12-17,EGX:EGAL,118.78,118.9,116.5,116.6,78174.0
2024-12-18,EGX:EGAL,116.6,117.0,115.0,115.09,70799.0
2024-12-19,EGX:EGAL,115.09,116.6,113.01,116.01,177452.0
2024-12-22,EGX:EGAL,116.01,117.0,115.0,116.5,40575.0
2024-12-23,EGX:EGAL,116.5,118.49,115.5,117.36,287304.0
2024-12-24,EGX:EGAL,117.36,117.74,114.6,115.0,196999.0
2024-12-25,EGX:EGAL,115.0,116.8,115.0,116.0,59645.0
2024-12-26,EGX:EGAL,115.77,117.0,115.39,116.55,80835.0
2024-12-29,EGX:EGAL,116.55,117.49,115.62,116.06,64303.0
2024-12-30,EGX:EGAL,116.06,116.65,114.02,114.22,157137.0
2024-12-31,EGX:EGAL,114.22,115.89,113.21,115.46,119670.0
2025-01-02,EGX:EGAL,115.46,117.44,115.46,117.0,90239.0
2025-01-05,EGX:EGAL,117.0,118.2,117.0,117.76,51125.0
2025-01-06,EGX:EGAL,117.76,117.89,116.25,117.0,74741.0
2025-01-08,EGX:EGAL,117.0,120.96,116.05,120.01,335432.0
2025-01-09,EGX:EGAL,120.01,124.48,120.01,122.07,472710.0
2025-01-12,EGX:EGAL,122.07,123.48,117.2,121.78,328834.0
2025-01-13,EGX:EGAL,121.78,126.85,121.3,122.0,490789.0
2025-01-14,EGX:EGAL,122.0,126.7,121.01,125.96,524487.0
2025-01-15,EGX:EGAL,125.96,147.01,125.96,144.9,1744714.0
2025-01-16,EGX:EGAL,144.9,152.9,141.06,149.3,1361172.0
2025-01-19,EGX:EGAL,149.3,158.0,149.3,155.05,885247.0
2025-01-20,EGX:EGAL,155.05,157.99,148.01,148.99,657236.0
2025-01-21,EGX:EGAL,148.99,161.9,147.02,159.06,1155449.0
2025-01-22,EGX:EGAL,159.06,163.0,158.27,159.06,389163.0
2025-01-23,EGX:EGAL,159.06,162.0,155.4,156.53,451794.0
2025-01-26,EGX:EGAL,156.53,165.15,154.01,165.15,588282.0
2025-01-27,EGX:EGAL,165.15,168.35,159.5,160.1,488379.0
2025-01-28,EGX:EGAL,160.1,162.0,156.5,157.25,336340.0
2025-01-29,EGX:EGAL,157.25,158.49,154.0,155.26,126483.0
2025-01-30,EGX:EGAL,155.26,157.5,148.0,152.9,267304.0
2025-02-02,EGX:EGAL,152.9,159.2,150.5,157.58,202906.0
2025-02-03,EGX:EGAL,157.58,164.5,157.5,158.02,394652.0
2025-02-04,EGX:EGAL,158.02,161.0,153.2,154.0,170569.0
2025-02-05,EGX:EGAL,154.0,155.89,151.82,153.0,176258.0
2025-02-06,EGX:EGAL,153.0,155.0,152.0,152.58,74322.0
2025-02-09,EGX:EGAL,152.58,160.0,152.58,154.22,143558.0
2025-02-10,EGX:EGAL,154.22,156.49,146.65,146.65,359607.0
2025-02-11,EGX:EGAL,146.65,149.85,140.1,144.0,538628.0
2025-02-12,EGX:EGAL,144.0,145.98,141.0,144.6,152539.0
2025-02-13,EGX:EGAL,144.6,147.75,142.7,142.95,221122.0
2025-02-16,EGX:EGAL,142.95,150.79,142.95,147.35,251683.0
2025-02-17,EGX:EGAL,147.35,149.0,145.25,145.47,111507.0
2025-02-18,EGX:EGAL,145.47,147.0,142.33,142.43,295926.0
2025-02-19,EGX:EGAL,142.43,143.7,139.4,139.4,192939.0
2025-02-20,EGX:EGAL,139.4,148.9,139.4,147.08,975260.0
2025-02-23,EGX:EGAL,147.08,156.0,147.08,152.0,1335944.0
2025-02-24,EGX:EGAL,152.0,156.49,150.5,150.72,557758.0
2025-02-25,EGX:EGAL,150.72,155.5,150.72,152.0,403994.0
2025-02-26,EGX:EGAL,152.0,158.44,152.0,156.4,987263.0
2025-02-27,EGX:EGAL,156.4,161.0,156.4,157.98,661519.0
2025-03-02,EGX:EGAL,157.98,160.5,157.5,158.32,217572.0
2025-03-03,EGX:EGAL,158.32,159.9,155.1,157.11,279272.0
2025-03-04,EGX:EGAL,157.11,161.0,155.12,159.0,399423.0
2025-03-05,EGX:EGAL,159.0,161.8,157.73,161.0,353987.0
2025-03-06,EGX:EGAL,161.0,164.0,160.75,161.0,466403.0
2025-03-09,EGX:EGAL,161.0,162.99,158.1,160.1,196578.0
2025-03-10,EGX:EGAL,160.1,161.1,158.64,159.34,206020.0
2025-03-11,EGX:EGAL,159.34,160.0,155.6,158.5,236193.0
2025-03-12,EGX:EGAL,158.5,165.49,157.0,163.77,814207.0
2025-03-13,EGX:EGAL,163.77,174.99,163.77,174.0,467325.0
2025-03-16,EGX:EGAL,174.0,184.0,172.25,173.09,271843.0
2025-03-17,EGX:EGAL,173.09,180.99,170.2,176.0,281334.0
2025-03-18,EGX:EGAL,176.0,189.87,174.75,189.01,569600.0
2025-03-19,EGX:EGAL,189.01,195.0,185.01,186.0,218442.0
2025-03-20,EGX:EGAL,186.0,189.5,178.5,178.65,281642.0
2025-03-23,EGX:EGAL,178.65,183.45,175.0,183.45,133041.0
2025-03-24,EGX:EGAL,183.45,185.0,179.5,181.99,132978.0
2025-03-25,EGX:EGAL,181.99,185.0,174.0,174.0,404448.0
2025-03-26,EGX:EGAL,174.0,177.0,171.12,171.21,212988.0
2025-03-27,EGX:EGAL,171.21,175.7,170.0,174.5,249764.0
2025-04-03,EGX:EGAL,174.5,174.5,171.0,171.5,142346.0
2025-04-06,EGX:EGAL,171.5,171.5,162.0,162.7,269108.0
2025-04-07,EGX:EGAL,162.7,162.7,156.5,160.05,355009.0
2025-04-08,EGX:EGAL,160.05,164.89,160.05,161.1,150604.0
2025-04-09,EGX:EGAL,161.1,161.95,157.95,158.54,170078.0
2025-04-10,EGX:EGAL,158.54,164.6,158.54,160.0,173795.0
2025-04-13,EGX:EGAL,160.0,161.49,159.0,160.0,71049.0
2025-04-14,EGX:EGAL,160.0,164.0,159.8,160.25,293296.0
2025-04-15,EGX:EGAL,160.25,161.93,160.25,161.0,73461.0
2025-04-16,EGX:EGAL,161.0,161.88,158.81,159.06,99837.0
2025-04-17,EGX:EGAL,159.06,159.8,157.11,159.01,240026.0
2025-04-22,EGX:EGAL,159.01,161.44,158.13,160.51,119977.0
2025-04-23,EGX:EGAL,160.51,169.0,160.51,167.0,377281.0
2025-04-27,EGX:EGAL,167.0,172.0,167.0,170.63,278360.0
2025-04-28,EGX:EGAL,170.63,171.89,168.51,169.05,97002.0
2025-04-29,EGX:EGAL,169.05,175.7,169.05,174.97,413369.0
2025-04-30,EGX:EGAL,174.97,177.33,171.05,171.1,151106.0
2025-05-04,EGX:EGAL,171.1,174.6,171.1,174.21,116067.0
2025-05-05,EGX:EGAL,174.21,174.21,168.05,168.26,226493.0
2025-05-06,EGX:EGAL,168.26,170.28,167.0,167.6,313934.0
2025-05-07,EGX:EGAL,167.6,168.0,164.0,164.37,151682.0
2025-05-08,EGX:EGAL,164.37,165.9,160.8,161.0,163718.0
2025-05-11,EGX:EGAL,161.0,162.9,155.51,155.85,275714.0
2025-05-12,EGX:EGAL,155.85,160.0,155.85,157.99,216320.0
2025-05-13,EGX:EGAL,157.99,161.49,157.5,157.76,126460.0
2025-05-14,EGX:EGAL,157.76,159.46,155.85,156.36,126147.0
2025-05-15,EGX:EGAL,156.36,159.5,156.36,157.17,132622.0
2025-05-18,EGX:EGAL,157.17,158.99,154.0,154.41,219579.0
2025-05-19,EGX:EGAL,154.41,154.69,150.05,150.94,402621.0
2025-05-20,EGX:EGAL,150.94,153.0,150.0,150.0,217910.0
2025-05-21,EGX:EGAL,150.0,151.5,148.0,148.0,131920.0
2025-05-22,EGX:EGAL,148.0,150.0,143.11,150.0,595556.0
2025-05-25,EGX:EGAL,150.0,152.5,150.0,151.5,741729.0
2025-05-26,EGX:EGAL,151.5,159.69,151.5,159.0,901995.0
2025-05-27,EGX:EGAL,159.0,159.89,156.11,156.56,256076.0
2025-05-28,EGX:EGAL,156.56,157.91,154.01,154.5,201718.0
2025-05-29,EGX:EGAL,154.5,156.0,153.71,156.0,92246.0
2025-06-01,EGX:EGAL,156.0,161.6,156.0,157.31,271460.0
2025-06-02,EGX:EGAL,157.31,164.4,157.31,162.0,339266.0
2025-06-03,EGX:EGAL,162.0,165.75,162.0,163.21,143897.0
2025-06-04,EGX:EGAL,163.21,164.5,159.11,159.11,201572.0
2025-06-10,EGX:EGAL,159.11,163.5,159.11,162.94,86976.0
2025-06-11,EGX:EGAL,162.94,167.7,162.94,166.0,330469.0
2025-06-12,EGX:EGAL,166.0,170.0,164.0,167.55,455489.0
2025-06-15,EGX:EGAL,167.55,167.55,150.01,157.85,217685.0
2025-06-16,EGX:EGAL,157.05,161.0,156.0,159.0,218022.0
2025-06-17,EGX:EGAL,159.0,164.0,156.55,157.0,345795.0
2025-06-18,EGX:EGAL,157.0,159.0,153.71,156.91,133058.0
2025-06-19,EGX:EGAL,156.91,159.99,153.5,155.51,175092.0
2025-06-22,EGX:EGAL,155.51,160.0,151.07,158.36,90394.0
2025-06-23,EGX:EGAL,158.36,160.99,158.36,159.23,126860.0
2025-06-24,EGX:EGAL,159.23,162.4,159.23,160.11,313445.0
2025-06-25,EGX:EGAL,160.11,161.87,156.0,157.0,405866.0
2025-06-29,EGX:EGAL,157.0,163.9,157.0,159.0,560418.0
2025-06-30,EGX:EGAL,159.0,162.49,158.3,158.34,202649.0
2025-07-01,EGX:EGAL,158.34,160.97,158.0,158.02,96249.0
2025-07-02,EGX:EGAL,158.02,159.6,157.8,158.1,88914.0
2025-07-06,EGX:EGAL,158.1,163.0,158.1,163.0,241556.0
2025-07-07,EGX:EGAL,163.0,168.75,163.0,166.98,659601.0
2025-07-09,EGX:EGAL,166.98,174.0,166.98,172.0,506853.0
2025-07-10,EGX:EGAL,172.0,174.5,170.5,171.0,334416.0
2025-07-13,EGX:EGAL,171.0,173.5,167.25,170.0,149597.0
2025-07-14,EGX:EGAL,170.0,170.4,165.07,166.7,119427.0
2025-07-15,EGX:EGAL,166.73,173.98,166.73,173.69,228400.0
2025-07-16,EGX:EGAL,173.69,176.39,172.1,175.85,214671.0
2025-07-17,EGX:EGAL,175.85,178.95,175.85,177.0,163132.0
2025-07-20,EGX:EGAL,177.0,180.99,176.01,178.0,250471.0
2025-07-21,EGX:EGAL,178.0,179.9,174.25,175.26,79680.0
2025-07-22,EGX:EGAL,175.26,175.26,172.5,175.0,78934.0
2025-07-23,EGX:EGAL,175.0,176.98,173.0,173.02,84392.0
2025-07-27,EGX:EGAL,173.02,175.0,173.02,175.0,70141.0
2025-07-28,EGX:EGAL,175.0,176.0,170.0,170.0,83781.0
2025-07-29,EGX:EGAL,170.0,172.95,167.0,168.61,78704.0
2025-07-30,EGX:EGAL,168.61,169.89,166.02,166.02,87103.0
2025-07-31,EGX:EGAL,166.02,169.8,165.02,168.48,94663.0
2025-08-03,EGX:EGAL,168.48,168.48,165.13,165.5,71179.0
2025-08-04,EGX:EGAL,165.5,167.99,165.5,167.5,63108.0
2025-08-05,EGX:EGAL,167.5,172.0,167.5,169.9,124853.0
2025-08-06,EGX:EGAL,169.9,171.99,167.61,168.25,66641.0
2025-08-07,EGX:EGAL,168.25,169.9,167.6,169.0,47226.0
2025-08-10,EGX:EGAL,169.0,171.99,169.0,171.34,81491.0
2025-08-11,EGX:EGAL,171.34,173.0,169.01,169.02,58087.0
2025-08-12,EGX:EGAL,169.02,170.95,168.01,168.17,41394.0
2025-08-13,EGX:EGAL,168.17,169.5,162.6,164.0,226590.0
2025-08-14,EGX:EGAL,164.0,166.25,159.52,163.39,289040.0
2025-08-17,EGX:EGAL,163.39,164.9,162.19,164.0,62515.0
2025-08-18,EGX:EGAL,164.0,165.65,162.21,162.74,60422.0
2025-08-19,EGX:EGAL,162.74,165.6,162.74,162.97,82638.0
2025-08-20,EGX:EGAL,162.97,164.47,159.0,159.05,272368.0
2025-08-21,EGX:EGAL,159.05,161.0,159.05,159.05,61430.0
2025-08-24,EGX:EGAL,159.05,161.48,158.5,159.1,144761.0
2025-08-25,EGX:EGAL,159.1,161.0,158.55,159.1,99844.0
2025-08-26,EGX:EGAL,159.1,160.74,159.1,159.24,64703.0
2025-08-27,EGX:EGAL,159.24,159.76,158.06,158.09,77161.0
2025-08-28,EGX:EGAL,158.09,159.9,158.09,159.6,45744.0
2025-08-31,EGX:EGAL,159.6,160.4,157.0,157.0,77528.0
2025-09-01,EGX:EGAL,157.0,158.99,156.51,157.5,58934.0
2025-09-02,EGX:EGAL,157.5,158.58,157.0,157.25,52482.0
2025-09-03,EGX:EGAL,157.25,158.74,155.1,155.25,107479.0
2025-09-07,EGX:EGAL,155.25,162.9,155.25,158.0,273389.0
2025-09-08,EGX:EGAL,158.0,159.58,155.6,155.6,132236.0
2025-09-09,EGX:EGAL,155.6,156.9,151.26,152.23,243063.0
2025-09-10,EGX:EGAL,152.23,153.7,152.0,152.66,56417.0
2025-09-11,EGX:EGAL,152.66,157.0,152.66,156.74,150763.0
2025-09-14,EGX:EGAL,156.74,158.0,154.6,155.0,114376.0
2025-09-15,EGX:EGAL,155.0,156.96,154.2,154.2,123169.0
2025-09-16,EGX:EGAL,154.2,158.3,154.2,156.0,173977.0
2025-09-17,EGX:EGAL,156.0,159.99,156.0,159.97,216734.0
2025-09-18,EGX:EGAL,159.97,162.0,159.0,159.9,236284.0
2025-09-21,EGX:EGAL,159.9,159.9,157.01,158.12,126566.0
2025-09-22,EGX:EGAL,158.12,159.67,155.21,155.85,62009.0
2025-09-23,EGX:EGAL,155.85,156.1,153.1,153.58,115528.0
2025-09-24,EGX:EGAL,153.58,155.0,153.33,154.13,88414.0
2025-09-25,EGX:EGAL,154.13,155.0,152.65,153.28,158958.0
2025-09-28,EGX:EGAL,153.28,154.7,152.0,152.01,142220.0
2025-09-29,EGX:EGAL,152.01,153.25,151.0,152.19,125931.0
2025-09-30,EGX:EGAL,152.19,152.99,151.86,152.29,149346.0
2025-10-01,EGX:EGAL,152.29,155.75,151.99,153.0,352863.0
2025-10-02,EGX:EGAL,153.0,157.0,153.0,156.5,253391.0
2025-10-05,EGX:EGAL,156.5,160.84,156.5,160.0,296827.0
2025-10-06,EGX:EGAL,160.0,161.48,159.8,160.69,159518.0
2025-10-07,EGX:EGAL,160.69,168.25,160.69,165.91,593957.0
2025-10-08,EGX:EGAL,165.91,166.99,163.66,165.29,100429.0
2025-10-12,EGX:EGAL,165.29,166.5,163.82,165.19,226231.0
2025-10-13,EGX:EGAL,165.19,176.47,165.19,175.2,1085707.0
2025-10-14,EGX:EGAL,175.2,175.2,168.0,174.0,460024.0
2025-10-15,EGX:EGAL,174.0,174.99,170.25,171.0,170690.0
2025-10-16,EGX:EGAL,171.0,178.9,168.5,173.25,659279.0
2025-10-19,EGX:EGAL,173.25,183.6,173.25,182.0,459431.0
2025-10-20,EGX:EGAL,182.0,189.0,180.27,184.6,513886.0
2025-10-21,EGX:EGAL,184.6,188.5,181.0,184.1,390331.0
2025-10-22,EGX:EGAL,184.1,205.0,182.55,196.1,846906.0
2025-10-23,EGX:EGAL,196.1,212.0,192.55,205.0,1008388.0
2025-10-26,EGX:EGAL,205.0,210.0,202.0,203.5,377088.0
2025-10-27,EGX:EGAL,203.5,204.0,191.6,191.6,638716.0
2025-10-28,EGX:EGAL,191.6,195.89,187.05,194.0,533576.0
2025-10-29,EGX:EGAL,194.0,206.0,193.13,204.89,764773.0
2025-10-30,EGX:EGAL,204.89,209.0,201.8,206.0,460565.0
2025-11-02,EGX:EGAL,206.0,208.2,200.01,200.05,194067.0
2025-11-03,EGX:EGAL,200.05,208.4,198.0,205.51,301033.0
2025-11-04,EGX:EGAL,205.51,208.35,202.0,203.2,169903.0
2025-11-05,EGX:EGAL,203.2,205.0,201.0,201.03,422118.0
2025-11-06,EGX:EGAL,201.03,209.9,200.0,208.8,400557.0
2025-11-09,EGX:EGAL,208.8,219.0,208.8,217.85,598937.0
2025-11-10,EGX:EGAL,217.85,221.0,213.05,214.01,503158.0
2025-11-11,EGX:EGAL,214.01,218.0,210.37,210.4,185720.0
2025-11-12,EGX:EGAL,210.4,213.94,210.07,210.61,134763.0
2025-11-13,EGX:EGAL,210.61,212.87,208.21,212.0,385572.0
2025-11-16,EGX:EGAL,212.0,220.94,211.01,214.09,355233.0
2025-11-17,EGX:EGAL,214.09,215.9,202.0,202.5,452665.0
2025-11-18,EGX:EGAL,202.5,204.0,197.0,199.0,635898.0
2025-11-19,EGX:EGAL,199.0,200.99,196.66,196.66,126329.0
2025-11-20,EGX:EGAL,196.66,197.98,191.0,191.1,255909.0
2025-11-23,EGX:EGAL,191.1,196.44,189.05,191.3,322905.0
2025-11-24,EGX:EGAL,191.3,195.35,191.3,191.51,185536.0
2025-11-25,EGX:EGAL,191.51,192.39,186.75,187.01,216663.0
2025-11-26,EGX:EGAL,187.01,189.3,182.05,183.0,369612.0
2025-11-27,EGX:EGAL,183.0,196.0,182.95,192.0,490647.0
2025-11-30,EGX:EGAL,192.0,204.48,192.0,199.0,684447.0
2025-12-01,EGX:EGAL,199.0,204.0,198.51,200.11,338367.0
2025-12-02,EGX:EGAL,200.11,202.86,194.25,195.0,371846.0
2025-12-03,EGX:EGAL,195.0,208.95,195.0,206.95,653585.0
2025-12-04,EGX:EGAL,206.95,211.99,204.0,207.0,463929.0
2025-12-07,EGX:EGAL,207.0,209.3,204.8,205.22,382803.0
2025-12-08,EGX:EGAL,205.22,206.99,205.0,205.0,121349.0
2025-12-09,EGX:EGAL,205.0,205.5,202.12,203.1,146970.0
2025-12-10,EGX:EGAL,203.1,207.6,202.9,204.98,199885.0
2025-12-11,EGX:EGAL,204.98,209.0,204.98,208.0,274108.0
2025-12-14,EGX:EGAL,208.0,209.99,205.8,206.0,211415.0
2025-12-15,EGX:EGAL,206.0,209.9,206.0,208.15,189955.0
2025-12-16,EGX:EGAL,208.15,209.8,202.6,204.23,194610.0
2025-12-17,EGX:EGAL,204.23,209.5,203.0,206.51,244610.0
2025-12-18,EGX:EGAL,206.51,216.23,206.51,213.11,569193.0
2025-12-21,EGX:EGAL,213.11,225.0,213.11,225.0,696537.0
2025-12-22,EGX:EGAL,225.0,229.84,222.3,225.0,343042.0
2025-12-23,EGX:EGAL,225.0,228.5,223.02,227.92,193737.0
2025-12-24,EGX:EGAL,227.92,229.5,224.4,224.61,84246.0
2025-12-25,EGX:EGAL,224.61,225.99,221.0,222.46,191408.0
2025-12-28,EGX:EGAL,222.46,226.0,222.1,226.0,82910.0
2025-12-29,EGX:EGAL,226.0,227.24,226.0,226.46,39612.0
2025-12-30,EGX:EGAL,226.46,230.0,223.67,226.95,183461.0
2025-12-31,EGX:EGAL,226.95,237.98,226.95,235.5,239975.0
2026-01-04,EGX:EGAL,235.5,264.0,235.5,253.0,486022.0
2026-01-05,EGX:EGAL,253.0,261.0,245.01,261.0,375759.0
2026-01-06,EGX:EGAL,261.0,276.0,261.0,271.01,614490.0
2026-01-08,EGX:EGAL,271.01,272.88,255.01,255.01,395118.0
2026-01-11,EGX:EGAL,255.01,272.9,255.01,268.0,473643.0
2026-01-12,EGX:EGAL,268.0,269.99,257.05,258.0,351358.0
2026-01-13,EGX:EGAL,258.0,264.0,255.5,257.0,279805.0
2026-01-14,EGX:EGAL,257.0,257.0,244.08,250.31,223489.0
2026-01-15,EGX:EGAL,250.31,252.99,240.14,242.0,400525.0
2026-01-18,EGX:EGAL,242.0,258.0,242.0,258.0,278694.0
2026-01-19,EGX:EGAL,258.0,266.6,258.0,265.91,354397.0
2026-01-20,EGX:EGAL,265.91,267.9,256.0,258.99,424265.0
2026-01-21,EGX:EGAL,258.99,261.99,252.8,253.5,322993.0
2026-01-22,EGX:EGAL,253.5,256.0,246.12,252.81,424591.0
2026-01-25,EGX:EGAL,252.81,260.0,251.01,252.0,332617.0
2026-01-26,EGX:EGAL,252.0,254.98,249.0,250.99,142542.0
2026-01-27,EGX:EGAL,250.99,252.8,245.0,245.0,345053.0
2026-01-28,EGX:EGAL,245.0,246.99,233.0,236.0,416558.0
2026-02-01,EGX:EGAL,236.0,246.0,233.33,246.0,169224.0
2026-02-02,EGX:EGAL,246.0,248.0,237.1,238.1,290384.0
2026-02-03,EGX:EGAL,238.1,242.97,237.77,239.89,292709.0
2026-02-04,EGX:EGAL,239.89,246.85,239.89,245.98,392138.0
2026-02-05,EGX:EGAL,245.98,248.49,240.0,241.5,198600.0
2026-02-08,EGX:EGAL,241.5,247.2,241.5,246.0,204762.0
2026-02-09,EGX:EGAL,246.0,248.99,242.99,245.0,133010.0
2026-02-10,EGX:EGAL,245.0,248.69,241.41,242.0,463554.0
2026-02-11,EGX:EGAL,242.0,244.9,241.28,241.74,165166.0
2026-02-12,EGX:EGAL,241.74,243.7,241.28,243.7,59229.0
2026-02-15,EGX:EGAL,243.7,244.0,239.0,239.0,276710.0
2026-02-16,EGX:EGAL,239.0,243.5,219.0,224.75,1354901.0
2026-02-17,EGX:EGAL,224.75,228.79,224.75,226.39,508563.0
2026-02-18,EGX:EGAL,226.39,228.38,225.52,227.0,210865.0
2026-02-19,EGX:EGAL,227.0,229.4,225.0,225.6,133022.0
2026-02-22,EGX:EGAL,225.6,227.0,219.02,222.54,127727.0
2026-02-23,EGX:EGAL,222.54,227.86,221.5,227.8,174726.0
2026-02-24,EGX:EGAL,227.8,229.3,225.0,225.0,196816.0
2026-02-25,EGX:EGAL,225.0,226.89,219.7,219.72,136361.0
2026-02-26,EGX:EGAL,219.72,229.9,215.01,229.0,503771.0
2026-03-01,EGX:EGAL,229.0,229.0,212.0,224.07,185939.0
2026-03-02,EGX:EGAL,224.07,238.86,224.07,237.22,485827.0
2026-03-03,EGX:EGAL,237.22,253.0,237.22,252.0,783184.0
2026-03-04,EGX:EGAL,252.0,288.0,252.0,271.03,1666490.0
2026-03-05,EGX:EGAL,271.03,278.75,266.0,267.5,500581.0
2026-03-08,EGX:EGAL,267.5,321.0,267.5,302.85,1516452.0
2026-03-09,EGX:EGAL,302.85,310.46,282.1,285.0,606281.0
2026-03-10,EGX:EGAL,285.0,285.0,270.0,277.0,683408.0
2026-03-11,EGX:EGAL,277.0,298.5,277.0,295.0,442610.0
2026-03-12,EGX:EGAL,295.0,314.88,295.0,309.0,717143.0
2026-03-15,EGX:EGAL,309.0,321.0,303.0,304.0,649202.0
2026-03-16,EGX:EGAL,304.0,309.83,296.0,299.5,217023.0
2026-03-17,EGX:EGAL,299.5,312.02,299.5,308.7,498708.0
2026-03-18,EGX:EGAL,308.7,311.89,304.0,305.1,290347.0
2026-03-24,EGX:EGAL,305.1,305.1,295.0,295.1,524388.0
2026-03-25,EGX:EGAL,295.1,297.5,281.13,283.5,851346.0
2026-03-26,EGX:EGAL,283.5,288.0,281.51,281.62,428386.0
2026-03-29,EGX:EGAL,281.62,299.0,281.62,299.0,881048.0
2026-03-30,EGX:EGAL,299.0,311.99,295.0,296.14,841062.0
2026-03-31,EGX:EGAL,296.14,303.85,294.3,302.0,417196.0
2026-04-01,EGX:EGAL,302.0,304.75,292.0,299.5,471865.0
2026-04-02,EGX:EGAL,299.5,309.95,297.05,301.5,609636.0
2026-04-05,EGX:EGAL,301.5,324.6,301.5,323.8,926408.0
2026-04-06,EGX:EGAL,323.8,327.4,315.0,316.5,321228.0
2026-04-07,EGX:EGAL,316.5,324.9,311.0,311.0,292799.0
2026-04-08,EGX:EGAL,311.0,318.19,295.0,295.5,1084307.0
2026-04-09,EGX:EGAL,295.5,302.8,295.5,295.51,385110.0
2026-04-14,EGX:EGAL,295.51,314.99,295.51,314.9,748820.0
2026-04-15,EGX:EGAL,314.9,315.9,306.12,310.0,283261.0
2026-04-16,EGX:EGAL,310.0,315.0,306.89,307.0,346391.0
2026-04-19,EGX:EGAL,307.0,307.0,298.0,299.9,441667.0
2026-04-20,EGX:EGAL,299.9,303.7,295.5,299.99,247876.0
2026-04-21,EGX:EGAL,299.99,301.0,290.01,293.0,726743.0
2026-04-22,EGX:EGAL,293.0,298.8,293.0,293.0,477697.0
2026-04-23,EGX:EGAL,293.0,304.1,293.0,303.0,474761.0
2026-04-26,EGX:EGAL,303.0,311.0,302.9,303.0,280933.0
2026-04-27,EGX:EGAL,303.0,304.9,297.66,302.0,272204.0
2026-04-28,EGX:EGAL,302.0,308.8,302.0,304.5,241952.0
2026-04-29,EGX:EGAL,304.5,308.38,302.0,307.99,412812.0
2026-04-30,EGX:EGAL,307.99,313.98,306.36,306.36,492284.0
2026-05-03,EGX:EGAL,306.36,308.5,301.0,303.0,199537.0
2026-05-04,EGX:EGAL,303.0,305.0,294.5,295.0,314760.0
2026-05-05,EGX:EGAL,295.0,305.0,295.0,304.81,172721.0
2026-05-06,EGX:EGAL,304.81,306.5,295.0,298.6,588740.0
2026-05-10,EGX:EGAL,298.6,310.0,298.6,305.0,389645.0
2026-05-11,EGX:EGAL,305.0,306.99,303.05,303.05,189668.0
2026-05-12,EGX:EGAL,303.05,319.0,303.05,317.0,847780.0
2026-05-13,EGX:EGAL,317.0,338.0,317.0,338.0,1041427.0
2026-05-14,EGX:EGAL,338.0,344.99,329.0,332.01,407900.0
2026-05-17,EGX:EGAL,332.01,333.0,323.0,323.0,182108.0
2026-05-18,EGX:EGAL,323.0,326.5,315.21,320.0,190091.0
2026-05-19,EGX:EGAL,320.0,325.5,318.0,325.0,215032.0
2026-05-20,EGX:EGAL,325.0,335.0,323.5,323.51,615203.0
2026-05-21,EGX:EGAL,323.51,334.0,323.51,332.14,263322.0
2026-05-24,EGX:EGAL,332.14,334.29,328.0,329.98,280232.0
2026-05-25,EGX:EGAL,329.98,332.0,320.91,322.7,346132.0
2026-06-01,EGX:EGAL,322.7,331.79,322.7,328.06,211348.0
2026-06-02,EGX:EGAL,328.06,334.9,328.0,328.11,429055.0
2026-06-03,EGX:EGAL,328.11,332.5,326.0,326.65,167693.0
2026-06-04,EGX:EGAL,326.65,329.0,326.0,326.7,89224.0
2026-06-07,EGX:EGAL,326.7,327.0,323.0,325.98,77388.0
2026-06-08,EGX:EGAL,325.98,325.98,318.0,319.5,151648.0
2026-06-09,EGX:EGAL,319.5,323.0,316.5,316.55,182514.0
2026-06-10,EGX:EGAL,316.55,318.05,308.87,311.0,260917.0
