date,symbol,open,high,low,close,volume
2021-09-19,EGX:EKHOA,18.29782064156163,21.95141183942669,17.421756030916647,17.909564971923828,1234716
2021-09-20,EGX:EKHOA,17.909565024510915,18.666167230790787,17.172873852327523,17.81996726989746,420518
2021-09-21,EGX:EKHOA,17.819967720048528,18.656212185018028,17.32220324798672,17.441667556762695,618121
2021-09-22,EGX:EKHOA,17.441667833027733,17.839879037220438,17.471532486579186,17.670639038085938,608717
2021-09-23,EGX:EKHOA,17.6706387067433,18.098716455281362,17.6706387067433,17.8697452545166,310266
2021-09-26,EGX:EKHOA,17.869744297362228,19.91057775803227,17.700504310466126,18.805540084838867,826749
2021-09-27,EGX:EKHOA,18.805539499468672,18.845361565179093,17.81996615898303,17.919519424438477,888624
2021-09-28,EGX:EKHOA,17.919519424438477,18.118625955349366,17.720412893527584,17.919519424438477,149706
2021-09-29,EGX:EKHOA,17.91952333088613,18.148494562174854,17.42175879391707,18.078807830810547,42119
2021-09-30,EGX:EKHOA,18.078803889638948,18.078803889638948,17.431710512409456,17.919519424438477,494858
2021-10-03,EGX:EKHOA,17.919520541559155,17.81996726989746,17.630816243622313,17.81996726989746,206350
2021-10-04,EGX:EKHOA,17.81996726989746,17.81996726989746,17.720413998235767,17.81996726989746,422358
2021-10-05,EGX:EKHOA,17.81996833502611,18.078806097289387,17.481488330437276,17.810012817382812,1015313
2021-10-06,EGX:EKHOA,17.810010642555426,18.048937340356133,17.770190475665608,17.919519424438477,1584672
2021-10-10,EGX:EKHOA,17.919521532560648,19.21370843927281,18.1086725692964,18.915050506591797,4567660
2021-10-11,EGX:EKHOA,18.915051572236838,18.925007090396527,18.71594500668492,18.90509605407715,1714925
2021-10-12,EGX:EKHOA,18.905094988992985,18.915050506591797,18.626346192688764,18.915050506591797,2485420
2021-10-13,EGX:EKHOA,18.915050284006412,19.16393252458544,18.616392354839896,18.934961318969727,4826413
2021-10-14,EGX:EKHOA,18.93496157566463,19.910579516243565,19.104201577505535,19.840892791748047,729076
2021-10-17,EGX:EKHOA,19.840892066820732,21.005661001916614,19.76124982761848,20.32870101928711,2220060
2021-10-18,EGX:EKHOA,20.32870101928711,20.32870101928711,20.32870101928711,20.32870101928711,0
2021-10-19,EGX:EKHOA,20.099731176417617,21.204767082627537,20.408344636816704,20.796600341796875,1077928
2021-10-20,EGX:EKHOA,20.796601183332058,21.204767940679204,20.657227724380633,20.806556701660156,604061
2021-10-24,EGX:EKHOA,20.806554898560034,21.85186144657215,20.90610817439273,21.642799377441406,503914
2021-10-25,EGX:EKHOA,21.642798813340328,21.80208329099271,20.428254196535736,21.184856414794922,550867
2021-10-26,EGX:EKHOA,21.184856090463104,22.190340527013156,20.906107309428595,21.722440719604492,1150460
2021-10-27,EGX:EKHOA,21.72244243471586,21.901637958185077,20.71695791877704,21.065393447875977,96094
2021-10-28,EGX:EKHOA,21.065394544934176,21.752310121066216,20.906110048848625,21.3043212890625,220827
2021-10-31,EGX:EKHOA,21.3043215983645,21.69257922467821,20.15946355407038,20.607452392578125,2121533
2021-11-01,EGX:EKHOA,20.60744916885275,21.60297807751577,20.906107081923373,21.403871536254883,727348
2021-11-02,EGX:EKHOA,21.403872262657426,21.403872262657426,20.906107791432834,20.91606330871582,415602
2021-11-03,EGX:EKHOA,20.9160642809055,20.906108763159775,19.512368558713295,20.408344268798828,790054
2021-11-04,EGX:EKHOA,20.408343828471576,20.398388310940653,19.96035503368412,20.10968589782715,764975
2021-11-07,EGX:EKHOA,20.109686331710602,20.826466520014858,19.91057977443788,20.408344268798828,120447
2021-11-08,EGX:EKHOA,20.40834342627027,21.00566117460819,20.01013222698525,20.398387908935547,184276
2021-11-09,EGX:EKHOA,20.398387413650223,20.906107392468666,20.398387413650223,20.86628532409668,876294
2021-11-10,EGX:EKHOA,20.86628706845271,21.10521570101685,20.507897917248282,20.796600341796875,465090
2021-11-11,EGX:EKHOA,20.796601481671654,21.20476824487419,20.507899041299098,20.697050094604492,165608
2021-11-14,EGX:EKHOA,20.697049161151575,22.399402867659674,20.90610934314903,21.115169525146484,1011630
2021-11-15,EGX:EKHOA,21.115167848410508,21.652754385979126,20.607449761356712,21.095258712768555,138895
2021-11-16,EGX:EKHOA,21.095260122006263,21.782173767471182,20.458120268381666,20.886198043823242,317098
2021-11-17,EGX:EKHOA,20.886196048033145,21.403871536254883,20.906107081923373,21.403871536254883,585120
2021-11-18,EGX:EKHOA,21.403874542089774,21.393919023746566,20.91606553619834,21.055438995361328,288696
2021-11-21,EGX:EKHOA,21.05543793003648,23.156004723648728,21.02557327533886,21.065393447875977,184135
2021-11-22,EGX:EKHOA,21.065391421319095,21.692575693124258,20.90610694885254,20.90610694885254,317733
2021-11-23,EGX:EKHOA,20.90610694885254,21.34414019754591,20.557671453274192,20.90610694885254,442195
2021-11-24,EGX:EKHOA,20.90610998612016,20.90610998612016,20.607452031561117,20.806556701660156,517612
2021-11-25,EGX:EKHOA,20.806553811292932,23.594035894841802,20.756778125388063,21.403871536254883,226177
2021-11-28,EGX:EKHOA,21.403872490244034,21.304319215176417,20.756779050535698,20.89615249633789,353636
2021-11-29,EGX:EKHOA,20.896151431970793,20.90610694885254,20.756777993267733,20.90610694885254,61878
2021-11-30,EGX:EKHOA,20.906108703123362,20.806555424772892,20.29883541412425,20.497941970825195,2256318
2021-12-01,EGX:EKHOA,20.497940906139814,20.507896423339844,20.408343150160277,20.507896423339844,343805
2021-12-02,EGX:EKHOA,20.50789681248643,20.70700146380291,20.408343537417792,20.55767250061035,84208
2021-12-05,EGX:EKHOA,20.557673237342943,20.806555484523415,20.259015300254717,20.408344268798828,8356364
2021-12-06,EGX:EKHOA,20.408343537209426,20.90610801372673,19.910579060692125,20.89615249633789,1651129
2021-12-07,EGX:EKHOA,20.896154628117554,20.896154628117554,20.368523545605967,20.876243591308594,81601
2021-12-08,EGX:EKHOA,20.8762403982073,20.90610694885254,20.408342497689382,20.90610694885254,318673
2021-12-09,EGX:EKHOA,20.906110146522035,20.906110146522035,20.756781168096786,20.876243591308594,16893149
2021-12-12,EGX:EKHOA,20.876243591308594,21.105216716969686,20.906110146522035,20.876243591308594,9001
2021-12-13,EGX:EKHOA,20.87624225693654,21.30432002686233,20.42825535029532,20.6572265625,114822
2021-12-14,EGX:EKHOA,20.6572265625,20.6572265625,20.64727104473186,20.6572265625,5100
2021-12-15,EGX:EKHOA,20.6572265625,20.71695777028799,20.6572265625,20.6572265625,9825
2021-12-16,EGX:EKHOA,20.65722653712005,21.682622080128503,20.90610878455523,21.334186553955078,403957
2021-12-19,EGX:EKHOA,21.334187042000057,21.20476720703345,20.4083447565501,20.61740493774414,23897
2021-12-20,EGX:EKHOA,20.61740493774414,21.055438234920434,20.4083447565501,20.61740493774414,13500
2021-12-21,EGX:EKHOA,20.61740493774414,20.8662871908728,20.8662871908728,20.61740493774414,23
2021-12-22,EGX:EKHOA,20.61740439741895,20.786644401063967,19.422770753001974,20.159461975097656,512217
2021-12-23,EGX:EKHOA,20.159464225748398,20.408346500140354,19.54223534977508,19.711475372314453,152795
2021-12-26,EGX:EKHOA,19.71147318317686,20.408344233608922,19.562144214890235,19.820981979370117,384494
2021-12-27,EGX:EKHOA,19.820982202673616,20.15946221397441,19.512368744894964,19.801071166992188,40259
2021-12-28,EGX:EKHOA,19.801071194741724,20.906108991938286,19.890668956612846,20.3884334564209,826205
2021-12-29,EGX:EKHOA,20.388432560412483,20.298834802478908,19.4526367090497,19.791114807128906,224944
2021-12-30,EGX:EKHOA,19.791116456367103,20.129596481473403,19.562145233154297,19.562145233154297,1364753
2022-01-02,EGX:EKHOA,19.562143548206272,20.18932785198466,19.43272561978736,19.542232513427734,91477
2022-01-03,EGX:EKHOA,19.542233749795447,20.010133602589477,19.462591504463404,19.601966857910156,301909
2022-01-04,EGX:EKHOA,19.601964935707247,21.503425018017513,19.900622851710256,21.045480728149414,557210
2022-01-05,EGX:EKHOA,21.045481459743794,21.493470248142255,20.43821008958462,20.55767250061035,1309555
2022-01-09,EGX:EKHOA,20.55767250061035,20.55767250061035,20.55767250061035,20.55767250061035,0
2022-01-10,EGX:EKHOA,20.55767250040046,20.89615249633789,20.209236987074192,20.89615249633789,113230
2022-01-11,EGX:EKHOA,20.896151431970793,20.90610694885254,20.209235957695846,20.90610694885254,255260
2022-01-12,EGX:EKHOA,20.90610998612016,20.86628791280777,20.40834546264111,20.806556701660156,152046
2022-01-13,EGX:EKHOA,20.806554463242527,21.493469963413517,20.707001189492697,21.005661010742188,460928
2022-01-16,EGX:EKHOA,21.005661010742188,20.906107736992357,20.756778775777992,21.005661010742188,1151
2022-01-17,EGX:EKHOA,21.005660218849307,21.1948112419611,20.80655367885577,20.90610694885254,998363
2022-01-18,EGX:EKHOA,20.90610998612016,21.005663270580165,20.617405651068246,20.806556701660156,38209
2022-01-19,EGX:EKHOA,20.806555920492855,20.806555920492855,20.607451257869055,20.707002639770508,37125
2022-01-20,EGX:EKHOA,20.707003576074385,20.876243591308594,20.40834561922389,20.876243591308594,1200306
2022-01-23,EGX:EKHOA,20.87624134807757,20.657225663176003,20.1096855015117,20.398387908935547,129806
2022-01-24,EGX:EKHOA,20.398387908935547,20.40834342627027,20.119639120025642,20.398387908935547,383996
2022-01-25,EGX:EKHOA,20.39838875105311,20.78664444903197,19.960355464345636,20.408344268798828,357027
2022-01-26,EGX:EKHOA,20.408342497689382,20.90610694885254,20.209235957695846,20.90610694885254,241851
2022-01-30,EGX:EKHOA,20.90610694885254,20.83642022950101,20.31874474457436,20.90610694885254,1660
2022-01-31,EGX:EKHOA,20.90610767783281,20.90610767783281,20.408343209312985,20.756778717041016,554709
2022-02-01,EGX:EKHOA,20.756778656878385,20.54771659331922,20.408343150160277,20.507896423339844,137321
2022-02-02,EGX:EKHOA,20.50789910637407,20.607452392578125,20.557674800065598,20.607452392578125,1255174
2022-02-03,EGX:EKHOA,20.607452392578125,20.76673689097621,20.607452392578125,20.607452392578125,355179
2022-02-06,EGX:EKHOA,20.60745054286242,20.876241923019467,20.41829950593493,20.517852783203125,28208
2022-02-07,EGX:EKHOA,20.517853555549397,20.70700270077613,20.4083447565501,20.61740493774414,1058821
2022-02-08,EGX:EKHOA,20.617405918210913,20.65722799203928,20.418301245532046,20.44816780090332,2820503
2022-02-09,EGX:EKHOA,20.448165179039336,21.314274286722924,20.60744965628737,21.27445411682129,1067223
2022-02-10,EGX:EKHOA,21.274456632809567,21.403874573821213,20.647272268004365,21.3043212890625,73214
2022-02-13,EGX:EKHOA,21.304320939245073,21.503427505493164,20.408345188770557,21.503427505493164,43698
2022-02-14,EGX:EKHOA,21.50342763235672,21.47356107759702,20.707003261486648,21.32423210144043,94997
2022-02-15,EGX:EKHOA,21.32423081337736,21.403873055771584,20.906108566102475,21.354097366333008,71283
2022-02-16,EGX:EKHOA,21.354097366333008,21.294364260421712,20.87624201314683,21.354097366333008,2972
2022-02-17,EGX:EKHOA,21.354097366333008,21.304319778073594,20.87624201314683,21.354097366333008,5128
2022-02-20,EGX:EKHOA,21.354097366333008,21.304319778073594,20.87624201314683,21.354097366333008,5961
2022-02-21,EGX:EKHOA,21.354095714427658,20.90610694885254,20.41829801457113,20.90610694885254,66464
2022-02-22,EGX:EKHOA,20.90610907961608,20.90610907961608,20.368522506134784,20.886198043823242,318735
2022-02-23,EGX:EKHOA,20.886196702478237,21.005661010742188,20.537761193764215,21.005661010742188,42063
2022-02-24,EGX:EKHOA,21.0056606645779,20.86628532409668,19.91057846901778,20.86628532409668,198044
2022-02-27,EGX:EKHOA,20.866285281822652,21.294363021850586,21.294363021850586,21.294363021850586,28356
2022-02-28,EGX:EKHOA,21.294363064991877,21.055436351222152,20.707000848250196,20.86628532409668,572089
2022-03-01,EGX:EKHOA,20.86628532409668,21.28440754789888,20.766733950808174,20.86628532409668,1037
2022-03-02,EGX:EKHOA,20.866284881325555,21.284407096255435,20.80655367885577,20.90610694885254,584769
2022-03-03,EGX:EKHOA,20.90610735011396,21.48351404859285,21.005660622021505,21.294363021850586,492358
2022-03-06,EGX:EKHOA,21.294363812194597,21.49347036339956,20.517852439900988,20.716957092285156,153506
2022-03-07,EGX:EKHOA,20.71695809721579,20.80655585972212,20.30879135638513,20.796600341796875,450620
2022-03-08,EGX:EKHOA,20.79660025567009,20.418300070181854,19.711473490983703,20.29883575439453,1862633
2022-03-09,EGX:EKHOA,20.29883602630856,20.756780361003344,20.358569134412818,20.527809143066406,1967109
2022-03-10,EGX:EKHOA,20.527806801449646,20.90610694885254,20.209235957695846,20.90610694885254,1464139
2022-03-13,EGX:EKHOA,20.906107392468666,21.125123072052396,20.60744947496169,20.86628532409668,505948
2022-03-14,EGX:EKHOA,20.86628516714882,21.13507843017578,20.86628516714882,21.13507843017578,552329
2022-03-15,EGX:EKHOA,21.135078140670625,21.05543590443735,20.80655367885577,20.90610694885254,381961
2022-03-16,EGX:EKHOA,20.906109104234083,21.682622411681155,20.906109104234083,21.473560333251953,20538818
2022-03-17,EGX:EKHOA,21.473560004896108,21.403873279425593,20.93597533782296,21.334186553955078,2007173
2022-03-20,EGX:EKHOA,21.33418761969366,21.423785385151806,21.204767781222586,21.32423210144043,99228
2022-03-21,EGX:EKHOA,21.324229728603726,23.79314101605081,21.513380756725617,23.146047592163086,381674
2022-03-22,EGX:EKHOA,23.146048891316052,24.042024597667343,21.921548696008593,22.77770233154297,287946
2022-03-23,EGX:EKHOA,22.777701490580323,23.892694747616922,22.498954600436758,23.106225967407227,1139405
2022-03-24,EGX:EKHOA,23.106228331949463,23.59403923726168,22.29985033336769,23.066408157348633,257890
2022-03-27,EGX:EKHOA,23.06640653096335,23.793142230281205,22.89716652849555,22.956897735595703,21674
2022-03-28,EGX:EKHOA,22.95689892597711,23.484529996046703,21.901638684658863,22.180387496948242,224674
2022-03-29,EGX:EKHOA,22.180387002943306,22.897167205810547,21.453649383307177,22.897167205810547,114903
2022-03-30,EGX:EKHOA,22.897167205810547,22.897167205810547,22.050967168440327,22.897167205810547,87851
2022-03-31,EGX:EKHOA,22.897166151751918,22.050966153336056,21.30431943099632,21.891681671142578,1733845
2022-04-03,EGX:EKHOA,21.89168267891427,22.897167205810547,21.583069217810156,22.897167205810547,1600705
2022-04-04,EGX:EKHOA,22.897165182236137,22.857343113963516,21.90163626126935,22.73788070678711,80151
2022-04-05,EGX:EKHOA,22.73788132242935,22.588552360005302,21.503425654865364,21.752307891845703,214306
2022-04-06,EGX:EKHOA,21.752306895594042,22.19034014428741,20.667180240152707,20.90610694885254,360738
2022-04-07,EGX:EKHOA,20.906110081913653,21.75231015546959,20.716959030455037,20.96584129333496,633974
2022-04-10,EGX:EKHOA,20.96583894171395,21.334185484942093,20.906107736992357,21.005661010742188,106415
2022-04-11,EGX:EKHOA,21.005660218849307,21.553200355600502,20.90610694885254,20.90610694885254,537285
2022-04-12,EGX:EKHOA,20.90611007912634,22.787659378624998,21.30432131991693,21.553203582763672,399765
2022-04-13,EGX:EKHOA,21.553203908907708,22.130610691496653,21.39391941018117,21.69257926940918,2994620
2022-04-14,EGX:EKHOA,21.692575831201093,22.3994004449179,21.383960502364655,21.403871536254883,3642449
2022-04-17,EGX:EKHOA,21.40387233075549,24.888223640413358,21.40387233075549,22.51886558532715,179353
2022-04-18,EGX:EKHOA,22.51886825003697,23.892697522075046,22.399403926945354,23.205781936645508,79955
2022-04-19,EGX:EKHOA,23.205778329265147,22.89716489924941,21.23463154582934,21.403871536254883,126907
2022-04-20,EGX:EKHOA,21.403871729132835,22.32971392634385,21.45364741548625,22.1505184173584,205286
2022-04-21,EGX:EKHOA,22.1505184173584,22.1505184173584,21.901636187949876,22.1505184173584,420976
2022-04-26,EGX:EKHOA,22.150519627827475,23.59403739680973,21.41382841637845,23.225690841674805,254346
2022-04-27,EGX:EKHOA,23.225690508843204,23.185870337919184,22.558686031183843,23.08631706237793,228672
2022-04-28,EGX:EKHOA,23.08631644882692,23.394929885864258,22.89716542020757,23.394929885864258,3844958
2022-05-08,EGX:EKHOA,23.394929885864258,23.892694351520944,21.921547523237447,23.394929885864258,101651
2022-05-09,EGX:EKHOA,23.394929840178055,23.823007583618164,22.399400910808776,23.823007583618164,142056
2022-05-10,EGX:EKHOA,23.823010791447018,23.8130552729543,22.89716845865525,23.205781936645508,164930
2022-05-11,EGX:EKHOA,23.205780569707212,23.902651632580223,23.205780569707212,23.663724899291992,437368
2022-05-12,EGX:EKHOA,23.66372315303585,23.892694351520944,22.89716542020757,23.394929885864258,356998
2022-05-15,EGX:EKHOA,23.394930103995836,23.394930103995836,22.89716563369805,23.03653907775879,146596
2022-05-16,EGX:EKHOA,23.036538749380234,23.295376498103924,22.56864083754553,23.235645294189453,1073080
2022-05-17,EGX:EKHOA,23.23564657253,24.689117973611488,23.384975539942083,23.544260025024414,212594
2022-05-18,EGX:EKHOA,23.544260189315665,23.793142436346105,23.345155530983824,23.61394691467285,453964
2022-05-19,EGX:EKHOA,23.61394689107042,25.3859891717315,22.747837735609846,24.29090690612793,1629136
2022-05-22,EGX:EKHOA,24.290906582847736,24.480057619554298,23.74336640674342,23.813053131103516,12803
2022-05-23,EGX:EKHOA,23.81305251237625,24.3805037089312,23.504439070162654,24.121665954589844,105232
2022-05-24,EGX:EKHOA,24.12166577906139,23.892694578402022,23.086316668050767,23.375019073486328,1565672
2022-05-25,EGX:EKHOA,23.37501918342574,23.78318589915417,22.399401272602695,23.195823669433594,174497
2022-05-26,EGX:EKHOA,23.195823669433594,23.265512290624475,22.528819200029925,23.195823669433594,463502
2022-05-29,EGX:EKHOA,23.195825148966676,22.907122723758537,22.897167205810547,22.897167205810547,78858
2022-05-30,EGX:EKHOA,22.89716636352904,23.245601883607776,22.58855291377739,22.887210845947266,965114
2022-05-31,EGX:EKHOA,22.887211332261867,23.84292015339015,22.89716685005518,23.43475341796875,2317348
2022-06-01,EGX:EKHOA,23.43475505459041,23.79314422607422,22.966855179732253,23.79314422607422,238461
2022-06-02,EGX:EKHOA,23.79314187764918,23.623901877689644,23.295377395276518,23.494483947753906,319333
2022-06-05,EGX:EKHOA,23.494483947753906,23.494483947753906,23.494483947753906,23.494483947753906,0
2022-06-06,EGX:EKHOA,23.494483158759746,23.394929885864258,23.384974368692635,23.394929885864258,109295
2022-06-07,EGX:EKHOA,23.39493221459051,23.69359016418457,22.897167699386458,23.69359016418457,356114
2022-06-08,EGX:EKHOA,23.693589330661418,23.793142609964203,23.32524466570824,23.683635711669922,127475
2022-06-09,EGX:EKHOA,23.683634470932397,23.693588089402443,23.295376891873644,23.6239013671875,178537
2022-06-12,EGX:EKHOA,23.62390176979552,23.394930564666836,22.93698815440947,22.996719360351562,97646
2022-06-13,EGX:EKHOA,22.99671953124048,22.99671953124048,22.39940177091849,22.72792625427246,208062
2022-06-14,EGX:EKHOA,22.727927398341304,23.394931916159102,22.399402898450205,23.215736389160156,850445
2022-06-15,EGX:EKHOA,23.215734936249778,23.146048213182706,22.508910289345707,22.837434768676758,1413590
2022-06-16,EGX:EKHOA,22.837434770770965,22.80756821853057,22.050965984494354,22.16047477722168,1722122
2022-06-19,EGX:EKHOA,22.16047472157265,22.698059368804245,22.14056368679572,22.250072479248047,133181
2022-06-20,EGX:EKHOA,22.250073665504456,22.39940263665129,21.951413824389906,22.060922622680664,200914
2022-06-21,EGX:EKHOA,22.06092195355973,22.668195236468225,21.55320194800325,21.78217315673828,756525
2022-06-22,EGX:EKHOA,21.78217367174762,21.752309017010493,21.17490227330187,21.652755737304688,205735
2022-06-23,EGX:EKHOA,21.652754041189457,21.593022837573223,20.91606286718679,21.294363021850586,234830
2022-06-26,EGX:EKHOA,21.294363021850586,21.453647497374366,20.90610735011396,21.294363021850586,12630
2022-06-27,EGX:EKHOA,21.294363698004986,20.70700146380291,20.408343537417792,20.55767250061035,38045
2022-06-28,EGX:EKHOA,20.5576738599651,20.43821144104004,18.915051358588684,20.43821144104004,1474647
2022-06-29,EGX:EKHOA,20.438211250287335,20.707002639770508,20.40834469642436,20.707002639770508,76300
2022-07-03,EGX:EKHOA,20.707002639770508,20.707002639770508,19.910580191633525,20.707002639770508,758537
2022-07-04,EGX:EKHOA,20.707002205887054,20.906108763159775,20.159462021618356,20.408344268798828,71265
2022-07-05,EGX:EKHOA,20.40834342627027,20.657225663176003,20.020087744319973,20.398387908935547,472306
2022-07-06,EGX:EKHOA,20.39838892991553,20.85633325612991,19.96035563936718,20.139551162719727,394797
2022-07-07,EGX:EKHOA,20.139550986126913,20.408344268798828,19.960355464345636,20.408344268798828,343804
2022-07-17,EGX:EKHOA,20.408343143877257,20.408343143877257,19.91057867695342,20.169416427612305,46611
2022-07-18,EGX:EKHOA,20.169415788989554,20.90610694885254,20.06986251899278,20.90610694885254,47031
2022-07-19,EGX:EKHOA,20.906108339715594,22.39940179255242,20.308790578816698,21.374006271362305,1254919
2022-07-20,EGX:EKHOA,21.37400711328936,21.383962631225586,20.507897939867416,21.383962631225586,533262
2022-07-21,EGX:EKHOA,21.383961566299796,21.9016370802779,21.204766050013465,21.393917083740234,372840
2022-07-24,EGX:EKHOA,21.393918271400135,21.383962753407026,20.9359758366425,21.20476722717285,37183
2022-07-25,EGX:EKHOA,21.20476797286753,21.264501082926785,21.00566330246625,21.055438995361328,27418
2022-07-26,EGX:EKHOA,21.055436308564914,21.36404974253965,21.01561613909433,21.294363021850586,573001
2022-07-27,EGX:EKHOA,21.29436380815663,21.393917083740234,21.105214673250657,21.393917083740234,414405
2022-07-28,EGX:EKHOA,21.393917345387734,22.299848556518555,20.9757951018796,22.299848556518555,21050
2022-07-31,EGX:EKHOA,22.299848556518555,21.901637348134813,21.423783898074323,22.299848556518555,1468
2022-08-01,EGX:EKHOA,22.299848556518555,21.891681830572615,21.314275103710987,22.299848556518555,12870
2022-08-02,EGX:EKHOA,22.299848556518555,21.60297941655221,21.513381657313268,22.299848556518555,4161
2022-08-03,EGX:EKHOA,22.29984753564607,21.901636345492175,21.413827400201065,21.881725311279297,69065
2022-08-04,EGX:EKHOA,21.88172567299744,24.88822353129484,21.80208343365013,24.390459060668945,1473924
2022-08-07,EGX:EKHOA,24.390459060668945,24.410370095210965,23.90265010731406,24.390459060668945,1081472
2022-08-08,EGX:EKHOA,24.390459060668945,23.89269459004305,22.996718922680586,24.390459060668945,11572
2022-08-09,EGX:EKHOA,24.39046118078376,23.79314338434732,23.44470784485765,23.783187866210938,21129
2022-08-10,EGX:EKHOA,23.783187866210938,23.892696666890217,23.693590101804425,23.783187866210938,7941
2022-08-11,EGX:EKHOA,23.78318870758564,24.231177545466647,23.45466419274657,23.79314422607422,133670
2022-08-14,EGX:EKHOA,23.793142685749984,24.38050494680433,23.14604921645206,23.255558013916016,200478
2022-08-15,EGX:EKHOA,23.255557224073524,23.76327722395214,22.698059636665157,23.494483947753906,20972
2022-08-16,EGX:EKHOA,23.494484004677364,23.62390193492666,23.146048486408134,23.40488624572754,138659
2022-08-17,EGX:EKHOA,23.404887011788485,23.892695993803464,23.34515580347382,23.842920303344727,1095521
2022-08-18,EGX:EKHOA,23.842920303344727,23.842920303344727,23.842920303344727,23.842920303344727,0
2022-08-21,EGX:EKHOA,23.892695489377537,23.892695489377537,23.49448427765208,23.63385772705078,143049
2022-08-22,EGX:EKHOA,23.63385772705078,23.793142211740964,21.90163753192941,23.63385772705078,1236675
2022-08-23,EGX:EKHOA,23.63385772705078,23.63385772705078,23.63385772705078,23.63385772705078,0
2022-08-24,EGX:EKHOA,23.394930900878357,24.191353320954395,23.09627296805505,23.136093139648438,796078
2022-08-25,EGX:EKHOA,23.13609322905645,24.131622207409073,23.245602024297906,23.97233772277832,185928
2022-08-28,EGX:EKHOA,23.97233671222466,23.8926944732666,23.126136736532317,23.8926944732666,65353
2022-08-29,EGX:EKHOA,23.89269635934636,24.390460866832743,22.93698941640654,24.231176376342773,347180
2022-08-30,EGX:EKHOA,24.231176376342773,24.231176376342773,23.04649631685533,24.231176376342773,35921
2022-08-31,EGX:EKHOA,24.231176376342773,24.37054983081627,23.89269635934636,24.231176376342773,1775
2022-09-01,EGX:EKHOA,24.23117520740071,23.872784171677058,23.404886240787363,23.743366241455078,109976
2022-09-04,EGX:EKHOA,23.743368021559842,24.23117702407784,23.793143714110695,23.922563552856445,168819
2022-09-05,EGX:EKHOA,23.922561648885498,24.231175095544682,23.544259579852223,23.584081649780273,2277615
2022-09-06,EGX:EKHOA,23.584083138320317,24.09180316902356,23.43475416430664,23.872785568237305,82128
2022-09-07,EGX:EKHOA,23.872785568237305,23.89269660445804,23.46461881981682,23.872785568237305,12147
2022-09-08,EGX:EKHOA,23.872785568237305,23.872785568237305,23.404887609975532,23.872785568237305,12364
2022-09-11,EGX:EKHOA,23.8727843452866,23.9922486576702,23.40488641099422,23.474573135375977,75124
2022-09-12,EGX:EKHOA,23.474572244031606,23.8926944732666,23.096272083686017,23.8926944732666,867160
2022-09-13,EGX:EKHOA,23.892694351520944,23.42479643737913,23.295376612968774,23.394929885864258,366244
2022-09-14,EGX:EKHOA,23.394930043883186,23.00667436567117,22.200294558709782,22.787656784057617,3643643
2022-09-15,EGX:EKHOA,22.787658189016597,22.867300433017068,21.652755737304688,21.652755737304688,768657
2022-09-18,EGX:EKHOA,21.652754212432075,22.558685386195986,21.254543020473335,21.364049911499023,2532994
2022-09-19,EGX:EKHOA,21.36405019693211,21.702530189324467,20.209236775412577,21.25454330444336,468311
2022-09-20,EGX:EKHOA,21.254544695696417,21.90163817098404,20.65722691126904,21.383962631225586,379825
2022-09-21,EGX:EKHOA,21.38396212671117,21.802084376063437,21.20476660572865,21.513381958007812,171433
2022-09-22,EGX:EKHOA,21.513382344697753,21.861815976403484,21.513382344697753,21.56315803527832,75070
2022-09-25,EGX:EKHOA,21.56315843635522,22.269985028435784,21.40387394494964,22.20029640197754,84543
2022-09-26,EGX:EKHOA,22.20029537194347,23.59403745530778,22.20029537194347,23.136093139648438,834365
2022-09-27,EGX:EKHOA,23.136092864016604,22.907121658325195,22.897166140840245,22.907121658325195,13937
2022-09-28,EGX:EKHOA,22.907122723758537,23.39493171028469,22.79761392515154,22.897167205810547,37602
2022-09-29,EGX:EKHOA,22.897168394189304,23.404888442962456,22.897168394189304,23.295379638671875,531917
2022-10-02,EGX:EKHOA,23.295379580331403,23.27546854345189,22.31976155908717,22.79761505126953,1108379
2022-10-03,EGX:EKHOA,22.797612864811562,23.365064069708012,22.797612864811562,22.907121658325195,138382
2022-10-04,EGX:EKHOA,22.907122381695704,23.195824802592764,22.897166863896377,23.09627342224121,664907
2022-10-05,EGX:EKHOA,23.09627342224121,23.335200152962496,23.09627342224121,23.09627342224121,127934
2022-10-09,EGX:EKHOA,23.09627342224121,23.295378081765183,22.897166863896377,23.09627342224121,5981
2022-10-10,EGX:EKHOA,23.096272692897614,23.285421828649227,22.897166140840245,22.907121658325195,873435
2022-10-11,EGX:EKHOA,22.907121658325195,23.14604838150155,22.897166140840245,22.907121658325195,71180
2022-10-12,EGX:EKHOA,22.907122723758537,22.897167205810547,21.91159371481025,22.897167205810547,210640
2022-10-13,EGX:EKHOA,22.897166818617386,22.996720097592938,22.399402322560483,22.84739112854004,79353
2022-10-16,EGX:EKHOA,22.84739151489149,23.335200501417642,22.897167205810547,22.897167205810547,579782
2022-10-17,EGX:EKHOA,22.89716714536243,23.14604939694246,22.89716714536243,22.986764907836914,954251
2022-10-18,EGX:EKHOA,22.986765418088815,23.1460499107301,22.698061088413404,22.857345581054688,202358
2022-10-19,EGX:EKHOA,22.857344563545514,23.14604888036907,22.817524391568277,23.116182327270508,448134
2022-10-20,EGX:EKHOA,23.116183107625083,23.394931916159102,22.946943098661734,23.215736389160156,173701
2022-10-23,EGX:EKHOA,23.215735697397132,23.594037776193893,21.90163773698912,22.349626541137695,337347
2022-10-24,EGX:EKHOA,22.349625475898797,23.046494595023237,22.130607893722484,23.03653907775879,117085
2022-10-25,EGX:EKHOA,23.03653907775879,23.165958903375838,22.71797012057953,23.03653907775879,86710
2022-10-26,EGX:EKHOA,23.03653907775879,23.03653907775879,23.03653907775879,23.03653907775879,0
2022-10-27,EGX:EKHOA,23.38497640434562,26.8792834852921,23.195825359260745,25.654783248901367,1214763
2022-10-30,EGX:EKHOA,25.654784730683833,26.879285037799892,24.888226886851754,26.77973175048828,547097
2022-10-31,EGX:EKHOA,26.779730486817673,26.87928376943161,25.585096791913273,26.47111701965332,326505
2022-11-01,EGX:EKHOA,26.471118268761206,26.879285037799892,26.013173906656203,26.77973175048828,843081
2022-11-02,EGX:EKHOA,26.779726528993006,27.068430816023184,25.883750915527344,25.883750915527344,141049
2022-11-03,EGX:EKHOA,25.8837530348036,26.879281997680664,25.48554182941694,26.879281997680664,104994
2022-11-06,EGX:EKHOA,26.879281188965116,26.879281188965116,25.087329869229077,25.7642879486084,156266
2022-11-07,EGX:EKHOA,25.764287745363227,26.58062305893108,25.764287745363227,26.461158752441406,240479
2022-11-08,EGX:EKHOA,26.46116132501936,26.68017702625248,25.634872312830478,25.814067840576172,388443
2022-11-09,EGX:EKHOA,25.814064197642995,26.12267761919681,25.58509301064567,25.883750915527344,440809
2022-11-10,EGX:EKHOA,25.8837530348036,26.978835273732532,25.8837530348036,26.879281997680664,322563
2022-11-13,EGX:EKHOA,26.879282842327086,29.766316545627674,26.401429380847166,28.153560638427734,457941
2022-11-14,EGX:EKHOA,28.1535599677857,29.70658463001148,27.825035483491384,27.87481117248535,355664
2022-11-15,EGX:EKHOA,27.874810890913473,28.671233299696965,27.844944338526293,28.322799682617188,311914
2022-11-16,EGX:EKHOA,28.322799506814643,28.790697431718055,28.332753125394454,28.591590881347656,137242
2022-11-17,EGX:EKHOA,28.591592299067475,28.870341103643693,28.32280091120639,28.382532119750977,306164
2022-11-20,EGX:EKHOA,28.38253148096955,29.35814942679758,28.223246995888275,29.029624938964844,4439740
2022-11-21,EGX:EKHOA,29.029624823309852,29.348193792203215,28.541815852339283,29.208820343017578,236259
2022-11-22,EGX:EKHOA,29.208819278264617,29.25859496578191,28.870339286448864,29.218774795532227,577769
2022-11-23,EGX:EKHOA,29.21877406968072,29.517431985006777,28.98980287467603,29.36810302734375,228737
2022-11-24,EGX:EKHOA,29.368106248947047,29.766317479338074,28.870341736253028,28.999759674072266,98924
2022-11-27,EGX:EKHOA,28.9997580435476,29.75636028816071,28.969893389710506,29.567211151123047,85005
2022-11-28,EGX:EKHOA,29.56721007996215,30.01519696067627,29.168996987566373,29.238685607910156,1564880
2022-11-29,EGX:EKHOA,29.23868766120416,29.71654112705157,29.36810559614667,29.646854400634766,671085
2022-11-30,EGX:EKHOA,29.646854400634766,29.646854400634766,29.646854400634766,29.646854400634766,0
2022-12-01,EGX:EKHOA,30.363633037255855,36.43635812565039,30.11475079924556,33.41990661621094,754595
2022-12-04,EGX:EKHOA,33.4199081501002,34.823603884998676,33.54932798314523,34.29597473144531,115462
2022-12-05,EGX:EKHOA,34.295970247355385,35.60011063338323,34.196415082013516,35.122257232666016,94142
2022-12-06,EGX:EKHOA,35.122260324186904,35.7693556641231,34.445300330840034,35.27159118652344,175331
2022-12-07,EGX:EKHOA,35.271593028690724,35.8390442589799,33.10133948919671,34.43534851074219,1424579
2022-12-08,EGX:EKHOA,34.43534676837818,35.331324348574604,34.34574901035854,34.84351348876953,712630
2022-12-11,EGX:EKHOA,34.84351107333043,35.520471020852156,33.86789321899414,33.86789321899414,209609
2022-12-12,EGX:EKHOA,33.867895566800975,35.24172659055496,33.847984531947546,34.84351348876953,277723
2022-12-13,EGX:EKHOA,34.843514360728506,35.839043342463604,34.55481004459132,35.44083023071289,552553
2022-12-14,EGX:EKHOA,35.44082684787472,36.83456880832742,35.35122909616503,35.82908630371094,2611197
2022-12-15,EGX:EKHOA,35.82908859624449,36.43635806597612,33.847984313964844,33.847984313964844,631529
2022-12-18,EGX:EKHOA,33.84798930189898,34.34575385045631,32.88232486245226,33.161075592041016,127111
2022-12-19,EGX:EKHOA,33.16107194265158,34.09686782380349,31.259609829503848,31.62795639038086,1334577
2022-12-20,EGX:EKHOA,31.627955787250144,32.55379803183346,29.86586905716067,30.58264923095703,589420
2022-12-21,EGX:EKHOA,30.58264980310482,31.33925206123276,29.885780651359696,30.36363410949707,615617
2022-12-22,EGX:EKHOA,30.363632715940664,32.35469059895317,30.41340840348767,31.588132858276367,1465887
2022-12-25,EGX:EKHOA,31.588133142584052,31.856926414926985,30.413408677222293,30.463186264038086,184132
2022-12-26,EGX:EKHOA,30.463186374403833,31.5582686036485,30.56273964957531,30.96095085144043,87078
2022-12-27,EGX:EKHOA,30.960952066804953,32.06598795800597,30.980863102385012,31.359163284301758,583718
2022-12-28,EGX:EKHOA,31.359164743393283,32.265096017407856,31.070460410512112,31.39898681640625,163415
2022-12-29,EGX:EKHOA,31.398985132118117,32.504022914279766,31.110280814723474,31.379074096679688,270247
2023-01-02,EGX:EKHOA,31.37907708830809,32.49406859566952,31.46867485750226,32.454246520996094,519106
2023-01-03,EGX:EKHOA,32.45424366155589,32.852456777920715,32.056034342832795,32.62348556518555,802388
2023-01-04,EGX:EKHOA,32.62348437077349,34.84351348876953,31.657820067410857,34.84351348876953,4073543
2023-01-05,EGX:EKHOA,34.84351348876953,35.83904244559152,34.246197633732976,34.84351348876953,2578566
2023-01-09,EGX:EKHOA,34.84351468066624,35.58020780487696,33.85793930873646,34.65436553955078,459706
2023-01-10,EGX:EKHOA,34.65436418796422,35.04261987164054,33.39999558170365,34.096866607666016,262642
2023-01-11,EGX:EKHOA,34.09686707797116,36.43635862849793,33.8977605252868,36.33680725097656,1014271
2023-01-12,EGX:EKHOA,36.3368049175361,36.635462828562915,35.29150033012156,35.610069274902344,340593
2023-01-15,EGX:EKHOA,35.6100729689191,35.93859556583553,35.64989504055799,35.789268493652344,193704
2023-01-16,EGX:EKHOA,35.78926316555953,36.03814537978784,35.490605268013795,35.83903884887695,185846
2023-01-17,EGX:EKHOA,35.83904459269869,36.13770253810949,35.34128008446677,35.50056457519531,351543
2023-01-18,EGX:EKHOA,35.50056103460579,35.789265332020896,34.41543436297783,35.39105224609375,399695
2023-01-19,EGX:EKHOA,35.39105256549646,35.739489968237706,34.843512415636184,34.85346603393555,424602
2023-01-22,EGX:EKHOA,34.85346592801257,35.34127677131122,34.554808010600205,35.03266143798828,145755
2023-01-23,EGX:EKHOA,35.032664107981596,35.39105515524758,33.75838820449522,34.544857025146484,2243333
2023-01-24,EGX:EKHOA,34.54485676952055,34.49508107946677,33.85793933479657,33.9774055480957,330637
2023-01-25,EGX:EKHOA,33.97740435967405,35.21185813945402,34.14664245946582,34.84351348876953,840004
2023-01-29,EGX:EKHOA,34.84351484532923,35.142172784475136,34.34575034753881,34.72405242919922,113759
2023-01-30,EGX:EKHOA,34.72405152122337,35.73949152588077,34.54485600289315,34.80369186401367,190130
2023-01-31,EGX:EKHOA,34.80369141906267,35.331324348574604,34.644406937876816,34.84351348876953,323790
2023-02-01,EGX:EKHOA,34.84351348876953,35.24172659055496,34.15659987571333,34.84351348876953,305494
2023-02-02,EGX:EKHOA,34.84351735468937,35.4209260365781,33.41991048467213,33.91767501831055,719710
2023-02-05,EGX:EKHOA,33.917669449938685,34.68422716161067,33.36017189663868,33.64887619018555,717319
2023-02-06,EGX:EKHOA,33.648878948212385,34.43534775814092,33.49955187898198,33.658836364746094,172751
2023-02-07,EGX:EKHOA,33.6588382086179,34.226289457590816,33.44977422401585,33.748435974121094,315391
2023-02-08,EGX:EKHOA,33.748433048226126,35.839042331861414,33.459728740229934,34.34574890136719,889570
2023-02-09,EGX:EKHOA,34.34575167702374,35.20190725398675,33.85794077934417,34.60458755493164,543282
2023-02-12,EGX:EKHOA,34.60458431069935,34.74396155242803,33.967446396220055,34.38557052612305,391931
2023-02-13,EGX:EKHOA,34.385570970947676,34.743962001888946,34.24619752505754,34.34574890136719,626390
2023-02-14,EGX:EKHOA,34.345746772840194,34.74395984868329,34.246195402700096,34.365657806396484,133144
2023-02-15,EGX:EKHOA,34.36566043352999,34.8435138824871,34.36566043352999,34.5548095703125,597981
2023-02-16,EGX:EKHOA,34.55481020489597,35.54038557234829,34.59463227578412,35.51051712036133,518994
2023-02-19,EGX:EKHOA,35.51051618169258,35.91868670104415,34.34574912131592,34.6643180847168,1265966
2023-02-20,EGX:EKHOA,34.66432066648036,34.84351619644485,33.35022264516865,33.429866790771484,498770
2023-02-21,EGX:EKHOA,33.42986701828673,34.315887257117936,33.35022287214185,33.997318267822266,224487
2023-02-22,EGX:EKHOA,33.99731615570421,34.31588512520846,31.787240606832007,33.340267181396484,207147
2023-02-23,EGX:EKHOA,33.340269380218935,35.341281089238734,33.370134036316536,34.99284744262695,347295
2023-02-26,EGX:EKHOA,34.99284557002196,36.73502130513403,35.07248591456767,36.506046295166016,539886
2023-02-27,EGX:EKHOA,36.506046431116154,36.72506402530551,36.137701766231835,36.32685470581055,1657457
2023-02-28,EGX:EKHOA,36.326854095694024,36.436359093307814,35.01275235027022,35.620025634765625,312516
2023-03-01,EGX:EKHOA,35.620026545492124,35.83904414160284,35.341279639636134,35.54038619995117,1935757
2023-03-02,EGX:EKHOA,35.54038201513067,35.948548706776755,35.500559948228286,35.82908630371094,351052
2023-03-05,EGX:EKHOA,35.82908523126995,36.33680327733357,35.66980076606948,35.83903884887695,193486
2023-03-06,EGX:EKHOA,35.83904607145946,36.217348176664615,34.8733816703997,34.953025817871094,130709
2023-03-07,EGX:EKHOA,34.9530222816426,35.341277967180524,34.664317972730245,34.84351348876953,603478
2023-03-08,EGX:EKHOA,34.843513378198594,35.17203975577528,34.29597321321236,34.34574890136719,995212
2023-03-09,EGX:EKHOA,34.345751536327626,35.83904508138535,34.37561619198338,35.709625244140625,100155
2023-03-12,EGX:EKHOA,35.70962528008168,36.277076523963395,34.594633828656086,35.9585075378418,258338
2023-03-13,EGX:EKHOA,35.958503876054394,36.4363573065752,34.9430639120821,35.35123062133789,1288447
2023-03-14,EGX:EKHOA,35.35123169480849,35.819131521203126,34.79373790775951,35.341278076171875,337488
2023-03-15,EGX:EKHOA,35.341276750828406,35.71957880474026,34.09686559763022,34.3557014465332,753419
2023-03-16,EGX:EKHOA,34.355702739954,35.5901603213636,34.047091192832795,34.6643180847168,1102745
2023-03-19,EGX:EKHOA,34.664317972730245,35.43087572520017,34.60458486816996,34.84351348876953,117622
2023-03-20,EGX:EKHOA,34.843517144295596,35.34128167492839,34.69418626604896,34.77383041381836,494885
2023-03-21,EGX:EKHOA,34.77383075671702,35.530431179777096,34.64441091413655,35.162086486816406,1178533
2023-03-22,EGX:EKHOA,35.16208408110649,36.535915168545465,34.76387096086159,36.21734619140625,639114
2023-03-23,EGX:EKHOA,36.21734452750251,40.31892276796581,35.69966901402399,39.831111907958984,2081553
2023-03-26,EGX:EKHOA,39.831112370444465,40.30896961738973,38.875405471837205,39.79129409790039,262015
2023-03-27,EGX:EKHOA,39.79129649442431,39.82116115004144,38.088938969052215,38.487152099609375,356898
2023-03-28,EGX:EKHOA,38.487150372233735,39.87093505246812,38.02920795099563,39.82115936279297,710996
2023-03-29,EGX:EKHOA,39.82116005637429,46.789863066239796,39.82116005637429,43.80327606201172,1341482
2023-03-30,EGX:EKHOA,43.80327618251698,46.292098692887265,42.907298559726975,43.624080657958984,1006553
2023-04-02,EGX:EKHOA,43.62407647380213,44.599694348574914,42.70819170070003,42.807743072509766,67913
2023-04-03,EGX:EKHOA,42.80774793535581,44.28113043183244,43.315466065487165,43.7236328125,285018
2023-04-04,EGX:EKHOA,43.72363369300471,43.72363369300471,42.857524489978104,43.395111083984375,703400
2023-04-05,EGX:EKHOA,43.3951052805266,43.653941125816765,42.807743072509766,42.807743072509766,242097
2023-04-06,EGX:EKHOA,42.80774865336396,42.80774865336396,41.224857330322266,41.224857330322266,710138
2023-04-09,EGX:EKHOA,41.22485421087899,44.30103885882436,41.81221645102524,43.783363342285156,717822
2023-04-10,EGX:EKHOA,43.78336354926399,45.29656803607628,43.31546371914052,44.778892517089844,1299479
2023-04-11,EGX:EKHOA,44.778890259464184,45.286612134136774,43.902823748606586,44.3010368347168,958380
2023-04-12,EGX:EKHOA,44.30103904229196,41.812216624185666,38.57674748064749,40.2193717956543,7457098
2023-04-13,EGX:EKHOA,40.219370575458775,41.60315519032126,40.109861784761776,41.51355743408203,647447
2023-04-18,EGX:EKHOA,41.51355752016625,44.788848641252464,40.8266401216939,43.79331970214844,536450
2023-04-19,EGX:EKHOA,43.793320592251746,44.78884955158999,43.305509731213704,43.71367645263672,371590
2023-04-26,EGX:EKHOA,43.713678047156705,43.80327580867102,42.708195432510934,43.23582458496094,236395
2023-04-27,EGX:EKHOA,43.23582511542318,43.90282772782521,42.907298719959414,43.69376754760742,142876
2023-04-30,EGX:EKHOA,43.69376939447092,44.40059410849792,42.45931549921839,42.608642578125,347815
2023-05-01,EGX:EKHOA,42.608642578125,42.608642578125,42.608642578125,42.608642578125,0
2023-05-02,EGX:EKHOA,40.72708986152525,41.78235193300859,40.717136242824054,41.57328796386719,95261
2023-05-03,EGX:EKHOA,41.573288802966,42.30998192389738,41.5235131131721,41.92172622680664,485723
2023-05-07,EGX:EKHOA,41.92172432325813,42.309980002719264,40.81668659085858,42.26020431518555,60771
2023-05-08,EGX:EKHOA,42.26020686935557,44.002382621821944,42.11087600008746,43.80327606201172,469118
2023-05-09,EGX:EKHOA,43.803276508556344,43.922738926603614,42.807747496998246,42.83761215209961,169622
2023-05-10,EGX:EKHOA,42.83761064977319,43.4050618626493,41.911768397682344,42.88739013671875,172342
2023-05-11,EGX:EKHOA,42.88738850117227,43.35528451995531,42.21042851905902,42.43939971923828,268713
2023-05-14,EGX:EKHOA,42.43940050346342,42.807745154241665,40.518029312496594,41.18503189086914,400453
2023-05-15,EGX:EKHOA,41.18503320008508,42.160651153315534,40.816688537597656,40.816688537597656,485910
2023-05-16,EGX:EKHOA,40.816688984260466,41.01579554371204,40.31892448445241,40.7768669128418,1126517
2023-05-17,EGX:EKHOA,40.776864032841445,40.816686101447544,39.32339270749215,39.592185974121094,130564
2023-05-18,EGX:EKHOA,39.592188337186734,40.916239917413165,39.32339505451482,40.816688537597656,967838
2023-05-21,EGX:EKHOA,40.81668357356288,41.0157901066207,39.63200558821275,40.577754974365234,70539
2023-05-22,EGX:EKHOA,40.57776063057683,40.8166892630792,39.50259127842067,39.74151611328125,329384
2023-05-23,EGX:EKHOA,39.74151126955948,40.318919845774204,38.77585083342716,39.32339096069336,87673
2023-05-24,EGX:EKHOA,39.323393810732085,40.10986259838071,39.422945187398824,39.831111907958984,102444
2023-05-25,EGX:EKHOA,39.831112981671325,40.26914816515273,39.62205280645067,39.82115936279297,375329
2023-05-28,EGX:EKHOA,39.8211598092804,40.15963981956496,39.42294669213091,39.78133773803711,141408
2023-05-29,EGX:EKHOA,39.78133669285851,39.82115876305556,38.42741668729196,39.11433410644531,440063
2023-05-30,EGX:EKHOA,39.114336914001214,39.82116162134605,39.02473914844751,39.62205505371094,156033
2023-05-31,EGX:EKHOA,39.6220529471996,40.02026606129877,38.805719481173824,38.965003967285156,1376197
2023-06-01,EGX:EKHOA,38.96500491936981,39.67182960640703,38.67630059447569,39.134246826171875,253361
2023-06-04,EGX:EKHOA,39.13424622902044,39.622053310743915,38.42741775512695,38.42741775512695,168658
2023-06-05,EGX:EKHOA,38.42741687854562,39.0247365415493,37.78032532401036,37.830101013183594,829564
2023-06-06,EGX:EKHOA,37.83009918524077,38.21835485872982,36.33680579634969,36.63546371459961,352372
2023-06-07,EGX:EKHOA,36.63546275786527,37.13322720782986,35.06252907075069,35.36118698120117,962457
2023-06-08,EGX:EKHOA,35.361187489589625,37.630992198815925,34.664316490092006,35.570247650146484,702365
2023-06-11,EGX:EKHOA,35.570251059068326,37.33233786186539,35.839044347390775,35.85895538330078,189627
2023-06-12,EGX:EKHOA,35.85895725353683,36.83457527816025,36.03815278843113,36.19743728637695,33440
2023-06-13,EGX:EKHOA,36.19743674167491,37.581221508813826,35.142174585137255,35.4906120300293,1134677
2023-06-14,EGX:EKHOA,35.49060754378111,37.33233452811135,35.669803053327364,35.888816833496094,414079
2023-06-15,EGX:EKHOA,35.88882056174349,36.53591594650971,35.83904487006344,36.316898345947266,257941
2023-06-18,EGX:EKHOA,36.316896990416026,36.78479682955618,36.28703233605106,36.43635940551758,107421
2023-06-19,EGX:EKHOA,36.43635573458627,36.53591090184222,35.6399333847453,35.82908630371094,326337
2023-06-20,EGX:EKHOA,35.829089440194394,36.11778995640622,35.44082995036989,35.55033874511719,245973
2023-06-21,EGX:EKHOA,35.550339854749325,35.77931107016707,34.664319647980996,34.863426208496094,309638
2023-06-22,EGX:EKHOA,34.863423006531626,35.281543327334276,34.74396060025107,34.893287658691406,307357
2023-06-25,EGX:EKHOA,34.893290370681704,35.04262123836982,34.634454504016254,34.65436553955078,107872
2023-06-26,EGX:EKHOA,34.65436446099726,35.341278076171875,34.64440704471904,35.341278076171875,305403
2023-07-04,EGX:EKHOA,35.341278736036585,35.80917857116748,35.391054425432245,35.620025634765625,72161
2023-07-05,EGX:EKHOA,35.62002447698989,37.23278410400899,35.49060844829598,37.1630973815918,286157
2023-07-06,EGX:EKHOA,37.16309941436735,37.20291768818265,35.46074193717478,35.719581604003906,487497
2023-07-09,EGX:EKHOA,35.71957962755191,35.83904203767118,32.85245520119858,33.778297424316406,174071
2023-07-10,EGX:EKHOA,33.77830047822914,36.22730099411804,33.84798720690259,36.028194427490234,182069
2023-07-11,EGX:EKHOA,36.02819067355201,36.33680600955119,34.95302140201558,36.27707290649414,120168
2023-07-12,EGX:EKHOA,36.27707353521706,36.33680663930935,35.8489957833262,36.306941986083984,40592
2023-07-13,EGX:EKHOA,36.30694270026367,36.93412321618273,35.9385942475779,36.834571838378906,233805
2023-07-16,EGX:EKHOA,36.8345728652783,38.716122060773884,36.8345728652783,37.5015754699707,511460
2023-07-17,EGX:EKHOA,37.50157752082766,38.27809276284942,37.53144597474823,37.90974807739258,158072
2023-07-18,EGX:EKHOA,37.909742955716816,38.07898104862057,37.44184314980877,37.60112762451172,98857
2023-07-19,EGX:EKHOA,37.60112762451172,37.60112762451172,37.60112762451172,37.60112762451172,0
2023-07-24,EGX:EKHOA,37.26264660781298,37.282557641303924,35.83903999316218,36.07796859741211,694733
2023-07-25,EGX:EKHOA,36.07797032524546,36.725061855305256,35.9585041185784,36.34675979614258,263113
2023-07-26,EGX:EKHOA,36.346761099196144,36.62551179377117,35.888818683479414,35.978416442871094,150912
2023-07-27,EGX:EKHOA,35.978419649253986,36.38658641227136,35.88882188187739,35.94855499267578,316184
2023-07-30,EGX:EKHOA,35.94855281841936,36.28703283052084,35.68971315159023,35.719581604003906,170844
2023-07-31,EGX:EKHOA,35.71958152860247,36.28703275392155,35.739492564288966,36.14765930175781,187281
2023-08-01,EGX:EKHOA,36.14765647957021,36.32685198911646,35.888816833496094,35.888816833496094,139148
2023-08-02,EGX:EKHOA,35.88882109643157,36.17752542917571,35.789269711588304,35.8489990234375,170746
2023-08-03,EGX:EKHOA,35.848995502549066,36.107835153946816,35.649892752417294,35.7394905090332,314451
2023-08-06,EGX:EKHOA,35.73949222266956,36.0680148142522,35.73949222266956,36.00828170776367,41721
2023-08-07,EGX:EKHOA,36.00828037348099,36.23725537438153,35.83904227449715,36.12774658203125,35217
2023-08-08,EGX:EKHOA,36.127748875415485,36.82461994562963,35.948553348856365,36.17752456665039,79650
2023-08-09,EGX:EKHOA,36.17752391204183,36.52595754202332,35.858954936732545,35.89877700805664,98217
2023-08-10,EGX:EKHOA,35.89877700805664,36.13770184071773,35.88881959140475,35.89877700805664,41964
2023-08-13,EGX:EKHOA,35.898778513501036,36.087927663760006,35.79922333101587,35.8489990234375,174522
2023-08-14,EGX:EKHOA,35.84899532795434,36.525955308501665,35.938593084133885,36.34675979614258,142549
2023-08-15,EGX:EKHOA,36.34676159762572,36.525957118866415,35.87886555673431,36.187477111816406,198894
2023-08-16,EGX:EKHOA,36.187477630606715,37.332337499652766,35.978417452042684,37.322383880615234,516632
2023-08-17,EGX:EKHOA,37.322382703957594,37.58121856483253,36.34676097280022,36.834571838378906,1329948
2023-08-20,EGX:EKHOA,36.8345694719243,37.13322738379,36.396538121030694,36.535911560058594,36110
2023-08-21,EGX:EKHOA,36.535917290446356,36.814664212221544,35.83904618836639,35.94855499267578,89001
2023-08-22,EGX:EKHOA,35.94855302488143,36.33680872971321,35.938595608139096,36.038150787353516,47426
2023-08-23,EGX:EKHOA,36.03814825635644,36.43635755232212,36.03814825635644,36.34675979614258,93060
2023-08-24,EGX:EKHOA,36.34675991374612,36.983901625107464,36.336806295312414,36.84452438354492,113777
2023-08-27,EGX:EKHOA,36.84452555885538,37.34229004453247,36.83457194010416,37.33233642578125,214230
2023-08-28,EGX:EKHOA,37.332337411040676,38.32786640866843,36.744975150534636,36.82461929321289,1372320
2023-08-29,EGX:EKHOA,36.8246189004706,37.023721659759275,36.34676164478099,36.43635940551758,196142
2023-08-30,EGX:EKHOA,36.43636277037876,36.82462230118715,36.38658707595985,36.4761848449707,42956
2023-08-31,EGX:EKHOA,36.4761848449707,36.4761848449707,36.4761848449707,36.4761848449707,0
2023-09-03,EGX:EKHOA,36.33681229676382,36.635470268441665,36.346765916841484,36.39654541015625,18090
2023-09-04,EGX:EKHOA,36.396544335538486,36.575739872782826,36.33681122390969,36.406497955322266,60002
2023-09-05,EGX:EKHOA,36.406493974769845,36.63546518118229,35.83904276808647,36.33680725097656,316997
2023-09-06,EGX:EKHOA,36.336812314310734,36.83457686656156,36.346765934393204,36.64542770385742,329268
2023-09-07,EGX:EKHOA,36.64542385681019,37.58121974965045,36.33680849966203,37.322383880615234,961251
2023-09-10,EGX:EKHOA,37.322383880615234,37.322383880615234,37.322383880615234,37.322383880615234,0
2023-09-11,EGX:EKHOA,37.830100347165754,37.929651723759555,37.54139603834551,37.551353454589844,6088248
2023-09-12,EGX:EKHOA,37.5513541157002,37.919698772752064,37.43188790451447,37.830101013183594,348057
2023-09-13,EGX:EKHOA,37.83010141167069,37.83010141167069,37.332336919411865,37.54139709472656,48295
2023-09-14,EGX:EKHOA,37.541399321072056,37.820150035664305,37.053592216408965,37.09341049194336,190666
2023-09-17,EGX:EKHOA,37.093410250379684,38.77585675352397,37.63099684183319,38.62652587890625,202620
2023-09-18,EGX:EKHOA,38.62652275003276,38.62652275003276,38.18849137635366,38.22831344604492,512192
2023-09-19,EGX:EKHOA,38.228315908969535,38.616571619369395,37.332338271399216,37.42193603515625,90447
2023-09-20,EGX:EKHOA,37.42193603515625,37.42193603515625,37.42193603515625,37.42193603515625,0
2023-09-21,EGX:EKHOA,37.42193603515625,37.42193603515625,37.42193603515625,37.42193603515625,0
2023-09-24,EGX:EKHOA,37.42193603515625,37.42193603515625,37.42193603515625,37.42193603515625,0
2023-09-25,EGX:EKHOA,40.557851950543004,41.16512143284961,40.557851950543004,40.96601867675781,128062
2023-09-26,EGX:EKHOA,40.96601914309,41.11534621185869,39.82115929432158,40.249237060546875,439839
2023-09-27,EGX:EKHOA,40.249237060546875,40.249237060546875,40.249237060546875,40.249237060546875,0
2023-10-01,EGX:EKHOA,40.249237060546875,40.249237060546875,40.249237060546875,40.249237060546875,0
2023-10-02,EGX:EKHOA,40.806736278057464,41.314454408256765,39.72160949229637,40.697227478027344,1041234
2023-10-03,EGX:EKHOA,40.69722593211409,40.69722593211409,39.00482589966705,39.82115936279297,618607
2023-10-04,EGX:EKHOA,39.82115954887576,41.30449941303374,39.32339505451482,40.816688537597656,742450
2023-10-08,EGX:EKHOA,40.81668735668401,40.81668735668401,39.622051845252734,40.32887649536133,901511
2023-10-09,EGX:EKHOA,40.3288754392069,40.816686287754514,40.12977269055056,40.33883285522461,858362
2023-10-10,EGX:EKHOA,40.33883498564081,40.69722602837633,40.169593083174945,40.31892395019531,259014
2023-10-11,EGX:EKHOA,40.31892655673499,42.01132670259547,40.21937517071341,41.68280029296875,742295
2023-10-12,EGX:EKHOA,41.68279588079931,43.8032735978532,41.32440485283059,43.68381118774414,808853
2023-10-15,EGX:EKHOA,43.68381332367764,46.252276153636664,43.70372435927629,46.19254684448242,1505267
2023-10-16,EGX:EKHOA,46.19254337701269,51.24982831254985,45.29656583053886,48.790870666503906,1512337
2023-10-17,EGX:EKHOA,48.7908747162294,53.65901472594585,48.78092109717195,51.88697052001953,1137669
2023-10-18,EGX:EKHOA,51.88696910959883,52.76303567086992,47.78539079625955,47.8749885559082,1842809
2023-10-19,EGX:EKHOA,47.8749885559082,47.8749885559082,47.8749885559082,47.8749885559082,0
2023-10-22,EGX:EKHOA,47.04870020374004,49.97555797726142,46.491206378415484,48.7411003112793,708937
2023-10-23,EGX:EKHOA,48.741096440174616,49.6669386667187,47.82521162980155,48.49221420288086,150120
2023-10-24,EGX:EKHOA,48.49221753087327,49.278686366130394,47.586286276856136,48.28315734863281,259386
2023-10-25,EGX:EKHOA,48.28315683065952,55.749624381792444,47.83516801806319,53.38026428222656,537592
2023-10-26,EGX:EKHOA,53.380261601455274,54.20655245848549,51.26974127633231,52.2652702331543,258640
2023-10-29,EGX:EKHOA,52.26527420903264,53.718745685125974,51.339431904947,52.3349609375,267882
2023-10-30,EGX:EKHOA,52.33495661928079,52.255316278021546,49.776447520536536,50.771976470947266,353355
2023-10-31,EGX:EKHOA,50.771980112275884,51.767509134085216,46.60071487804585,47.67588424682617,2945749
2023-11-01,EGX:EKHOA,47.675883676067244,48.74109941283949,46.88941484681916,46.969058990478516,1371881
2023-11-02,EGX:EKHOA,46.96905951489607,48.28315751881325,46.98897055103322,47.427001953125,35633
2023-11-05,EGX:EKHOA,47.427002348688745,48.33293361345485,47.48673545759839,48.06414031982422,85952
2023-11-06,EGX:EKHOA,48.06413427386418,48.581809759704115,47.58628085562148,48.263240814208984,1045732
2023-11-07,EGX:EKHOA,48.26324225861279,48.382704667338345,47.28762435913086,47.28762435913086,135020
2023-11-08,EGX:EKHOA,47.28762796983236,47.785392474777964,46.74008777392055,46.969058990478516,329055
2023-11-09,EGX:EKHOA,46.96905862998745,48.38270799031504,46.979012249047585,47.50664520263672,1240841
2023-11-12,EGX:EKHOA,47.506645082924585,48.18360510656036,47.287627487736025,47.68584060668945,99710
2023-11-13,EGX:EKHOA,47.68583508586369,48.18359952810593,46.54097534964999,46.56088638305664,82617
2023-11-14,EGX:EKHOA,46.560891762105825,47.76548094006095,46.590756416845316,46.7599983215332,483474
2023-11-15,EGX:EKHOA,46.760002271033635,47.28763147008597,46.39165377580646,46.580806732177734,67998
2023-11-16,EGX:EKHOA,46.58079972751255,47.28762435913086,46.43146886837448,47.28762435913086,600723
2023-11-19,EGX:EKHOA,47.28762797195123,48.283156981887046,47.28762797195123,47.894901275634766,331331
2023-11-20,EGX:EKHOA,47.89490259178139,50.27421638328858,44.8485823705142,46.35183334350586,456100
2023-11-21,EGX:EKHOA,46.351831303610545,47.267716154744726,46.351831303610545,46.8695068359375,58685
2023-11-22,EGX:EKHOA,46.869505596635506,47.93472128768253,46.49120352577606,46.80977249145508,253371
2023-11-23,EGX:EKHOA,46.809771695825354,47.57632944322425,46.620622562431436,46.7102165222168,148980
2023-11-26,EGX:EKHOA,46.710217254911086,47.28762587797326,46.401605705987585,47.237850189208984,107929
2023-11-27,EGX:EKHOA,47.23784722682356,47.23784722682356,46.41155641411681,46.48124313354492,330117
2023-11-28,EGX:EKHOA,46.48124806064437,46.93919429096834,45.00786558311792,45.794334411621094,405092
2023-11-29,EGX:EKHOA,45.794330211167924,46.14276381328328,43.71367462140703,44.3010368347168,13215545
2023-11-30,EGX:EKHOA,44.301041420942276,45.286616822393064,44.301041420942276,44.40059280395508,606628
2023-12-03,EGX:EKHOA,44.40058944604004,44.778891508633855,42.50908672835403,43.68381118774414,624147
2023-12-04,EGX:EKHOA,43.68381118774414,44.699251167774996,43.484704639134684,43.68381118774414,243278
2023-12-05,EGX:EKHOA,43.683812256045115,44.56983243150149,42.827656734435976,42.99689483642578,568172
2023-12-06,EGX:EKHOA,42.996895338809146,43.683812766454544,41.42396152299664,41.60315704345703,277788
2023-12-07,EGX:EKHOA,41.603158876519004,42.8077480856342,41.12530540011732,42.61859893798828,360622
2023-12-10,EGX:EKHOA,42.618600592995165,42.807749747986314,42.011327256389386,42.38962936401367,378009
2023-12-11,EGX:EKHOA,42.389624586509655,42.30998044750522,40.667356158133686,41.54342269897461,328404
2023-12-12,EGX:EKHOA,41.54342682875279,43.405065090166424,40.91624246349078,42.85752487182617,515235
2023-12-13,EGX:EKHOA,42.85752072381374,43.45484037498883,42.519040727440334,42.71814727783203,366646
2023-12-14,EGX:EKHOA,42.71814641264934,43.40506001006477,41.01579284667969,41.01579284667969,2000458
2023-12-17,EGX:EKHOA,41.01579571572752,41.961549028857554,41.314453657336536,41.772396087646484,143159
2023-12-18,EGX:EKHOA,41.77239900312541,42.757974456628745,41.762445383355164,41.85204315185547,176810
2023-12-19,EGX:EKHOA,41.85203781928696,42.558862459817206,41.71266437440963,41.90181350708008,184012
2023-12-20,EGX:EKHOA,41.9018116508201,42.15069387640168,41.31444944654192,41.81221389770508,135455
2023-12-21,EGX:EKHOA,41.812218097690334,42.06110034827182,39.12428903188189,39.67182922363281,846774
2023-12-24,EGX:EKHOA,39.67182922363281,39.67182922363281,39.67182922363281,39.67182922363281,0
2023-12-25,EGX:EKHOA,39.27362114410428,39.5623254753489,38.5070633323385,38.805721282958984,299786
2023-12-26,EGX:EKHOA,38.80572088373322,39.014781067252606,37.93961169655161,38.168582916259766,846479
2023-12-27,EGX:EKHOA,38.16858179734386,38.52697284295187,37.78032609714909,37.92965316772461,3140087
2023-12-28,EGX:EKHOA,37.92965334351175,39.323395461193016,37.92965334351175,38.9251823425293,1569082
2023-12-31,EGX:EKHOA,38.92517869414222,40.4582941203671,39.21388298823159,40.09990310668945,502325
2024-01-02,EGX:EKHOA,40.099902633788986,40.71713328235097,40.18950038615177,40.56780242919922,1334421
2024-01-03,EGX:EKHOA,40.567805415132526,40.756954551757616,39.831112308410745,40.2193717956543,528025
2024-01-04,EGX:EKHOA,40.21937453612925,40.61758387157454,40.02026796958566,40.22932815551758,821128
2024-01-08,EGX:EKHOA,40.2293254143644,40.567805415132526,40.070040931511265,40.2193717956543,128259
2024-01-09,EGX:EKHOA,40.2193761103726,41.0058411926582,40.070045230209416,40.67731857299805,740939
2024-01-10,EGX:EKHOA,40.67731480653626,41.214901368176164,40.26914807587818,40.92619705200195,1308546
2024-01-11,EGX:EKHOA,40.92619775015421,41.812217951503875,40.82664257168462,41.453826904296875,437914
2024-01-14,EGX:EKHOA,41.4538273924568,42.061100696526374,41.513560500241965,41.66288757324219,677973
2024-01-15,EGX:EKHOA,41.66288618657306,41.802263433432884,41.463783429199516,41.533470153808594,618073
2024-01-16,EGX:EKHOA,41.53347050873766,44.20148849487305,41.61311085283932,44.20148849487305,1428536
2024-01-17,EGX:EKHOA,44.201490006612666,44.53997002531494,43.10640580603857,43.225868225097656,303223
2024-01-18,EGX:EKHOA,43.22586531626361,45.78437821929626,43.22586531626361,44.500144958496094,852241
2024-01-21,EGX:EKHOA,44.50014939895707,47.13829910906286,44.79880735512954,47.12834548950195,1592713
2024-01-22,EGX:EKHOA,47.128339760280724,47.387175611459945,46.29209530607183,46.789859771728516,831144
2024-01-23,EGX:EKHOA,46.78986056172791,46.590754012575225,44.898354041239735,45.53549575805664,893315
2024-01-24,EGX:EKHOA,45.5355005314704,46.39165232658532,44.84858305476725,45.95362091064453,299985
2024-01-28,EGX:EKHOA,45.953615991893166,49.97555384485546,45.89388288798684,49.77644729614258,1444340
2024-01-29,EGX:EKHOA,49.77644729614258,51.75755156949133,48.79087196871667,49.77644729614258,1674064
2024-01-30,EGX:EKHOA,49.77645112045223,54.24637810203125,49.77645112045223,52.802860260009766,1299806
2024-01-31,EGX:EKHOA,52.802855762875026,53.62914280632723,48.034271240234375,48.034271240234375,1903533
2024-02-01,EGX:EKHOA,48.03426903597356,49.278680150895156,42.30997790733423,44.06210708618164,1875135
2024-02-04,EGX:EKHOA,44.062114143424765,45.645005487035725,42.817702829191056,43.106407165527344,1613695
2024-02-05,EGX:EKHOA,43.10640398750467,49.228908721209216,42.24029483999171,48.62163543701172,24341425
2024-02-06,EGX:EKHOA,48.62163398145683,54.55498560122935,49.27868293535592,50.27421188354492,3637472
2024-02-07,EGX:EKHOA,50.2742119957419,53.2607988469741,49.47778959494163,50.771976470947266,2398302
2024-02-08,EGX:EKHOA,50.77197872437353,53.22097913964459,49.79636076538689,53.10151672363281,1169548
2024-02-11,EGX:EKHOA,53.101513969374494,53.101513969374494,48.621633726055975,51.737640380859375,1255309
2024-02-12,EGX:EKHOA,51.73764513295713,51.46885183795239,48.601727155543784,49.80631637573242,966010
2024-02-13,EGX:EKHOA,49.806314992875336,51.71773266062511,49.27868583453878,49.67689895629883,696397
2024-02-14,EGX:EKHOA,49.67689592060691,51.23987606189446,49.33841592708748,49.77644729614258,682957
2024-02-15,EGX:EKHOA,49.776447520536536,50.97108302055773,49.63707407510169,50.771976470947266,745494
2024-02-18,EGX:EKHOA,50.771976470947266,50.771976470947266,50.771976470947266,50.771976470947266,0
2024-02-19,EGX:EKHOA,51.76750691508343,53.06169382843218,51.27969604434435,52.753082275390625,590914
2024-02-20,EGX:EKHOA,52.75308253057407,52.763036149451246,51.37925146938076,51.71773147583008,310873
2024-02-21,EGX:EKHOA,51.717729566708485,51.73764060136953,50.39367424406095,51.379249572753906,526372
2024-02-22,EGX:EKHOA,51.37924973832047,51.767505421357995,44.79880276848289,50.771976470947266,404360
2024-02-25,EGX:EKHOA,50.77198009927229,49.66694227772426,43.713679184546216,44.64947509765625,1800755
2024-02-26,EGX:EKHOA,44.64947419415297,46.779909447188075,43.80327606201172,43.80327606201172,1049686
2024-02-27,EGX:EKHOA,43.80327547397824,45.80428706898626,43.80327547397824,44.69925308227539,1213024
2024-02-28,EGX:EKHOA,44.69925297278306,47.217940091121854,44.619608831066536,45.80428695678711,1053716
2024-02-29,EGX:EKHOA,45.804287861169236,45.89388562354854,43.36524483638932,44.798805236816406,1258257
2024-03-03,EGX:EKHOA,44.79880366663939,44.898355044619706,43.40506158906506,44.59969711303711,697328
2024-03-04,EGX:EKHOA,44.59969681095237,47.78539025408646,43.83313905324274,46.74008560180664,469087
2024-03-05,EGX:EKHOA,46.74008751213752,46.779909583744164,44.40059207341121,44.549922943115234,827785
2024-03-06,EGX:EKHOA,44.54992249666352,47.765480692661,44.032246963890316,44.589744567871094,724974
2024-03-07,EGX:EKHOA,44.58974319227841,47.25776111860957,43.504616470019535,46.74008560180664,1585446
2024-03-10,EGX:EKHOA,46.74008867731678,47.725660289478874,44.30104179641286,44.78885269165039,1383584
2024-03-11,EGX:EKHOA,44.78885101540805,45.29656913030182,42.8376113051258,43.1661376953125,1585072
2024-03-12,EGX:EKHOA,43.16613694945012,43.803274885618265,40.338834509472726,41.71266555786133,1885821
2024-03-13,EGX:EKHOA,41.71266732483449,42.29007217983046,40.01030981982289,41.304500579833984,1959090
2024-03-14,EGX:EKHOA,41.304501344521945,41.802265862159445,38.128761291503906,38.128761291503906,1106795
2024-03-17,EGX:EKHOA,38.12875933034593,40.8166883468628,38.835583997601496,39.82115936279297,1752138
2024-03-18,EGX:EKHOA,39.82116229212107,41.204947074149565,38.52697527715553,38.72608184814453,735043
2024-03-19,EGX:EKHOA,38.726082862454795,41.01579899469541,38.726082862454795,39.89085006713867,8621375
2024-03-20,EGX:EKHOA,39.890846506429625,41.60315759224185,39.970490648858906,40.45829772949219,235990
2024-03-21,EGX:EKHOA,40.45829364324011,41.31444909967528,39.82115575872316,40.56780242919922,240703
2024-03-24,EGX:EKHOA,40.56780610084534,41.16512197223056,39.14419934981415,39.82115936279297,346336
2024-03-25,EGX:EKHOA,39.82115616111269,40.21936924178037,39.622049620778846,39.85102081298828,119946
2024-03-26,EGX:EKHOA,39.851024017069726,40.71713696751249,39.82115936279297,39.82115936279297,5380476
2024-03-27,EGX:EKHOA,39.82115698339375,39.82115698339375,38.526970140961744,38.84553909301758,151912
2024-03-28,EGX:EKHOA,38.84554122328887,39.52250123294205,38.32786569839869,38.82563018798828,143138
2024-03-31,EGX:EKHOA,38.82562996492449,39.024736519144746,35.98837390962129,36.227298736572266,242588
2024-04-01,EGX:EKHOA,36.2272991389746,38.82563039618834,36.63546587072117,37.54139709472656,586467
2024-04-02,EGX:EKHOA,37.54139776497955,38.317912969163345,37.581219836505234,37.82014846801758,131088
2024-04-03,EGX:EKHOA,37.82014781518202,37.81019039865159,36.49609244212152,36.864437103271484,171817
2024-04-04,EGX:EKHOA,36.86443412381845,37.431885295655704,36.476178458628894,36.535911560058594,777388
2024-04-07,EGX:EKHOA,36.5359141209247,37.272603435319844,36.73502067533802,37.153141021728516,260179
2024-04-08,EGX:EKHOA,37.15314335975515,38.716123644148496,36.93412575635367,38.62652587890625,1050309
2024-04-15,EGX:EKHOA,38.626524982778065,39.68178710474471,38.42741842045431,39.63201141357422,1152360
2024-04-16,EGX:EKHOA,39.63200634482718,41.244762077866305,39.42294239242254,41.10538864135742,649321
2024-04-17,EGX:EKHOA,41.10539315572205,42.996895969511606,40.46825520591328,41.63302230834961,877705
2024-04-18,EGX:EKHOA,41.63302180998871,42.20047302709718,39.32339487075806,39.82115936279297,619887
2024-04-21,EGX:EKHOA,39.82116022048575,40.79677819017064,39.870935911233005,40.41847610473633,311302
2024-04-22,EGX:EKHOA,40.41847128920556,40.71713299338952,39.5324511874845,39.57227325439453,433510
2024-04-23,EGX:EKHOA,39.572280027795316,40.30897320116202,38.52697527715553,38.72608184814453,773053
2024-04-24,EGX:EKHOA,38.7260794922625,39.32339537125011,37.78032618583067,38.42741775512695,1085843
2024-04-28,EGX:EKHOA,38.4843635559082,38.4843635559082,38.4843635559082,38.4843635559082,0
2024-04-29,EGX:EKHOA,33.1902731619867,34.77551010823677,32.53225049391702,34.6857795715332,800106
2024-04-30,EGX:EKHOA,34.68578240483064,34.865243492897,31.854289886002224,32.60204315185547,1749677
2024-05-02,EGX:EKHOA,32.86125912011261,33.768532834181364,32.45248753032931,32.731651306152344,554400
2024-05-07,EGX:EKHOA,32.731651199715486,33.39964221851652,32.00383475374838,32.80144119262695,307862
2024-05-08,EGX:EKHOA,32.80144456789485,33.20024402510122,30.079621252829167,30.53824234008789,1002201
2024-05-09,EGX:EKHOA,30.53823981372729,32.741620229201146,30.308929289068278,32.7216796875,885462
2024-05-12,EGX:EKHOA,32.72167979130304,32.402638729611496,30.927072868470756,31.056682586669922,171605
2024-05-13,EGX:EKHOA,31.05668325603356,31.894167011841475,30.259080584614,30.9769229888916,160743
2024-05-14,EGX:EKHOA,30.976922827121,31.70473549869484,29.790487195649906,30.029769897460938,1329098
2024-05-15,EGX:EKHOA,30.02977079955958,30.82737349077392,30.009830256870515,30.31890106201172,516927
2024-05-16,EGX:EKHOA,30.318899953477743,30.907132629854132,30.109529967802118,30.508331298828125,1176023
2024-05-19,EGX:EKHOA,30.508331298828125,30.508331298828125,30.508331298828125,30.508331298828125,0
2024-05-20,EGX:EKHOA,31.196266275559424,31.74461789424477,30.40863194517828,30.44851303100586,2898527
2024-05-21,EGX:EKHOA,30.44851160644402,31.704735325081757,30.279020802876268,31.016803741455078,2634654
2024-05-22,EGX:EKHOA,31.016805649448813,31.664858090613375,30.817404020643625,31.525278091430664,1333533
2024-05-23,EGX:EKHOA,31.525276001456398,32.90114106376738,31.615004636671802,32.1733283996582,2249688
2024-05-26,EGX:EKHOA,32.1733283996582,32.1733283996582,32.1733283996582,32.1733283996582,0
2024-05-27,EGX:EKHOA,32.3727306811504,32.70174012085566,31.9240779876709,31.9240779876709,909158
2024-05-28,EGX:EKHOA,31.924077989910195,32.10353906731458,30.91710342352373,32.09356689453125,1307565
2024-05-29,EGX:EKHOA,32.093566653757186,32.093566653757186,31.61500505202563,31.72467613220215,874432
2024-05-30,EGX:EKHOA,31.72467552269961,32.003835500862344,30.57812099413261,31.056682586669922,1368123
2024-06-02,EGX:EKHOA,31.05668265863288,31.565155064995004,30.408630262865962,30.47842025756836,444215
2024-06-03,EGX:EKHOA,30.47842037749213,30.85728306684548,30.47842037749213,30.578121185302734,367751
2024-06-04,EGX:EKHOA,30.578122769498982,31.694768451886574,30.65788303955275,31.634946823120117,501145
2024-06-05,EGX:EKHOA,31.6349450596974,31.45548398667139,29.760577867099045,30.47842025756836,972109
2024-06-06,EGX:EKHOA,30.478421493852327,30.887193109376977,30.05967960701795,30.558181762695312,418759
2024-06-09,EGX:EKHOA,30.558181024823305,30.70773128758844,29.232165398805503,29.28201675415039,431221
2024-06-10,EGX:EKHOA,29.2820173201382,29.531268396776085,28.962974344668474,29.441537857055664,547319
2024-06-11,EGX:EKHOA,29.441538073814346,29.80045833370373,29.212225636376765,29.301956176757812,647712
2024-06-12,EGX:EKHOA,29.301955285465873,29.66087743607256,29.252105831941503,29.351806640625,200323
2024-06-13,EGX:EKHOA,29.351806279795422,30.079618941458673,29.052703857421875,29.052703857421875,1814827
2024-06-23,EGX:EKHOA,29.05270404270344,30.378719655935623,29.34183619601165,30.169349670410156,571532
2024-06-24,EGX:EKHOA,30.169351010827263,30.408631819902446,29.810428846397073,29.84033966064453,785401
2024-06-25,EGX:EKHOA,29.840338411364584,29.9101284067187,29.321895729255786,29.591087341308594,580442
2024-06-26,EGX:EKHOA,29.591088018335338,29.810428280414474,29.431567481980547,29.680818557739258,639648
2024-06-27,EGX:EKHOA,29.680817889136897,30.10953003404609,29.690788160138826,29.760578155517578,699415
2024-07-02,EGX:EKHOA,29.720696807490437,29.810427344075944,28.97294360370107,29.22219467163086,980564
2024-07-03,EGX:EKHOA,29.222195118395575,29.511327274399214,29.112525939941406,29.112525939941406,1082215
2024-07-04,EGX:EKHOA,29.11252625704769,29.341836789154332,28.314921677809455,28.73366355895996,1576864
2024-07-07,EGX:EKHOA,28.733664119024976,29.112526824497344,28.68381466381616,28.72369384765625,1021054
2024-07-08,EGX:EKHOA,28.72369384765625,28.99288546970743,28.71372357628752,28.72369384765625,1048312
2024-07-09,EGX:EKHOA,28.723692739047692,28.923094355456573,27.71671818928885,28.913124084472656,2372554
2024-07-10,EGX:EKHOA,28.91312466637563,29.83036869737432,29.172346012270346,29.4116268157959,3565739
2024-07-14,EGX:EKHOA,29.411626697872794,29.810428035483095,29.212225078250253,29.311925888061523,1228950
2024-07-15,EGX:EKHOA,29.311927464536556,29.501358823202622,28.713724475130732,28.84333610534668,901254
2024-07-16,EGX:EKHOA,28.84333339469662,29.04273310466938,28.52429233743245,28.653902053833008,596099
2024-07-17,EGX:EKHOA,28.653902348018732,29.76057769069628,28.653902348018732,29.531267166137695,1437206
2024-07-18,EGX:EKHOA,29.53126673891974,30.1992596628742,29.660876454775966,29.810426712036133,1907202
2024-07-21,EGX:EKHOA,29.810428734968447,30.09956090004198,29.41162738800049,29.91012954711914,1814531
2024-07-22,EGX:EKHOA,29.91012978448127,31.405636273705337,30.00983059742318,30.95698356628418,3317331
2024-07-23,EGX:EKHOA,30.956982961686055,33.10054374235077,31.006834318000816,32.90114212036133,6487789
2024-07-24,EGX:EKHOA,32.9011433536845,33.86823878446034,32.442522268205764,33.150394439697266,3020343
2024-07-28,EGX:EKHOA,33.150391825901025,33.289971814539605,32.592068068077275,32.7216796875,552946
2024-07-29,EGX:EKHOA,32.72168125227566,33.07063124055915,32.312909636028,32.42258071899414,829257
2024-07-30,EGX:EKHOA,32.42258027806223,32.70174026489258,32.30294082703059,32.70174026489258,796361
2024-07-31,EGX:EKHOA,32.701738718329906,33.00083923339844,32.40263820326137,33.00083923339844,1463816
2024-08-01,EGX:EKHOA,33.000838715639134,33.579102998532555,33.000838715639134,33.34979248046875,1992889
2024-08-04,EGX:EKHOA,33.34979643815037,32.19327153838592,30.01980174004535,31.07662582397461,1806223
2024-08-05,EGX:EKHOA,31.0766242287986,30.907133421069283,28.962974267799716,30.358781814575195,1447065
2024-08-06,EGX:EKHOA,30.35878115599321,31.40563489173032,30.448511693528935,30.6080322265625,395815
2024-08-07,EGX:EKHOA,30.60803202075074,31.20623306478686,30.60803202075074,30.917102813720703,388789
2024-08-08,EGX:EKHOA,30.917103373549427,31.20623362985099,30.608032574982996,30.907133102416992,357824
2024-08-11,EGX:EKHOA,30.9071321182383,31.65488531464729,30.9669518414933,31.196264266967773,306282
2024-08-12,EGX:EKHOA,31.19626604692454,32.302941449276226,30.408631722315903,30.588092803955078,1149752
2024-08-13,EGX:EKHOA,30.588091323692357,31.006833193374465,30.20922863598083,30.308929443359375,674370
2024-08-14,EGX:EKHOA,30.3089298008985,30.907132750591742,30.229169534381718,30.6080322265625,578636
2024-08-15,EGX:EKHOA,30.608033565533816,30.88719355973724,29.860280321114928,30.10953140258789,999584
2024-08-18,EGX:EKHOA,30.109530378444905,30.408630905384946,29.77054876704098,29.890188217163086,1054344
2024-08-19,EGX:EKHOA,29.89018809855803,30.06964917466386,29.76057837783425,29.79048728942871,639321
2024-08-20,EGX:EKHOA,29.790486634886516,30.608031730476444,29.860278530887946,30.039737701416016,2599951
2024-08-21,EGX:EKHOA,30.039739160007677,30.348811866688408,29.860279980765892,29.97991943359375,1101827
2024-08-22,EGX:EKHOA,29.97991799071225,30.757582003204956,30.05967825597037,30.209228515625,1185020
2024-08-25,EGX:EKHOA,30.209229516449327,30.38869059463428,29.86027953290613,29.92009925842285,904794
2024-08-26,EGX:EKHOA,29.92009947390082,30.14941000806202,29.421597320523535,29.61102867126465,1345931
2024-08-27,EGX:EKHOA,29.61102753389111,29.810427246602107,29.311925112372524,29.461475372314453,1951254
2024-08-28,EGX:EKHOA,29.4614750418023,29.710726106120877,29.471445312571205,29.50135612487793,347542
2024-08-29,EGX:EKHOA,29.50135815527071,30.378721125336213,29.51132842672581,30.10953140258789,1114123
2024-09-01,EGX:EKHOA,30.10953030407573,30.907132975035644,30.30893002099832,30.637941360473633,1604822
2024-09-02,EGX:EKHOA,30.637943266205305,31.55518734568072,30.55818299414809,30.80743408203125,2533996
2024-09-03,EGX:EKHOA,30.807432292727402,31.276025527778046,30.687792842407713,30.907133102416992,667523
2024-09-04,EGX:EKHOA,30.90713478553785,30.83734478544499,30.11950043789585,30.53824234008789,735950
2024-09-05,EGX:EKHOA,30.538241004796934,31.00683424487659,30.468451007755657,30.697763442993164,416770
2024-09-08,EGX:EKHOA,30.697763113540148,31.40563524923017,30.66785230014284,30.907133102416992,1217749
2024-09-09,EGX:EKHOA,30.90713216554116,32.15338749479685,30.92707270720158,31.874225616455078,3299854
2024-09-10,EGX:EKHOA,31.874226275472314,32.40263923059046,31.605036564029824,31.624975204467773,1868169
2024-09-11,EGX:EKHOA,31.624976146296635,33.15039343086166,31.006834536711853,33.10054397583008,2829912
2024-09-12,EGX:EKHOA,33.10054530866447,34.42655912159231,32.801444763161705,34.29695129394531,4575808
2024-09-16,EGX:EKHOA,34.296947231585946,35.33382874629571,33.898144015972655,34.0975456237793,2453121
2024-09-17,EGX:EKHOA,34.09754828954021,34.37670828033276,33.01081343546538,33.10054397583008,1386844
2024-09-18,EGX:EKHOA,33.100543506024145,33.44949348956209,32.70174026489258,32.70174026489258,996746
2024-09-19,EGX:EKHOA,32.70173993629744,33.79844693675449,32.70173993629744,32.911109924316406,10510454
2024-09-22,EGX:EKHOA,32.911109801324535,35.293953239169504,33.2999446675389,34.74559783935547,7408088
2024-09-23,EGX:EKHOA,34.74559805877874,35.084579670227434,34.09754755086798,34.60601806640625,896385
2024-09-24,EGX:EKHOA,34.60601806640625,34.60601806640625,34.60601806640625,34.60601806640625,0
2024-09-25,EGX:EKHOA,34.59604818376371,35.89215294616582,34.69574708730642,35.24409866333008,4411255
2024-09-26,EGX:EKHOA,35.244099751468916,35.59305353118088,34.42655654671557,34.546199798583984,853617
2024-09-29,EGX:EKHOA,34.54620035271538,35.2740130318765,34.09754765918605,34.53622817993164,1115946
2024-09-30,EGX:EKHOA,34.53622644170823,34.85526749587838,33.51928165531487,33.88817596435547,1849455
2024-10-01,EGX:EKHOA,33.88817593106899,34.396646422131546,33.509313253388065,33.5491943359375,1071993
2024-10-02,EGX:EKHOA,33.54919645313815,34.237128055817344,33.12048429685022,33.2401237487793,1500251
2024-10-03,EGX:EKHOA,33.24012530968111,34.89515238495084,33.389677484067384,34.29695129394531,1877678
2024-10-07,EGX:EKHOA,34.29694708772562,34.795449203516576,33.788472799788025,33.82835388183594,1432065
2024-10-08,EGX:EKHOA,33.82835550268556,33.99784440460609,31.654885869435958,32.78150177001953,1191939
2024-10-09,EGX:EKHOA,32.78150378546331,33.638928126944826,32.153389985938745,33.220184326171875,645823
2024-10-10,EGX:EKHOA,33.220183317169116,33.738626014952345,32.901142242113224,33.17033386230469,427898
2024-10-13,EGX:EKHOA,33.17033220241994,33.48937326151062,32.10353794797246,32.11350631713867,634317
2024-10-14,EGX:EKHOA,32.11350590218517,32.502336950223324,31.4056337991788,32.392669677734375,472094
2024-10-15,EGX:EKHOA,32.39267304015426,32.801444671967865,32.20323977935567,32.33285140991211,617732
2024-10-16,EGX:EKHOA,32.33284914480745,34.87520930131026,32.41260750960634,33.79844665527344,2747856
2024-10-17,EGX:EKHOA,33.7984445327579,34.34679609234882,32.90113921468603,33.02077865600586,875381
2024-10-20,EGX:EKHOA,33.020782462056296,33.59904680108118,31.834348674316225,32.00383758544922,616240
2024-10-21,EGX:EKHOA,32.00383604041317,32.40263927588572,31.236144185888445,32.302940368652344,1043807
2024-10-22,EGX:EKHOA,32.30294027978144,32.99087186564598,32.40263918674052,32.71171188354492,412390
2024-10-23,EGX:EKHOA,32.711714239370444,33.03075532853958,32.60204315185547,32.60204315185547,486870
2024-10-24,EGX:EKHOA,32.602041688059614,32.901142220317666,32.302941155801555,32.49237060546875,817136
2024-10-27,EGX:EKHOA,32.492368738108866,33.250090296500446,32.45248765522789,33.00083923339844,971357
2024-10-28,EGX:EKHOA,33.00084238362749,33.21021618710454,32.38270075304273,32.40264129638672,488352
2024-10-29,EGX:EKHOA,32.402639967022516,32.950991575041286,32.33284996981666,32.90114212036133,721939
2024-10-30,EGX:EKHOA,32.90114212036133,33.00084102972125,32.69177212874373,32.90114212036133,468811
2024-10-31,EGX:EKHOA,32.90114132807499,33.25009130570132,32.7017397108873,32.71171188354492,555646
2024-11-03,EGX:EKHOA,32.71171267126964,33.25009210639065,32.88120157783542,32.90114212036133,588308
2024-11-04,EGX:EKHOA,32.9011433536845,33.39964552571003,32.9509928102331,33.150394439697266,546774
2024-11-05,EGX:EKHOA,33.15039566381654,33.997847866245245,32.96096620062903,33.3996467590332,682747
2024-11-06,EGX:EKHOA,33.39964410533076,34.89515055780826,33.748594089601006,34.39664840698242,1082059
2024-11-07,EGX:EKHOA,34.396646830092756,34.76553733987687,34.22715793215147,34.35676574707031,317243
2024-11-10,EGX:EKHOA,34.356768441300055,34.566138438682415,33.92805627336302,34.376708984375,230528
2024-11-11,EGX:EKHOA,34.37671011395295,34.396650657683125,33.997847389619444,34.01778793334961,156930
2024-11-12,EGX:EKHOA,34.017785051705275,34.69574826802141,34.017785051705275,34.476409912109375,731597
2024-11-13,EGX:EKHOA,34.47641068754429,35.23413228579742,34.296949608408354,34.32685852050781,932771
2024-11-14,EGX:EKHOA,34.32686066488036,34.64590175810347,33.599047933260785,33.67880630493164,501983
2024-11-17,EGX:EKHOA,33.67880200800711,33.79844525515342,33.00083882058878,33.28000259399414,325085
2024-11-18,EGX:EKHOA,33.28000595531584,33.49934432403215,32.80144432820335,32.881202697753906,215961
2024-11-19,EGX:EKHOA,32.881204285224904,33.160364297033986,32.52228209674471,32.58210372924805,1730696
2024-11-20,EGX:EKHOA,32.58210046861933,33.080602613116845,32.43254830396226,32.57212829589844,114469
2024-11-21,EGX:EKHOA,32.572127980870725,33.03075283985761,32.58210015349517,32.78150177001953,231299
2024-11-24,EGX:EKHOA,32.7815023241602,33.00084068310216,32.65189070073797,32.77153015136719,111047
2024-11-25,EGX:EKHOA,32.771531159544445,32.90114278695401,32.41260899334543,32.821380615234375,72475
2024-11-26,EGX:EKHOA,32.82137805757698,33.15039128537709,32.61200807803293,33.07062911987305,113810
2024-11-27,EGX:EKHOA,33.07063261223338,33.20024424323015,32.40264152030731,32.60204315185547,204794
2024-11-28,EGX:EKHOA,32.602039516177015,32.602039516177015,31.904135785221424,32.123477935791016,439184
2024-12-01,EGX:EKHOA,32.12347686269944,32.63194733635232,32.15338577195277,32.482398986816406,193980
2024-12-02,EGX:EKHOA,32.48240414130975,32.801445234870044,32.14342250399321,32.322879791259766,284536
2024-12-03,EGX:EKHOA,32.322879346380134,32.90114369754281,32.23315260561674,32.60204315185547,708566
2024-12-04,EGX:EKHOA,32.602039998242994,32.90114051499818,32.37272947528837,32.52227783203125,683543
2024-12-05,EGX:EKHOA,32.52228075318092,32.88120292683329,32.30294238293651,32.40264129638672,1067066
2024-12-08,EGX:EKHOA,32.40264129638672,32.651892383282,32.40264129638672,32.40264129638672,326161
2024-12-09,EGX:EKHOA,32.40263973567869,33.89814618501771,32.20323811511291,32.70174026489258,3777087
2024-12-10,EGX:EKHOA,32.70174013918783,33.39964390685056,32.402639611123675,32.43254852294922,2975384
2024-12-11,EGX:EKHOA,32.432545583832685,32.69176880706118,32.0935640018741,32.21320724487305,1091386
2024-12-12,EGX:EKHOA,32.213209592289886,32.50233794243344,32.09356634057239,32.103538513183594,610327
2024-12-15,EGX:EKHOA,32.10353826018874,32.50233768629582,31.684796390651154,31.73464584350586,490707
2024-12-16,EGX:EKHOA,31.73464672622889,31.894167261762796,31.29596430269325,31.345815658569336,396820
2024-12-17,EGX:EKHOA,31.34581644643945,32.30294158533481,31.30593536073618,31.704736709594727,672341
2024-12-18,EGX:EKHOA,31.704735776664165,31.82437712861863,30.857283648389583,30.907133102416992,430209
2024-12-19,EGX:EKHOA,30.907132750591742,31.285993541137767,30.229169534381718,30.6080322265625,664948
2024-12-22,EGX:EKHOA,30.608032558507304,31.14641388792565,30.408630939235454,30.568151473999023,391334
2024-12-23,EGX:EKHOA,30.56815100115015,30.80743179959414,29.999858867141317,30.169349670410156,181845
2024-12-24,EGX:EKHOA,30.169350011214078,30.368749728019193,29.680818137834613,30.298959732055664,366581
2024-12-25,EGX:EKHOA,30.298959051744724,30.508330936568992,30.109529610278393,30.209228515625,274427
2024-12-26,EGX:EKHOA,30.209229202869924,30.498361359529923,30.209229202869924,30.46845054626465,264610
2024-12-29,EGX:EKHOA,30.468451553647288,30.657882907321007,30.109531290770825,30.1793212890625,122687
2024-12-30,EGX:EKHOA,30.17932116943557,30.219200353314957,29.77054955108906,29.91012954711914,220016
2024-12-31,EGX:EKHOA,29.91012967228748,30.608033458628118,29.71072804715163,30.51830291748047,347338
2025-01-02,EGX:EKHOA,30.51830249115523,31.45548517195119,30.54821140336341,31.30593490600586,417863
2025-01-05,EGX:EKHOA,31.305936257797562,31.575127889103747,30.70773326655101,30.80743408203125,417633
2025-01-06,EGX:EKHOA,30.807432845760815,31.056683923641785,30.637942036736362,30.727672576904297,457049
2025-01-08,EGX:EKHOA,30.727672025302684,30.907133102416992,30.45848040963122,30.907133102416992,223074
2025-01-09,EGX:EKHOA,30.90713251993341,30.956981973021342,30.548210372469132,30.578121185302734,139008
2025-01-12,EGX:EKHOA,30.57812275116852,30.568152479713422,29.760579508198774,30.10953140258789,486150
2025-01-13,EGX:EKHOA,30.10953053539561,31.0865942902366,30.239140257309298,30.837343215942383,1589235
2025-01-14,EGX:EKHOA,30.83734239248406,31.904136657714844,30.20922863711985,31.904136657714844,1135549
2025-01-15,EGX:EKHOA,31.904137045406056,32.90114132807499,31.605036521259276,32.71171188354492,2432918
2025-01-16,EGX:EKHOA,32.71171164380246,33.23015432338301,32.45248840237744,32.51231002807617,1719094
2025-01-19,EGX:EKHOA,32.71171093733437,33.230153605718215,32.213208810419445,32.25308609008789,2062692
2025-01-20,EGX:EKHOA,32.23315181586966,32.49237126824226,32.00383747308237,32.07362747192383,211991
2025-01-21,EGX:EKHOA,32.073624746659846,32.80144119262695,31.92407639182214,32.80144119262695,531662
2025-01-22,EGX:EKHOA,32.80144455672707,33.10054510034746,32.40264129638672,32.40264129638672,345942
2025-01-23,EGX:EKHOA,32.40263981817998,32.56216035438485,31.934046579147726,31.95398712158203,261123
2025-01-26,EGX:EKHOA,31.953985751323,32.20323681615901,31.51530524638861,31.60503578186035,442903
2025-01-27,EGX:EKHOA,31.605036330405913,32.193269005759205,31.305933906430568,31.425575256347656,7429997
2025-01-28,EGX:EKHOA,31.425574361107785,31.814405409400642,31.425574361107785,31.47542381286621,1039623
2025-01-29,EGX:EKHOA,31.47542595182985,31.73464730218579,31.445517039396158,31.674827575683594,462628
2025-01-30,EGX:EKHOA,31.674826864901632,31.7147060477966,30.88719256015212,30.907133102416992,1451749
2025-02-02,EGX:EKHOA,30.907133197031794,31.32587507770213,30.35878159451256,30.498361587524414,818172
2025-02-03,EGX:EKHOA,30.4983620205984,30.608033103313478,30.009830136485025,30.04970932006836,616312
2025-02-04,EGX:EKHOA,30.049709104737744,30.508332073285914,30.049709104737744,30.18929100036621,1468723
2025-02-05,EGX:EKHOA,30.189291557089003,30.348812096490583,29.999860203436565,30.009830474853516,373189
2025-02-06,EGX:EKHOA,30.00982901871148,30.249109816203426,30.019799289644652,30.06964874267578,696800
2025-02-09,EGX:EKHOA,30.069648526831973,30.797461185016655,30.109529610278393,30.209228515625,721500
2025-02-10,EGX:EKHOA,30.20923009001224,30.408631714366937,30.139440091978543,30.24911117553711,416924
2025-02-11,EGX:EKHOA,30.249110379359585,30.338840917793945,30.049708760253274,30.05967903137207,527912
2025-02-12,EGX:EKHOA,30.059679814527772,30.10953117142053,29.471447114636977,29.91012954711914,547398
2025-02-13,EGX:EKHOA,29.91012909768587,30.09956044776229,29.810428287033293,29.850309371948242,256035
2025-02-16,EGX:EKHOA,29.850309384980328,30.249110726129956,29.930069653210253,30.18929100036621,763457
2025-02-17,EGX:EKHOA,30.189291448884628,30.358782259095673,30.069650093944848,30.24911117553711,426136
2025-02-18,EGX:EKHOA,30.249111095295962,31.804437295578413,30.159380554737858,31.50533676147461,5037332
2025-02-19,EGX:EKHOA,31.50533652835617,32.0835989512103,31.30593490600586,31.30593490600586,1758260
2025-02-20,EGX:EKHOA,31.30593448794745,32.1035390650627,30.807432340363462,31.9240779876709,2455486
2025-02-23,EGX:EKHOA,31.924078180602702,31.844317912572627,30.95698279139891,31.106534957885742,1026708
2025-02-24,EGX:EKHOA,31.106536305299056,31.20623521842912,30.807433861004235,30.9470157623291,666532
2025-02-25,EGX:EKHOA,30.947014281683625,31.006834007026594,30.40863104869257,30.498361587524414,541558
2025-02-26,EGX:EKHOA,30.498361452425083,30.558181177503066,30.05967903137207,30.05967903137207,578994
2025-02-27,EGX:EKHOA,30.059679369446137,30.608032877338296,29.910129104251837,30.019800186157227,972880
2025-03-02,EGX:EKHOA,30.019800003899757,31.006834030151367,30.05967918694655,31.006834030151367,638892
2025-03-03,EGX:EKHOA,31.0068329999178,31.156383259235184,30.57812086200917,30.787490844726562,527891
2025-03-04,EGX:EKHOA,30.787490344074296,30.787490344074296,29.91012744248079,30.21919822692871,890913
2025-03-05,EGX:EKHOA,30.21919935213162,30.2989596188827,29.940039369320232,30.199260711669922,343530
2025-03-06,EGX:EKHOA,30.199261265044306,30.298960174083977,29.920099375482764,30.019800186157227,501673
2025-03-09,EGX:EKHOA,30.019800284903237,30.20922973400955,29.411627049259813,29.61102867126465,1079468
2025-03-10,EGX:EKHOA,29.61102700290081,29.99985805210418,29.41162539213079,29.810426712036133,381825
2025-03-11,EGX:EKHOA,29.810428628679897,30.209229974225938,29.431567825819865,30.149410247802734,415474
2025-03-12,EGX:EKHOA,30.149409356428773,30.229169623179853,29.810427747328003,30.199260711669922,423372
2025-03-13,EGX:EKHOA,30.199261609146976,30.50833241428818,30.10953106868101,30.31890106201172,772737
2025-03-16,EGX:EKHOA,30.31890037555636,30.498361452425083,29.989889035175292,30.05967903137207,383000
2025-03-17,EGX:EKHOA,30.05967889427194,30.12946889015041,29.620996475219727,29.620996475219727,1169931
2025-03-18,EGX:EKHOA,29.620995927997598,29.969947802578123,29.6110275587432,29.800457000732422,567786
2025-03-19,EGX:EKHOA,29.800456988298418,29.910128066398325,29.611027546388236,29.630966186523438,486425
2025-03-20,EGX:EKHOA,29.6309671949521,29.780519361681574,29.48141692985742,29.511327743530273,376866
2025-03-23,EGX:EKHOA,29.51132819208104,29.750609000196384,29.51132819208104,29.571147918701172,359555
2025-03-24,EGX:EKHOA,29.57114689842089,29.88021769386845,29.341836369593175,29.351806640625,541273
2025-03-25,EGX:EKHOA,29.35180683645592,29.411626561411225,28.66387334374823,28.87324333190918,975649
2025-03-26,EGX:EKHOA,28.87324300053698,29.0128248926771,28.7037540987146,28.913124084472656,599866
2025-03-27,EGX:EKHOA,28.913122983080136,29.122492960862626,28.88321217126778,29.102554321289062,351776
2025-04-03,EGX:EKHOA,29.102556124897202,29.35180720054331,28.962974229423722,29.34183692932129,222075
2025-04-06,EGX:EKHOA,29.341838284143748,28.733665022962477,27.916121761355782,28.165372848510742,721056
2025-04-07,EGX:EKHOA,28.165370076922628,28.913123264805527,27.766568757045352,28.554201126098633,681817
2025-04-08,EGX:EKHOA,28.554202473579206,28.84333463265614,28.484412477011613,28.564172744750977,678245
2025-04-09,EGX:EKHOA,28.564171886340972,28.88321294771061,27.52728843688965,27.52728843688965,764410
2025-04-10,EGX:EKHOA,27.527288925962445,28.61402374908232,27.946030801858498,28.265071868896484,462130
2025-04-13,EGX:EKHOA,28.26507189730751,28.773544311523438,28.314921350969268,28.773544311523438,321155
2025-04-14,EGX:EKHOA,28.773543974602788,28.903153693586564,28.564172088078546,28.81342315673828,281187
2025-04-15,EGX:EKHOA,28.81342385616462,29.44153762934964,28.95300575111395,29.4116268157959,1442739
2025-04-16,EGX:EKHOA,29.411625791235355,29.611027404711177,29.192285537719727,29.192285537719727,257615
2025-04-17,EGX:EKHOA,29.192286319753205,29.28201685805765,28.913124433735515,29.21222496032715,307413
2025-04-22,EGX:EKHOA,29.212225636376765,29.47144698618482,29.262076993052244,29.301956176757812,530456
2025-04-23,EGX:EKHOA,29.301955057456748,29.471445860409396,29.2122245205033,29.321895599365234,805021
2025-04-27,EGX:EKHOA,29.355153709628663,28.197317123413086,27.648343569252678,28.197317123413086,922061
2025-04-28,EGX:EKHOA,28.197316507266006,28.337054811717017,27.847968842346866,27.897876739501953,1158059
2025-04-29,EGX:EKHOA,27.89787718352364,27.997689171839188,27.59843550720207,27.618398666381836,838452
2025-04-30,EGX:EKHOA,27.618397395176988,27.798062011942097,27.568491403316262,27.64834213256836,329487
2025-05-04,EGX:EKHOA,27.648342552615826,27.857950006165208,27.648342552615826,27.728193283081055,439207
2025-05-05,EGX:EKHOA,27.728193290809386,27.89787633106924,27.54852867126465,27.54852867126465,2729170
2025-05-06,EGX:EKHOA,27.548528247528804,27.738174443441398,27.49862035187204,27.558509826660156,413267
2025-05-07,EGX:EKHOA,27.558510475891946,27.63836120703236,27.219144392597283,27.318958282470703,564311
2025-05-08,EGX:EKHOA,27.318958291729018,27.378845864156723,26.94964747020969,27.139293670654297,607761
2025-05-11,EGX:EKHOA,27.13929452669543,27.298995994067766,26.99955431490089,27.029499053955078,689982
2025-05-12,EGX:EKHOA,27.029497572889113,27.14927461875108,26.909720527027147,26.929683685302734,591382
2025-05-13,EGX:EKHOA,26.929683481762797,27.029497368594765,26.490505425768617,26.620262145996094,911115
2025-05-14,EGX:EKHOA,26.6202629892551,26.70011372049182,26.580336671740934,26.69013214111328,332970
2025-05-15,EGX:EKHOA,26.69013234682263,26.889760128348833,26.64022635333689,26.81989097595215,376357
2025-05-18,EGX:EKHOA,26.819890560059786,26.77996424285703,26.55039363031595,26.65020751953125,1616864
2025-05-19,EGX:EKHOA,26.650208417240883,26.710095991270734,25.911586754442208,26.001419067382812,2333891
2025-05-20,EGX:EKHOA,26.001417387614357,26.201045159872855,25.20291010616341,25.23285484313965,2200852
2025-05-21,EGX:EKHOA,25.232855048301538,25.60216395505353,24.96335812469881,25.452444076538086,1533849
2025-05-22,EGX:EKHOA,25.452444696129046,25.85169834981981,24.8535632636971,25.75188446044922,4056808
2025-05-25,EGX:EKHOA,25.751884888092697,26.03136340221313,25.602165003446316,25.741905212402344,584051
2025-05-26,EGX:EKHOA,25.74190521806004,25.84171720531848,25.572222174412413,25.65207290649414,686875
2025-05-27,EGX:EKHOA,25.65207290649414,25.74190521806004,25.352631233343942,25.65207290649414,748022
2025-05-28,EGX:EKHOA,25.652072454573744,26.440598182015155,25.771847598690407,26.201045989990234,2100297
2025-05-29,EGX:EKHOA,26.201046656642315,26.330803383368796,25.71196068083999,25.781829833984375,786255
2025-06-01,EGX:EKHOA,25.781829637911382,25.9016066879563,25.55225902109956,25.562240600585938,711693
2025-06-02,EGX:EKHOA,25.562240807690614,25.83173584083977,25.552259228123365,25.60216522216797,300420
2025-06-03,EGX:EKHOA,25.60216437106905,25.80179214819447,25.60216437106905,25.711959838867188,483412
2025-06-04,EGX:EKHOA,25.711960243532616,26.35076609432123,25.92156769940078,26.061307907104492,1532416
2025-06-10,EGX:EKHOA,26.061308087360732,26.620263210666852,26.151140398723168,26.55039405822754,1737043
2025-06-11,EGX:EKHOA,26.55039427161028,26.899741940406134,26.500486373901367,26.500486373901367,2136237
2025-06-12,EGX:EKHOA,26.500486220940644,26.500486220940644,25.65207290649414,25.65207290649414,1358368
2025-06-15,EGX:EKHOA,25.652072317418234,24.753749222388418,23.605894261151136,24.54414176940918,1024658
2025-06-16,EGX:EKHOA,24.544141989764153,24.903471231002104,24.354495789800612,24.404403686523438,579304
2025-06-17,EGX:EKHOA,24.40440369094098,25.143023428448117,24.254681904537,24.314571380615234,2110212
2025-06-18,EGX:EKHOA,24.314571165094872,24.534160197393856,24.094980229004303,24.364477157592773,784936
2025-06-19,EGX:EKHOA,24.364476754534206,24.55412294971379,23.65580177307129,23.65580177307129,753958
2025-06-22,EGX:EKHOA,23.655801757067636,24.204775280257895,22.95710645137862,24.194793701171875,486772
2025-06-23,EGX:EKHOA,24.19479433225037,24.384440532248238,24.184812752903998,24.314571380615234,524524
2025-06-24,EGX:EKHOA,24.314570936626424,25.05319066064622,24.454309237340787,24.863544464111328,1117751
2025-06-25,EGX:EKHOA,24.863544237758,25.63210869227324,24.80365666711013,25.452444076538086,1323925
2025-06-29,EGX:EKHOA,25.45244555246166,25.851699219585083,25.402539557993105,25.55225944519043,785116
2025-06-30,EGX:EKHOA,25.552259228123365,25.67203437534707,25.043210092943518,25.60216522216797,671252
2025-07-01,EGX:EKHOA,25.602164624663835,25.482389480235447,24.81363889517022,24.85356330871582,646355
2025-07-02,EGX:EKHOA,24.85356288218114,25.09311507071834,24.803656890157725,24.95337677001953,604516
2025-07-06,EGX:EKHOA,24.953376981959103,25.103096863092542,24.923432244215782,24.993303298950195,632246
2025-07-07,EGX:EKHOA,24.993303056479466,25.951511809470745,25.06317220674447,25.85169792175293,1304187
2025-07-09,EGX:EKHOA,25.851698968192707,26.33080336408181,25.60216519069318,26.051326751708984,1067775
2025-07-10,EGX:EKHOA,26.05132650789917,26.750019936083913,26.05132650789917,26.55039405822754,2009351
2025-07-13,EGX:EKHOA,26.55039367162234,26.650207560992932,25.70197846765972,25.75188446044922,1092313
2025-07-14,EGX:EKHOA,24.514833599752706,24.87590481739593,24.50533177570398,24.73337745666504,462725
2025-07-15,EGX:EKHOA,24.733376424273796,24.9709220155766,24.514832576483663,24.68586540222168,552411
2025-07-16,EGX:EKHOA,24.685866430002008,24.790386494526867,24.44832082880914,24.486328125,501528
2025-07-17,EGX:EKHOA,24.486327087804217,24.68586538435415,23.75468285953803,24.315292358398438,1129894
2025-07-20,EGX:EKHOA,24.31529324271884,24.913911961722846,24.343798714691257,24.514833450317383,1579225
2025-07-21,EGX:EKHOA,24.514834038805198,24.676365050526506,24.277286529541016,24.277286529541016,1027184
2025-07-22,EGX:EKHOA,24.27728564991398,24.533836798320472,24.305791121537858,24.32479476928711,375692
2025-07-23,EGX:EKHOA,24.32479476928711,24.32479476928711,24.32479476928711,24.32479476928711,0
2025-07-27,EGX:EKHOA,23.50608064961535,23.655802436413804,23.036957841849453,23.146753311157227,3233086
2025-07-28,EGX:EKHOA,23.146752466684905,23.605893678327096,22.987051010131836,22.987051010131836,1424954
2025-07-29,EGX:EKHOA,22.987051853417828,23.406268668196596,22.957107115293773,23.056921005249023,887581
2025-07-30,EGX:EKHOA,23.05692037567874,23.276509404551117,22.757478713989258,22.757478713989258,798921
2025-07-31,EGX:EKHOA,22.757479340012992,23.086863844278206,22.797405657519857,22.96708869934082,486050
2025-08-03,EGX:EKHOA,22.96708869934082,22.96708869934082,22.96708869934082,22.96708869934082,0
2025-08-04,EGX:EKHOA,22.96708869934082,22.96708869934082,22.96708869934082,22.96708869934082,0
2025-08-05,EGX:EKHOA,22.96708869934082,22.96708869934082,22.96708869934082,22.96708869934082,0
2025-08-06,EGX:EKHOA,22.96708869934082,22.96708869934082,22.96708869934082,22.96708869934082,0
2025-08-07,EGX:EKHOA,22.96708869934082,22.96708869934082,22.96708869934082,22.96708869934082,0
2025-08-10,EGX:EKHOA,23.745634081114694,23.905335539015958,23.55598788593511,23.65580177307129,714654
2025-08-11,EGX:EKHOA,23.65580177307129,24.05505541782445,23.605893877607425,23.65580177307129,1106381
2025-08-12,EGX:EKHOA,23.655802822462572,23.885373440405644,23.635839663391444,23.765596389770508,708637
2025-08-13,EGX:EKHOA,23.765596365654186,24.284627078227018,23.75561478612875,24.12492561340332,2288945
2025-08-14,EGX:EKHOA,24.124924559759766,24.304589175787573,23.835464477539062,23.835464477539062,683873
2025-08-17,EGX:EKHOA,23.83546467832567,24.33453221425519,23.855427836672828,24.23472023010254,899111
2025-08-18,EGX:EKHOA,24.234720003339444,24.933413404828197,24.25468125770826,24.823619842529297,3488164
2025-08-19,EGX:EKHOA,24.82361962708837,25.003282337597717,24.713824161950825,24.96335792541504,2071443
2025-08-20,EGX:EKHOA,24.963359656011715,25.14302428276793,24.5541244078633,24.564105987548828,1119811
2025-08-21,EGX:EKHOA,24.564104704354392,25.003282764825688,24.41438292068436,24.863544464111328,1680049
2025-08-24,EGX:EKHOA,24.863544648430562,25.572221544003188,24.90347096538297,25.53229522705078,4431632
2025-08-25,EGX:EKHOA,25.532295867817727,25.721942070517937,25.472408294677734,25.472408294677734,2008550
2025-08-26,EGX:EKHOA,25.472408306153877,25.602165031980928,25.232856109694353,25.292743682861328,2097999
2025-08-27,EGX:EKHOA,25.29274370026094,25.35263127346911,25.003283606136787,25.02324676513672,838938
2025-08-28,EGX:EKHOA,25.02324634549302,25.252816958767436,24.843581725089876,24.943395614624023,628932
2025-08-31,EGX:EKHOA,24.943395867450985,25.003283440261857,24.154870130101067,24.264663696289062,1244863
2025-09-01,EGX:EKHOA,24.264662848909744,24.504215035579115,23.975204670606082,24.284626007080078,509359
2025-09-02,EGX:EKHOA,24.28462707218054,24.50421611031054,24.214757919311523,24.214757919311523,531352
2025-09-03,EGX:EKHOA,24.21475707751826,24.3944216951023,23.965223309494114,24.055055618286133,434962
2025-09-07,EGX:EKHOA,24.055055621180756,24.224738659609258,23.915315416492156,23.96522331237793,623801
2025-09-08,EGX:EKHOA,23.965224585313415,24.05505689888777,23.805523117579373,23.935279846191406,454363
2025-09-09,EGX:EKHOA,23.93527965320888,24.154870597416444,23.655803038823475,23.71569061279297,661971
2025-09-10,EGX:EKHOA,23.71568996386759,23.955242156982422,23.456174612045288,23.955242156982422,606946
2025-09-11,EGX:EKHOA,23.955241945113574,24.124924985043126,23.875391214781526,23.915315628051758,283230
2025-09-14,EGX:EKHOA,23.91531540792273,24.40440326847024,23.91531540792273,24.23472023010254,707092
2025-09-15,EGX:EKHOA,24.234720861779433,24.554123788492902,24.084999074064836,24.264663696289062,896836
2025-09-16,EGX:EKHOA,24.264663506340614,24.843581782424796,23.72567154767888,23.86540985107422,698105
2025-09-17,EGX:EKHOA,23.86541006753578,23.955242378759458,23.735653342319146,23.81550407409668,387397
2025-09-18,EGX:EKHOA,23.815504704943233,24.204776794696148,23.795541545522145,23.845447540283203,364027
2025-09-21,EGX:EKHOA,23.845446692362998,24.134906782300884,23.65580239598121,23.86540985107422,888697
2025-09-22,EGX:EKHOA,23.865410269134856,24.05505647263036,23.75561479809141,23.945261001586914,359997
2025-09-23,EGX:EKHOA,23.94526144135345,24.094981329476788,23.755615234375,23.755615234375,437943
2025-09-24,EGX:EKHOA,23.75561436866424,24.3544958031246,23.765595948014266,24.134906768798828,627670
2025-09-25,EGX:EKHOA,24.134907625053604,24.25468277392008,23.96522457766637,24.02511215209961,317406
2025-09-28,EGX:EKHOA,24.02511065617369,24.604028916426376,24.104961385043318,24.554122924804688,1852271
2025-09-29,EGX:EKHOA,24.554124400423635,24.853564175732156,24.464292087072746,24.65393829345703,1654491
2025-09-30,EGX:EKHOA,24.65393701580355,24.843581308568137,24.55412312794286,24.773712158203125,1629914
2025-10-01,EGX:EKHOA,24.773713423665907,25.143024256477705,24.773713423665907,24.833600997924805,1411790
2025-10-02,EGX:EKHOA,24.83359951984797,24.83359951984797,24.673898062135112,24.733787536621094,295852
2025-10-05,EGX:EKHOA,24.733788972678116,25.402539579600557,24.74377055233865,25.28276252746582,4096531
2025-10-06,EGX:EKHOA,25.282761261664774,25.452444299815205,25.103096644353545,25.133041381835938,1460917
2025-10-07,EGX:EKHOA,25.13304116921069,25.232855056182675,24.95337655341942,25.093114852905273,1189363
2025-10-08,EGX:EKHOA,25.0931163433032,25.20291181587281,24.803658148062862,25.01326560974121,2689510
2025-10-12,EGX:EKHOA,25.013265389628053,25.34264990064668,24.753750031887368,25.153005599975586,2026378
2025-10-13,EGX:EKHOA,25.153005172402377,25.3925573669082,25.123060434167297,25.16298484802246,2310024
2025-10-14,EGX:EKHOA,25.16298503072798,25.821755950141767,25.252817342293877,25.65207290649414,3577166
2025-10-15,EGX:EKHOA,25.65207185041971,25.84171614143655,25.422499339318378,25.452444076538086,1646524
2025-10-16,EGX:EKHOA,25.452445317337705,25.921568133900116,25.412518999098364,25.871662139892578,4416208
2025-10-19,EGX:EKHOA,25.871662127302663,26.111214325247214,25.761866655989547,26.051326751708984,3429702
2025-10-20,EGX:EKHOA,26.05132527032569,26.151139156408007,25.781828349040886,25.861679077148438,3129878
2025-10-21,EGX:EKHOA,25.861679924986657,26.021381386437337,25.652072470754483,25.841716766357422,1312974
2025-10-22,EGX:EKHOA,25.84171591799196,26.10123126027751,25.75188361090113,25.95151138305664,1923208
2025-10-23,EGX:EKHOA,25.951512644189904,26.300860310543094,26.02138179670222,26.101232528686523,2345526
2025-10-26,EGX:EKHOA,26.101231678561536,26.450579333536368,26.131176416002198,26.211027145385742,2234698
2025-10-27,EGX:EKHOA,26.211026930828922,26.450579117018634,26.211026930828922,26.26093292236328,2773985
2025-10-28,EGX:EKHOA,26.260933363339035,26.35076567264259,25.83173497528684,25.891624450683594,2135437
2025-10-29,EGX:EKHOA,25.891624879569616,25.981457190361215,25.342649435421894,25.791810989379883,909465
2025-10-30,EGX:EKHOA,25.791811599430808,26.350766732405965,25.7518852808939,26.091251373291016,3373901
2025-11-02,EGX:EKHOA,26.09125053369086,26.310841470994255,25.741904776692902,25.931549072265625,1301906
2025-11-03,EGX:EKHOA,25.931548225082782,26.08126810230365,25.771846768874987,25.95151138305664,1579825
2025-11-04,EGX:EKHOA,25.95151181214899,26.131176429301288,25.652072052756203,25.761865615844727,2543459
2025-11-05,EGX:EKHOA,25.76186605593641,25.941530676157928,25.153004947597655,25.482389450073242,1798303
2025-11-06,EGX:EKHOA,25.482389042908906,25.482389042908906,24.95337677001953,24.95337677001953,2563557
2025-11-09,EGX:EKHOA,24.953376964559734,25.352630615234375,24.993303281522987,25.352630615234375,3570728
2025-11-10,EGX:EKHOA,25.35263126180046,25.45244515296256,24.95337760094369,25.202911376953125,1844319
2025-11-11,EGX:EKHOA,25.202911772535565,25.56224102484247,25.15300577806701,25.55225944519043,1312602
2025-11-12,EGX:EKHOA,25.552258585499633,25.831735191187374,25.502350688918543,25.75188446044922,3148850
2025-11-13,EGX:EKHOA,25.75188446044922,25.89162466708468,25.71196004697594,25.75188446044922,1623689
2025-11-16,EGX:EKHOA,25.751884265909016,25.89162447148882,25.14302316255203,25.352630615234375,2191166
2025-11-17,EGX:EKHOA,25.352631063029875,25.452444953409408,24.88350825317515,24.983322143554688,2747075
2025-11-18,EGX:EKHOA,24.98332278925954,25.153005836152797,24.81363974236628,24.833600997924805,1307054
2025-11-19,EGX:EKHOA,24.833600154368266,25.053191092177848,24.703843430583003,24.763731002807617,701821
2025-11-20,EGX:EKHOA,24.76373186238127,25.00328406338642,24.65393829345703,24.65393829345703,929502
2025-11-23,EGX:EKHOA,24.65393764800377,24.853563525052582,24.66391732363334,24.80365753173828,671298
2025-11-24,EGX:EKHOA,24.80365818862656,24.953378076326185,24.54414282817777,24.564105987548828,947063
2025-11-25,EGX:EKHOA,24.56410429830338,24.673897859710507,24.204775069501615,24.244701385498047,5328631
2025-11-26,EGX:EKHOA,24.24470287187376,24.384441178845183,24.15487055916595,24.16485023498535,978071
2025-11-27,EGX:EKHOA,24.164849181638495,24.25468149043051,23.95524173031816,24.055055618286133,1199746
2025-11-30,EGX:EKHOA,24.055056249950088,24.194794554499712,23.92529762104691,24.084999084472656,1341896
2025-12-01,EGX:EKHOA,24.084999084472656,24.084999084472656,24.084999084472656,24.084999084472656,0
2025-12-02,EGX:EKHOA,24.084999084472656,24.084999084472656,24.084999084472656,24.084999084472656,0
2025-12-03,EGX:EKHOA,24.084999084472656,24.084999084472656,24.084999084472656,24.084999084472656,0
2025-12-04,EGX:EKHOA,24.084999084472656,24.084999084472656,24.084999084472656,24.084999084472656,0
2025-12-07,EGX:EKHOA,24.084999084472656,24.084999084472656,24.084999084472656,24.084999084472656,0
2025-12-08,EGX:EKHOA,24.084999084472656,24.084999084472656,24.084999084472656,24.084999084472656,0
2025-12-09,EGX:EKHOA,24.084999084472656,24.084999084472656,24.084999084472656,24.084999084472656,0
2025-12-10,EGX:EKHOA,24.084999084472656,24.084999084472656,24.084999084472656,24.084999084472656,0
2025-12-11,EGX:EKHOA,24.084999084472656,24.084999084472656,24.084999084472656,24.084999084472656,0
2025-12-14,EGX:EKHOA,24.084999084472656,24.084999084472656,24.084999084472656,24.084999084472656,0
2025-12-15,EGX:EKHOA,24.084999084472656,24.084999084472656,24.084999084472656,24.084999084472656,0
2025-12-16,EGX:EKHOA,24.084999084472656,24.084999084472656,24.084999084472656,24.084999084472656,0
2025-12-17,EGX:EKHOA,24.084999084472656,24.084999084472656,24.084999084472656,24.084999084472656,0
2025-12-18,EGX:EKHOA,24.084999084472656,24.084999084472656,24.084999084472656,24.084999084472656,0
2025-12-21,EGX:EKHOA,24.084999084472656,24.084999084472656,24.084999084472656,24.084999084472656,0
2025-12-22,EGX:EKHOA,24.084999084472656,24.084999084472656,24.084999084472656,24.084999084472656,0
2025-12-23,EGX:EKHOA,24.084999084472656,24.084999084472656,24.084999084472656,24.084999084472656,0
2025-12-24,EGX:EKHOA,24.084999084472656,24.084999084472656,24.084999084472656,24.084999084472656,0
2025-12-25,EGX:EKHOA,24.084999084472656,24.084999084472656,24.084999084472656,24.084999084472656,0
2025-12-28,EGX:EKHOA,24.084999084472656,24.084999084472656,24.084999084472656,24.084999084472656,0
2025-12-29,EGX:EKHOA,24.084999084472656,24.084999084472656,24.084999084472656,24.084999084472656,0
2025-12-30,EGX:EKHOA,24.084999084472656,24.084999084472656,24.084999084472656,24.084999084472656,0
2025-12-31,EGX:EKHOA,24.084999084472656,24.084999084472656,24.084999084472656,24.084999084472656,0
2026-01-04,EGX:EKHOA,24.084999084472656,24.084999084472656,24.084999084472656,24.084999084472656,0
2026-01-05,EGX:EKHOA,24.084999084472656,24.084999084472656,24.084999084472656,24.084999084472656,0
2026-01-06,EGX:EKHOA,24.084999084472656,24.084999084472656,24.084999084472656,24.084999084472656,0
2026-01-08,EGX:EKHOA,24.084999084472656,24.084999084472656,24.084999084472656,24.084999084472656,0
2026-01-11,EGX:EKHOA,24.084999084472656,24.084999084472656,24.084999084472656,24.084999084472656,0
2026-01-12,EGX:EKHOA,24.084999084472656,24.084999084472656,24.084999084472656,24.084999084472656,0
2026-01-13,EGX:EKHOA,24.084999084472656,24.084999084472656,24.084999084472656,24.084999084472656,0
2026-01-14,EGX:EKHOA,24.084999084472656,24.084999084472656,24.084999084472656,24.084999084472656,0
2026-01-15,EGX:EKHOA,24.084999084472656,24.084999084472656,24.084999084472656,24.084999084472656,0
2026-01-18,EGX:EKHOA,24.084999084472656,24.084999084472656,24.084999084472656,24.084999084472656,0
2026-01-19,EGX:EKHOA,24.084999084472656,24.084999084472656,24.084999084472656,24.084999084472656,0
2026-01-20,EGX:EKHOA,24.084999084472656,24.084999084472656,24.084999084472656,24.084999084472656,0
2026-01-21,EGX:EKHOA,24.084999084472656,24.084999084472656,24.084999084472656,24.084999084472656,0
2026-01-22,EGX:EKHOA,24.084999084472656,24.084999084472656,24.084999084472656,24.084999084472656,0
2026-01-25,EGX:EKHOA,24.084999084472656,24.084999084472656,24.084999084472656,24.084999084472656,0
2026-01-26,EGX:EKHOA,24.084999084472656,24.084999084472656,24.084999084472656,24.084999084472656,0
2026-01-27,EGX:EKHOA,24.084999084472656,24.084999084472656,24.084999084472656,24.084999084472656,0
2026-01-28,EGX:EKHOA,24.084999084472656,24.084999084472656,24.084999084472656,24.084999084472656,0
2026-02-01,EGX:EKHOA,24.084999084472656,24.084999084472656,24.084999084472656,24.084999084472656,0
2026-02-02,EGX:EKHOA,24.084999084472656,24.084999084472656,24.084999084472656,24.084999084472656,0
2026-02-03,EGX:EKHOA,24.084999084472656,24.084999084472656,24.084999084472656,24.084999084472656,0
2026-02-04,EGX:EKHOA,24.084999084472656,24.084999084472656,24.084999084472656,24.084999084472656,0
2026-02-05,EGX:EKHOA,24.084999084472656,24.084999084472656,24.084999084472656,24.084999084472656,0
2026-02-08,EGX:EKHOA,24.084999084472656,24.084999084472656,24.084999084472656,24.084999084472656,0
2026-02-09,EGX:EKHOA,24.084999084472656,24.084999084472656,24.084999084472656,24.084999084472656,0
2026-02-10,EGX:EKHOA,24.084999084472656,24.084999084472656,24.084999084472656,24.084999084472656,0
2026-02-11,EGX:EKHOA,24.084999084472656,24.084999084472656,24.084999084472656,24.084999084472656,0
2026-02-12,EGX:EKHOA,24.084999084472656,24.084999084472656,24.084999084472656,24.084999084472656,0
2026-02-15,EGX:EKHOA,24.084999084472656,24.084999084472656,24.084999084472656,24.084999084472656,0
2026-02-16,EGX:EKHOA,24.084999084472656,24.084999084472656,24.084999084472656,24.084999084472656,0
2026-02-17,EGX:EKHOA,24.084999084472656,24.084999084472656,24.084999084472656,24.084999084472656,0
2026-02-18,EGX:EKHOA,24.084999084472656,24.084999084472656,24.084999084472656,24.084999084472656,0
2026-02-19,EGX:EKHOA,24.084999084472656,24.084999084472656,24.084999084472656,24.084999084472656,0
2026-02-22,EGX:EKHOA,24.084999084472656,24.084999084472656,24.084999084472656,24.084999084472656,0
2026-02-23,EGX:EKHOA,24.084999084472656,24.084999084472656,24.084999084472656,24.084999084472656,0
2026-02-24,EGX:EKHOA,24.084999084472656,24.084999084472656,24.084999084472656,24.084999084472656,0
2026-02-25,EGX:EKHOA,24.084999084472656,24.084999084472656,24.084999084472656,24.084999084472656,0
2026-02-26,EGX:EKHOA,24.084999084472656,24.084999084472656,24.084999084472656,24.084999084472656,0
2026-03-01,EGX:EKHOA,24.084999084472656,24.084999084472656,24.084999084472656,24.084999084472656,0
2026-03-02,EGX:EKHOA,24.084999084472656,24.084999084472656,24.084999084472656,24.084999084472656,0
2026-03-03,EGX:EKHOA,24.084999084472656,24.084999084472656,24.084999084472656,24.084999084472656,0
2026-03-04,EGX:EKHOA,24.084999084472656,24.084999084472656,24.084999084472656,24.084999084472656,0
2026-03-05,EGX:EKHOA,24.084999084472656,24.084999084472656,24.084999084472656,24.084999084472656,0
2026-03-08,EGX:EKHOA,24.084999084472656,24.084999084472656,24.084999084472656,24.084999084472656,0
2026-03-09,EGX:EKHOA,24.084999084472656,24.084999084472656,24.084999084472656,24.084999084472656,0
2026-03-10,EGX:EKHOA,24.084999084472656,24.084999084472656,24.084999084472656,24.084999084472656,0
2026-03-11,EGX:EKHOA,24.084999084472656,24.084999084472656,24.084999084472656,24.084999084472656,0
2026-03-12,EGX:EKHOA,24.084999084472656,24.084999084472656,24.084999084472656,24.084999084472656,0
2026-03-15,EGX:EKHOA,24.084999084472656,24.084999084472656,24.084999084472656,24.084999084472656,0
2026-03-16,EGX:EKHOA,24.084999084472656,24.084999084472656,24.084999084472656,24.084999084472656,0
2026-03-17,EGX:EKHOA,24.084999084472656,24.084999084472656,24.084999084472656,24.084999084472656,0
2026-03-18,EGX:EKHOA,24.084999084472656,24.084999084472656,24.084999084472656,24.084999084472656,0
2026-03-19,EGX:EKHOA,24.084999084472656,24.084999084472656,24.084999084472656,24.084999084472656,0
2026-03-24,EGX:EKHOA,24.084999084472656,24.084999084472656,24.084999084472656,24.084999084472656,0
2026-03-25,EGX:EKHOA,24.084999084472656,24.084999084472656,24.084999084472656,24.084999084472656,0
2026-03-26,EGX:EKHOA,24.084999084472656,24.084999084472656,24.084999084472656,24.084999084472656,0
2026-03-29,EGX:EKHOA,24.084999084472656,24.084999084472656,24.084999084472656,24.084999084472656,0
2026-03-30,EGX:EKHOA,24.084999084472656,24.084999084472656,24.084999084472656,24.084999084472656,0
2026-03-31,EGX:EKHOA,24.084999084472656,24.084999084472656,24.084999084472656,24.084999084472656,0
2026-04-01,EGX:EKHOA,24.084999084472656,24.084999084472656,24.084999084472656,24.084999084472656,0
2026-04-02,EGX:EKHOA,24.084999084472656,24.084999084472656,24.084999084472656,24.084999084472656,0
2026-04-05,EGX:EKHOA,24.084999084472656,24.084999084472656,24.084999084472656,24.084999084472656,0
2026-04-06,EGX:EKHOA,24.084999084472656,24.084999084472656,24.084999084472656,24.084999084472656,0
2026-04-07,EGX:EKHOA,24.084999084472656,24.084999084472656,24.084999084472656,24.084999084472656,0
2026-04-08,EGX:EKHOA,24.084999084472656,24.084999084472656,24.084999084472656,24.084999084472656,0
2026-04-09,EGX:EKHOA,24.084999084472656,24.084999084472656,24.084999084472656,24.084999084472656,0
2026-04-14,EGX:EKHOA,24.084999084472656,24.084999084472656,24.084999084472656,24.084999084472656,0
2026-04-15,EGX:EKHOA,24.084999084472656,24.084999084472656,24.084999084472656,24.084999084472656,0
2026-04-16,EGX:EKHOA,24.084999084472656,24.084999084472656,24.084999084472656,24.084999084472656,0
2026-04-19,EGX:EKHOA,24.084999084472656,24.084999084472656,24.084999084472656,24.084999084472656,0
2026-04-20,EGX:EKHOA,24.084999084472656,24.084999084472656,24.084999084472656,24.084999084472656,0
2026-04-21,EGX:EKHOA,24.084999084472656,24.084999084472656,24.084999084472656,24.084999084472656,0
2026-04-22,EGX:EKHOA,24.084999084472656,24.084999084472656,24.084999084472656,24.084999084472656,0
2026-04-23,EGX:EKHOA,24.084999084472656,24.084999084472656,24.084999084472656,24.084999084472656,0
2026-04-26,EGX:EKHOA,24.084999084472656,24.084999084472656,24.084999084472656,24.084999084472656,0
2026-04-27,EGX:EKHOA,24.1299991607666,24.1299991607666,24.1299991607666,24.1299991607666,0
2026-04-28,EGX:EKHOA,24.1299991607666,24.1299991607666,24.1299991607666,24.1299991607666,0
2026-04-29,EGX:EKHOA,24.1299991607666,24.1299991607666,24.1299991607666,24.1299991607666,0
2026-04-30,EGX:EKHOA,24.1299991607666,24.1299991607666,24.1299991607666,24.1299991607666,0
2026-05-03,EGX:EKHOA,24.1299991607666,24.1299991607666,24.1299991607666,24.1299991607666,0
2026-05-04,EGX:EKHOA,24.1299991607666,24.1299991607666,24.1299991607666,24.1299991607666,0
2026-05-05,EGX:EKHOA,24.1299991607666,24.1299991607666,24.1299991607666,24.1299991607666,0
2026-05-06,EGX:EKHOA,24.1299991607666,24.1299991607666,24.1299991607666,24.1299991607666,0
2026-05-07,EGX:EKHOA,24.1299991607666,24.1299991607666,24.1299991607666,24.1299991607666,0
2026-05-10,EGX:EKHOA,24.1299991607666,24.1299991607666,24.1299991607666,24.1299991607666,0
2026-05-11,EGX:EKHOA,24.1299991607666,24.1299991607666,24.1299991607666,24.1299991607666,0
2026-05-12,EGX:EKHOA,24.1299991607666,24.1299991607666,24.1299991607666,24.1299991607666,0
2026-05-13,EGX:EKHOA,24.1299991607666,24.1299991607666,24.1299991607666,24.1299991607666,0
2026-05-14,EGX:EKHOA,24.1299991607666,24.1299991607666,24.1299991607666,24.1299991607666,0
2026-05-17,EGX:EKHOA,24.1299991607666,24.1299991607666,24.1299991607666,24.1299991607666,0
2026-05-18,EGX:EKHOA,24.1299991607666,24.1299991607666,24.1299991607666,24.1299991607666,0
2026-05-19,EGX:EKHOA,24.1299991607666,24.1299991607666,24.1299991607666,24.1299991607666,0
2026-05-20,EGX:EKHOA,24.1299991607666,24.1299991607666,24.1299991607666,24.1299991607666,0
2026-05-21,EGX:EKHOA,24.1299991607666,24.1299991607666,24.1299991607666,24.1299991607666,0
2026-05-24,EGX:EKHOA,24.1299991607666,24.1299991607666,24.1299991607666,24.1299991607666,0
2026-05-25,EGX:EKHOA,24.1299991607666,24.1299991607666,24.1299991607666,24.1299991607666,0
2026-05-26,EGX:EKHOA,24.1299991607666,24.1299991607666,24.1299991607666,24.1299991607666,0
2026-05-27,EGX:EKHOA,24.1299991607666,24.1299991607666,24.1299991607666,24.1299991607666,0
2026-05-28,EGX:EKHOA,24.1299991607666,24.1299991607666,24.1299991607666,24.1299991607666,0
2026-06-01,EGX:EKHOA,24.1299991607666,24.1299991607666,24.1299991607666,24.1299991607666,0
2026-06-02,EGX:EKHOA,24.1299991607666,24.1299991607666,24.1299991607666,24.1299991607666,0
2026-06-03,EGX:EKHOA,24.1299991607666,24.1299991607666,24.1299991607666,24.1299991607666,0
2026-06-04,EGX:EKHOA,24.1299991607666,24.1299991607666,24.1299991607666,24.1299991607666,0
2026-06-07,EGX:EKHOA,24.1299991607666,24.1299991607666,24.1299991607666,24.1299991607666,0
2026-06-08,EGX:EKHOA,24.1299991607666,24.1299991607666,24.1299991607666,24.1299991607666,0
2026-06-09,EGX:EKHOA,24.1299991607666,24.1299991607666,24.1299991607666,24.1299991607666,0
