date,symbol,open,high,low,close,volume
2016-06-12,EGX:ESRS,7.241703353079652,7.224168561549759,7.083893573730133,7.145263671875,659144
2016-06-13,EGX:ESRS,7.145263428837034,7.285539247990218,7.013755841255435,7.110194683074951,1690407
2016-06-14,EGX:ESRS,7.110194683074951,7.110194683074951,7.110194683074951,7.110194683074951,0
2016-06-15,EGX:ESRS,7.197866906845865,7.24170304771727,7.040057134150744,7.127729415893555,1467185
2016-06-16,EGX:ESRS,7.127729415893555,7.127729415893555,7.127729415893555,7.127729415893555,0
2016-06-19,EGX:ESRS,7.215401359332484,7.583623630288724,7.0488250158546135,7.338142395019531,5274913
2016-06-20,EGX:ESRS,7.3381420960502455,7.241703252292668,6.847179227462131,7.066359519958496,4028161
2016-06-21,EGX:ESRS,7.066359359217773,7.232935692119854,6.7945759532035,6.969919681549072,2249856
2016-06-22,EGX:ESRS,6.969919662312501,6.9962214305179575,6.750739793459247,6.829644680023193,1177499
2016-06-23,EGX:ESRS,6.829644680023193,6.829644680023193,6.829644680023193,6.829644680023193,0
2016-06-26,EGX:ESRS,6.829644680023193,6.829644680023193,6.829644680023193,6.829644680023193,0
2016-06-27,EGX:ESRS,6.259777069091797,6.400052472384739,6.189639576471542,6.259777069091797,1058592
2016-06-28,EGX:ESRS,6.259777077144258,6.408819458180241,6.233475726404045,6.329914569854736,1315376
2016-06-29,EGX:ESRS,6.329914536484124,6.435121193047636,6.215941320456667,6.303613185882568,1088739
2016-06-30,EGX:ESRS,6.303613185882568,6.303613185882568,6.303613185882568,6.303613185882568,0
2016-07-03,EGX:ESRS,6.303613054983515,6.487724177580923,6.312380032317837,6.435121059417725,2110986
2016-07-04,EGX:ESRS,6.43512129766229,6.996221663562203,6.470190044402758,6.724438667297363,2844370
2016-07-05,EGX:ESRS,6.724438667297363,6.724438667297363,6.724438667297363,6.724438667297363,0
2016-07-10,EGX:ESRS,6.724438844296814,7.3030735987976785,6.864713834950975,7.101428508758545,4099849
2016-07-11,EGX:ESRS,7.10142808026103,7.276771807998557,6.838412070602317,7.013755798339844,2848767
2016-07-12,EGX:ESRS,7.013756151364448,7.075126250135323,6.768274502123617,6.961153030395508,2008523
2016-07-13,EGX:ESRS,6.961152920245603,7.197867169886404,6.961152920245603,7.048824787139893,4173261
2016-07-14,EGX:ESRS,7.048824787139893,7.048824787139893,7.048824787139893,7.048824787139893,0
2016-07-17,EGX:ESRS,7.048824754086461,7.118962247273003,6.926084141010011,7.022523403167725,3127272
2016-07-18,EGX:ESRS,7.022523418023769,7.259237249002896,7.075126119972521,7.1627984046936035,3840328
2016-07-19,EGX:ESRS,7.16279814725519,7.3381418742904465,7.083893261063114,7.241703033447266,4063590
2016-07-20,EGX:ESRS,7.241703033447266,7.241703033447266,7.241703033447266,7.241703033447266,0
2016-07-21,EGX:ESRS,7.110194758264206,7.066359452676688,6.9260840500925385,6.996221542358398,1620490
2016-07-24,EGX:ESRS,6.996221542358398,7.118962153823653,6.917316654533091,6.996221542358398,1648315
2016-07-25,EGX:ESRS,6.996221874297181,7.1101950956104965,6.926084378703617,7.057592391967773,2011395
2016-07-26,EGX:ESRS,7.057592391967773,7.180332591204061,6.926084378703617,7.057592391967773,2337057
2016-07-27,EGX:ESRS,7.14526389009241,7.417047314371901,7.1364973301646115,7.29430627822876,8226088
2016-07-28,EGX:ESRS,7.294305767571345,7.373210654131923,7.162798180706945,7.268004417419434,2057078
2016-07-31,EGX:ESRS,7.268004417419434,7.268004417419434,7.268004417419434,7.268004417419434,0
2016-08-01,EGX:ESRS,7.1627984046936035,7.206634547054144,7.092660911358687,7.1627984046936035,1971944
2016-08-02,EGX:ESRS,7.1627986456464985,7.276772285175972,7.154031249658486,7.197867393493652,1227504
2016-08-03,EGX:ESRS,7.197867155343316,7.636226906981507,7.27677204441497,7.487184524536133,10727427
2016-08-04,EGX:ESRS,7.487184524536132,7.487184524536132,7.487184524536132,7.487184524536133,0
2016-08-07,EGX:ESRS,7.618691839288505,7.75896765705362,7.5134856030433,7.680062770843506,2750555
2016-08-08,EGX:ESRS,7.680063005366564,7.7765018491767055,7.566089370261014,7.644994258880615,3260082
2016-08-09,EGX:ESRS,7.644994732269747,7.636227336079153,7.504719737639921,7.574857234954834,2356858
2016-08-10,EGX:ESRS,7.574857300353773,7.811571146809086,7.495952406167026,7.697597503662109,4980196
2016-08-11,EGX:ESRS,7.69759750366211,7.69759750366211,7.69759750366211,7.697597503662109,0
2016-08-14,EGX:ESRS,7.706364389490202,7.715131785175774,7.592390753892375,7.671295642852783,1115550
2016-08-15,EGX:ESRS,7.671295650273045,7.864174175017846,7.5660894102590275,7.741433143615723,3892228
2016-08-16,EGX:ESRS,7.741433614138239,7.70636486533543,7.460883623715764,7.601158618927002,2150494
2016-08-17,EGX:ESRS,7.601158179062264,7.566089432288817,7.259237270942501,7.373210906982422,5287786
2016-08-18,EGX:ESRS,7.373210899697074,7.4082796464358704,7.197867166003094,7.303073406219482,2771400
2016-08-21,EGX:ESRS,7.303073162990263,7.338141908561093,7.189099530858855,7.268004417419434,1237085
2016-08-22,EGX:ESRS,7.268004397798176,7.338141888750487,6.99622141133176,7.127729415893555,3104882
2016-08-23,EGX:ESRS,7.127729650561395,7.1890997481389585,7.0137560149853,7.092660903930664,2705858
2016-08-24,EGX:ESRS,7.092661112816436,7.171566004085626,7.031291013431464,7.101428508758545,2219379
2016-08-25,EGX:ESRS,7.101428317953927,7.118962273262138,6.864713650506522,6.978687286376953,1656740
2016-08-28,EGX:ESRS,6.978687271435938,6.926084151466614,6.777041769193978,6.838412284851074,1006118
2016-08-29,EGX:ESRS,6.838412284851074,6.838412284851074,6.838412284851074,6.838412284851074,0
2016-08-30,EGX:ESRS,6.768274373506206,6.9699198757481655,6.7156712535368825,6.838412284851074,2452763
2016-08-31,EGX:ESRS,6.838412440876679,6.978687430662065,6.864713792435216,6.917316913604736,2100273
2016-09-01,EGX:ESRS,6.917316796160712,6.987454289862592,6.873481071623256,6.934851169586182,1254368
2016-09-04,EGX:ESRS,6.934850892323247,6.943618287711671,6.8033433059162585,6.873480796813965,1411862
2016-09-05,EGX:ESRS,6.873481328526204,6.926084450768706,6.715671543746244,6.78580904006958,2086160
2016-09-06,EGX:ESRS,6.78580903100295,6.812110801115286,6.522793420141859,6.645534038543701,2169515
2016-09-07,EGX:ESRS,6.645533822674338,6.6279994491865075,6.4877244612838645,6.566628932952881,1075745
2016-09-08,EGX:ESRS,6.5666288743876,6.663068136736782,6.549094501056152,6.584163665771484,1103895
2016-09-13,EGX:ESRS,6.584163665771484,6.584163665771484,6.584163665771484,6.584163665771484,0
2016-09-14,EGX:ESRS,6.584163565073461,6.601697938136739,6.417586811946108,6.487724304199219,816936
2016-09-15,EGX:ESRS,6.4877241921134905,6.435121073832459,6.242242555416256,6.321147441864014,1510533
2016-09-18,EGX:ESRS,6.251009965339173,6.321147456543425,6.18087247413492,6.207173824310303,1349907
2016-09-19,EGX:ESRS,6.242242555416256,6.408819305665732,6.198406832541608,6.321147441864014,1506797
2016-09-20,EGX:ESRS,6.321147683801145,6.470190066994762,6.26854456350677,6.3562164306640625,2420644
2016-09-21,EGX:ESRS,6.3562164306640625,6.3562164306640625,6.3562164306640625,6.3562164306640625,0
2016-09-22,EGX:ESRS,6.3562164306640625,6.3562164306640625,6.3562164306640625,6.3562164306640625,0
2016-09-25,EGX:ESRS,6.242242794333363,6.4438882978213545,6.26854456350677,6.3562164306640625,2076701
2016-09-26,EGX:ESRS,6.3562164306640625,6.3562164306640625,6.3562164306640625,6.3562164306640625,0
2016-09-27,EGX:ESRS,6.391284932905388,6.461422423946764,6.233475578062296,6.321147441864014,2257737
2016-09-28,EGX:ESRS,6.3211475841607365,6.3211475841607365,6.19840697207529,6.259777069091797,1566640
2016-09-29,EGX:ESRS,6.2597775145347585,6.277311888937561,6.180873038748381,6.233476161956787,1135671
2016-10-02,EGX:ESRS,6.233476161956787,6.233476161956787,6.233476161956787,6.233476161956787,0
2016-10-03,EGX:ESRS,6.233476161956787,6.233476161956787,6.233476161956787,6.233476161956787,0
2016-10-04,EGX:ESRS,6.408819550958438,6.470190066994762,6.27731154119628,6.3562164306640625,2727015
2016-10-05,EGX:ESRS,6.356216671273694,6.461422915844945,6.312380527009445,6.391285419464111,4315315
2016-10-09,EGX:ESRS,6.391285419464111,6.391285419464111,6.391285419464111,6.391285419464111,0
2016-10-10,EGX:ESRS,6.3211475841607365,6.400052472384739,5.996761471765841,6.259777069091797,5860273
2016-10-11,EGX:ESRS,6.259777287579102,6.137036671209595,5.874020646651062,6.014296054840088,3509879
2016-10-12,EGX:ESRS,6.014295690612658,6.3123800266008185,6.101967554138588,6.180872440338135,4472357
2016-10-13,EGX:ESRS,6.180873038748381,6.321148033970797,6.110735123084711,6.233476161956787,6190191
2016-10-16,EGX:ESRS,6.2334759417888606,6.2334759417888606,5.961692939118643,6.084433555603027,3839803
2016-10-17,EGX:ESRS,6.084433477220668,6.031830356547874,5.742512983821287,5.874020576477051,2927031
2016-10-18,EGX:ESRS,5.874020299233646,5.847718949164847,5.646073453743562,5.812650203704834,6561699
2016-10-19,EGX:ESRS,5.812650704580636,5.7863489341929935,5.5934708175426255,5.698677062988281,1917448
2016-10-20,EGX:ESRS,5.698676802241814,5.838951789750986,5.689909406496271,5.777581691741943,1270443
2016-10-23,EGX:ESRS,5.777581458244821,5.865253321894854,5.733745317393594,5.812650203704834,1683486
2016-10-24,EGX:ESRS,5.8126505843259615,5.821417562238829,5.6723751752480425,5.716211318969727,1431333
2016-10-25,EGX:ESRS,5.716211437229224,5.768814559952051,5.654840918359696,5.698677062988281,1711342
2016-10-26,EGX:ESRS,5.698676678348082,5.777581566132755,5.681142305290646,5.724978446960449,1123974
2016-10-27,EGX:ESRS,5.7249786102636895,6.014295982990276,5.7249786102636895,5.874020576477051,4738230
2016-10-30,EGX:ESRS,5.874020563809737,6.145803980445067,5.935391080155205,6.058131694793701,3061225
2016-10-31,EGX:ESRS,6.0581315526603,6.180872582471537,6.031830202023914,6.119502067565918,2338178
2016-11-01,EGX:ESRS,6.119501950773611,6.207173814642374,6.084433205226105,6.137036323547363,3032030
2016-11-02,EGX:ESRS,6.137036323547363,6.137036323547363,6.137036323547363,6.137036323547363,0
2016-11-03,EGX:ESRS,6.83841222811057,6.855946601288189,6.15457083807854,6.329914569854736,9907123
2016-11-06,EGX:ESRS,6.329914635959457,6.566628885355598,6.137036528991372,6.400052547454834,8215469
2016-11-07,EGX:ESRS,6.724438700112051,6.961152950791568,6.531560174045814,6.750740051269531,15414591
2016-11-08,EGX:ESRS,6.750739909211667,6.9699197818231164,6.636766693173561,6.812110424041748,6465071
2016-11-09,EGX:ESRS,6.812110432371648,7.057592073939718,6.575396186383924,6.8822479248046875,12651615
2016-11-10,EGX:ESRS,6.882248020369374,7.539788066190588,6.934851140424584,7.232935905456543,17248056
2016-11-13,EGX:ESRS,7.715132027613909,7.89047576631095,7.364443714114928,7.706364631652832,12876936
2016-11-14,EGX:ESRS,7.706364206761952,8.021982919014969,7.6712954609560615,7.872940540313721,8153593
2016-11-15,EGX:ESRS,7.8729413757022595,8.065819916153199,7.715132420883254,7.978148460388184,5779437
2016-11-16,EGX:ESRS,7.978147132042504,8.705824190649558,8.065818573210398,8.355135917663574,12219547
2016-11-17,EGX:ESRS,8.35513682954201,8.942538977505578,8.214861839479946,8.583084106445312,13413168
2016-11-20,EGX:ESRS,8.583083374157654,8.951305609707202,8.249929883131642,8.661988258361816,7629832
2016-11-21,EGX:ESRS,8.661989410887351,9.521174184085694,8.933772008080732,9.2756929397583,10125340
2016-11-22,EGX:ESRS,9.2756929397583,9.2756929397583,9.2756929397583,9.2756929397583,0
2016-11-23,EGX:ESRS,9.503639469024456,10.45049645767735,9.51240686464834,10.117342948913574,19479557
2016-11-24,EGX:ESRS,10.520634853756441,10.687211204388078,9.90693132117497,10.318989753723145,7918713
2016-11-27,EGX:ESRS,10.318988866466082,10.573237486793285,10.117342947665959,10.371591567993164,5376812
2016-11-28,EGX:ESRS,10.371591517979189,10.731046375732058,10.257617883746963,10.459263801574707,8211996
2016-11-29,EGX:ESRS,10.240084250448302,10.310221745086587,9.898163337007995,10.108575820922852,10824405
2016-11-30,EGX:ESRS,10.108576002565107,10.432962130122332,9.94199965883217,10.161179542541504,10366751
2016-12-01,EGX:ESRS,10.161179542541504,10.161179542541504,10.161179542541504,10.161179542541504,0
2016-12-04,EGX:ESRS,9.924464630751313,10.695977903390284,9.880629323935993,10.450496673583984,15717737
2016-12-05,EGX:ESRS,10.450496706163987,10.757348871457154,10.213782035319849,10.476798057556152,6098583
2016-12-06,EGX:ESRS,10.476797773521424,10.432961631652994,10.222549154010364,10.345290184020996,2822058
2016-12-07,EGX:ESRS,10.345290218505346,10.432961666429582,9.898163074945685,10.117342948913574,4602080
2016-12-08,EGX:ESRS,10.117342287433697,10.389125681270606,9.959532520940988,10.248849868774414,5619859
2016-12-11,EGX:ESRS,10.248849868774414,10.248849868774414,10.248849868774414,10.248849868774414,0
2016-12-12,EGX:ESRS,10.248849868774414,10.248849868774414,10.248849868774414,10.248849868774414,0
2016-12-13,EGX:ESRS,10.80995062630766,11.572696438633685,11.099267974565642,11.353516578674316,8939413
2016-12-14,EGX:ESRS,11.35351748054026,11.721739741410097,11.081734900820306,11.441189765930176,7006947
2016-12-15,EGX:ESRS,11.441189765930176,11.441189765930176,11.441189765930176,11.441189765930176,0
2016-12-18,EGX:ESRS,11.835713553627087,13.019285243431753,12.423115700584379,12.791337966918945,2829417
2016-12-19,EGX:ESRS,12.791337980750326,13.799565098263104,12.808871936444561,13.326136589050293,16683942
2016-12-20,EGX:ESRS,13.32613647555759,14.658749705060906,13.676824783609431,14.404501914978027,6570641
2016-12-21,EGX:ESRS,14.404501481639583,15.772183417192876,14.422036272761865,15.263686180114746,5240198
2016-12-22,EGX:ESRS,15.263687275967712,15.868624235439981,14.202857420053428,15.149714469909668,5536430
2016-12-25,EGX:ESRS,15.149713918897781,15.079576424133847,14.290527517777365,14.597379684448242,2162153
2016-12-26,EGX:ESRS,14.597378705138652,15.123410716682589,14.483405910872138,14.825325965881348,2444498
2016-12-27,EGX:ESRS,14.825326533219418,15.342591169274597,14.746421644857797,15.08834171295166,2924172
2016-12-28,EGX:ESRS,15.088342388847947,15.211084260803096,14.816559801321912,14.95683479309082,1178506
2016-12-29,EGX:ESRS,14.956833285837506,16.131637477670274,14.91299798240584,15.570537567138672,4000863
2017-01-02,EGX:ESRS,15.570537758924845,16.89438433982492,16.228077351756756,16.613834381103516,4021141
2017-01-03,EGX:ESRS,16.61383545234688,17.025893021761792,16.21931100232533,16.578765869140625,3583313
2017-01-04,EGX:ESRS,16.578763949087534,17.41164805946904,16.30698139955434,16.806711196899414,4765771
2017-01-05,EGX:ESRS,16.80671351187161,17.043428187074966,16.39465593342154,16.68397331237793,5168256
2017-01-09,EGX:ESRS,16.605068182677392,16.605068182677392,16.193008937922713,16.32451820373535,1391543
2017-01-10,EGX:ESRS,16.324518624340264,17.09603108630907,16.456026221331445,16.841781616210938,3931354
2017-01-11,EGX:ESRS,16.84178187644243,17.692200916398015,17.07849655801006,17.402883529663086,3937411
2017-01-12,EGX:ESRS,17.402882849581882,18.893305033950615,17.420417641355694,18.183162689208984,5080036
2017-01-15,EGX:ESRS,18.18316179850925,19.726188282614483,18.753029125565064,19.112483978271484,3263182
2017-01-16,EGX:ESRS,19.112485444632508,19.112485444632508,18.323438187232053,18.67412567138672,2476081
2017-01-17,EGX:ESRS,18.674123392666694,19.875229760566825,18.674123392666694,19.454404830932617,4149450
2017-01-18,EGX:ESRS,19.45440741223522,19.989205204192917,17.516856324286987,18.47248077392578,7587735
2017-01-19,EGX:ESRS,18.47247884562834,17.963981623212245,16.631367636118444,16.719039916992188,8178000
2017-01-22,EGX:ESRS,16.719039349962785,16.8154790228741,15.605605266710835,16.228076934814453,4736013
2017-01-23,EGX:ESRS,16.228077939736856,17.017125145282193,15.851088291967159,16.648902893066406,3653240
2017-01-24,EGX:ESRS,16.64890241056633,16.605067106276863,15.728347642810224,16.210542678833008,2620153
2017-01-26,EGX:ESRS,16.21054398116754,17.315210794548197,16.63136895610975,16.964523315429688,2641843
2017-01-29,EGX:ESRS,16.96452344289722,17.665898406404207,16.394656076021565,17.06972885131836,4386574
2017-01-30,EGX:ESRS,17.06972694962331,16.727806902032327,15.912457552660323,16.254379272460938,3189005
2017-01-31,EGX:ESRS,16.254379815798487,16.324517306679844,15.69327821653796,15.868622779846191,4115386
2017-02-01,EGX:ESRS,15.868623395434376,16.306983148500464,15.702046221050532,16.04396629333496,1647460
2017-02-02,EGX:ESRS,16.043966430713585,16.824247934955118,16.087803409721403,16.578765869140625,1851538
2017-02-05,EGX:ESRS,16.578765856660247,17.36781308389959,16.75411042814,17.087263107299805,1670279
2017-02-06,EGX:ESRS,17.08726411831985,17.253841303860682,16.657671732207064,16.999591827392578,2422963
2017-02-07,EGX:ESRS,16.99959109901289,17.53439054576588,16.982057979346564,17.21877098083496,4347490
2017-02-08,EGX:ESRS,17.21877073956715,17.315210421324693,16.482326213187193,16.859315872192383,1615421
2017-02-09,EGX:ESRS,16.85931552561987,16.66643783827949,15.921225931403447,16.16670799255371,2365808
2017-02-12,EGX:ESRS,16.16670778882051,16.26314579517052,15.517935569895366,15.71958065032959,2302504
2017-02-13,EGX:ESRS,15.719580628675997,15.605606159224287,14.728886674499108,15.070808410644531,5106136
2017-02-14,EGX:ESRS,15.07080930499738,15.149714197081908,14.07134789599665,14.58861255645752,2573231
2017-02-15,EGX:ESRS,14.58861217107994,15.167246916274522,14.202856789090065,14.63244915008545,2297862
2017-02-16,EGX:ESRS,14.632448521311476,15.316288642314309,14.816558808593872,15.044506072998047,1110673
2017-02-19,EGX:ESRS,15.044506527457926,15.228618492511615,14.500941372405551,14.834094047546387,825719
2017-02-20,EGX:ESRS,14.83409430289221,14.983136687754634,14.202856852291822,14.685051918029785,1137401
2017-02-21,EGX:ESRS,14.685051827264449,15.219851264737622,14.816559419633819,15.00067138671875,1559215
2017-02-22,EGX:ESRS,15.00067115422386,15.079576042864492,14.50094130763969,14.78149127960205,798560
2017-02-23,EGX:ESRS,14.781491006794749,14.86039589397911,13.606686766727258,14.281761169433594,1235941
2017-02-26,EGX:ESRS,14.281762186586189,14.50970779667571,14.14148552099366,14.334364891052246,334237
2017-02-27,EGX:ESRS,14.334363557289244,14.413268442751415,13.597919074448756,13.974907875061035,1159478
2017-02-28,EGX:ESRS,13.974908763707512,14.202856875396918,13.589152543268618,13.922306060791016,946847
2017-03-01,EGX:ESRS,13.922306052970654,14.509707361100979,13.983676151707057,14.176554679870605,1489821
2017-03-02,EGX:ESRS,14.176553849612974,15.34259067394436,14.597378792482269,15.018203735351562,2744936
2017-03-05,EGX:ESRS,15.018204041336283,15.84232082540334,15.289988285660236,15.579305648803711,2493886
2017-03-06,EGX:ESRS,15.579306094328741,16.552463613344745,15.37766100835522,15.87739086151123,2650896
2017-03-07,EGX:ESRS,15.877390509725187,16.903152380606016,14.299294423334056,15.912458419799805,6696412
2017-03-08,EGX:ESRS,15.912457860161027,16.75410941107748,15.254918265342722,16.157939910888672,3538274
2017-03-09,EGX:ESRS,16.15794184779443,17.420418489401516,16.49109454666623,16.999591827392578,4482434
2017-03-12,EGX:ESRS,16.999590388481298,17.23630505228553,16.657670322237227,16.929452896118164,868238
2017-03-13,EGX:ESRS,16.92945184696682,17.060959427971703,16.587531801912203,16.736574172973633,666226
2017-03-14,EGX:ESRS,16.73657624586452,17.700968079693414,16.613836044686053,17.043428421020508,2539342
2017-03-15,EGX:ESRS,17.04342766929354,17.22753796294077,16.666438014061885,16.982057571411133,1255441
2017-03-16,EGX:ESRS,16.982057027850296,17.885077020147207,17.0872624287928,17.586992263793945,3355891
2017-03-19,EGX:ESRS,17.58699308368863,18.411109899803325,17.823707755159305,18.13055992126465,926778
2017-03-20,EGX:ESRS,18.130560329717902,18.54261791095338,17.551925567893697,18.00782012939453,2213273
2017-03-21,EGX:ESRS,18.007819547310046,18.148094535205313,17.58699291141448,17.823707580566406,1145090
2017-03-22,EGX:ESRS,17.823707619337075,17.858777202492057,16.929453315402206,17.595760345458984,1556683
2017-03-23,EGX:ESRS,17.595759629727464,17.97274927226013,17.648362330110487,17.814939498901367,698426
2017-03-26,EGX:ESRS,17.814940676036016,18.28837002739448,17.76233797217723,18.034120559692383,878663
2017-03-27,EGX:ESRS,18.034120034385158,17.972749936302563,17.38534779832526,17.54315757751465,1206732
2017-03-28,EGX:ESRS,17.54315757751465,17.54315757751465,17.54315757751465,17.54315757751465,0
2017-03-29,EGX:ESRS,17.420417015343375,17.534389813357922,17.33274473183464,17.437950134277344,692599
2017-03-30,EGX:ESRS,17.437951392690174,17.850010653254635,17.411650876286377,17.630830764770508,590517
2017-04-02,EGX:ESRS,17.630829325195826,17.920146687483435,17.446717364352963,17.560691833496094,997499
2017-04-03,EGX:ESRS,17.560692755529836,17.622062854963158,17.44671828040241,17.49932098388672,457722
2017-04-04,EGX:ESRS,17.49931964348155,18.200696215791,17.534389224591372,17.911378860473633,1718238
2017-04-05,EGX:ESRS,17.911380754476617,17.999053044312237,17.3590464990591,17.630830764770508,793367
2017-04-06,EGX:ESRS,17.630828978655252,17.49055399801295,17.13109915109083,17.227537155151367,952877
2017-04-09,EGX:ESRS,17.22753781006486,17.27137478831311,16.578765581878372,16.95575523376465,1102458
2017-04-10,EGX:ESRS,16.9557559194255,17.22753850671612,16.833015719786474,16.964523315429688,221438
2017-04-11,EGX:ESRS,16.964521917079782,17.30644197201035,17.008357221277667,17.17493438720703,521422
2017-04-12,EGX:ESRS,17.17493495596086,17.534389813357922,17.13986537367348,17.437950134277344,702512
2017-04-13,EGX:ESRS,17.437950926225128,17.955215582987634,17.534390609685534,17.70096778869629,1277713
2017-04-18,EGX:ESRS,17.7009657117872,18.13932542559524,17.595758644701046,17.902610778808594,917852
2017-04-19,EGX:ESRS,17.90261248167095,17.622062505701965,16.92068589356974,17.315210342407227,361064
2017-04-20,EGX:ESRS,17.315209874237144,17.622062029235188,17.104797397949554,17.385347366333008,525727
2017-04-23,EGX:ESRS,17.385348687375714,17.534391078430772,16.675206316918025,16.920686721801758,748838
2017-04-24,EGX:ESRS,16.92068593161502,17.271375074574518,16.929453327409984,17.087263107299805,437259
2017-04-26,EGX:ESRS,17.087263386183675,17.402882951114595,17.096030782121733,17.21877098083496,641533
2017-04-27,EGX:ESRS,17.218769940039763,17.27137431248842,16.833014575341096,17.02589225769043,623464
2017-04-30,EGX:ESRS,17.02589401633372,17.096031514633562,16.83301631406161,16.999591827392578,207899
2017-05-02,EGX:ESRS,16.999590756310223,17.183702722878255,16.920685866668173,17.03466033935547,660706
2017-05-03,EGX:ESRS,17.03465972063013,17.113564607406232,16.920685252082563,17.078495025634766,638237
2017-05-04,EGX:ESRS,17.078496074986624,17.332745541822476,17.02589337130706,17.19247055053711,408476
2017-05-07,EGX:ESRS,17.192469614738574,17.534389678359478,17.034659840079787,17.332744598388672,706729
2017-05-08,EGX:ESRS,17.332745308448636,17.972750156597115,17.288908329131072,17.62206268310547,2446311
2017-05-09,EGX:ESRS,17.622063443386764,18.227000406390196,17.613296047144996,17.9639835357666,2574332
2017-05-10,EGX:ESRS,17.96398080023194,18.235763353500715,17.53438848306207,17.850008010864258,1448931
2017-05-11,EGX:ESRS,17.850009550722024,17.972749745584757,17.57822530179778,17.744802474975586,1425676
2017-05-14,EGX:ESRS,17.744803096336582,17.823707987856952,17.639597689115956,17.70096778869629,142026
2017-05-15,EGX:ESRS,17.70096701836189,17.88507730909053,17.613294734686946,17.7185001373291,440355
2017-05-16,EGX:ESRS,17.718501138899793,18.227000078516376,17.84124301186682,18.060422897338867,1100016
2017-05-17,EGX:ESRS,18.06042057965793,18.665357454148417,18.148092857037792,18.411108016967773,1358430
2017-05-18,EGX:ESRS,18.41110942365272,18.639056693372638,17.867542600134502,18.20069694519043,794057
2017-05-21,EGX:ESRS,18.20069694519043,18.41110942365272,17.823707294200172,18.20069694519043,507803
2017-05-22,EGX:ESRS,18.200698056379903,17.534390997798383,16.385888855661342,16.587533950805664,7587499
2017-05-23,EGX:ESRS,16.587533648298614,17.131100495089655,16.48232656845816,16.964523315429688,1952180
2017-05-24,EGX:ESRS,16.964522191204036,17.22753736506066,16.569997758209414,16.797945022583008,1507188
2017-05-25,EGX:ESRS,16.797946728806753,17.139866823992268,16.771644539865612,16.999591827392578,2531330
2017-05-28,EGX:ESRS,16.999590388481298,17.09603006755926,16.68397250895205,16.929452896118164,1048024
2017-05-29,EGX:ESRS,16.92945379521155,17.21877117560084,16.83301578322166,17.017126083374023,768343
2017-05-30,EGX:ESRS,17.017126193672393,17.087263690215014,16.710274019219757,16.841781616210938,513078
2017-05-31,EGX:ESRS,16.841781272317778,16.850548668232815,16.482326400850358,16.657670974731445,1421053
2017-06-01,EGX:ESRS,16.657670505522365,17.025892762532827,16.49109333224841,16.727807998657227,991589
2017-06-04,EGX:ESRS,16.727808620137157,16.82424830385922,16.552464044680644,16.68397331237793,617271
2017-06-05,EGX:ESRS,16.683973270500147,16.81548086565754,16.306983604761765,16.48232650756836,683677
2017-06-06,EGX:ESRS,16.482327130595223,16.701507021545744,16.32451901376713,16.438491821289062,717196
2017-06-07,EGX:ESRS,17.920146435149064,18.07795620730376,16.82424709764109,17.709733963012695,4198207
2017-06-08,EGX:ESRS,17.70973565840158,17.858778049459183,17.490555769917453,17.630830764770508,1067423
2017-06-11,EGX:ESRS,17.630830185771913,17.630830185771913,17.411650304485676,17.446718215942383,280560
2017-06-12,EGX:ESRS,17.446716166929242,17.534388443589105,17.22753631138438,17.341510772705078,276798
2017-06-13,EGX:ESRS,17.34151163699283,17.91137895536931,17.437949641136445,17.736034393310547,1405534
2017-06-14,EGX:ESRS,17.736035044278406,18.139326882931773,17.736035044278406,17.972749710083008,1045580
2017-06-15,EGX:ESRS,17.97275099455937,18.23576619388849,17.727268915564963,18.016586303710938,1544565
2017-06-18,EGX:ESRS,18.016585575830756,18.376040447422977,17.920147565151485,18.23576545715332,414074
2017-06-19,EGX:ESRS,18.23576577366778,18.77056522848437,18.32343806216047,18.568920135498047,2555589
2017-06-20,EGX:ESRS,18.568919412349356,18.893304693266685,18.595219927326042,18.78809928894043,411091
2017-06-21,EGX:ESRS,18.788099824916834,18.93714221213895,18.428644950829923,18.770565032958984,392149
2017-06-22,EGX:ESRS,18.770565620332295,18.840703118148653,18.367275425940704,18.525083541870117,364847
2017-06-27,EGX:ESRS,18.525083541870117,18.525083541870117,18.525083541870117,18.525083541870117,0
2017-06-28,EGX:ESRS,18.525082508913265,18.41110970839549,17.192470124708816,18.332204818725586,259991
2017-06-29,EGX:ESRS,18.332204818725586,18.332204818725586,18.332204818725586,18.332204818725586,0
2017-07-02,EGX:ESRS,18.33220457050789,18.191929584596217,17.81493993287994,17.972749710083008,306859
2017-07-03,EGX:ESRS,17.972750545182244,18.235765737935132,17.972750545182244,18.00782012939453,1018964
2017-07-04,EGX:ESRS,18.007818536315977,18.200696215791,17.736034299343853,17.911378860473633,314710
2017-07-05,EGX:ESRS,17.911380681823005,18.06042307227605,17.850010580849958,17.937681198120117,503213
2017-07-06,EGX:ESRS,17.937680370376064,18.428644499924307,17.99028474496251,18.332204818725586,522784
2017-07-09,EGX:ESRS,18.332204818725586,18.332204818725586,18.332204818725586,18.332204818725586,0
2017-07-10,EGX:ESRS,18.332204818725586,18.332204818725586,18.332204818725586,18.332204818725586,0
2017-07-11,EGX:ESRS,18.332204818725586,18.332204818725586,18.332204818725586,18.332204818725586,0
2017-07-12,EGX:ESRS,18.332204818725586,18.332204818725586,18.332204818725586,18.332204818725586,0
2017-07-13,EGX:ESRS,18.332204818725586,18.332204818725586,18.332204818725586,18.332204818725586,0
2017-07-16,EGX:ESRS,18.332204818725586,18.332204818725586,18.332204818725586,18.332204818725586,0
2017-07-17,EGX:ESRS,18.332204818725586,18.332204818725586,18.332204818725586,18.332204818725586,0
2017-07-18,EGX:ESRS,18.332205508003863,18.14809520665817,16.4998615295919,16.841781616210938,5297267
2017-07-19,EGX:ESRS,16.841780999166737,16.569998419047806,15.728348491372504,16.01766586303711,3146336
2017-07-20,EGX:ESRS,16.017664841792094,16.00013005136439,15.351357855426281,15.596839904785156,3943034
2017-07-24,EGX:ESRS,15.596841449673954,15.772184354689976,15.30752239558837,15.491634368896484,2560267
2017-07-25,EGX:ESRS,15.491633275756696,15.47409848482946,14.860395852263498,15.097108840942383,4287152
2017-07-26,EGX:ESRS,15.09710915793121,15.430263503705024,15.035739060607018,15.28998851776123,1767225
2017-07-27,EGX:ESRS,15.289987585289046,15.342590283757517,14.965600654945934,15.062040328979492,1024058
2017-07-30,EGX:ESRS,15.06204126725524,15.132178760318896,14.781491295000619,14.92176628112793,1245825
2017-07-31,EGX:ESRS,14.921767178727968,15.202317167858721,14.869162801608573,15.009439468383789,562515
2017-08-01,EGX:ESRS,15.009439104625711,15.105877115921055,14.85162932151177,14.904232025146484,1534561
2017-08-02,EGX:ESRS,14.904231120097846,15.114643594069356,14.64121594568588,14.816558837890625,1262814
2017-08-03,EGX:ESRS,14.816558808593872,15.25491854655351,14.816558808593872,15.044506072998047,1708628
2017-08-06,EGX:ESRS,15.044506456254721,15.430263503705024,15.167246650903108,15.28998851776123,546315
2017-08-07,EGX:ESRS,15.289988915445607,15.456564420455317,15.298756311321347,15.38642692565918,1501910
2017-08-08,EGX:ESRS,15.38642722467541,15.605607109199049,15.307522332470116,15.439031600952148,341155
2017-08-09,EGX:ESRS,15.439030814240555,15.421496023041811,15.25491885107321,15.316288948059082,294443
2017-08-10,EGX:ESRS,15.31628924872318,15.517936007047663,15.167246865027566,15.36889362335205,361973
2017-08-13,EGX:ESRS,15.368893728397481,15.403961639513323,15.053274167306059,15.193549156188965,246149
2017-08-14,EGX:ESRS,15.193548939746949,15.29875601601527,15.03573916144934,15.114644050598145,246900
2017-08-15,EGX:ESRS,15.114644050598145,15.114644050598145,15.114644050598145,15.114644050598145,0
2017-08-16,EGX:ESRS,15.000671708651627,15.114644511895142,14.816559737615428,14.904232025146484,348074
2017-08-17,EGX:ESRS,14.9042316918733,14.991903977443918,14.685051814051633,14.860396385192871,376052
2017-08-20,EGX:ESRS,14.860396066940606,14.948066678423897,14.46587162642689,14.667516708374023,412228
2017-08-21,EGX:ESRS,14.667516792788636,14.728886890064027,14.571078785160047,14.641216278076172,96524
2017-08-22,EGX:ESRS,14.64121661103898,14.772724204221172,14.632449215198863,14.685051918029785,136982
2017-08-23,EGX:ESRS,14.685051143958868,14.728886448639049,14.465871276138586,14.483406066894531,432214
2017-08-24,EGX:ESRS,14.483406653921689,14.632449036968707,14.255459381484501,14.378199577331543,201980
2017-08-27,EGX:ESRS,14.378200049365208,14.422037029470994,14.246692453467471,14.308062553405762,392962
2017-08-28,EGX:ESRS,14.308061867341488,14.465871643735797,14.17655427774947,14.299294471740723,548709
2017-08-29,EGX:ESRS,14.299294701939003,14.720121336501782,14.299294701939003,14.518474578857422,740437
2017-08-30,EGX:ESRS,14.51847462537653,14.851628975797462,14.483406714506293,14.720121383666992,680088
2017-09-03,EGX:ESRS,14.720121383666992,14.720121383666992,14.720121383666992,14.720121383666992,0
2017-09-04,EGX:ESRS,14.720121383666992,14.720121383666992,14.720121383666992,14.720121383666992,0
2017-09-05,EGX:ESRS,14.720121474398438,15.342591528017307,14.553544298161228,15.053274154663086,1086210
2017-09-06,EGX:ESRS,15.053274846415833,15.421497126897792,15.035740053961966,15.202317237854004,264892
2017-09-07,EGX:ESRS,15.202316766349501,15.38642706477532,15.167247182529463,15.272454261779785,479208
2017-09-10,EGX:ESRS,15.27245310919674,15.517935160781562,15.202315619059599,15.333823204040527,648037
2017-09-11,EGX:ESRS,15.333824425715989,15.482866813158113,15.16724724629013,15.325057029724121,618335
2017-09-12,EGX:ESRS,15.325056683282378,15.333824079076047,15.0269719151367,15.140946388244629,732094
2017-09-13,EGX:ESRS,15.140945920198956,15.342591000590673,15.097108942585725,15.21108341217041,374824
2017-09-14,EGX:ESRS,15.21108417283029,15.48286675878448,15.254919480425878,15.412729263305664,478109
2017-09-17,EGX:ESRS,15.412728492562128,15.342591000590673,15.08834154706308,15.21108341217041,242235
2017-09-18,EGX:ESRS,15.211083192936453,15.316288593272477,14.98313592926215,15.13217830657959,718329
2017-09-19,EGX:ESRS,15.13217830657959,15.13217830657959,15.13217830657959,15.13217830657959,0
2017-09-20,EGX:ESRS,15.649443374366076,16.131638429401413,15.605606396138485,15.79848575592041,1100033
2017-09-24,EGX:ESRS,15.798486915472903,15.877391809864166,15.605607541534324,15.737116813659668,252209
2017-09-25,EGX:ESRS,15.737115873685324,16.035200640867814,15.737115873685324,15.87739086151123,455191
2017-09-26,EGX:ESRS,15.87739026182735,16.263145627673858,15.79848537512927,16.061500549316406,1813371
2017-09-27,EGX:ESRS,16.061501557042163,16.131639052706593,15.868623862017438,15.97382926940918,351913
2017-09-28,EGX:ESRS,15.97382901399576,16.263146388011712,15.92122631114098,16.12287139892578,1134554
2017-10-01,EGX:ESRS,16.12287139892578,16.12287139892578,16.12287139892578,16.12287139892578,0
2017-10-02,EGX:ESRS,16.12287139892578,16.12287139892578,16.12287139892578,16.12287139892578,0
2017-10-03,EGX:ESRS,16.12287139892578,16.12287139892578,16.12287139892578,16.12287139892578,0
2017-10-04,EGX:ESRS,16.12287139892578,16.12287139892578,16.12287139892578,16.12287139892578,0
2017-10-05,EGX:ESRS,16.12287139892578,16.12287139892578,16.12287139892578,16.12287139892578,0
2017-10-08,EGX:ESRS,16.12287139892578,16.12287139892578,16.12287139892578,16.12287139892578,0
2017-10-09,EGX:ESRS,16.12287139892578,16.12287139892578,16.12287139892578,16.12287139892578,0
2017-10-10,EGX:ESRS,16.12287221711711,16.043967322725848,14.948067869747037,15.737116813659668,3536906
2017-10-11,EGX:ESRS,15.737116702228,15.51793681318421,14.94806776390248,15.202317237854004,1107590
2017-10-12,EGX:ESRS,15.202316335453453,15.325056530925039,15.000671250833065,15.114644050598145,539509
2017-10-15,EGX:ESRS,15.114644359788732,15.298756328972118,14.755189489517598,14.8779296875,1826711
2017-10-16,EGX:ESRS,14.877929860859437,14.904232048823477,14.027512516539744,14.395734786987305,1865610
2017-10-17,EGX:ESRS,14.395733937473414,14.904231169302403,14.16778667186598,14.728886604309082,1286604
2017-10-18,EGX:ESRS,14.728886138895728,15.009437768461922,14.553543251652712,14.799023628234863,501502
2017-10-19,EGX:ESRS,14.799023736464733,14.904230807347673,14.246691212905864,14.54477596282959,570443
2017-10-22,EGX:ESRS,14.544776481165757,14.623681369087501,14.316829212970685,14.386966705322266,226728
2017-10-23,EGX:ESRS,14.386966689463229,14.886696530943604,14.37819929390273,14.755188941955566,340066
2017-10-24,EGX:ESRS,14.755189477731824,14.948067170437222,14.509707409753316,14.737654685974121,506154
2017-10-25,EGX:ESRS,14.737653795479915,14.799023890713928,14.404501133262555,14.571078300476074,1131872
2017-10-26,EGX:ESRS,14.571079116527825,14.8691622140429,14.492174226176553,14.685051918029785,834952
2017-10-29,EGX:ESRS,14.685051514791889,15.579305799411042,14.728886820579017,15.316288948059082,3080296
2017-10-30,EGX:ESRS,15.316289430863044,15.517936191585493,15.263686727818389,15.38642692565918,990628
2017-10-31,EGX:ESRS,15.386426913615775,15.570538882442634,14.991904132774984,15.2461519241333,789165
2017-11-01,EGX:ESRS,15.24615121940449,15.254918614868108,14.991903439798367,15.097108840942383,247261
2017-11-02,EGX:ESRS,15.097109296335391,15.298756053661732,14.685051730374136,14.886696815490723,2137781
2017-11-05,EGX:ESRS,14.886696261149385,15.026971243155694,14.597378901735164,14.763956069946289,400012
2017-11-06,EGX:ESRS,14.76395650368227,15.219851044700901,14.623681517554958,14.92176628112793,1265207
2017-11-07,EGX:ESRS,14.921765910981229,14.991903402305066,14.614913759360805,14.816558837890625,319371
2017-11-08,EGX:ESRS,14.81655970537805,15.684511838406472,14.64121680290724,15.272454261779785,3203785
2017-11-09,EGX:ESRS,15.272454178091067,15.95629600894641,15.474099267321947,15.728348731994629,2642940
2017-11-12,EGX:ESRS,15.728348477919985,16.19300874801464,15.561771302798062,15.87739086151123,2086803
2017-11-13,EGX:ESRS,15.877390732415101,15.649443460998961,15.263686411509358,15.482866287231445,416641
2017-11-14,EGX:ESRS,15.482866287231445,15.482866287231445,15.482866287231445,15.482866287231445,0
2017-11-15,EGX:ESRS,15.412729088934357,15.59684105761443,14.860396527313695,15.105876922607422,1743155
2017-11-16,EGX:ESRS,15.105876625072575,15.097109229383376,14.553544074331,14.834094047546387,849663
2017-11-19,EGX:ESRS,14.834094069351991,14.877929375652677,14.036279454769321,14.465871810913086,1708584
2017-11-20,EGX:ESRS,14.465871694025317,14.588611888443266,14.299294521451149,14.500941276550293,702089
2017-11-21,EGX:ESRS,14.500940925372884,14.79025828535844,14.290526779738213,14.536008834838867,388038
2017-11-22,EGX:ESRS,14.536009573492528,14.632449255791569,14.272994386398498,14.457104682922363,1906341
2017-11-23,EGX:ESRS,14.457104471827256,15.570538647206437,14.614914250663329,15.026971817016602,4203544
2017-11-26,EGX:ESRS,15.02697201631391,15.851088832160173,15.254919291854783,15.614374160766602,2658979
2017-11-27,EGX:ESRS,15.614374160766602,15.614374160766602,15.614374160766602,15.614374160766602,0
2017-11-28,EGX:ESRS,16.45602527284664,17.5782251528477,16.71904045166946,17.210002899169922,1464216
2017-11-29,EGX:ESRS,17.210002697455135,17.446717358947023,16.745342442167026,17.052194595336914,1963020
2017-11-30,EGX:ESRS,17.052194595336914,17.052194595336914,17.052194595336914,17.052194595336914,0
2017-12-03,EGX:ESRS,17.0521949396948,18.007819328236817,17.078495454474105,17.744802474975586,1814237
2017-12-04,EGX:ESRS,17.744800904247025,17.963980759791887,17.157398824498404,17.341510772705078,689617
2017-12-05,EGX:ESRS,17.341511909972393,17.57822489860534,17.096029853667822,17.359045028686523,342339
2017-12-06,EGX:ESRS,17.359046289428594,18.016585946940435,17.04342839092559,17.551925659179688,3150954
2017-12-07,EGX:ESRS,17.55192482863661,17.41164984211524,16.780410730559318,17.008358001708984,651539
2017-12-10,EGX:ESRS,17.008358086383733,17.32397764373298,16.745342903399198,16.982057571411133,559546
2017-12-11,EGX:ESRS,16.982057571411133,16.982057571411133,16.982057571411133,16.982057571411133,0
2017-12-12,EGX:ESRS,17.174934740615374,17.66589718101481,17.008357571258355,17.359045028686523,683334
2017-12-13,EGX:ESRS,17.359044837242397,17.91137903978384,17.253839437279055,17.709733963012695,1316045
2017-12-14,EGX:ESRS,17.70973434716178,18.314669590597106,17.104797431516733,17.665897369384766,2390402
2017-12-17,EGX:ESRS,17.665897210141534,18.411109103536127,17.841241775249568,18.297136306762695,1001247
2017-12-18,EGX:ESRS,18.29713737875996,18.411110182210855,18.060422703658325,18.262067794799805,332989
2017-12-19,EGX:ESRS,18.262068865084853,18.367275950921385,17.39411667772059,17.946449279785156,888905
2017-12-20,EGX:ESRS,17.94644829742422,17.79740590943659,17.122333137690095,17.525623321533203,242531
2017-12-21,EGX:ESRS,17.525622383473568,17.53438977902825,16.999590355660775,17.157400131225586,619681
2017-12-24,EGX:ESRS,17.15740075209623,17.359045840521603,17.00835836669274,17.11356544494629,280395
2017-12-25,EGX:ESRS,17.113564140954598,17.446716797654545,17.052194046736947,17.148632049560547,223537
2017-12-26,EGX:ESRS,17.14863207073326,17.89384394188834,17.05219406779059,17.657129287719727,1086795
2017-12-27,EGX:ESRS,17.65712975515885,17.885077020147207,17.36781239425241,17.586992263793945,99764
2017-12-28,EGX:ESRS,17.58699280998018,18.279602021901937,17.622062392856613,17.999052047729492,885318
2017-12-31,EGX:ESRS,17.999052011231587,18.36727426963869,18.016585130424502,18.226999282836914,553807
2018-01-01,EGX:ESRS,18.226999282836914,18.226999282836914,18.226999282836914,18.226999282836914,0
2018-01-02,EGX:ESRS,18.226999282836914,18.226999282836914,18.226999282836914,18.226999282836914,0
2018-01-03,EGX:ESRS,18.29713742340591,18.411110227134905,17.920147755963388,18.034120559692383,32998
2018-01-04,EGX:ESRS,18.034120034385158,18.034120034385158,17.183702712565378,17.54315757751465,182655
2018-01-07,EGX:ESRS,17.54315757751465,17.54315757751465,17.54315757751465,17.54315757751465,0
2018-01-08,EGX:ESRS,17.543157833607083,17.534390437723047,17.131100260316114,17.394115447998047,370275
2018-01-09,EGX:ESRS,17.394114390448816,17.639596443647335,17.096029637354075,17.280139923095703,677014
2018-01-10,EGX:ESRS,17.28014097371537,17.52562304183901,17.201237755178614,17.394115447998047,311624
2018-01-11,EGX:ESRS,17.394115353115946,19.130019595651103,17.359045769771104,18.35850715637207,2383468
2018-01-14,EGX:ESRS,18.35850595386128,19.813860123148817,18.674123822242535,18.875770568847656,836844
2018-01-15,EGX:ESRS,18.875771237449488,19.287828796097898,18.65659136476656,18.963441848754883,348145
2018-01-16,EGX:ESRS,18.963442120305903,18.937141605421555,18.603987257735383,18.735496520996094,197157
2018-01-17,EGX:ESRS,18.73549791754744,19.989205496042224,18.805635416150018,19.594682693481445,1656185
2018-01-18,EGX:ESRS,19.59468227861513,21.260449089315404,19.94536976420311,20.787019729614258,2794617
2018-01-21,EGX:ESRS,20.787019729614258,20.787019729614258,20.787019729614258,20.787019729614258,0
2018-01-22,EGX:ESRS,20.813321251795717,20.997433220966403,20.427564193893627,20.69934844970703,340980
2018-01-23,EGX:ESRS,20.699347483718466,21.74264246222843,20.629209992119396,21.067569732666016,931433
2018-01-24,EGX:ESRS,21.067571764463352,21.47962935832131,20.033042409447766,21.17277717590332,885937
2018-01-25,EGX:ESRS,21.17277717590332,21.17277717590332,21.17277717590332,21.17277717590332,0
2018-01-28,EGX:ESRS,21.172775386190477,21.041267796901785,19.989203738172808,20.410030364990234,544925
2018-01-29,EGX:ESRS,20.41003056854438,20.585373465274795,19.787558853795584,20.059341430664062,1370232
2018-01-30,EGX:ESRS,20.059342221305922,20.602909068677384,19.910299833495184,20.322359085083008,998683
2018-01-31,EGX:ESRS,20.32235815116367,20.138246187759645,19.156321290303936,19.44563865661621,618011
2018-02-01,EGX:ESRS,19.445638340250145,19.787558402453755,19.200156283775165,19.542078018188477,786823
2018-02-04,EGX:ESRS,19.542079613331776,19.375502430262078,18.980977963046964,19.208925247192383,770562
2018-02-05,EGX:ESRS,19.208924279443856,19.594681331040817,18.805634108572747,19.068649291992188,295958
2018-02-06,EGX:ESRS,19.068648941076212,19.287828813962143,17.551924622035884,18.884538650512695,1083121
2018-02-07,EGX:ESRS,18.884538843661318,19.72618876149092,19.287829011235566,19.550844192504883,490911
2018-02-08,EGX:ESRS,19.55084496369448,19.77002484746778,19.20015748409916,19.53331184387207,545315
2018-02-11,EGX:ESRS,19.55084330051298,19.699885675688247,19.16508794187907,19.384267807006836,232531
2018-02-12,EGX:ESRS,19.384268444201133,20.637977581497086,19.279061369709215,20.208383560180664,1734149
2018-02-13,EGX:ESRS,20.20838328991739,21.4796272013289,20.20838328991739,21.093870162963867,2264318
2018-02-14,EGX:ESRS,21.093870933644375,21.391955700697693,20.62044326798954,21.076337814331055,259875
2018-02-15,EGX:ESRS,21.076336382349435,21.917986251756243,21.014964616188415,21.593599319458008,804076
2018-02-18,EGX:ESRS,21.5936013960296,22.137168243118083,21.654973168092503,21.900453567504883,582571
2018-02-19,EGX:ESRS,21.900451879956055,22.259906727577494,21.60236712745881,21.97935676574707,754255
2018-02-20,EGX:ESRS,21.97935676574707,21.97935676574707,21.97935676574707,21.97935676574707,0
2018-02-21,EGX:ESRS,21.435791100723556,21.427023705607752,20.173314631611234,20.524002075195312,933266
2018-02-22,EGX:ESRS,20.524003807966867,20.725648896025714,20.03304134549887,20.217151641845703,376942
2018-02-25,EGX:ESRS,20.217151134821133,21.304283110555335,20.559072875791298,21.023733139038086,1251461
2018-02-26,EGX:ESRS,21.023734496544332,21.374421983584842,20.42756493247054,20.760719299316406,198920
2018-02-27,EGX:ESRS,20.76071672669318,20.82208682029419,20.164547236495427,20.524002075195312,1475142
2018-02-28,EGX:ESRS,20.524004196148102,20.944829171937098,20.339893896319094,20.602909088134766,1018165
2018-03-01,EGX:ESRS,21.470860683715056,21.917987836239515,20.602908566065143,21.40949058532715,2347544
2018-03-04,EGX:ESRS,21.40949066513588,21.27798307207017,20.734416235932866,20.953596115112305,285692
2018-03-05,EGX:ESRS,20.953596372154447,21.24291374933203,20.690581182796567,20.804553985595703,189466
2018-03-06,EGX:ESRS,20.804552207107854,21.391954307188552,20.637976715118892,21.058801651000977,1531676
2018-03-07,EGX:ESRS,21.058802865634064,21.83031529258398,20.953595789490567,21.55853271484375,1795288
2018-03-08,EGX:ESRS,21.55853271484375,21.55853271484375,21.55853271484375,21.55853271484375,0
2018-03-11,EGX:ESRS,21.979357770973966,22.1634697369766,21.56730020471627,21.891685485839844,529709
2018-03-12,EGX:ESRS,21.891686609590955,22.663200751723146,21.93552359051315,22.33881378173828,2648567
2018-03-13,EGX:ESRS,22.338811682471277,22.417716568506375,21.68127208031856,22.031959533691406,5396744
2018-03-14,EGX:ESRS,22.031959546120675,22.733336125471727,22.10209703683481,22.540456771850586,2808189
2018-03-15,EGX:ESRS,22.540457324592715,22.619362212607253,22.137167161149275,22.444019317626953,1946328
2018-03-18,EGX:ESRS,22.44402024030311,24.591982079530354,22.531692527502337,23.601289749145508,6128823
2018-03-19,EGX:ESRS,23.601289251535466,24.109786499918073,22.81224202779828,23.39087677001953,620852
2018-03-20,EGX:ESRS,23.390876301550698,23.574986592111145,22.750871474064766,22.952516555786133,1185821
2018-03-21,EGX:ESRS,22.95251680835795,23.408411350300142,22.444019564563888,22.80347442626953,1568781
2018-03-22,EGX:ESRS,22.803475537556082,23.574988000417516,22.356348369500886,22.97005271911621,3243794
2018-03-25,EGX:ESRS,22.97005123055736,23.58375386819227,22.35634692071273,23.206764221191406,2035183
2018-03-26,EGX:ESRS,23.206765163190937,23.583754825494413,22.7070353028202,23.066490173339844,1513251
2018-03-27,EGX:ESRS,23.06649058170998,23.347040566379036,22.707035704826534,22.943750381469727,1364091
2018-03-28,EGX:ESRS,22.908679492046872,23.057721871936764,22.242374152525883,22.470319747924805,1480896
2018-03-29,EGX:ESRS,22.44401868675047,23.96074296313475,22.181001843358548,23.22429847717285,3111971
2018-04-01,EGX:ESRS,23.224298424313734,23.97827769922762,23.08402344370785,23.680192947387695,5669488
2018-04-02,EGX:ESRS,24.63581851917497,25.249521171696554,24.039648985941035,24.40787124633789,5943946
2018-04-03,EGX:ESRS,24.407869982905016,24.898832413950384,23.496080938753952,24.13608741760254,3925066
2018-04-04,EGX:ESRS,24.136088457969276,24.723490590368105,23.233066770189062,23.82046890258789,2379566
2018-04-05,EGX:ESRS,23.820468749661146,24.548145863733424,23.80293395842814,24.302663803100586,1505149
2018-04-08,EGX:ESRS,24.302663803100586,24.302663803100586,24.302663803100586,24.302663803100586,0
2018-04-09,EGX:ESRS,24.302663803100586,24.302663803100586,24.302663803100586,24.302663803100586,0
2018-04-10,EGX:ESRS,24.302663849659826,25.424865407575926,24.372801342516475,25.012807846069336,2741481
2018-04-11,EGX:ESRS,25.012806981230792,25.687879699556177,24.10978532874066,25.205684661865234,3233141
2018-04-12,EGX:ESRS,25.20568541454059,25.77555275034043,24.109786048691,25.26705551147461,2584352
2018-04-15,EGX:ESRS,25.267056157837764,25.845690904031777,25.08294586232593,25.50377082824707,1499792
2018-04-16,EGX:ESRS,25.50377127906948,25.64404627018946,24.916369126675892,25.15308380126953,817795
2018-04-17,EGX:ESRS,25.15308295353051,26.818849671095965,25.08294546033438,26.135007858276367,3362914
2018-04-18,EGX:ESRS,26.135007757023576,26.89775445575999,25.61774311962744,26.310352325439453,2780565
2018-04-19,EGX:ESRS,26.310352073620283,26.21391239469361,25.46870049437323,25.950897216796875,1328653
2018-04-22,EGX:ESRS,25.950896846543056,26.126239738569275,25.68788000018919,25.84568977355957,413282
2018-04-23,EGX:ESRS,25.845691316054644,26.52076575477938,25.608976641871717,26.17007827758789,500254
2018-04-24,EGX:ESRS,26.170077339590645,26.994194135609696,25.863225180967724,26.310352325439453,1605053
2018-04-25,EGX:ESRS,26.310352325439453,26.310352325439453,26.310352325439453,26.310352325439453,0
2018-04-26,EGX:ESRS,26.310351956217215,26.301584560698483,26.038569383975386,26.20514488220215,817347
2018-04-29,EGX:ESRS,26.205146448338773,26.301586132598775,25.871993759764838,26.02103614807129,308071
2018-04-30,EGX:ESRS,26.021034709049985,26.21391239469361,25.68788036669042,25.950897216796875,346581
2018-05-01,EGX:ESRS,25.950897216796875,25.950897216796875,25.950897216796875,25.950897216796875,0
2018-05-02,EGX:ESRS,25.950898864136953,26.30158634766384,25.68788199733442,26.09994125366211,726223
2018-05-03,EGX:ESRS,26.09994089012238,26.301585981315444,25.9508985026732,25.994733810424805,259543
2018-05-06,EGX:ESRS,25.99473370288725,26.301585872508475,25.950898395316987,26.17007827758789,407528
2018-05-07,EGX:ESRS,26.170078600511967,26.213913908623134,25.994734023647673,26.073638916015625,357230
2018-05-08,EGX:ESRS,26.073636979663206,26.915288545013027,25.95089678829936,26.301584243774414,981067
2018-05-09,EGX:ESRS,26.301586099055733,26.301586099055733,24.109787257467755,25.03034210205078,1580176
2018-05-10,EGX:ESRS,25.030340780359925,25.153082646110317,24.37280116260396,24.705955505371094,1395113
2018-05-13,EGX:ESRS,24.705955421262463,25.161849956018226,24.39033587070698,24.732255935668945,318278
2018-05-14,EGX:ESRS,24.732256205565832,24.99527305796888,24.109786165410455,24.504310607910156,1030804
2018-05-15,EGX:ESRS,24.504309989333706,24.81116046774332,24.171155652475136,24.548145294189453,173269
2018-05-16,EGX:ESRS,24.54814623389767,24.811161417519813,24.20622616074693,24.40787124633789,502092
2018-05-17,EGX:ESRS,24.407871608332286,24.460474311394915,23.855537373440427,24.083484649658203,619928
2018-05-20,EGX:ESRS,24.08348443405985,24.495543675622702,23.802934457290963,24.004579544067383,321616
2018-05-21,EGX:ESRS,24.004578625423687,24.285130263665764,23.76786563671493,24.065950393676758,256539
2018-05-22,EGX:ESRS,24.0659505596007,24.285130431100853,23.32950605758341,23.943208694458008,185410
2018-05-23,EGX:ESRS,23.94320963610656,24.109786813216612,23.41717758937624,23.802934646606445,36856
2018-05-24,EGX:ESRS,23.80293451616142,23.89060680217098,23.233067165413978,23.697729110717773,225850
2018-05-27,EGX:ESRS,23.697729305090935,24.10978687884291,21.55853320107668,23.85553741455078,180709
2018-05-28,EGX:ESRS,23.855535702477265,24.548144878495453,23.890605283535756,24.16238784790039,345921
2018-05-29,EGX:ESRS,24.162390427239778,24.285132301837546,23.84677252506943,23.890607833862305,121189
2018-05-30,EGX:ESRS,23.890607718232477,23.715263139489956,23.02265556509765,23.35580825805664,374660
2018-05-31,EGX:ESRS,23.355805821283738,23.66265796596354,22.356346174473206,22.63689613342285,898979
2018-06-03,EGX:ESRS,22.63689740217043,23.23306693445723,22.356347427496583,22.829776763916016,24882
2018-06-04,EGX:ESRS,22.63689740217043,23.23306693445723,22.356347427496583,22.829776763916016,24882
2018-06-05,EGX:ESRS,22.365114175533442,22.44401906265158,21.137707235776418,22.084564208984375,188504
2018-06-06,EGX:ESRS,22.08456560984313,23.811702496096903,21.92675582559673,23.452247619628906,1376798
2018-06-07,EGX:ESRS,23.452246244036616,23.34703916997334,22.181002320803085,22.92621421813965,458002
2018-06-10,EGX:ESRS,22.926214610480464,24.54814602133184,23.19799718749791,23.82046890258789,681861
2018-06-11,EGX:ESRS,23.82046792799358,23.934440722657232,23.671425552073618,23.680192947387695,591838
2018-06-12,EGX:ESRS,23.68019366678922,24.29389630753176,23.671426271208787,23.969511032104492,1501631
2018-06-13,EGX:ESRS,23.969510095938045,25.64404412557488,23.969510095938045,24.846229553222656,557799
2018-06-14,EGX:ESRS,24.846231000514635,25.240755448157607,24.171156577752107,24.40787124633789,473434
2018-06-17,EGX:ESRS,24.40787124633789,24.40787124633789,24.40787124633789,24.40787124633789,0
2018-06-18,EGX:ESRS,24.40787124633789,24.40787124633789,24.40787124633789,24.40787124633789,0
2018-06-19,EGX:ESRS,24.407870925049664,25.302125213129223,24.22375896116988,25.012807846069336,336691
2018-06-20,EGX:ESRS,25.012806903415335,26.476928474803234,24.811160155868386,25.8895263671875,955271
2018-06-21,EGX:ESRS,25.889527367893027,26.476929498213565,26.135007757023576,26.310352325439453,1056081
2018-06-24,EGX:ESRS,26.310353333097922,26.47693051225176,26.038570746633088,26.222681045532227,386630
2018-06-25,EGX:ESRS,26.22268042517061,26.86268526650264,25.442400595935933,26.266515731811523,1793176
2018-06-26,EGX:ESRS,26.266515418243284,26.248982299122083,25.477468202658077,25.85445785522461,567297
2018-06-27,EGX:ESRS,25.854456482294335,25.880758667894042,25.52130382574632,25.83692169189453,1271257
2018-06-28,EGX:ESRS,25.836923468568454,26.1262408412215,24.9865061422149,25.731718063354492,1224006
2018-07-01,EGX:ESRS,25.731718063354492,25.731718063354492,25.731718063354492,25.731718063354492,0
2018-07-02,EGX:ESRS,25.73171784711594,25.863225438633144,25.42486568543597,25.652812957763672,120340
2018-07-03,EGX:ESRS,25.65281342874877,26.038570486863506,25.442400944016132,25.58267593383789,120620
2018-07-04,EGX:ESRS,25.58267389768239,25.556371712105562,24.732254958337816,25.32842445373535,48377
2018-07-05,EGX:ESRS,25.32842677275557,24.986506689999555,24.19745944475732,24.41663932800293,604424
2018-07-08,EGX:ESRS,24.416638430659507,24.451706341140916,23.539918929897656,23.82046890258789,464531
2018-07-09,EGX:ESRS,23.820469929247317,24.548147079354063,23.715262848849196,24.013347625732422,362026
2018-07-10,EGX:ESRS,24.01334488370524,25.950895712201863,23.88183730238149,24.8637638092041,1205823
2018-07-11,EGX:ESRS,24.863766530408057,25.039109433960178,24.846231738389903,24.977739334106445,404358
2018-07-12,EGX:ESRS,24.977737926394337,25.153082492274077,24.54814557941966,24.67965316772461,21390
2018-07-15,EGX:ESRS,24.67965363704254,25.29335795708236,24.556913441918475,24.609516143798828,8265
2018-07-16,EGX:ESRS,24.609516143798828,24.609516143798828,24.11855369109282,24.609516143798828,2025
2018-07-17,EGX:ESRS,24.609516077593327,24.881298654155348,23.95197645312378,24.556913375854492,190170
2018-07-18,EGX:ESRS,24.556912840901727,24.635817727895972,24.250060688391855,24.574447631835938,568103
2018-07-19,EGX:ESRS,24.574448552796287,24.548146365409263,24.109786608884097,24.513076782226562,424984
2018-07-22,EGX:ESRS,24.51307585690979,24.460473156331147,23.76786563671493,24.065950393676758,14667
2018-07-23,EGX:ESRS,24.065950393676758,24.065950393676758,24.065950393676758,24.065950393676758,0
2018-07-24,EGX:ESRS,24.065949601325748,24.548144630541817,24.039647415797553,24.311429977416992,30016
2018-07-25,EGX:ESRS,24.31143109869262,24.153621322664335,23.68019366678922,23.969511032104492,50817
2018-07-26,EGX:ESRS,23.96951056496347,24.11855294250664,23.67142580987713,24.039648056030273,223887
2018-07-29,EGX:ESRS,24.039649599601937,24.364036561745657,23.697729517722994,23.9344425201416,19802
2018-07-30,EGX:ESRS,23.93444299317228,24.346502250975085,23.67142779763801,23.86430549621582,57729
2018-07-31,EGX:ESRS,23.86430384385108,24.995272785201752,24.109785902306424,24.732255935668945,136775
2018-08-01,EGX:ESRS,24.732255552282755,24.98650500233559,24.54814526545251,24.776092529296875,658712
2018-08-02,EGX:ESRS,24.77609268057429,24.98650515489774,24.302663359189257,24.80239486694336,459116
2018-08-05,EGX:ESRS,24.802396520570863,24.986506820800262,24.285131859626635,24.5218448638916,7824
2018-08-06,EGX:ESRS,24.521842692701586,24.548144878495453,23.881837888271132,24.16238784790039,145375
2018-08-07,EGX:ESRS,24.162388751441227,24.548145796461487,23.98704585622091,24.25006103515625,38320
2018-08-08,EGX:ESRS,24.25006021201659,24.364034678640305,23.94320806553461,24.13608741760254,378700
2018-08-09,EGX:ESRS,24.136088731758118,24.714723475047933,24.14485612753036,24.460474014282227,389485
2018-08-12,EGX:ESRS,24.460474245353343,24.486776432918532,23.84677158538685,24.030881881713867,58986
2018-08-13,EGX:ESRS,24.030880941868926,24.109785829268763,22.80347399772991,23.66265869140625,274031
2018-08-14,EGX:ESRS,23.662658944282935,23.671426339888804,22.487854688452416,23.00511932373047,437481
2018-08-15,EGX:ESRS,23.00511960598359,23.65389183889007,22.505389755786016,23.136627197265625,433648
2018-08-16,EGX:ESRS,23.13662766826539,24.013347190939605,23.05772277744793,23.066490173339844,226800
2018-08-19,EGX:ESRS,23.066489815884704,23.49608217467262,23.101559398908904,23.39087677001953,22396
2018-08-20,EGX:ESRS,23.39087677001953,23.39087677001953,23.39087677001953,23.39087677001953,0
2018-08-21,EGX:ESRS,23.39087677001953,23.39087677001953,23.39087677001953,23.39087677001953,0
2018-08-22,EGX:ESRS,23.39087677001953,23.39087677001953,23.39087677001953,23.39087677001953,0
2018-08-23,EGX:ESRS,23.39087677001953,23.39087677001953,23.39087677001953,23.39087677001953,0
2018-08-26,EGX:ESRS,23.136627197265625,23.136627197265625,23.136627197265625,23.136627197265625,0
2018-08-27,EGX:ESRS,23.136627197265625,23.136627197265625,23.136627197265625,23.136627197265625,0
2018-08-28,EGX:ESRS,23.136627197265625,23.136627197265625,23.136627197265625,23.136627197265625,0
2018-08-29,EGX:ESRS,23.136627197265625,23.136627197265625,23.136627197265625,23.136627197265625,0
2018-08-30,EGX:ESRS,23.136627197265625,23.136627197265625,23.136627197265625,23.136627197265625,0
2018-09-02,EGX:ESRS,23.197997767299018,23.30320484579223,23.01388747019813,23.066490173339844,51525
2018-09-03,EGX:ESRS,23.066489674439538,23.101559257248688,22.707034811694466,22.856077194213867,141671
2018-09-04,EGX:ESRS,22.85607777305075,23.224300040823447,22.82100986156324,23.040189743041992,78046
2018-09-05,EGX:ESRS,23.040189057040234,23.22429934933996,22.794706995097524,23.031421661376953,98724
2018-09-06,EGX:ESRS,23.03142082344265,23.45224576671126,22.81224095646404,22.99635124206543,60275
2018-09-09,EGX:ESRS,22.996352294485472,23.250601754476943,22.71580231946713,23.110326766967773,116814
2018-09-10,EGX:ESRS,23.110326075178374,23.022653792557104,22.23360659338508,22.593061447143555,88025
2018-09-11,EGX:ESRS,22.593061447143555,22.593061447143555,22.593061447143555,22.593061447143555,0
2018-09-12,EGX:ESRS,22.59306183167722,23.23306666294887,21.961822723828153,22.549224853515625,272086
2018-09-13,EGX:ESRS,22.54922472021453,22.619362212648724,21.917987288306794,21.935522079467773,67455
2018-09-16,EGX:ESRS,21.93552225114774,21.917987459849524,21.00619837885911,21.304283142089844,135997
2018-09-17,EGX:ESRS,21.304283338497026,21.874152355474607,19.99797147451209,20.594141006469727,436380
2018-09-18,EGX:ESRS,20.59414012808325,21.698806859792388,20.19084997496594,20.278520584106445,272530
2018-09-19,EGX:ESRS,20.278520787135847,20.18208278167381,18.8670035648834,19.340431213378906,692166
2018-09-20,EGX:ESRS,19.34043154793628,20.567838503730826,19.28782884657344,19.673585891723633,867133
2018-09-23,EGX:ESRS,19.67358561215014,20.25222033554782,19.734955708236303,20.050575256347656,36528
2018-09-24,EGX:ESRS,20.05057564444639,20.909760350702438,19.287828945816806,19.498241424560547,334329
2018-09-25,EGX:ESRS,19.498241424560547,20.076876159158275,19.40180174472435,19.498241424560547,243302
2018-09-26,EGX:ESRS,19.49824113928998,19.927833486132823,19.14755367984784,19.36673355102539,1161865
2018-09-27,EGX:ESRS,19.366733016466295,19.63851558100602,19.06864826611576,19.384267807006836,333584
2018-09-30,EGX:ESRS,19.384267502509154,19.892764714729463,18.95467517427214,19.331663131713867,523018
2018-10-01,EGX:ESRS,19.331664255397182,19.287828949396086,18.849469200546174,18.989744186401367,275279
2018-10-02,EGX:ESRS,18.989745662439415,18.945910353031078,18.27960328232322,18.5513858795166,1420708
2018-10-03,EGX:ESRS,18.55138447675948,18.656591552478098,18.14809430962589,18.253299713134766,629264
2018-10-04,EGX:ESRS,18.253300722472705,18.56015289872587,18.060423023901205,18.16562843322754,260809
2018-10-08,EGX:ESRS,18.165626410262007,18.411108458369068,17.622061287452322,17.832473754882812,599639
2018-10-09,EGX:ESRS,17.832474540517982,18.051654412773896,17.62206206381747,17.665897369384766,140942
2018-10-10,EGX:ESRS,17.665897891419817,18.35850711087608,17.569459881880036,18.1568603515625,212396
2018-10-11,EGX:ESRS,18.15686149535104,17.797406605362266,17.446719111740276,17.534391403198242,763622
2018-10-15,EGX:ESRS,17.83247578851199,18.148095361756045,17.595761108578948,17.937681198120117,57954
2018-10-16,EGX:ESRS,17.93767991226341,18.533849431339366,17.97274949442539,18.402341842651367,878549
2018-10-17,EGX:ESRS,18.402341691410204,18.411109086878643,17.981516742183306,18.376039505004883,286452
2018-10-18,EGX:ESRS,18.376040730364647,18.323438026256035,17.972750545182244,18.00782012939453,433580
2018-10-21,EGX:ESRS,18.007820193044324,18.27960278281092,17.972750608708083,18.060422897338867,119219
2018-10-23,EGX:ESRS,18.051653687265514,18.367273225736174,17.7097336353954,17.88507652282715,56293
2018-10-24,EGX:ESRS,17.885077461164347,17.972749745584757,17.534389995692447,17.744802474975586,1815089
2018-10-25,EGX:ESRS,17.744801451006076,17.534388983864854,17.183701538629485,17.323976516723633,727304
2018-10-28,EGX:ESRS,17.323978472149555,17.437951277636994,17.008358899707673,17.096031188964844,236823
2018-10-29,EGX:ESRS,17.096030568311864,17.40288273346711,16.973290371133675,17.13986587524414,995271
2018-10-30,EGX:ESRS,17.139865013830583,17.25383948166202,16.482325409634377,16.745342254638672,561916
2018-10-31,EGX:ESRS,16.745343172148413,16.65767088567658,15.851088860113324,16.32451820373535,944619
2018-11-01,EGX:ESRS,16.32451763319562,16.219310558664436,15.517935635822294,15.772183418273926,611830
2018-11-04,EGX:ESRS,15.772184192050497,16.175476046627345,15.123411938540599,15.325057029724121,584727
2018-11-05,EGX:ESRS,15.325056428142311,15.66697816956383,15.176014046550812,15.28998851776123,114024
2018-11-06,EGX:ESRS,15.289989491384846,16.04396717079149,15.51793677611099,15.710814476013184,527726
2018-11-07,EGX:ESRS,15.710814259420552,16.84178159904368,15.991364245305054,16.56123161315918,2108817
2018-11-08,EGX:ESRS,16.56123061118507,17.622062062365334,16.569998006739752,17.157400131225586,1933077
2018-11-11,EGX:ESRS,17.15740099057484,17.52562326126568,16.39465593342154,16.68397331237793,862966
2018-11-12,EGX:ESRS,16.683971014312082,17.139863837726274,16.35081670127565,16.806711196899414,839047
2018-11-13,EGX:ESRS,16.806713337664505,16.841781249066432,15.772184032055861,16.377120971679688,1052791
2018-11-14,EGX:ESRS,16.3771209482817,16.254380750235622,15.78095140541255,16.09657096862793,344106
2018-11-15,EGX:ESRS,16.096571371919282,16.648903949174827,16.087803975809216,16.333284378051758,378775
2018-11-18,EGX:ESRS,16.33328469742226,17.174936346137613,16.33328469742226,16.946989059448242,787531
2018-11-19,EGX:ESRS,16.9469887988906,17.271375767479185,16.77164422037626,17.096031188964844,1539892
2018-11-20,EGX:ESRS,17.096031188964844,17.096031188964844,17.096031188964844,17.096031188964844,0
2018-11-21,EGX:ESRS,17.096029328148987,16.80671197563793,16.482325042357218,16.640134811401367,701654
2018-11-22,EGX:ESRS,16.6401356481797,16.964522597772778,16.569998155323052,16.67520523071289,2960952
2018-11-25,EGX:ESRS,16.675205743540136,16.65767095173428,16.000131308902663,16.377120971679688,140460
2018-11-26,EGX:ESRS,16.377119234620398,16.438489327221824,15.956294309173826,16.175474166870117,283600
2018-11-27,EGX:ESRS,16.17547485142841,17.09602962382756,16.043965593477377,16.771642684936523,1425294
2018-11-28,EGX:ESRS,16.771644539865612,17.22753911491954,16.67520652483449,16.999591827392578,687206
2018-11-29,EGX:ESRS,16.999591401484285,17.183703375039798,16.48232673740379,16.841781616210938,1061594
2018-12-02,EGX:ESRS,16.841780510804274,16.72780771348178,16.482325655589868,16.59630012512207,108450
2018-12-03,EGX:ESRS,16.59629909231669,16.657669184918113,16.043964914484658,16.175474166870117,206253
2018-12-04,EGX:ESRS,16.175476663636584,16.210544576731905,15.614375004222673,15.929994583129883,300261
2018-12-05,EGX:ESRS,15.929992723015483,16.175474774857722,15.666977552777825,15.842320442199707,305543
2018-12-06,EGX:ESRS,15.842321522745152,16.1316388986237,15.079576473706158,15.58807373046875,380555
2018-12-09,EGX:ESRS,15.588072655750757,15.1672460425878,14.746421101634516,14.965600967407227,312767
2018-12-10,EGX:ESRS,14.965601110636442,15.51793531410724,15.044505996846555,15.360125541687012,243898
2018-12-11,EGX:ESRS,15.360124855010003,15.51793462037532,15.079574904231492,15.351357460021973,920375
2018-12-12,EGX:ESRS,15.351358615085424,15.491633601029218,15.035739060607018,15.28998851776123,463289
2018-12-13,EGX:ESRS,15.289988747028026,15.666978404483423,15.3075218663766,15.50916862487793,263630
2018-12-16,EGX:ESRS,15.509167258949127,16.000129673873964,15.342590098235307,15.859854698181152,492090
2018-12-17,EGX:ESRS,15.859856318875368,16.613835644429418,16.096570991625097,16.377120971679688,913141
2018-12-18,EGX:ESRS,16.377121570957428,16.569999271250367,16.0878041844131,16.412189483642578,448039
2018-12-19,EGX:ESRS,16.412188925500793,16.306983518813297,16.017666142108002,16.149173736572266,121301
2018-12-20,EGX:ESRS,16.14917189980712,16.31574905902768,15.877389345864849,16.20177459716797,176702
2018-12-23,EGX:ESRS,16.20177489806394,16.20177489806394,15.430262524341211,15.886157035827637,150752
2018-12-24,EGX:ESRS,15.886158427975893,15.956295922642486,15.43026387653816,15.75464916229248,58125
2018-12-25,EGX:ESRS,15.754648235824948,15.737115117346685,15.43026296914642,15.526700973510742,82905
2018-12-26,EGX:ESRS,15.526701572463109,16.08780319065434,15.605606461392973,15.851088523864746,346312
2018-12-27,EGX:ESRS,15.851088389263118,16.131638359871534,15.693278612743452,15.96506118774414,103312
2018-12-30,EGX:ESRS,15.965061171378679,16.000130753773647,15.623141104076382,15.824786186218262,180679
2018-12-31,EGX:ESRS,15.824786202439931,16.15794054669472,15.824786202439931,15.96506118774414,291705
2019-01-01,EGX:ESRS,15.965061187744139,15.965061187744139,15.965061187744139,15.96506118774414,0
2019-01-02,EGX:ESRS,15.965060804386052,16.087802667737215,15.868622799436189,16.00889778137207,305431
2019-01-03,EGX:ESRS,16.008898746182414,16.219311231767193,15.973829162480056,16.149173736572266,724625
2019-01-06,EGX:ESRS,16.149172734871524,16.263145530415105,16.061500453263555,16.236845016479492,339346
2019-01-07,EGX:ESRS,16.236845016479492,16.236845016479492,16.236845016479492,16.236845016479492,0
2019-01-08,EGX:ESRS,16.236845450985655,16.482325839405526,16.15794056264792,16.394655227661133,1389462
2019-01-09,EGX:ESRS,16.394654800175967,17.008357427433282,16.350817823237072,16.745342254638672,2526820
2019-01-10,EGX:ESRS,16.745343814343354,17.183703591304123,16.56999923467511,16.920686721801758,3632043
2019-01-13,EGX:ESRS,16.9206850899983,17.4554845014224,17.017124766736334,17.201236724853516,696064
2019-01-14,EGX:ESRS,17.201236625692932,17.087262158894166,16.613834517711435,16.719039916992188,147280
2019-01-15,EGX:ESRS,16.71903960418671,17.078494444055117,16.6576695103862,16.815479278564453,156085
2019-01-16,EGX:ESRS,16.815480349412102,16.999590642538195,16.59630047347547,16.780410766601562,723911
2019-01-17,EGX:ESRS,16.780409545853146,17.008356800909613,16.499859592617383,16.78917694091797,1034954
2019-01-20,EGX:ESRS,16.789179312367924,16.657671712239583,16.175476621032384,16.438491821289062,121760
2019-01-21,EGX:ESRS,16.438489469216808,16.64890193375763,16.131637331349506,16.28067970275879,51505
2019-01-22,EGX:ESRS,16.280680540071742,16.631367999008912,16.087802855708723,16.315750122070312,200043
2019-01-23,EGX:ESRS,16.315749902705697,16.482325398330186,16.07026784864532,16.236845016479492,415074
2019-01-24,EGX:ESRS,16.236845016479492,16.236845016479492,16.236845016479492,16.236845016479492,0
2019-01-27,EGX:ESRS,16.236844746993008,16.83301424538082,16.219309956520505,16.613834381103516,475835
2019-01-28,EGX:ESRS,16.61383646573235,16.66643917154055,16.263147301118053,16.4910945892334,413410
2019-01-29,EGX:ESRS,16.491092900737296,16.74534235182949,16.394654895331374,16.569997787475586,619412
2019-01-30,EGX:ESRS,16.56999860635422,17.27137522622172,16.72780838762965,17.11356544494629,3835282
2019-01-31,EGX:ESRS,17.113565491400536,18.03412032172634,17.096030699609052,17.674665451049805,5854817
2019-02-03,EGX:ESRS,17.674665684272725,18.305903147207534,17.727268388131506,18.034120559692383,2115895
2019-02-04,EGX:ESRS,18.034120034385158,18.016585242873056,17.36781300681316,17.54315757751465,502152
2019-02-05,EGX:ESRS,17.54315725874863,18.498781640067186,17.78863931882826,18.148094177246094,3764407
2019-02-06,EGX:ESRS,18.14809506155558,17.972750485496086,17.31521083358769,17.525623321533203,1564249
2019-02-07,EGX:ESRS,17.52562100755559,18.148092665390553,17.44671612596792,17.87630844116211,4078453
2019-02-10,EGX:ESRS,17.876309930376237,18.41110935630948,17.972749609730684,18.148094177246094,937570
2019-02-11,EGX:ESRS,18.14809344673712,17.98151628152363,17.622061437574807,17.858776092529297,1319509
2019-02-12,EGX:ESRS,17.858776418395312,18.586453514814586,17.963981818821644,18.27083396911621,4124881
2019-02-13,EGX:ESRS,18.270835273740747,18.84947003403192,18.41111026579862,18.5952205657959,2063715
2019-02-14,EGX:ESRS,18.595219964608816,18.928374314132675,18.41110967056386,18.560152053833008,2580518
2019-02-17,EGX:ESRS,18.560152190635204,19.463173892652414,18.858236959370604,19.094951629638672,4038103
2019-02-18,EGX:ESRS,19.094950684111485,19.059881102603974,18.481246385407538,18.726728439331055,376094
2019-02-19,EGX:ESRS,18.726729834033737,18.674125457854675,18.454945573738026,18.5952205657959,1618977
2019-02-20,EGX:ESRS,18.59522086406603,18.76179804688535,18.33220566779117,18.647825241088867,1418517
2019-02-21,EGX:ESRS,18.647824053977292,18.6302892627526,18.191929515393717,18.42864418029785,1056562
2019-02-24,EGX:ESRS,18.428644281929213,18.498781775005043,18.060422025228664,18.253299713134766,155991
2019-02-25,EGX:ESRS,18.253299646753568,18.481246916473484,17.972749675470514,18.20069694519043,994163
2019-02-26,EGX:ESRS,18.200697415899317,18.691659878342,17.67466537003441,18.13055992126465,1253503
2019-02-27,EGX:ESRS,18.130560335529385,17.972750550943143,17.446718493058942,17.57822608947754,518227
2019-02-28,EGX:ESRS,17.578226166013344,17.779872931756966,16.640136522677135,16.841781616210938,2570645
2019-03-03,EGX:ESRS,16.84178035723541,16.87684993899007,16.438490200315005,16.569997787475586,1008049
2019-03-04,EGX:ESRS,16.569999095173838,16.920686579348082,16.219311610999597,16.534931182861328,1127378
2019-03-05,EGX:ESRS,16.534930883399156,16.65767108258475,16.350818912410965,16.48232650756836,832632
2019-03-06,EGX:ESRS,16.48232597858589,16.41218848527228,15.772183649759379,15.991363525390625,1936864
2019-03-07,EGX:ESRS,15.991362354988958,16.534929142543294,16.000129750037694,16.28067970275879,1594545
2019-03-10,EGX:ESRS,16.28068150134407,16.62260158496984,16.36835378930729,16.456026077270508,158829
2019-03-11,EGX:ESRS,16.45602481359921,16.876849756855414,16.561230213308423,16.771642684936523,1054066
2019-03-12,EGX:ESRS,16.77164293406325,16.92945270818086,16.39465496192749,16.622600555419922,780473
2019-03-13,EGX:ESRS,16.622600294532702,16.736574761699824,16.131637861146547,16.263145446777344,665315
2019-03-14,EGX:ESRS,16.26314647391624,16.359586156500892,15.868623692106798,16.09657096862793,1200887
2019-03-17,EGX:ESRS,16.096570131053195,16.219310322712566,16.026432639789313,16.061500549316406,89857
2019-03-18,EGX:ESRS,16.061501195121014,16.20177618328899,15.482866450875678,15.649443626403809,1561027
2019-03-19,EGX:ESRS,15.649442356157426,15.745880357564051,15.307520637067817,15.377659797668457,1803149
2019-03-20,EGX:ESRS,15.37766120199322,15.56177149875441,15.211084024773731,15.38642692565918,448000
2019-03-21,EGX:ESRS,15.386427106231855,15.912459159481191,15.5617716813849,15.8335542678833,1825886
2019-03-24,EGX:ESRS,15.833554528032652,16.017666502189336,15.561771937068794,15.6845121383667,1244567
2019-03-25,EGX:ESRS,15.684511288649501,15.6056064000299,15.053273851902427,15.28998851776123,1117283
2019-03-26,EGX:ESRS,15.289989053689803,15.456564560205603,15.123411874964209,15.272454261779785,648736
2019-03-27,EGX:ESRS,15.272452577339315,15.675742713531024,15.079574904231492,15.351357460021973,696564
2019-03-28,EGX:ESRS,15.351357493242311,16.114102464545766,15.193547727535496,15.859854698181152,1531112
2019-03-31,EGX:ESRS,15.859856008394651,15.780951119022758,15.360126157179158,15.535469055175781,588617
2019-04-01,EGX:ESRS,15.535468989186018,15.596840759044388,15.368893487628249,15.482866287231445,253816
2019-04-02,EGX:ESRS,15.482866186078528,15.77218355325312,15.456563999168207,15.658210754394531,281693
2019-04-03,EGX:ESRS,15.65821095719358,15.517935969607883,14.115184421541166,14.6587495803833,3804076
2019-04-04,EGX:ESRS,14.658749746122144,14.430802470665668,13.966142196113037,14.176554679870605,2768229
2019-04-07,EGX:ESRS,14.176554261717563,14.272993941007186,13.659289627325496,13.904770851135254,873868
2019-04-08,EGX:ESRS,13.904770817767657,14.097649339779187,13.685590945151556,13.878469467163086,1059346
2019-04-09,EGX:ESRS,13.87846971631423,14.159019690745815,13.782030871629592,13.983675956726074,560197
2019-04-10,EGX:ESRS,13.98367593829099,14.202856650657807,13.948607191533274,14.097649574279785,438341
2019-04-11,EGX:ESRS,14.09764890090273,14.150251600474286,13.878469035109957,13.974907875061035,221129
2019-04-14,EGX:ESRS,14.334364322574732,14.334364322574732,14.167787147460267,14.29052734375,873450
2019-04-15,EGX:ESRS,14.29052720577553,14.904231525718423,14.36066469900817,14.693819046020508,2126029
2019-04-16,EGX:ESRS,14.693819582039312,14.983136961204229,14.37820001487402,14.676284790039062,821737
2019-04-17,EGX:ESRS,14.67628432041795,14.904231592497792,14.465871839777268,14.746421813964844,891365
2019-04-18,EGX:ESRS,14.746421308263846,14.904231081385003,14.220389288596554,14.536008834838867,851692
2019-04-21,EGX:ESRS,14.536009085595593,14.52724169002543,14.246691720619102,14.386966705322266,103945
2019-04-22,EGX:ESRS,14.386966738942597,14.465871627048731,14.053814067546481,14.159019470214844,321885
2019-04-23,EGX:ESRS,14.159019402451387,14.12395149246634,13.632988211102786,13.852168083190918,822715
2019-04-24,EGX:ESRS,13.852167442308359,13.96614107085368,13.606686231036411,13.755727767944336,271155
2019-04-25,EGX:ESRS,13.755727767944336,13.755727767944336,13.755727767944336,13.755727767944336,0
2019-04-28,EGX:ESRS,13.755727767944336,13.755727767944336,13.755727767944336,13.755727767944336,0
2019-04-29,EGX:ESRS,13.755727767944336,13.755727767944336,13.755727767944336,13.755727767944336,0
2019-04-30,EGX:ESRS,13.7557283871439,13.896004207432771,13.632988194035317,13.711893081665039,140629
2019-05-01,EGX:ESRS,13.711893081665039,13.711893081665039,13.711893081665039,13.711893081665039,0
2019-05-02,EGX:ESRS,13.711893593195526,13.817099835258318,13.282300392974678,13.413808822631836,346255
2019-05-05,EGX:ESRS,13.413808181183274,13.50147962732404,12.712432431532902,13.063119888305664,239780
2019-05-06,EGX:ESRS,13.06312107370434,12.808872435446359,12.011057771812869,12.212703704833984,1393053
2019-05-07,EGX:ESRS,12.212703004779003,12.528321726423112,11.765575855371193,12.063660621643066,1038517
2019-05-08,EGX:ESRS,12.06366067135216,11.835713397839706,10.958993886888617,11.327216148376465,2033750
2019-05-09,EGX:ESRS,11.327215733292379,11.92338524644614,10.976528276204784,11.563929557800293,850391
2019-05-12,EGX:ESRS,11.563929938417472,11.923385638894505,11.651602223627457,11.809412002563477,390362
2019-05-13,EGX:ESRS,11.809411802340675,11.870781899284237,11.134337391542031,11.362284660339355,355567
2019-05-14,EGX:ESRS,11.362284475319221,11.563929554053033,11.143104605684286,11.309680938720703,617030
2019-05-15,EGX:ESRS,11.309681141450413,11.309681141450413,10.432961647195192,10.739813804626465,421645
2019-05-16,EGX:ESRS,10.739814026388366,10.958993904477925,10.432961862621031,10.564470291137695,656021
2019-05-19,EGX:ESRS,10.56447054925183,10.73981428878655,10.196248278176471,10.415428161621094,564226
2019-05-20,EGX:ESRS,10.415427974245265,10.345290479693167,9.731586984309862,9.968300819396973,761847
2019-05-21,EGX:ESRS,9.968300063932121,10.573236953728893,9.95953266875134,10.275152206420898,1884360
2019-05-22,EGX:ESRS,10.275152053926407,10.406659635267124,10.091040938386515,10.248849868774414,799524
2019-05-23,EGX:ESRS,10.248850699768871,10.766115344231405,10.257618095530411,10.538168907165527,4145876
2019-05-26,EGX:ESRS,10.53816937132441,11.002830497788814,10.687210925310799,10.862555503845215,2060865
2019-05-27,EGX:ESRS,10.862554628526931,10.958993470065764,10.362823957740636,10.546935081481934,3782028
2019-05-28,EGX:ESRS,10.54693481425358,10.695977188558565,10.292686205634162,10.555702209472656,2351898
2019-05-29,EGX:ESRS,10.55570240902164,10.713512181528998,10.240083700111768,10.494332313537598,1566902
2019-05-30,EGX:ESRS,10.494332357368881,10.42419486620708,9.950766382812498,10.152411460876465,838724
2019-06-02,EGX:ESRS,10.152411696620725,10.11734295022551,9.784189441418533,9.863094329833984,1151499
2019-06-03,EGX:ESRS,9.86309386427994,10.020903633661963,9.828025119540024,9.933231353759766,705619
2019-06-04,EGX:ESRS,9.933231353759766,9.933231353759766,9.933231353759766,9.933231353759766,0
2019-06-05,EGX:ESRS,9.933231353759766,9.933231353759766,9.933231353759766,9.933231353759766,0
2019-06-06,EGX:ESRS,9.933231353759766,9.933231353759766,9.933231353759766,9.933231353759766,0
2019-06-09,EGX:ESRS,9.933231772232329,10.3014540255665,10.038438010884255,10.205015182495117,1265595
2019-06-10,EGX:ESRS,10.20501480699163,10.58200360592981,10.34528978669931,10.468029975891113,2223840
2019-06-11,EGX:ESRS,10.468030629089135,10.6609091562751,10.301454289318222,10.450496673583984,1730982
2019-06-12,EGX:ESRS,10.450496877270421,10.494333021045016,10.222549598526442,10.389126777648926,1456741
2019-06-13,EGX:ESRS,10.389126841623746,10.546935789637198,10.336523301549326,10.441729545593262,1074828
2019-06-16,EGX:ESRS,10.441729258409785,10.731046630599613,10.345290413048136,10.564470291137695,4024563
2019-06-17,EGX:ESRS,10.564470356235137,10.68721055361448,10.494332861702686,10.617073059082031,2001340
2019-06-18,EGX:ESRS,10.617072504505682,10.608305945225707,10.371591286464671,10.494332313537598,846509
2019-06-19,EGX:ESRS,10.494331913564142,10.520633262611323,10.01213605514016,10.248849868774414,1217880
2019-06-20,EGX:ESRS,10.248850777153285,10.222549425774956,9.863094557886539,10.082274436950684,978960
2019-06-23,EGX:ESRS,10.08227395037787,10.22254893243244,9.950766363727924,10.012136459350586,265353
2019-06-24,EGX:ESRS,10.012136439602596,10.073506535104213,9.731586476046816,9.871861457824707,748235
2019-06-25,EGX:ESRS,9.871861968543291,9.906930715802037,9.424734813915611,9.573777198791504,1043779
2019-06-26,EGX:ESRS,9.573777159597816,9.968300773669808,9.608845906712995,9.801724433898926,1604002
2019-06-27,EGX:ESRS,9.801724215714906,10.1962478210049,9.784189424495194,9.977067947387695,2093032
2019-06-30,EGX:ESRS,9.977067947387695,9.977067947387695,9.977067947387695,9.977067947387695,0
2019-07-01,EGX:ESRS,9.977067947387695,9.977067947387695,9.977067947387695,9.977067947387695,0
2019-07-02,EGX:ESRS,9.97706793096921,10.161179057948877,9.740353266521836,9.836792945861816,745314
2019-07-03,EGX:ESRS,9.836793187743721,9.845559747449851,9.310761144551266,9.547475814819336,4998017
2019-07-04,EGX:ESRS,9.547475418226952,9.503639277097674,8.600618448695913,8.793496131896973,9291420
2019-07-07,EGX:ESRS,8.793496817692027,8.574316931056897,7.995682164116942,8.267465591430664,4942411
2019-07-08,EGX:ESRS,8.26746513791993,8.591851252013173,8.337602630907394,8.477877616882324,3670463
2019-07-09,EGX:ESRS,8.477877335716917,8.714591157672874,8.451575985745107,8.600618362426758,2793922
2019-07-10,EGX:ESRS,8.600617940140877,8.591850545212468,7.74143246756723,8.100887298583984,7563688
2019-07-11,EGX:ESRS,8.100888045170489,7.934311706702871,7.346909570040682,7.513485908508301,6233126
2019-07-14,EGX:ESRS,7.513485844709684,7.627459480000754,6.891015384544656,7.206634521484375,4965201
2019-07-15,EGX:ESRS,7.206634521484375,7.364443462875582,6.996221624173751,7.206634521484375,3839268
2019-07-16,EGX:ESRS,7.206634288040215,7.373210619697498,7.110194611092192,7.241703033447266,3206276
2019-07-17,EGX:ESRS,7.241703260237358,7.241703260237358,7.040057340753188,7.1364970207214355,1567202
2019-07-18,EGX:ESRS,7.136497352583631,7.259237553007451,7.136497352583631,7.180332660675049,697907
2019-07-21,EGX:ESRS,7.180332425649725,7.303073458160916,7.101428372004903,7.2154011726379395,950247
2019-07-22,EGX:ESRS,7.215401063559032,7.399512191490076,7.2329358548404965,7.320608139038086,1838123
2019-07-23,EGX:ESRS,7.320608139038086,7.320608139038086,7.320608139038086,7.320608139038086,0
2019-07-24,EGX:ESRS,7.320608204874689,7.51348589407621,7.259237270942501,7.373210906982422,2115033
2019-07-25,EGX:ESRS,7.373210892270436,7.364443496568349,7.15403101634751,7.232935905456543,991327
2019-07-28,EGX:ESRS,7.232935847012659,7.3469094819042295,7.16279835417244,7.2504706382751465,1169300
2019-07-29,EGX:ESRS,7.250470960725799,7.276772312684366,7.066359824806023,7.154031276702881,745727
2019-07-30,EGX:ESRS,7.154030780529865,7.2592370171723815,6.873480816149822,7.013755798339844,1166305
2019-07-31,EGX:ESRS,7.013756221547246,7.259237455192029,6.8822482087827455,7.101428508758545,1863418
2019-08-01,EGX:ESRS,7.101428372004903,7.276772106945975,7.154031074434784,7.2154011726379395,1051385
2019-08-04,EGX:ESRS,7.215400905180375,7.33814193314185,7.110194668115474,7.224168300628662,2148873
2019-08-05,EGX:ESRS,7.224168702594758,7.601158366799025,7.206634746827411,7.425814628601074,2956748
2019-08-06,EGX:ESRS,7.425814199449585,7.97814756993144,7.36444326754837,7.776501655578613,6209106
2019-08-07,EGX:ESRS,7.776501434512971,8.162258461393684,7.97814734313353,8.065818786621094,6209833
2019-08-08,EGX:ESRS,8.065819645833347,8.872401694027173,8.039518293595806,8.521714210510254,10276259
2019-08-11,EGX:ESRS,8.521714210510254,8.521714210510254,8.521714210510254,8.521714210510254,0
2019-08-12,EGX:ESRS,8.521714210510254,8.521714210510254,8.521714210510254,8.521714210510254,0
2019-08-13,EGX:ESRS,8.521714210510254,8.521714210510254,8.521714210510254,8.521714210510254,0
2019-08-14,EGX:ESRS,8.521713270864304,9.345829184310453,8.679522202993674,9.144184112548828,6987290
2019-08-15,EGX:ESRS,9.14418483094608,9.433502204701938,8.802263918277841,9.179253578186035,8435424
2019-08-18,EGX:ESRS,9.17925403763347,9.643915170846705,9.328296429889496,9.503640174865723,3675605
2019-08-19,EGX:ESRS,9.503639906828674,9.784189890878112,9.284460022763824,9.512407302856445,5035390
2019-08-20,EGX:ESRS,9.51240667300644,10.038437858268757,9.74035310190102,9.924464225769043,5697536
2019-08-21,EGX:ESRS,9.924464143859026,10.196247547746738,9.819257907674867,9.985835075378418,4747843
2019-08-22,EGX:ESRS,9.985835109241565,10.126110091296134,9.854326686486774,10.012136459350586,3152726
2019-08-25,EGX:ESRS,10.012136910086793,10.43296187519561,9.661449439162777,10.055973052978516,7296483
2019-08-26,EGX:ESRS,10.055973415635883,9.792957384905053,9.38089896463025,9.59131145477295,5706530
2019-08-27,EGX:ESRS,9.591311660754592,9.828026344327464,9.380899166093105,9.52994155883789,2310158
2019-08-28,EGX:ESRS,9.529940822328172,9.74035330072819,9.4773381207806,9.608845710754395,2050798
2019-08-29,EGX:ESRS,9.608846150847214,9.687751042887344,9.380898870754592,9.512407302856445,2667991
2019-09-01,EGX:ESRS,9.512407302856445,9.512407302856445,9.512407302856445,9.512407302856445,0
2019-09-02,EGX:ESRS,9.696517780139647,9.643914243651777,8.67952248484466,8.907469749450684,9089653
2019-09-03,EGX:ESRS,8.907470208586526,9.1354174849421,8.4340417002122,8.697057723999023,5303373
2019-09-04,EGX:ESRS,8.697057968084865,9.565010118446349,8.618153075123836,9.33706283569336,10196804
2019-09-05,EGX:ESRS,9.337063030358069,10.029671453082138,9.556242921550558,9.810491561889648,3717331
2019-09-08,EGX:ESRS,9.810490353129584,9.898162633246367,9.573776534582,9.705284118652344,1748102
2019-09-09,EGX:ESRS,9.70528450381166,9.863094279842699,9.529940772724316,9.696517944335938,3283437
2019-09-10,EGX:ESRS,9.696517994806836,9.74035330072819,9.48610468030195,9.608845710754395,1760187
2019-09-11,EGX:ESRS,9.60884569459259,9.678983187274627,9.293226977523423,9.468570709228516,2308586
2019-09-12,EGX:ESRS,9.468570490105172,9.538707981164075,9.310760717170218,9.389665603637695,1746485
2019-09-15,EGX:ESRS,9.389666279958341,9.42473502801373,9.170486395585929,9.258158683776855,2085930
2019-09-16,EGX:ESRS,9.258158215630337,9.293226961912445,8.968840013671855,9.074047088623047,3056037
2019-09-17,EGX:ESRS,9.074046849007942,9.205554435066961,8.416507246503159,8.854866981506348,3550886
2019-09-18,EGX:ESRS,8.854867810644482,8.854867810644482,8.600619173979894,8.714591979980469,1066842
2019-09-19,EGX:ESRS,8.714591477635034,8.925004793449492,8.644453984398504,8.758427619934082,2271791
2019-09-22,EGX:ESRS,8.75842782933879,8.635687631292713,7.890475702706275,8.048285484313965,2029043
2019-09-23,EGX:ESRS,8.048285503544701,8.013216756004185,7.2504708699193126,7.539788246154785,3906176
2019-09-24,EGX:ESRS,7.539788266776273,7.443348583697421,6.785808938435708,7.0312910079956055,5186977
2019-09-25,EGX:ESRS,7.031290635318874,7.531020471677226,7.066359381096568,7.364443302154541,2316150
2019-09-26,EGX:ESRS,7.364443493079684,7.644994302679441,7.27677204441497,7.487184524536133,2881309
2019-09-29,EGX:ESRS,7.487185190579227,8.328836022040111,7.8028039388377035,8.171026229858398,3752938
2019-09-30,EGX:ESRS,8.171025525397878,8.381438842201138,8.188560316841848,8.27623176574707,2295050
2019-10-01,EGX:ESRS,8.276230996119187,9.161717815178973,8.416506806311713,8.925004005432129,7902192
2019-10-02,EGX:ESRS,8.925005290424979,9.117882989513102,8.784730296140918,8.968840599060059,4186056
2019-10-03,EGX:ESRS,8.96884070755707,9.86309506109322,8.819799151405974,9.503640174865723,6770389
2019-10-07,EGX:ESRS,9.503639654040454,11.493792513638473,10.450496661126673,10.958993911743164,19391935
2019-10-08,EGX:ESRS,10.958994384992945,11.344750619458532,10.44172971624449,10.888856887817383,7185622
2019-10-09,EGX:ESRS,10.888856169316888,10.695977646758713,9.994601885178417,10.345290184020996,12650492
2019-10-10,EGX:ESRS,10.345290445000728,10.853787696850663,10.31022169784228,10.590771675109863,6520960
2019-10-13,EGX:ESRS,10.590771649420203,11.186941185772595,10.739814033508301,10.958993911743164,7603633
2019-10-14,EGX:ESRS,10.958993938326007,11.011597477116121,10.213782016077886,10.590771675109863,9149842
2019-10-15,EGX:ESRS,10.590770991510047,10.450496011930548,10.055972422837003,10.213781356811523,4065247
2019-10-16,EGX:ESRS,10.213781971475102,10.599539024638343,10.213781971475102,10.424195289611816,5517426
2019-10-17,EGX:ESRS,10.424194440597189,10.652140859513786,10.266384673873935,10.503098487854004,6488346
2019-10-20,EGX:ESRS,10.503098936280297,10.459263631301027,10.178712830025573,10.292686462402344,1972515
2019-10-21,EGX:ESRS,10.292686394528188,10.38035867611828,10.126110062832826,10.240083694458008,2884014
2019-10-22,EGX:ESRS,10.240083962076394,10.3452902010711,9.99460190165055,10.231316566467285,6374247
2019-10-23,EGX:ESRS,10.231316342713301,10.064739174202666,9.77542181426824,9.898162841796875,2370181
2019-10-24,EGX:ESRS,9.898162793839198,10.091041311562579,9.880628839194259,9.985835075378418,2107473
2019-10-27,EGX:ESRS,9.985835309610723,10.34529016736435,9.994601869086404,10.205015182495117,2495494
2019-10-28,EGX:ESRS,10.34529038093605,10.625840356466286,10.34529038093605,10.538168907165527,6305341
2019-10-29,EGX:ESRS,10.538168920745521,10.809951500864452,10.538168920745521,10.678443908691406,5050177
2019-10-30,EGX:ESRS,10.67844374218606,10.695977697353454,10.37159158376042,10.511866569519043,4054948
2019-10-31,EGX:ESRS,10.511866035119656,10.68720975840386,10.389125846873126,10.529400825500488,5426625
2019-11-03,EGX:ESRS,10.529401058972029,10.608305945225707,10.389126077234307,10.494332313537598,1821959
2019-11-04,EGX:ESRS,10.494332069311502,10.520633418749025,10.152411182204423,10.275152206420898,4009601
2019-11-05,EGX:ESRS,10.275152741714509,10.432961682665667,10.12611036029601,10.257617950439453,1480674
2019-11-06,EGX:ESRS,10.257618357951443,10.257618357951443,10.047205870920774,10.134878158569336,2000180
2019-11-07,EGX:ESRS,10.134877899288371,10.739813993051666,10.16994664622965,10.538168907165527,7811934
2019-11-11,EGX:ESRS,10.538168311022739,10.853787015639748,10.590771010406492,10.722278594970703,3438841
2019-11-12,EGX:ESRS,10.722278746448898,10.862554564365247,10.590771160026822,10.748580932617188,4159795
2019-11-13,EGX:ESRS,10.74858171424358,10.923925454258788,10.74858171424358,10.83625316619873,4707967
2019-11-14,EGX:ESRS,10.836252832821648,10.8713215797458,10.669676493958145,10.792417526245117,2198955
2019-11-17,EGX:ESRS,10.79241732565091,10.888856168873641,10.283919250544626,10.599538803100586,3123367
2019-11-18,EGX:ESRS,10.599538786443643,10.564470040226409,10.34529016734248,10.459263801574707,2268308
2019-11-19,EGX:ESRS,10.45926454326855,10.52063464447441,10.169947157433896,10.380359649658203,4841836
2019-11-20,EGX:ESRS,10.380358981050236,10.380358981050236,10.16994650237878,10.257617950439453,1825175
2019-11-21,EGX:ESRS,10.257617462392773,10.31022099761025,10.117342483285938,10.187479972839355,1624890
2019-11-24,EGX:ESRS,10.187480711417145,10.240084250448302,10.01213697482143,10.108575820922852,760193
2019-11-25,EGX:ESRS,10.108576294924173,10.169947232689085,9.950767342640654,10.03843879699707,870506
2019-11-26,EGX:ESRS,10.038438061810059,10.082274203830295,9.643914455837674,9.863094329833984,2163043
2019-11-27,EGX:ESRS,9.863094512831388,10.038438248060748,9.757888271693773,9.915698051452637,2281928
2019-11-28,EGX:ESRS,9.915697399442221,10.064738937508235,9.81925772432884,9.933231353759766,1569792
2019-12-01,EGX:ESRS,9.933232330518601,9.994602430821914,9.731587237462055,9.819258689880371,469692
2019-12-02,EGX:ESRS,9.819258437581324,9.880629372412661,9.074047348701225,9.319528579711914,2711431
2019-12-03,EGX:ESRS,9.319527634635788,9.468570004518673,8.872400524987132,9.205554008483887,1782115
2019-12-04,EGX:ESRS,9.205554692748326,9.994601903399094,9.433501961995832,9.722819328308105,2588446
2019-12-05,EGX:ESRS,9.722819094775609,10.003369058738707,9.556241926593886,9.757887840270996,3126384
2019-12-08,EGX:ESRS,9.757887904132545,9.731586553865084,9.44226919260846,9.556241989135742,931006
2019-12-09,EGX:ESRS,9.556242439515367,9.775422319652002,9.512407132371951,9.600078582763672,809585
2019-12-10,EGX:ESRS,9.600079067010043,9.959533954788935,9.556242921550558,9.810491561889648,1675923
2019-12-11,EGX:ESRS,9.810491261892864,9.959533650234556,9.661449709656075,9.792957305908203,1628108
2019-12-12,EGX:ESRS,9.792957384905053,9.792957384905053,9.494872605817106,9.59131145477295,938218
2019-12-15,EGX:ESRS,9.591311422955139,9.643914963368767,9.503639970405642,9.565010070800781,440872
2019-12-16,EGX:ESRS,9.565009601684894,9.740353334289065,9.538708250820486,9.635147094726562,1420719
2019-12-17,EGX:ESRS,9.635147027691293,9.924464393501504,9.64391442328672,9.836792945861816,1491438
2019-12-18,EGX:ESRS,9.836792994743291,10.126110361991193,9.898163092006524,10.003369331359863,2534341
2019-12-19,EGX:ESRS,10.003369587096993,9.99460219123386,9.757888355663447,9.854327201843262,1394823
2019-12-22,EGX:ESRS,9.854327675987468,9.863095072272449,9.714052679847493,9.78419017791748,1467324
2019-12-23,EGX:ESRS,9.784189476466326,9.792956872122751,9.52994085516406,9.635147094726562,946595
2019-12-24,EGX:ESRS,9.635147774571662,9.573777672856213,9.459804029595434,9.503640174865723,796203
2019-12-25,EGX:ESRS,9.503638766336836,9.608844997730017,9.372130350016757,9.459802627563477,1500126
2019-12-26,EGX:ESRS,9.459803128705484,9.503639269801104,9.34582949629881,9.415966987609863,577292
2019-12-29,EGX:ESRS,9.415967425725606,9.45980356886088,9.205554942002157,9.319528579711914,1291597
2019-12-30,EGX:ESRS,9.319528847821449,9.398433740513944,9.205555206832834,9.310761451721191,383486
2019-12-31,EGX:ESRS,9.310760984917655,9.46857076239071,8.94253872821711,9.126649856567383,1627070
2020-01-02,EGX:ESRS,9.126649826397587,9.117882430765874,8.28499907616498,8.591851234436035,2264947
2020-01-05,EGX:ESRS,8.591850741063332,7.995681250018687,7.732665248904589,7.785268783569336,1777066
2020-01-06,EGX:ESRS,7.785269313082647,7.45211580049274,7.013756047522579,7.118962287902832,5260884
2020-01-08,EGX:ESRS,7.11896232068504,7.294306055459573,6.847179322758295,7.145263671875,6066962
2020-01-09,EGX:ESRS,7.1452638635412855,7.452116034706453,7.232936151332734,7.338142395019531,3368222
2020-01-12,EGX:ESRS,7.338141697558398,7.767734027474672,7.408279186683307,7.6274590492248535,4552003
2020-01-13,EGX:ESRS,7.627459971502878,7.785269759167981,7.531021121321383,7.601158618927002,4117088
2020-01-14,EGX:ESRS,7.60115812442291,7.802803207894526,7.618692079631156,7.715131759643555,3778155
2020-01-15,EGX:ESRS,7.715132054708358,7.75896819856279,7.574857063258099,7.6625285148620605,1361706
2020-01-16,EGX:ESRS,7.662528062500672,7.715131599241492,7.557321825123884,7.618691921234131,1428961
2020-01-19,EGX:ESRS,7.6186921079955345,7.671295646025856,7.2767720371655,7.417047023773193,1854398
2020-01-20,EGX:ESRS,7.417047027058896,7.39074567608452,7.031290813716852,7.1627984046936035,2433066
2020-01-21,EGX:ESRS,7.162798456466845,7.1890998076313295,6.926084205724294,7.0751261711120605,2114796
2020-01-22,EGX:ESRS,7.075126094869354,7.268004618908463,7.136497028398312,7.206634521484375,1867734
2020-01-23,EGX:ESRS,7.2066345365449775,7.399512224882297,7.232935887480999,7.346909523010254,2496720
2020-01-26,EGX:ESRS,7.346909115165492,7.487184093843764,7.338141719971894,7.399511814117432,1304031
2020-01-27,EGX:ESRS,7.399512243271822,7.355676936971135,7.13649706104821,7.232935905456543,1178242
2020-01-28,EGX:ESRS,7.23293593122752,7.276772073789268,7.057592197085404,7.1890997886657715,1448192
2020-01-29,EGX:ESRS,7.1890997886657715,7.1890997886657715,7.1890997886657715,7.1890997886657715,0
2020-01-30,EGX:ESRS,7.609925510497056,8.030750468223502,7.758967892051389,7.899242877960205,5026733
2020-02-02,EGX:ESRS,7.8992426387138925,7.794036402468688,7.548554348458368,7.680062770843506,2526006
2020-02-03,EGX:ESRS,7.680062853449229,7.715131599241492,7.548554429649605,7.618691921234131,1886896
2020-02-04,EGX:ESRS,7.618692338979873,7.741433374035316,7.539788283699478,7.636227130889893,1204352
2020-02-05,EGX:ESRS,7.636226870944272,7.802803207894526,7.574856773558105,7.715131759643555,2376308
2020-02-06,EGX:ESRS,7.715131759643555,7.715131759643555,7.715131759643555,7.715131759643555,0
2020-02-09,EGX:ESRS,7.908010314105737,8.109655398356146,7.890475522724898,7.9956817626953125,4011912
2020-02-10,EGX:ESRS,7.995682197037489,7.881708555185369,7.662528667647812,7.758968353271484,3500496
2020-02-11,EGX:ESRS,7.75896748020177,7.978147343076342,7.767734039277087,7.881707668304443,2515640
2020-02-12,EGX:ESRS,7.881708555185369,7.899243347518734,7.671296063814495,7.758968353271484,2182450
2020-02-13,EGX:ESRS,7.758968441421206,7.837872499503026,7.583623860515134,7.697597503662109,1878257
2020-02-16,EGX:ESRS,7.697596779682353,7.671295429462126,7.259237040855946,7.4082794189453125,2171416
2020-02-17,EGX:ESRS,7.408279337244512,7.574856504380197,7.373210591969342,7.4696502685546875,1350053
2020-02-18,EGX:ESRS,7.469650356551614,7.452115565655039,7.101428108772035,7.224168300628662,1853995
2020-02-19,EGX:ESRS,7.224168542565959,7.373210925758875,7.1627984445823625,7.259237289428711,1873489
2020-02-20,EGX:ESRS,7.259237007665202,7.469650316779509,7.294305753166779,7.3819780349731445,1304515
2020-02-23,EGX:ESRS,7.381978479521996,7.531020865905365,7.189099949595595,7.355677127838135,1136065
2020-02-24,EGX:ESRS,7.355677127838135,7.355677127838135,7.355677127838135,7.355677127838135,0
2020-02-25,EGX:ESRS,7.031290864539547,7.2066345991442375,6.891015458803356,7.0751261711120605,2201508
2020-02-26,EGX:ESRS,7.07512590367773,7.206634326738989,6.978687062316684,7.083893299102783,1477939
2020-02-27,EGX:ESRS,7.083893407690724,7.162798295516031,6.908549677026074,6.996221542358398,1393534
2020-03-01,EGX:ESRS,6.996221425566091,6.48772419707484,5.803882822793639,6.137036323547363,2553856
2020-03-02,EGX:ESRS,6.137036323547363,6.137036323547363,6.137036323547363,6.137036323547363,0
2020-03-03,EGX:ESRS,6.137036323547363,6.137036323547363,6.137036323547363,6.137036323547363,0
2020-03-04,EGX:ESRS,6.101967929386511,6.1808728204384105,6.005528664551128,6.084433555603027,2135832
2020-03-05,EGX:ESRS,6.0844333295368775,6.242242687724848,6.128269053340654,6.189639568328857,1679567
2020-03-08,EGX:ESRS,6.189639551122828,5.970459678555932,5.619771798838414,5.795115947723389,1591428
2020-03-09,EGX:ESRS,5.795115579654721,5.6636075808566435,5.304152746453985,5.409358978271484,3356681
2020-03-10,EGX:ESRS,5.409359197771194,5.611004692629927,5.269084216322483,5.488264083862305,3097425
2020-03-11,EGX:ESRS,5.488264332571181,5.751279934706459,5.435660794091686,5.593470573425293,1885112
2020-03-15,EGX:ESRS,5.5934703217242,5.286618590681539,4.751819596659951,4.865793228149414,2757827
2020-03-16,EGX:ESRS,4.865793752506518,4.751820108734805,4.383597824581559,4.4975714683532715,4345838
2020-03-17,EGX:ESRS,4.497571109742401,4.462502363386129,4.050443966621287,4.225788116455078,4468891
2020-03-18,EGX:ESRS,4.225787881715216,4.6466132326663265,3.8049625307641053,3.892634391784668,5181712
2020-03-19,EGX:ESRS,3.8926346553920848,4.278391288058231,3.5594811429005353,4.138115882873535,3820136
2020-03-22,EGX:ESRS,4.138115855040346,4.488803738564681,4.208253766187161,4.4362006187438965,3095660
2020-03-23,EGX:ESRS,4.436200702881875,4.865793483311359,4.506338197306499,4.7167510986328125,4553462
2020-03-24,EGX:ESRS,4.716750845050657,4.760586567683128,4.436200464382681,4.611544609069824,2643160
2020-03-25,EGX:ESRS,4.611544661400816,4.935930768382339,4.672914757393176,4.778120994567871,1958477
2020-03-26,EGX:ESRS,4.778121061680602,4.900862091494171,4.734285337934981,4.848258972167969,1422339
2020-03-29,EGX:ESRS,4.848258904070093,4.865793276932542,4.646613407125715,4.778120994567871,1422923
2020-03-30,EGX:ESRS,4.778121190710435,4.778121190710435,4.594010059070717,4.646613597869873,1542153
2020-03-31,EGX:ESRS,4.646613755894958,4.865793642153164,4.734285626787749,4.795655727386475,1926263
2020-04-01,EGX:ESRS,4.795655451684825,4.839491593637313,4.672914839491259,4.734285354614258,2256002
2020-04-02,EGX:ESRS,4.7342854785076325,4.874560467542618,4.699216731248886,4.786888599395752,3577196
2020-04-05,EGX:ESRS,4.786888335704546,4.7781209403466,4.558941073026987,4.611544609069824,1375365
2020-04-06,EGX:ESRS,4.611544652278445,4.743052239460458,4.646613397933971,4.707983493804932,1383999
2020-04-07,EGX:ESRS,4.707983474756911,5.172644979891305,4.786888361188818,5.006068229675293,8680136
2020-04-08,EGX:ESRS,5.006068571319395,5.347989072438322,5.084973463136245,5.207714080810547,4941453
2020-04-09,EGX:ESRS,5.207713983201016,5.251549708236846,4.997301081650726,5.111274719238281,3579857
2020-04-12,EGX:ESRS,5.111274805056499,5.207714070638447,4.997301165555329,5.067439079284668,1732670
2020-04-13,EGX:ESRS,5.067438762523151,5.216480722493823,5.0849731353463135,5.146343231201172,2435650
2020-04-14,EGX:ESRS,5.146343346841352,5.523332998089082,5.181412093275685,5.383057594299316,6979427
2020-04-15,EGX:ESRS,5.383057835096324,5.558401993163985,5.321687735117227,5.418126583099365,3856856
2020-04-16,EGX:ESRS,5.418126232443561,5.5408672605629805,5.391824882169703,5.470729351043701,2786878
2020-04-21,EGX:ESRS,5.470729667321636,5.435660919560788,5.234015410909689,5.321687698364258,3915206
2020-04-22,EGX:ESRS,5.321687619571758,5.602237597504739,5.25154970703607,5.4356608390808105,4587156
2020-04-23,EGX:ESRS,5.435660696012752,5.882787838653597,5.619771823211638,5.751279830932617,6307473
2020-04-26,EGX:ESRS,5.751279931139523,6.30361332235971,6.049364698093739,6.172105312347412,4994414
2020-04-27,EGX:ESRS,6.1721051868911205,6.277311425541526,6.031830202023914,6.119502067565918,3847446
2020-04-28,EGX:ESRS,6.119501978735825,6.461422458412573,6.163338119896721,6.347448825836182,5207562
2020-04-29,EGX:ESRS,6.347449016501329,6.627999408642925,6.312380269740185,6.470190048217773,5463594
2020-04-30,EGX:ESRS,6.470190192673963,6.478957170533765,6.3562165541294,6.408819675445557,2364918
2020-05-03,EGX:ESRS,6.408819548478215,6.356216428204196,5.786348664823677,6.031830310821533,4823174
2020-05-04,EGX:ESRS,6.03183019371872,6.1984069470453855,5.9003221865605715,6.0493645668029785,3290735
2020-05-05,EGX:ESRS,6.049364600030509,6.180872607910996,5.9879940848723,6.0756659507751465,1977180
2020-05-06,EGX:ESRS,6.075665557875336,6.312379789531455,6.084432952924868,6.215940952301025,3961602
2020-05-07,EGX:ESRS,6.2159416842783015,6.286079180724199,5.795116287550458,5.996761798858643,3763024
2020-05-10,EGX:ESRS,5.996761609432678,6.049364730105472,5.751279961573865,5.874020576477051,2184153
2020-05-11,EGX:ESRS,5.8740205294153816,5.95292541881862,5.479496918504064,5.707444190979004,4107171
2020-05-12,EGX:ESRS,5.70744419343887,6.128269155631013,5.94415844369817,6.031830310821533,3822883
2020-05-13,EGX:ESRS,6.0318301126859915,5.856485966146589,5.4794967408733735,5.654840469360352,5640905
2020-05-14,EGX:ESRS,5.654840664540435,5.602237544178715,5.435660787340381,5.5233330726623535,2092647
2020-05-17,EGX:ESRS,5.523333098739531,5.611004966422988,5.391825088188125,5.479496955871582,1027749
2020-05-18,EGX:ESRS,5.479496702667223,5.52333284350953,5.295385580013411,5.374290466308594,1559136
2020-05-19,EGX:ESRS,5.37429094673313,5.532100315378143,5.37429094673313,5.444428443908691,1405555
2020-05-20,EGX:ESRS,5.4444281953051155,5.400592052545807,5.277851438093159,5.339221954345703,1964451
2020-05-21,EGX:ESRS,5.33922221584755,5.365523568349357,5.146343679922808,5.190179824829102,8144533
2020-05-31,EGX:ESRS,5.190179589676806,5.339221973942567,5.137576469004027,5.225248336791992,2091680
2020-06-01,EGX:ESRS,5.2252480834742085,5.260316828889277,5.058671333726424,5.120041847229004,2769008
2020-06-02,EGX:ESRS,5.1200418902878475,5.286618641436519,5.093740121979142,5.216480731964111,2776991
2020-06-03,EGX:ESRS,5.216481152979493,5.3830579175723585,5.225248549140809,5.3041534423828125,3044153
2020-06-04,EGX:ESRS,5.3041529993357015,5.383057467934487,5.260316858295601,5.330454349517822,4495985
2020-06-07,EGX:ESRS,5.330454330693974,5.786348440080895,5.435660567155781,5.628539085388184,8544072
2020-06-08,EGX:ESRS,5.628539566024511,5.7863489341929935,5.5847034213959255,5.698677062988281,5133969
2020-06-09,EGX:ESRS,5.698676366293346,5.935390598632666,5.654840227023973,5.803882598876953,7741972
2020-06-10,EGX:ESRS,5.803882847600495,5.786348474751797,5.567168605116862,5.654840469360352,2536170
2020-06-11,EGX:ESRS,5.654840697980095,5.637306324422499,5.47949696240414,5.5496344566345215,2368816
2020-06-14,EGX:ESRS,5.549633954028151,5.523332605099978,5.312919723412575,5.409358978271484,2124685
2020-06-15,EGX:ESRS,5.409359355113714,5.391824981922602,5.190179481198587,5.312920093536377,2094603
2020-06-16,EGX:ESRS,5.312920198246793,5.611004966422988,5.391825088188125,5.479496955871582,4904082
2020-06-17,EGX:ESRS,5.47949658402394,5.47949658402394,5.3041528605561385,5.391824722290039,3379374
2020-06-18,EGX:ESRS,5.391825313733674,5.3830579175723585,5.269084693842468,5.3041534423828125,2172332
2020-06-21,EGX:ESRS,5.304152778203024,5.339221522352101,5.041136779032538,5.251549243927002,2178186
2020-06-22,EGX:ESRS,5.251549570329402,5.409359346861093,5.120041980622903,5.2427825927734375,2381746
2020-06-23,EGX:ESRS,5.242782828717491,5.33045469848485,5.102507837089716,5.207714080810547,2772574
2020-06-24,EGX:ESRS,5.207713862127652,5.523332998089082,5.304153123848284,5.383057594299316,4021267
2020-06-25,EGX:ESRS,5.383057578088334,5.365523204923972,5.137576353787265,5.2427825927734375,2183937
2020-06-28,EGX:ESRS,5.242782703705919,5.2690844730352,5.128809066699772,5.155110836029053,2100963
2020-06-29,EGX:ESRS,5.155110612112367,5.330454339849894,5.190179357659872,5.260316848754883,2144369
2020-06-30,EGX:ESRS,5.26031718075655,5.435660919560788,5.277851554636974,5.321687698364258,2403481
2020-07-05,EGX:ESRS,5.321687800507037,5.724978825549876,5.330454778589296,5.558402061462402,8021725
2020-07-06,EGX:ESRS,5.558401975577136,5.698676967145471,5.4794970837937225,5.602237701416016,4316949
2020-07-07,EGX:ESRS,5.6022370699369,5.549633954028151,5.321687118423569,5.409358978271484,4151086
2020-07-08,EGX:ESRS,5.409358978271484,5.523332605099978,5.304152746453985,5.409358978271484,3274581
2020-07-09,EGX:ESRS,5.409359441347882,5.383057672115703,5.163877794706485,5.269084453582764,2532538
2020-07-12,EGX:ESRS,5.26908456097638,5.646073807305089,5.277851538864168,5.505798816680908,6168846
2020-07-13,EGX:ESRS,5.505798816680908,5.637306411364854,5.40935955160056,5.505798816680908,3390145
2020-07-14,EGX:ESRS,5.50579859077631,5.4794968220872216,5.277851322312315,5.356756210327148,2791756
2020-07-15,EGX:ESRS,5.356756368038212,5.418126466698863,4.821957345402521,5.111274719238281,5431088
2020-07-16,EGX:ESRS,5.111274252016637,5.07620550797263,4.86579304370859,4.997300624847412,1953994
2020-07-19,EGX:ESRS,4.997301116747808,5.128809128883791,4.646613641788447,4.81318998336792,2432666
2020-07-20,EGX:ESRS,4.813189484469112,4.944697482973972,4.760586368677649,4.857025623321533,2692514
2020-07-21,EGX:ESRS,4.857026339923746,5.0148357105812185,4.821957590888752,4.89209508895874,2409055
2020-07-22,EGX:ESRS,4.892094970846031,4.953465489201799,4.8394918485635685,4.9096293449401855,1587301
2020-07-26,EGX:ESRS,4.9096294687307775,5.084973632145873,4.97976696687583,5.032370090484619,2114915
2020-07-27,EGX:ESRS,5.03236994047446,5.120042228594813,4.918396718412416,5.0236029624938965,2071145
2020-07-28,EGX:ESRS,5.023602703232399,5.198946434318941,4.944697815217239,5.102507591247559,3679393
2020-07-29,EGX:ESRS,5.102507863886552,5.216481086156446,5.102507863886552,5.163877964019775,1607035
2020-08-04,EGX:ESRS,5.163877936900642,5.260317202670962,5.163877936900642,5.207714080810547,2374651
2020-08-05,EGX:ESRS,5.207713522766858,5.321687150277563,5.181411755628847,5.251549243927002,3448986
2020-08-06,EGX:ESRS,5.251549439171105,5.444427957214347,5.295385580013411,5.374290466308594,6330606
2020-08-09,EGX:ESRS,5.374290830319759,5.549634569460514,5.391825204233834,5.461962699890137,6971920
2020-08-10,EGX:ESRS,5.461962315814461,5.523332829224483,5.409359197771194,5.488264083862305,5230588
2020-08-11,EGX:ESRS,5.488264001794893,5.628538981146037,5.461962234140346,5.532099723815918,4937674
2020-08-12,EGX:ESRS,5.5321000830769265,5.646073720227518,5.426893841731353,5.5496344566345215,6782049
2020-08-13,EGX:ESRS,5.549634314500717,5.707444090529792,5.435660680269147,5.611004829406738,9294116
2020-08-16,EGX:ESRS,5.611005183641325,6.303613592232184,5.742513199283788,6.09320068359375,22232801
2020-08-17,EGX:ESRS,6.093200065670786,6.549094167093108,6.075665693233482,6.338681697845459,15612847
2020-08-18,EGX:ESRS,6.338681848435457,6.443888085558699,6.242242588712941,6.347448825836182,6932043
2020-08-19,EGX:ESRS,6.347448675037904,6.408819187594675,6.268544208096242,6.338681697845459,5177428
2020-08-23,EGX:ESRS,6.338681685748006,6.531559782190241,6.338681685748006,6.45265531539917,6850638
2020-08-24,EGX:ESRS,6.45265556644597,6.663068043478346,6.408819424704677,6.557861804962158,9850617
2020-08-25,EGX:ESRS,6.557861787756495,6.540327414716467,6.338681915729944,6.417586803436279,5078169
2020-08-26,EGX:ESRS,6.417586735304101,6.487724226719595,6.224708215859066,6.347448825836182,4120714
2020-08-27,EGX:ESRS,6.34744914672483,6.329914772984524,6.18963978306208,6.268544673919678,3023731
2020-08-30,EGX:ESRS,6.268544309541382,6.549094273078445,6.242242541433571,6.435121059417725,6728869
2020-08-31,EGX:ESRS,6.435121301456629,6.5929306618817805,6.32114766545669,6.470190048217773,6576334
2020-09-01,EGX:ESRS,6.470190214249518,6.400052718927428,6.207174188739233,6.294846057891846,2527471
2020-09-02,EGX:ESRS,6.294845790313763,6.400052446877275,6.2071739248878615,6.303613185882568,1940043
2020-09-03,EGX:ESRS,6.30361295297085,6.443887932469283,6.224708067976774,6.338681697845459,3337536
2020-09-06,EGX:ESRS,6.338682057232604,6.426353924389896,6.251010190075312,6.3562164306640625,3307337
2020-09-07,EGX:ESRS,6.356216206511253,6.531559934642319,6.391284952137466,6.461422443389893,3559151
2020-09-08,EGX:ESRS,6.461422785063038,6.478957158803343,6.084433540620247,6.268544673919678,4312023
2020-09-09,EGX:ESRS,6.268544673919678,6.268544673919678,6.268544673919678,6.268544673919678,0
2020-09-10,EGX:ESRS,6.242242339616611,6.7945756895514355,6.356215967644891,6.610464572906494,11726814
2020-09-13,EGX:ESRS,6.610464900458068,6.987454129478818,6.750739884642081,6.8559465408325195,5876220
2020-09-14,EGX:ESRS,6.8559463441430655,6.864713321376836,6.601697733577435,6.733205318450928,3645616
2020-09-15,EGX:ESRS,6.733205756663006,6.768274503985278,6.531560250533716,6.6367669105529785,2663961
2020-09-16,EGX:ESRS,6.63676694293135,6.812110680398151,6.522793304551706,6.6630682945251465,3148214
2020-09-17,EGX:ESRS,6.663068315713512,6.663068315713512,6.400052708676928,6.5490946769714355,11980051
2020-09-20,EGX:ESRS,6.549094526654486,6.619232438306861,6.48772442878076,6.540327548980713,3553591
2020-09-21,EGX:ESRS,6.540327345281216,6.636766605003733,6.145803747042848,6.347448825836182,5585715
2020-09-22,EGX:ESRS,6.347448783071753,6.978687037663233,6.207173801185833,6.6893696784973145,11705816
2020-09-23,EGX:ESRS,6.6893696929992075,7.171565571356041,6.873480816149822,7.013755798339844,8979703
2020-09-24,EGX:ESRS,7.013755807912051,7.303073168100035,6.838412079935219,7.083893299102783,8425503
2020-09-27,EGX:ESRS,7.083893533897609,7.197867169886404,6.969919897908813,7.048824787139893,3688805
2020-09-28,EGX:ESRS,7.048824652910133,7.110194749541255,6.803343430280785,6.926084041595459,3339720
2020-09-29,EGX:ESRS,6.926083939373304,6.926083939373304,6.733205420673084,6.829644680023193,2705146
2020-09-30,EGX:ESRS,6.8296450066557854,6.9085498969934145,6.724438764907243,6.820878028869629,2842468
2020-10-01,EGX:ESRS,6.820877876638222,7.232935856649743,6.926084116038725,7.066359519958496,4078330
2020-10-04,EGX:ESRS,7.066359452676688,7.1452635043971355,6.855946557826679,6.996221542358398,2601411
2020-10-05,EGX:ESRS,6.996221671060319,6.943618550893241,6.715671278783467,6.794576168060303,3000339
2020-10-06,EGX:ESRS,6.794576168060303,6.794576168060303,6.794576168060303,6.794576168060303,0
2020-10-07,EGX:ESRS,6.899782630504157,7.066359810140817,6.855946904646704,6.9436187744140625,3640631
2020-10-11,EGX:ESRS,6.94361819370961,6.94361819370961,6.794575818543495,6.847178936004639,2301704
2020-10-12,EGX:ESRS,6.847179526088131,6.9260844181060035,6.663068390081396,6.759507656097412,1808986
2020-10-13,EGX:ESRS,6.759507526180933,6.777041899842069,6.487724525407097,6.6367669105529785,1988977
2020-10-14,EGX:ESRS,6.636766896783457,6.934851248404328,6.6192325231587,6.820878028869629,3724149
2020-10-15,EGX:ESRS,6.820878055337072,6.882248154235638,6.715671395127846,6.777041912078857,1403630
2020-10-18,EGX:ESRS,6.7770416519505465,6.741972905911023,6.514025638601693,6.60169792175293,1965538
2020-10-19,EGX:ESRS,6.6016982164312,6.680602689515951,6.4438884341568015,6.5490946769714355,1253126
2020-10-20,EGX:ESRS,6.54909418935901,6.557861584633678,6.426353581880583,6.478956699371338,891026
2020-10-21,EGX:ESRS,6.478956677343891,6.601697702457436,6.198406718347026,6.338681697845459,2829629
2020-10-22,EGX:ESRS,6.338681809370701,6.312380041225774,5.874020304528083,6.066898822784424,4169543
2020-10-25,EGX:ESRS,6.066898802762087,6.0581314073919055,5.70744395363305,5.926623821258545,1859959
2020-10-26,EGX:ESRS,5.926624329805323,6.049364949152945,5.856486414982796,5.952925682067871,1415269
2020-10-27,EGX:ESRS,5.952925289857155,6.268544422580242,5.9616926854019985,6.1633381843566895,2892352
2020-10-28,EGX:ESRS,6.163338209363135,6.277311425541526,6.005528433335098,6.119502067565918,2277489
2020-11-01,EGX:ESRS,6.119502102210629,6.005528467334563,5.812650362050201,5.891554832458496,1305138
2020-11-02,EGX:ESRS,5.891554832458496,6.137036475418299,5.540867368305111,5.891554832458496,3265243
2020-11-03,EGX:ESRS,5.891555151078329,5.821417654454562,5.637306516790947,5.742513179779053,1326482
2020-11-04,EGX:ESRS,5.742513331768804,5.900322703349093,5.7600477063888365,5.821417808532715,1319972
2020-11-05,EGX:ESRS,5.821417181043627,5.88278769462486,5.733745317393594,5.812650203704834,1023331
2020-11-08,EGX:ESRS,5.812650203704834,5.865253321894854,5.742512712784809,5.812650203704834,601202
2020-11-09,EGX:ESRS,5.812650661661933,6.137036791750439,5.865253783996357,5.996761798858643,3517662
2020-11-10,EGX:ESRS,5.996761431476516,6.233475676505725,6.066898923625551,6.1633381843566895,3608979
2020-11-11,EGX:ESRS,6.1633382257651625,6.3386819573158,6.189639576471542,6.259777069091797,3677411
2020-11-12,EGX:ESRS,6.259776961566814,6.443888085558699,6.25100998416609,6.347448825836182,3884714
2020-11-15,EGX:ESRS,6.347448662923719,6.557861549822207,6.347448662923719,6.45265531539917,5141909
2020-11-16,EGX:ESRS,6.4526557981367665,6.601698183745804,6.461422775968357,6.522793292999268,3627243
2020-11-17,EGX:ESRS,6.522793411050791,6.619232677258339,6.435121540885952,6.505259037017822,3675398
2020-11-18,EGX:ESRS,6.505258668636413,6.505258668636413,6.338681915729944,6.417586803436279,3999351
2020-11-19,EGX:ESRS,6.417586735304101,6.487724226719595,6.277311334420688,6.347448825836182,4646781
2020-11-22,EGX:ESRS,6.347449054015568,6.35621644978389,6.198407088426064,6.242242813110352,1656780
2020-11-23,EGX:ESRS,6.242242687724848,6.321147575845048,6.137036448932868,6.189639568328857,2497901
2020-11-24,EGX:ESRS,6.189639535863501,6.531560019170239,6.242242654983581,6.417586803436279,5409404
2020-11-25,EGX:ESRS,6.4175868202739075,6.663068043478346,6.426353797790709,6.557861804962158,6698977
2020-11-26,EGX:ESRS,6.557861830080585,6.601697971989783,6.364983725395464,6.514025688171387,3504274
2020-11-29,EGX:ESRS,6.514025533087493,6.750739774046193,6.575396046688794,6.6893696784973145,5840503
2020-11-30,EGX:ESRS,6.689369668573282,6.689369668573282,6.5753960369338476,6.619232177734375,2422308
2020-12-01,EGX:ESRS,6.6192324525012625,6.750740044256934,6.6192324525012625,6.680602550506592,3077584
2020-12-02,EGX:ESRS,6.680602061523156,6.741972573088939,6.443887828415718,6.610464572906494,4505420
2020-12-03,EGX:ESRS,6.610465161577394,6.584163810030178,6.4701901718523915,6.522793292999268,1642199
2020-12-06,EGX:ESRS,6.522792918804668,6.663067900482481,6.566628641552773,6.619232177734375,1131802
2020-12-07,EGX:ESRS,6.619232220962386,6.838412090291572,6.5753960798755795,6.715671062469482,5976513
2020-12-08,EGX:ESRS,6.715671369068643,6.917316874779571,6.715671369068643,6.820878028869629,2967439
2020-12-09,EGX:ESRS,6.820877951346846,6.9962216856015464,6.794576182182422,6.934851169586182,8415409
2020-12-10,EGX:ESRS,6.934851428782896,6.969920176944565,6.680602795584576,6.78580904006958,2789751
2020-12-13,EGX:ESRS,6.785808630688084,6.926084032924527,6.680602392550074,6.8559465408325195,2532719
2020-12-14,EGX:ESRS,6.855946700507062,7.539788100435605,6.952385545353411,7.259237289428711,14409872
2020-12-15,EGX:ESRS,7.259236768719922,7.732665235460247,7.285538954058975,7.531020164489746,5486351
2020-12-16,EGX:ESRS,7.53102021070431,7.820337562370765,7.355676487892037,7.6274590492248535,4532164
2020-12-17,EGX:ESRS,7.627459902885554,8.35513706107629,7.627459902885554,8.013216972351074,6953671
2020-12-20,EGX:ESRS,8.01321695637811,8.416507981230946,8.100888409369214,8.267465591430664,3206632
2020-12-21,EGX:ESRS,8.267464899000425,8.223628758123851,7.44334812605636,7.566089153289795,6063023
2020-12-22,EGX:ESRS,7.566089115704489,7.846639078153144,7.4608828797862445,7.723898887634277,3411628
2020-12-23,EGX:ESRS,7.723898735641398,8.22362855544546,7.81157017912896,8.065818786621094,3262170
2020-12-24,EGX:ESRS,8.06581989262182,8.504179678482842,7.811571250266624,8.232397079467773,4611399
2020-12-27,EGX:ESRS,8.232396827582567,8.714591908392103,8.276232135943498,8.521714210510254,4120814
2020-12-28,EGX:ESRS,8.521713482571343,8.968839776834916,8.688289813986424,8.854866981506348,3961271
2020-12-29,EGX:ESRS,8.854867277709822,9.74035333659691,8.872401232921959,9.380898475646973,5110123
2020-12-30,EGX:ESRS,9.380897795718619,9.950765930644188,9.433501329752058,9.740352630615234,3596092
2020-12-31,EGX:ESRS,9.740353370870718,9.600078384260554,9.31076101535087,9.40719985961914,1344204
2021-01-03,EGX:ESRS,9.407199610778711,9.731586553865084,9.29322681425143,9.556241989135742,2107582
2021-01-04,EGX:ESRS,9.556242880306128,9.731587461387283,9.310761637339409,9.503640174865723,1373481
2021-01-05,EGX:ESRS,9.503639199122386,10.397892624740168,9.486104408372606,9.985835075378418,4639420
2021-01-06,EGX:ESRS,9.985835790734809,10.783650432696454,10.178713486170547,10.415428161621094,3808639
2021-01-10,EGX:ESRS,10.415427913270346,10.64337518728264,10.05597304676897,10.310221672058105,4275683
2021-01-11,EGX:ESRS,10.31022145473953,10.511866537119834,9.950766595814736,10.231316566467285,6056400
2021-01-12,EGX:ESRS,10.231316774865485,10.205015423607302,9.687750777602028,9.915698051452637,4018412
2021-01-13,EGX:ESRS,9.915698342220452,9.95076709029468,9.54747606938861,9.792957305908203,4976194
2021-01-14,EGX:ESRS,9.792957305908203,9.863094802056658,9.661449709656075,9.792957305908203,845815
2021-01-17,EGX:ESRS,9.79295711139328,9.898163353526279,9.503639736501313,9.600078582763672,1245544
2021-01-18,EGX:ESRS,9.600078582763672,9.845559814407334,9.43350224174598,9.600078582763672,2349518
2021-01-19,EGX:ESRS,9.600078348205729,9.731586774737508,9.4861047129868,9.635147094726562,947588
2021-01-20,EGX:ESRS,9.635146876042976,9.731586553865084,9.451035751961047,9.556241989135742,1774857
2021-01-21,EGX:ESRS,9.556242173101957,9.819258189154414,9.459803329528166,9.608845710754395,3203439
2021-01-24,EGX:ESRS,9.608845234093721,9.62637918837149,9.328295276810781,9.424734115600586,1170082
2021-01-25,EGX:ESRS,9.424734115600586,9.424734115600586,9.424734115600586,9.424734115600586,0
2021-01-26,EGX:ESRS,9.42473487766043,9.75788839692427,9.42473487766043,9.62637996673584,2662858
2021-01-27,EGX:ESRS,9.626380093993005,9.941999661733695,9.60884613806569,9.766655921936035,1772823
2021-01-31,EGX:ESRS,9.766655539379018,9.77542209894684,9.424734633087846,9.521173477172852,1153173
2021-02-01,EGX:ESRS,9.521173958058716,9.731587284306327,9.512407398048122,9.59131145477295,819797
2021-02-02,EGX:ESRS,9.591310886273206,9.731586707492104,9.459803296755014,9.582544326782227,1297658
2021-02-03,EGX:ESRS,9.582544122102101,9.696517754099029,9.170485735052413,9.389665603637695,3521550
2021-02-04,EGX:ESRS,9.389666606102734,9.188020670701514,8.854867970655906,9.021444320678711,3863708
2021-02-07,EGX:ESRS,9.02144413996904,9.152951738084118,8.828565604775997,8.968840599060059,3291202
2021-02-08,EGX:ESRS,8.968840599060059,9.2055552789931,8.767195503802952,8.968840599060059,2350210
2021-02-09,EGX:ESRS,8.96884009672887,9.109115919261212,8.92500479054894,9.012676239013672,1351010
2021-02-10,EGX:ESRS,9.012676719659602,9.188020462045019,8.968840575037019,9.08281421661377,1301190
2021-02-11,EGX:ESRS,9.082813408268326,9.074046849007942,8.767194700063772,8.854866981506348,2138844
2021-02-14,EGX:ESRS,8.854868203013565,8.898703513676983,8.609386115552645,8.705825805664062,2353383
2021-02-15,EGX:ESRS,8.705824398042443,8.802263236455964,8.50417848995349,8.661988258361816,1083974
2021-02-16,EGX:ESRS,8.661988270270026,8.986374366584903,8.767194503985271,8.916236877441406,1127541
2021-02-17,EGX:ESRS,8.916237346347662,9.02144358559572,8.740893614267568,8.846099853515625,778218
2021-02-18,EGX:ESRS,8.846099619988273,9.003909392746786,8.767194733609017,8.881168365478516,844373
2021-02-21,EGX:ESRS,8.881168436050709,9.293226825914017,8.942538532120086,9.188019752502441,1792032
2021-02-22,EGX:ESRS,9.18802020274491,9.30199384110515,9.135417499566273,9.231856346130371,1068217
2021-02-23,EGX:ESRS,9.23185606260793,9.337062301839076,8.968840046477633,9.100348472595215,798917
2021-02-24,EGX:ESRS,9.100349008904768,9.19678785819052,8.968840575037019,9.08281421661377,721734
2021-02-25,EGX:ESRS,9.082814169743962,9.44226988491032,9.0565128175481,9.310761451721191,1239249
2021-02-28,EGX:ESRS,9.31076123700322,9.345829984490608,9.117882707770132,9.231856346130371,689498
2021-03-01,EGX:ESRS,9.231856495656634,9.345830135862878,9.179253791626003,9.258158683776855,694662
2021-03-02,EGX:ESRS,9.258157559752748,9.696517275276737,9.1354165384083,9.459802627563477,4740551
2021-03-03,EGX:ESRS,9.459803382424225,9.503639524695563,8.986374885324494,9.266924858093262,1818822
2021-03-04,EGX:ESRS,9.266924858093262,9.266924858093262,9.266924858093262,9.266924858093262,0
2021-03-07,EGX:ESRS,9.231856076669763,9.643914474698043,9.301993569597359,9.494872093200684,2444828
2021-03-08,EGX:ESRS,9.494872382066166,9.591311228749383,9.20555500591162,9.37213134765625,1214685
2021-03-09,EGX:ESRS,9.372131048249457,9.468570727956658,8.898702553656868,9.100348472595215,1422999
2021-03-10,EGX:ESRS,9.100348508096964,9.065279761549773,8.688290109088827,8.872401237487793,1670799
2021-03-11,EGX:ESRS,8.872401473002983,9.109116145558685,8.6795229438211,8.837332725524902,1147808
2021-03-14,EGX:ESRS,8.837333018272137,8.933771868005284,8.609385734061147,8.714591979980469,1026960
2021-03-15,EGX:ESRS,8.71459124115047,8.802263523369438,8.32883503881768,8.539247512817383,1308192
2021-03-16,EGX:ESRS,8.539247960908082,8.460343069991506,7.995681956499866,8.188560485839844,1566390
2021-03-17,EGX:ESRS,8.18856025130036,8.355136588160416,8.135956713494368,8.223628997802734,341784
2021-03-18,EGX:ESRS,8.223628509038825,8.267464648587648,8.065818741104993,8.153491020202637,691484
2021-03-21,EGX:ESRS,8.153491808735323,8.241163260206944,7.715132043062508,7.91677713394165,553075
2021-03-22,EGX:ESRS,7.916776638030224,7.943078824318537,7.6274592776975645,7.776501655578613,1224102
2021-03-23,EGX:ESRS,7.776501655578613,8.013216315544343,7.4959516906753905,7.776501655578613,910680
2021-03-24,EGX:ESRS,7.776501211176065,8.241162273019324,7.978147114005464,8.100887298583984,941954
2021-03-25,EGX:ESRS,8.100887485523087,8.320067347162379,7.943078553694073,8.153491020202637,359938
2021-03-28,EGX:ESRS,8.153491770459482,8.40774039991197,8.144724374522006,8.214861869812012,243620
2021-03-29,EGX:ESRS,8.214862376142758,8.241163729471394,8.109656126723266,8.171026229858398,221067
2021-03-30,EGX:ESRS,8.17102542698141,8.311300412424117,8.127190121109214,8.197327613830566,309241
2021-03-31,EGX:ESRS,8.197327170795369,8.153491031187487,7.995681263041045,8.039517402648926,355446
2021-04-01,EGX:ESRS,8.039517919764597,8.24116300438426,8.039517919764597,8.135956764221191,446127
2021-04-04,EGX:ESRS,8.135957174004263,8.144724570152324,7.89924333074103,8.013216972351074,327441
2021-04-05,EGX:ESRS,8.013216325283942,8.065819025714807,7.627459286968298,7.846639156341553,531853
2021-04-06,EGX:ESRS,7.84663941266202,8.197327716777817,7.715131821184143,8.02198314666748,863861
2021-04-07,EGX:ESRS,8.02198314666748,8.179792925324833,7.802803270134436,8.02198314666748,499464
2021-04-08,EGX:ESRS,8.021982681061942,8.16225849622941,7.978147377183487,8.092120170593262,478896
2021-04-11,EGX:ESRS,8.09212081428919,8.407740378391233,8.171025705314701,8.328835487365723,633375
2021-04-12,EGX:ESRS,8.32883473395973,8.933770783592792,8.302533384698682,8.635686874389648,1512109
2021-04-13,EGX:ESRS,8.63568766708001,8.889936296221098,8.284999354954614,8.469110488891602,1058940
2021-04-14,EGX:ESRS,8.469110048611629,8.407739952524686,7.758967737561753,8.057051658630371,750445
2021-04-15,EGX:ESRS,8.057051630274714,8.144723912465954,7.7151315691595395,7.846639156341553,316868
2021-04-18,EGX:ESRS,7.84663910826898,8.065818976299425,7.85540650365536,7.934311389923096,215488
2021-04-19,EGX:ESRS,7.934311385746885,8.241162699165093,7.960612735787339,8.118422508239746,287693
2021-04-20,EGX:ESRS,8.118422546588524,8.504178748055121,8.241162738093655,8.398972511291504,1117931
2021-04-21,EGX:ESRS,8.398971997590799,8.889935241897403,8.469109484476771,8.670755386352539,2324183
2021-04-22,EGX:ESRS,8.670756404681235,8.85486753840587,8.548015370163183,8.723359107971191,1598756
2021-04-25,EGX:ESRS,8.723359119072155,8.977607748243537,8.723359119072155,8.86363410949707,567568
2021-04-26,EGX:ESRS,8.863633604008756,8.907469745042814,8.58308363915854,8.653221130371094,1304403
2021-04-27,EGX:ESRS,8.653221164062362,8.76719479675273,8.600618463500561,8.679522514343262,290817
2021-04-28,EGX:ESRS,8.679522682438575,8.749660175282553,8.530480301118905,8.591851234436035,295926
2021-05-04,EGX:ESRS,8.591851481705271,8.767195218861524,8.583084085821236,8.697057723999023,244149
2021-05-05,EGX:ESRS,8.697057968312855,8.942539207227556,8.591851723063696,8.802264213562012,1007724
2021-05-06,EGX:ESRS,8.802263899332203,9.529941030073735,8.91623753664297,9.293227195739746,3167886
2021-05-09,EGX:ESRS,9.293226977523423,9.617613090204062,9.328295723864441,9.468570709228516,1991234
2021-05-10,EGX:ESRS,9.468571237106183,9.424735092709806,9.205555206832834,9.310761451721191,1134654
2021-05-11,EGX:ESRS,9.310761227943628,9.565009856006032,9.301993832054087,9.486104965209961,1169979
2021-05-17,EGX:ESRS,9.48610468030195,9.74035330072819,9.4773381207806,9.608845710754395,1371450
2021-05-18,EGX:ESRS,9.60884620075052,9.959533682633605,9.486105164038987,9.819258689880371,2569266
2021-05-19,EGX:ESRS,9.819258409266938,9.906930695284677,9.512407080414622,9.687750816345215,2164405
2021-05-20,EGX:ESRS,9.687750363677878,9.714051713812296,9.521173195248593,9.643914222717285,571577
2021-05-23,EGX:ESRS,9.643914406957304,9.810490742464065,9.58254431010295,9.696517944335938,403729
2021-05-24,EGX:ESRS,9.696517944359835,9.757888041214342,9.231856011846157,9.442269325256348,917017
2021-05-25,EGX:ESRS,9.442269900646721,9.486105209011242,8.644454412396785,9.056512832641602,2446337
2021-05-26,EGX:ESRS,9.056513017839375,9.380899155778737,9.1178831196886,9.249391555786133,915806
2021-05-27,EGX:ESRS,9.249390380936097,9.29322652073391,9.047744472308082,9.170485496520996,573798
2021-05-30,EGX:ESRS,9.170485965415978,9.293226995904748,9.03021097977445,9.100348472595215,361776
2021-05-31,EGX:ESRS,9.100348490120956,9.258158267324022,8.802263727006215,8.986374855041504,795976
2021-06-01,EGX:ESRS,8.986374567565367,9.021443312921429,8.679522418621199,8.854866981506348,482858
2021-06-02,EGX:ESRS,8.854867282266632,9.074047157212789,8.723358855636018,8.872401237487793,929590
2021-06-03,EGX:ESRS,8.872401918242916,8.925005460152262,8.679523379381894,8.740894317626953,612600
2021-06-06,EGX:ESRS,8.740893661836667,9.20555476340388,8.68829012387393,9.012676239013672,1065086
2021-06-07,EGX:ESRS,9.01267687247353,9.389666552072892,9.03021166506184,9.249391555786133,2141204
2021-06-08,EGX:ESRS,9.249391159033134,9.293227302518625,8.872401495604759,9.11788272857666,649282
2021-06-09,EGX:ESRS,9.117882636249933,9.582544581944171,8.968840251571386,9.433502197265625,2429786
2021-06-10,EGX:ESRS,9.433501545230971,9.591310478726328,9.231855635619088,9.451035499572754,1457517
2021-06-13,EGX:ESRS,9.451035729086662,9.363364283039033,9.021443385970189,9.161718368530273,842976
2021-06-14,EGX:ESRS,9.161718383519311,9.161718383519311,8.863633627039023,9.047744750976562,638140
2021-06-15,EGX:ESRS,9.047744506283813,9.53870776887429,8.960073062463788,9.196786880493164,2519286
2021-06-16,EGX:ESRS,9.196787728463915,11.116803979789688,9.582544792375398,10.301454544067383,11420629
2021-06-17,EGX:ESRS,10.301453851622522,11.292146960664333,10.529401116238482,10.915157318115234,6567034
2021-06-20,EGX:ESRS,10.91515685875558,11.984754809466644,10.546934627135455,11.353516578674316,8294526
2021-06-21,EGX:ESRS,11.353517532703195,12.405580781691409,11.502559916887888,12.002289772033691,6851441
2021-06-22,EGX:ESRS,12.002289964584126,12.054893504124642,11.660369883937905,11.800644874572754,2330069
2021-06-23,EGX:ESRS,11.80064487497794,12.624760863038421,11.826946226696652,12.195168495178223,3893220
2021-06-24,EGX:ESRS,12.195167959357768,12.186400563801778,11.748040819260638,11.958454132080078,1776737
2021-06-27,EGX:ESRS,11.958454182216276,12.125030517954148,11.68667077157517,11.870781898498535,931347
2021-06-28,EGX:ESRS,11.870781970533518,11.923385508304348,10.757348642748841,11.160638809204102,6899875
2021-06-29,EGX:ESRS,11.160638777178749,11.081734724906221,10.66090893226175,10.880088806152344,2584270
2021-06-30,EGX:ESRS,10.880089015758234,11.309681376194767,11.046666191342934,11.213242530822754,1605546
2021-07-04,EGX:ESRS,11.213242460582522,11.563929928924832,11.239543811681976,11.414888381958008,1190722
2021-07-05,EGX:ESRS,11.41488801191774,11.616533090651552,10.967760877197309,11.309680938720703,1775436
2021-07-06,EGX:ESRS,11.309680859863212,10.958993405334446,10.520633669121068,10.748580932617188,2000037
2021-07-07,EGX:ESRS,10.748581000104354,10.95899347414273,10.687210068097858,10.801183700561523,1645419
2021-07-08,EGX:ESRS,10.801184376174241,10.827486564152872,10.520634393241373,10.669676780700684,1108105
2021-07-11,EGX:ESRS,10.669676835286642,10.766115683386971,10.345290706834732,10.58200454711914,799701
2021-07-12,EGX:ESRS,10.582004060792169,10.950226316405098,10.520633963558302,10.766115188598633,624093
2021-07-13,EGX:ESRS,10.766115605231736,11.38858650560852,10.783650397179906,11.178174018859863,1988034
2021-07-14,EGX:ESRS,11.178173500570287,11.53762835779224,11.134337358837275,11.335983276367188,1435385
2021-07-15,EGX:ESRS,11.335983544151148,11.458723740577176,11.17817376462639,11.327216148376465,1190512
2021-07-18,EGX:ESRS,11.32721546195481,11.397352951692222,11.19570787772337,11.318448066711426,439686
2021-07-25,EGX:ESRS,11.31844807625237,11.739273851136408,11.39735296129968,11.572696685791016,1152251
2021-07-26,EGX:ESRS,11.572697153757785,12.011056900764556,11.39735342217605,11.756808280944824,1751199
2021-07-27,EGX:ESRS,11.756808709892772,12.186401076967945,11.756808709892772,11.914618492126465,925460
2021-07-28,EGX:ESRS,11.914617737898679,11.949686483274565,11.66913652026748,11.85324764251709,1133684
2021-07-29,EGX:ESRS,11.853248619529897,11.923386116062803,11.616533941652655,11.739274978637695,542058
2021-08-01,EGX:ESRS,11.739274513234921,12.905311391998168,11.634068272606456,12.458184242248535,4642665
2021-08-02,EGX:ESRS,12.458183724754857,13.492712968785998,12.975448346770428,13.23846435546875,2613513
2021-08-03,EGX:ESRS,13.238464366567138,14.246691425300298,13.001749707708747,13.74696159362793,2807788
2021-08-04,EGX:ESRS,13.74696162747491,14.088881687416874,13.413808126838113,13.773262977600098,1876238
2021-08-05,EGX:ESRS,13.773263692039267,13.764496296174478,13.159560195287199,13.413808822631836,850705
2021-08-08,EGX:ESRS,13.413808822631836,13.413808822631836,13.413808822631836,13.413808822631836,0
2021-08-09,EGX:ESRS,13.413808822631836,13.413808822631836,13.413808822631836,13.413808822631836,0
2021-08-10,EGX:ESRS,13.676824610414636,13.57161753405794,12.94914748826089,13.194628715515137,1402315
2021-08-11,EGX:ESRS,13.194628531688313,13.31736872555299,12.71243264350674,12.887776374816895,2342097
2021-08-15,EGX:ESRS,12.887776308898207,13.299834702448113,12.800104861743984,13.089422225952148,1325856
2021-08-16,EGX:ESRS,13.089422074642258,13.22969705735136,12.800104713778516,13.063119888305664,909565
2021-08-17,EGX:ESRS,13.063120550672384,13.063120550672384,12.624760789426936,12.791337966918945,967729
2021-08-18,EGX:ESRS,12.791337498185746,12.922845087298382,12.449416595946085,12.607226371765137,2468926
2021-08-19,EGX:ESRS,12.607225896085291,12.756268270712061,12.230236261899362,12.423114776611328,2479427
2021-08-22,EGX:ESRS,12.42311595770313,12.42311595770313,12.125031180110042,12.247772216796875,480237
2021-08-23,EGX:ESRS,12.247771320327258,12.843939995772251,12.300374020696452,12.668596267700195,1454002
2021-08-24,EGX:ESRS,12.66859671872326,12.931612738247575,12.53708912701354,12.712432861328125,1408014
2021-08-25,EGX:ESRS,12.71243264350674,13.150792389834558,12.668596501652985,12.887776374816895,2015695
2021-08-26,EGX:ESRS,12.887776159919282,13.238464452796894,12.800104713778516,13.063119888305664,1581545
2021-08-29,EGX:ESRS,13.063120255449409,13.369972415828402,12.712432788820449,13.168327331542969,1343085
2021-08-30,EGX:ESRS,13.16832719701099,13.580384757064083,12.931612532376143,13.282299995422363,1690336
2021-08-31,EGX:ESRS,13.282299757814851,13.317368503492128,12.949147091933153,13.063119888305664,462379
2021-09-01,EGX:ESRS,13.063120105451574,13.562850784790754,13.15079238915455,13.396273612976074,1022498
2021-09-02,EGX:ESRS,13.396273829181725,13.589152354778266,13.19462874395729,13.475178718566895,1107770
2021-09-05,EGX:ESRS,13.475178192485945,13.466410797095461,12.975448360696193,13.124490737915039,408731
2021-09-06,EGX:ESRS,13.12449155202742,13.1507929037255,12.537089402105957,12.843940734863281,492710
2021-09-07,EGX:ESRS,12.843939689953098,12.914077179511919,12.537088382159457,12.65106201171875,547187
2021-09-08,EGX:ESRS,12.651062279134411,12.966680988820597,12.598458742800958,12.642294883728027,418932
2021-09-09,EGX:ESRS,12.642295386444614,12.791337769860366,12.537089145699062,12.598459243774414,166529
2021-09-12,EGX:ESRS,12.598458772057981,12.677363658688977,12.309141411814227,12.414347648620605,183200
2021-09-13,EGX:ESRS,12.414347357379105,12.712432106056513,12.423114752600165,12.65106201171875,238342
2021-09-14,EGX:ESRS,12.651062279134411,12.870242147664918,12.580924788093037,12.642294883728027,317490
2021-09-15,EGX:ESRS,12.64229554100066,13.247231641709341,12.712433035688482,13.019285202026367,1542178
2021-09-16,EGX:ESRS,13.019284963750383,13.326136288367456,13.0017501723469,13.308602333068848,467044
2021-09-19,EGX:ESRS,13.308602642797485,13.773263756440373,12.747501846400771,13.071887969970703,3529385
2021-09-20,EGX:ESRS,13.071887536462182,13.142025029172661,12.580925087488833,12.659829139709473,1413083
2021-09-21,EGX:ESRS,12.659829139709473,12.659829139709473,12.659829139709473,12.659829139709473,0
2021-09-22,EGX:ESRS,11.607766867825365,11.923386447090877,11.5726981185853,11.64283561706543,646081
2021-09-23,EGX:ESRS,11.64283410556369,12.046125087520654,11.704205035845174,11.88831615447998,648670
2021-09-26,EGX:ESRS,11.88831718350392,11.967221238801589,11.651602509296225,11.686671257019043,527773
2021-09-27,EGX:ESRS,11.686670235281053,11.748040329404319,10.520633430310072,10.529400825500488,2127978
2021-09-28,EGX:ESRS,10.529400825500488,10.529400825500488,10.529400825500488,10.529400825500488,0
2021-09-29,EGX:ESRS,10.801183948768852,11.35351733289065,10.555702723416342,11.160638809204102,942033
2021-09-30,EGX:ESRS,11.16063852712209,11.397353186950623,11.04666573102485,11.283379554748535,482901
2021-10-03,EGX:ESRS,11.283379554748535,11.581464310337866,11.108035826785649,11.283379554748535,728079
2021-10-04,EGX:ESRS,11.283379554748535,11.283379554748535,11.283379554748535,11.283379554748535,0
2021-10-05,EGX:ESRS,11.546395738102044,12.011056833206293,11.616533230340238,11.958454132080078,823852
2021-10-06,EGX:ESRS,11.958453878644747,12.072427510142585,11.748040570284592,11.85324764251709,432245
2021-10-10,EGX:ESRS,11.853248178068263,11.993523165909682,11.756808496848627,11.835713386535645,238017
2021-10-11,EGX:ESRS,11.835713335045272,12.054893211620184,11.835713335045272,11.923385620117188,1427309
2021-10-12,EGX:ESRS,11.923386156380715,12.00229021316836,11.835713867365671,11.905851364135742,129061
2021-10-13,EGX:ESRS,11.905850594849003,12.142565258231551,11.748040819260638,11.958454132080078,665753
2021-10-14,EGX:ESRS,11.958454366924979,12.072428003076517,11.87954947758123,11.923385620117188,340860
2021-10-17,EGX:ESRS,11.923385191619673,13.273533149355899,11.923385191619673,13.150792121887207,4512153
2021-10-18,EGX:ESRS,13.150792121887207,13.150792121887207,13.150792121887207,13.150792121887207,0
2021-10-19,EGX:ESRS,13.562851252447622,14.02751236544357,13.431342822358653,13.580385208129883,3073921
2021-10-20,EGX:ESRS,13.58038472293055,14.0275118642693,13.369972245631677,14.018744468688965,1574625
2021-10-24,EGX:ESRS,14.018745112019651,14.343132074539517,13.729427733430494,13.860936164855957,1411140
2021-10-25,EGX:ESRS,13.860935779538286,14.290527301383644,13.668057253805678,13.869702339172363,2174314
2021-10-26,EGX:ESRS,13.869702930340901,14.685052374509002,13.808332829762197,14.334364891052246,3642779
2021-10-27,EGX:ESRS,14.334363747298994,14.509706638931675,13.808331727981567,14.027511596679688,863365
2021-10-28,EGX:ESRS,14.027511881092565,14.29052705997916,13.869702104876717,13.904770851135254,582459
2021-10-31,EGX:ESRS,13.90477087237888,12.545856325705786,11.984755548607087,12.265305519104004,13788034
2021-11-01,EGX:ESRS,12.26530545159596,12.537088861097606,11.748040819260638,11.958454132080078,3813156
2021-11-02,EGX:ESRS,11.958454399841655,12.186400836667302,11.870782114528414,11.949687004089355,3239281
2021-11-03,EGX:ESRS,11.94968707594514,12.054893317290729,11.406121077607162,11.748041152954102,2376060
2021-11-04,EGX:ESRS,11.74804081856813,11.914617989702666,11.441189499070335,11.704205513000488,383490
2021-11-07,EGX:ESRS,11.704205513000488,11.704205513000488,11.704205513000488,11.704205513000488,0
2021-11-08,EGX:ESRS,11.704205513000488,11.704205513000488,11.704205513000488,11.704205513000488,0
2021-11-09,EGX:ESRS,11.704205513000488,11.704205513000488,11.704205513000488,11.704205513000488,0
2021-11-10,EGX:ESRS,12.160099504945148,12.27407314159252,11.616533509007207,11.835713386535645,1689174
2021-11-11,EGX:ESRS,11.835713394543959,12.274073149897438,11.835713394543959,12.230237007141113,796736
2021-11-14,EGX:ESRS,12.230236990019893,12.361745418104766,11.134337603170353,11.441189765930176,6129142
2021-11-15,EGX:ESRS,11.441189358286561,11.660369227847204,10.871321195765978,11.055432319641113,4117307
2021-11-16,EGX:ESRS,11.055432300615871,11.12556979186619,10.783649731047099,10.915157318115234,868450
2021-11-17,EGX:ESRS,10.91515800379701,11.125570490765917,10.801184364329295,10.923925399780273,727923
2021-11-18,EGX:ESRS,10.923925419695362,11.485026222073603,10.976528959585938,11.204475402832031,2780592
2021-11-21,EGX:ESRS,11.204474867673072,11.300914546848734,10.958993644153397,10.967761039733887,746031
2021-11-22,EGX:ESRS,10.967760888466112,11.020363589013826,10.669676131679557,10.941458702087402,1485746
2021-11-23,EGX:ESRS,10.941459387743457,11.08173521557252,10.871321891881376,10.950226783752441,1027203
2021-11-24,EGX:ESRS,10.950226483202812,11.00283002170802,10.87132159349744,10.932692527770996,430441
2021-11-25,EGX:ESRS,10.93269230952469,11.362284660339355,10.915157518338036,11.362284660339355,2037401
2021-11-28,EGX:ESRS,11.362284660339355,11.362284660339355,11.362284660339355,11.362284660339355,0
2021-11-29,EGX:ESRS,11.029131203311755,11.222009726725094,11.002829852516028,11.020363807678223,690527
2021-11-30,EGX:ESRS,11.020363581262096,11.598998303509052,10.915157344135817,11.563929557800293,2552488
2021-12-01,EGX:ESRS,11.563929557800293,11.563929557800293,11.563929557800293,11.563929557800293,0
2021-12-02,EGX:ESRS,11.520094249009926,11.590231740404718,11.274612193023307,11.309680938720703,645023
2021-12-05,EGX:ESRS,11.309681602739719,11.485026177626454,11.239544107226983,11.432422637939453,447540
2021-12-06,EGX:ESRS,11.432422585605094,11.967221195467767,11.36228509041343,11.914618492126465,2149275
2021-12-07,EGX:ESRS,11.914618580129648,12.054893571549071,11.406121318181789,11.458724021911621,1280039
2021-12-08,EGX:ESRS,11.458723927843856,12.405580948256858,11.309681541658023,12.168867111206055,5778559
2021-12-09,EGX:ESRS,12.168866876279,12.44064945564985,12.054893239860462,12.203935623168945,2290769
2021-12-12,EGX:ESRS,12.203935170553887,12.493252530692052,12.107496329209448,12.160099029541016,1458363
2021-12-13,EGX:ESRS,12.160099015039123,12.40558023387166,12.019824032849101,12.274072647094727,2354357
2021-12-14,EGX:ESRS,12.274072647094727,12.274072647094727,12.274072647094727,12.274072647094727,0
2021-12-15,EGX:ESRS,12.800104666412153,13.229697008395306,12.580924797714033,13.150792121887207,4450998
2021-12-16,EGX:ESRS,13.150792558419916,13.589152310367245,12.975448824861958,13.054353713989258,4117430
2021-12-19,EGX:ESRS,13.054353340307834,13.150792181977927,12.659828905964616,12.694897651672363,1183091
2021-12-20,EGX:ESRS,12.69489812175924,12.747501660321172,12.44941689271494,12.624760627746582,2167551
2021-12-21,EGX:ESRS,12.624759869808598,13.273532904633365,12.703664754861936,12.931612014770508,2619451
2021-12-22,EGX:ESRS,12.931612915614146,13.0981892564715,12.765036574756792,13.019285202026367,895827
2021-12-23,EGX:ESRS,13.019284329560513,13.229696799523532,12.931612049023506,12.957913398742676,1372405
2021-12-26,EGX:ESRS,12.957914037103846,13.063120277268256,12.72996760146673,12.800105094909668,471061
2021-12-27,EGX:ESRS,12.800105395171508,13.150792870612552,12.729967900083299,12.817639350891113,1702424
2021-12-28,EGX:ESRS,12.81763866466894,12.975448438221143,12.747501173335706,12.808871269226074,593588
2021-12-29,EGX:ESRS,12.808871701529384,12.975448876146483,12.843940448379582,12.966681480407715,471970
2021-12-30,EGX:ESRS,12.966681262590951,13.150792389487977,12.81763888195503,13.142024993896484,1265460
2022-01-02,EGX:ESRS,13.142025399677609,13.23846508195203,12.984216454682455,13.019285202026367,386437
2022-01-03,EGX:ESRS,13.019284750082846,13.142024943473361,12.887776325029618,12.975448608398438,335116
2022-01-04,EGX:ESRS,12.975448828517019,13.063120277268256,12.800105094909668,12.800105094909668,678427
2022-01-05,EGX:ESRS,12.800105094909668,13.019284970945074,12.756268952481612,12.800105094909668,1670902
2022-01-09,EGX:ESRS,12.800105094909668,12.800105094909668,12.800105094909668,12.800105094909668,0
2022-01-10,EGX:ESRS,12.6072259059417,12.949146795547755,12.475717485583298,12.677363395690918,2278788
2022-01-11,EGX:ESRS,12.677364063332087,12.83517384163114,12.580925218874262,12.800105094909668,954380
2022-01-12,EGX:ESRS,12.800104944769478,12.84394025057849,12.449416645563339,12.519554138183594,706043
2022-01-13,EGX:ESRS,12.519554054070797,12.615993732854363,12.309141577623691,12.326676368713379,792720
2022-01-16,EGX:ESRS,12.326676178511038,12.317908783101476,11.940919141538771,12.019824028015137,878517
2022-01-17,EGX:ESRS,12.01982406178956,12.230236535581207,11.835712938195655,12.046125411987305,385056
2022-01-18,EGX:ESRS,12.046125563001464,12.177633987848512,11.897083183171057,12.072427749633789,233751
2022-01-19,EGX:ESRS,12.072428069391357,12.125030771839556,11.967220992285197,11.975988388061523,201247
2022-01-20,EGX:ESRS,11.97598859139295,12.028592130839145,11.835713601009617,11.914618492126465,116486
2022-01-23,EGX:ESRS,11.914618228782658,11.923385624514058,11.616533462754076,11.669137001037598,236934
2022-01-24,EGX:ESRS,11.669136567785364,11.791876759048353,11.528860749605762,11.765575408935547,664110
2022-01-25,EGX:ESRS,11.765575692630879,11.923385469322561,11.669136849155331,11.897083282470703,876378
2022-01-26,EGX:ESRS,11.897083470769648,12.002289711527615,11.660369638090444,11.695438385009766,669852
2022-01-30,EGX:ESRS,11.695437984913587,11.923385250143637,11.704205380369709,11.818178176879883,489348
2022-01-31,EGX:ESRS,11.818178377243958,12.098729183862313,11.41488821268325,12.011056900024414,658522
2022-02-01,EGX:ESRS,12.011057392635598,12.352978310300811,11.96722124891879,12.22146987915039,1138526
2022-02-02,EGX:ESRS,12.221469559844348,12.537089117475356,12.142565506541473,12.317909240722656,720057
2022-02-03,EGX:ESRS,12.317909073844351,12.379279170950129,12.098729200061017,12.151331901550293,206617
2022-02-06,EGX:ESRS,12.151331376966974,12.493252266305712,12.011056397578209,12.423114776611328,653880
2022-02-07,EGX:ESRS,12.423115805805741,12.65982964410866,12.16886717557414,12.22146987915039,801466
2022-02-08,EGX:ESRS,12.221469611368873,12.361745435410086,12.18640086438479,12.230237007141113,341267
2022-02-09,EGX:ESRS,12.230236941337438,12.493252960355369,12.142565492401378,12.177634239196777,669282
2022-02-10,EGX:ESRS,12.177633351078747,12.247770839554398,11.835712467681331,11.862013816833496,768947
2022-02-13,EGX:ESRS,11.862013786891666,11.835712437805888,11.283379090375703,11.353516578674316,559825
2022-02-14,EGX:ESRS,11.353517998098722,11.344750601939086,11.046666657455734,11.143105506896973,357974
2022-02-15,EGX:ESRS,11.14310499893032,11.563929962150201,11.046666153885317,11.441189765930176,333245
2022-02-16,EGX:ESRS,11.44118958192042,11.59899852253738,11.30968115595061,11.388586044311523,280623
2022-02-17,EGX:ESRS,11.388585590928399,11.432421731173205,11.222009261323935,11.344749450683594,401031
2022-02-20,EGX:ESRS,11.344749903479261,11.222009709220753,11.134337425231934,11.134337425231934,366358
2022-02-21,EGX:ESRS,11.134337623946408,12.037358486286049,10.958993888944276,11.975988388061523,1489411
2022-02-22,EGX:ESRS,11.97598812049104,11.91461802363766,11.572697120944122,11.730506896972656,801907
2022-02-23,EGX:ESRS,11.730506963346418,11.9496868374685,11.669136866145791,11.783109664916992,258326
2022-02-24,EGX:ESRS,11.783109423687968,11.528860808355638,10.958993481746747,11.309680938720703,624387
2022-02-27,EGX:ESRS,11.30968131463437,11.879549496289513,11.353517457239361,11.809412002563477,393033
2022-02-28,EGX:ESRS,11.809411103951097,11.862013802190495,11.528860314289998,11.607765197753906,226909
2022-03-01,EGX:ESRS,11.607766344397389,11.870782369890179,11.686671235655716,11.800644874572754,507362
2022-03-02,EGX:ESRS,11.800644602220538,12.133798115341758,11.625300867973811,12.063660621643066,976656
2022-03-03,EGX:ESRS,12.063660419937463,12.659829106408333,12.361745181225329,12.633527755737305,2437190
2022-03-06,EGX:ESRS,12.633527451852125,13.326135800964963,12.62476005647105,13.23846435546875,3966158
2022-03-07,EGX:ESRS,13.238464452796894,13.554083163892377,12.905310950810346,13.063119888305664,2839732
2022-03-08,EGX:ESRS,13.063119888305664,13.063119888305664,13.063119888305664,13.063119888305664,0
2022-03-09,EGX:ESRS,12.80887165451138,13.054353717666544,12.712432810053556,12.800105094909668,301158
2022-03-10,EGX:ESRS,12.800105187689423,13.185861404421694,12.817639143124815,13.133257865905762,561263
2022-03-13,EGX:ESRS,13.133257331061031,13.475178227227843,13.115723376339702,13.150792121887207,1015888
2022-03-14,EGX:ESRS,13.150792577002417,13.150792577002417,12.940380096435547,12.940380096435547,181167
2022-03-15,EGX:ESRS,12.940379912262372,12.949147307854096,12.274072897178922,12.887776374816895,1029750
2022-03-16,EGX:ESRS,12.887777267841901,13.589153077787396,12.80010581416429,13.510248184204102,1517207
2022-03-17,EGX:ESRS,13.51024768952604,13.764496317260157,13.238465106140373,13.299835205078125,1010697
2022-03-20,EGX:ESRS,13.299834736658177,13.413808370746203,13.194628498139581,13.369972229003906,499598
2022-03-21,EGX:ESRS,13.369972389283891,14.202856584057605,13.413808531551698,14.04504680633545,3533006
2022-03-22,EGX:ESRS,14.045046538818628,14.500941071952575,14.027511747803544,14.053813934326172,1472360
2022-03-23,EGX:ESRS,14.053814793952188,14.904232143684538,13.896005009583135,14.869162559509277,1538630
2022-03-24,EGX:ESRS,14.869161549516928,15.11464360543988,14.395733900777298,14.448336601257324,1596792
2022-03-27,EGX:ESRS,14.448337515339224,14.553544595164958,13.764496513101372,13.887237548828125,1299090
2022-03-28,EGX:ESRS,13.887237198630759,13.931073341435239,12.370512008666992,12.370512008666992,5544852
2022-03-29,EGX:ESRS,12.370511451154,12.975448355161847,12.274072610214345,12.87024211883545,1834883
2022-03-30,EGX:ESRS,12.870242692895761,13.098189130384457,12.624760627746582,12.624760627746582,1162402
2022-03-31,EGX:ESRS,12.624760360145341,13.142024994603126,12.265305501923454,12.633527755737305,1956961
2022-04-03,EGX:ESRS,12.633527739060526,13.150792372835499,12.712432627074316,12.747501373291016,297560
2022-04-04,EGX:ESRS,12.747501556775026,12.887776543660907,12.756268952481612,12.800105094909668,369738
2022-04-05,EGX:ESRS,12.800105554144112,13.150793033940566,12.85270825806113,12.984216690063477,924365
2022-04-06,EGX:ESRS,12.98421672201242,13.142025670256677,12.896544433795128,13.010518074035645,507085
2022-04-07,EGX:ESRS,13.010517421922312,13.06312012333221,12.712432660250016,12.773802757263184,326654
2022-04-10,EGX:ESRS,12.773803666936377,12.87024335323048,12.300375140008262,12.466952323913574,201748
2022-04-11,EGX:ESRS,12.466951938378374,12.694898380513191,12.370512255066627,12.47571849822998,190172
2022-04-12,EGX:ESRS,12.475717979857482,12.615993801018318,12.274072897865736,12.379279136657715,512092
2022-04-13,EGX:ESRS,12.379279068733853,12.537088844108368,12.072427749633789,12.072427749633789,539752
2022-04-14,EGX:ESRS,12.072427589454907,12.054892798599345,11.239543418122349,11.537628173828125,1666848
2022-04-17,EGX:ESRS,11.537628340413077,11.590231877634427,11.07296724539473,11.195708274841309,447423
2022-04-18,EGX:ESRS,11.195708340603668,11.546395803789705,11.090501265542994,11.502559661865234,286482
2022-04-19,EGX:ESRS,11.50255986721344,12.212703037974,11.50255986721344,12.089962005615234,1252704
2022-04-20,EGX:ESRS,12.08996149378105,12.098728889172264,11.572696871167228,11.625300407409668,531515
2022-04-21,EGX:ESRS,11.625300658285376,12.274072881348637,11.669136800082594,12.239004135131836,1076713
2022-04-26,EGX:ESRS,12.23900460633999,12.317909497391888,12.107497011990086,12.168867111206055,228155
2022-04-27,EGX:ESRS,12.168866871494037,12.572157878622258,11.923385643360954,12.458184242248535,808796
2022-04-28,EGX:ESRS,12.458183765575685,13.054353275764663,12.361744924382405,12.896543502807617,1067223
2022-05-08,EGX:ESRS,12.896543555364815,13.238464452796894,12.537088703146521,13.063119888305664,1286169
2022-05-09,EGX:ESRS,13.06312010612705,13.150792389834558,12.537088912196584,12.887776374816895,1270140
2022-05-10,EGX:ESRS,12.887776867274388,12.931613010803176,12.624760842206566,12.703665733337402,681498
2022-05-11,EGX:ESRS,12.703665647976893,12.87024282504601,12.712433043844717,12.765036582946777,340552
2022-05-12,EGX:ESRS,12.765035920864648,12.870242157507164,11.96722049647542,12.274072647094727,758830
2022-05-15,EGX:ESRS,12.274073386439259,12.502020664281162,12.054893504538557,12.195168495178223,165433
2022-05-16,EGX:ESRS,12.195167741152973,12.440648959594323,12.098728900077226,12.133797645568848,1920083
2022-05-17,EGX:ESRS,12.133798427821676,12.458184553558207,12.142565823786017,12.22146987915039,498576
2022-05-18,EGX:ESRS,12.22146906292994,12.475717676181347,12.133797617456432,12.36174488067627,684285
2022-05-19,EGX:ESRS,12.361744909316808,12.44941635499344,12.116262854770614,12.133797645568848,638662
2022-05-22,EGX:ESRS,12.13379835228261,12.239004594885044,11.870782327724077,12.028592109680176,116081
2022-05-23,EGX:ESRS,12.028591912870036,12.054893264064082,11.818178595003028,11.835713386535645,330204
2022-05-24,EGX:ESRS,11.835713643867244,12.002289986524406,11.616533761573407,11.686671257019043,241090
2022-05-25,EGX:ESRS,11.686670720417899,11.660369369859655,11.134337342065589,11.195708274841309,917062
2022-05-26,EGX:ESRS,11.195708035264431,11.309680830612878,10.897623281633498,10.97652816772461,1158229
2022-05-29,EGX:ESRS,10.976528041043222,11.116803020873004,10.608305800937629,10.722278594970703,623277
2022-05-30,EGX:ESRS,10.722279704946736,11.03789927834168,10.608306899115137,10.888856887817383,230515
2022-05-31,EGX:ESRS,10.888856119277294,11.292147117624781,10.976528402611258,11.195708274841309,428465
2022-06-01,EGX:ESRS,11.19570815378581,11.371051882452946,10.783649764339406,10.941458702087402,468605
2022-06-02,EGX:ESRS,10.941458377648686,11.002829307941035,10.608305721112277,10.783649444580078,415229
2022-06-05,EGX:ESRS,10.783649444580078,10.783649444580078,10.783649444580078,10.783649444580078,0
2022-06-06,EGX:ESRS,11.467490629272525,11.695437892705412,11.371051788330078,11.371051788330078,754146
2022-06-07,EGX:ESRS,11.371051788330078,11.572696865601971,11.309680856725937,11.371051788330078,1157501
2022-06-08,EGX:ESRS,11.371052788438742,11.818179123138403,11.397354140808154,11.67790412902832,1122098
2022-06-09,EGX:ESRS,11.677903427147653,11.870781950508839,11.520094486311109,11.528861045837402,712904
2022-06-12,EGX:ESRS,11.528861442370864,11.704206016605546,11.406121243732462,11.660369873046875,1400208
2022-06-13,EGX:ESRS,12.40663368788348,11.940218894275947,11.679026858948102,11.800293922424316,1651111
2022-06-14,EGX:ESRS,11.800293928290914,11.94021890021211,11.660369845985338,11.884248733520508,952951
2022-06-15,EGX:ESRS,11.884248445854894,11.940218611191703,11.753652876095002,11.902905464172363,725150
2022-06-16,EGX:ESRS,11.9029051568557,11.912233665773586,11.511116678460267,11.753652572631836,955342
2022-06-19,EGX:ESRS,11.753652554677128,11.921561266864694,11.660369244871923,11.781637191772461,692634
2022-06-20,EGX:ESRS,11.781637213603426,11.874919633965906,11.175297477977216,11.249924659729004,1236710
2022-06-21,EGX:ESRS,11.249924973922507,11.473803856583752,11.221939446378151,11.287238121032715,697137
2022-06-22,EGX:ESRS,11.287238113280731,11.389849045359428,11.100671488242225,11.203283309936523,229043
2022-06-23,EGX:ESRS,11.203282955842681,11.231267592867727,11.007388717436214,11.026044845581055,244931
2022-06-26,EGX:ESRS,11.026045194073065,11.567086271607288,11.156641653676898,11.203283309936523,513665
2022-06-27,EGX:ESRS,11.20328296633553,11.427161841976725,11.063358001848105,11.109999656677246,2943940
2022-06-28,EGX:ESRS,11.90999984741211,12.069999694824219,10.949999809265137,11.260000228881836,1050410
2022-06-29,EGX:ESRS,11.260000228881836,11.550000190734863,11.199999809265137,11.199999809265137,1078257
2022-07-03,EGX:ESRS,11.199999809265137,11.369999885559082,10.680000305175781,11.0,1084231
2022-07-04,EGX:ESRS,11.0,11.149999618530273,10.760000228881836,10.899999618530273,650315
2022-07-05,EGX:ESRS,10.899999618530273,11.149999618530273,10.800000190734863,10.819999694824219,217592
2022-07-06,EGX:ESRS,10.819999694824219,11.069999694824219,10.760000228881836,11.0,73057
2022-07-07,EGX:ESRS,11.0,11.350000381469727,11.0,11.039999961853027,436540
2022-07-17,EGX:ESRS,11.039999961853027,11.199999809265137,10.8100004196167,10.960000038146973,122904
2022-07-18,EGX:ESRS,10.960000038146973,11.649999618530273,11.050000190734863,11.380000114440918,313782
2022-07-19,EGX:ESRS,11.380000114440918,11.779999732971191,11.25,11.680000305175781,779748
2022-07-20,EGX:ESRS,11.680000305175781,12.0,11.739999771118164,11.779999732971191,317373
2022-07-21,EGX:ESRS,11.779999732971191,12.1899995803833,11.75,11.8100004196167,864599
2022-07-24,EGX:ESRS,11.8100004196167,11.989999771118164,11.8100004196167,11.890000343322754,232595
2022-07-25,EGX:ESRS,11.890000343322754,11.970000267028809,11.550000190734863,11.550000190734863,1333179
2022-07-26,EGX:ESRS,11.550000190734863,12.0,11.550000190734863,11.739999771118164,677786
2022-07-27,EGX:ESRS,11.739999771118164,12.0,11.710000038146973,11.899999618530273,888099
2022-07-28,EGX:ESRS,11.899999618530273,12.300000190734863,11.899999618530273,12.180000305175781,1450187
2022-07-31,EGX:ESRS,12.180000305175781,12.600000381469727,12.229999542236328,12.399999618530273,2419315
2022-08-01,EGX:ESRS,12.399999618530273,12.550000190734863,12.069999694824219,12.100000381469727,838859
2022-08-02,EGX:ESRS,12.100000381469727,12.210000038146973,12.100000381469727,12.149999618530273,148577
2022-08-03,EGX:ESRS,12.149999618530273,12.300000190734863,12.109999656677246,12.140000343322754,198118
2022-08-04,EGX:ESRS,12.140000343322754,12.720000267028809,12.279999732971191,12.630000114440918,2886600
2022-08-07,EGX:ESRS,12.630000114440918,13.100000381469727,12.699999809265137,12.9399995803833,860556
2022-08-08,EGX:ESRS,12.9399995803833,13.210000038146973,12.850000381469727,13.069999694824219,877716
2022-08-09,EGX:ESRS,13.069999694824219,13.199999809265137,12.8100004196167,12.869999885559082,308105
2022-08-10,EGX:ESRS,12.869999885559082,12.989999771118164,12.699999809265137,12.760000228881836,238441
2022-08-11,EGX:ESRS,12.760000228881836,12.970000267028809,12.649999618530273,12.680000305175781,195460
2022-08-14,EGX:ESRS,12.680000305175781,12.960000038146973,12.65999984741211,12.6899995803833,302699
2022-08-15,EGX:ESRS,12.6899995803833,12.84000015258789,12.25,12.3100004196167,649293
2022-08-16,EGX:ESRS,12.3100004196167,12.449999809265137,12.270000457763672,12.279999732971191,349229
2022-08-17,EGX:ESRS,12.279999732971191,12.729999542236328,12.260000228881836,12.619999885559082,344814
2022-08-18,EGX:ESRS,12.619999885559082,12.619999885559082,12.619999885559082,12.619999885559082,0
2022-08-21,EGX:ESRS,12.930000305175781,13.529999732971191,12.890000343322754,13.300000190734863,1644349
2022-08-22,EGX:ESRS,13.300000190734863,13.420000076293945,13.029999732971191,13.130000114440918,531071
2022-08-23,EGX:ESRS,13.130000114440918,13.130000114440918,13.130000114440918,13.130000114440918,0
2022-08-24,EGX:ESRS,12.869999885559082,13.100000381469727,12.75,12.789999961853027,262261
2022-08-25,EGX:ESRS,12.789999961853027,13.079999923706055,12.75,12.850000381469727,561118
2022-08-28,EGX:ESRS,12.850000381469727,12.989999771118164,12.739999771118164,12.899999618530273,188172
2022-08-29,EGX:ESRS,12.899999618530273,13.09000015258789,12.859999656677246,12.880000114440918,316106
2022-08-30,EGX:ESRS,12.880000114440918,13.029999732971191,12.699999809265137,12.949999809265137,175527
2022-08-31,EGX:ESRS,12.949999809265137,13.100000381469727,12.800000190734863,12.84000015258789,228086
2022-09-01,EGX:ESRS,12.84000015258789,13.029999732971191,12.699999809265137,12.779999732971191,341323
2022-09-04,EGX:ESRS,12.779999732971191,13.1899995803833,12.699999809265137,13.1899995803833,1029391
2022-09-05,EGX:ESRS,13.1899995803833,14.680000305175781,13.1899995803833,14.329999923706055,4341668
2022-09-06,EGX:ESRS,14.329999923706055,14.800000190734863,14.140000343322754,14.800000190734863,2238187
2022-09-07,EGX:ESRS,14.800000190734863,14.800000190734863,14.1899995803833,14.270000457763672,808074
2022-09-08,EGX:ESRS,14.270000457763672,14.829999923706055,14.270000457763672,14.649999618530273,1093919
2022-09-11,EGX:ESRS,14.649999618530273,15.380000114440918,14.699999809265137,14.8100004196167,1410174
2022-09-12,EGX:ESRS,14.8100004196167,15.039999961853027,14.59000015258789,14.640000343322754,609347
2022-09-13,EGX:ESRS,14.640000343322754,14.800000190734863,14.430000305175781,14.520000457763672,524629
2022-09-14,EGX:ESRS,14.520000457763672,14.5,14.0600004196167,14.180000305175781,715900
2022-09-15,EGX:ESRS,14.180000305175781,14.289999961853027,13.899999618530273,13.989999771118164,610995
2022-09-18,EGX:ESRS,13.989999771118164,14.100000381469727,13.699999809265137,13.720000267028809,641111
2022-09-19,EGX:ESRS,13.720000267028809,13.899999618530273,13.3100004196167,13.729999542236328,537680
2022-09-20,EGX:ESRS,13.729999542236328,14.0,13.729999542236328,13.949999809265137,479163
2022-09-21,EGX:ESRS,13.949999809265137,14.050000190734863,13.600000381469727,13.729999542236328,178553
2022-09-22,EGX:ESRS,13.729999542236328,13.75,13.550000190734863,13.670000076293945,162705
2022-09-25,EGX:ESRS,13.670000076293945,13.649999618530273,13.3100004196167,13.380000114440918,312172
2022-09-26,EGX:ESRS,13.380000114440918,14.029999732971191,13.460000038146973,13.75,751743
2022-09-27,EGX:ESRS,13.75,13.989999771118164,13.649999618530273,13.760000228881836,143517
2022-09-28,EGX:ESRS,13.760000228881836,13.920000076293945,13.720000267028809,13.899999618530273,437390
2022-09-29,EGX:ESRS,13.899999618530273,14.229999542236328,13.899999618530273,14.029999732971191,1485490
2022-10-02,EGX:ESRS,14.029999732971191,14.25,13.869999885559082,13.930000305175781,246007
2022-10-03,EGX:ESRS,13.930000305175781,13.989999771118164,13.710000038146973,13.739999771118164,197428
2022-10-04,EGX:ESRS,13.739999771118164,14.069999694824219,13.829999923706055,13.880000114440918,562364
2022-10-05,EGX:ESRS,13.880000114440918,14.180000305175781,13.84000015258789,13.869999885559082,152751
2022-10-09,EGX:ESRS,13.869999885559082,14.0,13.609999656677246,13.630000114440918,190224
2022-10-10,EGX:ESRS,13.630000114440918,13.979999542236328,13.630000114440918,13.710000038146973,211687
2022-10-11,EGX:ESRS,13.710000038146973,13.779999732971191,13.149999618530273,13.210000038146973,898825
2022-10-12,EGX:ESRS,13.210000038146973,13.5,13.020000457763672,13.09000015258789,234640
2022-10-13,EGX:ESRS,13.09000015258789,13.300000190734863,13.050000190734863,13.1899995803833,334371
2022-10-16,EGX:ESRS,13.1899995803833,13.850000381469727,13.149999618530273,13.569999694824219,768351
2022-10-17,EGX:ESRS,13.569999694824219,14.09000015258789,13.520000457763672,13.960000038146973,756905
2022-10-18,EGX:ESRS,13.960000038146973,14.329999923706055,14.010000228881836,14.140000343322754,688820
2022-10-19,EGX:ESRS,14.140000343322754,14.300000190734863,13.899999618530273,14.119999885559082,404704
2022-10-20,EGX:ESRS,14.119999885559082,14.899999618530273,14.100000381469727,14.739999771118164,2512324
2022-10-23,EGX:ESRS,14.739999771118164,14.960000038146973,14.699999809265137,14.75,585506
2022-10-24,EGX:ESRS,14.75,14.800000190734863,14.5,14.520000457763672,393913
2022-10-25,EGX:ESRS,14.520000457763672,14.800000190734863,14.5,14.579999923706055,405064
2022-10-26,EGX:ESRS,14.579999923706055,14.579999923706055,14.579999923706055,14.579999923706055,0
2022-10-27,EGX:ESRS,15.520000457763672,17.0,15.720000267028809,16.200000762939453,6302404
2022-10-30,EGX:ESRS,16.200000762939453,16.389999389648438,15.449999809265137,15.800000190734863,4734224
2022-10-31,EGX:ESRS,15.800000190734863,16.93000030517578,15.449999809265137,16.639999389648438,3929532
2022-11-01,EGX:ESRS,16.639999389648438,17.059999465942383,16.459999084472656,16.899999618530273,3317197
2022-11-02,EGX:ESRS,16.899999618530273,17.700000762939453,16.559999465942383,17.530000686645508,4353499
2022-11-03,EGX:ESRS,17.530000686645508,17.600000381469727,17.100000381469727,17.219999313354492,1449962
2022-11-06,EGX:ESRS,17.219999313354492,17.219999313354492,16.5,16.709999084472656,980074
2022-11-07,EGX:ESRS,16.709999084472656,17.489999771118164,16.760000228881836,17.209999084472656,1120283
2022-11-08,EGX:ESRS,17.209999084472656,17.469999313354492,16.90999984741211,17.139999389648438,1131300
2022-11-09,EGX:ESRS,17.139999389648438,17.170000076293945,16.600000381469727,16.75,506619
2022-11-10,EGX:ESRS,16.75,17.639999389648438,16.600000381469727,17.549999237060547,2337395
2022-11-13,EGX:ESRS,17.549999237060547,18.0,17.450000762939453,17.520000457763672,1283801
2022-11-14,EGX:ESRS,17.520000457763672,17.700000762939453,17.219999313354492,17.549999237060547,627700
2022-11-15,EGX:ESRS,17.549999237060547,17.690000534057617,17.209999084472656,17.239999771118164,255757
2022-11-16,EGX:ESRS,17.239999771118164,17.700000762939453,17.18000030517578,17.559999465942383,947518
2022-11-17,EGX:ESRS,17.559999465942383,17.700000762939453,17.020000457763672,17.149999618530273,891540
2022-11-20,EGX:ESRS,17.149999618530273,17.31999969482422,16.860000610351562,16.950000762939453,389834
2022-11-21,EGX:ESRS,16.950000762939453,17.049999237060547,16.399999618530273,16.5,969788
2022-11-22,EGX:ESRS,16.5,16.600000381469727,15.600000381469727,15.960000038146973,6430348
2022-11-23,EGX:ESRS,15.960000038146973,16.25,15.720000267028809,15.819999694824219,2171140
2022-11-24,EGX:ESRS,15.819999694824219,16.299999237060547,15.8100004196167,16.18000030517578,3165308
2022-11-27,EGX:ESRS,16.18000030517578,16.790000915527344,16.110000610351562,16.610000610351562,3485246
2022-11-28,EGX:ESRS,16.610000610351562,16.850000381469727,16.360000610351562,16.40999984741211,1458490
2022-11-29,EGX:ESRS,16.40999984741211,16.700000762939453,16.309999465942383,16.700000762939453,840709
2022-11-30,EGX:ESRS,16.700000762939453,16.770000457763672,16.3799991607666,16.440000534057617,1218208
2022-12-01,EGX:ESRS,16.440000534057617,17.639999389648438,16.649999618530273,17.530000686645508,6311697
2022-12-04,EGX:ESRS,17.530000686645508,19.100000381469727,17.65999984741211,18.760000228881836,3512144
2022-12-05,EGX:ESRS,18.760000228881836,19.25,18.489999771118164,18.950000762939453,3647191
2022-12-06,EGX:ESRS,18.950000762939453,19.979999542236328,18.760000228881836,19.670000076293945,4459655
2022-12-07,EGX:ESRS,19.670000076293945,20.579999923706055,19.6200008392334,19.8700008392334,3345151
2022-12-08,EGX:ESRS,19.8700008392334,20.190000534057617,19.399999618530273,19.489999771118164,1815369
2022-12-11,EGX:ESRS,19.489999771118164,19.809999465942383,18.760000228881836,18.969999313354492,2787515
2022-12-12,EGX:ESRS,18.969999313354492,19.649999618530273,18.790000915527344,19.520000457763672,1617612
2022-12-13,EGX:ESRS,19.520000457763672,22.420000076293945,19.770000457763672,21.299999237060547,4236233
2022-12-14,EGX:ESRS,21.299999237060547,23.399999618530273,21.5,22.770000457763672,3479948
2022-12-15,EGX:ESRS,22.770000457763672,23.489999771118164,21.549999237060547,21.700000762939453,2096649
2022-12-18,EGX:ESRS,21.700000762939453,22.3799991607666,21.0,21.34000015258789,1279738
2022-12-19,EGX:ESRS,21.34000015258789,23.110000610351562,21.40999984741211,23.010000228881836,4832829
2022-12-20,EGX:ESRS,23.010000228881836,23.299999237060547,22.510000228881836,22.600000381469727,2195245
2022-12-21,EGX:ESRS,22.600000381469727,22.799999237060547,21.899999618530273,21.899999618530273,1095912
2022-12-22,EGX:ESRS,21.899999618530273,22.34000015258789,21.56999969482422,21.700000762939453,896477
2022-12-25,EGX:ESRS,21.700000762939453,21.469999313354492,20.510000228881836,20.81999969482422,2219620
2022-12-26,EGX:ESRS,20.81999969482422,22.290000915527344,20.809999465942383,22.0,1127209
2022-12-27,EGX:ESRS,22.0,22.989999771118164,22.010000228881836,22.209999084472656,631655
2022-12-28,EGX:ESRS,22.209999084472656,22.59000015258789,22.100000381469727,22.31999969482422,281442
2022-12-29,EGX:ESRS,22.31999969482422,23.5,22.299999237060547,23.25,1702223
2023-01-02,EGX:ESRS,23.25,25.520000457763672,23.399999618530273,25.450000762939453,2974334
2023-01-03,EGX:ESRS,25.450000762939453,25.940000534057617,25.200000762939453,25.709999084472656,885503
2023-01-04,EGX:ESRS,25.709999084472656,27.700000762939453,23.5,26.5,2320890
2023-01-05,EGX:ESRS,26.5,27.0,25.110000610351562,25.56999969482422,3106022
2023-01-09,EGX:ESRS,25.56999969482422,26.649999618530273,25.5,25.739999771118164,2477134
2023-01-10,EGX:ESRS,25.739999771118164,25.899999618530273,24.600000381469727,24.690000534057617,2224836
2023-01-11,EGX:ESRS,24.690000534057617,25.959999084472656,23.299999237060547,24.059999465942383,3746833
2023-01-12,EGX:ESRS,24.059999465942383,24.850000381469727,23.770000457763672,24.25,1737402
2023-01-15,EGX:ESRS,24.25,24.979999542236328,24.190000534057617,24.270000457763672,687965
2023-01-16,EGX:ESRS,24.270000457763672,25.299999237060547,24.219999313354492,24.739999771118164,654038
2023-01-17,EGX:ESRS,24.739999771118164,25.799999237060547,24.729999542236328,24.989999771118164,773753
2023-01-18,EGX:ESRS,24.989999771118164,25.440000534057617,24.399999618530273,24.510000228881836,565631
2023-01-19,EGX:ESRS,24.510000228881836,24.989999771118164,24.229999542236328,24.530000686645508,569838
2023-01-22,EGX:ESRS,24.530000686645508,25.25,24.549999237060547,25.030000686645508,398392
2023-01-23,EGX:ESRS,25.030000686645508,25.350000381469727,24.510000228881836,24.649999618530273,312859
2023-01-24,EGX:ESRS,24.649999618530273,24.979999542236328,24.229999542236328,24.299999237060547,774852
2023-01-25,EGX:ESRS,24.299999237060547,24.600000381469727,24.309999465942383,24.5,401730
2023-01-29,EGX:ESRS,24.5,26.299999237060547,24.549999237060547,26.299999237060547,1788165
2023-01-30,EGX:ESRS,26.299999237060547,26.5,24.799999237060547,24.940000534057617,1149582
2023-01-31,EGX:ESRS,24.940000534057617,25.200000762939453,23.600000381469727,23.700000762939453,1678347
2023-02-01,EGX:ESRS,23.700000762939453,24.450000762939453,23.5,24.0,1177814
2023-02-02,EGX:ESRS,24.0,24.5,22.5,22.649999618530273,1733677
2023-02-05,EGX:ESRS,22.649999618530273,23.299999237060547,22.0,22.989999771118164,1346787
2023-02-06,EGX:ESRS,22.989999771118164,23.93000030517578,23.200000762939453,23.56999969482422,896019
2023-02-07,EGX:ESRS,23.56999969482422,25.700000762939453,23.559999465942383,25.299999237060547,1517971
2023-02-08,EGX:ESRS,25.299999237060547,25.600000381469727,24.809999465942383,24.989999771118164,1004754
2023-02-09,EGX:ESRS,24.989999771118164,25.649999618530273,25.0,25.489999771118164,378145
2023-02-12,EGX:ESRS,25.489999771118164,27.0,25.299999237060547,26.290000915527344,1995021
2023-02-13,EGX:ESRS,26.290000915527344,26.889999389648438,26.0,26.170000076293945,1467736
2023-02-14,EGX:ESRS,26.170000076293945,27.450000762939453,26.170000076293945,27.020000457763672,1679543
2023-02-15,EGX:ESRS,27.020000457763672,27.5,26.850000381469727,27.399999618530273,1956932
2023-02-16,EGX:ESRS,27.399999618530273,28.940000534057617,27.350000381469727,27.969999313354492,2483476
2023-02-19,EGX:ESRS,27.969999313354492,28.5,27.549999237060547,27.649999618530273,372715
2023-02-20,EGX:ESRS,27.649999618530273,27.899999618530273,25.950000762939453,26.010000228881836,1296842
2023-02-21,EGX:ESRS,26.010000228881836,27.049999237060547,25.5,26.899999618530273,1075056
2023-02-22,EGX:ESRS,26.899999618530273,27.350000381469727,26.1299991607666,26.309999465942383,1327145
2023-02-23,EGX:ESRS,26.309999465942383,27.489999771118164,26.100000381469727,27.420000076293945,644615
2023-02-26,EGX:ESRS,27.420000076293945,29.0,27.049999237060547,27.690000534057617,1391634
2023-02-27,EGX:ESRS,27.690000534057617,28.100000381469727,27.510000228881836,27.780000686645508,1418155
2023-02-28,EGX:ESRS,27.780000686645508,28.84000015258789,27.75,28.84000015258789,3565572
2023-03-01,EGX:ESRS,28.84000015258789,29.489999771118164,28.110000610351562,29.360000610351562,2133947
2023-03-02,EGX:ESRS,29.360000610351562,30.0,28.6200008392334,29.600000381469727,1531672
2023-03-05,EGX:ESRS,29.600000381469727,30.0,29.399999618530273,29.5,361255
2023-03-06,EGX:ESRS,29.5,30.59000015258789,29.200000762939453,29.200000762939453,1137619
2023-03-07,EGX:ESRS,29.200000762939453,31.200000762939453,29.459999084472656,30.18000030517578,1687841
2023-03-08,EGX:ESRS,30.18000030517578,30.5,29.399999618530273,29.399999618530273,895925
2023-03-09,EGX:ESRS,29.399999618530273,30.360000610351562,29.399999618530273,30.0,911739
2023-03-12,EGX:ESRS,30.0,30.290000915527344,27.75,27.799999237060547,1456367
2023-03-13,EGX:ESRS,27.799999237060547,28.600000381469727,27.399999618530273,27.670000076293945,1390678
2023-03-14,EGX:ESRS,27.670000076293945,28.299999237060547,27.040000915527344,27.799999237060547,694060
2023-03-15,EGX:ESRS,27.799999237060547,28.799999237060547,25.020000457763672,25.969999313354492,1304140
2023-03-16,EGX:ESRS,25.969999313354492,27.75,25.549999237060547,26.8799991607666,1814228
2023-03-19,EGX:ESRS,26.8799991607666,27.100000381469727,25.799999237060547,26.940000534057617,751864
2023-03-20,EGX:ESRS,26.940000534057617,28.229999542236328,26.969999313354492,27.780000686645508,769334
2023-03-21,EGX:ESRS,27.780000686645508,30.579999923706055,27.850000381469727,30.1200008392334,1345236
2023-03-22,EGX:ESRS,30.1200008392334,31.0,30.010000228881836,30.299999237060547,983425
2023-03-23,EGX:ESRS,30.299999237060547,32.54999923706055,30.049999237060547,32.4900016784668,1071675
2023-03-26,EGX:ESRS,32.4900016784668,33.0,31.889999389648438,31.950000762939453,1021644
2023-03-27,EGX:ESRS,31.950000762939453,32.5,31.559999465942383,31.979999542236328,407640
2023-03-28,EGX:ESRS,31.979999542236328,35.099998474121094,31.739999771118164,34.33000183105469,1700381
2023-03-29,EGX:ESRS,34.33000183105469,36.290000915527344,34.709999084472656,35.0099983215332,1265560
2023-03-30,EGX:ESRS,35.0099983215332,36.0,33.599998474121094,34.83000183105469,832172
2023-04-02,EGX:ESRS,34.83000183105469,38.400001525878906,34.650001525878906,37.90999984741211,2069415
2023-04-03,EGX:ESRS,37.90999984741211,40.400001525878906,38.02000045776367,38.5,1526964
2023-04-04,EGX:ESRS,38.5,39.29999923706055,37.81999969482422,38.41999816894531,967971
2023-04-05,EGX:ESRS,38.41999816894531,39.16999816894531,37.84000015258789,38.88999938964844,516551
2023-04-06,EGX:ESRS,38.88999938964844,40.77000045776367,39.060001373291016,40.20000076293945,1479645
2023-04-09,EGX:ESRS,40.20000076293945,41.70000076293945,40.25,40.540000915527344,851391
2023-04-10,EGX:ESRS,40.540000915527344,41.5,39.79999923706055,39.79999923706055,730810
2023-04-11,EGX:ESRS,39.79999923706055,41.119998931884766,39.90999984741211,40.869998931884766,925110
2023-04-12,EGX:ESRS,40.869998931884766,41.900001525878906,40.61000061035156,41.58000183105469,640814
2023-04-13,EGX:ESRS,41.58000183105469,42.25,41.400001525878906,41.540000915527344,586236
2023-04-18,EGX:ESRS,41.540000915527344,42.59000015258789,41.45000076293945,41.849998474121094,443570
2023-04-19,EGX:ESRS,41.849998474121094,42.939998626708984,42.0,42.5,406491
2023-04-26,EGX:ESRS,42.5,43.29999923706055,42.0,42.130001068115234,424953
2023-04-27,EGX:ESRS,42.130001068115234,42.70000076293945,41.25,41.540000915527344,782876
2023-04-30,EGX:ESRS,41.540000915527344,42.20000076293945,39.900001525878906,40.25,814628
2023-05-01,EGX:ESRS,40.25,40.25,40.25,40.25,0
2023-05-02,EGX:ESRS,40.540000915527344,41.38999938964844,39.709999084472656,40.029998779296875,1619874
2023-05-03,EGX:ESRS,40.029998779296875,40.9900016784668,39.90999984741211,40.04999923706055,483396
2023-05-07,EGX:ESRS,40.04999923706055,41.88999938964844,39.5,41.70000076293945,788704
2023-05-08,EGX:ESRS,41.70000076293945,44.70000076293945,42.11000061035156,44.0,2232373
2023-05-09,EGX:ESRS,44.0,44.900001525878906,43.29999923706055,43.79999923706055,1059610
2023-05-10,EGX:ESRS,43.79999923706055,44.36000061035156,42.939998626708984,44.29999923706055,505580
2023-05-11,EGX:ESRS,44.29999923706055,46.279998779296875,44.400001525878906,44.709999084472656,1679758
2023-05-14,EGX:ESRS,44.709999084472656,45.20000076293945,43.65999984741211,43.970001220703125,340908
2023-05-15,EGX:ESRS,43.970001220703125,45.16999816894531,43.20000076293945,43.5,703626
2023-05-16,EGX:ESRS,43.5,43.869998931884766,42.400001525878906,42.939998626708984,589371
2023-05-17,EGX:ESRS,42.939998626708984,43.29999923706055,40.349998474121094,40.70000076293945,1462621
2023-05-18,EGX:ESRS,40.70000076293945,41.70000076293945,39.5,40.2400016784668,1218756
2023-05-21,EGX:ESRS,40.2400016784668,40.9900016784668,37.20000076293945,38.79999923706055,725719
2023-05-22,EGX:ESRS,38.79999923706055,39.5,36.5,37.77000045776367,2781053
2023-05-23,EGX:ESRS,37.77000045776367,38.45000076293945,36.0,38.25,3455106
2023-05-24,EGX:ESRS,38.25,39.25,38.29999923706055,38.810001373291016,823605
2023-05-25,EGX:ESRS,38.810001373291016,39.4900016784668,37.90999984741211,37.939998626708984,712314
2023-05-28,EGX:ESRS,37.939998626708984,38.47999954223633,36.90999984741211,37.400001525878906,875747
2023-05-29,EGX:ESRS,37.400001525878906,38.0,36.900001525878906,37.79999923706055,899732
2023-05-30,EGX:ESRS,37.79999923706055,39.599998474121094,38.099998474121094,39.4900016784668,969869
2023-05-31,EGX:ESRS,39.4900016784668,39.9900016784668,38.720001220703125,39.189998626708984,706524
2023-06-01,EGX:ESRS,39.189998626708984,39.349998474121094,38.15999984741211,38.5,461246
2023-06-04,EGX:ESRS,38.5,38.900001525878906,37.93000030517578,38.0,244862
2023-06-05,EGX:ESRS,38.0,38.400001525878906,37.029998779296875,37.060001373291016,696516
2023-06-06,EGX:ESRS,37.060001373291016,37.47999954223633,36.0099983215332,36.04999923706055,1232539
2023-06-07,EGX:ESRS,36.04999923706055,36.400001525878906,33.599998474121094,34.310001373291016,2635798
2023-06-08,EGX:ESRS,34.310001373291016,35.189998626708984,33.810001373291016,34.560001373291016,1338068
2023-06-11,EGX:ESRS,34.560001373291016,35.93000030517578,34.7599983215332,35.58000183105469,564723
2023-06-12,EGX:ESRS,35.58000183105469,35.9900016784668,35.400001525878906,35.4900016784668,135515
2023-06-13,EGX:ESRS,35.4900016784668,36.09000015258789,34.79999923706055,35.400001525878906,1078151
2023-06-14,EGX:ESRS,35.400001525878906,36.400001525878906,35.599998474121094,35.900001525878906,913533
2023-06-15,EGX:ESRS,35.900001525878906,36.150001525878906,35.2599983215332,36.02000045776367,939600
2023-06-18,EGX:ESRS,36.02000045776367,39.5,36.279998779296875,38.5,3843533
2023-06-19,EGX:ESRS,38.5,38.79999923706055,37.0,38.33000183105469,1162460
2023-06-20,EGX:ESRS,38.33000183105469,38.400001525878906,36.5099983215332,36.5099983215332,726899
2023-06-21,EGX:ESRS,36.5099983215332,37.099998474121094,35.70000076293945,35.70000076293945,860734
2023-06-22,EGX:ESRS,35.70000076293945,36.400001525878906,35.0,35.970001220703125,545567
2023-06-25,EGX:ESRS,35.970001220703125,37.0,35.52000045776367,35.59000015258789,632947
2023-06-26,EGX:ESRS,35.59000015258789,36.290000915527344,35.5,36.0,272934
2023-07-04,EGX:ESRS,36.0,36.599998474121094,35.900001525878906,36.400001525878906,278816
2023-07-05,EGX:ESRS,36.400001525878906,37.5,36.150001525878906,37.459999084472656,326655
2023-07-06,EGX:ESRS,37.459999084472656,38.18000030517578,36.220001220703125,36.599998474121094,256919
2023-07-09,EGX:ESRS,36.599998474121094,37.47999954223633,35.91999816894531,36.0,804018
2023-07-10,EGX:ESRS,36.0,40.0,36.0,39.0,1236444
2023-07-11,EGX:ESRS,39.0,42.0,39.75,41.150001525878906,3805451
2023-07-12,EGX:ESRS,41.150001525878906,41.95000076293945,40.400001525878906,40.560001373291016,746616
2023-07-13,EGX:ESRS,40.560001373291016,41.54999923706055,40.099998474121094,40.099998474121094,717163
2023-07-16,EGX:ESRS,40.099998474121094,41.29999923706055,40.349998474121094,40.599998474121094,492276
2023-07-17,EGX:ESRS,40.599998474121094,41.130001068115234,40.0,40.97999954223633,996156
2023-07-18,EGX:ESRS,40.97999954223633,41.22999954223633,40.5,40.650001525878906,465509
2023-07-19,EGX:ESRS,40.650001525878906,40.650001525878906,40.650001525878906,40.650001525878906,0
2023-07-24,EGX:ESRS,40.209999084472656,40.45000076293945,36.41999816894531,38.4900016784668,440325
2023-07-25,EGX:ESRS,38.4900016784668,41.130001068115234,38.880001068115234,40.70000076293945,1353053
2023-07-26,EGX:ESRS,40.70000076293945,40.900001525878906,39.349998474121094,39.369998931884766,910595
2023-07-27,EGX:ESRS,39.369998931884766,39.650001525878906,38.150001525878906,38.400001525878906,1322035
2023-07-30,EGX:ESRS,38.400001525878906,39.68000030517578,38.5,39.06999969482422,805625
2023-07-31,EGX:ESRS,39.06999969482422,40.0,39.130001068115234,40.0,724458
2023-08-01,EGX:ESRS,40.0,40.400001525878906,39.0,39.220001220703125,827699
2023-08-02,EGX:ESRS,39.220001220703125,39.939998626708984,39.0,39.779998779296875,609304
2023-08-03,EGX:ESRS,39.779998779296875,40.18000030517578,39.5099983215332,40.0,343900
2023-08-06,EGX:ESRS,40.0,41.68000030517578,39.709999084472656,41.5,1397758
2023-08-07,EGX:ESRS,41.5,43.5,41.0099983215332,43.5,2418477
2023-08-08,EGX:ESRS,43.5,44.0,43.04999923706055,43.13999938964844,627863
2023-08-09,EGX:ESRS,43.13999938964844,46.0,43.20000076293945,45.029998779296875,1683537
2023-08-10,EGX:ESRS,45.029998779296875,45.5,44.11000061035156,44.599998474121094,1027370
2023-08-13,EGX:ESRS,44.599998474121094,49.9900016784668,44.599998474121094,47.150001525878906,2617861
2023-08-14,EGX:ESRS,47.150001525878906,49.47999954223633,47.5,47.77000045776367,2286769
2023-08-15,EGX:ESRS,47.77000045776367,48.09000015258789,46.0099983215332,46.0099983215332,1333351
2023-08-16,EGX:ESRS,46.0099983215332,47.400001525878906,45.720001220703125,47.290000915527344,1137145
2023-08-17,EGX:ESRS,47.290000915527344,47.5,46.54999923706055,46.900001525878906,490889
2023-08-20,EGX:ESRS,46.900001525878906,47.5,46.709999084472656,46.72999954223633,611569
2023-08-21,EGX:ESRS,46.72999954223633,47.25,46.66999816894531,46.83000183105469,291446
2023-08-22,EGX:ESRS,46.83000183105469,49.459999084472656,46.70000076293945,48.619998931884766,1623794
2023-08-23,EGX:ESRS,48.619998931884766,49.09000015258789,47.27000045776367,47.5099983215332,637904
2023-08-24,EGX:ESRS,47.5099983215332,51.0,47.79999923706055,51.0,2160460
2023-08-27,EGX:ESRS,51.0,52.70000076293945,50.900001525878906,50.95000076293945,1131470
2023-08-28,EGX:ESRS,50.95000076293945,51.95000076293945,50.310001373291016,50.720001220703125,854252
2023-08-29,EGX:ESRS,50.720001220703125,51.79999923706055,50.5,51.119998931884766,563864
2023-08-30,EGX:ESRS,51.119998931884766,52.0099983215332,50.86000061035156,51.689998626708984,235450
2023-08-31,EGX:ESRS,51.689998626708984,51.689998626708984,51.689998626708984,51.689998626708984,0
2023-09-03,EGX:ESRS,50.720001220703125,51.689998626708984,49.0099983215332,49.54999923706055,489965
2023-09-04,EGX:ESRS,49.54999923706055,52.45000076293945,49.560001373291016,51.599998474121094,920033
2023-09-05,EGX:ESRS,51.599998474121094,52.599998474121094,50.97999954223633,51.060001373291016,647517
2023-09-06,EGX:ESRS,51.060001373291016,51.5,49.900001525878906,50.790000915527344,878118
2023-09-07,EGX:ESRS,50.790000915527344,50.779998779296875,49.41999816894531,49.810001373291016,859906
2023-09-10,EGX:ESRS,49.810001373291016,49.810001373291016,49.810001373291016,49.810001373291016,0
2023-09-11,EGX:ESRS,50.22999954223633,50.849998474121094,49.15999984741211,49.15999984741211,559287
2023-09-12,EGX:ESRS,49.15999984741211,49.5,48.11000061035156,48.5,715062
2023-09-13,EGX:ESRS,48.5,51.0,47.900001525878906,50.95000076293945,1035136
2023-09-14,EGX:ESRS,50.95000076293945,51.599998474121094,50.560001373291016,50.970001220703125,587566
2023-09-17,EGX:ESRS,50.970001220703125,51.970001220703125,50.560001373291016,50.880001068115234,802902
2023-09-18,EGX:ESRS,50.880001068115234,51.400001525878906,50.349998474121094,51.0,510497
2023-09-19,EGX:ESRS,51.0,51.72999954223633,50.4900016784668,50.4900016784668,518589
2023-09-20,EGX:ESRS,50.4900016784668,50.4900016784668,50.4900016784668,50.4900016784668,0
2023-09-21,EGX:ESRS,50.4900016784668,50.4900016784668,50.4900016784668,50.4900016784668,0
2023-09-24,EGX:ESRS,50.4900016784668,50.4900016784668,50.4900016784668,50.4900016784668,0
2023-09-25,EGX:ESRS,51.900001525878906,54.900001525878906,51.849998474121094,54.900001525878906,2035342
2023-09-26,EGX:ESRS,54.900001525878906,55.5,53.0,53.599998474121094,1254564
2023-09-27,EGX:ESRS,53.599998474121094,53.599998474121094,53.599998474121094,53.599998474121094,0
2023-10-01,EGX:ESRS,53.599998474121094,53.599998474121094,53.599998474121094,53.599998474121094,0
2023-10-02,EGX:ESRS,51.5099983215332,52.0,50.29999923706055,51.4900016784668,330692
2023-10-03,EGX:ESRS,51.4900016784668,51.93000030517578,49.099998474121094,49.099998474121094,299251
2023-10-04,EGX:ESRS,49.099998474121094,51.2400016784668,49.209999084472656,51.099998474121094,342543
2023-10-08,EGX:ESRS,51.099998474121094,51.5,45.79999923706055,51.4900016784668,1303307
2023-10-09,EGX:ESRS,51.4900016784668,51.70000076293945,49.04999923706055,51.52000045776367,686962
2023-10-10,EGX:ESRS,51.52000045776367,52.9900016784668,50.599998474121094,51.599998474121094,972991
2023-10-11,EGX:ESRS,51.599998474121094,56.09000015258789,52.0,56.09000015258789,2930373
2023-10-12,EGX:ESRS,56.09000015258789,58.9900016784668,55.29999923706055,57.2599983215332,935434
2023-10-15,EGX:ESRS,57.2599983215332,61.70000076293945,57.5099983215332,59.70000076293945,706023
2023-10-16,EGX:ESRS,59.70000076293945,62.20000076293945,59.58000183105469,60.040000915527344,1332177
2023-10-17,EGX:ESRS,60.040000915527344,71.0,59.720001220703125,66.9000015258789,2385690
2023-10-18,EGX:ESRS,66.9000015258789,68.8499984741211,64.5,67.5199966430664,1380433
2023-10-19,EGX:ESRS,67.5199966430664,67.5199966430664,67.5199966430664,67.5199966430664,0
2023-10-22,EGX:ESRS,65.5,72.0,65.5999984741211,71.58999633789062,551351
2023-10-23,EGX:ESRS,71.58999633789062,75.0,72.5,74.9000015258789,1196656
2023-10-24,EGX:ESRS,74.9000015258789,79.94999694824219,72.51000213623047,78.01000213623047,2415464
2023-10-25,EGX:ESRS,78.01000213623047,83.70999908447266,79.0,81.6500015258789,1892121
2023-10-26,EGX:ESRS,81.6500015258789,83.0,78.0,79.0,1021319
2023-10-29,EGX:ESRS,79.0,81.5,79.19999694824219,79.68000030517578,872421
2023-10-30,EGX:ESRS,79.68000030517578,80.55000305175781,75.75,77.0,1587864
2023-10-31,EGX:ESRS,77.0,77.5,73.69999694824219,74.91000366210938,1339754
2023-11-01,EGX:ESRS,74.91000366210938,75.80000305175781,69.5,72.5999984741211,665047
2023-11-02,EGX:ESRS,72.5999984741211,74.88999938964844,72.80000305175781,73.1500015258789,869599
2023-11-05,EGX:ESRS,73.1500015258789,76.44999694824219,73.30999755859375,75.05000305175781,847471
2023-11-06,EGX:ESRS,75.05000305175781,76.36000061035156,74.5,75.2300033569336,440510
2023-11-07,EGX:ESRS,75.2300033569336,77.0,74.91999816894531,75.5,576906
2023-11-08,EGX:ESRS,75.5,78.5,75.5,77.1500015258789,489468
2023-11-09,EGX:ESRS,77.1500015258789,79.22000122070312,77.1500015258789,78.94999694824219,298392
2023-11-12,EGX:ESRS,78.94999694824219,81.0,76.0199966430664,76.4800033569336,601994
2023-11-13,EGX:ESRS,76.4800033569336,78.19000244140625,75.0,77.01000213623047,343479
2023-11-14,EGX:ESRS,77.01000213623047,81.69999694824219,77.11000061035156,81.5,1452058
2023-11-15,EGX:ESRS,81.5,82.5999984741211,79.75,79.94000244140625,852147
2023-11-16,EGX:ESRS,79.94000244140625,81.0,80.0,80.18000030517578,469433
2023-11-19,EGX:ESRS,80.18000030517578,81.0,79.75,79.91999816894531,207953
2023-11-20,EGX:ESRS,79.91999816894531,80.4000015258789,77.36000061035156,77.4800033569336,660323
2023-11-21,EGX:ESRS,77.4800033569336,78.0,74.94999694824219,77.98999786376953,1001348
2023-11-22,EGX:ESRS,77.98999786376953,80.0,78.01000213623047,78.94999694824219,515101
2023-11-23,EGX:ESRS,78.94999694824219,79.36000061035156,78.23999786376953,78.87999725341797,101877
2023-11-26,EGX:ESRS,78.87999725341797,79.94999694824219,78.4000015258789,78.56999969482422,108240
2023-11-27,EGX:ESRS,78.56999969482422,79.48999786376953,78.0,78.1500015258789,137496
2023-11-28,EGX:ESRS,78.1500015258789,78.87999725341797,77.25,77.41999816894531,122688
2023-11-29,EGX:ESRS,77.41999816894531,77.4000015258789,74.9000015258789,76.0,427243
2023-11-30,EGX:ESRS,76.0,75.98999786376953,74.19999694824219,75.97000122070312,383373
2023-12-03,EGX:ESRS,75.97000122070312,76.01000213623047,73.25,73.25,249501
2023-12-04,EGX:ESRS,73.25,77.75,73.19999694824219,76.0,607480
2023-12-05,EGX:ESRS,76.0,78.0,74.0,74.0,667191
2023-12-06,EGX:ESRS,74.0,77.43000030517578,74.01000213623047,76.0,950610
2023-12-07,EGX:ESRS,76.0,76.05000305175781,74.05000305175781,74.55000305175781,551456
2023-12-10,EGX:ESRS,74.55000305175781,76.0,70.55000305175781,70.72000122070312,514618
2023-12-11,EGX:ESRS,70.72000122070312,72.44999694824219,69.5,69.5,620885
2023-12-12,EGX:ESRS,69.5,75.0,69.5,72.0,686675
2023-12-13,EGX:ESRS,72.0,76.0,72.0,74.27999877929688,1188435
2023-12-14,EGX:ESRS,74.27999877929688,76.69999694824219,75.0,75.30000305175781,730212
2023-12-17,EGX:ESRS,75.30000305175781,80.0,75.94999694824219,77.04000091552734,1512705
2023-12-18,EGX:ESRS,77.04000091552734,81.69999694824219,77.41000366210938,79.94999694824219,2859800
2023-12-19,EGX:ESRS,79.94999694824219,84.5,80.0,82.7699966430664,7636248
2023-12-20,EGX:ESRS,82.7699966430664,85.55999755859375,82.51000213623047,82.5999984741211,2368658
2023-12-21,EGX:ESRS,82.5999984741211,84.5,79.5999984741211,80.97000122070312,1492661
2023-12-24,EGX:ESRS,80.97000122070312,80.97000122070312,80.97000122070312,80.97000122070312,0
2023-12-25,EGX:ESRS,79.05000305175781,85.5,78.0999984741211,82.80000305175781,1776693
2023-12-26,EGX:ESRS,82.80000305175781,88.0,83.69999694824219,85.51000213623047,1321469
2023-12-27,EGX:ESRS,85.51000213623047,90.69999694824219,86.5,89.80000305175781,1531731
2023-12-28,EGX:ESRS,89.80000305175781,90.0999984741211,85.9000015258789,89.94999694824219,847003
2023-12-31,EGX:ESRS,89.94999694824219,92.5999984741211,90.0,92.0,289326
2024-01-02,EGX:ESRS,92.0,94.9000015258789,91.0,91.98999786376953,889294
2024-01-03,EGX:ESRS,91.98999786376953,93.0,91.41000366210938,91.5,568566
2024-01-04,EGX:ESRS,91.5,91.44999694824219,89.80999755859375,90.76000213623047,322613
2024-01-08,EGX:ESRS,90.76000213623047,93.0,89.80000305175781,90.22000122070312,255818
2024-01-09,EGX:ESRS,90.22000122070312,90.25,87.20999908447266,88.88999938964844,626725
2024-01-10,EGX:ESRS,88.88999938964844,89.8499984741211,86.91000366210938,88.0,1456934
2024-01-11,EGX:ESRS,88.0,88.8499984741211,86.30000305175781,86.80000305175781,1087886
2024-01-14,EGX:ESRS,86.80000305175781,90.80999755859375,87.80000305175781,88.8499984741211,801856
2024-01-15,EGX:ESRS,88.8499984741211,91.0,87.98999786376953,89.58000183105469,1121152
2024-01-16,EGX:ESRS,89.58000183105469,90.5999984741211,89.0199966430664,89.58000183105469,603846
2024-01-17,EGX:ESRS,89.58000183105469,91.4000015258789,86.0,89.86000061035156,6115817
2024-01-18,EGX:ESRS,89.86000061035156,90.5,89.0,89.75,221678
2024-01-21,EGX:ESRS,89.75,91.69999694824219,90.0999984741211,91.0,2098212
2024-01-22,EGX:ESRS,91.0,91.3499984741211,88.0,88.05999755859375,10317179
2024-01-23,EGX:ESRS,88.05999755859375,88.4000015258789,84.31999969482422,84.5,2538371
2024-01-24,EGX:ESRS,84.5,88.0,84.55000305175781,85.5,1291631
2024-01-28,EGX:ESRS,85.5,90.25,87.0,89.51000213623047,3116314
2024-01-29,EGX:ESRS,89.51000213623047,90.80000305175781,85.0,85.5,2341142
2024-01-30,EGX:ESRS,85.5,88.5,85.6500015258789,88.4000015258789,637006
2024-01-31,EGX:ESRS,88.4000015258789,89.19000244140625,79.19999694824219,79.19999694824219,1296938
2024-02-01,EGX:ESRS,79.19999694824219,83.94999694824219,74.0,83.69999694824219,1023701
2024-02-04,EGX:ESRS,83.69999694824219,84.0,78.0,80.08999633789062,1292929
2024-02-05,EGX:ESRS,80.08999633789062,81.5,80.0999984741211,80.16000366210938,419073
2024-02-06,EGX:ESRS,80.16000366210938,81.19000244140625,78.5,78.5,1603101
2024-02-07,EGX:ESRS,78.5,79.48999786376953,76.0999984741211,76.55000305175781,1081176
2024-02-08,EGX:ESRS,76.55000305175781,79.5,77.0,79.0,378822
2024-02-11,EGX:ESRS,79.0,79.9800033569336,77.0199966430664,77.1500015258789,405257
2024-02-12,EGX:ESRS,77.1500015258789,78.9000015258789,76.20999908447266,78.06999969482422,635585
2024-02-13,EGX:ESRS,78.06999969482422,80.9000015258789,78.80000305175781,79.02999877929688,910670
2024-02-14,EGX:ESRS,79.02999877929688,79.97000122070312,78.0999984741211,79.02999877929688,260542
2024-02-15,EGX:ESRS,79.02999877929688,79.8499984741211,78.48999786376953,79.0,390634
2024-02-18,EGX:ESRS,79.0,79.0,79.0,79.0,0
2024-02-19,EGX:ESRS,79.22000122070312,82.30000305175781,79.0,81.47000122070312,1141647
2024-02-20,EGX:ESRS,81.47000122070312,82.58999633789062,80.86000061035156,81.19999694824219,820785
2024-02-21,EGX:ESRS,81.19999694824219,82.0,80.75,80.76000213623047,245310
2024-02-22,EGX:ESRS,80.76000213623047,81.41999816894531,78.5,80.75,513860
2024-02-25,EGX:ESRS,80.75,78.23999786376953,72.0999984741211,74.0,1745823
2024-02-26,EGX:ESRS,74.0,77.0,72.5999984741211,75.0,1739248
2024-02-27,EGX:ESRS,75.0,76.0,69.0,71.98999786376953,2294918
2024-02-28,EGX:ESRS,71.98999786376953,76.0,69.0,72.0999984741211,2578510
2024-02-29,EGX:ESRS,72.0999984741211,81.48999786376953,72.5999984741211,78.5,4313387
2024-03-03,EGX:ESRS,78.5,84.0,77.0,77.0,797245
2024-03-04,EGX:ESRS,77.0,80.80000305175781,77.0199966430664,79.80000305175781,605928
2024-03-05,EGX:ESRS,79.80000305175781,81.5,77.06999969482422,77.9000015258789,1497771
2024-03-06,EGX:ESRS,77.9000015258789,82.0999984741211,73.80000305175781,74.5,2504499
2024-03-07,EGX:ESRS,74.5,78.5,72.0,78.01000213623047,1812198
2024-03-10,EGX:ESRS,78.01000213623047,80.5999984741211,77.30999755859375,77.30999755859375,1401909
2024-03-11,EGX:ESRS,77.30999755859375,78.0,73.98999786376953,74.0,1402992
2024-03-12,EGX:ESRS,74.0,75.79000091552734,70.0,70.94999694824219,1213717
2024-03-13,EGX:ESRS,70.94999694824219,72.0,59.5099983215332,65.0,3117385
2024-03-14,EGX:ESRS,65.0,66.0,62.029998779296875,64.0,837855
2024-03-17,EGX:ESRS,64.0,65.97000122070312,61.0,62.0,1281816
2024-03-18,EGX:ESRS,62.0,62.4900016784668,57.099998474121094,59.9900016784668,897264
2024-03-19,EGX:ESRS,59.9900016784668,59.75,57.02000045776367,59.0,1044733
2024-03-20,EGX:ESRS,59.0,63.459999084472656,59.0,59.040000915527344,513205
2024-03-21,EGX:ESRS,59.040000915527344,62.880001068115234,59.04999923706055,62.0,335642
2024-03-24,EGX:ESRS,62.0,62.970001220703125,60.5,61.0,262462
2024-03-25,EGX:ESRS,61.0,64.63999938964844,60.70000076293945,64.0,717775
2024-03-26,EGX:ESRS,64.0,65.25,60.0,61.099998474121094,1067002
2024-03-27,EGX:ESRS,61.099998474121094,61.25,59.25,59.2599983215332,537447
2024-03-28,EGX:ESRS,59.2599983215332,60.439998626708984,59.0099983215332,59.209999084472656,158107
2024-03-31,EGX:ESRS,59.209999084472656,64.4000015258789,57.25,63.810001373291016,919319
2024-04-01,EGX:ESRS,63.810001373291016,63.810001373291016,60.9900016784668,62.060001373291016,602843
2024-04-02,EGX:ESRS,62.060001373291016,64.30000305175781,60.81999969482422,60.81999969482422,768544
2024-04-03,EGX:ESRS,60.81999969482422,61.0,59.189998626708984,59.599998474121094,331626
2024-04-04,EGX:ESRS,59.599998474121094,61.5,60.040000915527344,60.599998474121094,502867
2024-04-07,EGX:ESRS,60.599998474121094,61.560001373291016,57.25,58.0,686700
2024-04-08,EGX:ESRS,58.0,58.70000076293945,56.79999923706055,58.29999923706055,1319010
2024-04-15,EGX:ESRS,58.29999923706055,62.150001525878906,58.70000076293945,61.93000030517578,1460729
2024-04-16,EGX:ESRS,61.93000030517578,66.5,62.619998931884766,65.05000305175781,2366368
2024-04-17,EGX:ESRS,65.05000305175781,66.9800033569336,65.0999984741211,65.95999908447266,1871089
2024-04-18,EGX:ESRS,65.95999908447266,69.0,59.650001525878906,62.0,2741403
2024-04-21,EGX:ESRS,62.0,68.19999694824219,63.0,65.79000091552734,2034591
2024-04-22,EGX:ESRS,65.79000091552734,68.0199966430664,64.9000015258789,65.5,1683782
2024-04-23,EGX:ESRS,65.5,65.69999694824219,62.0,62.0,788546
2024-04-24,EGX:ESRS,62.0,61.900001525878906,57.61000061035156,60.02000045776367,778852
2024-04-28,EGX:ESRS,60.02000045776367,60.02000045776367,60.02000045776367,60.02000045776367,0
2024-04-29,EGX:ESRS,59.0,62.0,59.0099983215332,61.5,1222366
2024-04-30,EGX:ESRS,61.5,62.349998474121094,57.0,57.150001525878906,1077680
2024-05-02,EGX:ESRS,58.459999084472656,61.099998474121094,58.599998474121094,60.5,1038545
2024-05-07,EGX:ESRS,60.5,62.0,59.099998474121094,60.86000061035156,523584
2024-05-08,EGX:ESRS,60.86000061035156,62.5,60.900001525878906,61.72999954223633,686511
2024-05-09,EGX:ESRS,61.72999954223633,63.95000076293945,61.5099983215332,63.02000045776367,1203847
2024-05-12,EGX:ESRS,63.02000045776367,64.37999725341797,58.9900016784668,59.0,833633
2024-05-13,EGX:ESRS,59.0,61.4900016784668,57.20000076293945,61.0,419479
2024-05-14,EGX:ESRS,61.0,61.9900016784668,60.25,60.83000183105469,227245
2024-05-15,EGX:ESRS,60.83000183105469,61.0099983215332,58.5,60.400001525878906,278941
2024-05-16,EGX:ESRS,60.400001525878906,65.0,59.29999923706055,64.0,731348
2024-05-19,EGX:ESRS,64.0,70.77999877929688,64.06999969482422,68.9800033569336,3228971
2024-05-20,EGX:ESRS,68.9800033569336,71.9000015258789,68.31999969482422,70.0,1569487
2024-05-21,EGX:ESRS,70.0,79.0,70.4000015258789,75.0199966430664,2898653
2024-05-22,EGX:ESRS,75.0199966430664,75.9800033569336,73.05000305175781,74.0999984741211,1021283
2024-05-23,EGX:ESRS,74.0999984741211,77.0,73.9000015258789,75.55000305175781,989554
2024-05-26,EGX:ESRS,75.55000305175781,75.55000305175781,75.55000305175781,75.55000305175781,0
2024-05-27,EGX:ESRS,78.5,79.75,77.26000213623047,77.2699966430664,1194077
2024-05-28,EGX:ESRS,77.2699966430664,78.0,73.62000274658203,77.3499984741211,858422
2024-05-29,EGX:ESRS,77.3499984741211,77.5999984741211,74.0999984741211,75.37999725341797,1377034
2024-05-30,EGX:ESRS,75.37999725341797,76.0,74.0,75.5999984741211,2735919
2024-06-02,EGX:ESRS,75.5999984741211,75.94999694824219,74.16000366210938,75.0999984741211,820288
2024-06-03,EGX:ESRS,75.0999984741211,76.0,75.0,75.19999694824219,974711
2024-06-04,EGX:ESRS,75.19999694824219,76.5,75.0,75.0,235536
2024-06-05,EGX:ESRS,75.0,75.0,70.12000274658203,72.93000030517578,1170758
2024-06-06,EGX:ESRS,72.93000030517578,73.88999938964844,71.9000015258789,72.5,440900
2024-06-09,EGX:ESRS,72.5,73.0,70.05999755859375,72.0,554734
2024-06-10,EGX:ESRS,72.0,75.05000305175781,70.30000305175781,74.5999984741211,924432
2024-06-11,EGX:ESRS,74.5999984741211,80.0,74.19999694824219,75.93000030517578,1433945
2024-06-12,EGX:ESRS,75.93000030517578,77.38999938964844,74.5,74.88999938964844,289009
2024-06-13,EGX:ESRS,74.88999938964844,79.0,74.88999938964844,78.5,1430521
2024-06-23,EGX:ESRS,78.5,82.0,79.0,81.62000274658203,950119
2024-06-24,EGX:ESRS,81.62000274658203,82.25,79.91999816894531,80.41000366210938,1205170
2024-06-25,EGX:ESRS,80.41000366210938,87.0,79.52999877929688,85.5,3668487
2024-06-26,EGX:ESRS,85.5,89.45999908447266,84.22000122070312,85.0,1485548
2024-06-27,EGX:ESRS,85.0,87.0,83.05000305175781,83.81999969482422,2346243
2024-07-02,EGX:ESRS,83.38999938964844,85.19999694824219,83.52999877929688,84.1500015258789,349993
2024-07-03,EGX:ESRS,84.1500015258789,90.5,84.1500015258789,85.5,927427
2024-07-04,EGX:ESRS,85.5,86.0,84.1500015258789,84.68000030517578,208271
2024-07-07,EGX:ESRS,84.68000030517578,87.0,84.0,84.05000305175781,274249
2024-07-08,EGX:ESRS,84.05000305175781,85.5,82.05000305175781,84.0,695862
2024-07-09,EGX:ESRS,84.0,90.0,84.0,86.51000213623047,2332550
2024-07-10,EGX:ESRS,86.51000213623047,87.0,82.0,82.0999984741211,2369101
2024-07-14,EGX:ESRS,82.0999984741211,83.37999725341797,80.5999984741211,80.5999984741211,652656
2024-07-15,EGX:ESRS,80.5999984741211,82.5,80.69999694824219,80.7699966430664,897687
2024-07-16,EGX:ESRS,80.7699966430664,81.8499984741211,78.5199966430664,79.95999908447266,929341
2024-07-17,EGX:ESRS,79.95999908447266,80.5,79.51000213623047,80.02999877929688,937432
2024-07-18,EGX:ESRS,80.02999877929688,82.0,80.19999694824219,81.69999694824219,987726
2024-07-21,EGX:ESRS,81.69999694824219,84.7300033569336,81.01000213623047,84.69999694824219,2512046
2024-07-22,EGX:ESRS,84.69999694824219,86.5,83.04000091552734,83.2699966430664,2769076
2024-07-23,EGX:ESRS,83.2699966430664,85.0,83.12000274658203,83.19999694824219,1171775
2024-07-24,EGX:ESRS,83.19999694824219,84.5,81.05999755859375,81.16000366210938,663822
2024-07-28,EGX:ESRS,81.16000366210938,82.0,79.80999755859375,80.0199966430664,770159
2024-07-29,EGX:ESRS,80.0199966430664,82.30000305175781,79.98999786376953,80.31999969482422,1369150
2024-07-30,EGX:ESRS,80.31999969482422,83.4000015258789,80.30000305175781,82.30000305175781,1701411
2024-07-31,EGX:ESRS,82.30000305175781,82.80000305175781,82.12000274658203,82.30000305175781,980984
2024-08-01,EGX:ESRS,82.30000305175781,87.0999984741211,82.11000061035156,85.51000213623047,4568872
2024-08-04,EGX:ESRS,85.51000213623047,86.19000244140625,83.0,85.05999755859375,1459916
2024-08-05,EGX:ESRS,85.05999755859375,84.26000213623047,81.19999694824219,82.69999694824219,1373456
2024-08-06,EGX:ESRS,82.69999694824219,85.44999694824219,82.75,85.0,1570683
2024-08-07,EGX:ESRS,85.0,95.0199966430664,85.11000061035156,95.0199966430664,5500784
2024-08-08,EGX:ESRS,95.0199966430664,99.0,92.5,92.80999755859375,4087071
2024-08-11,EGX:ESRS,92.80999755859375,100.0,93.5,97.0,2613954
2024-08-12,EGX:ESRS,97.0,101.9800033569336,96.19999694824219,96.51000213623047,2844053
2024-08-13,EGX:ESRS,96.51000213623047,94.98999786376953,91.0,92.05000305175781,2881964
2024-08-14,EGX:ESRS,92.05000305175781,97.0,91.0,91.87999725341797,3060585
2024-08-15,EGX:ESRS,91.87999725341797,93.69999694824219,91.0,91.05000305175781,696681
2024-08-18,EGX:ESRS,91.05000305175781,93.4800033569336,91.11000061035156,92.98999786376953,541794
2024-08-19,EGX:ESRS,92.98999786376953,94.75,91.80000305175781,93.0,450312
2024-08-20,EGX:ESRS,93.0,95.80000305175781,93.05000305175781,95.5,934971
2024-08-21,EGX:ESRS,95.5,96.5,92.2300033569336,92.30000305175781,1291575
2024-08-22,EGX:ESRS,92.30000305175781,99.0,92.3499984741211,99.0,1584441
2024-08-25,EGX:ESRS,99.0,105.0,95.5,103.0,2313754
2024-08-26,EGX:ESRS,103.0,105.5,96.69999694824219,97.51000213623047,1873983
2024-08-27,EGX:ESRS,97.51000213623047,99.44000244140625,97.0,97.5999984741211,491107
2024-08-28,EGX:ESRS,97.5999984741211,109.22000122070312,98.01000213623047,108.80000305175781,2394287
2024-08-29,EGX:ESRS,108.80000305175781,110.91999816894531,105.12000274658203,110.91999816894531,2246238
2024-09-01,EGX:ESRS,110.91999816894531,112.80000305175781,105.5999984741211,106.11000061035156,1101713
2024-09-02,EGX:ESRS,106.11000061035156,108.9000015258789,104.5,105.0,621898
2024-09-03,EGX:ESRS,105.0,106.9000015258789,105.0,105.01000213623047,498852
2024-09-04,EGX:ESRS,105.01000213623047,109.80999755859375,104.0,106.9800033569336,920281
2024-09-05,EGX:ESRS,106.9800033569336,109.80000305175781,107.11000061035156,108.5,988441
2024-09-08,EGX:ESRS,108.5,108.0,101.80000305175781,102.01000213623047,1163210
2024-09-09,EGX:ESRS,102.01000213623047,105.0,100.12000274658203,102.5999984741211,851721
2024-09-10,EGX:ESRS,102.5999984741211,102.5999984741211,97.33999633789062,97.98999786376953,2042738
2024-09-11,EGX:ESRS,97.98999786376953,101.95999908447266,95.0,101.52999877929688,1696165
2024-09-12,EGX:ESRS,101.52999877929688,103.0,97.97000122070312,97.97000122070312,528272
2024-09-16,EGX:ESRS,97.97000122070312,101.1500015258789,98.0,99.0,1745174
2024-09-17,EGX:ESRS,99.0,101.0,99.05000305175781,99.19999694824219,389185
2024-09-18,EGX:ESRS,99.19999694824219,109.0,99.19999694824219,108.19999694824219,2119451
2024-09-19,EGX:ESRS,108.19999694824219,109.5999984741211,105.11000061035156,105.12000274658203,756275
2024-09-22,EGX:ESRS,105.12000274658203,110.55000305175781,106.12000274658203,108.69999694824219,627827
2024-09-23,EGX:ESRS,108.69999694824219,114.19999694824219,109.0,112.0,1159939
2024-09-24,EGX:ESRS,112.0999984741211,114.9000015258789,111.0999984741211,111.51000213623047,569504
2024-09-25,EGX:ESRS,109.12000274658203,112.18000030517578,109.25,112.0999984741211,848039
2024-09-26,EGX:ESRS,112.0999984741211,114.9000015258789,111.0999984741211,111.51000213623047,569504
2024-09-29,EGX:ESRS,111.51000213623047,116.3499984741211,111.80000305175781,114.0,1348099
2024-09-30,EGX:ESRS,114.0,117.0,112.0,116.94000244140625,789768
2024-10-01,EGX:ESRS,116.94000244140625,117.0,112.01000213623047,112.6500015258789,1169324
2024-10-02,EGX:ESRS,112.6500015258789,112.48999786376953,108.0199966430664,109.0,1503663
2024-10-03,EGX:ESRS,109.0,110.98999786376953,108.98999786376953,109.0,231113
2024-10-07,EGX:ESRS,109.0,110.9000015258789,106.11000061035156,108.0,661796
2024-10-08,EGX:ESRS,108.0,107.7699966430664,101.61000061035156,104.5,1619453
2024-10-09,EGX:ESRS,104.5,107.0,102.0,107.0,596658
2024-10-10,EGX:ESRS,107.0,108.9000015258789,99.0,99.0,1963505
2024-10-13,EGX:ESRS,99.0,105.0,99.0,99.0,1605111
2024-10-14,EGX:ESRS,99.0,103.5,97.05000305175781,100.30000305175781,697618
2024-10-15,EGX:ESRS,100.30000305175781,102.87999725341797,99.0,100.80000305175781,581442
2024-10-16,EGX:ESRS,100.80000305175781,103.5,99.51000213623047,99.55000305175781,798792
2024-10-17,EGX:ESRS,99.55000305175781,101.80000305175781,98.5199966430664,99.0,355162
2024-10-20,EGX:ESRS,99.0,108.0,99.5,105.0,2128670
2024-10-21,EGX:ESRS,105.0,108.94999694824219,102.25,106.3499984741211,874270
2024-10-22,EGX:ESRS,106.3499984741211,107.69999694824219,104.51000213623047,106.02999877929688,925772
2024-10-23,EGX:ESRS,106.02999877929688,106.69999694824219,100.05000305175781,102.44999694824219,534903
2024-10-24,EGX:ESRS,102.44999694824219,104.19999694824219,101.5199966430664,101.9000015258789,406125
2024-10-27,EGX:ESRS,101.9000015258789,103.38999938964844,102.01000213623047,103.0,152933
2024-10-28,EGX:ESRS,103.0,108.5,102.51000213623047,107.0,1771301
2024-10-29,EGX:ESRS,107.0,111.0,106.5999984741211,110.4000015258789,2027232
2024-10-30,EGX:ESRS,110.4000015258789,112.94000244140625,107.01000213623047,107.12999725341797,843832
2024-10-31,EGX:ESRS,107.12999725341797,111.98999786376953,106.5,111.0,1057846
2024-11-03,EGX:ESRS,111.0,112.76000213623047,109.61000061035156,110.3499984741211,490480
2024-11-04,EGX:ESRS,110.3499984741211,112.3499984741211,110.0999984741211,111.26000213623047,522531
2024-11-05,EGX:ESRS,111.26000213623047,117.4000015258789,111.51000213623047,114.44999694824219,2155471
2024-11-06,EGX:ESRS,114.44999694824219,117.0,113.12000274658203,116.0,1281578
2024-11-07,EGX:ESRS,116.0,118.9800033569336,116.11000061035156,118.9800033569336,1262403
2024-11-10,EGX:ESRS,118.9800033569336,119.0,114.25,114.25,910396
2024-11-11,EGX:ESRS,114.25,116.38999938964844,114.29000091552734,115.0,346155
2024-11-12,EGX:ESRS,115.0,116.01000213623047,113.5199966430664,116.0,883461
2024-11-13,EGX:ESRS,116.0,117.0,113.80000305175781,114.0199966430664,302074
2024-11-14,EGX:ESRS,114.0199966430664,118.69000244140625,114.19999694824219,116.30000305175781,1337707
2024-11-17,EGX:ESRS,116.30000305175781,117.5,115.5,117.01000213623047,500736
2024-11-18,EGX:ESRS,117.01000213623047,117.5,113.98999786376953,114.0999984741211,1091981
2024-11-19,EGX:ESRS,114.0999984741211,116.0,114.0,115.26000213623047,357205
2024-11-20,EGX:ESRS,115.26000213623047,116.55000305175781,113.77999877929688,114.5,588320
2024-11-21,EGX:ESRS,114.5,116.4800033569336,113.94000244140625,115.4800033569336,1210796
2024-11-24,EGX:ESRS,115.4800033569336,116.4000015258789,112.55000305175781,112.5999984741211,299166
2024-11-25,EGX:ESRS,112.5999984741211,115.76000213623047,110.51000213623047,115.76000213623047,691543
2024-11-26,EGX:ESRS,115.76000213623047,115.69999694824219,113.0,113.0,538388
2024-11-27,EGX:ESRS,113.0,110.0,103.05000305175781,107.51000213623047,2140078
2024-11-28,EGX:ESRS,107.51000213623047,109.98999786376953,103.9000015258789,104.69999694824219,1158379
2024-12-01,EGX:ESRS,104.69999694824219,106.75,101.80000305175781,106.4000015258789,1667732
2024-12-02,EGX:ESRS,106.4000015258789,107.38999938964844,102.80000305175781,102.80000305175781,766954
2024-12-03,EGX:ESRS,102.80000305175781,106.47000122070312,103.0199966430664,104.66000366210938,851452
2024-12-04,EGX:ESRS,104.66000366210938,109.0,105.26000213623047,107.25,1990166
2024-12-05,EGX:ESRS,107.25,115.0,107.5,112.0,1478579
2024-12-08,EGX:ESRS,112.0,114.0,109.0,109.5999984741211,2660189
2024-12-09,EGX:ESRS,109.5999984741211,110.0,105.66000366210938,107.0,2305252
2024-12-10,EGX:ESRS,107.0,108.11000061035156,106.1500015258789,106.55000305175781,1314979
2024-12-11,EGX:ESRS,106.55000305175781,107.88999938964844,106.04000091552734,107.5,408865
2024-12-12,EGX:ESRS,107.5,107.97000122070312,105.30999755859375,106.0199966430664,834008
2024-12-15,EGX:ESRS,106.0199966430664,107.29000091552734,105.7699966430664,105.7699966430664,1253784
2024-12-16,EGX:ESRS,105.7699966430664,106.69000244140625,104.5199966430664,105.79000091552734,1060805
2024-12-17,EGX:ESRS,105.79000091552734,106.3499984741211,104.19999694824219,105.05999755859375,890523
2024-12-18,EGX:ESRS,105.05999755859375,105.5,103.61000061035156,103.9800033569336,458709
2024-12-19,EGX:ESRS,103.9800033569336,106.19999694824219,103.0,105.0,2161825
2024-12-22,EGX:ESRS,105.0,108.0,105.12000274658203,108.0,1056083
2024-12-23,EGX:ESRS,108.0,110.69999694824219,107.30000305175781,109.98999786376953,1546541
2024-12-24,EGX:ESRS,109.98999786376953,111.0,108.30999755859375,108.41999816894531,1118979
2024-12-25,EGX:ESRS,108.41999816894531,109.4800033569336,107.75,108.22000122070312,111076
2024-12-26,EGX:ESRS,108.22000122070312,109.0999984741211,107.7699966430664,108.9000015258789,539064
2024-12-29,EGX:ESRS,108.9000015258789,112.0,107.51000213623047,111.30999755859375,3153719
2024-12-30,EGX:ESRS,111.30999755859375,112.98999786376953,111.0199966430664,112.4800033569336,534824
2024-12-31,EGX:ESRS,112.4800033569336,115.0,111.0,114.9000015258789,2737153
2025-01-02,EGX:ESRS,114.9000015258789,119.6500015258789,113.9800033569336,114.5199966430664,880540
2025-01-05,EGX:ESRS,114.5199966430664,115.37999725341797,113.9000015258789,114.01000213623047,532542
2025-01-06,EGX:ESRS,114.01000213623047,115.48999786376953,113.9000015258789,115.0,595106
2025-01-08,EGX:ESRS,115.0,117.25,115.05000305175781,117.0,1346619
2025-01-09,EGX:ESRS,117.0,119.0999984741211,117.0,117.80999755859375,1654226
2025-01-12,EGX:ESRS,117.80999755859375,118.0,116.11000061035156,117.9800033569336,1071248
2025-01-13,EGX:ESRS,117.9800033569336,123.0,118.0,120.69000244140625,2452963
2025-01-14,EGX:ESRS,120.69000244140625,128.89999389648438,125.0,127.98999786376953,3765945
2025-01-15,EGX:ESRS,127.98999786376953,130.5,128.1999969482422,130.0,1234365
2025-01-16,EGX:ESRS,130.0,131.25,128.0,130.0,1600206
2025-01-19,EGX:ESRS,130.0,131.25,128.0,129.5,2555211
2025-01-20,EGX:ESRS,129.1699981689453,129.75,128.50999450683594,128.75,1244335
2025-01-21,EGX:ESRS,128.75,129.0,128.0,128.80999755859375,319001
2025-01-22,EGX:ESRS,128.80999755859375,130.27000427246094,128.10000610351562,129.5,682457
2025-01-23,EGX:ESRS,129.5,130.5,128.61000061035156,129.02999877929688,999461
2025-01-26,EGX:ESRS,129.02999877929688,130.5,129.02999877929688,129.99000549316406,1152711
2025-01-27,EGX:ESRS,129.99000549316406,130.6999969482422,129.80999755859375,130.3000030517578,722066
2025-01-28,EGX:ESRS,130.3000030517578,132.0,129.89999389648438,131.0,891971
2025-01-29,EGX:ESRS,131.0,134.10000610351562,131.99000549316406,133.0,3513882
2025-01-30,EGX:ESRS,133.0,134.0,133.0500030517578,133.61000061035156,2123033
2025-02-02,EGX:ESRS,133.61000061035156,133.82000732421875,132.6999969482422,133.0,749112
2025-02-03,EGX:ESRS,133.0,133.5500030517578,132.75999450683594,133.00999450683594,640508
2025-02-04,EGX:ESRS,133.00999450683594,133.3300018310547,132.3300018310547,132.50999450683594,484319
2025-02-05,EGX:ESRS,132.50999450683594,133.0,132.11000061035156,132.33999633789062,680175
2025-02-06,EGX:ESRS,132.33999633789062,133.0,131.86000061035156,132.97999572753906,1128835
2025-02-09,EGX:ESRS,132.97999572753906,133.39999389648438,131.3000030517578,131.52999877929688,853083
2025-02-10,EGX:ESRS,131.52999877929688,132.4600067138672,131.6999969482422,132.00999450683594,947534
2025-02-11,EGX:ESRS,132.00999450683594,132.22999572753906,131.75999450683594,132.00999450683594,829972
2025-02-12,EGX:ESRS,132.00999450683594,133.97000122070312,131.75999450683594,133.92999267578125,719757
2025-02-13,EGX:ESRS,133.92999267578125,134.0,133.0,133.88999938964844,1145115
2025-02-16,EGX:ESRS,133.88999938964844,134.0,132.99000549316406,133.6999969482422,1092261
2025-02-17,EGX:ESRS,133.6999969482422,134.5,133.10000610351562,134.49000549316406,1666477
2025-02-18,EGX:ESRS,134.49000549316406,135.5,134.11000061035156,135.25,1288824
2025-02-19,EGX:ESRS,135.25,135.49000549316406,134.5,135.0,2290774
2025-02-20,EGX:ESRS,135.0,136.10000610351562,135.10000610351562,136.0,2911853
2025-02-23,EGX:ESRS,136.0,136.92999267578125,136.02000427246094,136.5,1381959
2025-02-24,EGX:ESRS,136.5,136.8000030517578,136.25999450683594,136.5,347990
2025-02-25,EGX:ESRS,136.5,137.0,136.50999450683594,136.89999389648438,385978
2025-02-26,EGX:ESRS,136.89999389648438,137.0,136.50999450683594,136.6199951171875,12192
2025-02-27,EGX:ESRS,136.6199951171875,137.6699981689453,136.61000061035156,137.0800018310547,72925
2025-03-02,EGX:ESRS,137.0800018310547,137.5,137.0,137.1300048828125,8119
2025-03-03,EGX:ESRS,137.1300048828125,137.5,137.02000427246094,137.16000366210938,8078
2025-03-04,EGX:ESRS,137.16000366210938,137.5,137.17999267578125,137.30999755859375,8180
2025-03-05,EGX:ESRS,137.30999755859375,137.25,128.0,135.5800018310547,7799
2025-03-06,EGX:ESRS,135.5800018310547,140.0,133.25,138.44000244140625,15086
2025-03-09,EGX:ESRS,138.14999389648438,138.0,134.00999450683594,138.14999389648438,1797
2025-03-10,EGX:ESRS,138.14999389648438,137.89999389648438,131.0,133.89999389648438,8099
2025-03-11,EGX:ESRS,133.89999389648438,136.14999389648438,133.89999389648438,133.89999389648438,1947
2025-03-12,EGX:ESRS,133.89999389648438,135.89999389648438,134.14999389648438,133.89999389648438,1352
2025-03-13,EGX:ESRS,133.89999389648438,133.89999389648438,133.89999389648438,133.89999389648438,0
