date,symbol,open,high,low,close,volume
2005-08-31,EGX:EXPA,1.58883105,1.60301748,1.58883105,1.59876119,20850.74015593
2005-09-01,EGX:EXPA,1.59166834,1.60585477,1.59166834,1.59876119,6644.25813313
2005-09-04,EGX:EXPA,1.60159848,1.6512499,1.60159848,1.62287776,73529.33193984
2005-09-05,EGX:EXPA,1.6186222,1.63138962,1.60727305,1.62287776,73618.65495507
2005-09-06,EGX:EXPA,1.63138962,1.64415705,1.61720319,1.62997061,89729.7785027
2005-09-07,EGX:EXPA,1.61011034,1.6186222,1.60869206,1.6143659,27511.48869186
2005-09-08,EGX:EXPA,1.61152861,1.67394747,1.61011034,1.65408719,126118.60070852
2005-09-11,EGX:EXPA,1.5831572,1.7009006,1.5831572,1.67962204,710831.18102657
2005-09-12,EGX:EXPA,1.63848247,1.7023196,1.63138962,1.67536575,342020.57372887
2005-09-13,EGX:EXPA,1.7377846,1.77324959,1.6186222,1.70515616,165573.2636372
2005-09-14,EGX:EXPA,1.69522602,1.75764488,1.69522602,1.70515616,241423.61977287
2005-09-15,EGX:EXPA,1.7023196,1.74487745,1.60301748,1.65834275,187428.54416444
2005-09-18,EGX:EXPA,1.6186222,1.6328079,1.61011034,1.62287776,216389.81410355
2005-09-19,EGX:EXPA,1.59592463,1.61720319,1.59592463,1.60443576,242880.27202129
2005-09-20,EGX:EXPA,1.58883105,1.62855233,1.5831572,1.60443576,176101.01163262
2005-09-21,EGX:EXPA,1.57464534,1.63138962,1.57464534,1.6186222,53259.87848305
2005-09-22,EGX:EXPA,1.64557533,1.65976103,1.64557533,1.65692375,41546.19568537
2005-09-25,EGX:EXPA,1.68671489,1.7023196,1.66969117,1.69380774,311511.95432587
2005-09-26,EGX:EXPA,1.7023196,1.72927274,1.67536575,1.69806331,562091.87026027
2005-09-27,EGX:EXPA,1.73494731,1.84417957,1.73494731,1.801621,902254.52527229
2005-09-28,EGX:EXPA,1.84417957,1.87964384,1.77466787,1.82857486,658621.19152258
2005-09-29,EGX:EXPA,1.83566771,1.84417957,1.7377846,1.820063,163318.20105261
2005-10-02,EGX:EXPA,1.84417957,1.84417957,1.79594715,1.81580743,103815.33090487
2005-10-03,EGX:EXPA,1.79452815,1.81580743,1.65550547,1.70515616,376408.56039347
2005-10-04,EGX:EXPA,1.7009006,1.7023196,1.67536575,1.69238874,44602.41700659
2005-10-05,EGX:EXPA,1.69948232,1.75480759,1.66685461,1.71792359,46592.25894594
2005-10-09,EGX:EXPA,1.72359816,1.72359816,1.68813317,1.71083074,19186.58367212
2005-10-10,EGX:EXPA,1.75764488,1.77183058,1.71650531,1.74204016,31713.79300853
2005-10-11,EGX:EXPA,1.72501717,1.82290029,1.72501717,1.78459801,135681.66013942
2005-10-12,EGX:EXPA,1.74629573,1.81438843,1.74629573,1.79310987,114884.51379263
2005-10-13,EGX:EXPA,1.84276056,1.84417957,1.801621,1.83283043,643646.53156877
2005-10-16,EGX:EXPA,1.84134229,1.87964384,1.83992328,1.85694627,490656.8194776
2005-10-17,EGX:EXPA,1.91369055,1.94915554,1.84417957,1.91085326,444465.82700009
2005-10-18,EGX:EXPA,1.90092312,1.90092312,1.85410971,1.8697137,272025.6847918
2005-10-19,EGX:EXPA,1.84701613,1.85127242,1.77324959,1.8342487,243884.8123926
2005-10-20,EGX:EXPA,1.84417957,1.85836528,1.81155114,1.84559785,287451.08242248
2005-10-23,EGX:EXPA,1.81580743,1.85836528,1.81580743,1.84701613,152022.27512618
2005-10-24,EGX:EXPA,1.84417957,1.84417957,1.76048216,1.82148128,280909.88930693
2005-10-25,EGX:EXPA,1.75906316,1.75906316,1.70941246,1.73069102,141590.72114716
2005-10-26,EGX:EXPA,1.70373788,1.70373788,1.65976103,1.67678475,129003.04700044
2005-10-27,EGX:EXPA,1.7023196,1.7023196,1.65976103,1.67678475,72942.54843977
2005-10-30,EGX:EXPA,1.69948232,1.73069102,1.69522602,1.70373788,197597.62589869
2005-10-31,EGX:EXPA,1.74345844,1.87255098,1.70657517,1.81013286,884950.59592124
2005-11-01,EGX:EXPA,1.85552799,1.88390013,1.84417957,1.84843514,425756.0908093
2005-11-06,EGX:EXPA,1.84417957,1.85694627,1.77466787,1.8342487,618500.04148023
2005-11-07,EGX:EXPA,1.78176072,1.85836528,1.78176072,1.83566771,342596.36362707
2005-11-08,EGX:EXPA,1.84417957,2.25557304,1.84417957,2.02008552,1380123.03736894
2005-11-09,EGX:EXPA,2.19741048,2.39743301,2.13215507,2.26266589,1779975.45376057
2005-11-10,EGX:EXPA,2.26975875,2.33359588,2.1449225,2.2087589,891096.0193693
2005-11-13,EGX:EXPA,2.25557304,2.25557304,2.01582996,2.11938765,654869.62488278
2005-11-14,EGX:EXPA,2.07115523,2.07115523,1.92929526,2.0087371,483987.82574025
2005-11-15,EGX:EXPA,1.94348097,2.00164352,1.94348097,1.98745782,256247.1177009
2005-11-16,EGX:EXPA,1.98603881,2.05413224,1.9392254,1.98462053,662037.45330519
2005-11-17,EGX:EXPA,1.98603881,2.0073181,1.97185311,1.9888761,365955.0192107
2005-11-20,EGX:EXPA,2.00022524,2.00306253,1.98036497,1.99029511,383465.0785969
2005-11-21,EGX:EXPA,2.00022524,2.16194549,2.00022524,2.11513135,847646.55635934
2005-11-22,EGX:EXPA,2.12789878,2.15627092,1.98603881,2.05980608,900186.35391958
2005-11-23,EGX:EXPA,1.91936512,1.98745782,1.8342487,1.88531841,632456.41906038
2005-11-24,EGX:EXPA,1.96901582,1.96901582,1.84417957,1.85694627,623198.43208151
2005-11-27,EGX:EXPA,1.84701613,1.88531841,1.83708599,1.84701613,400059.92062702
2005-11-28,EGX:EXPA,1.80871458,1.87255098,1.80871458,1.84417957,295337.61756747
2005-11-29,EGX:EXPA,1.84417957,1.84417957,1.79169086,1.82573757,120396.43093265
2005-11-30,EGX:EXPA,1.84417957,1.84417957,1.75906316,1.80020272,998341.35405913
2005-12-01,EGX:EXPA,1.7377846,1.85836528,1.7377846,1.83566771,216101.23205434
2005-12-04,EGX:EXPA,1.84417957,1.92929526,1.82999314,1.85410971,924831.26092257
2005-12-05,EGX:EXPA,1.91510883,1.91510883,1.81013286,1.84417957,417843.44585986
2005-12-06,EGX:EXPA,1.84559785,1.91227227,1.83141215,1.84843514,440344.60049725
2005-12-07,EGX:EXPA,1.92929526,1.96476025,1.87964384,1.92220241,321800.59148052
2005-12-08,EGX:EXPA,1.98462053,2.10520121,1.98462053,2.0073181,1215088.46022362
2005-12-11,EGX:EXPA,2.00164352,2.17045735,2.00164352,2.08959723,931614.31327937
2005-12-12,EGX:EXPA,2.19882876,2.19882876,1.99596968,2.02717838,622832.89481917
2005-12-13,EGX:EXPA,1.98745782,2.04278309,1.98745782,2.01724824,94981.97179842
2005-12-14,EGX:EXPA,2.00164352,2.00164352,1.91652783,1.9392254,106382.33694266
2005-12-15,EGX:EXPA,1.97894596,1.97894596,1.85127242,1.90092312,456597.26666901
2005-12-18,EGX:EXPA,1.86545813,1.93638811,1.86545813,1.91936512,160605.52978999
2005-12-19,EGX:EXPA,1.98603881,1.98603881,1.8895747,1.91794611,163320.94945308
2005-12-20,EGX:EXPA,1.90801597,1.92787625,1.85978356,1.90092312,159385.23998188
2005-12-21,EGX:EXPA,1.93638811,1.96759754,1.89383027,1.91510883,167523.25376975
2005-12-22,EGX:EXPA,1.91510883,1.97185311,1.84417957,1.87822556,900388.36135403
2005-12-25,EGX:EXPA,1.88673742,1.98178325,1.85978356,1.90234213,630253.57608471
2005-12-26,EGX:EXPA,1.97185311,2.05413224,1.93213255,1.99455067,1089644.59183017
2005-12-27,EGX:EXPA,1.97185311,2.0073181,1.9576674,1.98603881,755797.76109526
2005-12-28,EGX:EXPA,1.98745782,2.08392265,1.98462053,2.02292281,555711.45857214
2005-12-29,EGX:EXPA,1.88390013,2.11371307,1.88390013,2.05696879,811337.43776711
2006-01-02,EGX:EXPA,2.12789878,2.12789878,2.02292281,2.07257351,192003.25674462
2006-01-03,EGX:EXPA,2.12506222,2.12506222,2.05696879,2.07966636,782810.41510205
2006-01-04,EGX:EXPA,2.09952737,2.10662022,2.02292281,2.07541079,368684.18087614
2006-01-05,EGX:EXPA,2.11371307,2.11371307,2.02008552,2.04987594,338667.52515704
2006-01-08,EGX:EXPA,2.01582996,2.07115523,1.99596968,2.0087371,339585.49091359
2006-01-12,EGX:EXPA,2.09101551,2.11229479,2.02292281,2.06264337,549303.56287933
2006-01-15,EGX:EXPA,2.03710852,2.0399458,1.98745782,2.00589982,284420.97090572
2006-01-16,EGX:EXPA,1.98745782,2.01441095,1.98603881,1.99029511,270875.47919565
2006-01-17,EGX:EXPA,1.9888761,2.18464306,1.98603881,2.08108537,910874.88334242
2006-01-18,EGX:EXPA,2.12789878,2.26975875,2.12789878,2.20450334,1667645.57820361
2006-01-19,EGX:EXPA,2.26834047,2.68115294,2.26834047,2.37331643,3319324.32388421
2006-01-22,EGX:EXPA,2.83719861,2.83719861,2.53929297,2.6201531,2847873.32688201
2006-01-23,EGX:EXPA,2.76343134,3.17624382,2.69533865,2.93791902,3410744.36867517
2006-01-24,EGX:EXPA,3.11950027,3.11950027,2.55489769,2.72796635,984688.67473078
2006-01-25,EGX:EXPA,2.69675765,2.72938536,2.65419908,2.69675765,498418.30240125
2006-01-26,EGX:EXPA,2.83578033,2.95068644,2.55347868,2.68682751,651188.14245493
2006-01-29,EGX:EXPA,2.69392037,2.69533865,2.4825487,2.57333896,891116.63237281
2006-01-30,EGX:EXPA,2.44850271,2.69533865,2.42438614,2.58043254,455937.65055652
2006-02-01,EGX:EXPA,2.68966407,2.68966407,2.48964155,2.51659541,187752.85541975
2006-02-02,EGX:EXPA,2.5520604,2.55347868,2.45559556,2.49673513,364044.88088494
2006-02-05,EGX:EXPA,2.26975875,2.49531612,2.26975875,2.46268842,186918.71587749
2006-02-06,EGX:EXPA,2.4839677,2.58894367,2.4839677,2.56057153,43543401.96377886
2006-02-07,EGX:EXPA,2.55347868,2.83719861,2.31515388,2.60454838,863037.59898416
2006-02-08,EGX:EXPA,2.4825487,2.75066392,2.34352602,2.44140913,440556.22733334
2006-02-09,EGX:EXPA,2.41161871,2.55347868,2.35629344,2.43147899,987186.97075684
2006-02-12,EGX:EXPA,2.55347868,2.55347868,2.41871157,2.45134,181573.07696584
2006-02-13,EGX:EXPA,2.42580515,2.42580515,2.29103803,2.32650302,209968.17640839
2006-02-14,EGX:EXPA,2.25557304,2.40878143,2.20024777,2.29387532,149562.45670668
2006-02-15,EGX:EXPA,2.2272009,2.27117775,2.14208521,2.21443347,248653.28720583
2006-02-16,EGX:EXPA,2.14208521,2.14208521,2.0073181,2.06689966,264030.5878283
2006-02-19,EGX:EXPA,1.98603881,2.18180577,1.98603881,2.11513135,30280.5021641
2006-02-20,EGX:EXPA,2.12789878,2.26975875,2.05696879,2.11655036,181318.84992248
2006-02-21,EGX:EXPA,2.12789878,2.12789878,2.06122509,2.09669008,49682.83527301
2006-02-22,EGX:EXPA,2.07257351,2.12789878,2.07257351,2.1080385,108401.03708693
2006-02-23,EGX:EXPA,2.08534093,2.15627092,2.08534093,2.12931779,616359.0375151
2006-02-26,EGX:EXPA,2.18180577,2.18180577,2.09952737,2.12080593,162848.22457246
2006-02-27,EGX:EXPA,2.11087579,2.11229479,2.06406238,2.0768298,75685.45210755
2006-02-28,EGX:EXPA,2.06406238,2.15627092,2.05980608,2.09810836,198358.93282853
2006-03-01,EGX:EXPA,2.07115523,2.12789878,2.07115523,2.11229479,138912.4048904
2006-03-02,EGX:EXPA,2.18464306,2.18464306,2.03001566,2.0583878,287113.02916483
2006-03-05,EGX:EXPA,2.0087371,2.05555052,1.84276056,1.88390013,532196.14416179
2006-03-06,EGX:EXPA,1.98603881,1.98603881,1.82999314,1.85127242,783645.92884454
2006-03-07,EGX:EXPA,1.84417957,1.84417957,1.74062116,1.81580743,497232.367599
2006-03-08,EGX:EXPA,1.83708599,1.90092312,1.83708599,1.84559785,718298.58510008
2006-03-09,EGX:EXPA,1.90092312,1.91510883,1.84417957,1.85694627,519372.10757476
2006-03-12,EGX:EXPA,1.85836528,1.85836528,1.77608615,1.81580743,172236.7605736
2006-03-13,EGX:EXPA,1.83992328,1.83992328,1.68813317,1.72643545,440931.38399732
2006-03-14,EGX:EXPA,1.61720319,1.76615601,1.48952965,1.67252846,332917.87137648
2006-03-15,EGX:EXPA,1.77324959,1.91510883,1.67394747,1.74771474,117138.20217698
2006-03-16,EGX:EXPA,1.76615601,1.7704123,1.7023196,1.7193426,133915.81283827
2006-03-19,EGX:EXPA,1.82999314,1.84276056,1.77466787,1.81580743,112981.24646805
2006-03-20,EGX:EXPA,1.83708599,1.83708599,1.75480759,1.80304001,240570.24142733
2006-03-21,EGX:EXPA,1.7519703,1.78743529,1.71508703,1.76757502,343632.51060378
2006-03-22,EGX:EXPA,1.76048216,1.82290029,1.75906316,1.77750515,46802.51158179
2006-03-23,EGX:EXPA,1.7519703,1.78601629,1.74487745,1.75906316,54263.04465413
2006-03-26,EGX:EXPA,1.71792359,1.80587729,1.71792359,1.73636559,97428.04821557
2006-03-27,EGX:EXPA,1.7023196,1.7377846,1.7023196,1.72643545,205287.65041017
2006-03-28,EGX:EXPA,1.72359816,1.77324959,1.7023196,1.73636559,317364.67312401
2006-03-29,EGX:EXPA,1.7377846,1.7377846,1.7023196,1.70941246,369663.98564324
2006-03-30,EGX:EXPA,1.71650531,1.73494731,1.7023196,1.71366802,288782.68244958
2006-04-02,EGX:EXPA,1.70657517,1.7377846,1.70373788,1.72076088,74854.06096576
2006-04-03,EGX:EXPA,1.77324959,1.78317973,1.74629573,1.75764488,187949.36605326
2006-04-04,EGX:EXPA,1.76899329,1.84417957,1.75906316,1.80304001,267618.62464022
2006-04-05,EGX:EXPA,1.85836528,1.85836528,1.78743529,1.82999314,180788.40863202
2006-04-06,EGX:EXPA,1.78176072,1.96759754,1.78176072,1.87538827,168413.73552162
2006-04-09,EGX:EXPA,1.91369055,1.96476025,1.86545813,1.89950484,316430.21696464
2006-04-11,EGX:EXPA,1.84559785,1.92929526,1.84559785,1.90943498,215216.24710341
2006-04-12,EGX:EXPA,1.95624839,1.97185311,1.87964384,1.90234213,261348.14897084
2006-04-13,EGX:EXPA,1.87964384,1.90092312,1.82715585,1.84559785,262868.01443004
2006-04-16,EGX:EXPA,1.77324959,1.84276056,1.6328079,1.74487745,102761.31932512
2006-04-17,EGX:EXPA,1.7377846,1.82431857,1.7377846,1.7519703,190774.7217351
2006-04-18,EGX:EXPA,1.77324959,1.77324959,1.63848247,1.7009006,152385.06398805
2006-04-19,EGX:EXPA,1.7023196,1.71650531,1.7023196,1.70515616,184145.57980456
2006-04-20,EGX:EXPA,1.70799345,1.77183058,1.70373788,1.72076088,219305.86700086
2006-04-26,EGX:EXPA,1.70941246,1.70941246,1.67394747,1.68813317,167679.91259647
2006-04-27,EGX:EXPA,1.7009006,1.7377846,1.7009006,1.70515616,273103.05777554
2006-04-30,EGX:EXPA,1.71650531,1.7519703,1.71366802,1.73069102,102015.12859786
2006-05-02,EGX:EXPA,1.7377846,1.74487745,1.72785373,1.7377846,182212.08007481
2006-05-03,EGX:EXPA,1.71650531,1.75906316,1.6824586,1.73069102,238970.67235454
2006-05-04,EGX:EXPA,1.70373788,1.73636559,1.69238874,1.70373788,70556.93683292
2006-05-07,EGX:EXPA,1.7009006,1.70657517,1.66827289,1.69806331,119716.20181664
2006-05-08,EGX:EXPA,1.7023196,1.7023196,1.67820303,1.68529588,63905.80769862
2006-05-09,EGX:EXPA,1.67536575,1.67536575,1.56045964,1.63990075,173392.4629707
2006-05-10,EGX:EXPA,1.61720319,1.66685461,1.61720319,1.64699361,111253.87677346
2006-05-11,EGX:EXPA,1.72927274,1.7335283,1.6328079,1.64557533,122285.95625489
2006-05-14,EGX:EXPA,1.7023196,1.70373788,1.58883105,1.61011034,365125.00226915
2006-05-15,EGX:EXPA,1.5632962,1.63138962,1.56187792,1.57464534,123761.84730659
2006-05-16,EGX:EXPA,1.59025006,1.62997061,1.59025006,1.60869206,130112.02658957
2006-05-17,EGX:EXPA,1.6143659,1.6143659,1.58883105,1.59308734,298851.44756672
2006-05-18,EGX:EXPA,1.59025006,1.60301748,1.57322706,1.59450562,43269.44277926
2006-05-21,EGX:EXPA,1.59308734,1.61578491,1.5632962,1.57464534,89426.0802509
2006-05-22,EGX:EXPA,1.56187792,1.5647152,1.49662251,1.55762235,237185.5862501
2006-05-23,EGX:EXPA,1.52499465,1.52499465,1.42001795,1.47534322,250791.54277049
2006-05-24,EGX:EXPA,1.41859967,1.56045964,1.41859967,1.47250593,116229.85582207
2006-05-25,EGX:EXPA,1.42143696,1.46257579,1.41859967,1.4271108,232232.96860547
2006-05-28,EGX:EXPA,1.48952965,1.48952965,1.45406466,1.47108765,79688.49739024
2006-05-29,EGX:EXPA,1.45406466,1.47392494,1.44839009,1.45832023,126993.96625781
2006-05-30,EGX:EXPA,1.48952965,1.50371536,1.46257579,1.46825037,95273.3022481
2006-05-31,EGX:EXPA,1.48811065,1.56045964,1.47392494,1.53350578,123621.67888269
2006-06-01,EGX:EXPA,1.51932007,1.56045964,1.51932007,1.54059863,119290.19974399
2006-06-04,EGX:EXPA,1.67394747,1.67394747,1.56045964,1.56897077,107344.27710671
2006-06-05,EGX:EXPA,1.58599376,1.58599376,1.56897077,1.57322706,11191.48670862
2006-06-06,EGX:EXPA,1.56613348,1.56613348,1.56045964,1.56613348,7739.49571991
2006-06-07,EGX:EXPA,1.49662251,1.56045964,1.47534322,1.5136455,85987.83126454
2006-06-08,EGX:EXPA,1.48952965,1.52499465,1.48243607,1.4952035,43361.51419496
2006-06-11,EGX:EXPA,1.45406466,1.49236621,1.44697108,1.46541308,138933.01789391
2006-06-12,EGX:EXPA,1.43278538,1.48952965,1.41859967,1.45122738,595935.67363206
2006-06-13,EGX:EXPA,1.46115752,1.46115752,1.4313671,1.43987823,49196.36839005
2006-06-14,EGX:EXPA,1.43987823,1.44697108,1.41859967,1.4271108,172313.71578673
2006-06-15,EGX:EXPA,1.45406466,1.46825037,1.41859967,1.42285524,272571.24228484
2006-06-18,EGX:EXPA,1.42569252,1.46825037,1.42569252,1.45973851,162698.43674692
2006-06-19,EGX:EXPA,1.45406466,1.52783121,1.45406466,1.47959951,68355.46805748
2006-06-20,EGX:EXPA,1.45690122,1.46257579,1.42852981,1.45122738,77878.67568159
2006-06-21,EGX:EXPA,1.45406466,1.46115752,1.41859967,1.42427352,246350.12761304
2006-06-22,EGX:EXPA,1.42143696,1.46115752,1.42143696,1.44980837,42980.86073004
2006-06-25,EGX:EXPA,1.47534322,1.47534322,1.42852981,1.44413452,148535.92913161
2006-06-26,EGX:EXPA,1.42569252,1.45406466,1.41008781,1.42569252,200024.46351257
2006-06-27,EGX:EXPA,1.41859967,1.41859967,1.40157595,1.40866953,306974.34515202
2006-06-28,EGX:EXPA,1.40725052,1.42569252,1.40157595,1.41008781,173604.08980679
2006-06-29,EGX:EXPA,1.41859967,1.45548294,1.41859967,1.43987823,383932.30667658
2006-07-02,EGX:EXPA,1.42285524,1.51080821,1.42285524,1.50938993,116264.21082793
2006-07-03,EGX:EXPA,1.46257579,1.46541308,1.44129724,1.45832023,128979.68559645
2006-07-04,EGX:EXPA,1.50229708,1.50229708,1.47392494,1.48811065,14080.05560124
2006-07-05,EGX:EXPA,1.53776207,1.53918035,1.48952965,1.51932007,139835.86744789
2006-07-06,EGX:EXPA,1.5320875,1.55762235,1.51790107,1.52783121,74359.34888139
2006-07-09,EGX:EXPA,1.51790107,1.54343592,1.47676223,1.50513364,226472.32122304
2006-07-10,EGX:EXPA,1.46541308,1.55336606,1.46541308,1.52641293,120445.90214109
2006-07-11,EGX:EXPA,1.55620334,1.60301748,1.55620334,1.5817382,291374.42409158
2006-07-12,EGX:EXPA,1.56045964,1.58457548,1.51080821,1.54343592,168005.59805201
2006-07-13,EGX:EXPA,1.49094793,1.52499465,1.44980837,1.48952965,154049.22047186
2006-07-16,EGX:EXPA,1.43278538,1.44697108,1.39873866,1.41718066,125819.02505743
2006-07-17,EGX:EXPA,1.43278538,1.51790107,1.42143696,1.4455528,177601.63828854
2006-07-18,EGX:EXPA,1.39306482,1.48952965,1.39306482,1.45690122,40151.3824475
2006-07-19,EGX:EXPA,1.48811065,1.48811065,1.44271552,1.45548294,35031.11237428
2006-07-20,EGX:EXPA,1.47534322,1.5136455,1.46115752,1.49378522,25447.43993986
2006-07-24,EGX:EXPA,1.48669237,1.51790107,1.48669237,1.49804079,109170.58921817
2006-07-25,EGX:EXPA,1.47676223,1.47818051,1.46115752,1.47250593,149423.66248301
2006-07-26,EGX:EXPA,1.46257579,1.51790107,1.46257579,1.49236621,185938.91111039
2006-07-27,EGX:EXPA,1.52357564,1.56045964,1.50938993,1.54343592,206888.59368319
2006-07-30,EGX:EXPA,1.55904063,1.59592463,1.53350578,1.55762235,171982.53353025
2006-07-31,EGX:EXPA,1.55336606,1.55620334,1.52499465,1.54059863,128179.90106006
2006-08-01,EGX:EXPA,1.57464534,1.59450562,1.55336606,1.57180806,224633.64130947
2006-08-02,EGX:EXPA,1.62287776,1.7023196,1.59450562,1.64557533,373860.79315897
2006-08-03,EGX:EXPA,1.60301748,1.66685461,1.60301748,1.64841261,372791.66537664
2006-08-06,EGX:EXPA,1.65266818,1.66685461,1.6186222,1.64131976,181872.65261693
2006-08-07,EGX:EXPA,1.68104032,1.81580743,1.68104032,1.75906316,1306424.67880028
2006-08-08,EGX:EXPA,1.84417957,1.89950484,1.77324959,1.82431857,589863.08279643
2006-08-09,EGX:EXPA,1.79452815,1.79452815,1.71650531,1.72501717,483207.28000714
2006-08-10,EGX:EXPA,1.70657517,1.84559785,1.70515616,1.80871458,906227.33814982
2006-08-13,EGX:EXPA,1.84985342,1.98320225,1.84985342,1.91794611,1462628.64523961
2006-08-14,EGX:EXPA,1.97043483,1.97043483,1.84417957,1.89099298,441022.08121279
2006-08-15,EGX:EXPA,1.85836528,1.87255098,1.83708599,1.84701613,551015.81637134
2006-08-16,EGX:EXPA,1.84417957,1.84417957,1.80871458,1.81722571,235937.81243731
2006-08-17,EGX:EXPA,1.84417957,1.86262084,1.73920288,1.81722571,496042.31019605
2006-08-20,EGX:EXPA,1.84417957,1.84417957,1.78743529,1.81438843,134270.35649874
2006-08-21,EGX:EXPA,1.77324959,1.84276056,1.77324959,1.82573757,103737.00149152
2006-08-22,EGX:EXPA,1.83992328,1.8711327,1.78176072,1.80729557,133246.57732414
2006-08-23,EGX:EXPA,1.72359816,1.84417957,1.70515616,1.78459801,26167.52086266
2006-08-24,EGX:EXPA,1.77466787,1.84843514,1.77466787,1.83992328,310464.81374729
2006-08-27,EGX:EXPA,1.84417957,1.84843514,1.83283043,1.84417957,407972.56557646
2006-08-28,EGX:EXPA,1.8711327,1.89383027,1.84417957,1.87396999,223741.78535737
2006-08-29,EGX:EXPA,1.90801597,1.91369055,1.85836528,1.88390013,232084.55498016
2006-08-30,EGX:EXPA,1.91227227,1.91227227,1.85127242,1.89808584,224672.11891603
2006-08-31,EGX:EXPA,1.88673742,1.88673742,1.85978356,1.86829542,58848.75083618
2006-09-03,EGX:EXPA,1.84701613,1.89666756,1.84701613,1.87964384,63038.68735074
2006-09-04,EGX:EXPA,1.87255098,1.88531841,1.85410971,1.8711327,103310.99941886
2006-09-05,EGX:EXPA,1.87964384,1.98745782,1.87822556,1.93638811,1150623.35302961
2006-09-06,EGX:EXPA,1.89383027,1.96759754,1.89383027,1.93780712,207581.19060131
2006-09-07,EGX:EXPA,1.91510883,1.96759754,1.90943498,1.92503969,259644.14068023
2006-09-10,EGX:EXPA,1.85978356,1.98462053,1.85978356,1.93071354,601152.13772169
2006-09-11,EGX:EXPA,1.95483011,2.01299267,1.93213255,1.97327211,1036024.67288572
2006-09-12,EGX:EXPA,1.98603881,2.01299267,1.96050469,1.98745782,388397.08323802
2006-09-13,EGX:EXPA,1.90376041,1.99738796,1.90376041,1.96617853,318146.59305736
2006-09-14,EGX:EXPA,1.94348097,1.98178325,1.90234213,1.92362069,375458.98803153
2006-09-17,EGX:EXPA,1.87255098,1.92787625,1.87255098,1.88390013,380263.19205085
2006-09-18,EGX:EXPA,1.87255098,1.91510883,1.83708599,1.86120256,548762.12798699
2006-09-19,EGX:EXPA,1.801621,1.86829542,1.801621,1.83283043,943202.94385572
2006-09-20,EGX:EXPA,1.88673742,1.89950484,1.84417957,1.86687714,224683.11251791
2006-09-21,EGX:EXPA,1.88531841,1.88673742,1.83283043,1.8711327,194443.83636084
2006-09-24,EGX:EXPA,1.88248112,2.01441095,1.84985342,1.96476025,800433.15890747
2006-09-25,EGX:EXPA,2.01441095,2.07115523,1.99455067,2.04845766,1041210.90457019
2006-09-26,EGX:EXPA,2.06831794,2.06831794,1.92929526,1.99171338,527298.49452654
2006-09-27,EGX:EXPA,2.02859738,2.04845766,1.91510883,1.99313239,1060849.60011941
2006-09-28,EGX:EXPA,1.98603881,1.98603881,1.90092312,1.92787625,832865.65863857
2006-10-01,EGX:EXPA,1.84276056,1.84276056,1.7023196,1.76331872,900496.92317255
2006-10-02,EGX:EXPA,1.77324959,1.79310987,1.7377846,1.75906316,398647.2427861
2006-10-03,EGX:EXPA,1.75906316,1.75906316,1.68104032,1.70941246,614193.29794575
2006-10-04,EGX:EXPA,1.7023196,1.72217988,1.65692375,1.69664503,344767.59999736
2006-10-08,EGX:EXPA,1.69238874,1.77324959,1.69238874,1.72501717,575671.71697621
2006-10-09,EGX:EXPA,1.7193426,1.7193426,1.64557533,1.70373788,311913.2207943
2006-10-10,EGX:EXPA,1.63848247,1.7023196,1.63848247,1.65976103,230457.50190268
2006-10-11,EGX:EXPA,1.64273804,1.71366802,1.64273804,1.69806331,354145.14239662
2006-10-12,EGX:EXPA,1.72927274,1.75906316,1.71224974,1.7377846,385459.04313696
2006-10-15,EGX:EXPA,1.70941246,1.77324959,1.67678475,1.75338858,354729.17749622
2006-10-16,EGX:EXPA,1.71224974,1.76615601,1.7023196,1.73211002,171518.05385103
2006-10-17,EGX:EXPA,1.75906316,1.75906316,1.7023196,1.71792359,157282.71362331
2006-10-18,EGX:EXPA,1.72927274,1.73636559,1.69522602,1.70657517,276796.9080055
2006-10-19,EGX:EXPA,1.7023196,1.7377846,1.7023196,1.72927274,282887.36344418
2006-10-22,EGX:EXPA,1.74487745,1.78743529,1.73069102,1.76757502,540773.90202466
2006-10-29,EGX:EXPA,1.84134229,1.84417957,1.78885357,1.83283043,1004982.86379179
2006-10-30,EGX:EXPA,1.82573757,1.85694627,1.801621,1.83708599,554859.45442684
2006-10-31,EGX:EXPA,1.85127242,1.85836528,1.82999314,1.84417957,452974.87485124
2006-11-01,EGX:EXPA,1.82999314,1.87255098,1.82290029,1.8526907,611273.12244774
2006-11-02,EGX:EXPA,1.78034244,1.84417957,1.78034244,1.82715585,383085.79933222
2006-11-05,EGX:EXPA,1.82715585,1.82715585,1.75764488,1.78034244,362099.01335309
2006-11-06,EGX:EXPA,1.77324959,1.77324959,1.70657517,1.73494731,314109.19276881
2006-11-07,EGX:EXPA,1.72501717,1.7519703,1.72501717,1.73211002,158052.26575455
2006-11-08,EGX:EXPA,1.7335283,1.76615601,1.72927274,1.73920288,434713.12793685
2006-11-09,EGX:EXPA,1.72359816,1.78459801,1.72076088,1.74487745,178555.33325118
2006-11-12,EGX:EXPA,1.72501717,1.78601629,1.72501717,1.75338858,74408.82008983
2006-11-13,EGX:EXPA,1.82715585,1.82715585,1.78034244,1.80587729,256795.42359441
2006-11-14,EGX:EXPA,1.82290029,2.05696879,1.82290029,1.95624839,1648162.16728087
2006-11-15,EGX:EXPA,2.05696879,2.41161871,2.05696879,2.2456429,4868420.39627015
2006-11-16,EGX:EXPA,2.41161871,2.69533865,2.20734062,2.40736315,3161310.53573622
2006-11-19,EGX:EXPA,2.28110789,2.38892115,2.16336377,2.27117775,2369890.75616591
2006-11-20,EGX:EXPA,2.26975875,2.32366574,2.23429375,2.28252617,1983340.59804287
2006-11-21,EGX:EXPA,2.28678247,2.5520604,2.28678247,2.43147899,3347836.23034669
2006-11-22,EGX:EXPA,2.4825487,2.4825487,2.34920059,2.39175843,1201591.06552174
2006-11-23,EGX:EXPA,2.39034015,2.53929297,2.33927045,2.45417656,3776956.36332969
2006-11-26,EGX:EXPA,2.55347868,2.83578033,2.53929297,2.71803621,5120647.97828555
2006-11-27,EGX:EXPA,2.83294305,2.84996604,2.64568795,2.76910592,3086981.41925998
2006-11-28,EGX:EXPA,2.74782736,2.83010576,2.56766511,2.68824579,2634932.7553667
2006-11-29,EGX:EXPA,2.6031301,2.69533865,2.53929297,2.62157138,1469661.80203906
2006-11-30,EGX:EXPA,2.68115294,2.73080364,2.63717609,2.68115294,1095512.42683088
2006-12-03,EGX:EXPA,2.70526879,2.70526879,2.5705024,2.62299038,1033247.41421208
2006-12-04,EGX:EXPA,2.59887381,2.64568795,2.54922311,2.59036268,1914149.6162429
2006-12-05,EGX:EXPA,2.59603652,2.6385951,2.56057153,2.60738567,809052.14277737
2006-12-06,EGX:EXPA,2.5705024,2.65987365,2.5705024,2.62866496,681107.22995739
2006-12-07,EGX:EXPA,2.6031301,2.62866496,2.55347868,2.60454838,914302.13872692
2006-12-10,EGX:EXPA,2.55631597,2.59603652,2.45417656,2.52510654,540057.94370256
2006-12-11,EGX:EXPA,2.46127014,2.53787397,2.36906087,2.42864243,957897.26696172
2006-12-12,EGX:EXPA,2.29954916,2.50240898,2.29954916,2.44140913,509583.67930542
2006-12-13,EGX:EXPA,2.48113042,2.48113042,2.40452586,2.42864243,434739.2377413
2006-12-14,EGX:EXPA,2.41161871,2.46127014,2.38608386,2.41161871,511967.91671203
2006-12-17,EGX:EXPA,2.41729329,2.69392037,2.34068873,2.55064139,2328340.43787984
2006-12-18,EGX:EXPA,2.69533865,2.73222265,2.56908339,2.64994352,1205131.00532545
2006-12-19,EGX:EXPA,2.58894367,2.58894367,2.4825487,2.54922311,1165272.32752787
2006-12-20,EGX:EXPA,2.52936283,2.58894367,2.49247884,2.54922311,833446.94533771
2006-12-21,EGX:EXPA,2.55347868,2.69533865,2.46127014,2.61022296,1448573.32524259
2006-12-24,EGX:EXPA,2.66838551,2.89819846,2.66838551,2.79747806,3471379.57981602
2006-12-25,EGX:EXPA,2.83578033,2.83578033,2.66696651,2.71378065,542498.52331878
2006-12-26,EGX:EXPA,2.80031534,2.80173362,2.6527808,2.72796635,476040.82578495
2006-12-27,EGX:EXPA,2.75492021,3.4018012,2.72371079,3.1280114,5480981.14433749
2006-12-28,EGX:EXPA,3.39045278,3.53089374,3.12091855,3.40463848,2280897.54898883
2007-01-03,EGX:EXPA,3.54649845,3.83021838,3.54649845,3.65005614,2212814.17257776
2007-01-04,EGX:EXPA,3.54933574,3.68552113,3.47556847,3.56777774,1685602.25266598
2007-01-08,EGX:EXPA,3.40747577,3.56777774,3.40747577,3.48975417,1309496.01632407
2007-01-09,EGX:EXPA,3.61601015,3.61742843,3.44294076,3.53089374,910230.38343251
2007-01-10,EGX:EXPA,3.54649845,3.57345231,3.45145262,3.53373102,1649906.02737827
2007-01-11,EGX:EXPA,3.51670803,3.51670803,3.40605749,3.46847561,2459300.346014
2007-01-14,EGX:EXPA,3.4216622,3.61742843,3.26419752,3.46280104,3035670.15670926
2007-01-15,EGX:EXPA,3.54649845,3.75787012,3.51103346,3.63161414,2049528.95233077
2007-01-16,EGX:EXPA,3.68835842,3.7592884,3.54791673,3.658568,2438701.08450096
2007-01-17,EGX:EXPA,3.68552113,3.71673056,3.47982476,3.61459115,3217346.29869267
2007-01-18,EGX:EXPA,3.54649845,4.04300833,3.48266132,3.77347411,6316717.50726564
2007-01-22,EGX:EXPA,3.45339411,3.92811023,3.45339411,3.69075181,254951.2468799
2007-01-23,EGX:EXPA,3.76095628,3.92811023,3.7442411,3.8612488,183762.17793917
2007-01-24,EGX:EXPA,4.01168684,4.01168684,3.51356948,3.77600067,213468.2644053
2007-01-25,EGX:EXPA,3.18427613,3.67737967,3.18427613,3.56037197,212173.76778454
2007-01-28,EGX:EXPA,3.20266355,3.52694162,3.09735721,3.20600658,118398.34379189
2007-01-29,EGX:EXPA,3.25949588,3.41494848,3.25949588,3.3531016,72825.74141985
2007-01-30,EGX:EXPA,3.09234193,3.50688341,3.09234193,3.36981677,97007.54294386
2007-01-31,EGX:EXPA,3.34307249,3.34307249,3.25949588,3.27453954,52185.25389978
2007-02-01,EGX:EXPA,3.17759078,3.4266491,3.09735721,3.25280908,63367.12120676
2007-02-04,EGX:EXPA,3.21770721,3.29292696,3.21770721,3.2611674,118498.660409
2007-02-05,EGX:EXPA,3.17591854,3.30964141,3.1441597,3.23442239,36959.11530308
2007-02-06,EGX:EXPA,3.11072935,3.17759078,3.1090571,3.16421791,108134.44224146
2007-02-07,EGX:EXPA,3.17591854,3.38486116,3.17591854,3.30295534,196822.57696652
2007-02-08,EGX:EXPA,3.17759078,3.44169349,3.17759078,3.36313143,286824.44711561
2007-02-11,EGX:EXPA,3.59380305,3.61887582,3.34307249,3.57541563,115540.00730442
2007-02-12,EGX:EXPA,3.4266491,3.59213154,3.4266491,3.50521116,29255.34878927
2007-02-13,EGX:EXPA,3.51022644,3.58544547,3.36480222,3.48515295,274912.87948419
2007-02-14,EGX:EXPA,3.59380305,3.76095628,3.47010929,3.64060628,533500.2601842
2007-02-15,EGX:EXPA,3.55201438,3.67737967,3.50855492,3.58377395,404792.66623415
2007-02-18,EGX:EXPA,3.67905118,3.67905118,3.51189796,3.5887885,136132.39781629
2007-02-19,EGX:EXPA,3.51356948,3.59380305,3.31465669,3.39990482,249936.79022472
2007-02-20,EGX:EXPA,3.34140097,3.51022644,3.34140097,3.40491937,498749.48465773
2007-02-21,EGX:EXPA,3.42497759,3.6991094,3.39489027,3.55201438,636114.54008425
2007-02-22,EGX:EXPA,3.5536859,3.9063805,3.53697073,3.79438736,1127576.64089918
2007-02-25,EGX:EXPA,3.92811023,4.12033695,3.8712779,4.00667229,837002.001344
2007-02-26,EGX:EXPA,3.88297853,4.02840275,3.88297853,4.00500077,2091418.69807473
2007-02-27,EGX:EXPA,3.51189796,4.05347551,3.51189796,3.93981085,801917.29516058
2007-02-28,EGX:EXPA,3.5436568,3.84453362,3.5436568,3.70245316,828745.80633597
2007-03-01,EGX:EXPA,3.56204349,3.84453362,3.56204349,3.77432915,323991.06665408
2007-03-04,EGX:EXPA,3.56705804,3.84453362,3.56705804,3.71248154,147690.79598748
2007-03-05,EGX:EXPA,3.59380305,3.6523069,3.51022644,3.58711698,83610.4648591
2007-03-06,EGX:EXPA,3.67737967,3.75761324,3.56037197,3.67236511,410984.81249017
2007-03-07,EGX:EXPA,3.7442411,3.88632156,3.7442411,3.83116075,282668.86560691
2007-03-08,EGX:EXPA,3.82781771,4.03676034,3.82781771,3.96822738,1832287.13408191
2007-03-11,EGX:EXPA,4.00834381,4.051804,3.88632156,3.97825649,1737879.57798146
2007-03-12,EGX:EXPA,3.95485451,4.42789984,3.84453362,4.1788408,3318053.18866743
2007-03-13,EGX:EXPA,4.50980494,4.88088623,4.29584849,4.67361512,3574579.2690159
2007-03-14,EGX:EXPA,4.59672458,5.09818571,4.35769537,4.73546201,4645467.4018473
2007-03-15,EGX:EXPA,4.84745515,5.03968187,4.72208987,4.94106087,3151498.7460629
2007-03-18,EGX:EXPA,4.76387854,5.34557324,4.6803012,4.95944829,4905266.82715402
2007-03-19,EGX:EXPA,5.34891628,5.76680006,5.34891628,5.53278468,3640980.62434012
2007-03-20,EGX:EXPA,5.5160695,5.5160695,4.86417032,5.18343384,4251588.63387443
2007-03-21,EGX:EXPA,5.08147053,5.33220037,5.07311222,5.22355099,1612241.94735497
2007-03-22,EGX:EXPA,5.18176232,5.43082137,4.98953561,5.1349591,1513953.64979268
2007-03-25,EGX:EXPA,5.01962365,5.22355099,4.80900951,4.93604704,1250041.24318453
2007-03-26,EGX:EXPA,5.00959382,5.22355099,4.93771856,5.10320026,1198885.26526029
2007-03-27,EGX:EXPA,5.05639704,5.09985723,4.95610525,5.0146091,913815.67184395
2007-03-28,EGX:EXPA,5.01293758,5.04636794,4.6803012,4.87419943,765899.50701803
2007-03-29,EGX:EXPA,4.76387854,5.01293758,4.6803012,4.86918488,797747.97164953
2007-04-02,EGX:EXPA,4.84745515,5.09818571,4.84745515,5.00123623,960963.10768457
2007-04-03,EGX:EXPA,5.0146091,5.09818571,4.93103176,5.03132428,1119967.69420153
2007-04-04,EGX:EXPA,5.09484268,5.13997365,5.01293758,5.05974008,1116589.91002548
2007-04-05,EGX:EXPA,5.02630972,5.18176232,5.01628062,5.09985723,440490.26572209
2007-04-10,EGX:EXPA,5.0146091,5.2619959,5.0146091,5.09651419,762951.84751533
2007-04-11,EGX:EXPA,5.01795214,5.06308384,4.59672458,4.86249881,1249259.32325118
2007-04-12,EGX:EXPA,4.68197271,4.92768872,4.6803012,4.74716263,1000868.50829012
2007-04-15,EGX:EXPA,4.70203165,4.82238238,4.64854236,4.69200255,757931.89405922
2007-04-16,EGX:EXPA,4.75886325,4.84745515,4.70871772,4.7889513,285836.39714711
2007-04-17,EGX:EXPA,4.6803012,4.82906845,4.6803012,4.75217791,736884.64326978
2007-04-18,EGX:EXPA,4.6803012,4.6970171,4.52652011,4.65689995,367403.42625772
2007-04-19,EGX:EXPA,4.52986315,4.6970171,4.5248486,4.58335244,351591.87836118
2007-04-22,EGX:EXPA,4.67695816,4.6803012,4.5983961,4.63182646,159137.88393969
2007-04-23,EGX:EXPA,4.63851325,4.63851325,4.5248486,4.57332334,265911.86794914
2007-04-24,EGX:EXPA,4.52986315,4.84745515,4.52986315,4.7254329,410979.31568923
2007-04-26,EGX:EXPA,4.7605355,5.09818571,4.7605355,4.98452105,1777555.48714787
2007-04-29,EGX:EXPA,5.18176232,5.30712761,5.01628062,5.17340474,653562.7604599
2007-04-30,EGX:EXPA,5.03968187,5.21519341,5.0146091,5.11657241,631199.02584594
2007-05-02,EGX:EXPA,5.26533894,5.43082137,5.18176232,5.37398977,2097711.16094786
2007-05-03,EGX:EXPA,5.33220037,5.38234663,5.0146091,5.23692314,481167.96685935
2007-05-06,EGX:EXPA,5.16170411,5.18176232,5.03968187,5.11155785,232849.9845107
2007-05-07,EGX:EXPA,5.11490089,5.16170411,4.93103176,5.06642615,445130.93991352
2007-05-08,EGX:EXPA,4.93938935,5.16337563,4.93103176,5.05305401,252727.7909007
2007-05-09,EGX:EXPA,5.0146091,5.0146091,4.96613436,5.00290775,155798.5773702
2007-05-10,EGX:EXPA,5.0146091,5.09651419,4.84745515,4.91933114,481926.52538871
2007-05-13,EGX:EXPA,5.00959382,5.0146091,4.84745515,4.88924382,271790.69655173
2007-05-14,EGX:EXPA,4.84912667,4.88924382,4.76555005,4.83241149,256974.06962487
2007-05-15,EGX:EXPA,4.81235328,4.8875723,4.76722157,4.83575452,193418.68298601
2007-05-16,EGX:EXPA,4.77390764,4.84745515,4.55995119,4.71038924,326930.48095538
2007-05-17,EGX:EXPA,4.5983961,4.92601721,4.5699803,4.77223612,406199.84727413
2007-05-20,EGX:EXPA,4.62179808,4.87754247,4.62179808,4.81903935,119243.47693602
2007-05-21,EGX:EXPA,4.71373228,4.79563737,4.71373228,4.7605355,199423.93801016
2007-05-22,EGX:EXPA,4.76387854,4.84745515,4.6803012,4.73379049,612059.16498179
2007-05-23,EGX:EXPA,4.91431658,5.00625151,4.73044745,4.82906845,372351.92130164
2007-05-24,EGX:EXPA,4.86417032,5.09818571,4.86417032,5.00625151,1130665.84302601
2007-05-27,EGX:EXPA,5.09651419,5.21185037,5.01628062,5.16839018,1431630.81055318
2007-05-28,EGX:EXPA,5.12325848,5.18343384,5.03132428,5.12827303,668334.03877902
2007-05-29,EGX:EXPA,5.04803945,5.13161679,4.93270328,5.04135338,211914.04394024
2007-05-30,EGX:EXPA,5.00959382,5.00959382,4.79730889,4.90763051,219095.614365
2007-05-31,EGX:EXPA,4.86417032,4.99622168,4.77725068,4.81736783,271849.78716181
2007-06-03,EGX:EXPA,4.76555005,4.99287864,4.76387854,4.79396585,223329.52528706
2007-06-04,EGX:EXPA,4.76555005,4.91431658,4.74716263,4.77557916,157109.56439378
2007-06-05,EGX:EXPA,4.76387854,4.83241149,4.6803012,4.74214881,324275.5261026
2007-06-06,EGX:EXPA,4.6903303,4.8875723,4.6803012,4.77056461,487089.3956692
2007-06-07,EGX:EXPA,4.6803012,4.92936024,4.66525754,4.78059371,345140.00826087
2007-06-10,EGX:EXPA,4.83073997,4.91431658,4.6803012,4.6970171,469729.12410854
2007-06-11,EGX:EXPA,4.66358602,4.84745515,4.66358602,4.80566648,221044.23029733
2007-06-12,EGX:EXPA,4.69367406,4.70036014,4.64687084,4.67862968,837408.76461337
2007-06-13,EGX:EXPA,4.6803012,4.6970171,4.66358602,4.67862968,401196.38422083
2007-06-14,EGX:EXPA,4.66525754,4.76220702,4.66525754,4.6903303,163287.96864746
2007-06-17,EGX:EXPA,4.68865878,4.78059371,4.68865878,4.73546201,90743.93827565
2007-06-18,EGX:EXPA,4.72208987,4.81402407,4.70704621,4.74214881,372798.53637781
2007-06-19,EGX:EXPA,4.70036014,4.82739621,4.63851325,4.74047729,182194.21547177
2007-06-20,EGX:EXPA,4.69868862,5.00625151,4.69868862,4.89592989,545431.06661891
2007-06-21,EGX:EXPA,4.9978932,5.00625151,4.92936024,4.9510907,877022.83476923
2007-06-24,EGX:EXPA,4.9795065,5.11490089,4.93771856,5.01126606,454772.32875778
2007-06-25,EGX:EXPA,4.79730889,4.99622168,4.76889309,4.81569558,338587.82154344
2007-06-26,EGX:EXPA,4.76555005,4.84745515,4.6803012,4.74883488,368865.57530707
2007-06-27,EGX:EXPA,4.70036014,4.80232344,4.68197271,4.72041835,236134.32307082
2007-06-28,EGX:EXPA,4.68364496,4.76387854,4.51314797,4.5983961,56043020.10788874
2007-07-02,EGX:EXPA,4.84745515,4.84745515,4.63851325,4.70203165,150366.36384378
2007-07-03,EGX:EXPA,4.68698799,4.72877594,4.64018477,4.67695816,115074.15342498
2007-07-04,EGX:EXPA,4.6803012,4.72710442,4.5983961,4.66024298,121219.57687303
2007-07-05,EGX:EXPA,4.5983961,4.76387854,4.5983961,4.68364496,110048.70316793
2007-07-08,EGX:EXPA,4.64018477,4.70370317,4.55827968,4.63015567,29811.89988418
2007-07-09,EGX:EXPA,4.5983961,4.76387854,4.58000941,4.65021388,141891.67099849
2007-07-10,EGX:EXPA,4.76220702,4.93103176,4.68364496,4.84411211,551193.08820157
2007-07-11,EGX:EXPA,4.81402407,4.84745515,4.75384943,4.78560827,101215.34406147
2007-07-12,EGX:EXPA,4.74047729,4.84411211,4.68698799,4.75719174,251561.09490173
2007-07-15,EGX:EXPA,4.92768872,4.92768872,4.72376138,4.80232344,294972.08030513
2007-07-16,EGX:EXPA,4.83073997,4.84578363,4.6903303,4.75050639,210655.27652557
2007-07-17,EGX:EXPA,4.68865878,4.79730889,4.68865878,4.76220702,423463.92481838
2007-07-18,EGX:EXPA,4.73044745,4.73044745,4.68698799,4.70370317,110329.04001574
2007-07-19,EGX:EXPA,4.68865878,4.80566648,4.66525754,4.73044745,366528.06070843
2007-07-22,EGX:EXPA,4.70537469,4.74549111,4.70036014,4.71206076,232675.46108094
2007-07-24,EGX:EXPA,4.68197271,4.82238238,4.68197271,4.75886325,280444.03542749
2007-07-25,EGX:EXPA,4.76387854,4.78727978,4.76220702,4.76387854,124315.65000104
2007-07-26,EGX:EXPA,4.78059371,4.79730889,4.70203165,4.76387854,563786.25914924
2007-07-29,EGX:EXPA,4.7605355,4.76387854,4.68698799,4.74549111,193808.95585257
2007-07-30,EGX:EXPA,4.68364496,4.70203165,4.68197271,4.69534558,57414.08579151
2007-07-31,EGX:EXPA,4.61678352,4.74716263,4.61678352,4.67194433,712496.71171061
2007-08-01,EGX:EXPA,4.6803012,4.6803012,4.56496502,4.62514111,211570.49388166
2007-08-02,EGX:EXPA,4.59672458,4.5983961,4.49810431,4.52317708,788198.65422098
2007-08-05,EGX:EXPA,4.52652011,4.59672458,4.48473144,4.51481949,256247.1177009
2007-08-06,EGX:EXPA,4.55660816,4.7605355,4.55493664,4.66358602,441498.92869411
2007-08-07,EGX:EXPA,4.6803012,4.76387854,4.53989225,4.70537469,489775.95712737
2007-08-08,EGX:EXPA,4.76387854,5.01126606,4.6803012,4.82238238,751240.91311813
2007-08-09,EGX:EXPA,4.81402407,4.84411211,4.70370317,4.77892219,114391.1759085
2007-08-12,EGX:EXPA,4.66525754,4.73211897,4.52986315,4.63851325,149635.2893191
2007-08-13,EGX:EXPA,4.61343976,4.73379049,4.61343976,4.6803012,63327.26939996
2007-08-14,EGX:EXPA,4.75050639,5.26533894,4.75050639,5.11991544,4340419.68542385
2007-08-15,EGX:EXPA,5.03132428,5.08815661,4.86417032,5.01628062,1062278.76836315
2007-08-16,EGX:EXPA,5.0146091,5.22355099,4.93938935,5.03801035,1205120.01172358
2007-08-19,EGX:EXPA,5.16504715,5.19680598,5.03466731,5.09651419,315594.70322215
2007-08-20,EGX:EXPA,5.17340474,5.17340474,5.0146091,5.06141232,413766.19376451
2007-08-21,EGX:EXPA,5.03968187,5.08648509,4.84745515,5.03801035,1121097.28679417
2007-08-22,EGX:EXPA,5.0146091,5.24360921,5.0146091,5.16337563,381594.79207794
2007-08-23,EGX:EXPA,5.19680598,5.76680006,5.18176232,5.53612771,2119779.44251143
2007-08-26,EGX:EXPA,5.76680006,6.68614498,5.68322345,6.36186691,3892247.6403917
2007-08-27,EGX:EXPA,6.68614498,6.80148116,6.10277876,6.57415257,3077021.21596135
2007-08-28,EGX:EXPA,6.68614498,6.85329893,6.60423916,6.70954623,1465631.27275169
2007-08-29,EGX:EXPA,7.00373698,7.00373698,6.47720309,6.6878165,1717513.93050826
2007-08-30,EGX:EXPA,6.85162742,6.93520403,6.60256837,6.74966338,1511770.04562029
2007-09-02,EGX:EXPA,6.85329893,7.18593459,6.61928355,6.78476598,1193256.54110036
2007-09-03,EGX:EXPA,7.18760611,7.68906651,7.02045216,7.43332212,1996064.3180128
2007-09-04,EGX:EXPA,7.6054899,7.68906651,7.1892769,7.32801505,413285.22368249
2007-09-05,EGX:EXPA,7.3514163,7.3514163,6.8499559,7.05221099,417307.50776846
2007-09-06,EGX:EXPA,6.89508688,6.93687555,6.53570621,6.71623303,2126525.39146189
2007-09-09,EGX:EXPA,7.10235798,7.10402877,6.60256837,6.6878165,515009.02183067
2007-09-10,EGX:EXPA,6.68614498,6.68614498,6.43541442,6.56412273,350390.82735635
2007-09-11,EGX:EXPA,6.68447419,6.68447419,6.2782903,6.41034092,434802.45095208
2007-09-12,EGX:EXPA,6.30169155,6.60256837,6.30169155,6.45380184,484481.16362439
2007-09-13,EGX:EXPA,6.51899176,7.02045216,6.51732024,6.79813739,472664.41580913
2007-09-16,EGX:EXPA,6.93687555,6.97866422,6.77473615,6.86499956,243240.31248269
2007-09-17,EGX:EXPA,6.93520403,6.93687555,6.6059114,6.70620319,201596.54858068
2007-09-18,EGX:EXPA,6.61426899,7.08731432,6.61426899,6.91013126,2469637.08017685
2007-09-19,EGX:EXPA,6.85329893,6.85329893,6.28664789,6.52400558,3083949.93354299
2007-09-20,EGX:EXPA,6.48054612,6.60256837,6.3518378,6.48556068,689198.52093729
2007-09-23,EGX:EXPA,6.3702245,6.45380184,6.10277876,6.25321681,2460170.21476235
2007-09-24,EGX:EXPA,6.39195496,6.39195496,5.81694632,5.95902678,2571935.29402299
2007-09-25,EGX:EXPA,5.85371971,6.26491816,5.85371971,6.08940662,1393808.69750292
2007-09-26,EGX:EXPA,6.01753063,6.10110724,5.76680006,5.84536212,1311744.20790748
2007-09-27,EGX:EXPA,5.87545017,5.96404133,5.83366223,5.86709185,1104896.84023132
2007-09-30,EGX:EXPA,6.01753063,6.01753063,5.64477782,5.83031846,2911884.94799868
2007-10-01,EGX:EXPA,5.60131763,5.68990952,5.41744923,5.53947075,1518311.23873584
2007-10-02,EGX:EXPA,5.39070422,6.08439206,5.39070422,5.85371971,1987255.69451056
2007-10-03,EGX:EXPA,6.1161509,6.22647252,5.85037668,6.10445028,2588820.09230256
2007-10-04,EGX:EXPA,6.01753063,6.0309035,5.86709185,5.93061098,807317.90208161
2007-10-08,EGX:EXPA,5.85539123,5.97908499,5.76847158,5.84870589,840923.96881286
2007-10-09,EGX:EXPA,5.84034757,5.84201909,5.71665453,5.77515765,481397.45829849
2007-10-10,EGX:EXPA,5.82864695,5.9138958,5.78351524,5.83700454,636323.41851987
2007-10-11,EGX:EXPA,5.83366223,5.97741348,5.72668291,5.81527481,1317383.92566929
2007-10-16,EGX:EXPA,5.85204819,6.20139903,5.78351524,6.05096171,2002681.09214124
2007-10-17,EGX:EXPA,6.18468385,6.38359664,6.05430475,6.22814404,3479748.45924326
2007-10-18,EGX:EXPA,6.3518378,6.61928355,6.31339217,6.48723219,6235319.50478386
2007-10-21,EGX:EXPA,6.51899176,6.51899176,6.22814404,6.36688146,1621708.81276947
2007-10-22,EGX:EXPA,6.47553157,6.49893282,6.11782242,6.27661878,1470336.53435413
2007-10-23,EGX:EXPA,6.27661878,6.39195496,6.20307128,6.29333469,604682.45812376
2007-10-24,EGX:EXPA,6.3518378,6.68113043,6.29333469,6.4972613,2243906.82708036
2007-10-25,EGX:EXPA,6.61761203,6.64435631,6.31004913,6.46383022,1075745.93065986
2007-10-28,EGX:EXPA,6.31004913,6.44377201,6.07770599,6.30336306,480123.57468123
2007-10-29,EGX:EXPA,6.3702245,6.43039986,6.23483011,6.30002003,843838.64750993
2007-10-30,EGX:EXPA,6.34515173,6.3518378,6.1512535,6.1963852,873715.13480513
2007-10-31,EGX:EXPA,6.22647252,6.22647252,6.00583,6.05430475,990498.79332165
2007-11-01,EGX:EXPA,6.05096171,6.31506369,6.03424581,6.16462564,593433.25500529
2007-11-04,EGX:EXPA,6.08272055,6.24987377,5.98744258,6.05597554,534316.53512341
2007-11-05,EGX:EXPA,6.13453832,6.13788136,5.86709185,5.92893946,666500.85566639
2007-11-06,EGX:EXPA,5.89216535,6.00081545,5.81527481,5.86374955,815264.90203691
2007-11-07,EGX:EXPA,5.86207803,5.99245714,5.70328166,5.81527481,394835.21133599
2007-11-08,EGX:EXPA,5.69158104,5.87545017,5.60131763,5.73504123,752972.40541342
2007-11-11,EGX:EXPA,5.78351524,5.88380776,5.73336898,5.82864695,274673.76864341
2007-11-12,EGX:EXPA,5.88213624,5.88213624,5.72668291,5.77850069,284661.45594673
2007-11-13,EGX:EXPA,5.72501139,5.72501139,5.63307719,5.66650828,273757.1770871
2007-11-14,EGX:EXPA,5.62639112,5.80691722,5.62639112,5.67653665,164807.83410666
2007-11-15,EGX:EXPA,5.72501139,5.72501139,5.6080037,5.6431063,344590.32816712
2007-11-18,EGX:EXPA,5.64812085,5.72501139,5.57123104,5.62137657,1331213.87682788
2007-11-19,EGX:EXPA,5.68155193,6.00081545,5.64979237,5.81861784,842365.5048587
2007-11-20,EGX:EXPA,5.85037668,6.01753063,5.81694632,5.88882231,392538.92274437
2007-11-21,EGX:EXPA,5.95066847,6.05764778,5.83533302,5.96905589,980230.76917052
2007-11-22,EGX:EXPA,5.95066847,6.04928946,5.91723884,5.98744258,389669.59265503
2007-11-25,EGX:EXPA,6.18301306,6.18301306,5.89383686,6.06099009,782007.88216519
2007-11-26,EGX:EXPA,6.17967003,6.26324664,6.01920142,6.14623895,530815.07292626
2007-11-27,EGX:EXPA,6.16462564,6.18468385,6.03591732,6.08104903,416186.16037722
2007-11-28,EGX:EXPA,6.01753063,6.17632699,5.85204819,6.04260412,1595395.62668196
2007-11-29,EGX:EXPA,6.08439206,6.09776421,5.98744258,6.02588822,888681.54955753
2007-12-02,EGX:EXPA,6.13453832,6.20139903,6.02588822,6.11280786,295848.82005465
2007-12-03,EGX:EXPA,6.02588822,6.05430475,5.85873426,5.92726722,528568.25554309
2007-12-04,EGX:EXPA,5.85539123,6.00917304,5.85539123,5.92726722,436955.82271932
2007-12-05,EGX:EXPA,6.00415776,6.00917304,5.83366223,5.85706348,415145.89079981
2007-12-06,EGX:EXPA,5.85037668,5.85037668,5.65313541,5.74172657,773797.03576489
2007-12-09,EGX:EXPA,5.92726722,6.09442117,5.76680006,5.99245714,1724808.18535224
2007-12-10,EGX:EXPA,6.15459653,6.15459653,5.7701431,5.8687641,574753.75121965
2007-12-11,EGX:EXPA,5.85037668,5.85037668,5.66650828,5.75008489,697078.18508111
2007-12-12,EGX:EXPA,5.72501139,5.83366223,5.68322345,5.70328166,373770.0959435
2007-12-13,EGX:EXPA,5.76680006,5.76680006,5.6431063,5.68155193,610099.5554476
2007-12-16,EGX:EXPA,5.68322345,5.68489424,5.64812085,5.67988042,339371.11567703
2007-12-17,EGX:EXPA,5.68489424,5.85037668,5.64477782,5.71498229,502516.16750011
2007-12-23,EGX:EXPA,5.90720901,5.99078562,5.85037668,5.92726722,233807.80207405
2007-12-24,EGX:EXPA,5.95066847,5.95066847,5.77181462,5.84369061,306768.21511687
2007-12-25,EGX:EXPA,5.85037668,6.18468385,5.68322345,5.97741348,1338600.20308756
2007-12-26,EGX:EXPA,6.18468385,6.18468385,5.98577179,6.04093188,381111.07359544
2007-12-27,EGX:EXPA,6.0593193,6.1679694,5.84201909,5.91556659,904392.78083695
2007-12-30,EGX:EXPA,5.95066847,6.01753063,5.76847158,5.84536212,277363.07850205
2007-12-31,EGX:EXPA,5.94899768,5.94899768,5.71331077,5.78518749,462702.83831027
2008-01-02,EGX:EXPA,6.00917304,6.00917304,5.76680006,5.86207803,605049.36958633
2008-01-03,EGX:EXPA,5.91723884,5.91723884,5.75008489,5.77181462,667172.83958099
2008-01-06,EGX:EXPA,5.84703364,5.91222356,5.73671275,5.85371971,737327.13574524
2008-01-08,EGX:EXPA,5.90720901,5.90720901,5.76512855,5.82028936,1040305.30661575
2008-01-10,EGX:EXPA,5.89049383,5.89049383,5.77515765,5.84703364,802139.91559855
2008-01-13,EGX:EXPA,5.88882231,6.1512535,5.78351524,6.02923125,2241540.45427679
2008-01-14,EGX:EXPA,6.06767616,6.06767616,5.85204819,5.93061098,1661923.40842774
2008-01-15,EGX:EXPA,5.77003322,6.11689752,5.77003322,6.03700159,428159.56701919
2008-01-16,EGX:EXPA,6.17730647,6.17730647,5.80705766,5.91423491,244115.67803198
2008-01-17,EGX:EXPA,5.80705766,6.03115601,5.80705766,5.84408283,299009.48059367
2008-01-20,EGX:EXPA,5.83044217,5.8460316,5.67065032,5.74469994,423595.84804088
2008-01-21,EGX:EXPA,5.66870155,5.67844467,5.50501289,5.63752269,251940.37416642
2008-01-22,EGX:EXPA,5.48552592,5.48552592,4.91846081,5.26337707,705547.38112546
2008-01-23,EGX:EXPA,5.45044951,5.45434705,5.2614283,5.34132422,260966.12130568
2008-01-24,EGX:EXPA,5.2614283,5.31014536,5.16399417,5.24973641,110069.31617144
2008-01-27,EGX:EXPA,5.27312019,5.45434705,5.27312019,5.37055432,82746.09291168
2008-01-28,EGX:EXPA,5.35886242,5.39588687,5.17373729,5.26922338,90451.23362573
2008-01-29,EGX:EXPA,5.2614283,5.33937545,5.19517303,5.25753076,259398.15883828
2008-01-30,EGX:EXPA,5.20686492,5.2614283,5.20491615,5.25168518,121370.73889881
2008-01-31,EGX:EXPA,5.27117142,5.88500482,5.2614283,5.7408024,2855133.22672013
2008-02-03,EGX:EXPA,6.03895036,6.09935931,5.83044217,5.98828453,663459.75054775
2008-02-04,EGX:EXPA,6.03895036,6.05259102,5.83044217,5.98828453,2448655.79099866
2008-02-05,EGX:EXPA,5.98243894,6.10910244,5.98243894,6.0428479,695286.2279755
2008-02-06,EGX:EXPA,5.98243894,5.98243894,5.67454786,5.84018529,316684.444008
2008-02-07,EGX:EXPA,5.81290397,5.83628848,5.72131615,5.76418691,126235.40772844
2008-02-10,EGX:EXPA,5.65895843,5.8460316,5.65895843,5.8109552,390411.66078159
2008-02-11,EGX:EXPA,5.81485274,5.82654463,5.74859748,5.75639256,132890.65946344
2008-02-12,EGX:EXPA,5.74859748,5.79536577,5.69208533,5.74275117,66746.27958304
2008-02-13,EGX:EXPA,5.75249502,5.89474794,5.75054625,5.81680151,142933.31477613
2008-02-14,EGX:EXPA,5.8460316,5.8460316,5.67454786,5.70767549,40996.51559163
2008-02-17,EGX:EXPA,5.82264709,5.8460316,5.67065032,5.79146823,369798.6572662
2008-02-18,EGX:EXPA,5.8460316,5.8460316,5.75054625,5.81680151,61562.79629904
2008-02-19,EGX:EXPA,5.74859748,5.943465,5.73885436,5.83823652,133191.60931476
2008-02-20,EGX:EXPA,5.75444379,5.93372188,5.75444379,5.83239094,83739.63968113
2008-02-21,EGX:EXPA,5.76808445,5.88110728,5.72911051,5.83823652,163407.52406785
2008-02-24,EGX:EXPA,5.99218207,6.04089913,5.76028937,5.88695359,159726.04164
2008-02-25,EGX:EXPA,5.75249502,5.8460316,5.69988041,5.75444379,105178.53753736
2008-02-26,EGX:EXPA,5.71352107,5.84408283,5.68234221,5.7583406,185058.04876017
2008-02-27,EGX:EXPA,5.69988041,5.78757142,5.69988041,5.75054625,120280.99811296
2008-02-28,EGX:EXPA,5.78562265,5.8460316,5.61219014,5.71936738,255349.76494786
2008-03-02,EGX:EXPA,5.61219014,5.76418691,5.61219014,5.69598287,163874.75214753
2008-03-03,EGX:EXPA,5.67259909,5.68039417,5.4290145,5.5108592,640110.71436576
2008-03-04,EGX:EXPA,5.45824459,5.69988041,5.45629582,5.53619175,531591.49605868
2008-03-05,EGX:EXPA,5.65116335,6.27084306,5.56542184,5.99607961,996568.63575681
2008-03-06,EGX:EXPA,6.00192519,6.21627969,5.8577235,6.06233487,618129.00741696
2008-03-09,EGX:EXPA,5.67259909,6.24745928,5.65116335,5.77393003,694726.92848012
2008-03-10,EGX:EXPA,5.76808445,6.04089913,5.74859748,5.81680151,199874.67568703
2008-03-11,EGX:EXPA,5.74859748,5.83239094,5.65700966,5.75054625,167594.71218194
2008-03-12,EGX:EXPA,5.82654463,6.04089913,5.74859748,5.8635698,505217.84516086
2008-03-13,EGX:EXPA,5.79926331,5.84018529,5.65700966,5.73300805,196576.59512457
2008-03-16,EGX:EXPA,5.69013729,5.69988041,5.61608768,5.64726654,226182.36497359
2008-03-17,EGX:EXPA,5.62193326,5.64921531,5.37834867,5.53619175,149732.85753574
2008-03-18,EGX:EXPA,5.38809252,5.50501289,5.35886242,5.38419498,242858.28481754
2008-03-19,EGX:EXPA,5.50306412,5.50306412,5.34327299,5.40173245,249787.00239917
2008-03-23,EGX:EXPA,5.35886242,5.43680885,5.1971218,5.30235028,417744.50344298
2008-03-24,EGX:EXPA,5.31014536,5.44460393,5.28091527,5.36470801,67782.42655975
2008-03-25,EGX:EXPA,5.31014536,5.45239828,5.30040224,5.38224621,145074.31874126
2008-03-26,EGX:EXPA,5.47578279,5.48942346,5.28286404,5.35886242,154005.24606436
2008-03-27,EGX:EXPA,5.41537384,5.74859748,5.34327299,5.493321,499392.61036741
2008-03-30,EGX:EXPA,5.57321692,5.69988041,5.3763999,5.46019336,112151.2295265
2008-03-31,EGX:EXPA,5.45629582,5.64921531,5.41927065,5.47968033,223198.9762648
2008-04-01,EGX:EXPA,5.40562999,5.55372995,5.38029744,5.47968033,138507.01582126
2008-04-02,EGX:EXPA,5.42706573,5.50501289,5.37250309,5.40757876,144372.10242151
2008-04-03,EGX:EXPA,5.36081047,5.48162838,5.35886242,5.40368195,105087.84032189
2008-04-06,EGX:EXPA,5.36275924,5.4290145,5.34911858,5.36470801,258298.79865079
2008-04-07,EGX:EXPA,5.45434705,5.45434705,5.29260716,5.33937545,196135.47684934
2008-04-08,EGX:EXPA,5.33937545,5.37445186,5.2614283,5.30819659,320988.43914201
2008-04-09,EGX:EXPA,5.2614283,5.48357715,5.2614283,5.44460393,534027.9530742
2008-04-10,EGX:EXPA,5.43680885,5.52449986,5.40173245,5.4640909,280856.29549779
2008-04-13,EGX:EXPA,5.45629582,5.48357715,5.45629582,5.45824459,178505.86204275
2008-04-14,EGX:EXPA,5.45629582,5.48357715,5.38614302,5.45629582,280804.07588889
2008-04-15,EGX:EXPA,5.45629582,5.47578279,5.39978441,5.46019336,389074.56395355
2008-04-16,EGX:EXPA,5.45629582,5.47578279,5.39783564,5.43875762,542501.27171925
2008-04-17,EGX:EXPA,5.4114763,5.45629582,5.39978441,5.43096327,200655.22142014
2008-04-20,EGX:EXPA,5.45629582,5.61219014,5.40952753,5.47578279,654777.55346707
2008-04-21,EGX:EXPA,5.49526977,5.63167711,5.45629582,5.53814052,200619.49221405
2008-04-22,EGX:EXPA,5.62972834,5.65116335,5.46603895,5.53034544,79737.96859867
2008-04-23,EGX:EXPA,5.46993649,5.47578279,5.41732188,5.4465527,40882.45697218
2008-04-24,EGX:EXPA,5.41732188,5.45629582,5.36081047,5.39004056,62523.36226286
2008-04-29,EGX:EXPA,5.36081047,5.50111535,5.2614283,5.34911858,141702.03136615
2008-04-30,EGX:EXPA,5.36081047,5.45629582,5.36081047,5.40173245,426051.54385968
2008-05-04,EGX:EXPA,5.45239828,5.55178118,5.36081047,5.45824459,344692.01898447
2008-05-05,EGX:EXPA,5.41732188,5.50111535,5.41732188,5.46798772,751361.84273875
2008-05-06,EGX:EXPA,5.38029744,5.65116335,5.38029744,5.44850074,58439.23916634
2008-05-07,EGX:EXPA,5.45629582,5.49526977,5.38224621,5.43680885,158035.77535174
2008-05-08,EGX:EXPA,5.37834867,5.55372995,5.36860555,5.45629582,234434.43738092
2008-05-11,EGX:EXPA,5.29260716,5.53424298,5.29065839,5.36275924,235680.83699348
2008-05-12,EGX:EXPA,5.31014536,5.31014536,5.06656077,5.18348114,164600.32987127
2008-05-13,EGX:EXPA,5.1971218,5.25168518,4.57939159,4.85805186,135045.40543091
2008-05-14,EGX:EXPA,5.11527711,5.11527711,4.60082661,4.89897384,514837.24680137
2008-05-15,EGX:EXPA,4.87169252,4.96912664,4.09222169,4.44103548,463253.89260425
2008-05-18,EGX:EXPA,4.77620789,5.064612,4.77425912,4.90092261,189465.10891176
2008-05-19,EGX:EXPA,4.9301527,5.06266323,4.8327193,5.01004863,189040.48103934
2008-05-20,EGX:EXPA,4.97107541,5.16009736,4.97107541,5.09384209,75389.99905716
2008-05-21,EGX:EXPA,5.01004863,5.10553399,4.87169252,4.95938352,109404.20325801
2008-05-22,EGX:EXPA,4.87559006,4.93599901,4.82297618,4.87169252,549675.97114284
2008-05-25,EGX:EXPA,4.87753883,5.06656077,4.87753883,4.99251116,105438.26138165
2008-05-26,EGX:EXPA,4.90092261,5.1620454,4.8327193,4.9944592,449711.14929464
2008-05-27,EGX:EXPA,4.93599901,5.07630389,4.93599901,5.06071446,147229.06470874
2008-05-28,EGX:EXPA,5.06656077,5.11332907,4.94574213,5.05681765,216905.13919144
2008-05-29,EGX:EXPA,5.0470738,5.1289185,5.02758683,5.06656077,222646.54777059
2008-06-01,EGX:EXPA,5.04902257,5.16399417,5.04902257,5.13866162,65373.45354892
2008-06-02,EGX:EXPA,5.16594294,5.21466,5.02758683,5.07240708,145706.45084907
2008-06-03,EGX:EXPA,4.97107541,5.06656077,4.88143564,5.05486888,91047.63652745
2008-06-04,EGX:EXPA,5.15814786,5.21076246,4.97886977,5.14061039,53075.73565164
2008-06-05,EGX:EXPA,5.18348114,5.45239828,5.18348114,5.32378602,1023108.56488298
2008-06-08,EGX:EXPA,5.45044951,5.72911051,5.30235028,5.53619175,516545.37769268
2008-06-09,EGX:EXPA,5.45629582,5.45824459,5.18153237,5.31988848,253605.90485046
2008-06-10,EGX:EXPA,5.20296811,5.40757876,5.20296811,5.27117142,264878.4693729
2008-06-11,EGX:EXPA,5.24583887,5.43096327,5.16594294,5.26337707,242031.01627645
2008-06-12,EGX:EXPA,5.33937545,5.35886242,5.22245436,5.26337707,195720.46837856
2008-06-15,EGX:EXPA,5.16594294,5.44850074,5.08604702,5.2263519,42009.30116435
2008-06-16,EGX:EXPA,5.18348114,5.34717053,5.18348114,5.28870962,108604.41872161
2008-06-17,EGX:EXPA,5.35886242,5.35886242,5.16399417,5.18348114,66193.85108883
2008-06-18,EGX:EXPA,5.10358522,5.25947953,5.08604702,5.11917465,63736.7810698
2008-06-19,EGX:EXPA,5.08799651,5.12307219,5.06656077,5.07435512,49897.21050957
2008-06-22,EGX:EXPA,4.99835674,5.16399417,4.98861362,5.03148437,177465.59246534
2008-06-23,EGX:EXPA,4.97107541,5.26337707,4.97107541,5.16009736,138298.13738564
2008-06-24,EGX:EXPA,5.25947953,5.69793164,5.126969,5.51475601,774148.83102489
2008-06-25,EGX:EXPA,5.45434705,5.60244701,4.88728195,5.16594294,735133.91217121
2008-06-26,EGX:EXPA,4.88728195,5.06656077,4.79374536,4.94184532,164941.13152939
2008-06-29,EGX:EXPA,4.91066646,4.91066646,4.72554206,4.79959167,59295.36591235
2008-06-30,EGX:EXPA,5.16399417,5.16399417,4.63785105,4.74502903,145755.92205751
2008-07-02,EGX:EXPA,4.98861362,5.01784371,4.74113149,4.94574213,135880.9191734
2008-07-03,EGX:EXPA,5.01589494,5.06656077,4.70605508,4.91456327,122656.99031817
2008-07-06,EGX:EXPA,4.77425912,4.78595101,4.61836481,4.69046565,33913.88758374
2008-07-07,EGX:EXPA,4.68656811,4.68656811,4.48195747,4.53652084,58249.599534
2008-07-08,EGX:EXPA,4.48195747,4.81907864,4.40401031,4.72554206,205207.94679657
2008-07-09,EGX:EXPA,4.7002095,4.83077053,4.67682499,4.70800385,178608.92706032
2008-07-10,EGX:EXPA,4.67682499,4.83077053,4.51118756,4.7002095,167134.35510343
2008-07-13,EGX:EXPA,4.52677699,4.54041765,4.48780378,4.52287945,10310.62435839
2008-07-14,EGX:EXPA,4.50144444,4.65733802,4.50144444,4.54236642,204138.81901424
2008-07-15,EGX:EXPA,4.70605508,4.75282338,4.5832884,4.65928679,58492.83297548
2008-07-16,EGX:EXPA,4.58133963,4.58133963,4.40401031,4.48195747,150781.37231456
2008-07-17,EGX:EXPA,4.41959974,4.52287945,4.40401031,4.4157022,48315.50603982
2008-07-20,EGX:EXPA,4.40401031,4.67097868,4.40401031,4.51703387,26629.25214141
2008-07-21,EGX:EXPA,4.29683306,4.40595908,4.29683306,4.3650371,27499.12088976
2008-07-22,EGX:EXPA,4.33580628,4.40401031,4.28903871,4.35139571,18294.72772002
2008-07-24,EGX:EXPA,4.38647211,4.55600708,4.38452334,4.40985589,86308.01991914
2008-07-27,EGX:EXPA,4.41959974,4.67682499,4.41959974,4.6300567,124344.50820596
2008-07-28,EGX:EXPA,4.67682499,4.67682499,4.54236642,4.59108276,122536.06069754
2008-07-29,EGX:EXPA,4.48195747,4.48195747,4.40011277,4.42739409,17111.54131824
2008-07-30,EGX:EXPA,4.40401031,4.67682499,4.25591108,4.40401031,145026.22173306
2008-07-31,EGX:EXPA,4.65538925,4.65538925,4.38647211,4.47416239,73698.35856867
2008-08-03,EGX:EXPA,4.38647211,4.38647211,4.31632003,4.34165259,14053.94579679
2008-08-04,EGX:EXPA,4.32411438,4.32606315,4.30852495,4.3182688,32281.33770532
2008-08-05,EGX:EXPA,4.33190946,4.33190946,4.30657618,4.31047372,51035.04830362
2008-08-06,EGX:EXPA,4.32996069,4.48195747,4.28903871,4.46441926,112663.80621391
2008-08-07,EGX:EXPA,4.48975255,4.62615916,4.33775505,4.5326233,57851.08146604
2008-08-10,EGX:EXPA,4.3650371,4.3650371,4.22083468,4.26370543,176709.78233644
2008-08-11,EGX:EXPA,4.34555012,4.34555012,4.02401838,4.14873383,34037.56560483
2008-08-12,EGX:EXPA,3.77263944,3.89735416,3.7044354,3.78822887,77995.48270151
2008-08-13,EGX:EXPA,3.76094682,4.09222169,3.76094682,4.0688379,40361.63508335
2008-08-14,EGX:EXPA,4.06299159,4.42349728,4.06299159,4.26370543,51051.53870643
2008-08-17,EGX:EXPA,4.18965581,4.20914278,4.18965581,4.2013477,2429.58601435
2008-08-18,EGX:EXPA,4.248116,4.28708994,4.248116,4.26175739,21601.05348389
2008-08-19,EGX:EXPA,4.25006477,4.25201354,4.06299159,4.15263064,19329.50049649
2008-08-20,EGX:EXPA,4.02401838,4.09222169,3.82915085,3.9363281,77471.91241221
2008-08-21,EGX:EXPA,4.18965581,4.18965581,3.7161273,3.9187899,127077.7924721
2008-08-24,EGX:EXPA,4.06688913,4.12729809,3.89735416,4.00453141,10387.57957152
2008-08-25,EGX:EXPA,3.90709728,4.03181346,3.90709728,3.9363281,22404.96062099
2008-08-26,EGX:EXPA,3.94607122,4.14093875,3.94607122,4.10001677,127954.53222162
2008-08-27,EGX:EXPA,4.09222169,4.38452334,4.05324847,4.2305778,147568.49216663
2008-08-28,EGX:EXPA,4.28124363,4.40790785,4.20329647,4.32411438,189073.46184497
2008-08-31,EGX:EXPA,4.45272737,4.48195747,4.28708994,4.4157022,162820.74056777
2008-09-01,EGX:EXPA,4.33970382,4.46052173,4.21498837,4.31437126,191542.89966611
2008-09-02,EGX:EXPA,4.18965581,4.18965581,4.07468421,4.09222169,69568.88686442
2008-09-03,EGX:EXPA,4.38452334,4.38452334,4.0337615,4.10975989,97518.74543104
2008-09-04,EGX:EXPA,4.09222169,4.14288752,4.04545339,4.09611923,638485.03548852
2008-09-07,EGX:EXPA,4.07273544,4.2831924,4.07273544,4.09611923,136933.55655292
2008-09-08,EGX:EXPA,4.26760297,4.28124363,4.05324847,4.10781112,286523.49726429
2008-09-09,EGX:EXPA,4.09611923,4.27734682,4.05324847,4.1662713,573643.39743029
2008-09-10,EGX:EXPA,4.18965581,4.27344928,4.11365743,4.19355335,173564.23799999
2008-09-11,EGX:EXPA,4.14093875,4.3630876,4.14093875,4.22278345,1421017.86214323
2008-09-14,EGX:EXPA,4.19939893,4.248116,4.15652818,4.20524524,76611.66306551
2008-09-15,EGX:EXPA,4.14093875,4.17016884,3.72392237,3.99478829,1746457.33584433
2008-09-16,EGX:EXPA,3.89735416,3.99478829,3.7512037,3.88955908,660514.83944552
2008-09-17,EGX:EXPA,3.89735416,4.33580628,3.89735416,4.20329647,1061480.35802698
2008-09-18,EGX:EXPA,4.10196481,4.10196481,3.70248663,3.84668833,262556.07097684
2008-09-21,EGX:EXPA,4.26760297,4.26760297,3.82915085,3.97335255,160157.54051359
2008-09-22,EGX:EXPA,3.82330454,4.00648018,3.78238256,3.9012517,763868.43907165
2008-09-23,EGX:EXPA,3.79992003,3.89735416,3.79992003,3.85253464,73374.04731336
2008-09-24,EGX:EXPA,3.9363281,4.09222169,3.71417853,3.90514924,350820.95202971
2008-09-25,EGX:EXPA,3.79992003,3.88761104,3.72002483,3.84474028,198958.08413071
2008-09-28,EGX:EXPA,3.75315247,3.89735416,3.71222976,3.82525331,87393.63810429
2008-09-29,EGX:EXPA,3.77068994,4.28708994,3.76289559,3.99283952,855124.95403472
2008-10-07,EGX:EXPA,3.73171673,3.73171673,3.16854916,3.37510858,642931.9474469
2008-10-08,EGX:EXPA,3.25429067,3.45695327,3.05942314,3.29131511,85719.86221884
2008-10-09,EGX:EXPA,3.31275085,3.39069801,3.21921427,3.30690454,276875.23741886
2008-10-12,EGX:EXPA,3.0204492,3.39069801,3.0204492,3.20752238,72222.46751696
2008-10-13,EGX:EXPA,3.0204492,3.13931907,2.9230158,3.01850116,549983.79199534
2008-10-14,EGX:EXPA,3.0204492,3.11788333,2.95224589,3.03993617,670345.86792213
2008-10-15,EGX:EXPA,3.11398579,3.11398579,2.92496457,2.97562968,70767.18946878
2008-10-16,EGX:EXPA,2.92886138,2.92886138,2.73594263,2.87819628,202880.05159957
2008-10-19,EGX:EXPA,2.79830035,2.79830035,2.72814828,2.74568575,43869.96828167
2008-10-20,EGX:EXPA,2.72814828,2.8060947,2.68527679,2.74958329,24444.27376878
2008-10-21,EGX:EXPA,2.77686461,2.77686461,2.38712956,2.57225396,1586707.93280034
2008-10-22,EGX:EXPA,2.40661653,2.5059987,2.31892553,2.38712956,105127.69212869
2008-10-23,EGX:EXPA,2.33646373,2.68917433,1.94867744,2.49820435,2814076.24631819
2008-10-26,EGX:EXPA,2.16497998,2.29943928,2.0597515,2.1766726,32005.12345822
2008-10-27,EGX:EXPA,2.06754658,2.41246211,2.06754658,2.27605477,49054.82576591
2008-10-28,EGX:EXPA,2.28190108,2.60732964,2.23903033,2.34036127,3016905.45250909
2008-10-29,EGX:EXPA,2.43389785,2.53328002,2.12600677,2.21759459,1766171.61240644
2008-10-30,EGX:EXPA,2.1591344,2.1591344,2.06754658,2.13380112,298745.63414868
2008-11-02,EGX:EXPA,2.23123525,2.274106,2.124058,2.17277506,950751.42574305
2008-11-03,EGX:EXPA,2.19615885,2.29359297,2.17277506,2.24682468,1102353.19559752
2008-11-04,EGX:EXPA,2.24097837,2.26241411,2.13380112,2.18056941,2096218.77949334
2008-11-05,EGX:EXPA,2.23123525,2.23708156,2.08118725,2.13964743,328681.21205395
2008-11-06,EGX:EXPA,2.07144412,2.14354497,2.04611084,2.10846857,779519.20554076
2008-11-09,EGX:EXPA,2.24097837,2.24097837,2.08508478,2.12600677,1335811.95081204
2008-11-10,EGX:EXPA,2.12990431,2.14354497,2.08313601,2.09872545,1639846.88166277
2008-11-11,EGX:EXPA,2.0889816,2.28969543,2.03052141,2.12990431,2945188.69067837
2008-11-12,EGX:EXPA,2.02857264,2.10457103,1.89996038,1.98765066,1361964.35547213
2008-11-13,EGX:EXPA,1.89996038,2.01882952,1.75380919,1.86488398,1231842.70948092
2008-11-16,EGX:EXPA,1.94672867,1.96816369,1.83370512,1.89996038,321863.8046913
2008-11-17,EGX:EXPA,1.80252625,1.89801161,1.73432222,1.80057748,608726.72941347
2008-11-18,EGX:EXPA,1.77914247,1.85124332,1.57258233,1.64663194,837788.04387805
2008-11-19,EGX:EXPA,1.57258233,1.75380919,1.5628392,1.63494005,461729.90454434
2008-11-20,EGX:EXPA,1.5803774,1.66417014,1.56089043,1.62324816,457358.57359885
2008-11-23,EGX:EXPA,1.62324816,1.94672867,1.57063356,1.82785881,3245675.43652398
2008-11-24,EGX:EXPA,1.85124332,1.91554981,1.63494005,1.78303928,1487887.81974736
2008-11-25,EGX:EXPA,1.75380919,1.88826776,1.73432222,1.80252625,269558.99537113
2008-11-26,EGX:EXPA,1.74601484,1.86098644,1.74406607,1.81616691,359192.57985742
2008-11-27,EGX:EXPA,1.81421814,1.85124332,1.79278313,1.81421814,233275.98658335
2008-11-30,EGX:EXPA,1.81811568,1.89021653,1.79278313,1.83565389,385885.04520961
2008-12-01,EGX:EXPA,1.84929455,1.87073029,1.7596555,1.80057748,296513.93296808
2008-12-02,EGX:EXPA,1.77329616,1.79278313,1.63883759,1.75770673,318855.68037829
2008-12-03,EGX:EXPA,1.84929455,1.84929455,1.77329616,1.78498805,111137.06975354
2008-12-04,EGX:EXPA,1.80252625,1.84344824,1.77524493,1.81032133,196697.52474519
2008-12-10,EGX:EXPA,1.84929455,1.94867744,1.81421814,1.91554981,407072.46442295
2008-12-11,EGX:EXPA,1.90775473,1.94867744,1.89996038,1.93113924,797724.61024555
2008-12-14,EGX:EXPA,1.94088236,1.95257426,1.89411407,1.91944735,589416.46772026
2008-12-15,EGX:EXPA,2.08820296,2.08820296,1.87540792,1.96426688,242621.92237723
2008-12-16,EGX:EXPA,1.9291912,1.9853133,1.8987917,1.94322191,114751.2163699
2008-12-17,EGX:EXPA,1.93620619,1.94789808,1.8987917,1.9245143,131483.47842346
2008-12-18,EGX:EXPA,1.94088309,1.94088309,1.8730691,1.88709981,386102.16884664
2008-12-21,EGX:EXPA,1.91282241,1.93620619,1.8426696,1.8683922,276702.08818933
2008-12-22,EGX:EXPA,1.8941148,1.90113052,1.85202341,1.8683922,125600.52722017
2008-12-23,EGX:EXPA,1.8590384,1.8590384,1.816947,1.83565461,23754.42525113
2008-12-24,EGX:EXPA,1.86137721,1.88709981,1.83097771,1.84968532,136029.33279871
2008-12-25,EGX:EXPA,1.87073102,1.87073102,1.83097771,1.8473465,104616.48964151
2008-12-28,EGX:EXPA,1.816947,1.91048359,1.816947,1.84500842,14598834.05431436
2008-12-30,EGX:EXPA,1.9081455,1.94088309,1.83331653,1.8941148,473336.39972374
2008-12-31,EGX:EXPA,1.87073102,1.91749931,1.85202341,1.8730691,172514.34902094
2009-01-04,EGX:EXPA,1.87073102,1.92217621,1.8590384,1.88476172,186413.01019125
2009-01-05,EGX:EXPA,1.8730691,1.877746,1.8590384,1.87073102,403425.33700096
2009-01-06,EGX:EXPA,1.8941148,1.9338681,1.89177671,1.91282241,388589.47127083
2009-01-08,EGX:EXPA,1.92685239,1.97128259,1.9081455,1.9338681,439094.07828398
2009-01-11,EGX:EXPA,1.98297448,2.03441968,1.9502369,1.9853133,831562.9168164
2009-01-12,EGX:EXPA,2.0110359,2.10223367,1.98297448,2.04143467,1101462.71384565
2009-01-13,EGX:EXPA,2.05546537,2.08118797,1.96192879,2.02974278,544774.19890688
2009-01-14,EGX:EXPA,1.9899902,2.00402018,1.9291912,1.94322191,334341.54281928
2009-01-15,EGX:EXPA,1.91749931,1.9502369,1.877746,1.92685239,145483.8304111
2009-01-18,EGX:EXPA,1.94789808,1.9853133,1.90113052,1.94555999,126988.46945687
2009-01-19,EGX:EXPA,1.93152929,1.95257571,1.87073102,1.8941148,175762.95837497
2009-01-20,EGX:EXPA,1.91749931,1.91749931,1.73276422,1.82863962,434261.01605974
2009-01-21,EGX:EXPA,1.76784062,1.76784062,1.67196595,1.72808732,300742.3470892
2009-01-22,EGX:EXPA,1.8683922,1.87073102,1.70704162,1.73042613,270879.60179635
2009-01-25,EGX:EXPA,1.71171853,1.71171853,1.66495023,1.69067283,181538.72195998
2009-01-26,EGX:EXPA,1.66027333,1.66027333,1.64624335,1.65325834,32769.17878852
2009-01-27,EGX:EXPA,1.73977994,1.77719443,1.69067283,1.75614873,140257.74691984
2009-01-28,EGX:EXPA,1.73042613,1.77719443,1.69534973,1.72107233,293008.34817023
2009-01-29,EGX:EXPA,1.73510304,1.73510304,1.66261215,1.69534973,269115.12869543
2009-02-01,EGX:EXPA,1.64390454,1.69301165,1.61584385,1.64858144,58909.2156465
2009-02-02,EGX:EXPA,1.63688955,1.63688955,1.47320088,1.58310626,297376.93071526
2009-02-03,EGX:EXPA,1.51996845,1.60181315,1.47320088,1.52932225,22872.18870067
2009-02-04,EGX:EXPA,1.60181315,1.62285884,1.52230726,1.54335296,219790.95968359
2009-02-05,EGX:EXPA,1.49658467,1.49658467,1.3796643,1.41707879,233515.09742413
2009-02-08,EGX:EXPA,1.50827656,1.50827656,1.42877068,1.44280138,96839.89051527
2009-02-09,EGX:EXPA,1.40538689,1.42643186,1.33289528,1.39603309,168846.60859544
2009-02-10,EGX:EXPA,1.34458789,1.49658467,1.34458789,1.48021587,122336.80166356
2009-02-11,EGX:EXPA,1.51996845,1.51996845,1.38434047,1.43578567,126405.8085575
2009-02-12,EGX:EXPA,1.38667929,1.46150826,1.38667929,1.41707879,62396.9358413
2009-02-15,EGX:EXPA,1.45449328,1.51996845,1.43344758,1.48956968,157847.50991963
2009-02-16,EGX:EXPA,1.51529228,1.75848682,1.47553897,1.69534973,1336264.06268915
2009-02-17,EGX:EXPA,1.59479816,1.63688955,1.51996845,1.54802986,411735.12581813
2009-02-18,EGX:EXPA,1.63221265,1.63221265,1.51996845,1.56907556,68333.48085373
2009-02-19,EGX:EXPA,1.61350504,1.62519766,1.54569105,1.59012125,23644.48923238
2009-02-22,EGX:EXPA,1.51996845,1.56439866,1.46852398,1.52932225,32068.336669
2009-02-23,EGX:EXPA,1.47787706,1.58076745,1.47320088,1.53399916,34710.92371967
2009-02-24,EGX:EXPA,1.53166107,1.53166107,1.38434047,1.42409378,264657.22313517
2009-02-25,EGX:EXPA,1.43812448,1.49658467,1.40304808,1.42877068,551851.33011383
2009-02-26,EGX:EXPA,1.47086207,1.48489278,1.40304808,1.44280138,103757.61449503
2009-03-01,EGX:EXPA,1.36797168,1.49658467,1.36797168,1.45683136,204729.72511502
2009-03-02,EGX:EXPA,1.49658467,1.49658467,1.42877068,1.44046257,40255.82166531
2009-03-03,EGX:EXPA,1.44513947,1.44513947,1.41240188,1.42175569,60332.88708929
2009-03-04,EGX:EXPA,1.44513947,1.49892275,1.43110876,1.47320088,86059.28967672
2009-03-05,EGX:EXPA,1.47320088,1.50593847,1.44981637,1.48723086,65421.55055712
2009-03-08,EGX:EXPA,1.43812448,1.48255396,1.41941687,1.46150826,204768.20272158
2009-03-10,EGX:EXPA,1.44981637,1.49658467,1.44981637,1.47086207,235616.24958247
2009-03-11,EGX:EXPA,1.53166107,1.54335296,1.45683136,1.48723086,118014.9419265
2009-03-12,EGX:EXPA,1.47320088,1.50827656,1.46618517,1.48021587,78554.78219689
2009-03-15,EGX:EXPA,1.49658467,1.52698417,1.48489278,1.49424585,129162.45422762
2009-03-16,EGX:EXPA,1.48956968,1.52464535,1.48723086,1.50359966,70081.46355183
2009-03-17,EGX:EXPA,1.51996845,1.53399916,1.51061537,1.51996845,59233.5269018
2009-03-18,EGX:EXPA,1.54335296,1.65092025,1.54335296,1.62987383,644446.31610516
2009-03-19,EGX:EXPA,1.67430404,1.67664285,1.60415196,1.64858144,61402.01487162
2009-03-22,EGX:EXPA,1.61350504,1.64858144,1.55738367,1.61116695,57889.5590726
2009-03-23,EGX:EXPA,1.68365784,1.71405734,1.60181315,1.69067283,109419.31946059
2009-03-24,EGX:EXPA,1.71171853,1.75380992,1.64858144,1.72574923,494195.38508107
2009-03-25,EGX:EXPA,1.68599593,1.73977994,1.62285884,1.68833474,270788.90458088
2009-03-26,EGX:EXPA,1.75380992,1.78420942,1.69534973,1.73042613,183358.16307027
2009-03-29,EGX:EXPA,1.71873424,1.82396272,1.71873424,1.79824012,263930.2712112
2009-03-30,EGX:EXPA,1.80525511,1.84968532,1.67196595,1.76550254,314657.49866232
2009-03-31,EGX:EXPA,1.68365784,1.82396272,1.68365784,1.77719443,157161.78400269
2009-04-01,EGX:EXPA,1.75380992,1.82396272,1.71171853,1.75147183,20485.20289359
2009-04-02,EGX:EXPA,1.73276422,1.8894379,1.73276422,1.8473465,364066.86808869
2009-04-05,EGX:EXPA,1.90580669,2.02038897,1.87073102,1.9502369,470575.63145291
2009-04-06,EGX:EXPA,1.98765139,2.03441968,1.8730691,1.97362068,408739.36930723
2009-04-07,EGX:EXPA,1.91749931,2.03441968,1.91749931,1.97128259,291129.81644986
2009-04-08,EGX:EXPA,1.9198374,2.02272779,1.9198374,1.9853133,114322.46589678
2009-04-09,EGX:EXPA,2.01805089,2.19577026,2.01571207,2.09054178,429407.34083199
2009-04-12,EGX:EXPA,2.06481918,2.18173955,2.06248036,2.09054178,313134.88480265
2009-04-13,EGX:EXPA,2.08118797,2.09521868,2.02506587,2.05780419,283226.79090206
2009-04-14,EGX:EXPA,2.07884989,2.25423044,1.98765139,2.06248036,363958.30627018
2009-04-15,EGX:EXPA,2.00168209,2.04377348,1.94322191,1.97595949,139089.67672063
2009-04-16,EGX:EXPA,1.98765139,2.10223367,1.9291912,2.04377348,166594.29441132
2009-04-21,EGX:EXPA,2.08118797,2.08118797,1.99934328,2.04143467,63805.49108152
2009-04-22,EGX:EXPA,2.08118797,2.08118797,1.9899902,2.05546537,32317.06691142
2009-04-23,EGX:EXPA,1.95257571,2.01571207,1.9291912,1.9689445,77352.35699183
2009-04-26,EGX:EXPA,1.9689445,2.07183417,1.9689445,2.03675849,32134.29828025
2009-04-27,EGX:EXPA,2.02272779,2.06949608,1.97128259,2.0110359,39734.99977649
2009-04-28,EGX:EXPA,1.97128259,1.97128259,1.88242291,1.9338681,78465.45918166
2009-04-29,EGX:EXPA,1.91749931,2.05546537,1.91749931,2.02974278,67730.20695084
2009-04-30,EGX:EXPA,2.02272779,2.06949608,1.94088309,2.02272779,122933.20456527
2009-05-03,EGX:EXPA,2.07417298,2.10457248,2.00635899,2.05078847,117213.78318987
2009-05-04,EGX:EXPA,2.08118797,2.12561818,2.07417298,2.10924939,380105.15902389
2009-05-05,EGX:EXPA,2.08586487,2.14432506,2.08118797,2.11158747,549271.95627394
2009-05-06,EGX:EXPA,2.14432506,2.19109335,2.11626437,2.13964816,335053.37854067
2009-05-07,EGX:EXPA,2.17238647,2.19343217,2.13029435,2.15601695,230460.25030315
2009-05-10,EGX:EXPA,2.11626437,2.35478202,2.10924939,2.28229185,481719.02115333
2009-05-11,EGX:EXPA,2.34309013,2.39687414,2.16303267,2.34309013,458495.03719266
2009-05-12,EGX:EXPA,2.33841322,2.54185519,2.33841322,2.44364243,439179.27869851
2009-05-13,EGX:EXPA,2.51379451,2.51379451,2.22149285,2.32672133,316052.31190019
2009-05-14,EGX:EXPA,2.31269135,2.35010584,2.16303267,2.21915404,391369.47834493
2009-05-17,EGX:EXPA,2.15134005,2.27761495,2.13964816,2.20746215,96963.56853636
2009-05-18,EGX:EXPA,2.28930684,2.29164493,2.16537076,2.24253855,108398.28868646
2009-05-19,EGX:EXPA,2.26826115,2.32906015,2.23552356,2.28462994,212810.02249305
2009-05-20,EGX:EXPA,2.27995304,2.29398375,2.18875527,2.24487736,45369.22073736
2009-05-21,EGX:EXPA,2.18641645,2.23084666,2.08352606,2.13964816,218724.58030173
2009-05-24,EGX:EXPA,2.18641645,2.18641645,2.08586487,2.12327936,51737.26462338
2009-05-25,EGX:EXPA,2.15134005,2.19343217,2.12094128,2.15835577,21717.86050381
2009-05-26,EGX:EXPA,2.21213905,2.21447786,2.15367886,2.19109335,33497.50491273
2009-05-27,EGX:EXPA,2.16537076,2.16537076,2.12094128,2.14900196,154523.31955272
2009-05-28,EGX:EXPA,2.11860246,2.11860246,2.06014228,2.08820296,53127.95526055
2009-05-31,EGX:EXPA,2.27761495,2.27761495,2.13964816,2.18173955,14962.2921517
2009-06-01,EGX:EXPA,2.26358425,2.33607514,2.18173955,2.29164493,240054.91633945
2009-06-02,EGX:EXPA,2.33841322,2.33841322,2.25656926,2.28696803,100601.07655671
2009-06-03,EGX:EXPA,2.18407836,2.31269135,2.18173955,2.26592233,216278.50388457
2009-06-04,EGX:EXPA,2.26826115,2.33373632,2.26826115,2.31035254,94503.75011686
2009-06-07,EGX:EXPA,2.31269135,2.33841322,2.27995304,2.31502944,181342.21132646
2009-06-08,EGX:EXPA,2.28696803,2.31269135,2.22383094,2.24721545,161127.72587904
2009-06-09,EGX:EXPA,2.25189235,2.25189235,2.20044716,2.23318475,122810.90074442
2009-06-10,EGX:EXPA,2.20278525,2.29164493,2.20044716,2.26592233,47503.35370132
2009-06-11,EGX:EXPA,2.25423044,2.28462994,2.24487736,2.26124616,54522.76849842
2009-06-14,EGX:EXPA,2.32204443,2.39687414,2.29632183,2.36179773,347777.0985106
2009-06-15,EGX:EXPA,2.33841322,2.61902299,2.31736753,2.4740412,804601.10821828
2009-06-16,EGX:EXPA,2.44364243,2.66579128,2.44364243,2.62837679,716863.92005541
2009-06-17,EGX:EXPA,2.65409939,2.80609616,2.53717829,2.71957456,621793.99944199
2009-06-18,EGX:EXPA,2.68917579,2.83415684,2.6424075,2.75465096,252179.48500719
2009-06-21,EGX:EXPA,2.86455634,3.09138282,2.81311115,3.00252314,733058.86981733
2009-06-22,EGX:EXPA,3.01655312,3.1100897,2.96978482,3.03526073,1269685.43553469
2009-06-23,EGX:EXPA,2.92301653,3.03993763,2.84351065,2.93003225,475158.5892345
2009-06-24,EGX:EXPA,2.92301653,3.03058382,2.80609616,2.91600154,265741.46712008
2009-06-25,EGX:EXPA,2.77101976,2.86455634,2.68917579,2.79440427,645096.31281602
2009-06-28,EGX:EXPA,2.75932787,2.80609616,2.68917579,2.70086768,35795.16770458
2009-06-29,EGX:EXPA,2.74295907,2.80609616,2.73126718,2.77101976,167846.19082483
2009-06-30,EGX:EXPA,2.80141926,2.92301653,2.71255957,2.91834036,303287.36592323
2009-07-02,EGX:EXPA,2.73594408,3.01421503,2.73594408,2.95341603,344458.40494463
2009-07-05,EGX:EXPA,2.80609616,2.99550742,2.80609616,2.92301653,74832.07376201
2009-07-06,EGX:EXPA,2.80609616,2.80609616,2.80609616,2.80609616,10685.78102237
2009-07-07,EGX:EXPA,2.80843425,2.88326395,2.74763597,2.79674236,76709.23128215
2009-07-08,EGX:EXPA,2.82714186,2.82714186,2.57225469,2.5909623,429051.42297129
2009-07-09,EGX:EXPA,2.71255957,2.71255957,2.5091176,2.57225469,47213.39745187
2009-07-12,EGX:EXPA,2.51379451,2.57927041,2.49274881,2.5605628,153077.66090617
2009-07-13,EGX:EXPA,2.61434608,2.61434608,2.5605628,2.5605628,207.50423539
2009-07-14,EGX:EXPA,2.57459351,2.68683697,2.57225469,2.6213618,70339.81319589
2009-07-15,EGX:EXPA,2.73360527,2.76166668,2.64474558,2.73360527,212318.05880915
2009-07-16,EGX:EXPA,2.80609616,2.81778805,2.71255957,2.79440427,238025.2225933
2009-07-19,EGX:EXPA,2.76400477,2.81778805,2.76400477,2.79674236,247856.2510699
2009-07-20,EGX:EXPA,2.80609616,2.82948067,2.80609616,2.80843425,95528.90349169
2009-07-21,EGX:EXPA,2.83181876,2.94640104,2.80843425,2.86923325,381741.83150302
2009-07-22,EGX:EXPA,2.91132464,3.156858,2.91132464,3.06799831,825259.4603414
2009-07-26,EGX:EXPA,3.156858,3.68066303,3.156858,3.32990047,2349559.46369857
2009-07-27,EGX:EXPA,3.50762056,3.50762056,3.278456,3.45149847,203766.41075073
2009-07-28,EGX:EXPA,3.33457737,3.35562306,3.2316877,3.28780907,244346.54367135
2009-07-29,EGX:EXPA,3.27144028,3.43746776,3.21999508,3.36497687,797973.34048797
2009-07-30,EGX:EXPA,3.37900757,3.50528175,3.29716288,3.44915965,124554.76084182
2009-08-02,EGX:EXPA,3.39069947,3.46786726,3.37199258,3.39303828,42480.65184474
2009-08-03,EGX:EXPA,3.32054739,3.45617537,3.27611718,3.34860807,90121.42556949
2009-08-04,EGX:EXPA,3.34393117,3.40940707,3.19427249,3.28079408,149710.87033199
2009-08-05,EGX:EXPA,3.19427249,3.36731568,3.19427249,3.35328498,241824.8862413
2009-08-06,EGX:EXPA,3.27611718,3.48423605,3.27611718,3.38134566,128449.24430599
2009-08-09,EGX:EXPA,3.35562306,3.35562306,3.2737791,3.29248598,173575.23160187
2009-08-10,EGX:EXPA,3.29716288,3.33223928,3.28313217,3.29482479,92875.32283914
2009-08-11,EGX:EXPA,3.29716288,3.30885477,3.27611718,3.28780907,49992.03032574
2009-08-12,EGX:EXPA,3.2737791,3.31587049,3.2737791,3.28079408,65156.32991189
2009-08-13,EGX:EXPA,3.2737791,3.43279086,3.2737791,3.29716288,156463.69028363
2009-08-16,EGX:EXPA,3.40940707,3.40940707,3.34393117,3.38602256,39274.64269798
2009-08-17,EGX:EXPA,3.28079408,3.28313217,3.21531818,3.26676338,30240.6503573
2009-08-18,EGX:EXPA,3.1966113,3.2737791,3.1615349,3.25974839,33405.43349703
2009-08-19,EGX:EXPA,3.19427249,3.2737791,3.18024251,3.2316877,73875.6303989
2009-08-20,EGX:EXPA,3.27611718,3.27611718,3.217657,3.26442529,126071.87790055
2009-08-23,EGX:EXPA,3.278456,3.41174516,3.27611718,3.32756238,114043.50324921
2009-08-24,EGX:EXPA,3.32288548,3.39069947,3.29950169,3.32288548,143396.42025511
2009-08-25,EGX:EXPA,3.34393117,3.39069947,3.278456,3.32522429,784900.57365851
2009-08-26,EGX:EXPA,3.28313217,3.39069947,3.28313217,3.34393117,250704.96815573
2009-08-27,EGX:EXPA,3.38602256,3.50060485,3.34393117,3.36497687,77789.35266635
2009-08-30,EGX:EXPA,3.29716288,3.29716288,3.2737791,3.278456,118578.36402259
2009-08-31,EGX:EXPA,3.35562306,3.35562306,3.28313217,3.30183978,41992.81076154
2009-09-01,EGX:EXPA,3.2737791,3.35094616,3.2737791,3.30651668,52339.16432603
2009-09-02,EGX:EXPA,3.47955915,3.50762056,3.33223928,3.39303828,85902.63085001
2009-09-03,EGX:EXPA,3.47955915,3.47955915,3.33223928,3.42811395,99107.32090196
2009-09-06,EGX:EXPA,3.47955915,3.48189797,3.40940707,3.43045277,197939.80175705
2009-09-07,EGX:EXPA,3.44915965,3.44915965,3.34393117,3.38602256,94796.45476678
2009-09-08,EGX:EXPA,3.34393117,3.34393117,3.2270108,3.28079408,288081.84033005
2009-09-09,EGX:EXPA,3.25039458,3.25039458,3.156858,3.2012882,306978.46775272
2009-09-10,EGX:EXPA,3.25039458,3.2737791,3.16855062,3.2270108,334698.83488021
2009-09-13,EGX:EXPA,3.35796188,3.35796188,3.2737791,3.29248598,107502.31013366
2009-09-14,EGX:EXPA,3.2737791,3.33925427,3.18024251,3.2527334,427425.74409404
2009-09-15,EGX:EXPA,3.31820857,3.31820857,3.15451991,3.1872575,469672.78189894
2009-09-16,EGX:EXPA,3.26442529,3.30885477,3.156858,3.25507149,600382.58559045
2009-09-17,EGX:EXPA,3.2737791,3.2737791,3.20362629,3.2433796,104125.90015784
2009-09-22,EGX:EXPA,3.27611718,3.42109897,3.27611718,3.37900757,107216.47648491
2009-09-23,EGX:EXPA,3.39069947,3.39069947,3.25974839,3.28547099,334914.584317
2009-09-24,EGX:EXPA,3.34393117,3.36263878,3.27611718,3.31820857,105151.05353267
2009-09-27,EGX:EXPA,3.31119358,3.39069947,3.2737791,3.35094616,220560.51181483
2009-09-28,EGX:EXPA,3.2737791,3.37900757,3.2737791,3.31353167,464825.97767235
2009-09-29,EGX:EXPA,3.38836138,3.46786726,3.36731568,3.40005327,446664.54737507
2009-09-30,EGX:EXPA,3.43045277,3.46085227,3.27611718,3.37199258,193553.35460898
2009-10-01,EGX:EXPA,3.39069947,3.41174516,3.36731568,3.38836138,139620.11801109
2009-10-04,EGX:EXPA,3.38368448,3.44915965,3.30183978,3.40940707,170180.957023
2009-10-05,EGX:EXPA,3.44682156,3.44682156,3.2527334,3.31353167,652441.41306866
2009-10-07,EGX:EXPA,3.41174516,3.44682156,3.35094616,3.40940707,207471.25458256
2009-10-08,EGX:EXPA,3.37900757,3.42577587,3.33223928,3.37199258,132051.02312025
2009-10-11,EGX:EXPA,3.43045277,3.46085227,3.36731568,3.43980657,172636.6528418
2009-10-12,EGX:EXPA,3.36731568,3.43279086,3.36731568,3.39303828,106845.44242164
2009-10-13,EGX:EXPA,3.34626999,3.39069947,3.29716288,3.34159308,237379.34848315
2009-10-14,EGX:EXPA,3.38836138,3.39771445,3.30183978,3.33925427,161997.59462739
2009-10-15,EGX:EXPA,3.32288548,3.40940707,3.2737791,3.34393117,516049.29140808
2009-10-18,EGX:EXPA,3.43279086,3.47254416,3.39069947,3.44915965,1405082.6362256
2009-10-19,EGX:EXPA,3.32990047,3.32990047,3.16855062,3.23402579,646620.30087592
2009-10-20,EGX:EXPA,3.16855062,3.20362629,3.06332141,3.1054128,278935.16357016
2009-10-21,EGX:EXPA,3.156858,3.156858,3.07033713,3.08436711,34954.15716115
2009-10-22,EGX:EXPA,3.06332141,3.09839781,3.05630642,3.07267521,222054.26746958
2009-10-25,EGX:EXPA,3.1100897,3.1100897,3.06566023,3.08202902,58050.34050002
2009-10-26,EGX:EXPA,3.09839781,3.11476661,3.04695262,3.07735212,64287.83536378
2009-10-27,EGX:EXPA,3.05630642,3.05630642,3.01655312,3.03993763,269407.83334535
2009-10-28,EGX:EXPA,3.03993763,3.03993763,2.94640104,3.00953813,125512.57840517
2009-10-29,EGX:EXPA,2.94640104,2.94873913,2.80609616,2.86689516,185117.13937025
2009-11-01,EGX:EXPA,2.81077306,2.81778805,2.68917579,2.72659028,153577.86979148
2009-11-02,EGX:EXPA,2.74763597,2.77803547,2.66579128,2.69619078,113218.98310859
2009-11-03,EGX:EXPA,2.70320577,2.80609616,2.5254864,2.6470844,114283.98829022
2009-11-04,EGX:EXPA,2.68917579,2.72425146,2.68917579,2.71255957,29931.45530457
2009-11-05,EGX:EXPA,2.64474558,2.78037356,2.5956392,2.65176057,26359.90889547
2009-11-08,EGX:EXPA,2.65409939,2.80609616,2.65409939,2.78271238,46136.02446813
2009-11-09,EGX:EXPA,2.77803547,2.77803547,2.57693159,2.67748317,104195.98436979
2009-11-10,EGX:EXPA,2.71255957,2.75932787,2.67982199,2.70320577,47581.68311468
2009-11-11,EGX:EXPA,2.71255957,2.78738855,2.68917579,2.74997406,89534.64206942
2009-11-12,EGX:EXPA,2.69385269,2.69385269,2.66579128,2.68683697,77629.94543917
2009-11-15,EGX:EXPA,2.61902299,2.78505046,2.57225469,2.67748317,76610.28886527
2009-11-16,EGX:EXPA,2.71255957,2.78738855,2.68917579,2.71489839,214071.53830819
2009-11-17,EGX:EXPA,2.68917579,2.78271238,2.6470844,2.70320577,115518.02010067
2009-11-18,EGX:EXPA,2.71255957,2.84117256,2.69151388,2.77101976,195541.82234809
2009-11-19,EGX:EXPA,2.86689516,2.90197083,2.80609616,2.82948067,190300.62265425
2009-11-22,EGX:EXPA,2.78271238,2.81544996,2.78271238,2.80609616,40239.3312625
2009-11-23,EGX:EXPA,2.84818755,2.91132464,2.57225469,2.67982199,264139.14964682
2009-11-24,EGX:EXPA,2.78271238,2.85052637,2.78271238,2.80843425,79346.32153188
2009-11-25,EGX:EXPA,2.75231288,2.86221826,2.75231288,2.84117256,21399.04604944
2009-11-30,EGX:EXPA,2.75231288,2.78037356,2.57693159,2.66345319,233612.66564077
2009-12-01,EGX:EXPA,2.75231288,2.75231288,2.67046818,2.72425146,8170.9945935
2009-12-02,EGX:EXPA,2.68917579,2.80609616,2.68917579,2.79206545,197146.88822182
2009-12-03,EGX:EXPA,2.82012687,3.07501403,2.82012687,2.99784624,315663.41323387
2009-12-06,EGX:EXPA,3.01655312,3.03058382,2.94640104,2.96978482,14962.2921517
2009-12-07,EGX:EXPA,2.86689516,2.92301653,2.85520254,2.91600154,75802.25912747
2009-12-08,EGX:EXPA,2.90430965,2.98615434,2.90430965,2.92301653,28612.22307959
2009-12-09,EGX:EXPA,2.85286445,2.85520254,2.74295907,2.80375807,260707.77166162
2009-12-10,EGX:EXPA,2.80375807,2.98849243,2.80375807,2.88326395,4310.86613518
2009-12-13,EGX:EXPA,2.92301653,2.96978482,2.74062026,2.86455634,74915.89997631
2009-12-14,EGX:EXPA,2.80843425,2.83181876,2.80843425,2.82246495,30952.4860787
2009-12-15,EGX:EXPA,2.80843425,2.83883375,2.74997406,2.82480377,40198.10525547
2009-12-16,EGX:EXPA,2.78271238,2.89495584,2.76400477,2.80843425,427043.71642889
2009-12-17,EGX:EXPA,2.80609616,2.80609616,2.80609616,2.80609616,44084.34351823
2009-12-20,EGX:EXPA,2.80609616,2.80609616,2.78505046,2.80609616,4953.99184486
2009-12-21,EGX:EXPA,2.80375807,2.80609616,2.70086768,2.74295907,25092.89627939
2009-12-22,EGX:EXPA,2.64942249,2.71255957,2.64942249,2.66813009,42973.98972887
2009-12-23,EGX:EXPA,2.63071488,2.77101976,2.57693159,2.66111438,78895.58385501
2009-12-24,EGX:EXPA,2.66111438,2.70086768,2.58394658,2.5909623,780295.62867318
2009-12-27,EGX:EXPA,2.64942249,2.65409939,2.57225469,2.60265419,67989.93079514
2009-12-28,EGX:EXPA,2.57225469,2.66579128,2.53717829,2.5862854,176616.3367205
2009-12-29,EGX:EXPA,2.5956392,2.65409939,2.57927041,2.5956392,71237.16594893
2009-12-30,EGX:EXPA,2.54887091,2.57225469,2.5254864,2.53717829,163680.98991448
2009-12-31,EGX:EXPA,2.50210262,2.65409939,2.49041,2.55354781,46486.44552789
2010-01-04,EGX:EXPA,2.58394658,2.61902299,2.58394658,2.6003161,51995.61426744
2010-01-05,EGX:EXPA,2.6424075,2.6424075,2.63071488,2.64006868,9443.50401051
2010-01-06,EGX:EXPA,2.57693159,2.74529716,2.57459351,2.63305369,77346.86019089
2010-01-10,EGX:EXPA,2.77101976,2.77101976,2.64006868,2.70554458,38063.97229151
2010-01-11,EGX:EXPA,2.6424075,2.71022149,2.6424075,2.68683697,84462.4690044
2010-01-12,EGX:EXPA,2.68683697,2.70086768,2.64942249,2.66111438,535301.83669145
2010-01-13,EGX:EXPA,2.66579128,2.68917579,2.66111438,2.68683697,167457.2921585
2010-01-14,EGX:EXPA,2.66579128,2.70788267,2.66111438,2.67280627,70162.54136566
2010-01-17,EGX:EXPA,2.67514508,2.70788267,2.64942249,2.68683697,551553.12866297
2010-01-18,EGX:EXPA,2.65643747,2.66345319,2.6003161,2.63071488,105737.83703274
2010-01-19,EGX:EXPA,2.64474558,2.75465096,2.64474558,2.68917579,1008357.89956737
2010-01-20,EGX:EXPA,2.69151388,2.86455634,2.66813009,2.73828217,1042792.60903994
2010-01-21,EGX:EXPA,2.74763597,2.87624824,2.68917579,2.81311115,361820.05070552
2010-01-24,EGX:EXPA,2.70086768,2.85052637,2.69151388,2.79908117,967981.14828144
2010-01-26,EGX:EXPA,2.80609616,2.82246495,2.73594408,2.80609616,279996.04615109
2010-01-27,EGX:EXPA,2.77101976,2.77101976,2.69385269,2.72892837,51581.97999689
2010-01-28,EGX:EXPA,2.72892837,2.85052637,2.72892837,2.80375807,297103.46486862
2010-01-31,EGX:EXPA,2.75932787,2.79440427,2.68917579,2.72425146,121282.79008381
2010-02-01,EGX:EXPA,2.77803547,2.81778805,2.75932787,2.80375807,98001.0897133
2010-02-02,EGX:EXPA,2.85052637,2.85052637,2.78505046,2.80609616,111998.69330048
2010-02-03,EGX:EXPA,2.77101976,2.95809293,2.76166668,2.91600154,1043733.93620047
2010-02-04,EGX:EXPA,2.80609616,2.99083052,2.80609616,2.90898655,77500.77061714
2010-02-07,EGX:EXPA,2.80843425,2.81778805,2.80609616,2.81077306,34921.17635553
2010-02-08,EGX:EXPA,2.86455634,2.86455634,2.81778805,2.82948067,78552.03379642
2010-02-09,EGX:EXPA,2.81077306,2.86221826,2.81077306,2.82714186,38610.90398478
2010-02-10,EGX:EXPA,2.86455634,2.93470915,2.80609616,2.91366345,903955.78516243
2010-02-11,EGX:EXPA,2.92301653,2.94640104,2.92301653,2.92769343,134102.70407014
2010-02-14,EGX:EXPA,2.94640104,2.94640104,2.88092514,2.93003225,2239.946382
2010-02-15,EGX:EXPA,2.92067844,2.92301653,2.80843425,2.89963275,6181.15265415
2010-02-16,EGX:EXPA,2.83415684,3.00252314,2.83415684,2.97913863,494023.61005177
2010-02-17,EGX:EXPA,2.85754136,3.02356883,2.85754136,2.98381553,1161289.8952487
2010-02-18,EGX:EXPA,2.88092514,2.92301653,2.85987944,2.91600154,285142.42602876
2010-02-21,EGX:EXPA,2.84117256,2.84117256,2.70788267,2.79440427,135129.23164521
2010-02-22,EGX:EXPA,2.70788267,2.78972737,2.66579128,2.67982199,110187.4973916
2010-02-23,EGX:EXPA,2.68917579,2.68917579,2.57927041,2.60733109,27462.01748343
2010-02-24,EGX:EXPA,2.68917579,2.80609616,2.68917579,2.74062026,203466.83509964
2010-02-25,EGX:EXPA,2.74763597,2.80609616,2.74763597,2.80609616,318841.93837594
2010-03-01,EGX:EXPA,2.62369989,2.64942249,2.57693159,2.63539178,82100.21880154
2010-03-02,EGX:EXPA,2.80141926,2.80141926,2.6424075,2.69385269,29659.36365817
2010-03-03,EGX:EXPA,2.57693159,2.70086768,2.57693159,2.67046818,33803.95156499
2010-03-04,EGX:EXPA,2.79206545,2.85987944,2.69385269,2.80609616,420924.40278529
2010-03-07,EGX:EXPA,2.71489839,2.78972737,2.71489839,2.72425146,8055.56177381
2010-03-08,EGX:EXPA,2.71723647,2.79674236,2.71723647,2.74295907,5168.36708142
2010-03-09,EGX:EXPA,2.71489839,2.71489839,2.65409939,2.69151388,71630.18721596
2010-03-10,EGX:EXPA,2.69385269,2.78271238,2.69151388,2.70320577,48752.50171435
2010-03-11,EGX:EXPA,2.72659028,2.78271238,2.72425146,2.75231288,4493.63476635
2010-03-14,EGX:EXPA,2.69385269,2.69385269,2.57225469,2.612008,75901.20154434
2010-03-15,EGX:EXPA,2.61902299,2.61902299,2.57225469,2.5956392,97444.53861839
2010-03-16,EGX:EXPA,2.61902299,2.64942249,2.5956392,2.62837679,25909.1712186
2010-03-17,EGX:EXPA,2.66813009,2.68917579,2.60733109,2.67280627,36710.38506066
2010-03-18,EGX:EXPA,2.6424075,2.65409939,2.6424075,2.64474558,2213.83657755
2010-03-21,EGX:EXPA,2.5862854,2.60966918,2.5862854,2.60499228,461.73127874
2010-03-22,EGX:EXPA,2.68917579,2.68917579,2.68917579,2.68917579,2700.30346052
2010-03-23,EGX:EXPA,2.57927041,2.80609616,2.57927041,2.69151388,317430.63473526
2010-03-24,EGX:EXPA,2.82012687,2.82012687,2.82012687,2.82012687,3201.88654606
2010-03-25,EGX:EXPA,2.80375807,2.80375807,2.74763597,2.75465096,46351.77390492
2010-03-28,EGX:EXPA,2.63071488,2.80609616,2.63071488,2.78271238,18750.96219783
2010-03-29,EGX:EXPA,2.78271238,2.78271238,2.68917579,2.69852887,405842.5552132
2010-03-30,EGX:EXPA,2.69151388,2.80609616,2.68917579,2.80141926,291502.22471337
2010-03-31,EGX:EXPA,2.82246495,2.85286445,2.80609616,2.81778805,76433.01703504
2010-04-01,EGX:EXPA,2.80609616,2.86455634,2.80609616,2.82714186,1016913.67022649
2010-04-06,EGX:EXPA,2.86455634,2.90664774,2.74763597,2.84351065,39979.6074182
2010-04-07,EGX:EXPA,2.85987944,2.88326395,2.82012687,2.86221826,109683.16590559
2010-04-08,EGX:EXPA,2.85987944,2.87624824,2.80609616,2.85286445,591836.43433297
2010-04-11,EGX:EXPA,2.82948067,2.96510865,2.82948067,2.91834036,1163114.83315993
2010-04-12,EGX:EXPA,2.92301653,2.97680054,2.87624824,2.92301653,348788.50988309
2010-04-13,EGX:EXPA,2.92301653,2.92535534,2.92301653,2.92301653,13941.26137757
2010-04-14,EGX:EXPA,2.92301653,2.96978482,2.92301653,2.93237033,131211.38677705
2010-04-15,EGX:EXPA,2.98147744,2.99316933,2.92301653,2.92769343,162838.60517082
2010-04-18,EGX:EXPA,2.92067844,2.92067844,2.80375807,2.81077306,211919.54074118
2010-04-19,EGX:EXPA,2.80609616,2.80609616,2.80609616,2.80609616,1172.19279991
2010-04-20,EGX:EXPA,2.80609616,2.95809293,2.80609616,2.91366345,233939.72529655
2010-04-21,EGX:EXPA,2.92301653,2.92301653,2.81077306,2.87391015,79186.91430469
2010-04-22,EGX:EXPA,2.81077306,2.88794086,2.80609616,2.81077306,96992.42674128
2010-04-26,EGX:EXPA,2.78505046,2.92301653,2.71255957,2.86221826,145093.55754455
2010-04-27,EGX:EXPA,2.89729466,2.95809293,2.85286445,2.92301653,131211.38677705
2010-04-28,EGX:EXPA,2.91366345,2.94406223,2.80843425,2.91834036,281371.62058568
2010-04-29,EGX:EXPA,2.89495584,2.92301653,2.82948067,2.91834036,237443.93589416
2010-05-02,EGX:EXPA,2.85286445,2.92301653,2.85286445,2.89261776,21375.68464545
2010-05-03,EGX:EXPA,2.83649566,2.93003225,2.83649566,2.91132464,248080.2457081
2010-05-05,EGX:EXPA,2.82714186,2.92301653,2.82714186,2.92067844,381754.19930512
2010-05-06,EGX:EXPA,2.85520254,2.85987944,2.85520254,2.85754136,1010.03717225
2010-05-09,EGX:EXPA,2.82714186,2.82714186,2.73360527,2.77335857,108946.59457997
2010-05-10,EGX:EXPA,2.82948067,2.82948067,2.77335857,2.77335857,15.11620258
2010-05-11,EGX:EXPA,2.81311115,2.81311115,2.73828217,2.77569666,66130.63787805
2010-05-12,EGX:EXPA,2.75932787,2.75932787,2.73594408,2.74997406,25652.19577478
2010-05-13,EGX:EXPA,2.73828217,2.73828217,2.73828217,2.73828217,2665.94845466
2010-05-16,EGX:EXPA,2.73594408,2.73594408,2.71255957,2.72659028,17100.54771636
2010-05-17,EGX:EXPA,2.70086768,2.70086768,2.68917579,2.69151388,42721.13688575
2010-05-18,EGX:EXPA,2.70086768,2.70086768,2.67748317,2.69151388,26215.61787086
2010-05-19,EGX:EXPA,2.65643747,2.74763597,2.54887091,2.68683697,138490.52541845
2010-05-20,EGX:EXPA,2.5301633,2.68683697,2.5301633,2.68683697,112.68441922
2010-05-23,EGX:EXPA,2.57225469,2.61902299,2.54185519,2.57225469,70328.81959402
2010-05-24,EGX:EXPA,2.54887091,2.68917579,2.54887091,2.63071488,234992.36267607
2010-05-26,EGX:EXPA,2.66579128,2.66579128,2.63071488,2.63773059,21375.68464545
2010-05-27,EGX:EXPA,2.57225469,2.66345319,2.57225469,2.58394658,110968.04312471
2010-05-30,EGX:EXPA,2.5956392,2.5956392,2.57693159,2.59330039,26436.8641086
2010-05-31,EGX:EXPA,2.66345319,2.66345319,2.63773059,2.6424075,4398.81495018
2010-06-01,EGX:EXPA,2.57225469,2.57225469,2.43194981,2.56290089,20520.93209968
2010-06-03,EGX:EXPA,2.6470844,2.6470844,2.57225469,2.57693159,25928.41002188
2010-06-06,EGX:EXPA,2.57225469,2.5956392,2.57225469,2.57693159,146888.26305062
2010-06-08,EGX:EXPA,2.54887091,2.59330039,2.53717829,2.57459351,18099.59128674
2010-06-09,EGX:EXPA,2.57225469,2.57225469,2.53717829,2.5605628,5767.5183836
2010-06-10,EGX:EXPA,2.5699166,2.57225469,2.5254864,2.5605628,4484.01536471
2010-06-13,EGX:EXPA,2.55354781,2.5699166,2.48573382,2.5395171,13454.79449461
2010-06-14,EGX:EXPA,2.57225469,2.57225469,2.46702621,2.5699166,585417.54503828
2010-06-15,EGX:EXPA,2.57225469,2.57225469,2.5699166,2.57225469,31212.20992299
2010-06-16,EGX:EXPA,2.5208095,2.59797729,2.5208095,2.56290089,20118.29143101
2010-06-17,EGX:EXPA,2.57927041,2.63539178,2.51613259,2.57459351,248050.01330295
2010-06-20,EGX:EXPA,2.53717829,2.61902299,2.53717829,2.57225469,115590.8527131
2010-06-21,EGX:EXPA,2.57225469,2.58394658,2.57225469,2.57927041,13682.91173351
2010-06-22,EGX:EXPA,2.57225469,2.57225469,2.5395171,2.54653209,2598.61264317
2010-06-23,EGX:EXPA,2.5395171,2.54653209,2.5395171,2.54653209,122.30382086
2010-06-24,EGX:EXPA,2.57225469,2.57459351,2.5605628,2.57225469,88538.34689951
2010-06-27,EGX:EXPA,2.52782521,2.57693159,2.52782521,2.57225469,165026.33194392
2010-06-28,EGX:EXPA,2.57225469,2.57459351,2.57225469,2.57225469,106779.48081039
2010-06-30,EGX:EXPA,2.52782521,2.75932787,2.52782521,2.71255957,111403.664599
2010-07-04,EGX:EXPA,2.52782521,2.73594408,2.52314831,2.5348402,44407.28057331
2010-07-05,EGX:EXPA,2.45533432,2.5605628,2.33841322,2.43194981,6836.64616594
2010-07-06,EGX:EXPA,2.39687414,2.5605628,2.36413582,2.41791983,302549.42039738
2010-07-07,EGX:EXPA,2.36413582,2.40388913,2.36413582,2.38518152,423.25367218
2010-07-08,EGX:EXPA,2.51379451,2.51379451,2.39921222,2.42727291,7691.39871171
2010-07-11,EGX:EXPA,2.46234931,2.4693643,2.45533432,2.46234931,10790.22024019
2010-07-12,EGX:EXPA,2.45533432,2.52314831,2.45533432,2.51379451,142253.08566013
2010-07-13,EGX:EXPA,2.46702621,2.5956392,2.46702621,2.5699166,86578.73736531
2010-07-14,EGX:EXPA,2.58394658,2.6166849,2.57459351,2.57459351,61316.81445709
2010-07-15,EGX:EXPA,2.57459351,2.80609616,2.57459351,2.76868167,353172.20863069
2010-07-18,EGX:EXPA,2.69385269,2.69385269,2.54887091,2.57693159,163428.13707136
2010-07-19,EGX:EXPA,2.54887091,2.54887091,2.54887091,2.54887091,931.7077589
2010-07-20,EGX:EXPA,2.63071488,2.63071488,2.5348402,2.54653209,26515.19352195
2010-07-21,EGX:EXPA,2.53717829,2.53717829,2.5348402,2.53717829,12440.63472165
2010-07-22,EGX:EXPA,2.66345319,2.75698978,2.5395171,2.68917579,56426.03582301
2010-07-25,EGX:EXPA,2.59797729,2.59797729,2.57225469,2.57693159,40619.98472741
2010-07-26,EGX:EXPA,2.63773059,2.64006868,2.57225469,2.59797729,82071.36059661
2010-07-27,EGX:EXPA,2.551209,2.68917579,2.551209,2.65409939,31264.4295319
2010-07-28,EGX:EXPA,2.58394658,2.62837679,2.57225469,2.60733109,760601.96511458
2010-07-29,EGX:EXPA,2.72191338,2.74763597,2.72191338,2.74295907,102843.77133918
2010-08-01,EGX:EXPA,2.6003161,2.74295907,2.6003161,2.72425146,8709.68108537
2010-08-02,EGX:EXPA,2.74529716,2.74763597,2.74529716,2.74529716,783.29413358
2010-08-03,EGX:EXPA,2.612008,2.81778805,2.612008,2.80141926,870455.53184923
2010-08-04,EGX:EXPA,2.80609616,2.80609616,2.80609616,2.80609616,18114.70748932
2010-08-05,EGX:EXPA,2.80609616,2.80609616,2.68917579,2.78271238,242811.56200957
2010-08-08,EGX:EXPA,2.72425146,2.78271238,2.72425146,2.78271238,324.31125531
2010-08-09,EGX:EXPA,2.80609616,2.80609616,2.73828217,2.80609616,317346.80852096
2010-08-10,EGX:EXPA,2.80609616,2.80609616,2.80609616,2.80609616,22659.18766434
2010-08-11,EGX:EXPA,2.80609616,2.80609616,2.75231288,2.80609616,48102.5050035
2010-08-15,EGX:EXPA,2.70788267,2.80609616,2.70554458,2.78037356,31298.78453776
2010-08-16,EGX:EXPA,2.79908117,2.80609616,2.79908117,2.80609616,35321.06862373
2010-08-18,EGX:EXPA,2.75932787,2.80609616,2.75932787,2.80609616,78112.28972143
2010-08-19,EGX:EXPA,2.75932787,2.80609616,2.71489839,2.79908117,69097.53618403
2010-08-22,EGX:EXPA,2.72425146,2.75932787,2.71255957,2.73126718,19237.42908079
2010-08-23,EGX:EXPA,2.71723647,2.80375807,2.71723647,2.79908117,87919.95679405
2010-08-24,EGX:EXPA,2.71022149,2.72659028,2.70788267,2.71255957,10978.48567229
2010-08-25,EGX:EXPA,2.75932787,2.79908117,2.75932787,2.78972737,7591.0820946
2010-08-26,EGX:EXPA,2.79674236,2.89963275,2.79674236,2.80609616,136974.78255995
2010-08-29,EGX:EXPA,2.74062026,2.74062026,2.6470844,2.70320577,10255.65634902
2010-08-30,EGX:EXPA,2.70086768,2.80609616,2.69852887,2.79206545,67996.80179631
2010-08-31,EGX:EXPA,2.69619078,2.69852887,2.6424075,2.67280627,43439.84360832
2010-09-01,EGX:EXPA,2.69385269,2.78271238,2.69385269,2.73594408,23944.06488347
2010-09-02,EGX:EXPA,2.73828217,2.80141926,2.73828217,2.75465096,12696.23596524
2010-09-05,EGX:EXPA,2.80141926,2.80141926,2.79908117,2.80141926,4268.26592792
2010-09-06,EGX:EXPA,2.79440427,2.80375807,2.74997406,2.79440427,958622.84468546
2010-09-08,EGX:EXPA,2.78271238,2.80609616,2.73594408,2.78972737,154674.4815785
2010-09-13,EGX:EXPA,2.80609616,2.80609616,2.78271238,2.79674236,7264.02243882
2010-09-14,EGX:EXPA,2.80141926,2.80609616,2.74763597,2.77569666,29189.38717802
2010-09-15,EGX:EXPA,2.80141926,2.80141926,2.71022149,2.72659028,46108.54046344
2010-09-16,EGX:EXPA,2.73828217,2.82948067,2.73828217,2.79908117,39379.08191579
2010-09-19,EGX:EXPA,2.85052637,2.85286445,2.75231288,2.82246495,15642.52126771
2010-09-20,EGX:EXPA,2.80609616,2.80609616,2.78037356,2.80609616,27801.44494131
2010-09-21,EGX:EXPA,2.80609616,2.91834036,2.78505046,2.83181876,78895.58385501
2010-09-22,EGX:EXPA,2.82948067,2.82948067,2.80375807,2.81311115,123798.95071292
2010-09-23,EGX:EXPA,2.80609616,2.80609616,2.79440427,2.80609616,161386.0755231
2010-09-26,EGX:EXPA,2.83415684,2.85286445,2.80609616,2.83649566,259185.15780196
2010-09-27,EGX:EXPA,2.82246495,2.82246495,2.81311115,2.81778805,52024.47247236
2010-09-28,EGX:EXPA,2.80843425,2.90197083,2.80843425,2.85987944,32943.70221828
2010-09-29,EGX:EXPA,2.87624824,2.92301653,2.87624824,2.92067844,197640.22610596
2010-09-30,EGX:EXPA,3.00018432,3.03058382,2.98381553,3.00486123,346203.63924226
2010-10-03,EGX:EXPA,3.08670592,3.1521811,3.03993763,3.1100897,112483.78598321
2010-10-04,EGX:EXPA,3.14516611,3.15451991,3.10073663,3.12178232,168717.43377341
2010-10-05,EGX:EXPA,3.15451991,3.156858,3.1100897,3.1264585,63147.24916926
2010-10-07,EGX:EXPA,3.11242852,3.14516611,3.08202902,3.11242852,72394.24254626
2010-10-10,EGX:EXPA,3.10307471,3.14516611,3.08202902,3.09839781,123346.83883582
2010-10-11,EGX:EXPA,3.09839781,3.10307471,3.07501403,3.09372091,144028.55236292
2010-10-12,EGX:EXPA,3.09839781,3.156858,3.09839781,3.11944351,345028.69804188
2010-10-13,EGX:EXPA,3.1054128,3.1521811,3.1054128,3.1264585,188177.48329216
2010-10-14,EGX:EXPA,2.83415684,2.94640104,2.78271238,2.87624824,151843.62909572
2010-10-17,EGX:EXPA,2.87157206,2.89729466,2.87157206,2.88326395,26906.84058875
2010-10-18,EGX:EXPA,2.92067844,2.92067844,2.85520254,2.88794086,49068.56776825
2010-10-19,EGX:EXPA,2.91132464,2.95809293,2.86689516,2.90430965,164427.18064174
2010-10-20,EGX:EXPA,2.84117256,2.94172414,2.84117256,2.91600154,62519.23966216
2010-10-21,EGX:EXPA,2.94406223,2.98147744,2.93003225,2.97212364,167568.60237748
2010-10-24,EGX:EXPA,3.01421503,3.02356883,2.95341603,2.97212364,143558.57588277
2010-10-25,EGX:EXPA,2.95809293,2.95809293,2.91132464,2.93237033,17603.50500214
2010-10-26,EGX:EXPA,2.91600154,2.91600154,2.86455634,2.89261776,37485.43399284
2010-10-27,EGX:EXPA,2.86923325,2.86923325,2.80843425,2.85987944,75586.50969067
2010-10-28,EGX:EXPA,2.86455634,2.99316933,2.82012687,2.96744674,285626.14451125
2010-10-31,EGX:EXPA,2.95809293,2.95809293,2.86455634,2.87157206,10406.8183748
2010-11-01,EGX:EXPA,2.87624824,2.95809293,2.86455634,2.91366345,114586.31234178
2010-11-02,EGX:EXPA,2.83649566,2.86455634,2.83649566,2.85520254,34386.61246436
2010-11-03,EGX:EXPA,2.85286445,2.89963275,2.85286445,2.89495584,17746.42182651
2010-11-04,EGX:EXPA,2.92067844,3.01655312,2.86923325,2.94406223,109668.04970301
2010-11-07,EGX:EXPA,2.99316933,3.03292264,2.99316933,3.01421503,62736.36329918
2010-11-08,EGX:EXPA,3.01421503,3.02824574,2.93470915,3.01655312,67045.85523413
2010-11-09,EGX:EXPA,3.02590692,3.02590692,2.93938605,3.00486123,5627.3499597
2010-11-10,EGX:EXPA,2.92301653,2.99083052,2.89963275,2.96276983,21378.43304592
2010-11-11,EGX:EXPA,2.90898655,3.02590692,2.90898655,2.99550742,43163.62936121
2010-11-14,EGX:EXPA,2.92769343,3.01187621,2.92301653,2.94640104,17525.17558878
2010-11-18,EGX:EXPA,2.95809293,2.99316933,2.92301653,2.99083052,9003.75993552
2010-11-21,EGX:EXPA,2.94640104,2.94640104,2.89963275,2.92535534,38481.72916275
2010-11-22,EGX:EXPA,2.92301653,2.94640104,2.91600154,2.92301653,79703.61359281
2010-11-23,EGX:EXPA,2.93003225,3.00486123,2.93003225,2.98147744,58000.86929158
2010-11-24,EGX:EXPA,2.93938605,2.96978482,2.93938605,2.96276983,80508.89493015
2010-11-25,EGX:EXPA,2.99316933,2.99316933,2.94640104,2.95107794,250655.49694729
2010-11-28,EGX:EXPA,2.95107794,2.96744674,2.92301653,2.94406223,144686.79427518
2010-11-29,EGX:EXPA,2.94640104,2.98147744,2.92769343,2.96043175,40747.78534921
2010-11-30,EGX:EXPA,2.92535534,2.99316933,2.92535534,2.96276983,10652.80021675
2010-12-01,EGX:EXPA,2.99316933,3.03526073,2.94640104,2.99316933,71437.79918315
2010-12-02,EGX:EXPA,3.03292264,3.10307471,3.02590692,3.06566023,307256.05620006
2010-12-05,EGX:EXPA,3.09839781,3.09839781,3.01889193,3.04695262,159065.05132727
2010-12-06,EGX:EXPA,3.02123002,3.03993763,2.99316933,3.02590692,78967.0422672
2010-12-08,EGX:EXPA,3.02123002,3.08436711,3.02123002,3.06799831,343574.79419393
2010-12-09,EGX:EXPA,3.14282875,3.14282875,3.03058528,3.08109466,165261.320184
2010-12-12,EGX:EXPA,3.05864596,3.11476806,3.04742198,3.07828866,62189.43160591
2010-12-13,EGX:EXPA,3.01936057,3.06706468,3.00532986,3.01936057,108068.48063021
2010-12-14,EGX:EXPA,3.05864596,3.15685945,3.01374858,3.07548267,887314.22032434
2010-12-15,EGX:EXPA,3.10073736,3.10073736,3.00813658,3.03058528,347077.63059131
2010-12-16,EGX:EXPA,3.00252387,3.06706468,2.96323847,2.99129988,53307.97549125
2010-12-19,EGX:EXPA,2.98849389,3.00252387,2.96043247,2.97446318,128643.00653904
2010-12-20,EGX:EXPA,2.97446318,3.00252387,2.9464025,2.96043247,75901.20154434
2010-12-21,EGX:EXPA,2.96885119,2.99971787,2.90431038,2.93798378,127991.63562795
2010-12-22,EGX:EXPA,2.89589239,2.89589239,2.86221899,2.87624969,164780.35010197
2010-12-23,EGX:EXPA,2.91834108,2.91834108,2.80329089,2.8341583,635239.17453496
2010-12-26,EGX:EXPA,2.8145156,2.85941299,2.80609761,2.80609761,85403.79616493
2010-12-27,EGX:EXPA,2.80609761,2.8734437,2.80609761,2.8145156,428478.38147356
2010-12-28,EGX:EXPA,2.8678317,2.87905569,2.83977029,2.8678317,70081.46355183
2010-12-29,EGX:EXPA,2.8706377,2.87624969,2.83977029,2.8678317,197938.42755682
2010-12-30,EGX:EXPA,2.8874744,2.8902804,2.84818901,2.86502571,140252.2501189
2011-01-02,EGX:EXPA,2.87905569,2.91834108,2.86502571,2.89589239,60690.17915022
2011-01-03,EGX:EXPA,2.91834108,2.91834108,2.85941299,2.88466768,244052.4648212
2011-01-04,EGX:EXPA,2.91834108,2.96885119,2.8902804,2.93798378,492373.19557031
2011-01-05,EGX:EXPA,2.9464025,2.97446318,2.8902804,2.93798378,443995.85051994
2011-01-06,EGX:EXPA,2.99971787,2.99971787,2.92395307,2.95482048,224728.46112564
2011-01-10,EGX:EXPA,2.9464025,2.9464025,2.8902804,2.91272909,510405.45104557
2011-01-11,EGX:EXPA,2.8874744,2.91272909,2.8874744,2.89869838,94764.84816139
2011-01-12,EGX:EXPA,2.90150438,2.97165718,2.84818901,2.87624969,516835.33394213
2011-01-13,EGX:EXPA,2.87624969,2.93517778,2.87624969,2.89869838,491735.56666157
2011-01-16,EGX:EXPA,2.87905569,2.91272909,2.853801,2.8706377,225863.55051922
2011-01-17,EGX:EXPA,2.86221899,2.86502571,2.81170961,2.8369643,361851.65731091
2011-01-18,EGX:EXPA,2.81170961,2.8341583,2.74997552,2.78645492,203512.18370737
2011-01-19,EGX:EXPA,2.66579273,2.80609761,2.66579273,2.78926091,43240.58457434
2011-01-20,EGX:EXPA,2.76681149,2.76681149,2.74997552,2.75558751,307181.84938741
2011-01-23,EGX:EXPA,2.76400622,2.76400622,2.67421072,2.69665941,534970.65443497
2011-01-24,EGX:EXPA,2.71349612,2.7780362,2.69946541,2.7219141,60173.47986211
2011-01-26,EGX:EXPA,2.70227141,2.70227141,2.39921295,2.50584516,140128.57209781
2011-01-27,EGX:EXPA,2.39921295,2.65737402,2.00635972,2.0933485,69586.75146746
2011-03-23,EGX:EXPA,1.88569754,2.0203897,1.88569754,1.88850353,609915.41261619
2011-03-24,EGX:EXPA,1.70049527,2.0765118,1.70049527,2.06528782,491320.55819079
2011-03-27,EGX:EXPA,2.21962267,2.27013278,2.13824589,2.24207137,214158.11292295
2011-03-28,EGX:EXPA,2.44130434,2.44972306,2.10737921,2.26171479,807228.57906638
2011-03-29,EGX:EXPA,2.27293878,2.38518297,2.27293878,2.37115227,24581.69379221
2011-03-30,EGX:EXPA,2.30380619,2.37115227,2.23365338,2.25890807,126289.00153758
2011-03-31,EGX:EXPA,2.23365338,2.27293878,2.20839869,2.23084739,174212.86051061
2011-04-03,EGX:EXPA,2.27293878,2.45252905,2.24768409,2.43288636,419875.88800647
2011-04-04,EGX:EXPA,2.40482494,2.49462044,2.39921295,2.44691706,51205.44913268
2011-04-05,EGX:EXPA,2.45533505,2.45533505,2.37395826,2.42166164,13641.68572648
2011-04-06,EGX:EXPA,2.38518297,2.39079496,2.34028486,2.36554027,42153.59218896
2011-04-07,EGX:EXPA,2.24487809,2.44972306,2.24487809,2.39640696,28867.82432318
2011-04-10,EGX:EXPA,2.30099946,2.35712156,2.25049008,2.27293878,130620.48067628
2011-04-11,EGX:EXPA,2.32064289,2.35150957,2.25049008,2.28135749,234555.36700154
2011-04-12,EGX:EXPA,2.27855077,2.30099946,2.25049008,2.27574477,36594.95224098
2011-04-13,EGX:EXPA,2.35712156,2.35712156,2.28977548,2.30099946,598512.29907148
2011-04-14,EGX:EXPA,2.30380619,2.32625488,2.28416349,2.30099946,44443.0097794
2011-04-17,EGX:EXPA,2.30099946,2.30099946,2.18875599,2.23365338,162508.79711458
2011-04-18,EGX:EXPA,2.1326339,2.15508259,2.10457321,2.1326339,306614.30469062
2011-04-19,EGX:EXPA,2.18595,2.18875599,2.12140919,2.15227659,187593.44819256
2011-04-20,EGX:EXPA,2.16069458,2.16069458,2.0765118,2.10176649,65244.27872689
2011-04-21,EGX:EXPA,2.10737921,2.15227659,2.10457321,2.1270219,106139.10350118
2011-04-26,EGX:EXPA,2.1326339,2.19156199,2.1270219,2.16069458,45003.68347502
2011-04-27,EGX:EXPA,2.1298279,2.15788859,2.10176649,2.13543989,54377.10327358
2011-04-28,EGX:EXPA,2.12421591,2.16069458,2.10457321,2.1270219,88288.24245685
2011-05-02,EGX:EXPA,2.1494706,2.2055927,2.1466646,2.16069458,103232.67000551
2011-05-03,EGX:EXPA,2.15508259,2.21401068,2.15227659,2.183144,137017.38276722
2011-05-04,EGX:EXPA,2.21681668,2.21962267,2.1494706,2.1635013,83305.39240707
2011-05-05,EGX:EXPA,2.16069458,2.16069458,2.13543989,2.15227659,80673.79895827
2011-05-08,EGX:EXPA,2.1494706,2.15788859,2.1129912,2.13824589,40958.03798507
2011-05-09,EGX:EXPA,2.1326339,2.16069458,2.10737921,2.14105261,524620.17826977
2011-05-10,EGX:EXPA,2.1466646,2.15227659,2.12421591,2.13824589,8191.60759701
2011-05-11,EGX:EXPA,2.15788859,2.15788859,2.10176649,2.12140919,219338.84780649
2011-05-12,EGX:EXPA,2.10737921,2.1270219,2.08212452,2.10737921,293327.1626246
2011-05-15,EGX:EXPA,2.1101852,2.14385861,2.10457321,2.11579719,60266.92547804
2011-05-16,EGX:EXPA,2.1129912,2.15508259,2.10457321,2.11579719,253280.21939492
2011-05-17,EGX:EXPA,2.11579719,2.17472529,2.11579719,2.14385861,446523.00475093
2011-05-18,EGX:EXPA,2.1326339,2.18033728,2.1326339,2.16069458,491903.21909016
2011-05-19,EGX:EXPA,2.1466646,2.18033728,2.1466646,2.15788859,111945.09949134
2011-05-22,EGX:EXPA,2.183144,2.18875599,2.16069458,2.1663073,410885.8700733
2011-05-23,EGX:EXPA,2.1663073,2.1663073,2.11860319,2.13543989,216310.11048996
2011-05-24,EGX:EXPA,2.1129912,2.1129912,2.0765118,2.0933485,213370.69618867
2011-05-25,EGX:EXPA,2.10176649,2.11579719,2.08212452,2.10176649,142188.49824911
2011-05-26,EGX:EXPA,2.08773651,2.11860319,1.90814623,2.05125711,258695.94251852
2011-05-29,EGX:EXPA,2.08773651,2.10457321,2.06809381,2.10176649,173829.45864522
2011-05-30,EGX:EXPA,2.0905425,2.10737921,2.07931779,2.10176649,323416.65095612
2011-05-31,EGX:EXPA,2.10457321,2.10457321,2.0765118,2.09896049,102821.78413543
2011-06-01,EGX:EXPA,2.0905425,2.11579719,2.0765118,2.10457321,879420.81417818
2011-06-02,EGX:EXPA,2.08212452,2.0961545,2.03442041,2.05967582,206238.59697234
2011-06-05,EGX:EXPA,2.0905425,2.1326339,2.06809381,2.10457321,124266.1787926
2011-06-06,EGX:EXPA,2.08212452,2.14385861,2.04845111,2.12140919,402411.17722801
2011-06-07,EGX:EXPA,2.1129912,2.15227659,2.08493051,2.1326339,656267.18652112
2011-06-08,EGX:EXPA,2.1494706,2.1691133,2.10737921,2.13824589,86101.88988399
2011-06-09,EGX:EXPA,2.1326339,2.14105261,2.11860319,2.1326339,256138.55588238
2011-06-12,EGX:EXPA,2.10457321,2.1298279,2.0905425,2.11579719,36621.06204543
2011-06-13,EGX:EXPA,2.10737921,2.13824589,2.10457321,2.12421591,224357.42706236
2011-06-14,EGX:EXPA,2.1326339,2.13543989,2.09896049,2.12421591,205051.28796986
2011-06-15,EGX:EXPA,2.11860319,2.1326339,2.0961545,2.1129912,320067.72498499
2011-06-16,EGX:EXPA,2.0905425,2.1101852,2.0765118,2.0961545,1291657.52308186
2011-06-19,EGX:EXPA,2.11860319,2.17472529,2.09896049,2.13824589,444028.83132557
2011-06-20,EGX:EXPA,2.11860319,2.11860319,2.07931779,2.10176649,206231.72597117
2011-06-21,EGX:EXPA,2.11860319,2.11860319,2.0765118,2.10176649,150200.08561542
2011-06-22,EGX:EXPA,2.06248182,2.0905425,2.06248182,2.07931779,106899.03623078
2011-06-23,EGX:EXPA,2.0905425,2.10457321,2.0765118,2.0961545,1434992.10432642
2011-06-26,EGX:EXPA,2.07089981,2.0765118,2.05967582,2.06809381,24404.42196198
2011-06-27,EGX:EXPA,2.06528782,2.08212452,2.0203897,2.06248182,60221.57687031
2011-06-28,EGX:EXPA,2.05125711,2.10457321,2.05125711,2.08212452,37276.55555722
2011-06-29,EGX:EXPA,2.0540631,2.06528782,2.01477771,2.02880842,66503.04614156
2011-06-30,EGX:EXPA,2.06248182,2.0765118,2.0372264,2.06528782,82315.96823833
2011-07-03,EGX:EXPA,2.06528782,2.11579719,2.06248182,2.0765118,70108.94755652
2011-07-04,EGX:EXPA,2.12140919,2.12140919,2.06528782,2.07931779,27433.15927851
2011-07-05,EGX:EXPA,2.10176649,2.10457321,2.03442041,2.06809381,83423.57362722
2011-07-06,EGX:EXPA,2.00635972,2.02600242,1.99513501,2.01477771,51403.33396643
2011-07-07,EGX:EXPA,2.0568691,2.06809381,2.03442041,2.04564512,34921.17635553
2011-07-10,EGX:EXPA,2.0203897,2.02880842,1.99232902,1.99794101,36240.40858051
2011-07-11,EGX:EXPA,2.0203897,2.03442041,1.97549231,1.99232902,67812.65896491
2011-07-12,EGX:EXPA,1.99232902,2.02880842,1.91095223,1.94181964,112786.11003477
2011-07-13,EGX:EXPA,1.99232902,2.00916572,1.97829831,1.98952302,47401.66288397
2011-07-14,EGX:EXPA,2.02319642,2.04564512,2.02319642,2.03442041,29215.49698247
2011-07-17,EGX:EXPA,2.10176649,2.10176649,2.0175837,2.0372264,124672.94206197
2011-07-18,EGX:EXPA,2.02319642,2.02880842,1.96426833,2.00916572,201863.14342614
2011-07-19,EGX:EXPA,2.04845111,2.04845111,1.97268632,1.98671702,67444.3733021
2011-07-20,EGX:EXPA,1.99232902,1.99232902,1.98671702,1.98952302,5643.84036251
2011-07-21,EGX:EXPA,1.98671702,2.0175837,1.96426833,1.9811043,81620.62291974
2011-07-25,EGX:EXPA,1.95023762,2.07931779,1.95023762,2.03442041,27639.28931366
2011-07-26,EGX:EXPA,2.03442041,2.03442041,1.96426833,1.98391103,52379.01613282
2011-07-27,EGX:EXPA,2.03161441,2.04283912,1.96426833,1.99232902,79357.31513376
2011-07-28,EGX:EXPA,2.02600242,2.0372264,1.97829831,2.0203897,62778.96350645
2011-07-31,EGX:EXPA,1.99232902,2.00635972,1.99232902,1.99794101,12425.51851907
2011-08-01,EGX:EXPA,1.99513501,2.04845111,1.97829831,2.03442041,132610.32261563
2011-08-02,EGX:EXPA,1.99232902,1.99232902,1.97268632,1.98391103,32068.336669
2011-08-03,EGX:EXPA,1.96988032,1.96988032,1.96988032,1.96988032,3557.80440676
2011-08-04,EGX:EXPA,2.03442041,2.04845111,1.99794101,2.0400324,62358.45823474
2011-08-07,EGX:EXPA,1.97268632,2.0175837,1.89411553,1.97549231,34250.56664116
2011-08-08,EGX:EXPA,1.98391103,1.99232902,1.90814623,1.96707433,150066.78819269
2011-08-09,EGX:EXPA,1.88008482,1.93620692,1.79590204,1.85763613,64138.04753823
2011-08-10,EGX:EXPA,1.95023762,1.96426833,1.92498293,1.95584962,80530.8821339
2011-08-11,EGX:EXPA,1.94743163,1.96426833,1.88289154,1.92217694,57370.11138401
2011-08-14,EGX:EXPA,1.90253424,1.93620692,1.90253424,1.90814623,9616.65324004
2011-08-15,EGX:EXPA,1.95584962,1.96146161,1.95584962,1.95865561,8543.40285701
2011-08-16,EGX:EXPA,1.90814623,1.90814623,1.90814623,1.90814623,59107.10048024
2011-08-17,EGX:EXPA,1.91095223,1.96426833,1.90814623,1.95584962,65351.46634517
2011-08-18,EGX:EXPA,1.96707433,1.98391103,1.96426833,1.97829831,53092.22605445
2011-08-21,EGX:EXPA,1.91095223,1.95584962,1.90814623,1.92217694,54636.82711787
2011-08-22,EGX:EXPA,1.96146161,1.96426833,1.91937094,1.95304362,49372.26602004
2011-08-23,EGX:EXPA,1.92217694,1.92498293,1.92217694,1.92217694,34965.15076303
2011-08-24,EGX:EXPA,1.93620692,1.97829831,1.93620692,1.97268632,49171.63278583
2011-08-25,EGX:EXPA,1.98952302,1.99232902,1.93059493,1.9811043,24940.36005338
2011-08-28,EGX:EXPA,2.00635972,2.0175837,2.00355373,2.00635972,10790.22024019
2011-08-29,EGX:EXPA,2.00074773,2.0400324,2.00074773,2.0175837,39633.30895914
2011-09-04,EGX:EXPA,1.9811043,2.0203897,1.96426833,2.00635972,50242.13476839
2011-09-05,EGX:EXPA,1.96988032,1.96988032,1.93620692,1.96146161,146104.96891703
2011-09-06,EGX:EXPA,1.96426833,1.96426833,1.93901291,1.95023762,26277.45688141
2011-09-08,EGX:EXPA,1.98952302,1.98952302,1.93059493,1.93620692,50596.67842886
2011-09-11,EGX:EXPA,1.93620692,1.93620692,1.93620692,1.93620692,184835.4283222
2011-09-12,EGX:EXPA,1.93620692,1.93620692,1.90814623,1.92498293,28679.55889107
2011-09-13,EGX:EXPA,1.89411553,1.90814623,1.85763613,1.90534024,37370.00117315
2011-09-14,EGX:EXPA,1.88289154,1.90253424,1.73977994,1.81554473,178305.22880853
2011-09-15,EGX:EXPA,1.87727882,1.87727882,1.68365857,1.72855596,86574.61476461
2011-09-18,EGX:EXPA,1.72855596,1.72855596,1.65559716,1.67804585,256244.36930043
2011-09-19,EGX:EXPA,1.66120988,1.72855596,1.65840315,1.68927056,239729.2308839
2011-09-20,EGX:EXPA,1.69488255,1.69488255,1.68365857,1.68365857,121732.15356044
2011-09-21,EGX:EXPA,1.68365857,1.68365857,1.63314846,1.67804585,190990.4711719
2011-09-22,EGX:EXPA,1.63314846,1.65559716,1.59947506,1.61631176,72057.56348884
2011-09-25,EGX:EXPA,1.59105707,1.59105707,1.46758889,1.52090499,163389.6594648
2011-09-26,EGX:EXPA,1.54335369,1.62192448,1.54335369,1.58263908,106727.26120148
2011-09-27,EGX:EXPA,1.54335369,1.55738439,1.50687429,1.53212898,82491.86586833
2011-09-28,EGX:EXPA,1.47600688,1.50687429,1.4058548,1.45917018,190513.62369057
2011-09-29,EGX:EXPA,1.43672148,1.5012623,1.43672148,1.4619769,174329.66753053
2011-10-02,EGX:EXPA,1.48723159,1.55177168,1.48723159,1.51809827,574704.28001122
2011-10-03,EGX:EXPA,1.50406829,1.55457767,1.5012623,1.52932298,211427.57705728
2011-10-04,EGX:EXPA,1.48723159,1.54054769,1.48723159,1.50687429,557350.87945173
2011-10-05,EGX:EXPA,1.54896568,1.54896568,1.45355819,1.48442559,217377.86407206
2011-10-09,EGX:EXPA,1.48723159,1.54054769,1.45917018,1.48723159,180924.45445522
2011-10-10,EGX:EXPA,1.45075219,1.48723159,1.43110949,1.45917018,144321.25701284
2011-10-11,EGX:EXPA,1.4619769,1.50968028,1.45917018,1.47320088,2497024.89084762
2011-10-12,EGX:EXPA,1.48723159,1.55457767,1.48723159,1.52090499,119764.29882484
2011-10-13,EGX:EXPA,1.50406829,1.58544508,1.4984563,1.54615968,350236.9169301
2011-10-16,EGX:EXPA,1.54615968,1.58263908,1.54335369,1.56860838,571793.72391485
2011-10-17,EGX:EXPA,1.57141437,1.62753647,1.56299639,1.58825108,217054.92701698
2011-10-18,EGX:EXPA,1.52371099,1.56860838,1.52371099,1.55457767,268412.91237567
2011-10-19,EGX:EXPA,1.58544508,1.58544508,1.54615968,1.56299639,117905.00590776
2011-10-20,EGX:EXPA,1.54615968,1.56860838,1.54615968,1.55457767,77081.63954566
2011-10-23,EGX:EXPA,1.57422037,1.68365857,1.55738439,1.63595446,1010144.35987204
2011-10-24,EGX:EXPA,1.66962786,1.67523985,1.61631176,1.64437317,323661.25859784
2011-10-25,EGX:EXPA,1.61069977,1.62753647,1.58825108,1.60228178,448375.42666684
2011-10-26,EGX:EXPA,1.59947506,1.62753647,1.57422037,1.60508778,272542.38407992
2011-10-27,EGX:EXPA,1.62192448,1.64717917,1.62192448,1.63034247,223686.817348
2011-10-30,EGX:EXPA,1.65279116,1.66962786,1.63595446,1.65559716,176206.82505066
2011-10-31,EGX:EXPA,1.67243386,1.68365857,1.65559716,1.67243386,584096.93861306
2011-11-01,EGX:EXPA,1.66682187,1.68365857,1.63595446,1.66120988,269607.09237933
2011-11-02,EGX:EXPA,1.67243386,1.68927056,1.66120988,1.67523985,270843.87259026
2011-11-03,EGX:EXPA,1.67804585,1.74539266,1.67804585,1.71733125,738994.04062952
2011-11-09,EGX:EXPA,1.77064735,1.77064735,1.73416795,1.74539266,347737.24670381
2011-11-10,EGX:EXPA,1.73416795,1.73416795,1.70330127,1.71452525,309623.80320386
2011-11-13,EGX:EXPA,1.71171925,1.73136195,1.68365857,1.70049527,830191.46498251
2011-11-14,EGX:EXPA,1.53212898,1.53212898,1.53212898,1.53212898,6406.52149258
2011-11-15,EGX:EXPA,1.4423342,1.49564958,1.4423342,1.4619769,283503.00514917
2011-11-16,EGX:EXPA,1.49003759,1.49284358,1.4086608,1.45917018,357484.44896611
2011-11-17,EGX:EXPA,1.4451402,1.45917018,1.43952821,1.44794619,76042.74416848
2011-11-20,EGX:EXPA,1.4058548,1.4254975,1.38621211,1.4058548,127755.27318764
2011-11-21,EGX:EXPA,1.40304881,1.40304881,1.31886602,1.33570273,131325.4453965
2011-11-22,EGX:EXPA,1.26274393,1.33850872,1.23748851,1.26554992,61101.0650203
2011-11-23,EGX:EXPA,1.26274393,1.3693754,1.26274393,1.34692671,228774.10661559
2011-11-24,EGX:EXPA,1.40024281,1.40304881,1.31886602,1.3553447,133274.06132882
2011-11-29,EGX:EXPA,1.45355819,1.48723159,1.40304881,1.44794619,206863.85807898
2011-11-30,EGX:EXPA,1.4451402,1.48723159,1.4451402,1.47320088,135869.92557153
2011-12-01,EGX:EXPA,1.4816196,1.52932298,1.47600688,1.4984563,163976.44296487
2011-12-04,EGX:EXPA,1.45917018,1.45917018,1.42269151,1.44794619,2498.29602606
2011-12-05,EGX:EXPA,1.45917018,1.48723159,1.41146679,1.43391549,60165.2346607
2011-12-06,EGX:EXPA,1.4816196,1.48442559,1.43672148,1.4451402,25839.08700665
2011-12-07,EGX:EXPA,1.43952821,1.49003759,1.43110949,1.45636418,104051.69334518
2011-12-08,EGX:EXPA,1.4254975,1.4619769,1.4254975,1.4451402,86041.42507368
2011-12-11,EGX:EXPA,1.43952821,1.48442559,1.43391549,1.44794619,42045.03037044
2011-12-12,EGX:EXPA,1.45636418,1.47600688,1.41707951,1.45355819,368045.17776716
2011-12-13,EGX:EXPA,1.45917018,1.52090499,1.45636418,1.49284358,193288.13396374
2011-12-14,EGX:EXPA,1.4619769,1.48723159,1.41707951,1.43952821,226289.55259187
2011-12-15,EGX:EXPA,1.42269151,1.45075219,1.4058548,1.41988551,161384.70132287
2011-12-18,EGX:EXPA,1.40304881,1.43110949,1.36095742,1.39743682,76610.28886527
2011-12-19,EGX:EXPA,1.40024281,1.40304881,1.38060011,1.3890181,24581.69379221
2011-12-20,EGX:EXPA,1.37498739,1.37498739,1.29922333,1.33009001,92508.41137657
2011-12-21,EGX:EXPA,1.30202932,1.34692671,1.29361061,1.32728401,28898.05672833
2011-12-22,EGX:EXPA,1.30483532,1.36095742,1.28238662,1.332896,61704.33892318
2011-12-25,EGX:EXPA,1.32167202,1.32167202,1.26274393,1.26554992,1356113.01087423
2011-12-26,EGX:EXPA,1.28238662,1.3160593,1.26274393,1.27958063,61480.34428498
2011-12-27,EGX:EXPA,1.26274393,1.28799862,1.22907052,1.25432521,232656.22227766
2011-12-28,EGX:EXPA,1.23468251,1.23468251,1.15330573,1.20100984,121847.58638013
2011-12-29,EGX:EXPA,1.22065254,1.25713194,1.19259112,1.22626453,112248.79774313
2012-01-02,EGX:EXPA,1.20942782,1.25993793,1.20662183,1.22065254,145035.8411347
2012-01-03,EGX:EXPA,1.22626453,1.22626453,1.20662183,1.20662183,34157.12102522
2012-01-04,EGX:EXPA,1.20662183,1.24029523,1.20662183,1.21503982,53448.14391515
2012-01-05,EGX:EXPA,1.19259112,1.22345853,1.19259112,1.20381583,79732.47179774
2012-01-09,EGX:EXPA,1.20662183,1.20662183,1.13927575,1.15611172,73369.92471265
2012-01-10,EGX:EXPA,1.17014243,1.21503982,1.17014243,1.18978513,169502.10210723
2012-01-11,EGX:EXPA,1.20100984,1.20662183,1.17856114,1.19259112,158450.78382251
2012-01-12,EGX:EXPA,1.20381583,1.23187652,1.20381583,1.21503982,233905.37029069
2012-01-15,EGX:EXPA,1.20662183,1.23468251,1.20662183,1.22065254,145328.54578462
2012-01-16,EGX:EXPA,1.22065254,1.22345853,1.20100984,1.20942782,190663.41151612
2012-01-17,EGX:EXPA,1.20662183,1.20942782,1.20381583,1.20662183,124158.99117432
2012-01-18,EGX:EXPA,1.20662183,1.24029523,1.20381583,1.20662183,388795.60130598
2012-01-19,EGX:EXPA,1.20662183,1.20942782,1.19259112,1.20381583,155214.5422706
2012-01-22,EGX:EXPA,1.17856114,1.19539785,1.17856114,1.18136714,70376.91660222
2012-01-23,EGX:EXPA,1.19539785,1.20100984,1.18697913,1.19259112,75865.47233825
2012-01-24,EGX:EXPA,1.19259112,1.21223382,1.18697913,1.19820384,346137.67763101
2012-01-26,EGX:EXPA,1.22065254,1.3160593,1.22065254,1.28799862,419425.1503296
2012-01-29,EGX:EXPA,1.32167202,1.32167202,1.25432521,1.29922333,223035.44643691
2012-01-30,EGX:EXPA,1.26835592,1.3918241,1.26835592,1.31044731,273504.32424397
2012-01-31,EGX:EXPA,1.34131472,1.34692671,1.31886602,1.32447802,218446.99185439
2012-02-01,EGX:EXPA,1.30483532,1.34692671,1.30483532,1.32167202,185022.31955408
2012-02-02,EGX:EXPA,1.24871322,1.29080461,1.23468251,1.25151922,169908.8653766
2012-02-06,EGX:EXPA,1.26274393,1.28238662,1.25432521,1.26835592,51536.63138916
2012-02-07,EGX:EXPA,1.28238662,1.30483532,1.24871322,1.27677463,479557.40418468
2012-02-08,EGX:EXPA,1.28799862,1.30202932,1.26274393,1.27677463,370884.27545135
2012-02-09,EGX:EXPA,1.29080461,1.332896,1.26835592,1.2964166,250931.7111944
2012-02-12,EGX:EXPA,1.28799862,1.3890181,1.27396791,1.33570273,618711.66831633
2012-02-13,EGX:EXPA,1.3890181,1.40304881,1.3525387,1.37779339,339930.41517241
2012-02-14,EGX:EXPA,1.40304881,1.45917018,1.30483532,1.40024281,752641.22315694
2012-02-15,EGX:EXPA,1.40304881,1.48442559,1.39743682,1.41427279,245892.518935
2012-02-16,EGX:EXPA,1.3890181,1.41707951,1.35815142,1.38060011,240706.28725053
2012-02-19,EGX:EXPA,1.3890181,1.4423342,1.3890181,1.41146679,230634.77373292
2012-02-20,EGX:EXPA,1.41146679,1.43110949,1.37498739,1.40304881,395380.76882903
2012-02-21,EGX:EXPA,1.40304881,1.40304881,1.33570273,1.36656941,261466.33019099
2012-02-22,EGX:EXPA,1.36656941,1.3918241,1.34692671,1.35815142,125409.51338759
2012-02-23,EGX:EXPA,1.3890181,1.43110949,1.3890181,1.41146679,422721.85669183
2012-02-26,EGX:EXPA,1.41707951,1.45636418,1.41427279,1.43391549,300955.34812553
2012-02-27,EGX:EXPA,1.43391549,1.45917018,1.40304881,1.4423342,452452.67876218
2012-02-28,EGX:EXPA,1.43110949,1.44794619,1.40304881,1.4254975,136209.35302942
2012-02-29,EGX:EXPA,1.43110949,1.48723159,1.4086608,1.45636418,280562.21664764
2012-03-01,EGX:EXPA,1.4451402,1.4788136,1.4283035,1.44794619,326834.28693897
2012-03-05,EGX:EXPA,1.45355819,1.50968028,1.43110949,1.4788136,142328.66667302
2012-03-06,EGX:EXPA,1.4788136,1.51809827,1.4788136,1.50406829,188068.92147365
2012-03-07,EGX:EXPA,1.50406829,1.54054769,1.49564958,1.52090499,157748.56750276
2012-03-08,EGX:EXPA,1.52090499,1.52932298,1.46758889,1.49003759,189658.8711448
2012-03-12,EGX:EXPA,1.4451402,1.45355819,1.40304881,1.41427279,218345.30103704
2012-03-13,EGX:EXPA,1.41427279,1.41427279,1.34692671,1.36656941,74760.61534982
2012-03-14,EGX:EXPA,1.36656941,1.4254975,1.36095742,1.3918241,176685.04673222
2012-03-15,EGX:EXPA,1.3918241,1.43110949,1.37779339,1.40304881,120474.76034601
2012-03-19,EGX:EXPA,1.40024281,1.40024281,1.38060011,1.3918241,94703.00915084
2012-03-20,EGX:EXPA,1.3918241,1.3918241,1.36656941,1.38621211,44794.8050394
2012-03-21,EGX:EXPA,1.38621211,1.43110949,1.38621211,1.40304881,407374.78847451
2012-03-22,EGX:EXPA,1.40304881,1.40304881,1.36095742,1.3890181,158479.64202744
2012-03-25,EGX:EXPA,1.3890181,1.3890181,1.332896,1.34412071,51344.24335635
2012-03-26,EGX:EXPA,1.34412071,1.3693754,1.31886602,1.34412071,38544.94237353
2012-03-27,EGX:EXPA,1.34412071,1.36376341,1.29361061,1.33009001,279442.24345664
2012-03-28,EGX:EXPA,1.33009001,1.332896,1.28519262,1.31886602,122743.56493293
2012-03-29,EGX:EXPA,1.31886602,1.34692671,1.29361061,1.32447802,114112.21326093
2012-04-01,EGX:EXPA,1.32447802,1.33009001,1.29080461,1.31044731,58580.78179048
2012-04-02,EGX:EXPA,1.31044731,1.32447802,1.29080461,1.29922333,84101.05434276
2012-04-03,EGX:EXPA,1.29922333,1.33009001,1.29922333,1.32447802,21375.68464545
2012-04-04,EGX:EXPA,1.32447802,1.32447802,1.2964166,1.30483532,58902.34464532
2012-04-05,EGX:EXPA,1.30483532,1.31886602,1.29922333,1.30483532,66966.15162054
2012-04-08,EGX:EXPA,1.30483532,1.31886602,1.2964166,1.30202932,43114.15815277
2012-04-09,EGX:EXPA,1.30202932,1.30764131,1.29080461,1.29922333,76585.55326105
2012-04-17,EGX:EXPA,1.332896,1.332896,1.29080461,1.2964166,12040.74245345
2012-04-19,EGX:EXPA,1.2964166,1.36095742,1.2964166,1.3553447,102502.96968106
2012-04-22,EGX:EXPA,1.3553447,1.38621211,1.3553447,1.37779339,138263.78237978
2012-04-23,EGX:EXPA,1.37779339,1.3890181,1.31886602,1.33570273,116706.70330339
2012-04-24,EGX:EXPA,1.33570273,1.38621211,1.33570273,1.37498739,25707.16378415
2012-04-26,EGX:EXPA,1.37498739,1.37498739,1.34412071,1.36095742,26645.74254422
2012-04-29,EGX:EXPA,1.36095742,1.3721814,1.31886602,1.32167202,36379.20280418
2012-04-30,EGX:EXPA,1.32167202,1.34692671,1.31886602,1.32447802,39379.08191579
2012-05-02,EGX:EXPA,1.32447802,1.35815142,1.3160593,1.32167202,48823.96012654
2012-05-03,EGX:EXPA,1.32167202,1.34692671,1.31044731,1.332896,142507.31270348
2012-05-06,EGX:EXPA,1.332896,1.34692671,1.33009001,1.332896,44235.50554401
2012-05-07,EGX:EXPA,1.332896,1.34692671,1.332896,1.34692671,125435.62319204
2012-05-08,EGX:EXPA,1.34692671,1.3525387,1.33850872,1.34692671,146995.4506689
2012-05-09,EGX:EXPA,1.34692671,1.37498739,1.34692671,1.3721814,21375.68464545
2012-05-10,EGX:EXPA,1.3721814,1.37498739,1.31886602,1.33570273,153315.39754671
2012-05-13,EGX:EXPA,1.33570273,1.38340611,1.33570273,1.36095742,59506.99274844
2012-05-14,EGX:EXPA,1.36095742,1.3721814,1.36095742,1.3721814,5341.51631095
2012-05-15,EGX:EXPA,1.3721814,1.37498739,1.32167202,1.3721814,89340.87983637
2012-05-16,EGX:EXPA,1.3721814,1.3721814,1.332896,1.33570273,46784.64697875
2012-05-17,EGX:EXPA,1.33570273,1.3553447,1.31886602,1.332896,117167.0603819
2012-05-20,EGX:EXPA,1.332896,1.34131472,1.31886602,1.33850872,17652.97621057
2012-05-21,EGX:EXPA,1.33850872,1.33850872,1.31886602,1.32167202,26901.34378781
2012-05-22,EGX:EXPA,1.32167202,1.34692671,1.32167202,1.33850872,51979.12386462
2012-05-23,EGX:EXPA,1.33850872,1.38060011,1.33850872,1.38060011,7834.31553608
2012-05-24,EGX:EXPA,1.38060011,1.3890181,1.38060011,1.38340611,9820.03487473
2012-05-27,EGX:EXPA,1.38340611,1.38340611,1.31886602,1.32447802,66279.05150336
2012-05-28,EGX:EXPA,1.32447802,1.43672148,1.32447802,1.39743682,289274.64613348
2012-05-29,EGX:EXPA,1.39743682,1.39743682,1.34973271,1.3525387,19591.97274125
2012-05-30,EGX:EXPA,1.3525387,1.37498739,1.33850872,1.34412071,72335.15193618
2012-05-31,EGX:EXPA,1.34412071,1.38060011,1.34412071,1.37779339,4238.03352276
2012-06-04,EGX:EXPA,1.37779339,1.37779339,1.33850872,1.34131472,57014.19352331
2012-06-05,EGX:EXPA,1.34131472,1.38621211,1.33570273,1.34131472,49526.17644629
2012-06-06,EGX:EXPA,1.34131472,1.34692671,1.34131472,1.34692671,18002.0230701
2012-06-07,EGX:EXPA,1.34692671,1.40304881,1.34692671,1.3721814,265601.29869618
2012-06-10,EGX:EXPA,1.3721814,1.3721814,1.36095742,1.36095742,886.35915116
2012-06-11,EGX:EXPA,1.36095742,1.37498739,1.34692671,1.35815142,28707.04289576
2012-06-12,EGX:EXPA,1.35815142,1.35815142,1.34131472,1.35815142,90.69721547
2012-06-13,EGX:EXPA,1.35815142,1.36656941,1.33850872,1.35815142,32965.68942203
2012-06-14,EGX:EXPA,1.35815142,1.37498739,1.3553447,1.35815142,11576.26277424
2012-06-18,EGX:EXPA,1.35815142,1.35815142,1.34692671,1.34692671,16031.41993403
2012-06-19,EGX:EXPA,1.34692671,1.34692671,1.29361061,1.33850872,18117.45588979
2012-06-20,EGX:EXPA,1.33850872,1.40304881,1.31886602,1.33850872,45606.9573779
2012-06-21,EGX:EXPA,1.33850872,1.37498739,1.31886602,1.32447802,11316.53892995
2012-06-24,EGX:EXPA,1.32447802,1.38621211,1.32447802,1.3721814,9438.00720958
2012-06-25,EGX:EXPA,1.3721814,1.43672148,1.3721814,1.41427279,271225.90025541
2012-06-26,EGX:EXPA,1.41427279,1.45917018,1.4086608,1.42269151,176576.48491371
2012-06-27,EGX:EXPA,1.42269151,1.42269151,1.39463009,1.41146679,76610.28886527
2012-06-28,EGX:EXPA,1.41146679,1.44794619,1.4086608,1.43110949,72157.88010595
2012-07-02,EGX:EXPA,1.43110949,1.5012623,1.43110949,1.4788136,109220.06042661
2012-07-03,EGX:EXPA,1.4788136,1.56860838,1.45075219,1.52371099,373634.0501203
2012-07-04,EGX:EXPA,1.52371099,1.52371099,1.47320088,1.47600688,66173.23808532
2012-07-05,EGX:EXPA,1.47600688,1.51248628,1.47600688,1.5012623,78126.03172377
2012-07-08,EGX:EXPA,1.5012623,1.52932298,1.45917018,1.48442559,235500.81676278
2012-07-09,EGX:EXPA,1.48442559,1.48442559,1.4283035,1.43391549,109640.56569832
2012-07-11,EGX:EXPA,1.43391549,1.49003759,1.43391549,1.47600688,134380.29251748
2012-07-12,EGX:EXPA,1.47600688,1.4816196,1.43672148,1.46758889,113535.04916249
2012-07-15,EGX:EXPA,1.46758889,1.46758889,1.4283035,1.43672148,29416.13021669
2012-07-16,EGX:EXPA,1.43672148,1.4423342,1.4283035,1.43672148,34095.28201468
2012-07-17,EGX:EXPA,1.43672148,1.44794619,1.43672148,1.4451402,17669.46661339
2012-07-18,EGX:EXPA,1.4451402,1.4451402,1.43110949,1.43110949,39193.56488415
2012-07-19,EGX:EXPA,1.43110949,1.47320088,1.43110949,1.45917018,41331.82044881
2012-07-22,EGX:EXPA,1.45917018,1.48723159,1.43952821,1.47600688,91180.93395018
2012-07-24,EGX:EXPA,1.47600688,1.48723159,1.4619769,1.47039489,24940.36005338
2012-07-25,EGX:EXPA,1.47039489,1.4816196,1.45636418,1.4619769,61911.84315857
2012-07-26,EGX:EXPA,1.4619769,1.47320088,1.45917018,1.47039489,61290.70465264
2012-07-29,EGX:EXPA,1.47039489,1.48723159,1.43952821,1.48723159,30090.86253176
2012-07-30,EGX:EXPA,1.48723159,1.48723159,1.44794619,1.45917018,56465.88762981
2012-07-31,EGX:EXPA,1.45917018,1.49284358,1.45917018,1.4816196,100602.45075694
2012-08-02,EGX:EXPA,1.4816196,1.55738439,1.4816196,1.54054769,74855.435166
2012-08-05,EGX:EXPA,1.54054769,1.56860838,1.4984563,1.51248628,49814.75849551
2012-08-06,EGX:EXPA,1.51248628,1.51529228,1.50406829,1.50687429,133311.16473515
2012-08-07,EGX:EXPA,1.50687429,1.52651699,1.48442559,1.49564958,73342.44070797
2012-08-08,EGX:EXPA,1.49564958,1.49564958,1.4619769,1.4647829,53487.99572195
2012-08-09,EGX:EXPA,1.4647829,1.51248628,1.4647829,1.51248628,7123.85401492
2012-08-12,EGX:EXPA,1.51248628,1.51248628,1.4619769,1.46758889,36861.54708644
2012-08-13,EGX:EXPA,1.46758889,1.4816196,1.45075219,1.4619769,9616.65324004
2012-08-14,EGX:EXPA,1.4619769,1.5012623,1.4619769,1.5012623,3557.80440676
2012-08-15,EGX:EXPA,1.5012623,1.52651699,1.4788136,1.51248628,43163.62936121
2012-08-16,EGX:EXPA,1.51248628,1.54335369,1.49003759,1.53774097,62707.50509426
2012-08-21,EGX:EXPA,1.53774097,1.57983309,1.53774097,1.55738439,88497.12089248
2012-08-22,EGX:EXPA,1.55738439,1.61350576,1.55738439,1.59947506,163921.4749555
2012-08-23,EGX:EXPA,1.59947506,1.62473048,1.57702636,1.60228178,121165.98306389
2012-08-26,EGX:EXPA,1.60228178,1.63314846,1.59947506,1.61350576,91069.6237312
2012-08-27,EGX:EXPA,1.61350576,1.63314846,1.59947506,1.60789377,110467.83423941
2012-08-28,EGX:EXPA,1.60789377,1.63034247,1.59386307,1.60508778,190828.31554424
2012-08-29,EGX:EXPA,1.60508778,1.60508778,1.58263908,1.59666906,116268.33342863
2012-08-30,EGX:EXPA,1.59666906,1.62753647,1.57702636,1.60228178,36787.34027379
2012-09-02,EGX:EXPA,1.60228178,1.68927056,1.60228178,1.67523985,265737.34451938
2012-09-03,EGX:EXPA,1.67523985,1.70610726,1.64156718,1.68365857,450620.86984978
2012-09-04,EGX:EXPA,1.68365857,1.72855596,1.67523985,1.69207656,333261.42143507
2012-09-05,EGX:EXPA,1.69207656,1.69207656,1.65559716,1.66682187,80330.24889968
2012-09-06,EGX:EXPA,1.66682187,1.70610726,1.65840315,1.67523985,67774.18135834
2012-09-09,EGX:EXPA,1.67523985,1.70610726,1.66401587,1.67523985,82842.28692809
2012-09-10,EGX:EXPA,1.67523985,1.69488255,1.66401587,1.68085257,451854.90166024
2012-09-11,EGX:EXPA,1.68085257,1.75381065,1.68085257,1.73416795,321888.54029552
2012-09-12,EGX:EXPA,1.73416795,1.76503536,1.68927056,1.72013797,363660.10481932
2012-09-13,EGX:EXPA,1.72013797,1.72013797,1.67523985,1.68927056,121657.94674779
2012-09-16,EGX:EXPA,1.68927056,1.80993274,1.68927056,1.77625934,1048969.63909338
2012-09-17,EGX:EXPA,1.77625934,1.86886084,1.77625934,1.83799343,382154.09157332
2012-09-18,EGX:EXPA,1.83799343,1.85202413,1.80993274,1.84641214,148599.14234239
2012-09-19,EGX:EXPA,1.84641214,1.87166683,1.78748405,1.82676945,212540.67924711
2012-09-20,EGX:EXPA,1.82676945,1.82676945,1.78187206,1.80432075,102508.466482
2012-09-23,EGX:EXPA,1.80432075,1.82396345,1.79309604,1.80151476,65370.70514845
2012-09-24,EGX:EXPA,1.80151476,1.82115745,1.76503536,1.79590204,325685.45554305
2012-09-25,EGX:EXPA,1.79590204,1.85202413,1.79590204,1.83238144,163392.40786527
2012-09-26,EGX:EXPA,1.83238144,1.86886084,1.82676945,1.85763613,117509.23624026
2012-09-27,EGX:EXPA,1.85763613,1.90534024,1.82676945,1.86886084,156118.76602481
2012-09-30,EGX:EXPA,1.86886084,1.89411553,1.80151476,1.83518743,173092.88731961
2012-10-01,EGX:EXPA,1.83518743,1.83518743,1.73136195,1.76503536,236732.10017277
2012-10-02,EGX:EXPA,1.76503536,1.77625934,1.71452525,1.73416795,211723.03010767
2012-10-03,EGX:EXPA,1.73416795,1.79309604,1.71452525,1.77064735,180771.9182292
2012-10-04,EGX:EXPA,1.77064735,1.87727882,1.72013797,1.79590204,574469.29177114
2012-10-08,EGX:EXPA,1.79590204,1.87727882,1.77064735,1.82957544,323745.08481213
2012-10-09,EGX:EXPA,1.82957544,1.88008482,1.80993274,1.84921814,157913.47153088
2012-10-10,EGX:EXPA,1.84921814,1.93340092,1.84360615,1.88569754,116573.40588066
2012-10-11,EGX:EXPA,1.88569754,1.91095223,1.83799343,1.89411553,110100.92277683
2012-10-14,EGX:EXPA,1.89411553,1.91095223,1.83799343,1.86324885,153588.86339335
2012-10-15,EGX:EXPA,1.86324885,1.90253424,1.86044285,1.86886084,258390.8700665
2012-10-16,EGX:EXPA,1.86886084,1.86886084,1.80712675,1.82396345,124341.75980549
2012-10-17,EGX:EXPA,1.82396345,1.86324885,1.79870803,1.83238144,75491.6898745
2012-10-18,EGX:EXPA,1.83238144,1.85763613,1.82957544,1.84080015,106191.32311008
2012-10-21,EGX:EXPA,1.84080015,1.84080015,1.78187206,1.79029005,57735.64864635
2012-10-22,EGX:EXPA,1.79029005,1.80432075,1.79029005,1.80151476,25358.11692462
2012-10-23,EGX:EXPA,1.80151476,1.84080015,1.79029005,1.82396345,36880.78588972
2012-10-24,EGX:EXPA,1.82396345,1.87166683,1.82396345,1.84360615,493126.25729874
2012-10-29,EGX:EXPA,1.84360615,1.87727882,1.82957544,1.86886084,13916.52577335
2012-10-30,EGX:EXPA,1.86886084,1.88569754,1.85202413,1.86886084,120540.72195726
2012-10-31,EGX:EXPA,1.86886084,1.87447283,1.83238144,1.84921814,48994.3609556
2012-11-01,EGX:EXPA,1.84921814,1.88289154,1.82957544,1.84360615,119522.4395836
2012-11-04,EGX:EXPA,1.84360615,1.84360615,1.76784135,1.77345334,105225.26034533
2012-11-05,EGX:EXPA,1.77345334,1.81835073,1.71452525,1.74819865,74231.5482596
2012-11-06,EGX:EXPA,1.74819865,1.79590204,1.74819865,1.77625934,62618.18207903
2012-11-07,EGX:EXPA,1.77625934,1.83799343,1.77625934,1.82396345,14793.26552287
2012-11-08,EGX:EXPA,1.82396345,1.84641214,1.80993274,1.83518743,50904.49928136
2012-11-11,EGX:EXPA,1.83518743,1.84641214,1.77345334,1.79029005,7845.30913795
2012-11-12,EGX:EXPA,1.79029005,1.84921814,1.78467805,1.82676945,87575.03253522
2012-11-13,EGX:EXPA,1.82676945,1.85202413,1.79870803,1.82676945,38124.43710182
2012-11-14,EGX:EXPA,1.82676945,1.85202413,1.82396345,1.83799343,56376.56461457
2012-11-18,EGX:EXPA,1.83799343,1.83799343,1.78187206,1.78748405,89441.19645348
2012-11-19,EGX:EXPA,1.78748405,1.78748405,1.73977994,1.75381065,95351.63166146
2012-11-20,EGX:EXPA,1.75381065,1.77064735,1.71733125,1.73697394,100502.13413983
2012-11-21,EGX:EXPA,1.73697394,1.78748405,1.73697394,1.76222936,27499.12088976
2012-11-22,EGX:EXPA,1.76222936,1.78187206,1.73977994,1.75942336,39932.88461023
2012-11-25,EGX:EXPA,1.75942336,1.75942336,1.58544508,1.59947506,134921.72740982
2012-11-26,EGX:EXPA,1.59947506,1.64717917,1.4647829,1.51809827,37547.27300339
2012-11-27,EGX:EXPA,1.51809827,1.63595446,1.51529228,1.54335369,23052.20893137
2012-11-28,EGX:EXPA,1.54335369,1.54335369,1.53774097,1.54054769,12822.6623868
2012-11-29,EGX:EXPA,1.54054769,1.54335369,1.46758889,1.50968028,75901.20154434
2012-12-03,EGX:EXPA,1.50968028,1.55738439,1.50968028,1.55738439,37412.60138042
2012-12-04,EGX:EXPA,1.55738439,1.57141437,1.54335369,1.56019039,491969.18070141
2012-12-05,EGX:EXPA,1.56019039,1.56019039,1.53493497,1.54615968,95649.83311231
2012-12-06,EGX:EXPA,1.54615968,1.54615968,1.47320088,1.48442559,357948.92864533
2012-12-09,EGX:EXPA,1.48442559,1.52932298,1.4788136,1.49564958,22024.30715607
2012-12-10,EGX:EXPA,1.49564958,1.50968028,1.49284358,1.5012623,12822.6623868
2012-12-11,EGX:EXPA,1.5012623,1.52932298,1.5012623,1.51809827,70911.48049339
2012-12-12,EGX:EXPA,1.51809827,1.61350576,1.51809827,1.59666906,108152.30684451
2012-12-13,EGX:EXPA,1.59666906,1.63034247,1.57141437,1.60508778,132591.08381235
2012-12-16,EGX:EXPA,1.60508778,1.73697394,1.60508778,1.69768928,72981.02604633
2012-12-17,EGX:EXPA,1.69768928,1.73136195,1.64156718,1.66682187,89680.30729426
2012-12-18,EGX:EXPA,1.66682187,1.69488255,1.65559716,1.68365857,82711.73790583
2012-12-19,EGX:EXPA,1.68365857,1.70891326,1.66401587,1.68085257,15852.77390356
2012-12-20,EGX:EXPA,1.68085257,1.73977994,1.68085257,1.72574996,92975.63945625
2012-12-23,EGX:EXPA,1.72574996,1.75381065,1.62753647,1.66682187,305400.88588368
2012-12-24,EGX:EXPA,1.66682187,1.70049527,1.66682187,1.68365857,60576.12053077
2012-12-25,EGX:EXPA,1.68365857,1.68365857,1.63876118,1.64156718,20835.62395335
2012-12-26,EGX:EXPA,1.64156718,1.64156718,1.61631176,1.63595446,40093.66603765
2012-12-27,EGX:EXPA,1.63595446,1.69207656,1.63595446,1.68646456,155977.22340067
2012-12-30,EGX:EXPA,1.68646456,1.70330127,1.65559716,1.68365857,21749.4671092
2012-12-31,EGX:EXPA,1.68365857,1.71171925,1.68365857,1.70330127,84777.16085807
2013-01-02,EGX:EXPA,1.70330127,1.72574996,1.69207656,1.70610726,207630.66180975
2013-01-03,EGX:EXPA,1.70610726,1.74258666,1.70049527,1.71452525,159297.29116688
2013-01-06,EGX:EXPA,1.71452525,1.73697394,1.69768928,1.71171925,67393.52789343
2013-01-08,EGX:EXPA,1.71171925,1.76503536,1.68927056,1.73416795,127385.6133246
2013-01-09,EGX:EXPA,1.73416795,1.75661664,1.72574996,1.73697394,314036.36015639
2013-01-10,EGX:EXPA,1.73697394,1.73697394,1.70610726,1.72013797,187550.8479853
2013-01-13,EGX:EXPA,1.72013797,1.72013797,1.68365857,1.68927056,333356.24125124
2013-01-14,EGX:EXPA,1.68927056,1.71171925,1.68365857,1.68646456,532035.36273437
2013-01-15,EGX:EXPA,1.68646456,1.68646456,1.67243386,1.67804585,22927.15671004
2013-01-16,EGX:EXPA,1.67804585,1.68365857,1.67243386,1.68085257,103851.06011097
2013-01-17,EGX:EXPA,1.68085257,1.68085257,1.64437317,1.65840315,70875.75128729
2013-01-20,EGX:EXPA,1.65840315,1.65840315,1.61350576,1.62192448,44737.08862955
2013-01-21,EGX:EXPA,1.62192448,1.62192448,1.58825108,1.59947506,19582.35333961
2013-01-22,EGX:EXPA,1.63034247,1.65559716,1.61350576,1.64998516,46382.00631008
2013-01-23,EGX:EXPA,1.67804585,1.70891326,1.67804585,1.70610726,107866.47319576
2013-01-27,EGX:EXPA,1.68365857,1.70610726,1.68365857,1.70610726,1775.46670279
2013-01-28,EGX:EXPA,1.68365857,1.69207656,1.62753647,1.66120988,42936.88632254
2013-01-29,EGX:EXPA,1.63314846,1.63314846,1.63034247,1.63314846,36184.0663709
2013-01-30,EGX:EXPA,1.63595446,1.63595446,1.61911848,1.62753647,43114.15815277
2013-01-31,EGX:EXPA,1.68365857,1.70610726,1.68365857,1.68927056,8900.69491794
2013-02-03,EGX:EXPA,1.64437317,1.70891326,1.64437317,1.70610726,77789.35266635
2013-02-04,EGX:EXPA,1.70891326,1.70891326,1.68365857,1.70610726,14677.83270319
2013-02-05,EGX:EXPA,1.68365857,1.72574996,1.68365857,1.70330127,155699.63495333
2013-02-06,EGX:EXPA,1.68365857,1.70610726,1.65559716,1.66962786,108869.63936685
2013-02-07,EGX:EXPA,1.66962786,1.68365857,1.66962786,1.67523985,46691.20136281
2013-02-10,EGX:EXPA,1.68365857,1.68365857,1.64998516,1.66401587,58867.98963946
2013-02-11,EGX:EXPA,1.67804585,1.70330127,1.67804585,1.68365857,48501.02307146
2013-02-12,EGX:EXPA,1.67243386,1.70891326,1.67243386,1.70891326,374909.30793778
2013-02-13,EGX:EXPA,1.71452525,1.72013797,1.68927056,1.70610726,152393.30918946
2013-02-14,EGX:EXPA,1.72574996,1.75100465,1.70330127,1.71733125,85542.5903886
2013-02-17,EGX:EXPA,1.70891326,1.76784135,1.70891326,1.72574996,157509.45666198
2013-02-18,EGX:EXPA,1.71171925,1.71171925,1.68646456,1.69207656,283022.03506714
2013-02-19,EGX:EXPA,1.69488255,1.69488255,1.68365857,1.69207656,384159.04971525
2013-02-20,EGX:EXPA,1.68927056,1.68927056,1.68085257,1.68365857,113386.63553718
2013-02-21,EGX:EXPA,1.68365857,1.69488255,1.67804585,1.68365857,56415.04222113
2013-02-24,EGX:EXPA,1.68365857,1.68365857,1.66401587,1.68085257,40544.40371452
2013-02-25,EGX:EXPA,1.67804585,1.67804585,1.65559716,1.66401587,117256.38339714
2013-02-26,EGX:EXPA,1.66401587,1.66401587,1.65279116,1.65840315,13766.73794781
2013-02-27,EGX:EXPA,1.65840315,1.66120988,1.64998516,1.65559716,21375.68464545
2013-02-28,EGX:EXPA,1.65559716,1.65559716,1.64717917,1.64998516,145747.6768561
2013-03-03,EGX:EXPA,1.64717917,1.65279116,1.62192448,1.63876118,129988.34856847
2013-03-04,EGX:EXPA,1.62473048,1.62473048,1.57702636,1.61911848,38999.8026511
2013-03-05,EGX:EXPA,1.59947506,1.59947506,1.58263908,1.59386307,37949.91367205
2013-03-06,EGX:EXPA,1.59105707,1.64156718,1.58825108,1.61350576,44537.82959557
2013-03-07,EGX:EXPA,1.59947506,1.65840315,1.59947506,1.62753647,61057.0906128
2013-03-10,EGX:EXPA,1.61631176,1.68365857,1.61631176,1.63314846,75535.664282
2013-03-11,EGX:EXPA,1.65559716,1.65559716,1.62473048,1.63314846,45296.38812494
2013-03-12,EGX:EXPA,1.63876118,1.63876118,1.61911848,1.62753647,99162.28891134
2013-03-13,EGX:EXPA,1.61911848,1.64998516,1.61911848,1.64717917,6963.0725875
2013-03-14,EGX:EXPA,1.61350576,1.61911848,1.61350576,1.61631176,22622.08425802
2013-03-17,EGX:EXPA,1.61350576,1.63595446,1.61350576,1.63595446,11234.08691588
2013-03-18,EGX:EXPA,1.61350576,1.63876118,1.61350576,1.62753647,32638.62976626
2013-03-19,EGX:EXPA,1.63034247,1.63034247,1.60789377,1.61911848,127326.52271452
2013-03-20,EGX:EXPA,1.61350576,1.61350576,1.59947506,1.60508778,63544.39303699
2013-03-21,EGX:EXPA,1.60789377,1.63595446,1.60789377,1.63034247,23879.47747245
2013-03-24,EGX:EXPA,1.61350576,1.61911848,1.61069977,1.61350576,18197.15950338
2013-03-25,EGX:EXPA,1.60789377,1.61350576,1.60789377,1.61350576,3633.38541964
2013-03-26,EGX:EXPA,1.60789377,1.60789377,1.58825108,1.59947506,408753.11130957
2013-03-27,EGX:EXPA,1.54615968,1.54615968,1.51529228,1.54335369,22278.53419943
2013-03-28,EGX:EXPA,1.54335369,1.54335369,1.54335369,1.54335369,0.0
2013-03-31,EGX:EXPA,1.54335369,1.54335369,1.43110949,1.46758889,23169.01595129
2013-04-01,EGX:EXPA,1.54335369,1.54335369,1.46758889,1.46758889,6056.10043282
2013-04-02,EGX:EXPA,1.51529228,1.51529228,1.51529228,1.51529228,21181.92241241
2013-04-03,EGX:EXPA,1.51529228,1.51529228,1.51529228,1.51529228,0.0
2013-04-04,EGX:EXPA,1.51529228,1.59666906,1.5012623,1.53212898,11743.91520283
2013-04-07,EGX:EXPA,1.52090499,1.61350576,1.51809827,1.53212898,5341.51631095
2013-04-08,EGX:EXPA,1.53212898,1.53212898,1.53212898,1.53212898,0.0
2013-04-09,EGX:EXPA,1.61350576,1.61350576,1.57141437,1.58263908,97275.51198956
2013-04-10,EGX:EXPA,1.59947506,1.59947506,1.58544508,1.59105707,110210.85879558
2013-04-11,EGX:EXPA,1.60228178,1.63595446,1.59105707,1.60508778,86383.60093203
2013-04-14,EGX:EXPA,1.58825108,1.60228178,1.58825108,1.59947506,105124.94372822
2013-04-15,EGX:EXPA,1.59947506,1.61069977,1.59386307,1.59947506,188619.97576763
2013-04-16,EGX:EXPA,1.59947506,1.62753647,1.59947506,1.61350576,114547.83473522
2013-04-17,EGX:EXPA,1.59666906,1.61350576,1.59666906,1.60228178,35630.26367646
2013-04-18,EGX:EXPA,1.59386307,1.62473048,1.59386307,1.61631176,26915.08579015
2013-04-21,EGX:EXPA,1.59105707,1.59386307,1.58544508,1.59105707,25495.53694806
2013-04-22,EGX:EXPA,1.59105707,1.59105707,1.59105707,1.59105707,0.0
2013-04-23,EGX:EXPA,1.60228178,1.60228178,1.57141437,1.58825108,171584.01546228
2013-04-24,EGX:EXPA,1.59947506,1.61350576,1.59947506,1.60789377,66115.52167547
2013-04-28,EGX:EXPA,1.59947506,1.63876118,1.58825108,1.62753647,98781.63544642
2013-04-29,EGX:EXPA,1.64156718,1.65559716,1.64156718,1.64717917,146161.31112664
2013-04-30,EGX:EXPA,1.64998516,1.65279116,1.60789377,1.62192448,75168.75281943
2013-05-02,EGX:EXPA,1.61069977,1.61069977,1.60508778,1.60789377,24581.69379221
2013-05-07,EGX:EXPA,1.61631176,1.61911848,1.61350576,1.61350576,160358.1737478
2013-05-08,EGX:EXPA,1.61911848,1.61911848,1.61350576,1.61350576,187300.74354264
2013-05-09,EGX:EXPA,1.61631176,1.61911848,1.61069977,1.61631176,89309.27323098
2013-05-12,EGX:EXPA,1.66401587,1.70049527,1.64717917,1.68365857,337968.05723775
2013-05-13,EGX:EXPA,1.67804585,1.68365857,1.63034247,1.66120988,200071.18632054
2013-05-14,EGX:EXPA,1.63034247,1.69207656,1.63034247,1.68365857,237236.43165878
2013-05-15,EGX:EXPA,1.68927056,1.71171925,1.68927056,1.70330127,148961.93120427
2013-05-16,EGX:EXPA,1.69488255,1.70330127,1.67804585,1.68927056,131832.52528298
2013-05-19,EGX:EXPA,1.68365857,1.68646456,1.68365857,1.68365857,106905.90723195
2013-05-20,EGX:EXPA,1.66962786,1.68365857,1.66120988,1.66962786,26098.81085094
2013-05-21,EGX:EXPA,1.66401587,1.68365857,1.65559716,1.67243386,190108.23462144
2013-05-22,EGX:EXPA,1.68365857,1.71171925,1.68365857,1.69488255,198338.31982501
2013-05-23,EGX:EXPA,1.70891326,1.71171925,1.67523985,1.69207656,209389.63810973
2013-05-26,EGX:EXPA,1.66962786,1.68085257,1.66962786,1.66962786,956.44336311
2013-05-27,EGX:EXPA,1.68365857,1.71171925,1.67804585,1.68927056,147788.36420412
2013-05-28,EGX:EXPA,1.71452525,1.73136195,1.70891326,1.72013797,795576.73527925
2013-05-29,EGX:EXPA,1.71171925,1.71171925,1.65559716,1.69207656,265698.86691282
2013-05-30,EGX:EXPA,1.70330127,1.70330127,1.66120988,1.67243386,66547.02054906
2013-06-02,EGX:EXPA,1.67243386,1.70891326,1.65840315,1.66962786,25582.11156282
2013-06-03,EGX:EXPA,1.66962786,1.66962786,1.65840315,1.66682187,51311.26255073
2013-06-04,EGX:EXPA,1.66120988,1.66120988,1.64717917,1.65559716,90870.36469721
2013-06-05,EGX:EXPA,1.64998516,1.64998516,1.62753647,1.63876118,142253.08566013
2013-06-06,EGX:EXPA,1.64998516,1.64998516,1.58544508,1.61350576,106327.36893328
2013-06-09,EGX:EXPA,1.58825108,1.58825108,1.54335369,1.55738439,35630.26367646
2013-06-10,EGX:EXPA,1.52932298,1.54335369,1.49003759,1.50687429,202397.70731731
2013-06-11,EGX:EXPA,1.52090499,1.54335369,1.4788136,1.51809827,125928.96107618
2013-06-12,EGX:EXPA,1.4451402,1.4451402,1.40304881,1.43110949,198844.02551126
2013-06-13,EGX:EXPA,1.4086608,1.50687429,1.4086608,1.47600688,24253.2599362
2013-06-16,EGX:EXPA,1.41707951,1.4254975,1.41707951,1.41707951,2777.25867364
2013-06-17,EGX:EXPA,1.43672148,1.48723159,1.40304881,1.41988551,106123.9872986
2013-06-18,EGX:EXPA,1.4451402,1.4451402,1.4254975,1.43391549,36111.23375848
2013-06-19,EGX:EXPA,1.4254975,1.45917018,1.40304881,1.41427279,168780.64698419
2013-06-20,EGX:EXPA,1.4086608,1.41146679,1.40304881,1.4058548,283002.79626386
2013-06-23,EGX:EXPA,1.40304881,1.40304881,1.3890181,1.40024281,42758.24029208
2013-06-24,EGX:EXPA,1.40304881,1.4058548,1.40304881,1.40304881,285518.95689297
2013-06-25,EGX:EXPA,1.40304881,1.45917018,1.40304881,1.40304881,518502.23882641
2013-06-26,EGX:EXPA,1.40304881,1.40304881,1.39743682,1.40304881,104303.17198807
2013-06-27,EGX:EXPA,1.40304881,1.44794619,1.40024281,1.4058548,188867.33180981
2013-06-30,EGX:EXPA,1.43110949,1.4423342,1.40304881,1.41427279,30287.37316527
2013-07-02,EGX:EXPA,1.4423342,1.54335369,1.4423342,1.50687429,158138.84036931
2013-07-03,EGX:EXPA,1.47600688,1.50406829,1.47600688,1.48442559,21801.6867181
2013-07-04,EGX:EXPA,1.63034247,1.63034247,1.63034247,1.63034247,140367.68293859
2013-07-07,EGX:EXPA,1.68365857,1.69768928,1.58825108,1.61350576,106500.51816281
2013-07-08,EGX:EXPA,1.54615968,1.54615968,1.49003759,1.52371099,176216.4444523
2013-07-09,EGX:EXPA,1.62473048,1.65840315,1.62473048,1.64998516,205315.13441485
2013-07-10,EGX:EXPA,1.65279116,1.66682187,1.65279116,1.65559716,105124.94372822
2013-07-11,EGX:EXPA,1.62753647,1.64998516,1.62753647,1.63314846,99776.55641609
2013-07-14,EGX:EXPA,1.57702636,1.63314846,1.57702636,1.63314846,634.88050827
2013-07-15,EGX:EXPA,1.63314846,1.63314846,1.63314846,1.63314846,0.0
2013-07-16,EGX:EXPA,1.62753647,1.62753647,1.62753647,1.62753647,39193.56488415
2013-07-17,EGX:EXPA,1.64156718,1.64156718,1.57141437,1.62192448,78394.00076947
2013-07-18,EGX:EXPA,1.61350576,1.64998516,1.61350576,1.62753647,43167.75196191
2013-07-21,EGX:EXPA,1.65559716,1.68365857,1.64156718,1.66962786,21625.78908811
2013-07-22,EGX:EXPA,1.68365857,1.69488255,1.65559716,1.68085257,174616.87537951
2013-07-24,EGX:EXPA,1.65840315,1.66962786,1.62753647,1.64156718,156796.24674035
2013-07-25,EGX:EXPA,1.64156718,1.64156718,1.64156718,1.64156718,7123.85401492
2013-07-28,EGX:EXPA,1.63876118,1.63876118,1.63876118,1.63876118,7123.85401492
2013-07-29,EGX:EXPA,1.62753647,1.63314846,1.62753647,1.63034247,8900.69491794
2013-07-30,EGX:EXPA,1.60789377,1.65559716,1.60789377,1.65279116,42369.34162575
2013-07-31,EGX:EXPA,1.63595446,1.66401587,1.63595446,1.65559716,104051.69334518
2013-08-01,EGX:EXPA,1.66682187,1.68365857,1.66682187,1.67523985,100849.80679913
2013-08-04,EGX:EXPA,1.67804585,1.69207656,1.67804585,1.68646456,24940.36005338
2013-08-05,EGX:EXPA,1.67804585,1.72574996,1.67804585,1.70049527,121575.49473373
2013-08-06,EGX:EXPA,1.71733125,1.72574996,1.67804585,1.71171925,74749.62174795
2013-08-07,EGX:EXPA,1.71171925,1.71171925,1.65559716,1.68365857,57563.87361706
2013-08-12,EGX:EXPA,1.67243386,1.67523985,1.66962786,1.66962786,62249.89641622
2013-08-13,EGX:EXPA,1.68365857,1.68365857,1.65559716,1.68085257,138472.6608154
2013-08-14,EGX:EXPA,1.65559716,1.65559716,1.64156718,1.65279116,51605.34140088
2013-08-18,EGX:EXPA,1.64156718,1.68085257,1.61911848,1.63876118,54338.62566702
2013-08-19,EGX:EXPA,1.62753647,1.64156718,1.62753647,1.63876118,8353.76322467
2013-08-20,EGX:EXPA,1.69488255,1.69488255,1.69488255,1.69488255,1382.44543577
2013-08-21,EGX:EXPA,1.64998516,1.64998516,1.64998516,1.64998516,8643.71947412
2013-08-22,EGX:EXPA,1.64998516,1.64998516,1.64437317,1.64717917,26721.32355711
2013-08-25,EGX:EXPA,1.65840315,1.68365857,1.65840315,1.67243386,57249.18176339
2013-08-26,EGX:EXPA,1.68365857,1.68365857,1.68365857,1.68365857,26721.32355711
2013-08-27,EGX:EXPA,1.64717917,1.66401587,1.63595446,1.64437317,165705.18685969
2013-08-28,EGX:EXPA,1.62753647,1.63034247,1.62753647,1.63034247,4625.55798885
2013-08-29,EGX:EXPA,1.62753647,1.66962786,1.62753647,1.65840315,11221.71911377
2013-09-01,EGX:EXPA,1.58544508,1.68365857,1.58544508,1.68085257,53448.14391515
2013-09-02,EGX:EXPA,1.68365857,1.68365857,1.64998516,1.64998516,41591.54429311
2013-09-03,EGX:EXPA,1.64717917,1.68365857,1.64717917,1.68365857,2121.76516185
2013-09-04,EGX:EXPA,1.65559716,1.68085257,1.63314846,1.65840315,32120.5562779
2013-09-05,EGX:EXPA,1.64156718,1.64156718,1.64156718,1.64156718,725.57772374
2013-09-08,EGX:EXPA,1.67804585,1.68365857,1.67804585,1.68365857,24122.71091394
2013-09-09,EGX:EXPA,1.68365857,1.68365857,1.68365857,1.68365857,5341.51631095
2013-09-10,EGX:EXPA,1.69768928,1.71171925,1.69768928,1.70610726,104899.57488978
2013-09-11,EGX:EXPA,1.69768928,1.71171925,1.69768928,1.70891326,40096.41443812
2013-09-12,EGX:EXPA,1.71171925,1.71171925,1.69768928,1.70891326,85521.97738509
2013-09-15,EGX:EXPA,1.71171925,1.72013797,1.71171925,1.71733125,36313.24119293
2013-09-16,EGX:EXPA,1.71733125,1.72574996,1.70891326,1.72013797,133122.89930305
2013-09-17,EGX:EXPA,1.72013797,1.76222936,1.72013797,1.72574996,641989.24608613
2013-09-18,EGX:EXPA,1.72574996,1.72574996,1.70049527,1.70891326,95080.91421529
2013-09-19,EGX:EXPA,1.72013797,1.72013797,1.70891326,1.71733125,62358.45823474
2013-09-22,EGX:EXPA,1.73136195,1.73136195,1.71733125,1.72294396,123514.49126441
2013-09-23,EGX:EXPA,1.71733125,1.72855596,1.70891326,1.71733125,74854.06096576
2013-09-24,EGX:EXPA,1.71452525,1.73136195,1.71171925,1.71733125,43399.99180152
2013-09-25,EGX:EXPA,1.71171925,1.74258666,1.70049527,1.71452525,95722.66572473
2013-09-26,EGX:EXPA,1.70610726,1.73977994,1.69768928,1.70891326,44183.28593511
2013-09-29,EGX:EXPA,1.74819865,1.74819865,1.70891326,1.71452525,138976.99230141
2013-09-30,EGX:EXPA,1.72855596,1.72855596,1.70610726,1.71171925,185213.33338665
2013-10-01,EGX:EXPA,1.70610726,1.71733125,1.69207656,1.69768928,230776.31635705
2013-10-02,EGX:EXPA,1.72294396,1.86605484,1.72294396,1.82957544,920891.42885067
2013-10-03,EGX:EXPA,1.93340092,1.96146161,1.88008482,1.91937094,550637.91130689
2013-10-07,EGX:EXPA,1.90814623,1.91937094,1.84080015,1.87166683,285828.1519457
2013-10-08,EGX:EXPA,1.90814623,1.95865561,1.90814623,1.91937094,434570.21111247
2013-10-09,EGX:EXPA,1.88850353,1.99232902,1.87166683,1.95584962,684894.52580328
2013-10-10,EGX:EXPA,1.97268632,2.0933485,1.96988032,2.02880842,520519.56477045
2013-10-13,EGX:EXPA,2.06809381,2.08493051,2.02600242,2.0568691,402834.43090019
2013-10-20,EGX:EXPA,2.0568691,2.05967582,1.99232902,2.0175837,195486.85433872
2013-10-21,EGX:EXPA,2.05967582,2.0765118,1.99232902,2.01197171,384870.88543665
2013-10-22,EGX:EXPA,2.03442041,2.03442041,1.95304362,1.98391103,493181.22530811
2013-10-23,EGX:EXPA,2.0203897,2.03442041,1.96988032,1.99513501,435886.69493699
2013-10-24,EGX:EXPA,2.00074773,2.0568691,1.99232902,2.0203897,405830.18741109
2013-10-27,EGX:EXPA,2.03442041,2.18595,2.0203897,2.05967582,3139857.89587765
2013-10-28,EGX:EXPA,2.10457321,2.11860319,2.02319642,2.06809381,468037.48362005
2013-10-29,EGX:EXPA,2.06248182,2.08493051,2.04845111,2.06248182,552847.62528374
2013-10-30,EGX:EXPA,2.0765118,2.10176649,2.0568691,2.07089981,200421.6073803
2013-10-31,EGX:EXPA,2.0765118,2.27293878,2.0765118,2.09896049,5504151.53448901
2013-11-03,EGX:EXPA,2.18875599,2.26732679,2.18595,2.22804139,313782.13311303
2013-11-04,EGX:EXPA,2.2027867,2.29538747,2.17753128,2.24487809,755448.71423573
2013-11-06,EGX:EXPA,2.28977548,2.34028486,2.27293878,2.30099946,386422.35750124
2013-11-07,EGX:EXPA,2.28135749,2.35712156,2.28135749,2.31503017,504365.84101556
2013-11-10,EGX:EXPA,2.30661218,2.31503017,2.24487809,2.27013278,413988.81420248
2013-11-11,EGX:EXPA,2.24768409,2.28977548,2.23365338,2.25890807,449715.27189534
2013-11-12,EGX:EXPA,2.30380619,2.31222417,2.23084739,2.25610207,530919.51214408
2013-11-13,EGX:EXPA,2.21962267,2.24487809,2.16069458,2.22523539,238438.85686384
2013-11-14,EGX:EXPA,2.24487809,2.27574477,2.1663073,2.25049008,374688.06170005
2013-11-17,EGX:EXPA,2.27013278,2.29538747,2.27013278,2.28696948,448155.55462934
2013-11-18,EGX:EXPA,2.27293878,2.29538747,2.25610207,2.27855077,276831.26301136
2013-11-19,EGX:EXPA,2.24768409,2.25890807,2.18875599,2.23645938,1418504.44991459
2013-11-20,EGX:EXPA,2.24487809,2.27293878,2.20839869,2.24768409,552895.72229194
2013-11-21,EGX:EXPA,2.24487809,2.24487809,2.10457321,2.15788859,561654.87458575
2013-11-24,EGX:EXPA,2.21120469,2.22523539,2.16069458,2.18875599,164494.51645322
2013-11-25,EGX:EXPA,2.183144,2.22804139,2.1494706,2.19156199,414233.4218442
2013-11-26,EGX:EXPA,2.16069458,2.21681668,2.0961545,2.12421591,1058889.99058522
2013-11-27,EGX:EXPA,2.18033728,2.21401068,2.1129912,2.17753128,467678.81735888
2013-11-28,EGX:EXPA,2.10737921,2.18875599,2.10737921,2.1494706,548649.44356777
2013-12-01,EGX:EXPA,2.13543989,2.17472529,2.13543989,2.1494706,17532.04658995
2013-12-02,EGX:EXPA,2.1326339,2.1326339,2.10457321,2.1326339,920266.16774403
2013-12-03,EGX:EXPA,2.0737058,2.17472529,2.0737058,2.1635013,98148.12913838
2013-12-04,EGX:EXPA,2.09896049,2.18875599,2.09896049,2.18595,92944.03285086
2013-12-05,EGX:EXPA,2.19156199,2.2224294,2.1691133,2.2027867,335751.47225973
2013-12-08,EGX:EXPA,2.18033728,2.22523539,2.18033728,2.18875599,55233.23001959
2013-12-09,EGX:EXPA,2.2027867,2.21681668,2.2027867,2.21681668,21910.24853662
2013-12-10,EGX:EXPA,2.16069458,2.21681668,2.16069458,2.183144,213534.22601655
2013-12-11,EGX:EXPA,2.18875599,2.18875599,2.15508259,2.17191929,87969.42800248
2013-12-12,EGX:EXPA,2.17191929,2.28696948,2.17191929,2.24487809,544774.19890688
2013-12-15,EGX:EXPA,2.18033728,2.18033728,2.1326339,2.17191929,256769.31378995
2013-12-16,EGX:EXPA,2.1494706,2.1494706,2.1129912,2.14105261,31342.75894526
2013-12-17,EGX:EXPA,2.17753128,2.21401068,2.16069458,2.18875599,598157.75541102
2013-12-18,EGX:EXPA,2.17472529,2.21962267,2.17472529,2.21120469,119707.95661523
2013-12-19,EGX:EXPA,2.22523539,2.24487809,2.19156199,2.22804139,100492.51473819
2013-12-22,EGX:EXPA,2.15227659,2.21681668,2.15227659,2.19717398,17714.81522112
2013-12-23,EGX:EXPA,2.17472529,2.18875599,2.16069458,2.1691133,47614.6639203
2013-12-24,EGX:EXPA,2.1494706,2.18875599,2.1326339,2.14105261,44245.12494565
2013-12-25,EGX:EXPA,2.1466646,2.16069458,2.1466646,2.15508259,58172.64432088
2013-12-26,EGX:EXPA,2.1326339,2.1466646,2.11860319,2.1270219,31454.06916424
2013-12-29,EGX:EXPA,2.11860319,2.18033728,2.07931779,2.1494706,21375.68464545
2013-12-30,EGX:EXPA,2.1326339,2.1466646,2.1298279,2.13543989,50141.81815129
2013-12-31,EGX:EXPA,2.10457321,2.14105261,2.07931779,2.1101852,160540.94237897
2014-01-02,EGX:EXPA,2.12140919,2.13824589,2.12140919,2.1326339,5385.49071845
2014-01-05,EGX:EXPA,2.16069458,2.16069458,2.1466646,2.15788859,38481.72916275
2014-01-06,EGX:EXPA,2.16069458,2.16069458,2.12140919,2.15227659,81400.75088225
2014-01-08,EGX:EXPA,2.17191929,2.24207137,2.1494706,2.20839869,190828.31554424
2014-01-09,EGX:EXPA,2.16069458,2.1691133,2.16069458,2.1635013,93539.06155234
2014-01-12,EGX:EXPA,2.21681668,2.24207137,2.21681668,2.21962267,222021.28666395
2014-01-14,EGX:EXPA,2.2224294,2.23084739,2.17472529,2.21120469,174254.08651764
2014-01-15,EGX:EXPA,2.21681668,2.21681668,2.16069458,2.19156199,6675.86473852
2014-01-16,EGX:EXPA,2.16069458,2.17472529,2.1466646,2.16069458,49818.88109621
2014-01-19,EGX:EXPA,2.1466646,2.1466646,2.12140919,2.13824589,167219.55551796
2014-01-20,EGX:EXPA,2.1466646,2.16069458,2.13543989,2.1466646,140788.1882103
2014-01-21,EGX:EXPA,2.12140919,2.1466646,2.12140919,2.14385861,39844.93579524
2014-01-22,EGX:EXPA,2.13824589,2.13824589,2.1326339,2.13543989,33920.75858491
2014-01-23,EGX:EXPA,2.13543989,2.21681668,2.13543989,2.19717398,186812.90245945
2014-01-26,EGX:EXPA,2.18875599,2.18875599,2.1101852,2.15788859,419414.15672773
2014-01-27,EGX:EXPA,2.16069458,2.17753128,2.12421591,2.15788859,249193.34789793
2014-01-28,EGX:EXPA,2.183144,2.18875599,2.16069458,2.18595,136507.55448027
2014-01-29,EGX:EXPA,2.183144,2.19717398,2.1326339,2.18033728,244052.4648212
2014-01-30,EGX:EXPA,2.19997998,2.23645938,2.17472529,2.20839869,523876.73594299
2014-02-02,EGX:EXPA,2.2027867,2.23926537,2.19156199,2.21681668,361473.75224646
2014-02-03,EGX:EXPA,2.2055927,2.23365338,2.2027867,2.2055927,286304.99942703
2014-02-04,EGX:EXPA,2.19436799,2.19436799,2.13824589,2.17753128,81245.46625576
2014-02-05,EGX:EXPA,2.1494706,2.19436799,2.1494706,2.1691133,214527.772786
2014-02-06,EGX:EXPA,2.20839869,2.31222417,2.18875599,2.27855077,1049805.15283587
2014-02-09,EGX:EXPA,2.30099946,2.30099946,2.27293878,2.28696948,209382.76710856
2014-02-10,EGX:EXPA,2.28135749,2.28135749,2.21681668,2.24768409,532582.29442765
2014-02-11,EGX:EXPA,2.2055927,2.27855077,2.18875599,2.25049008,144237.43079854
2014-02-12,EGX:EXPA,2.29538747,2.38518297,2.24768409,2.30661218,1069637.61061814
2014-02-13,EGX:EXPA,2.35712156,2.53671184,2.30380619,2.48620246,2169616.18821068
2014-02-16,EGX:EXPA,2.59563993,2.64334404,2.50584516,2.59002794,682980.26487682
2014-02-17,EGX:EXPA,2.57319124,2.60405792,2.47778374,2.51706914,2195790.58007452
2014-02-18,EGX:EXPA,2.55074254,2.55916053,2.51145715,2.54512982,448735.46712824
2014-02-19,EGX:EXPA,2.55354854,2.69104742,2.55354854,2.63492533,1175655.78449869
2014-02-20,EGX:EXPA,2.64334404,2.66579273,2.57038524,2.60967064,277519.73732877
2014-02-23,EGX:EXPA,2.60967064,2.64334404,2.54232456,2.60686464,735749.5538762
2014-02-24,EGX:EXPA,2.55635453,2.56757924,2.52548785,2.54512982,294126.947161
2014-02-25,EGX:EXPA,2.54512982,2.55635453,2.49742644,2.53109984,277944.36520119
2014-02-26,EGX:EXPA,2.52548785,2.55635453,2.51426314,2.52829385,101234.58286475
2014-02-27,EGX:EXPA,2.51987513,2.55354854,2.51987513,2.53109984,200696.44742717
2014-03-02,EGX:EXPA,2.52829385,2.57880323,2.50023244,2.53951783,148652.73615153
2014-03-03,EGX:EXPA,2.52268113,2.52268113,2.48339646,2.48900845,60221.57687031
2014-03-04,EGX:EXPA,2.52548785,2.52548785,2.48620246,2.50023244,210058.87362386
2014-03-05,EGX:EXPA,2.52548785,2.54512982,2.51426314,2.52548785,71656.29702041
2014-03-06,EGX:EXPA,2.52548785,2.52548785,2.48900845,2.49742644,106014.05127985
2014-03-09,EGX:EXPA,2.52548785,2.56757924,2.52548785,2.53671184,190939.62576323
2014-03-10,EGX:EXPA,2.54793655,2.63492533,2.52829385,2.59844593,201860.39502568
2014-03-11,EGX:EXPA,2.59563993,2.63211933,2.59563993,2.60967064,130150.50419613
2014-03-12,EGX:EXPA,2.54512982,2.59563993,2.54512982,2.56477325,140063.98468679
2014-03-13,EGX:EXPA,2.54793655,2.60967064,2.52829385,2.58441595,187927.37884951
2014-03-16,EGX:EXPA,2.55635453,2.60125265,2.55354854,2.58441595,85976.83766266
2014-03-17,EGX:EXPA,2.53951783,2.55354854,2.53951783,2.55074254,150708.53970214
2014-03-18,EGX:EXPA,2.54793655,2.59563993,2.53671184,2.55635453,248140.71051841
2014-03-19,EGX:EXPA,2.56196653,2.58160922,2.54232456,2.55635453,124964.27251166
2014-03-20,EGX:EXPA,2.55635453,2.59563993,2.55635453,2.57880323,86412.45913695
2014-03-23,EGX:EXPA,2.57038524,2.59563993,2.53671184,2.57880323,173205.57173882
2014-03-24,EGX:EXPA,2.54232456,2.55354854,2.54232456,2.54512982,23556.54041738
2014-03-25,EGX:EXPA,2.54232456,2.55635453,2.53951783,2.55074254,44638.14621268
2014-03-26,EGX:EXPA,2.53951783,2.59563993,2.53390584,2.57319124,94288.00068006
2014-03-27,EGX:EXPA,2.50303916,2.52829385,2.49742644,2.51987513,46809.38258297
2014-03-30,EGX:EXPA,2.45533505,2.57880323,2.45533505,2.51706914,48102.5050035
2014-03-31,EGX:EXPA,2.50023244,2.50023244,2.33467287,2.45533505,43030.33193848
2014-04-01,EGX:EXPA,2.49742644,2.52268113,2.48058974,2.50303916,17100.54771636
2014-04-02,EGX:EXPA,2.35150957,2.41604965,2.32344816,2.40482494,135130.60584544
2014-04-03,EGX:EXPA,2.36273428,2.42727436,2.35992756,2.38518297,57339.87897886
2014-04-06,EGX:EXPA,2.39360096,2.39360096,2.37115227,2.38237625,64138.04753823
2014-04-07,EGX:EXPA,2.38518297,2.44130434,2.38518297,2.40763167,72478.06876055
2014-04-08,EGX:EXPA,2.48620246,2.48620246,2.40763167,2.40763167,886.35915116
2014-04-09,EGX:EXPA,2.39921295,2.44130434,2.38518297,2.39079496,184145.57980456
2014-04-10,EGX:EXPA,2.43008036,2.52548785,2.43008036,2.50023244,76221.39019895
2014-04-13,EGX:EXPA,2.49742644,2.51145715,2.42446837,2.50303916,100947.37501577
2014-04-14,EGX:EXPA,2.44411107,2.50303916,2.44411107,2.50303916,3557.80440676
2014-04-15,EGX:EXPA,2.45533505,2.52548785,2.44411107,2.50023244,560690.18602123
2014-04-16,EGX:EXPA,2.52548785,2.52548785,2.47497775,2.52548785,151843.62909572
2014-04-17,EGX:EXPA,2.52548785,2.57880323,2.52548785,2.54232456,31106.39650495
2014-04-22,EGX:EXPA,2.53951783,2.65737402,2.53951783,2.58722194,38377.28994494
2014-04-23,EGX:EXPA,2.53390584,2.63211933,2.53390584,2.58160922,39791.3419861
2014-04-27,EGX:EXPA,2.53390584,2.54793655,2.52829385,2.53951783,5483.05893509
2014-04-28,EGX:EXPA,2.53109984,2.54793655,2.52829385,2.53951783,172625.65923993
2014-04-29,EGX:EXPA,2.52548785,2.52548785,2.52548785,2.52548785,8231.45940381
2014-04-30,EGX:EXPA,2.52548785,2.52548785,2.49742644,2.51426314,125465.8555972
2014-05-04,EGX:EXPA,2.51706914,2.52548785,2.51706914,2.52548785,449017.17817629
2014-05-05,EGX:EXPA,2.46936576,2.51145715,2.46936576,2.51145715,39968.61381633
2014-05-06,EGX:EXPA,2.51145715,2.55354854,2.51145715,2.52548785,83033.30076067
2014-05-07,EGX:EXPA,2.46094777,2.52548785,2.46094777,2.51706914,39193.56488415
2014-05-08,EGX:EXPA,2.51145715,2.52548785,2.51145715,2.51426314,125298.20316861
2014-05-11,EGX:EXPA,2.51145715,2.52548785,2.51145715,2.51426314,1174.94120038
2014-05-12,EGX:EXPA,2.52548785,2.63773132,2.52548785,2.60125265,189705.59395277
2014-05-13,EGX:EXPA,2.60125265,2.63773132,2.60125265,2.63211933,66229.58029493
2014-05-14,EGX:EXPA,2.64334404,2.73033282,2.63773132,2.70227141,482566.90269792
2014-05-15,EGX:EXPA,2.71069012,2.7219141,2.69385342,2.69946541,428589.69169254
2014-05-18,EGX:EXPA,2.67982271,2.71630211,2.66579273,2.68262944,141828.45778771
2014-05-19,EGX:EXPA,2.66579273,2.66579273,2.64615004,2.66298601,52734.93399352
2014-05-20,EGX:EXPA,2.66018001,2.66298601,2.58160922,2.60686464,708717.66106613
2014-05-21,EGX:EXPA,2.63211933,2.64053732,2.58160922,2.61247663,931030.27817977
2014-05-22,EGX:EXPA,2.62370134,2.62370134,2.52548785,2.54793655,832821.68423108
2014-05-25,EGX:EXPA,2.58160922,2.59563993,2.55354854,2.58160922,146822.30143937
2014-05-26,EGX:EXPA,2.58160922,2.59283393,2.56757924,2.58160922,256690.98437659
2014-05-28,EGX:EXPA,2.57038524,2.57880323,2.53109984,2.55635453,218860.62612493
2014-05-29,EGX:EXPA,2.54232456,2.56757924,2.48900845,2.52268113,191424.71844595
2014-06-01,EGX:EXPA,2.44130434,2.48900845,2.30661218,2.42727436,97621.81044862
2014-06-02,EGX:EXPA,2.38518297,2.44130434,2.38518297,2.41885565,34595.49089998
2014-06-03,EGX:EXPA,2.44130434,2.44130434,2.41324366,2.42727436,75590.63229138
2014-06-04,EGX:EXPA,2.48900845,2.52548785,2.48900845,2.51706914,199281.02118578
2014-06-05,EGX:EXPA,2.50023244,2.59563993,2.50023244,2.55916053,118468.42800384
2014-06-09,EGX:EXPA,2.60125265,2.60125265,2.57038524,2.59283393,50042.87573441
2014-06-10,EGX:EXPA,2.55354854,2.59563993,2.53390584,2.57880323,253588.04024741
2014-06-11,EGX:EXPA,2.59563993,2.63773132,2.58160922,2.62931333,614983.46308051
2014-06-12,EGX:EXPA,2.61247663,2.61247663,2.58160922,2.60125265,78641.35681165
2014-06-15,EGX:EXPA,2.59002794,2.60405792,2.54512982,2.57599723,133941.92264272
2014-06-16,EGX:EXPA,2.57038524,2.57038524,2.52829385,2.54512982,90848.37749346
2014-06-17,EGX:EXPA,2.55354854,2.55354854,2.52548785,2.52829385,48458.4228642
2014-06-18,EGX:EXPA,2.55354854,2.59844593,2.55354854,2.58722194,14099.29440452
2014-06-19,EGX:EXPA,2.55354854,2.57880323,2.54512982,2.56196653,23335.29417965
2014-06-22,EGX:EXPA,2.52548785,2.56196653,2.51426314,2.56196653,3146.91853668
2014-06-23,EGX:EXPA,2.51426314,2.55354854,2.51426314,2.55074254,11464.95255526
2014-06-24,EGX:EXPA,2.55074254,2.55354854,2.46936576,2.52829385,27327.34586046
2014-06-25,EGX:EXPA,2.47217175,2.52548785,2.46936576,2.50865115,54522.76849842
2014-06-26,EGX:EXPA,2.49742644,2.50865115,2.49742644,2.50865115,2988.88550973
2014-06-29,EGX:EXPA,2.50865115,2.52548785,2.50865115,2.51145715,233982.32550381
2014-06-30,EGX:EXPA,2.48339646,2.55354854,2.48339646,2.52548785,63676.31625949
2014-07-02,EGX:EXPA,2.47497775,2.52548785,2.47497775,2.51987513,22282.65680013
2014-07-03,EGX:EXPA,2.53671184,2.59002794,2.53671184,2.56196653,191171.86560283
2014-07-06,EGX:EXPA,2.57880323,2.59563993,2.56757924,2.58160922,77873.17888065
2014-07-07,EGX:EXPA,2.59002794,2.59002794,2.54232456,2.55916053,30360.20577769
2014-07-08,EGX:EXPA,2.55354854,2.56196653,2.55354854,2.56196653,34063.67540929
2014-07-09,EGX:EXPA,2.55354854,2.57599723,2.54512982,2.55635453,39396.94651883
2014-07-10,EGX:EXPA,2.55916053,2.55916053,2.53951783,2.55074254,154816.02420263
2014-07-13,EGX:EXPA,2.53951783,2.53951783,2.53671184,2.53671184,8443.0862399
2014-07-14,EGX:EXPA,2.55354854,2.55354854,2.55354854,2.55354854,35630.26367646
2014-07-15,EGX:EXPA,2.55354854,2.58441595,2.55354854,2.56196653,61202.75583764
2014-07-16,EGX:EXPA,2.56477325,2.59283393,2.53109984,2.56196653,943158.96944822
2014-07-17,EGX:EXPA,2.54793655,2.56757924,2.54793655,2.56196653,122.30382086
2014-07-20,EGX:EXPA,2.55354854,2.56757924,2.53951783,2.55916053,108953.46558114
2014-07-21,EGX:EXPA,2.53951783,2.53951783,2.51426314,2.52829385,143096.84460402
2014-07-22,EGX:EXPA,2.52829385,2.52829385,2.52829385,2.52829385,0.0
2014-07-24,EGX:EXPA,2.52548785,2.59563993,2.52548785,2.56196653,68025.66000123
2014-07-27,EGX:EXPA,2.54512982,2.59563993,2.54512982,2.58722194,13013.67621938
2014-07-31,EGX:EXPA,2.59563993,2.59563993,2.55635453,2.58722194,14107.53960593
2014-08-03,EGX:EXPA,2.55354854,2.60125265,2.55354854,2.59002794,19506.77232672
2014-08-04,EGX:EXPA,2.55074254,2.55635453,2.55074254,2.55354854,345822.98577734
2014-08-05,EGX:EXPA,2.55354854,2.56757924,2.55354854,2.55635453,597854.05715923
2014-08-06,EGX:EXPA,2.55354854,2.56757924,2.55354854,2.56757924,18367.56033244
2014-08-07,EGX:EXPA,2.57038524,2.58441595,2.56757924,2.56757924,66252.94169891
2014-08-10,EGX:EXPA,2.56757924,2.60405792,2.56757924,2.59844593,42758.24029208
2014-08-11,EGX:EXPA,2.60405792,2.69104742,2.60405792,2.65737402,239094.35037563
2014-08-12,EGX:EXPA,2.66579273,2.66579273,2.63773132,2.65176203,91114.97233893
2014-08-13,EGX:EXPA,2.64053732,2.70507813,2.59563993,2.67982271,477169.04417736
2014-08-14,EGX:EXPA,2.69385342,2.86221899,2.69385342,2.78926091,655434.4211791
2014-08-17,EGX:EXPA,3.02497256,3.02497256,2.80890361,2.8706377,73418.02172086
2014-08-18,EGX:EXPA,2.81170961,2.91553509,2.72472083,2.80890361,98391.36257986
2014-08-19,EGX:EXPA,2.80609761,2.82293359,2.7219141,2.80890361,66263.93530078
2014-08-20,EGX:EXPA,2.82574031,2.8369643,2.75278151,2.80890361,191034.4455794
2014-08-21,EGX:EXPA,2.72752682,2.80890361,2.7219141,2.78364819,320100.70579061
2014-08-24,EGX:EXPA,2.80609761,2.80609761,2.8004849,2.80609761,34206.59223366
2014-08-25,EGX:EXPA,2.8004849,2.8341583,2.78364819,2.80609761,303788.94900877
2014-08-26,EGX:EXPA,2.78364819,2.8341583,2.7808422,2.81170961,83921.03411206
2014-08-27,EGX:EXPA,2.84818901,2.84818901,2.82012759,2.8313523,87116.04965695
2014-08-28,EGX:EXPA,2.82293359,2.850995,2.82293359,2.8341583,41032.24479772
2014-08-31,EGX:EXPA,2.8341583,2.86221899,2.8341583,2.8341583,289168.83271543
2014-09-01,EGX:EXPA,2.8369643,2.84538301,2.76400622,2.8313523,190502.6300887
2014-09-02,EGX:EXPA,2.8341583,2.850995,2.80609761,2.8313523,97412.932013
2014-09-03,EGX:EXPA,2.82574031,2.8313523,2.78364819,2.82012759,185815.2330893
2014-09-04,EGX:EXPA,2.82012759,2.8902804,2.81170961,2.85660699,226163.12617031
2014-09-07,EGX:EXPA,2.95482048,3.05864596,2.85660699,2.89589239,401572.91508505
2014-09-08,EGX:EXPA,2.94359577,2.9464025,2.84257629,2.86221899,227816.28905225
2014-09-09,EGX:EXPA,2.8341583,2.84818901,2.82293359,2.8313523,153359.37195421
2014-09-10,EGX:EXPA,2.8313523,2.8313523,2.77242421,2.8004849,212533.80824594
2014-09-11,EGX:EXPA,2.8004849,2.80609761,2.66579273,2.73594481,171970.16572814
2014-09-14,EGX:EXPA,2.77523021,2.77523021,2.71069012,2.7611995,292791.2245332
2014-09-15,EGX:EXPA,2.74997552,2.77242421,2.69385342,2.75558751,8191.60759701
2014-09-16,EGX:EXPA,2.8004849,2.8341583,2.76400622,2.80609761,686004.87959264
2014-09-17,EGX:EXPA,2.8313523,2.8341583,2.80609761,2.80890361,251735.6183315
2014-09-18,EGX:EXPA,2.82293359,2.8313523,2.80609761,2.81170961,272532.76467828
2014-09-21,EGX:EXPA,2.78926091,2.78926091,2.76400622,2.7780362,89083.90439255
2014-09-22,EGX:EXPA,2.82574031,2.82574031,2.7780362,2.78926091,16743.25565543
2014-09-23,EGX:EXPA,2.76400622,2.7780362,2.76400622,2.76681149,65209.92372103
2014-09-24,EGX:EXPA,2.81170961,2.82854631,2.7583935,2.7780362,204413.65906111
2014-09-25,EGX:EXPA,2.76400622,2.84818901,2.7583935,2.78645492,147186.46450147
2014-09-28,EGX:EXPA,2.7611995,2.82574031,2.7611995,2.81170961,34152.99842452
2014-09-29,EGX:EXPA,2.8313523,2.84818901,2.74997552,2.82012759,104303.17198807
2014-09-30,EGX:EXPA,2.8341583,2.90431038,2.80609761,2.87624969,308330.68078333
2014-10-01,EGX:EXPA,2.86221899,3.10073736,2.79206691,2.90150438,264367.26688572
2014-10-02,EGX:EXPA,2.92114708,2.92114708,2.7808422,2.850995,293185.62000046
2014-10-08,EGX:EXPA,2.8341583,2.8341583,2.76681149,2.7976789,411893.15884508
2014-10-09,EGX:EXPA,2.80329089,2.80609761,2.74997552,2.78926091,134964.32761709
2014-10-12,EGX:EXPA,2.7808422,2.7808422,2.62370134,2.67421072,233982.32550381
2014-10-13,EGX:EXPA,2.61528263,2.70788413,2.61528263,2.67701672,143492.61427152
2014-10-14,EGX:EXPA,2.79206691,2.80890361,2.64334404,2.73313881,178367.06781908
2014-10-15,EGX:EXPA,2.70227141,2.7583935,2.66579273,2.69946541,92343.50734845
2014-10-16,EGX:EXPA,2.66859873,2.72472083,2.52548785,2.61247663,109971.7479548
2014-10-19,EGX:EXPA,2.69385342,2.69385342,2.60967064,2.64334404,76012.51176333
2014-10-20,EGX:EXPA,2.69385342,2.69385342,2.65176203,2.67140473,75641.47770005
2014-10-21,EGX:EXPA,2.68824143,2.71630211,2.63773132,2.66298601,174555.03636896
2014-10-22,EGX:EXPA,2.63773132,2.66579273,2.63773132,2.64895603,175361.69190653
2014-10-23,EGX:EXPA,2.64334404,2.74155753,2.64334404,2.69946541,127762.14418881
2014-10-26,EGX:EXPA,2.73594481,2.76961821,2.66579273,2.73875081,51614.96080252
2014-10-27,EGX:EXPA,2.7219141,2.76400622,2.70227141,2.7443628,150098.39479808
2014-10-28,EGX:EXPA,2.47217175,2.60405792,2.47217175,2.48058974,114884.51379263
2014-10-29,EGX:EXPA,2.47217175,2.52548785,2.41324366,2.49462044,384956.08585118
2014-10-30,EGX:EXPA,2.45533505,2.46094777,2.45533505,2.46094777,8191.60759701
2014-11-02,EGX:EXPA,2.45814104,2.49742644,2.44130434,2.45252905,47592.67671655
2014-11-03,EGX:EXPA,2.44691706,2.45814104,2.41324366,2.43288636,217879.4471576
2014-11-04,EGX:EXPA,2.43569235,2.49742644,2.41324366,2.43569235,158390.3190122
2014-11-05,EGX:EXPA,2.49462044,2.49462044,2.45533505,2.46936576,6266.35306868
2014-11-06,EGX:EXPA,2.50865115,2.51145715,2.43569235,2.46094777,51664.43201096
2014-11-09,EGX:EXPA,2.44130434,2.44130434,2.42727436,2.43569235,367050.25679748
2014-11-10,EGX:EXPA,2.43288636,2.43849835,2.41324366,2.42446837,111685.37564705
2014-11-11,EGX:EXPA,2.40201967,2.41324366,2.39921295,2.41043766,89632.21028606
2014-11-12,EGX:EXPA,2.41324366,2.41324366,2.37676426,2.38798897,238675.21930415
2014-11-13,EGX:EXPA,2.37676426,2.42727436,2.37395826,2.38798897,718518.45713757
2014-11-16,EGX:EXPA,2.37676426,2.48339646,2.37676426,2.46094777,271767.33514774
2014-11-17,EGX:EXPA,2.46936576,2.46936576,2.41885565,2.44411107,365887.68339922
2014-11-18,EGX:EXPA,2.43849835,2.44130434,2.42727436,2.43849835,1381243.01055995
2014-11-19,EGX:EXPA,2.41324366,2.55354854,2.41324366,2.45814104,1092336.65008928
2014-11-20,EGX:EXPA,2.51987513,2.51987513,2.41324366,2.43008036,1143259.01397368
2014-11-23,EGX:EXPA,2.43849835,2.49742644,2.43849835,2.46094777,314173.78017982
2014-11-24,EGX:EXPA,2.44972306,2.49462044,2.43288636,2.45814104,429363.36642449
2014-11-25,EGX:EXPA,2.44130434,2.70227141,2.43008036,2.58441595,2244268.24174199
2014-11-26,EGX:EXPA,2.75558751,2.7780362,2.61808862,2.69946541,212976.3007214
2014-11-27,EGX:EXPA,2.60967064,2.72752682,2.60967064,2.67982271,649106.22909987
2014-11-30,EGX:EXPA,2.66579273,2.69385342,2.62089462,2.65176203,139184.4965368
2014-12-01,EGX:EXPA,2.62650734,2.63492533,2.58160922,2.59563993,115111.2568313
2014-12-02,EGX:EXPA,2.63211933,2.68824143,2.44130434,2.48339646,1223945.18073406
2014-12-03,EGX:EXPA,2.52548785,2.52548785,2.44411107,2.48900845,76797.18009714
2014-12-04,EGX:EXPA,2.47217175,2.49742644,2.45252905,2.46936576,206802.01906843
2014-12-07,EGX:EXPA,2.52268113,2.59283393,2.52268113,2.53671184,582724.11257894
2014-12-08,EGX:EXPA,2.55074254,2.62089462,2.52829385,2.59283393,571689.28469703
2014-12-09,EGX:EXPA,2.57319124,2.67982271,2.56757924,2.59844593,1091652.29837257
2014-12-10,EGX:EXPA,2.63773132,2.75278151,2.63773132,2.70507813,938008.46696984
2014-12-11,EGX:EXPA,2.7219141,2.79206691,2.69385342,2.76400622,1073328.71244763
2014-12-14,EGX:EXPA,2.66018001,2.66859873,2.56757924,2.63211933,117062.62116409
2014-12-15,EGX:EXPA,2.65737402,2.66579273,2.63773132,2.65737402,35059.9705792
2014-12-16,EGX:EXPA,2.53671184,2.60967064,2.52548785,2.52829385,1179577.75196755
2014-12-17,EGX:EXPA,2.60967064,2.60967064,2.34309158,2.47497775,810905.93889352
2014-12-18,EGX:EXPA,2.52548785,2.55354854,2.42166164,2.50865115,338942.36520391
2014-12-21,EGX:EXPA,2.51145715,2.55354854,2.48900845,2.54793655,132110.11373032
2014-12-22,EGX:EXPA,2.55074254,2.55635453,2.55074254,2.55354854,109042.78859638
2014-12-23,EGX:EXPA,2.53109984,2.53109984,2.51145715,2.52268113,270644.61355627
2014-12-24,EGX:EXPA,2.52548785,2.52548785,2.50865115,2.52548785,154755.55939232
2014-12-25,EGX:EXPA,2.49181445,2.55916053,2.49181445,2.52548785,271051.37682564
2014-12-28,EGX:EXPA,2.52548785,2.59563993,2.52548785,2.57599723,432978.88724109
2014-12-29,EGX:EXPA,2.60125265,2.60967064,2.56196653,2.60405792,108291.10106818
2014-12-30,EGX:EXPA,2.58160922,2.59563993,2.57038524,2.58160922,89373.860642
2014-12-31,EGX:EXPA,2.56196653,2.66579273,2.52548785,2.55916053,742443.28321776
2015-01-04,EGX:EXPA,2.62370134,2.63773132,2.59844593,2.62370134,22384.34761747
2015-01-05,EGX:EXPA,2.63211933,2.66579273,2.62650734,2.64615004,62232.03181318
2015-01-06,EGX:EXPA,2.58441595,2.66579273,2.58441595,2.62650734,211165.10481252
2015-01-08,EGX:EXPA,2.69104742,2.70788413,2.67982271,2.70227141,81960.05037763
2015-01-11,EGX:EXPA,2.63773132,2.64334404,2.63773132,2.64053732,6406.52149258
2015-01-12,EGX:EXPA,2.64334404,2.66579273,2.64053732,2.65176203,13233.54825688
2015-01-13,EGX:EXPA,2.66298601,2.70788413,2.66298601,2.69665941,70485.47842073
2015-01-14,EGX:EXPA,2.70507813,2.70507813,2.64615004,2.66298601,102335.31725247
2015-01-15,EGX:EXPA,2.63773132,2.66579273,2.61528263,2.63211933,40554.02311616
2015-01-18,EGX:EXPA,2.69385342,2.69385342,2.60405792,2.61528263,128439.62490435
2015-01-19,EGX:EXPA,2.60967064,2.60967064,2.55354854,2.56757924,170747.12751956
2015-01-20,EGX:EXPA,2.58160922,2.58160922,2.56196653,2.56757924,37412.60138042
2015-01-21,EGX:EXPA,2.60967064,2.60967064,2.56757924,2.56757924,50497.73601198
2015-01-22,EGX:EXPA,2.56757924,2.57038524,2.55354854,2.56477325,35709.96729005
2015-01-26,EGX:EXPA,2.55916053,2.6854347,2.55916053,2.68262944,111002.39813057
2015-01-27,EGX:EXPA,2.66579273,2.6854347,2.64334404,2.66859873,218659.99289071
2015-01-28,EGX:EXPA,2.62370134,2.66579273,2.62370134,2.65176203,28408.8414449
2015-01-29,EGX:EXPA,2.66298601,2.68262944,2.63773132,2.65176203,106628.31878461
2015-02-01,EGX:EXPA,2.63773132,2.66579273,2.62931333,2.64053732,49876.59750605
2015-02-02,EGX:EXPA,2.59563993,2.66298601,2.59563993,2.64334404,33028.90263282
2015-02-03,EGX:EXPA,2.65176203,2.66018001,2.63773132,2.64334404,99063.34649446
2015-02-04,EGX:EXPA,2.66579273,2.66859873,2.66298601,2.66579273,83615.96166003
2015-02-05,EGX:EXPA,2.64334404,2.64334404,2.63211933,2.63492533,34026.57200296
2015-02-08,EGX:EXPA,2.66298601,2.66298601,2.61247663,2.64615004,8900.69491794
2015-02-09,EGX:EXPA,2.63773132,2.63773132,2.59563993,2.60125265,17812.38343776
2015-02-10,EGX:EXPA,2.62931333,2.62931333,2.60967064,2.62370134,16565.9838252
2015-02-11,EGX:EXPA,2.59563993,2.62370134,2.59563993,2.62370134,931.7077589
2015-02-12,EGX:EXPA,2.62931333,2.80609761,2.62931333,2.75558751,538167.04418008
2015-02-15,EGX:EXPA,2.80329089,2.80609761,2.73313881,2.7808422,71481.77359064
2015-02-16,EGX:EXPA,2.7219141,2.72472083,2.67982271,2.70507813,64050.09872323
2015-02-17,EGX:EXPA,2.61247663,2.69946541,2.60967064,2.64615004,79639.0261818
2015-02-18,EGX:EXPA,2.70227141,2.70227141,2.63492533,2.68824143,18294.72772002
2015-02-19,EGX:EXPA,2.63773132,2.70227141,2.63773132,2.66579273,813992.39261989
2015-02-22,EGX:EXPA,2.68824143,2.73594481,2.68824143,2.71069012,108141.31324264
2015-02-23,EGX:EXPA,2.73594481,2.74997552,2.73313881,2.7443628,87099.55925413
2015-02-24,EGX:EXPA,2.67982271,2.68262944,2.66859873,2.67982271,22090.26876732
2015-02-25,EGX:EXPA,2.67140473,2.69385342,2.66579273,2.66859873,76162.29958887
2015-02-26,EGX:EXPA,2.66579273,2.66859873,2.64334404,2.65456802,63662.57425714
2015-03-01,EGX:EXPA,2.66579273,2.69104742,2.61528263,2.66298601,61904.9721574
2015-03-02,EGX:EXPA,2.62650734,2.67982271,2.62650734,2.67982271,74088.63143522
2015-03-03,EGX:EXPA,2.67982271,2.67982271,2.67982271,2.67982271,0.0
2015-03-04,EGX:EXPA,2.65176203,2.66579273,2.64053732,2.66298601,87636.87154577
2015-03-05,EGX:EXPA,2.66579273,2.73594481,2.66579273,2.68824143,280938.74751186
2015-03-08,EGX:EXPA,2.74716952,2.74716952,2.70788413,2.71349612,26186.75966594
2015-03-09,EGX:EXPA,2.66859873,2.73033282,2.66859873,2.70788413,34871.70514709
2015-03-10,EGX:EXPA,2.70788413,2.7219141,2.69385342,2.70788413,155154.07746029
2015-03-11,EGX:EXPA,2.69665941,2.73594481,2.69665941,2.7219141,166015.75611266
2015-03-12,EGX:EXPA,2.73033282,2.7780362,2.73033282,2.74997552,152475.76120352
2015-03-15,EGX:EXPA,2.7780362,3.02497256,2.7780362,2.95762648,1536772.24468421
2015-03-16,EGX:EXPA,2.97446318,3.01655457,2.94920849,2.99129988,311626.01294532
2015-03-17,EGX:EXPA,3.00252387,3.04742198,2.9464025,3.01655457,284930.79919267
2015-03-18,EGX:EXPA,2.9464025,3.00252387,2.89589239,2.95482048,131989.1841097
2015-03-19,EGX:EXPA,2.90431038,2.90431038,2.90431038,2.90431038,19598.84374243
2015-03-22,EGX:EXPA,2.89869838,2.89869838,2.8173216,2.8706377,123447.15545292
2015-03-23,EGX:EXPA,2.83977029,2.9464025,2.82293359,2.88466768,186770.30225218
2015-03-24,EGX:EXPA,2.80609761,2.86502571,2.80609761,2.83977029,440108.23805694
2015-03-25,EGX:EXPA,2.8341583,2.8341583,2.79206691,2.80890361,274398.92859654
2015-03-26,EGX:EXPA,2.8341583,2.87624969,2.7808422,2.80609761,301055.66474264
2015-03-29,EGX:EXPA,2.79206691,2.89869838,2.7780362,2.80609761,1013600.47346145
2015-03-30,EGX:EXPA,2.81170961,2.89308639,2.81170961,2.88186168,363958.30627018
2015-03-31,EGX:EXPA,2.82012759,3.15405346,2.82012759,2.98849389,1708934.79844516
2015-04-01,EGX:EXPA,3.01655457,3.03058528,2.97446318,2.99129988,39611.32175539
2015-04-02,EGX:EXPA,2.9267598,3.02777928,2.91834108,2.96043247,54344.12246796
2015-04-05,EGX:EXPA,2.89308639,2.89308639,2.80609761,2.82854631,150790.9917162
2015-04-06,EGX:EXPA,2.7780362,2.87624969,2.7780362,2.7976789,406833.35358217
2015-04-07,EGX:EXPA,2.8341583,2.84538301,2.8145156,2.8313523,113014.22727367
2015-04-08,EGX:EXPA,2.80890361,2.84818901,2.80890361,2.83977029,48939.39294622
2015-04-09,EGX:EXPA,2.8145156,2.8341583,2.81170961,2.8341583,348545.27644161
2015-04-14,EGX:EXPA,2.8341583,2.8341583,2.82574031,2.8341583,21375.68464545
2015-04-15,EGX:EXPA,2.8341583,2.8341583,2.78364819,2.82012759,71432.30238221
2015-04-16,EGX:EXPA,2.80609761,2.8874744,2.80609761,2.8313523,272172.72421688
2015-04-19,EGX:EXPA,2.86221899,2.8902804,2.84818901,2.88466768,264235.34366322
2015-04-20,EGX:EXPA,2.80609761,2.90431038,2.80609761,2.86221899,98340.51717119
2015-04-21,EGX:EXPA,2.91834108,3.01655457,2.8902804,2.99971787,788752.45691542
2015-04-22,EGX:EXPA,3.00813658,3.01655457,2.97446318,3.00532986,227699.48203233
2015-04-23,EGX:EXPA,2.95482048,2.95482048,2.93517778,2.9464025,8976.27593083
2015-04-26,EGX:EXPA,2.87905569,2.9464025,2.87905569,2.92956579,235127.03429903
2015-04-27,EGX:EXPA,2.9464025,2.9464025,2.90431038,2.9071171,82010.8957863
2015-04-28,EGX:EXPA,2.8678317,2.97165718,2.8678317,2.93517778,145165.01595673
2015-04-29,EGX:EXPA,2.97726918,2.98849389,2.96323847,2.97165718,47676.50293085
2015-04-30,EGX:EXPA,2.8678317,2.97446318,2.8678317,2.94920849,427894.34637396
2015-05-03,EGX:EXPA,2.91834108,2.91834108,2.8369643,2.8902804,59151.07488774
2015-05-04,EGX:EXPA,2.91834108,3.00252387,2.8369643,2.92395307,1066865.84874544
2015-05-05,EGX:EXPA,2.94920849,2.94920849,2.91834108,2.94359577,400451.56769381
2015-05-06,EGX:EXPA,2.91834108,2.96043247,2.91834108,2.93798378,358589.30595454
2015-05-07,EGX:EXPA,2.92114708,2.92114708,2.92114708,2.92114708,5910.43520798
2015-05-10,EGX:EXPA,2.91834108,2.94920849,2.91834108,2.94359577,22266.16639732
2015-05-11,EGX:EXPA,2.91834108,2.93237179,2.91834108,2.92395307,51066.65490901
2015-05-12,EGX:EXPA,2.91834108,2.91834108,2.91834108,2.91834108,4154.20730847
2015-05-13,EGX:EXPA,2.93237179,2.93237179,2.8706377,2.87905569,68237.28683732
2015-05-14,EGX:EXPA,2.86221899,2.87624969,2.82012759,2.84257629,90636.75065737
2015-05-17,EGX:EXPA,2.8341583,2.87624969,2.80609761,2.80890361,73330.07290586
2015-05-18,EGX:EXPA,2.87624969,2.97446318,2.87624969,2.93517778,381670.37309083
2015-05-19,EGX:EXPA,2.90150438,2.91834108,2.86502571,2.89308639,47415.40488632
2015-05-20,EGX:EXPA,2.90150438,2.94078978,2.90150438,2.92114708,23302.31337402
2015-05-21,EGX:EXPA,2.8706377,2.92956579,2.86502571,2.89589239,43384.87559894
2015-05-24,EGX:EXPA,2.87624969,2.9464025,2.87624969,2.92114708,154124.80148475
2015-05-25,EGX:EXPA,2.94078978,2.94078978,2.9071171,2.91553509,42132.97918544
2015-05-26,EGX:EXPA,2.9071171,2.91834108,2.87624969,2.9071171,80177.71267367
2015-05-27,EGX:EXPA,2.91834108,2.91834108,2.90431038,2.90431038,106941.63643804
2015-05-28,EGX:EXPA,2.87905569,2.8902804,2.8341583,2.85660699,233633.27864429
2015-06-02,EGX:EXPA,2.87624969,2.87624969,2.86221899,2.87624969,80606.46314679
2015-06-03,EGX:EXPA,2.86221899,2.86221899,2.850995,2.86221899,30368.4509791
2015-06-07,EGX:EXPA,2.850995,2.87624969,2.8369643,2.84818901,47401.66288397
2015-06-08,EGX:EXPA,2.82854631,2.8341583,2.80609761,2.82574031,64138.04753823
2015-06-09,EGX:EXPA,2.80890361,2.80890361,2.7780362,2.80329089,192100.82496126
2015-06-10,EGX:EXPA,2.80609761,2.81170961,2.78364819,2.78364819,522637.20733159
2015-06-11,EGX:EXPA,2.80609761,2.8341583,2.7780362,2.80609761,319990.76977187
2015-06-14,EGX:EXPA,2.80609761,2.80609761,2.80609761,2.80609761,113853.86361687
2015-06-15,EGX:EXPA,2.7808422,2.7808422,2.7780362,2.7780362,48514.76507381
2015-06-16,EGX:EXPA,2.80609761,2.80609761,2.7780362,2.7808422,99802.66622055
2015-06-17,EGX:EXPA,2.8004849,2.80609761,2.8004849,2.80609761,239830.92170125
2015-06-18,EGX:EXPA,2.80609761,2.80609761,2.80609761,2.80609761,12465.37032587
2015-06-21,EGX:EXPA,2.80609761,2.80609761,2.80609761,2.80609761,4538.98337409
2015-06-22,EGX:EXPA,2.7780362,2.7780362,2.74997552,2.75558751,102097.58061193
2015-06-23,EGX:EXPA,2.7219141,2.74997552,2.7219141,2.74716952,39435.4241254
2015-06-24,EGX:EXPA,2.7583935,2.7780362,2.75558751,2.76400622,15553.19825247
2015-06-25,EGX:EXPA,2.7976789,2.80609761,2.7976789,2.80329089,4448.28615862
2015-06-28,EGX:EXPA,2.80609761,2.8341583,2.80609761,2.8145156,61456.982881
2015-06-29,EGX:EXPA,2.7976789,2.7976789,2.7808422,2.78364819,58796.53122728
2015-07-02,EGX:EXPA,2.80609761,2.80609761,2.80609761,2.80609761,23868.48387058
2015-07-05,EGX:EXPA,2.7976789,2.80609761,2.79206691,2.7976789,32517.70014563
2015-07-06,EGX:EXPA,2.74997552,2.74997552,2.7219141,2.74155753,96211.88100817
2015-07-07,EGX:EXPA,2.74716952,2.74997552,2.7219141,2.74155753,89601.9778809
2015-07-08,EGX:EXPA,2.74997552,2.78926091,2.73594481,2.75278151,315023.03592466
2015-07-09,EGX:EXPA,2.74997552,2.74997552,2.73313881,2.74997552,42153.59218896
2015-07-12,EGX:EXPA,2.74997552,2.74997552,2.7219141,2.72472083,90155.78057535
2015-07-13,EGX:EXPA,2.7583935,2.7583935,2.72472083,2.7583935,1785569.82291465
2015-07-14,EGX:EXPA,2.74997552,2.76400622,2.74997552,2.75278151,178174.67978627
2015-07-15,EGX:EXPA,2.76400622,2.76400622,2.74997552,2.74997552,403172.48415784
2015-07-16,EGX:EXPA,2.74997552,2.75278151,2.74997552,2.74997552,217019.19781089
2015-07-21,EGX:EXPA,2.74997552,2.74997552,2.73875081,2.7443628,200982.28107592
2015-07-22,EGX:EXPA,2.74997552,2.74997552,2.73594481,2.74716952,275252.30694208
2015-07-26,EGX:EXPA,2.72472083,2.74997552,2.72472083,2.74155753,181173.18469764
2015-07-27,EGX:EXPA,2.74997552,2.74997552,2.69946541,2.73875081,134623.52595897
2015-07-28,EGX:EXPA,2.74716952,2.74997552,2.74716952,2.74997552,81139.65283772
2015-07-29,EGX:EXPA,2.74997552,2.80609761,2.74997552,2.78364819,29570.04064293
2015-07-30,EGX:EXPA,2.80609761,2.91553509,2.80609761,2.8678317,62324.10322888
2015-08-02,EGX:EXPA,2.8341583,2.853801,2.78364819,2.80609761,411124.98091408
2015-08-03,EGX:EXPA,2.7948729,2.80890361,2.7948729,2.80890361,258683.57471641
2015-08-04,EGX:EXPA,2.80609761,2.84818901,2.80609761,2.8341583,236964.34001237
2015-08-05,EGX:EXPA,2.80609761,2.80609761,2.78926091,2.8004849,185306.77900259
2015-08-09,EGX:EXPA,2.78364819,2.80609761,2.7780362,2.78926091,86074.4058793
2015-08-10,EGX:EXPA,2.7808422,2.80609761,2.7780362,2.80329089,180174.14112726
2015-08-11,EGX:EXPA,2.80609761,2.80609761,2.7780362,2.7976789,78536.91759384
2015-08-12,EGX:EXPA,2.77242421,2.79206691,2.75558751,2.77242421,97753.73367112
2015-08-13,EGX:EXPA,2.7780362,2.7780362,2.7611995,2.7611995,110377.13702394
2015-08-16,EGX:EXPA,2.73594481,2.76400622,2.73594481,2.75558751,15566.94025482
2015-08-17,EGX:EXPA,2.7780362,2.78926091,2.7780362,2.7780362,10415.06357621
2015-08-18,EGX:EXPA,2.72472083,2.72472083,2.7219141,2.7219141,3379.15837629
2015-08-19,EGX:EXPA,2.76681149,2.76681149,2.74997552,2.76400622,284466.31951346
2015-08-20,EGX:EXPA,2.74997552,2.76400622,2.72752682,2.75278151,42952.00252512
2015-08-23,EGX:EXPA,2.72472083,2.72472083,2.55354854,2.63773132,59868.40741008
2015-08-24,EGX:EXPA,2.58160922,2.63773132,2.52829385,2.62089462,607316.79997302
2015-08-25,EGX:EXPA,2.58160922,2.58160922,2.53951783,2.58160922,251451.15888298
2015-08-26,EGX:EXPA,2.58160922,2.58160922,2.52548785,2.58160922,76652.88907254
2015-08-27,EGX:EXPA,2.58160922,2.60967064,2.58160922,2.59844593,185684.68406704
2015-08-30,EGX:EXPA,2.60967064,2.62931333,2.60967064,2.62089462,12113.57506587
2015-08-31,EGX:EXPA,2.63211933,2.67421072,2.58160922,2.66298601,114957.34640506
2015-09-01,EGX:EXPA,2.63773132,2.67982271,2.63773132,2.65737402,37348.0139694
2015-09-02,EGX:EXPA,2.66579273,2.67421072,2.66579273,2.66579273,136339.90205168
2015-09-03,EGX:EXPA,2.66579273,2.74716952,2.66579273,2.73033282,177282.82383417
2015-09-06,EGX:EXPA,2.74716952,2.7808422,2.74716952,2.77523021,382165.0851752
2015-09-07,EGX:EXPA,2.70788413,2.80609761,2.70788413,2.80329089,220970.02348467
2015-09-08,EGX:EXPA,2.8004849,2.80329089,2.8004849,2.80329089,10685.78102237
2015-09-09,EGX:EXPA,2.8004849,2.80329089,2.79206691,2.7976789,65924.5078429
2015-09-10,EGX:EXPA,2.7948729,2.80329089,2.7948729,2.80329089,3557.80440676
2015-09-13,EGX:EXPA,2.80329089,2.80609761,2.80329089,2.80609761,266897.16951718
2015-09-14,EGX:EXPA,2.80609761,2.80609761,2.80609761,2.80609761,6056.10043282
2015-09-15,EGX:EXPA,2.80609761,2.80609761,2.7780362,2.80609761,21368.81364428
2015-09-16,EGX:EXPA,2.80609761,2.80609761,2.79206691,2.79206691,273156.65158468
2015-09-17,EGX:EXPA,2.66859873,2.79206691,2.66579273,2.73875081,38544.94237353
2015-09-20,EGX:EXPA,2.80329089,2.8313523,2.80329089,2.80609761,198250.37101001
2015-09-21,EGX:EXPA,2.81170961,2.81170961,2.79206691,2.80890361,25766.25439423
2015-09-22,EGX:EXPA,2.7808422,2.84818901,2.7780362,2.8313523,208503.27895857
2015-09-28,EGX:EXPA,2.7780362,2.8313523,2.7780362,2.8313523,52.21960891
2015-09-29,EGX:EXPA,2.7976789,2.80609761,2.7976789,2.80609761,40121.15004234
2015-09-30,EGX:EXPA,2.7808422,2.80609761,2.7808422,2.80609761,45.34860773
2015-10-01,EGX:EXPA,2.8341583,2.8341583,2.80609761,2.80609761,850.62994507
2015-10-04,EGX:EXPA,2.8341583,2.8341583,2.8341583,2.8341583,4090.99409769
2015-10-05,EGX:EXPA,2.8341583,2.8341583,2.80609761,2.8173216,26537.1807257
2015-10-07,EGX:EXPA,2.8341583,2.86221899,2.82012759,2.84538301,46519.42633352
2015-10-08,EGX:EXPA,2.86221899,2.8734437,2.86221899,2.86502571,43825.99387417
2015-10-11,EGX:EXPA,2.84818901,2.84818901,2.84818901,2.84818901,4235.28512229
2015-10-12,EGX:EXPA,2.8341583,2.94078978,2.8341583,2.9071171,40052.44003062
2015-10-13,EGX:EXPA,2.91834108,3.05022798,2.91834108,2.96604519,229719.55637683
2015-10-15,EGX:EXPA,2.9464025,2.9464025,2.8902804,2.9071171,26333.79909102
2015-10-18,EGX:EXPA,2.8902804,2.9464025,2.8902804,2.9464025,76683.12147769
2015-10-19,EGX:EXPA,2.92395307,2.94920849,2.92395307,2.9464025,29455.98202348
2015-10-20,EGX:EXPA,2.97446318,2.97446318,2.96043247,2.96043247,10934.51126479
2015-10-21,EGX:EXPA,2.9464025,2.9464025,2.9071171,2.94078978,78940.93246274
2015-10-22,EGX:EXPA,2.9464025,2.9464025,2.90150438,2.94359577,187084.99410585
2015-10-25,EGX:EXPA,2.9464025,2.9464025,2.9464025,2.9464025,101556.14571959
2015-10-26,EGX:EXPA,2.9071171,2.91834108,2.9071171,2.91553509,4376.82774643
2015-10-27,EGX:EXPA,2.91834108,2.9464025,2.90431038,2.9267598,74627.31792709
2015-10-28,EGX:EXPA,2.9071171,2.9071171,2.8902804,2.89308639,62803.69911067
2015-10-29,EGX:EXPA,2.8902804,2.9464025,2.8902804,2.91834108,86046.92187461
2015-11-01,EGX:EXPA,2.87624969,2.89308639,2.80609761,2.8874744,94073.6254435
2015-11-02,EGX:EXPA,2.8902804,2.8902804,2.8902804,2.8902804,45877.67482407
2015-11-03,EGX:EXPA,2.86221899,2.86221899,2.86221899,2.86221899,33847.92597249
2015-11-04,EGX:EXPA,2.80609761,2.89869838,2.80609761,2.8369643,44220.38934143
2015-11-05,EGX:EXPA,2.84818901,2.853801,2.84538301,2.84818901,50830.2924687
2015-11-08,EGX:EXPA,2.8902804,2.9464025,2.80609761,2.84818901,125078.33113111
2015-11-09,EGX:EXPA,2.80890361,2.82012759,2.80609761,2.80609761,87704.20735725
2015-11-10,EGX:EXPA,2.80609761,2.80609761,2.66579273,2.71069012,142184.37564841
2015-11-11,EGX:EXPA,2.62650734,2.80609761,2.62650734,2.69946541,117711.24367471
2015-11-12,EGX:EXPA,2.67421072,2.74997552,2.66579273,2.73313881,39908.14900602
2015-11-15,EGX:EXPA,2.61808862,2.63773132,2.51145715,2.57880323,78394.00076947
2015-11-16,EGX:EXPA,2.69385342,2.69385342,2.57880323,2.57880323,1419.54884209
2015-11-17,EGX:EXPA,2.63773132,2.63773132,2.58160922,2.60405792,42045.03037044
2015-11-18,EGX:EXPA,2.60405792,2.60405792,2.60405792,2.60405792,0.0
2015-11-19,EGX:EXPA,2.66579273,2.66579273,2.60405792,2.60405792,350.42105976
2015-11-22,EGX:EXPA,2.63773132,2.7219141,2.63773132,2.69665941,12354.06010689
2015-11-23,EGX:EXPA,2.65737402,2.65737402,2.56757924,2.62089462,106970.49464296
2015-11-24,EGX:EXPA,2.55354854,2.56757924,2.55354854,2.55354854,43648.72204394
2015-11-25,EGX:EXPA,2.55354854,2.58441595,2.54512982,2.56757924,50883.88627784
2015-11-26,EGX:EXPA,2.57599723,2.65176203,2.57599723,2.60405792,99728.45940789
2015-11-29,EGX:EXPA,2.59844593,2.66579273,2.59844593,2.66579273,7240.66103484
2015-11-30,EGX:EXPA,2.59563993,2.59844593,2.58160922,2.59283393,101675.70113998
2015-12-01,EGX:EXPA,2.60967064,2.63492533,2.59002794,2.59283393,89441.19645348
2015-12-02,EGX:EXPA,2.60967064,2.66579273,2.60967064,2.63492533,74110.61863897
2015-12-03,EGX:EXPA,2.65176203,2.70788413,2.65176203,2.6854347,180262.08994226
2015-12-06,EGX:EXPA,2.67421072,2.69104742,2.61247663,2.66579273,251015.53740869
2015-12-07,EGX:EXPA,2.46936576,2.49462044,2.38518297,2.40482494,311389.65050501
2015-12-08,EGX:EXPA,2.33747886,2.33747886,2.30661218,2.32064289,42936.88632254
2015-12-09,EGX:EXPA,2.32906087,2.32906087,2.32906087,2.32906087,13179.95444774
2015-12-10,EGX:EXPA,2.30661218,2.38518297,2.30661218,2.36554027,68464.02987599
2015-12-13,EGX:EXPA,2.36554027,2.36554027,2.36554027,2.36554027,0.0
2015-12-14,EGX:EXPA,2.31503017,2.32064289,2.31503017,2.32064289,19354.23610071
2015-12-15,EGX:EXPA,2.38518297,2.38518297,2.36834627,2.37115227,57370.11138401
2015-12-16,EGX:EXPA,2.36554027,2.36554027,2.32906087,2.35150957,32928.58601571
2015-12-17,EGX:EXPA,2.37115227,2.38518297,2.34028486,2.37395826,14260.07583194
2015-12-20,EGX:EXPA,2.37395826,2.38518297,2.37395826,2.38518297,38481.72916275
2015-12-21,EGX:EXPA,2.30380619,2.38237625,2.30099946,2.33747886,56355.95161106
2015-12-22,EGX:EXPA,2.35712156,2.35712156,2.33467287,2.35712156,18715.23299173
2015-12-24,EGX:EXPA,2.31503017,2.35992756,2.31503017,2.35431556,33397.18829562
2015-12-27,EGX:EXPA,2.38237625,2.38518297,2.30941818,2.37957025,56551.08804434
2015-12-28,EGX:EXPA,2.32906087,2.33747886,2.32906087,2.32906087,8952.91452685
2015-12-29,EGX:EXPA,2.33186687,2.33186687,2.32906087,2.32906087,1119.973191
2015-12-30,EGX:EXPA,2.38518297,2.38518297,2.35712156,2.36834627,16921.90168589
2015-12-31,EGX:EXPA,2.37957025,2.37957025,2.31503017,2.34309158,96519.70186066
2016-01-03,EGX:EXPA,2.30661218,2.39921295,2.30661218,2.37676426,75197.61102435
2016-01-04,EGX:EXPA,2.34309158,2.38518297,2.34309158,2.35992756,31711.04460806
2016-01-05,EGX:EXPA,2.38237625,2.49742644,2.38237625,2.46375304,103802.96310276
2016-01-06,EGX:EXPA,2.41604965,2.46936576,2.41324366,2.43569235,101201.60205912
2016-01-10,EGX:EXPA,2.42727436,2.45533505,2.41324366,2.43849835,142677.71353254
2016-01-11,EGX:EXPA,2.42727436,2.44130434,2.38518297,2.42446837,142334.16347395
2016-01-12,EGX:EXPA,2.44130434,2.44691706,2.40763167,2.43849835,101264.8152699
2016-01-13,EGX:EXPA,2.41324366,2.44130434,2.38518297,2.39921295,362856.19768222
2016-01-14,EGX:EXPA,2.35712156,2.38518297,2.35712156,2.38237625,381006.63437763
2016-01-17,EGX:EXPA,2.30661218,2.42727436,2.30661218,2.38237625,2642.58705067
2016-01-18,EGX:EXPA,2.38518297,2.38798897,2.32906087,2.37115227,44488.35838713
2016-01-19,EGX:EXPA,2.37115227,2.37115227,2.37115227,2.37115227,0.0
2016-01-20,EGX:EXPA,2.41324366,2.41324366,2.40201967,2.41043766,58366.40655392
2016-01-21,EGX:EXPA,2.41324366,2.41324366,2.41324366,2.41324366,13357.22627797
2016-01-24,EGX:EXPA,2.43569235,2.43569235,2.43569235,2.43569235,21375.68464545
2016-01-26,EGX:EXPA,2.43569235,2.43569235,2.43569235,2.43569235,0.0
2016-01-27,EGX:EXPA,2.38518297,2.40201967,2.38518297,2.39921295,28502.28706084
2016-01-28,EGX:EXPA,2.38518297,2.38518297,2.37115227,2.37115227,37822.11305026
2016-01-31,EGX:EXPA,2.35992756,2.37115227,2.35992756,2.37115227,706.33892046
2016-02-01,EGX:EXPA,2.43849835,2.44130434,2.35712156,2.37957025,127076.41827187
2016-02-02,EGX:EXPA,2.41324366,2.41324366,2.38518297,2.40201967,41291.96864201
2016-02-03,EGX:EXPA,2.38798897,2.38798897,2.38518297,2.38518297,8900.69491794
2016-02-04,EGX:EXPA,2.38518297,2.44130434,2.38518297,2.39921295,53556.70573367
2016-02-07,EGX:EXPA,2.39921295,2.39921295,2.36554027,2.38798897,58704.45981158
2016-02-08,EGX:EXPA,2.42446837,2.42446837,2.42446837,2.42446837,8900.69491794
2016-02-09,EGX:EXPA,2.38518297,2.38518297,2.33747886,2.36834627,192816.78328336
2016-02-10,EGX:EXPA,2.33467287,2.38518297,2.33467287,2.38237625,45656.42858634
2016-02-11,EGX:EXPA,2.38518297,2.45533505,2.30661218,2.37676426,25190.46449603
2016-02-14,EGX:EXPA,2.37676426,2.37676426,2.37676426,2.37676426,0.0
2016-02-15,EGX:EXPA,2.34309158,2.41043766,2.34309158,2.38237625,27477.13368601
2016-02-16,EGX:EXPA,2.40482494,2.40482494,2.39921295,2.40482494,48458.4228642
2016-02-17,EGX:EXPA,2.40201967,2.40482494,2.40201967,2.40482494,911.09475538
2016-02-18,EGX:EXPA,2.43849835,2.48339646,2.43849835,2.44972306,10685.78102237
2016-02-21,EGX:EXPA,2.43849835,2.44130434,2.38518297,2.40763167,99919.47324047
2016-02-22,EGX:EXPA,2.38518297,2.38518297,2.37115227,2.37676426,40137.64044515
2016-02-23,EGX:EXPA,2.38518297,2.38518297,2.35712156,2.36554027,102882.24894574
2016-02-24,EGX:EXPA,2.36273428,2.38237625,2.36273428,2.36554027,23689.83784011
2016-02-25,EGX:EXPA,2.36554027,2.39921295,2.35712156,2.35712156,258235.58544001
2016-02-28,EGX:EXPA,2.39921295,2.39921295,2.38518297,2.38798897,137194.65459745
2016-02-29,EGX:EXPA,2.39921295,2.39921295,2.37395826,2.38518297,356360.35317441
2016-03-01,EGX:EXPA,2.37676426,2.37676426,2.37115227,2.37395826,7123.85401492
2016-03-02,EGX:EXPA,2.39921295,2.41324366,2.39921295,2.40763167,112149.85532626
2016-03-03,EGX:EXPA,2.41324366,2.42166164,2.41324366,2.41324366,189301.57908387
2016-03-06,EGX:EXPA,2.39921295,2.39921295,2.39921295,2.39921295,160358.1737478
2016-03-07,EGX:EXPA,2.39921295,2.39921295,2.39921295,2.39921295,249453.07174223
2016-03-08,EGX:EXPA,2.39921295,2.41885565,2.39921295,2.39921295,95666.32351513
2016-03-09,EGX:EXPA,2.39921295,2.39921295,2.39640696,2.39921295,80713.65076507
2016-03-10,EGX:EXPA,2.39921295,2.39921295,2.39360096,2.39921295,103786.47269995
2016-03-13,EGX:EXPA,2.43569235,2.45252905,2.39079496,2.41885565,54133.8698321
2016-03-14,EGX:EXPA,2.44130434,2.44130434,2.44130434,2.44130434,146969.34086445
2016-03-15,EGX:EXPA,2.44130434,2.44130434,2.40201967,2.42727436,171556.53145759
2016-03-16,EGX:EXPA,2.36273428,2.44411107,2.36273428,2.41885565,53804.06177585
2016-03-17,EGX:EXPA,2.43849835,2.44130434,2.41324366,2.43288636,249373.36812863
2016-03-20,EGX:EXPA,2.43008036,2.43288636,2.38798897,2.41885565,44770.06943518
2016-03-21,EGX:EXPA,2.41885565,2.44130434,2.41324366,2.42166164,72926.05803696
2016-03-22,EGX:EXPA,2.43849835,2.44130434,2.39079496,2.41604965,48949.01234786
2016-03-23,EGX:EXPA,2.40763167,2.42727436,2.39921295,2.41885565,24095.22690925
2016-03-24,EGX:EXPA,2.42166164,2.44130434,2.41324366,2.41885565,162378.24809231
2016-03-27,EGX:EXPA,2.41604965,2.42727436,2.41324366,2.41604965,167203.06511515
2016-03-28,EGX:EXPA,2.41885565,2.44972306,2.41885565,2.42727436,59151.07488774
2016-03-29,EGX:EXPA,2.44972306,2.51145715,2.44130434,2.48058974,187247.1497335
2016-03-30,EGX:EXPA,2.44411107,2.44411107,2.44130434,2.44130434,89083.90439255
2016-03-31,EGX:EXPA,2.49742644,2.49742644,2.44130434,2.44411107,182447.06831489
2016-04-03,EGX:EXPA,2.39921295,2.42727436,2.39921295,2.42166164,11169.49950487
2016-04-04,EGX:EXPA,2.43288636,2.46936576,2.43288636,2.44691706,76780.68969433
2016-04-05,EGX:EXPA,2.44691706,2.48058974,2.41885565,2.43849835,53285.9882875
2016-04-06,EGX:EXPA,2.41885565,2.41885565,2.38798897,2.40763167,670252.42230619
2016-04-07,EGX:EXPA,2.39079496,2.41324366,2.38798897,2.39640696,24940.36005338
2016-04-10,EGX:EXPA,2.44130434,2.44130434,2.39360096,2.40482494,32192.01469009
2016-04-11,EGX:EXPA,2.41324366,2.41885565,2.41324366,2.41604965,52201.74430259
2016-04-12,EGX:EXPA,2.41324366,2.41885565,2.41324366,2.41604965,82251.38082732
2016-04-13,EGX:EXPA,2.44972306,2.45533505,2.44130434,2.44972306,53867.27498663
2016-04-14,EGX:EXPA,2.46375304,2.52548785,2.45814104,2.51987513,1126141.9758545
2016-04-17,EGX:EXPA,2.52548785,2.58160922,2.52548785,2.55354854,118673.18383876
2016-04-18,EGX:EXPA,2.60967064,2.60967064,2.55354854,2.58160922,130627.35167745
2016-04-19,EGX:EXPA,2.59563993,2.64895603,2.58441595,2.62650734,92632.08939766
2016-04-20,EGX:EXPA,2.55074254,2.56757924,2.55074254,2.55916053,183062.71001988
2016-04-21,EGX:EXPA,2.54232456,2.55635453,2.54232456,2.55354854,196117.61224629
2016-04-24,EGX:EXPA,2.55354854,2.55354854,2.55354854,2.55354854,0.0
2016-04-26,EGX:EXPA,2.55354854,2.56757924,2.52829385,2.53390584,129879.78674996
2016-04-27,EGX:EXPA,2.52829385,2.55916053,2.52829385,2.55074254,63883.82049487
2016-04-28,EGX:EXPA,2.53951783,2.56757924,2.52829385,2.54232456,74226.05145866
2016-05-03,EGX:EXPA,2.52829385,2.52829385,2.52548785,2.52548785,45439.30494931
2016-05-04,EGX:EXPA,2.52548785,2.58160922,2.52548785,2.57038524,129167.95102856
2016-05-05,EGX:EXPA,2.60967064,2.66579273,2.56196653,2.62650734,209708.4525641
2016-05-08,EGX:EXPA,2.55916053,2.69385342,2.55916053,2.68262944,79776.44620523
2016-05-09,EGX:EXPA,2.61528263,2.65176203,2.60967064,2.63211933,59295.36591235
2016-05-10,EGX:EXPA,2.61247663,2.61247663,2.60967064,2.60967064,75212.72722693
2016-05-11,EGX:EXPA,2.55635453,2.60967064,2.55354854,2.55635453,67726.08435014
2016-05-12,EGX:EXPA,2.57599723,2.59563993,2.56477325,2.59002794,65924.5078429
2016-05-15,EGX:EXPA,2.56757924,2.66298601,2.52829385,2.59002794,2487.30242419
2016-05-16,EGX:EXPA,2.55916053,2.58160922,2.53951783,2.55916053,58179.51532205
2016-05-17,EGX:EXPA,2.66018001,2.66018001,2.56196653,2.62370134,55054.58398912
2016-05-18,EGX:EXPA,2.62931333,2.62931333,2.58160922,2.59844593,37412.60138042
2016-05-19,EGX:EXPA,2.59563993,2.60967064,2.58160922,2.60405792,113627.1205782
2016-05-22,EGX:EXPA,2.60686464,2.60967064,2.60686464,2.60967064,35630.26367646
2016-05-23,EGX:EXPA,2.53390584,2.60686464,2.53390584,2.58441595,41755.07412099
2016-05-24,EGX:EXPA,2.49181445,2.60967064,2.49181445,2.60686464,55391.26304654
2016-05-25,EGX:EXPA,2.60686464,2.60967064,2.58441595,2.60405792,32285.46030603
2016-05-26,EGX:EXPA,2.58722194,2.58722194,2.53671184,2.57319124,101556.14571959
2016-05-29,EGX:EXPA,2.53109984,2.56757924,2.53109984,2.55635453,48452.92606326
2016-05-30,EGX:EXPA,2.56757924,2.56757924,2.55635453,2.55635453,3557.80440676
2016-05-31,EGX:EXPA,2.56757924,2.56757924,2.53109984,2.55074254,53776.57777117
2016-06-01,EGX:EXPA,2.55354854,2.55354854,2.55354854,2.55354854,94752.48035928
2016-06-02,EGX:EXPA,2.55354854,2.55354854,2.55354854,2.55354854,1004.54037132
2016-06-05,EGX:EXPA,2.55354854,2.55354854,2.55354854,2.55354854,0.0
2016-06-06,EGX:EXPA,2.58160922,2.60125265,2.58160922,2.59563993,18522.84495892
2016-06-07,EGX:EXPA,2.59563993,2.59563993,2.59563993,2.59563993,0.0
2016-06-08,EGX:EXPA,2.60686464,2.60967064,2.57038524,2.60125265,60172.10566187
2016-06-09,EGX:EXPA,2.58160922,2.60125265,2.58160922,2.60125265,233.61403984
2016-06-12,EGX:EXPA,2.58160922,2.58160922,2.56757924,2.57599723,7123.85401492
2016-06-13,EGX:EXPA,2.55916053,2.55916053,2.52548785,2.53109984,110572.27345722
2016-06-14,EGX:EXPA,2.53951783,2.53951783,2.52829385,2.52829385,4268.26592792
2016-06-15,EGX:EXPA,2.57880323,2.57880323,2.49742644,2.49742644,28680.9330913
2016-06-16,EGX:EXPA,2.56757924,2.58160922,2.55354854,2.55916053,12536.82873806
2016-06-19,EGX:EXPA,2.53951783,2.59283393,2.53951783,2.56477325,7871.41894241
2016-06-20,EGX:EXPA,2.56477325,2.56477325,2.53951783,2.54793655,134215.38848936
2016-06-21,EGX:EXPA,2.57319124,2.58160922,2.56757924,2.56757924,237435.69069276
2016-06-22,EGX:EXPA,2.56757924,2.56757924,2.56757924,2.56757924,74832.07376201
2016-06-23,EGX:EXPA,2.55354854,2.60125265,2.55354854,2.57599723,107884.33779881
2016-06-26,EGX:EXPA,2.50023244,2.59283393,2.46936576,2.48900845,25748.38979118
2016-06-27,EGX:EXPA,2.56757924,2.56757924,2.48900845,2.48900845,3557.80440676
2016-06-28,EGX:EXPA,2.56757924,2.59283393,2.49742644,2.52548785,24466.26097253
2016-06-29,EGX:EXPA,2.58722194,2.60686464,2.53109984,2.57599723,61632.88051099
2016-07-03,EGX:EXPA,2.57599723,2.57599723,2.57599723,2.57599723,0.0
2016-07-04,EGX:EXPA,2.56757924,2.63492533,2.53390584,2.58722194,76209.02239684
2016-07-10,EGX:EXPA,2.63211933,2.63492533,2.60967064,2.62650734,66461.82013453
2016-07-11,EGX:EXPA,2.62370134,2.62370134,2.56196653,2.62370134,17991.02946823
2016-07-12,EGX:EXPA,2.61528263,2.61528263,2.57038524,2.61247663,37949.91367205
2016-07-13,EGX:EXPA,2.66579273,2.66579273,2.63211933,2.65176203,40977.27678835
2016-07-14,EGX:EXPA,2.63492533,2.65176203,2.63492533,2.65176203,1010.03717225
2016-07-17,EGX:EXPA,2.63492533,2.63492533,2.54512982,2.59844593,23230.85496184
2016-07-18,EGX:EXPA,2.55635453,2.59844593,2.55635453,2.59844593,886.35915116
2016-07-19,EGX:EXPA,2.52829385,2.58160922,2.52829385,2.57038524,30329.97337253
2016-07-20,EGX:EXPA,2.58160922,2.58160922,2.57038524,2.57038524,2106.64895927
2016-07-21,EGX:EXPA,2.56477325,2.66579273,2.56477325,2.63492533,80152.97706945
2016-07-24,EGX:EXPA,2.59563993,2.59563993,2.57038524,2.59563993,11759.03140541
2016-07-25,EGX:EXPA,2.57319124,2.63492533,2.57319124,2.60686464,18854.0272154
2016-07-26,EGX:EXPA,2.63492533,2.7219141,2.59844593,2.66579273,71703.01982838
2016-07-27,EGX:EXPA,2.57038524,2.7219141,2.57038524,2.71069012,57945.90128221
2016-07-28,EGX:EXPA,2.69385342,2.69385342,2.66579273,2.67140473,105049.36271533
2016-07-31,EGX:EXPA,2.66579273,2.69946541,2.66579273,2.69665941,178889.26390813
2016-08-01,EGX:EXPA,2.67982271,2.70507813,2.67982271,2.69665941,6799.54275961
2016-08-02,EGX:EXPA,2.66859873,2.70788413,2.66859873,2.67140473,34815.36293748
2016-08-03,EGX:EXPA,2.67982271,2.67982271,2.67982271,2.67982271,5154.62507908
2016-08-04,EGX:EXPA,2.66859873,2.70227141,2.66859873,2.70227141,672235.39324437
2016-08-07,EGX:EXPA,2.69946541,2.70227141,2.66579273,2.70227141,2355.37920169
2016-08-08,EGX:EXPA,2.68824143,2.68824143,2.68824143,2.68824143,20662.47472382
2016-08-09,EGX:EXPA,2.66579273,2.69385342,2.66579273,2.66859873,12652.26155774
2016-08-10,EGX:EXPA,2.68824143,2.69385342,2.68262944,2.69385342,202216.31288637
2016-08-11,EGX:EXPA,2.69946541,2.7219141,2.69665941,2.70227141,269051.91548465
2016-08-14,EGX:EXPA,2.67982271,2.70227141,2.67982271,2.69665941,235761.91480731
2016-08-15,EGX:EXPA,2.69385342,2.69385342,2.69104742,2.69385342,255411.60395841
2016-08-16,EGX:EXPA,2.67982271,2.69385342,2.67982271,2.69385342,28.85820492
2016-08-17,EGX:EXPA,2.73313881,2.73313881,2.66579273,2.69665941,23945.4390837
2016-08-18,EGX:EXPA,2.66579273,2.69104742,2.60967064,2.65456802,16565.9838252
2016-08-21,EGX:EXPA,2.65456802,2.65456802,2.65456802,2.65456802,0.0
2016-08-22,EGX:EXPA,2.66579273,2.71349612,2.63773132,2.6854347,22622.08425802
2016-08-23,EGX:EXPA,2.67982271,2.6854347,2.67982271,2.6854347,3557.80440676
2016-08-24,EGX:EXPA,2.69385342,2.69385342,2.66298601,2.66579273,18797.68500579
2016-08-25,EGX:EXPA,2.66579273,2.66579273,2.66579273,2.66579273,0.0
2016-08-28,EGX:EXPA,2.66579273,2.69385342,2.66579273,2.69385342,895378.02729956
2016-08-29,EGX:EXPA,2.63773132,2.63773132,2.60967064,2.62089462,39193.56488415
2016-08-30,EGX:EXPA,2.62089462,2.62089462,2.62089462,2.62089462,0.0
2016-08-31,EGX:EXPA,2.66579273,2.66579273,2.62089462,2.62089462,1596.82067232
2016-09-01,EGX:EXPA,2.62089462,2.62089462,2.62089462,2.62089462,0.0
2016-09-04,EGX:EXPA,2.66579273,2.66579273,2.66579273,2.66579273,4543.10597479
2016-09-05,EGX:EXPA,2.62370134,2.66579273,2.60967064,2.62931333,23868.48387058
2016-09-06,EGX:EXPA,2.60967064,2.62370134,2.57599723,2.60967064,28063.91718608
2016-09-07,EGX:EXPA,2.60967064,2.60967064,2.60967064,2.60967064,0.0
2016-09-08,EGX:EXPA,2.55354854,2.55354854,2.53951783,2.54232456,21910.24853662
2016-09-14,EGX:EXPA,2.54232456,2.54232456,2.54232456,2.54232456,0.0
2016-09-15,EGX:EXPA,2.54232456,2.54232456,2.54232456,2.54232456,0.0
2016-09-18,EGX:EXPA,2.55354854,2.55354854,2.50584516,2.55354854,18682.25218611
2016-09-19,EGX:EXPA,2.56757924,2.56757924,2.56757924,2.56757924,7123.85401492
2016-09-20,EGX:EXPA,2.54232456,2.56757924,2.54232456,2.56757924,1275.25781749
2016-09-21,EGX:EXPA,2.54232456,2.55635453,2.52548785,2.54232456,36931.63129839
2016-09-22,EGX:EXPA,2.55354854,2.55354854,2.54232456,2.54232456,3248.60935402
2016-09-25,EGX:EXPA,2.54232456,2.54232456,2.38518297,2.49181445,6792.67175844
2016-09-26,EGX:EXPA,2.49181445,2.55354854,2.49181445,2.54232456,17247.58714144
2016-09-27,EGX:EXPA,2.54232456,2.54232456,2.52548785,2.53671184,12580.80314556
2016-09-28,EGX:EXPA,2.53671184,2.55354854,2.53671184,2.53671184,3524.82360113
2016-09-29,EGX:EXPA,2.53671184,2.53671184,2.40201967,2.43288636,24940.36005338
2016-10-03,EGX:EXPA,2.43288636,2.52548785,2.43288636,2.52548785,21339.95543936
2016-10-04,EGX:EXPA,2.52548785,2.55354854,2.50023244,2.55074254,9427.0136077
2016-10-05,EGX:EXPA,2.55074254,2.55916053,2.52548785,2.52829385,41385.41425795
2016-10-09,EGX:EXPA,2.52829385,2.53951783,2.52548785,2.52548785,96613.1474766
2016-10-10,EGX:EXPA,2.52548785,2.52548785,2.50023244,2.52268113,63659.82585667
2016-10-11,EGX:EXPA,2.52268113,2.52268113,2.47217175,2.49462044,127395.23272624
2016-10-12,EGX:EXPA,2.49462044,2.49462044,2.38518297,2.44972306,101870.83757326
2016-10-13,EGX:EXPA,2.44972306,2.52548785,2.44411107,2.52268113,162096.53704427
2016-10-16,EGX:EXPA,2.52268113,2.52268113,2.47217175,2.47217175,5358.00671377
2016-10-17,EGX:EXPA,2.47217175,2.49742644,2.46936576,2.47778374,119669.47900867
2016-10-18,EGX:EXPA,2.47778374,2.47778374,2.44130434,2.45252905,54693.16932748
2016-10-19,EGX:EXPA,2.45252905,2.45252905,2.44130434,2.44130434,135421.93629513
2016-10-20,EGX:EXPA,2.44130434,2.52548785,2.44130434,2.44130434,3647.12742199
2016-10-23,EGX:EXPA,2.44130434,2.48339646,2.44130434,2.47217175,53787.57137304
2016-10-24,EGX:EXPA,2.47217175,2.47217175,2.41324366,2.47217175,3240.36415262
2016-10-25,EGX:EXPA,2.47217175,2.47217175,2.44130434,2.44130434,44104.95652175
2016-10-26,EGX:EXPA,2.44130434,2.44130434,2.41885565,2.44130434,3622.39181777
2016-10-27,EGX:EXPA,2.44130434,2.44691706,2.44130434,2.44411107,4287.5047312
2016-10-30,EGX:EXPA,2.44411107,2.45814104,2.41885565,2.44411107,56229.5251895
2016-10-31,EGX:EXPA,2.44411107,2.44411107,2.44130434,2.44130434,37984.26867791
2016-11-01,EGX:EXPA,2.44130434,2.44130434,2.44130434,2.44130434,0.0
2016-11-02,EGX:EXPA,2.44130434,2.52548785,2.44130434,2.50865115,8939.1725245
2016-11-03,EGX:EXPA,2.50865115,2.69385342,2.50865115,2.67701672,6056.10043282
2016-11-06,EGX:EXPA,2.67701672,2.67701672,2.45533505,2.47217175,81334.789271
2016-11-07,EGX:EXPA,2.47217175,2.56757924,2.47217175,2.52829385,178813.68289524
2016-11-08,EGX:EXPA,2.52829385,2.52829385,2.41324366,2.44691706,205199.70159517
2016-11-09,EGX:EXPA,2.44691706,2.44691706,2.41604965,2.43849835,14508.80607436
2016-11-10,EGX:EXPA,2.43849835,2.51426314,2.43008036,2.46936576,294414.15500998
2016-11-13,EGX:EXPA,2.46936576,2.47778374,2.43288636,2.46375304,43547.0312266
2016-11-14,EGX:EXPA,2.46375304,2.48900845,2.41324366,2.44691706,238922.57534633
2016-11-15,EGX:EXPA,2.44691706,2.46375304,2.40763167,2.43288636,97142.21456683
2016-11-16,EGX:EXPA,2.43288636,2.46655976,2.41604965,2.44691706,157044.97698276
2016-11-17,EGX:EXPA,2.44691706,2.52548785,2.42727436,2.48620246,272624.83609398
2016-11-20,EGX:EXPA,2.48620246,2.48620246,2.42166164,2.43849835,90095.31576504
2016-11-21,EGX:EXPA,2.43849835,2.44411107,2.41324366,2.42727436,547879.89143653
2016-11-22,EGX:EXPA,2.42727436,2.49462044,2.42727436,2.46094777,70734.20866315
2016-11-23,EGX:EXPA,2.46094777,2.46094777,2.38518297,2.40201967,290119.77927761
2016-11-24,EGX:EXPA,2.40201967,2.44130434,2.34589758,2.38518297,227964.70267756
2016-11-27,EGX:EXPA,2.38518297,2.40763167,2.32906087,2.36273428,74957.12598334
2016-11-28,EGX:EXPA,2.36273428,2.42727436,2.35712156,2.37115227,33847.92597249
2016-11-29,EGX:EXPA,2.37115227,2.40201967,2.35712156,2.38237625,371355.62613173
2016-11-30,EGX:EXPA,2.38237625,2.42727436,2.38237625,2.41043766,43825.99387417
2016-12-01,EGX:EXPA,2.41043766,2.42446837,2.38518297,2.39360096,41010.25759397
2016-12-04,EGX:EXPA,2.39360096,2.41324366,2.37395826,2.38798897,131817.4090804
2016-12-05,EGX:EXPA,2.38798897,2.41324366,2.35712156,2.37957025,106684.66099422
2016-12-06,EGX:EXPA,2.37957025,2.41324366,2.36273428,2.39921295,80368.72650624
2016-12-07,EGX:EXPA,2.39921295,2.39921295,2.35992756,2.37957025,108190.78445107
2016-12-08,EGX:EXPA,2.37957025,2.38798897,2.32344816,2.35712156,57458.06019901
2016-12-12,EGX:EXPA,2.35712156,2.35712156,2.34870357,2.35431556,35892.73592122
2016-12-13,EGX:EXPA,2.35431556,2.35712156,2.31783616,2.33467287,151211.49698791
2016-12-14,EGX:EXPA,2.33467287,2.35712156,2.32064289,2.35712156,119445.48437047
2016-12-15,EGX:EXPA,2.35712156,2.40482494,2.32906087,2.34589758,301481.66681529
2016-12-18,EGX:EXPA,2.34589758,2.39921295,2.32064289,2.36554027,83644.81986495
2016-12-19,EGX:EXPA,2.36554027,2.36554027,2.35712156,2.35712156,59151.07488774
2016-12-20,EGX:EXPA,2.35712156,2.35992756,2.32906087,2.34589758,110774.28089167
2016-12-21,EGX:EXPA,2.34589758,2.38518297,2.34309158,2.35712156,354047.57417998
2016-12-22,EGX:EXPA,2.35712156,2.37676426,2.33747886,2.35431556,77679.4166476
2016-12-25,EGX:EXPA,2.35431556,2.35431556,2.33467287,2.33747886,5341.51631095
2016-12-26,EGX:EXPA,2.33747886,2.34309158,2.31503017,2.32625488,193414.56038531
2016-12-27,EGX:EXPA,2.32625488,2.34309158,2.30099946,2.31783616,180392.63896452
2016-12-28,EGX:EXPA,2.31783616,2.35712156,2.30099946,2.32344816,204371.05885385
2016-12-29,EGX:EXPA,2.32344816,2.32906087,2.30941818,2.32344816,107602.62675077
2017-01-02,EGX:EXPA,2.32344816,2.32344816,2.32344816,2.32344816,0.0
2017-01-03,EGX:EXPA,2.32344816,2.32906087,2.30941818,2.32625488,81415.86708482
2017-01-04,EGX:EXPA,2.32625488,2.37115227,2.32625488,2.33186687,68791.08953177
2017-01-05,EGX:EXPA,2.33186687,2.33186687,2.30661218,2.32064289,19354.23610071
2017-01-08,EGX:EXPA,2.32064289,2.32906087,2.31503017,2.32906087,34449.82567514
2017-01-09,EGX:EXPA,2.32906087,2.32906087,2.31503017,2.31783616,6873.74957226
2017-01-10,EGX:EXPA,2.31783616,2.35712156,2.30661218,2.32906087,80638.06975218
2017-01-11,EGX:EXPA,2.32906087,2.51145715,2.30661218,2.39079496,788153.30561324
2017-01-12,EGX:EXPA,2.39079496,2.41324366,2.33186687,2.38237625,212357.91061594
2017-01-15,EGX:EXPA,2.38237625,2.41324366,2.32906087,2.34589758,326962.08756077
2017-01-16,EGX:EXPA,2.34589758,2.38237625,2.1129912,2.32344816,123249.27061918
2017-01-17,EGX:EXPA,2.32344816,2.55354854,2.30661218,2.50865115,1114822.68852409
2017-01-18,EGX:EXPA,2.50865115,2.52548785,2.33467287,2.43288636,205304.14081298
2017-01-19,EGX:EXPA,2.43288636,2.47497775,2.31503017,2.37115227,391435.43995618
2017-01-22,EGX:EXPA,2.37115227,2.46655976,2.33467287,2.40201967,237123.74723956
2017-01-23,EGX:EXPA,2.40201967,2.40201967,2.34870357,2.37395826,114764.95837225
2017-01-24,EGX:EXPA,2.37395826,2.42446837,2.31222417,2.37115227,39750.11597906
2017-01-26,EGX:EXPA,2.37115227,2.49742644,2.37115227,2.43569235,250404.0183044
2017-01-29,EGX:EXPA,2.43569235,2.55074254,2.42727436,2.49742644,300346.57742171
2017-01-30,EGX:EXPA,2.49742644,2.53951783,2.32906087,2.41324366,312723.99893258
2017-01-31,EGX:EXPA,2.41324366,2.44130434,2.30099946,2.32625488,254940.25327802
2017-02-01,EGX:EXPA,2.32625488,2.34309158,2.27574477,2.29538747,65278.63373275
2017-02-02,EGX:EXPA,2.29538747,2.38237625,2.29538747,2.35992756,77316.62778573
2017-02-05,EGX:EXPA,2.35992756,2.45252905,2.34589758,2.38798897,108420.27589021
2017-02-06,EGX:EXPA,2.38798897,2.38798897,2.37115227,2.38518297,67333.06308312
2017-02-07,EGX:EXPA,2.38518297,2.44130434,2.35992756,2.39360096,29079.45115927
2017-02-08,EGX:EXPA,2.39360096,2.43849835,2.35992756,2.38518297,119919.58345133
2017-02-09,EGX:EXPA,2.38518297,2.38518297,2.33186687,2.35431556,6792.67175844
2017-02-12,EGX:EXPA,2.35431556,2.36554027,2.31503017,2.34309158,192984.43571195
2017-02-13,EGX:EXPA,2.34309158,2.40763167,2.31222417,2.33747886,50284.73497566
2017-02-14,EGX:EXPA,2.33747886,2.33747886,2.30099946,2.31783616,76610.28886527
2017-02-15,EGX:EXPA,2.31783616,2.33467287,2.30941818,2.32344816,35747.07069638
2017-02-16,EGX:EXPA,2.32344816,2.33186687,2.32064289,2.32906087,43779.2710662
2017-02-19,EGX:EXPA,2.32906087,2.32906087,2.30380619,2.31222417,48894.04433849
2017-02-20,EGX:EXPA,2.31222417,2.38237625,2.30099946,2.31222417,94079.12224444
2017-02-21,EGX:EXPA,2.31222417,2.38237625,2.31222417,2.34028486,40228.33766062
2017-02-22,EGX:EXPA,2.34028486,2.57319124,2.31503017,2.48620246,550303.98064994
2017-02-23,EGX:EXPA,2.48620246,2.55635453,2.38518297,2.47497775,181114.09408756
2017-02-26,EGX:EXPA,2.47497775,2.51987513,2.35712156,2.40201967,78187.87073432
2017-02-27,EGX:EXPA,2.40201967,2.40201967,2.32906087,2.33747886,76188.40939332
2017-02-28,EGX:EXPA,2.33747886,2.42727436,2.30661218,2.37395826,43296.92678394
2017-03-01,EGX:EXPA,2.37395826,2.37395826,2.30099946,2.30380619,111716.98225244
2017-03-02,EGX:EXPA,2.30380619,2.33467287,2.30099946,2.30941818,221866.00203747
2017-03-05,EGX:EXPA,2.30941818,2.38237625,2.30941818,2.33186687,85414.78976681
2017-03-06,EGX:EXPA,2.33186687,2.37115227,2.32625488,2.33186687,182464.93291793
2017-03-07,EGX:EXPA,2.33186687,2.38518297,2.32625488,2.34309158,207846.41124654
2017-03-08,EGX:EXPA,2.34309158,2.40763167,2.34028486,2.37115227,37647.5896205
2017-03-09,EGX:EXPA,2.37115227,2.45252905,2.34309158,2.41043766,126146.08471321
2017-03-12,EGX:EXPA,2.41043766,2.45533505,2.35712156,2.38798897,51763.37442783
2017-03-13,EGX:EXPA,2.38798897,2.38798897,2.34309158,2.35431556,41482.98247459
2017-03-14,EGX:EXPA,2.35431556,2.35992756,2.34309158,2.35712156,21601.05348389
2017-03-15,EGX:EXPA,2.35712156,2.41324366,2.34589758,2.39360096,141765.24457693
2017-03-16,EGX:EXPA,2.39360096,2.44130434,2.36273428,2.41324366,298389.71628798
2017-03-19,EGX:EXPA,2.41324366,2.42727436,2.36273428,2.41043766,156422.4642766
2017-03-20,EGX:EXPA,2.41043766,2.42727436,2.38518297,2.41043766,164494.51645322
2017-03-21,EGX:EXPA,2.41043766,2.46936576,2.37676426,2.43288636,141685.54096334
2017-03-22,EGX:EXPA,2.43288636,2.48058974,2.37676426,2.46094777,213674.39444046
2017-03-23,EGX:EXPA,2.46094777,2.54793655,2.43849835,2.48339646,1068226.30697745
2017-03-26,EGX:EXPA,2.48339646,2.51145715,2.44130434,2.48620246,333437.31906507
2017-03-27,EGX:EXPA,2.48620246,2.50303916,2.46094777,2.47217175,76433.01703504
2017-03-28,EGX:EXPA,2.47217175,2.54512982,2.47217175,2.51706914,177734.93571127
2017-03-29,EGX:EXPA,2.51706914,2.56757924,2.50303916,2.53109984,112738.01302657
2017-03-30,EGX:EXPA,2.53109984,2.57319124,2.49742644,2.52829385,151560.54384744
2017-04-02,EGX:EXPA,2.52829385,2.63492533,2.52548785,2.58441595,108256.74606232
2017-04-03,EGX:EXPA,2.58441595,2.67140473,2.58441595,2.64334404,550129.45722018
2017-04-04,EGX:EXPA,2.64334404,2.67421072,2.59844593,2.62089462,168923.56380856
2017-04-05,EGX:EXPA,2.62089462,2.66579273,2.58160922,2.61528263,123458.1490548
2017-04-06,EGX:EXPA,2.61528263,2.63492533,2.59002794,2.60967064,22536.88384349
2017-04-09,EGX:EXPA,2.60967064,2.76681149,2.60405792,2.67701672,441930.4275677
2017-04-10,EGX:EXPA,2.67701672,2.94359577,2.67701672,2.9071171,1759837.92352628
2017-04-11,EGX:EXPA,2.9071171,3.19614485,2.9071171,3.10915607,1159944.55321926
2017-04-12,EGX:EXPA,3.10915607,3.14282875,2.95762648,2.99691187,542307.50948621
2017-04-13,EGX:EXPA,2.99691187,3.04742198,2.97446318,3.00813658,147413.20754014
2017-04-18,EGX:EXPA,3.00813658,3.11476806,2.97446318,3.05864596,358543.9573468
2017-04-19,EGX:EXPA,3.05864596,3.07828866,2.9464025,2.98568789,291096.83564424
2017-04-20,EGX:EXPA,2.98568789,3.01655457,2.92395307,2.97726918,260662.42305389
2017-04-23,EGX:EXPA,2.97726918,3.06425796,2.96043247,3.02777928,103117.23718582
2017-04-24,EGX:EXPA,3.02777928,3.17089016,3.02777928,3.11476806,575754.16899027
2017-04-26,EGX:EXPA,3.11476806,3.16808416,3.08951337,3.13721676,283916.63941971
2017-04-27,EGX:EXPA,3.13721676,3.13721676,2.98007517,3.05583997,191089.41358877
2017-04-30,EGX:EXPA,3.05583997,3.05864596,2.9464025,2.98849389,765307.22671703
2017-05-02,EGX:EXPA,2.98849389,3.14282875,2.96323847,3.06706468,455893.67614902
2017-05-03,EGX:EXPA,3.06706468,3.06706468,2.96043247,2.97726918,208313.63932622
2017-05-04,EGX:EXPA,2.97726918,3.04461526,2.97726918,3.00813658,294539.20723131
2017-05-07,EGX:EXPA,3.00813658,3.08670738,3.00813658,3.06425796,193143.84293914
2017-05-08,EGX:EXPA,3.06425796,3.28313363,3.04742198,3.19333885,1013203.32959372
2017-05-09,EGX:EXPA,3.19333885,3.26629693,3.08670738,3.16808416,270056.45585597
2017-05-10,EGX:EXPA,3.16808416,3.22701226,3.08670738,3.12038005,313756.02330858
2017-05-11,EGX:EXPA,3.12038005,3.19614485,3.00532986,3.10073736,669195.66232597
2017-05-14,EGX:EXPA,3.10073736,3.14282875,3.05864596,3.09793136,239711.36628086
2017-05-15,EGX:EXPA,3.09793136,3.09793136,3.03058528,3.05303397,119067.57930602
2017-05-16,EGX:EXPA,3.05303397,3.12879877,3.00252387,3.04742198,289932.88804573
2017-05-17,EGX:EXPA,3.04742198,3.05864596,3.00252387,3.02497256,266021.80396789
2017-05-18,EGX:EXPA,3.02497256,3.03058528,2.94920849,2.98007517,122552.55110036
2017-05-21,EGX:EXPA,2.98007517,3.05022798,2.97726918,3.02497256,32707.33977798
2017-05-22,EGX:EXPA,3.02497256,3.02497256,2.80890361,2.8706377,298895.42197422
2017-05-23,EGX:EXPA,2.8706377,2.9464025,2.82854631,2.8902804,262040.74588895
2017-05-24,EGX:EXPA,2.8902804,2.8902804,2.82574031,2.853801,281559.88601779
2017-05-25,EGX:EXPA,2.853801,2.9464025,2.84818901,2.89589239,434270.63546138
2017-05-28,EGX:EXPA,2.89589239,2.9464025,2.89589239,2.94359577,322722.67983777
2017-05-29,EGX:EXPA,2.94359577,2.97446318,2.90431038,2.93237179,232238.46540641
2017-05-30,EGX:EXPA,2.93237179,2.93237179,2.89308639,2.92114708,179489.78941055
2017-05-31,EGX:EXPA,2.92114708,2.92114708,2.8902804,2.89308639,66596.4917575
2017-06-01,EGX:EXPA,2.89308639,3.04461526,2.86221899,2.9464025,523736.56751908
2017-06-04,EGX:EXPA,2.9464025,3.08109466,2.9464025,3.02497256,90921.21010589
2017-06-05,EGX:EXPA,3.02497256,3.08670738,3.02497256,3.07828866,347720.75630099
2017-06-06,EGX:EXPA,3.07828866,3.28032763,3.07828866,3.18772686,936947.58438891
2017-06-07,EGX:EXPA,3.18772686,3.38415311,3.17369616,3.32803174,1042351.49076471
2017-06-08,EGX:EXPA,3.32803174,3.61986549,3.32803174,3.52726399,1648661.00196595
2017-06-11,EGX:EXPA,3.52726399,3.78823105,3.50762129,3.63670219,1119063.47044732
2017-06-12,EGX:EXPA,3.63670219,3.64231418,3.45991791,3.60864078,479927.06404772
2017-06-13,EGX:EXPA,3.60864078,3.61705949,3.50762129,3.54971341,242511.98635848
2017-06-14,EGX:EXPA,3.54971341,3.71807898,3.51042801,3.61705949,712976.30759241
2017-06-15,EGX:EXPA,3.61705949,3.64231418,3.4655299,3.518846,680935.45492809
2017-06-18,EGX:EXPA,3.518846,3.60583478,3.47394861,3.51323401,362114.12955567
2017-06-19,EGX:EXPA,3.51323401,3.51323401,3.46833662,3.47675461,38833.52442275
2017-06-20,EGX:EXPA,3.47675461,3.60583478,3.45149992,3.52726399,619288.83241476
2017-06-21,EGX:EXPA,3.52726399,3.70404827,3.4823666,3.6310902,1111343.21353069
2017-06-22,EGX:EXPA,3.6310902,3.6310902,3.5721621,3.59741679,213304.73457742
2017-06-28,EGX:EXPA,3.59741679,3.70124227,3.59741679,3.65915088,138577.10003322
2017-07-02,EGX:EXPA,3.65915088,3.66756887,3.52445799,3.5777741,155500.37591935
2017-07-03,EGX:EXPA,3.5777741,3.58619208,3.50762129,3.52726399,236859.90079456
2017-07-04,EGX:EXPA,3.52726399,3.67598758,3.52726399,3.63389619,718170.78447828
2017-07-05,EGX:EXPA,3.63389619,3.99588274,3.63389619,3.90889324,1554555.76991705
2017-07-06,EGX:EXPA,3.90889324,4.2063397,3.87241456,4.12496291,642078.56910136
2017-07-09,EGX:EXPA,4.12496291,4.26526779,4.05481084,4.12496291,469917.38954065
2017-07-10,EGX:EXPA,4.12496291,4.20914569,4.04639212,4.09690223,198243.50000884
2017-07-11,EGX:EXPA,4.09690223,4.17827901,3.98465803,4.06884081,328694.95405629
2017-07-12,EGX:EXPA,4.06884081,4.09409623,3.96501533,4.03236214,208971.88123848
2017-07-13,EGX:EXPA,4.03236214,4.06884081,3.87522056,3.93976064,127852.84140428
2017-07-16,EGX:EXPA,3.93976064,3.98465803,3.87241456,3.92853593,252736.03610211
2017-07-17,EGX:EXPA,3.92853593,3.92853593,3.84435315,3.88925054,539086.38413687
2017-07-18,EGX:EXPA,3.88925054,3.88925054,3.68440557,3.77700707,381498.59806153
2017-07-19,EGX:EXPA,3.77700707,3.81348647,3.70404827,3.76578236,135938.63558325
2017-07-20,EGX:EXPA,3.76578236,3.90047525,3.73210968,3.77700707,302135.78612684
2017-07-24,EGX:EXPA,3.77700707,3.94256664,3.77700707,3.91450595,445140.55931516
2017-07-25,EGX:EXPA,3.91450595,4.01271944,3.91450595,3.99027002,94422.67230303
2017-07-26,EGX:EXPA,3.99027002,4.03236214,3.87522056,3.91450595,488265.71106981
2017-07-27,EGX:EXPA,3.91450595,3.95659735,3.81629247,3.83593516,166441.75818531
2017-07-30,EGX:EXPA,3.83593516,3.90047525,3.74333367,3.81909846,51712.52901916
2017-07-31,EGX:EXPA,3.81909846,3.81909846,3.73491568,3.77981307,112248.79774313
2017-08-01,EGX:EXPA,3.77981307,4.01271944,3.77981307,3.95659735,1442557.07661657
2017-08-02,EGX:EXPA,3.95659735,4.05761683,3.88644454,3.97343405,151350.29121158
2017-08-03,EGX:EXPA,3.97343405,3.97904604,3.91169996,3.94537264,217597.73610955
2017-08-06,EGX:EXPA,3.94537264,4.09690223,3.91450595,4.00991272,253230.74818648
2017-08-07,EGX:EXPA,4.00991272,4.02674942,3.90328124,3.95659735,110849.86190456
2017-08-08,EGX:EXPA,3.95659735,4.02955542,3.90047525,3.99027002,284866.21178165
2017-08-09,EGX:EXPA,3.99027002,4.2792985,3.99027002,4.1670543,872757.31724178
2017-08-10,EGX:EXPA,4.1670543,4.29332921,4.10532021,4.21756441,684840.93199414
2017-08-13,EGX:EXPA,4.21756441,4.21756441,3.99307675,4.05761683,300867.39931053
2017-08-14,EGX:EXPA,4.05761683,4.11935092,3.98465803,4.03236214,267075.81554764
2017-08-15,EGX:EXPA,4.03236214,4.03236214,3.95098535,3.98185204,172319.21258766
2017-08-16,EGX:EXPA,3.98185204,4.00991272,3.95659735,3.96501533,82711.73790583
2017-08-17,EGX:EXPA,3.96501533,4.01271944,3.90328124,3.95659735,191005.58737447
2017-08-20,EGX:EXPA,3.95659735,3.95659735,3.84996514,3.90328124,71204.1851433
2017-08-21,EGX:EXPA,3.90328124,3.90328124,3.84435315,3.88925054,66780.6345889
2017-08-22,EGX:EXPA,3.88925054,3.94256664,3.87241456,3.92572994,362768.24886722
2017-08-23,EGX:EXPA,3.92572994,4.04078013,3.87241456,3.93695465,265723.60251703
2017-08-24,EGX:EXPA,3.93639505,4.10812839,3.77139653,3.79833511,154223.74390163
2017-08-27,EGX:EXPA,3.79833511,3.83874261,3.70404972,3.74445796,516453.30627698
2017-08-28,EGX:EXPA,3.74445796,3.89261977,3.70404972,3.75119205,189373.03749606
2017-08-29,EGX:EXPA,3.75119205,3.82190591,3.74109018,3.76802876,264179.00145362
2017-08-30,EGX:EXPA,3.76802876,3.79833511,3.7309883,3.75119205,153628.71520015
2017-09-05,EGX:EXPA,3.75119205,4.00037408,3.70404972,3.80843699,813449.58352732
2017-09-06,EGX:EXPA,3.80843699,3.84210966,3.77139653,3.81517109,239000.90475969
2017-09-07,EGX:EXPA,3.81517109,3.88925272,3.77476358,3.86568119,133819.61882187
2017-09-10,EGX:EXPA,3.86568119,3.87578307,3.84547744,3.86904824,140031.00388117
2017-09-11,EGX:EXPA,3.86904824,3.9397621,3.83874261,3.87241602,206168.51276039
2017-09-12,EGX:EXPA,3.87241602,4.25965726,3.87241602,4.19567822,1407190.65938511
2017-09-13,EGX:EXPA,4.19567822,4.34384004,4.15527072,4.21924975,484519.64123095
2017-09-14,EGX:EXPA,4.21924975,4.37414639,4.19231118,4.27649396,211111.51100338
2017-09-17,EGX:EXPA,4.27649396,4.27649396,4.07782204,4.11486249,225122.8565929
2017-09-18,EGX:EXPA,4.11486249,4.26639208,4.09129169,4.21251493,438948.41305914
2017-09-19,EGX:EXPA,4.21251493,4.47853293,4.21251493,4.3909831,1716167.21427859
2017-09-20,EGX:EXPA,4.3909831,4.61322582,4.3909831,4.46843105,1285215.27238318
2017-09-24,EGX:EXPA,4.46843105,4.52904303,4.21588198,4.30006549,835113.85022199
2017-09-25,EGX:EXPA,4.30006549,4.34384004,4.04078158,4.21251493,725591.46574382
2017-09-26,EGX:EXPA,4.21251493,4.30679959,4.11823027,4.20914788,587823.76964864
2017-09-27,EGX:EXPA,4.20914788,4.63006252,4.17210742,4.46843105,3046786.06240499
2017-09-28,EGX:EXPA,4.46843105,4.91291722,4.46843105,4.84893819,5331862.55430651
2017-10-01,EGX:EXPA,4.84893819,5.13515995,4.72434718,4.96679438,1189056.98518416
2017-10-02,EGX:EXPA,4.96679438,5.03414046,4.57955241,4.76475541,888211.57307738
2017-10-03,EGX:EXPA,4.76475541,5.05097716,4.54587974,4.87924382,1674329.68814353
2017-10-04,EGX:EXPA,4.87924382,4.94995768,4.58965429,4.77148951,804675.31503094
2017-10-08,EGX:EXPA,4.77148951,5.01730376,4.64689922,4.82536666,750824.53044712
2017-10-09,EGX:EXPA,4.82536666,4.91628427,4.57955241,4.69404155,769258.05239081
2017-10-10,EGX:EXPA,4.69404155,4.7142453,4.39435015,4.55598161,868205.96606558
2017-10-11,EGX:EXPA,4.55598161,4.57618536,4.39435015,4.51220633,429283.66281089
2017-10-12,EGX:EXPA,4.51220633,4.66036815,4.39435015,4.51220633,400459.81289522
2017-10-15,EGX:EXPA,4.51220633,4.61322582,4.38424827,4.45159435,559179.93996367
2017-10-16,EGX:EXPA,4.45159435,4.45159435,4.14180107,4.22598458,491559.66903157
2017-10-17,EGX:EXPA,4.22598458,4.34720782,4.17884152,4.29669771,365742.01817438
2017-10-18,EGX:EXPA,4.29669771,4.40445202,4.23271868,4.29669771,489633.040303
2017-10-19,EGX:EXPA,4.29669771,4.37751344,4.22598458,4.32026924,510503.01926221
2017-10-22,EGX:EXPA,4.32026924,4.34047299,4.16873965,4.22598458,316949.66465323
2017-10-23,EGX:EXPA,4.22598458,4.29333066,4.05088346,4.17210742,122299.69825724
2017-10-24,EGX:EXPA,4.17210742,4.27312691,4.1485359,4.17884152,128491.84451326
2017-10-25,EGX:EXPA,4.17884152,4.24955538,4.14516885,4.21924975,103962.37032995
2017-10-26,EGX:EXPA,4.21924975,4.24955538,4.13506697,4.17547447,246737.65207913
2017-10-29,EGX:EXPA,4.17547447,4.22935163,4.09465874,4.15527072,161867.04560513
2017-10-30,EGX:EXPA,4.15527072,4.34047299,4.14180107,4.22935163,488836.00416707
2017-10-31,EGX:EXPA,4.22935163,4.52904303,4.22935163,4.39435015,1222165.59143056
2017-11-01,EGX:EXPA,4.39435015,4.54587974,4.33037111,4.43475765,1725243.80682653
2017-11-02,EGX:EXPA,4.43475765,4.43475765,4.24282055,4.31353441,472120.23251633
2017-11-05,EGX:EXPA,4.31353441,4.34047299,4.14180107,4.199046,295931.27206871
2017-11-06,EGX:EXPA,4.199046,4.32026924,4.1485359,4.199046,389681.96045714
2017-11-07,EGX:EXPA,4.199046,4.23271868,4.10812839,4.18557635,205268.41160689
2017-11-08,EGX:EXPA,4.18557635,4.24282055,4.15190294,4.20241305,274117.2175485
2017-11-09,EGX:EXPA,4.20241305,4.28322878,4.1653726,4.21924975,458041.55111532
2017-11-12,EGX:EXPA,4.21924975,4.27986101,4.01384301,4.10812839,588071.12569083
2017-11-13,EGX:EXPA,4.10812839,4.20241305,4.01047596,4.10812839,464026.19313596
2017-11-14,EGX:EXPA,4.10812839,4.22598458,4.04078158,4.13506697,840764.56158567
2017-11-15,EGX:EXPA,4.13506697,4.2057801,4.04751641,4.11149544,371762.3894011
2017-11-16,EGX:EXPA,4.11149544,4.17547447,4.04078158,4.08792391,492878.90125655
2017-11-19,EGX:EXPA,4.08792391,4.10476062,3.89261977,4.01721078,212673.97666985
2017-11-20,EGX:EXPA,4.01721078,4.01721078,3.9565988,3.97680255,155176.06466404
2017-11-21,EGX:EXPA,3.97680255,4.05761829,3.93639505,4.01721078,381343.31343505
2017-11-22,EGX:EXPA,4.01721078,4.1653726,4.01721078,4.11149544,266648.43927476
2017-11-23,EGX:EXPA,4.11149544,4.2057801,4.11149544,4.17884152,310802.86700494
2017-11-26,EGX:EXPA,4.17884152,4.20914788,4.07445499,4.1653726,275850.08404403
2017-11-27,EGX:EXPA,4.1653726,4.31016736,4.10139357,4.20914788,834553.17652637
2017-11-28,EGX:EXPA,4.20914788,4.56271571,4.20914788,4.46169623,1721962.21666688
2017-11-29,EGX:EXPA,4.46169623,4.57955241,4.41118685,4.51557338,1328913.46563556
2017-12-03,EGX:EXPA,4.51557338,4.6738378,4.46169623,4.54251196,611381.68426626
2017-12-04,EGX:EXPA,4.54251196,4.54251196,4.20914788,4.33373816,1102092.09755299
2017-12-05,EGX:EXPA,4.33373816,4.42465577,4.20914788,4.31016736,3743471.22621907
2017-12-06,EGX:EXPA,4.31016736,4.39435015,4.23271868,4.34384004,1183370.54461438
2017-12-07,EGX:EXPA,4.34384004,4.46169623,4.29333066,4.37414639,793177.38167006
2017-12-10,EGX:EXPA,4.37414639,4.58628724,4.37414639,4.49536963,695348.06698605
2017-12-11,EGX:EXPA,4.49536963,4.71087825,4.465064,4.60649099,2927675.8828917
2017-12-12,EGX:EXPA,4.60649099,4.71087825,4.51557338,4.57618536,1254275.15410659
2017-12-13,EGX:EXPA,4.57618536,4.59302207,4.49873668,4.54251196,1902977.36833757
2017-12-14,EGX:EXPA,4.54251196,4.57955241,4.50210446,4.56608349,1693480.54260956
2017-12-17,EGX:EXPA,4.56608349,4.58628724,4.51557338,4.56608349,1734188.47615197
2017-12-18,EGX:EXPA,4.56608349,4.56608349,4.47853293,4.54251196,608440.89576473
2017-12-19,EGX:EXPA,4.54251196,4.6570011,4.43812543,4.56271571,672398.92307226
2017-12-20,EGX:EXPA,4.56271571,4.56271571,4.37751344,4.45832918,249579.49816379
2017-12-21,EGX:EXPA,4.45832918,4.51220633,4.42802355,4.50547151,1084090.07448289
2017-12-24,EGX:EXPA,4.50547151,4.53577713,4.45159435,4.50547151,448940.22296316
2017-12-25,EGX:EXPA,4.50547151,4.53577713,4.24955538,4.40445202,312278.75805664
2017-12-26,EGX:EXPA,4.40445202,4.41792167,4.26302503,4.34047299,587752.31123645
2017-12-27,EGX:EXPA,4.34200479,4.42613809,4.31639935,4.36395283,257805.46076666
2017-12-28,EGX:EXPA,4.36395283,4.48832335,4.36395283,4.42613809,401904.09734153
2017-12-31,EGX:EXPA,4.42613809,4.42613809,4.2212924,4.31274122,161945.37501849
2018-01-02,EGX:EXPA,4.31274122,4.35663657,4.11521106,4.23958158,185200.96558454
2018-01-03,EGX:EXPA,4.23958158,4.26152962,4.1371591,4.2249498,65902.52063915
2018-01-04,EGX:EXPA,4.2249498,4.26152962,4.09692115,4.19934436,135755.86695208
2018-01-08,EGX:EXPA,4.19934436,4.23592418,4.17008079,4.1920281,175808.3069827
2018-01-09,EGX:EXPA,4.1920281,4.24323971,4.16276454,4.20665989,1191100.42093265
2018-01-10,EGX:EXPA,4.20665989,4.20665989,4.1042374,4.14813275,425240.76572141
2018-01-11,EGX:EXPA,4.14813275,4.15179088,4.07497311,4.11155293,358065.73566525
2018-01-14,EGX:EXPA,4.11155293,4.16642266,4.10057927,4.13350097,420660.55634029
2018-01-15,EGX:EXPA,4.13350097,4.16276454,4.07863124,4.11155293,832447.90176733
2018-01-16,EGX:EXPA,4.11155293,4.11886919,4.04936767,4.07497311,219970.97991429
2018-01-17,EGX:EXPA,4.07497311,4.20665989,4.06399945,4.12984284,475856.68295355
2018-01-18,EGX:EXPA,4.12984284,4.46271791,4.12984284,4.32005748,1004424.93849664
2018-01-21,EGX:EXPA,4.32005748,4.42613809,4.25421409,4.3090831,217351.7542676
2018-01-22,EGX:EXPA,4.3090831,4.3090831,4.14447462,4.21763427,438519.66258602
2018-01-23,EGX:EXPA,4.21763427,4.27250327,4.17739632,4.22860792,643210.91009448
2018-01-24,EGX:EXPA,4.22860792,4.29810944,4.1883707,4.23226605,522737.5239487
2018-01-28,EGX:EXPA,4.23226605,4.26152962,4.15179088,4.19934436,118348.87258345
2018-01-29,EGX:EXPA,4.19934436,4.25055596,4.13350097,4.20665989,369156.90575676
2018-01-30,EGX:EXPA,4.20665989,4.38955827,4.20665989,4.32371488,973497.18802216
2018-01-31,EGX:EXPA,4.32371488,4.75535503,4.29810944,4.57977291,2342431.48708295
2018-02-01,EGX:EXPA,4.57977291,4.87241003,4.52490317,4.75901316,1939249.38352347
2018-02-04,EGX:EXPA,4.75901316,4.93093716,4.7516969,4.84314646,1020619.88825856
2018-02-05,EGX:EXPA,4.84314646,4.93825341,4.57611478,4.82485655,969859.68000181
2018-02-06,EGX:EXPA,4.82485655,4.82485655,4.38955827,4.49929773,1384438.02610483
2018-02-07,EGX:EXPA,4.49929773,4.73340699,4.49929773,4.65293182,1626993.98687081
2018-02-08,EGX:EXPA,4.65293182,4.7846186,4.51758692,4.68951164,1229819.88673594
2018-02-11,EGX:EXPA,4.68951164,4.82851468,4.62732638,4.7516969,730560.57379126
2018-02-12,EGX:EXPA,4.7516969,4.7516969,4.60903647,4.68951164,478133.73274188
2018-02-13,EGX:EXPA,4.68951164,4.74438138,4.56514112,4.64927369,845014.96291054
2018-02-14,EGX:EXPA,4.64927369,4.66390621,4.57611478,4.60903647,1349953.84542383
2018-02-15,EGX:EXPA,4.60903647,4.77364494,4.60903647,4.71511708,959915.96710599
2018-02-18,EGX:EXPA,4.71511708,4.75535503,4.59440469,4.68951164,1212860.88164372
2018-02-19,EGX:EXPA,4.68951164,4.73340699,4.62732638,4.6968279,907262.11092629
2018-02-20,EGX:EXPA,4.6968279,4.92362163,4.66390621,4.82119842,1945091.10871973
2018-02-21,EGX:EXPA,4.82119842,4.99312242,4.81022477,4.90533172,1139306.81409966
2018-02-22,EGX:EXPA,4.90533172,5.1211518,4.85777824,5.00043868,2838469.6746783
2018-02-25,EGX:EXPA,5.00043868,5.09920376,4.95654333,5.0040968,563959.40837877
2018-02-26,EGX:EXPA,5.0040968,5.14309911,4.97483324,5.06262394,3036721.41988854
2018-02-27,EGX:EXPA,5.06262394,5.30770758,5.06262394,5.27844401,971321.82905117
2018-02-28,EGX:EXPA,5.27844401,5.34062927,5.16138902,5.23820679,313831.60432147
2018-03-01,EGX:EXPA,5.23820679,5.48694783,5.0918875,5.36989357,737405.4651586
2018-03-04,EGX:EXPA,5.36989357,5.36989357,5.16138902,5.2052851,303074.36488691
2018-03-05,EGX:EXPA,5.2052851,5.30405018,5.16138902,5.25649597,200390.00077491
2018-03-06,EGX:EXPA,5.25649597,5.46865792,5.23089054,5.39184088,339160.86304117
2018-03-07,EGX:EXPA,5.39184088,5.48694783,5.30405018,5.41013079,476545.15727096
2018-03-08,EGX:EXPA,5.41013079,5.48694783,5.23820679,5.45402614,1212210.88493287
2018-03-11,EGX:EXPA,5.45402614,5.47963231,5.2089425,5.30039205,257196.69006284
2018-03-12,EGX:EXPA,5.30039205,5.30405018,5.21625875,5.27112849,328758.16726708
2018-03-13,EGX:EXPA,5.27112849,5.48694783,5.21260062,5.38452535,821404.82868402
2018-03-14,EGX:EXPA,5.38452535,5.38452535,5.14675724,5.21991688,312858.67055554
2018-03-15,EGX:EXPA,5.21991688,5.39549901,5.09920376,5.23454866,1321437.81636065
2018-03-18,EGX:EXPA,5.23454866,5.23454866,5.0918875,5.1211518,134391.28611936
2018-03-19,EGX:EXPA,5.1211518,5.1211518,4.99678055,5.06628206,155569.08593106
2018-03-20,EGX:EXPA,5.06628206,5.15773089,4.89435807,5.08457198,579022.01714757
2018-03-21,EGX:EXPA,5.08457198,5.2089425,5.0040968,5.15773089,183813.02334784
2018-03-22,EGX:EXPA,5.15773089,5.41378892,5.04799215,5.27844401,852824.5428424
2018-03-25,EGX:EXPA,5.27844401,5.27844401,5.0882301,5.15041536,97072.13035488
2018-03-26,EGX:EXPA,5.15041536,5.15041536,5.02970224,5.08457198,147755.3833985
2018-03-27,EGX:EXPA,5.08457198,5.33697187,5.08457198,5.21991688,984717.5329357
2018-03-28,EGX:EXPA,5.21991688,5.21991688,5.03336037,5.09920376,315843.43346457
2018-03-29,EGX:EXPA,5.09920376,5.45036874,5.05530841,5.24918045,942918.4844072
2018-04-01,EGX:EXPA,5.24918045,5.24918045,5.0918875,5.13578358,156025.32040887
2018-04-02,EGX:EXPA,5.13578358,5.13578358,4.98580689,5.04067663,336193.96473519
2018-04-03,EGX:EXPA,5.04067663,5.08091385,4.95654333,4.97849064,115037.05001865
2018-04-04,EGX:EXPA,4.97849064,4.97849064,4.86509377,4.89435807,65094.49090134
2018-04-05,EGX:EXPA,4.89435807,5.11383554,4.89435807,5.08091385,251269.76445205
2018-04-10,EGX:EXPA,5.08091385,5.08091385,4.90167359,4.96020145,32938.20541735
2018-04-11,EGX:EXPA,4.96020145,5.04799215,4.90898985,4.97483324,46060.44345524
2018-04-12,EGX:EXPA,4.97483324,5.26747036,4.90167359,5.11017741,225532.36826274
2018-04-15,EGX:EXPA,5.11017741,5.11017741,4.90533172,4.92727976,100194.31328734
2018-04-16,EGX:EXPA,4.92727976,5.01507046,4.87241003,4.90533172,130631.47427815
2018-04-17,EGX:EXPA,4.90533172,5.09920376,4.90533172,5.00043868,384236.00492838
2018-04-18,EGX:EXPA,5.00043868,5.00043868,4.87606815,4.90167359,67506.21231264
2018-04-19,EGX:EXPA,4.90167359,5.1211518,4.86509377,5.05165028,515779.94816214
2018-04-22,EGX:EXPA,5.05165028,5.06628206,4.90167359,4.93825341,342990.75909433
2018-04-23,EGX:EXPA,4.93825341,4.95654333,4.84680386,4.90898985,76059.23457129
2018-04-24,EGX:EXPA,4.90898985,5.00775493,4.87241003,4.94556894,380641.09711529
2018-04-26,EGX:EXPA,4.94556894,5.10286189,4.94556894,5.06262394,452580.47938398
2018-04-29,EGX:EXPA,5.06262394,5.06262394,4.91264725,4.94556894,59660.90317469
2018-04-30,EGX:EXPA,4.94556894,4.94556894,4.82851468,4.88338368,116592.64468394
2018-05-02,EGX:EXPA,4.88338368,4.93825341,4.81022477,4.85412012,86799.98360304
2018-05-03,EGX:EXPA,4.85412012,5.04799215,4.37126836,4.85412012,354036.58057811
2018-05-06,EGX:EXPA,4.85412012,4.85412012,4.46271791,4.55782487,161008.17045866
2018-05-07,EGX:EXPA,4.55782487,4.55782487,4.25055596,4.32737301,1279223.75936138
2018-05-08,EGX:EXPA,4.32737301,4.44076987,4.26152962,4.38590087,960521.98940934
2018-05-09,EGX:EXPA,4.38590087,4.42613809,4.24689783,4.33468926,455190.08562903
2018-05-10,EGX:EXPA,4.33468926,4.35297917,4.18105445,4.23958158,380456.95428389
2018-05-13,EGX:EXPA,4.23958158,4.26152962,4.15179088,4.1883707,235899.33483074
2018-05-14,EGX:EXPA,4.1883707,4.23592418,4.11155293,4.17008079,343100.69511308
2018-05-15,EGX:EXPA,4.17008079,4.38955827,4.15179088,4.23226605,600623.07063146
2018-05-16,EGX:EXPA,4.23226605,4.23226605,4.14813275,4.18471257,261269.81955748
2018-05-17,EGX:EXPA,4.18471257,4.35297917,4.17373819,4.29810944,523648.61870408
2018-05-20,EGX:EXPA,4.29810944,4.29810944,4.17008079,4.1920281,107296.18009851
2018-05-21,EGX:EXPA,4.1920281,4.31639935,4.1920281,4.28713578,275854.20664473
2018-05-22,EGX:EXPA,4.28713578,4.31639935,4.17373819,4.21031801,144963.00852228
2018-05-23,EGX:EXPA,4.21031801,4.21397614,4.1078948,4.17739632,251973.35497204
2018-05-24,EGX:EXPA,4.17739632,4.2212924,4.15179088,4.18105445,138511.13842197
2018-05-27,EGX:EXPA,4.18105445,4.18105445,4.13350097,4.14813275,102600.5378977
2018-05-28,EGX:EXPA,4.14813275,4.18471257,4.1371591,4.14813275,123686.2662937
2018-05-29,EGX:EXPA,4.14813275,4.2249498,4.14447462,4.17373819,357124.40850471
2018-05-30,EGX:EXPA,4.17373819,4.1883707,4.11155293,4.12984284,126405.8085575
2018-05-31,EGX:EXPA,4.12984284,4.2249498,4.03473589,4.15544901,415837.11351769
2018-06-03,EGX:EXPA,4.15544901,4.1883707,4.09692115,4.14447462,82282.98743271
2018-06-04,EGX:EXPA,4.14447462,4.20665989,4.06765758,4.12618471,192716.46666625
2018-06-05,EGX:EXPA,4.12618471,4.12618471,4.02376223,4.03473589,180242.85113898
2018-06-06,EGX:EXPA,4.03473589,4.03473589,3.91768089,3.98352428,117309.97720628
2018-06-07,EGX:EXPA,3.98352428,4.09692115,3.9359708,3.99449794,246912.1755089
2018-06-10,EGX:EXPA,3.99449794,4.00913045,3.84817938,3.94694446,67903.35618037
2018-06-11,EGX:EXPA,3.94694446,4.00547232,3.8847592,3.95791884,80459.42372171
2018-06-12,EGX:EXPA,3.95791884,4.01278785,3.91402276,3.99084054,63743.65207097
2018-06-13,EGX:EXPA,3.99084054,3.99084054,3.98718241,3.99084054,5462.44593158
2018-06-14,EGX:EXPA,3.99084054,4.04205141,3.9688925,4.01278785,73125.31707094
2018-06-19,EGX:EXPA,4.01278785,4.04570954,3.99084054,4.02376223,62778.96350645
2018-06-20,EGX:EXPA,4.02376223,4.07863124,3.98718241,4.02376223,459423.99655109
2018-06-21,EGX:EXPA,4.02376223,4.06034132,4.02376223,4.03473589,105704.85622712
2018-06-24,EGX:EXPA,4.03473589,4.09692115,3.98718241,3.98718241,247204.88015881
2018-06-25,EGX:EXPA,4.02741963,4.02741963,3.98718241,3.99449794,42913.52491856
2018-06-26,EGX:EXPA,3.99449794,4.01644597,3.80428403,3.83720572,1143991.46269859
2018-06-27,EGX:EXPA,3.83720572,3.91402276,3.74941429,3.79331037,1296320.18447704
2018-06-28,EGX:EXPA,3.79331037,3.82257394,3.73112438,3.75307242,659749.40991498
2018-07-02,EGX:EXPA,3.75307242,3.78599411,3.73844064,3.7677042,196050.27643481
2018-07-03,EGX:EXPA,3.7677042,3.83720572,3.74941429,3.79696777,703339.04134885
2018-07-04,EGX:EXPA,3.79696777,3.8006259,3.73112438,3.75673055,399584.44734593
2018-07-05,EGX:EXPA,3.75673055,3.76404608,3.65796547,3.6835709,330928.02943713
2018-07-08,EGX:EXPA,3.6835709,3.6835709,3.54822673,3.60675386,448475.74328395
2018-07-09,EGX:EXPA,3.60675386,3.62138564,3.51896243,3.58846395,260309.25359366
2018-07-10,EGX:EXPA,3.58846395,3.58846395,3.54091047,3.55188413,251174.94463588
2018-07-11,EGX:EXPA,3.55188413,3.63236003,3.51164691,3.55554225,768852.66332167
2018-07-12,EGX:EXPA,3.55554225,3.57749029,3.50798878,3.53725234,1072458.84369928
2018-07-15,EGX:EXPA,3.53725234,3.58480582,3.51896243,3.5445686,165578.76043813
2018-07-16,EGX:EXPA,3.5445686,3.55188413,3.49335699,3.51530431,101145.25984951
2018-07-17,EGX:EXPA,3.51530431,3.54091047,3.48604074,3.51896243,61069.45841491
2018-07-18,EGX:EXPA,3.51896243,3.64699181,3.51896243,3.57749029,245386.81324876
2018-07-19,EGX:EXPA,3.57749029,3.63601743,3.51164691,3.60675386,2112442.58746018
2018-07-22,EGX:EXPA,3.60675386,3.60675386,3.50798878,3.56651591,72526.16576876
2018-07-24,EGX:EXPA,3.56651591,3.59212208,3.47872521,3.52262056,116823.51032332
2018-07-25,EGX:EXPA,3.52262056,3.52262056,3.41288182,3.45677717,146273.99554586
2018-07-26,EGX:EXPA,3.45677717,3.45677717,3.36532834,3.40190817,156246.5666466
2018-07-29,EGX:EXPA,3.40190817,3.50798878,3.36532834,3.40556629,147832.33861162
2018-07-30,EGX:EXPA,3.40556629,3.5445686,3.39459191,3.50067252,339263.92805875
2018-07-31,EGX:EXPA,3.50067252,3.58114842,3.50067252,3.55188413,207094.72371835
2018-08-01,EGX:EXPA,3.55188413,3.59943833,3.53359422,3.57383217,71374.58597236
2018-08-02,EGX:EXPA,3.57383217,3.6835709,3.56285851,3.61407012,343688.85281338
2018-08-05,EGX:EXPA,3.61407012,3.62138564,3.49701512,3.54091047,182168.10566731
2018-08-06,EGX:EXPA,3.54091047,3.58480582,3.51164691,3.57017404,129099.24101684
2018-08-07,EGX:EXPA,3.57017404,3.78599411,3.57017404,3.73112438,726510.80570061
2018-08-08,EGX:EXPA,3.73112438,3.83720572,3.69454529,3.74575689,356650.30942386
2018-08-09,EGX:EXPA,3.74575689,3.81160028,3.63967555,3.75673055,480211.52349623
2018-08-12,EGX:EXPA,3.75673055,3.75673055,3.65796547,3.69088716,125880.86406797
2018-08-13,EGX:EXPA,3.69088716,3.72746698,3.55920038,3.64333368,231074.51780791
2018-08-14,EGX:EXPA,3.64333368,3.7164926,3.56285851,3.63236003,364797.94261337
2018-08-15,EGX:EXPA,3.63236003,3.65430734,3.57749029,3.63236003,58362.28395322
2018-08-16,EGX:EXPA,3.63236003,3.65430734,3.58480582,3.61407012,62326.85162935
2018-08-19,EGX:EXPA,3.61407012,3.70551894,3.57383217,3.63601743,18843.03361353
2018-08-26,EGX:EXPA,3.63601743,3.63601743,3.58480582,3.59943833,71349.85036815
2018-08-27,EGX:EXPA,3.59943833,3.59943833,3.55554225,3.57383217,44148.93092925
2018-08-28,EGX:EXPA,3.57383217,3.63967555,3.57383217,3.61772824,96820.65171199
2018-08-29,EGX:EXPA,3.61772824,3.69454529,3.61041199,3.66893912,181644.53537802
2018-08-30,EGX:EXPA,3.66893912,3.73112438,3.62138564,3.67625538,286515.25206288
2018-09-02,EGX:EXPA,3.67625538,3.67625538,3.62138564,3.63967555,191760.02330314
2018-09-03,EGX:EXPA,3.63967555,3.65796547,3.58846395,3.59943833,208822.09341294
2018-09-04,EGX:EXPA,3.59943833,3.69454529,3.59943833,3.63967555,138529.00302501
2018-09-05,EGX:EXPA,3.63967555,3.63967555,3.58480582,3.5957802,56538.72024223
2018-09-06,EGX:EXPA,3.5957802,3.63967555,3.58480582,3.61407012,68344.4744556
2018-09-09,EGX:EXPA,3.61407012,3.69088716,3.61407012,3.66162359,197159.25602393
2018-09-10,EGX:EXPA,3.66162359,3.73478251,3.66162359,3.69820269,223688.19154823
2018-09-13,EGX:EXPA,3.6287019,3.70551894,3.62138564,3.66162359,303053.75188339
2018-09-16,EGX:EXPA,3.66162359,3.66162359,3.49701512,3.55188413,291175.1650576
2018-09-17,EGX:EXPA,3.55188413,3.55188413,3.38361826,3.50433065,171357.27242361
2018-09-18,EGX:EXPA,3.50433065,3.59943833,3.44580352,3.51896243,209874.73079246
2018-09-19,EGX:EXPA,3.51896243,3.51896243,3.22266791,3.31411674,381258.11302052
2018-09-20,EGX:EXPA,3.31411674,3.31411674,3.03976953,3.1531664,338766.46757391
2018-09-23,EGX:EXPA,3.1531664,3.2921687,3.13487648,3.18242996,312700.63752859
2018-09-24,EGX:EXPA,3.18242996,3.2921687,3.18242996,3.28851057,52502.69415391
2018-09-25,EGX:EXPA,3.28851057,3.39825004,3.28851057,3.33606478,147201.58070405
2018-09-26,EGX:EXPA,3.33606478,3.43482986,3.29582683,3.38361826,156798.99514081
2018-09-27,EGX:EXPA,3.38361826,3.43848726,3.33240665,3.37996013,274352.20578857
2018-09-30,EGX:EXPA,3.37996013,3.43117173,3.30314236,3.36167022,29273.21339231
2018-10-01,EGX:EXPA,3.36167022,3.36532834,3.27753692,3.30314236,78721.06042525
2018-10-02,EGX:EXPA,3.30314236,3.40190817,3.2921687,3.32874852,122843.88155004
2018-10-03,EGX:EXPA,3.32874852,3.40190817,3.31045861,3.35069656,173319.63035828
2018-10-04,EGX:EXPA,3.35069656,3.36532834,3.2372997,3.28851057,306647.28549624
2018-10-08,EGX:EXPA,3.28851057,3.28851057,3.14950827,3.20071987,16167.46575723
2018-10-09,EGX:EXPA,3.20071987,3.2921687,3.18242996,3.20803613,78510.80778939
2018-10-10,EGX:EXPA,3.20803613,3.21900978,3.14585014,3.20071987,117803.31509041
2018-10-11,EGX:EXPA,3.20071987,3.20071987,2.98124167,3.11292845,105111.20172587
2018-10-14,EGX:EXPA,3.11292845,3.34703843,3.10927032,3.2921687,40101.91123906
2018-10-15,EGX:EXPA,3.2921687,3.2921687,3.0361114,3.1239021,36373.70600324
2018-10-16,EGX:EXPA,3.1239021,3.26656326,3.1239021,3.204378,40868.71496983
2018-10-17,EGX:EXPA,3.204378,3.28851057,3.18608809,3.204378,71507.8833951
2018-10-18,EGX:EXPA,3.204378,3.2921687,3.18242996,3.26290513,172463.50361227
2018-10-21,EGX:EXPA,3.26290513,3.2921687,3.18242996,3.28485245,21991.32635044
2018-10-22,EGX:EXPA,3.28485245,3.2921687,3.21900978,3.28851057,117106.59557159
2018-10-23,EGX:EXPA,3.28851057,3.2921687,3.21900978,3.24827335,63966.27250894
2018-10-24,EGX:EXPA,3.24827335,3.24827335,3.0726905,3.16048192,124205.71398229
2018-10-25,EGX:EXPA,3.16048192,3.16048192,3.05440131,3.09098041,15507.84964474
2018-10-28,EGX:EXPA,3.09098041,3.24827335,3.09098041,3.18608809,36765.35307004
2018-10-29,EGX:EXPA,3.18608809,3.25558888,3.16414005,3.20803613,18267.24371533
2018-10-30,EGX:EXPA,3.20803613,3.28851057,3.18242996,3.22266791,157270.3458212
2018-10-31,EGX:EXPA,3.22266791,3.39825004,3.22266791,3.33240665,511669.71526118
2018-11-01,EGX:EXPA,3.33240665,3.33240665,3.30314236,3.32509039,68314.24205045
2018-11-04,EGX:EXPA,3.32509039,3.38361826,3.27387879,3.30680048,142507.31270348
2018-11-05,EGX:EXPA,3.30680048,3.30680048,3.10927032,3.17511443,169300.09467278
2018-11-06,EGX:EXPA,3.17511443,3.25558888,3.17511443,3.21535166,15164.29958615
2018-11-07,EGX:EXPA,3.21535166,3.2921687,3.21535166,3.27753692,235733.05660239
2018-11-08,EGX:EXPA,3.27753692,3.34338031,3.21900978,3.28485245,223079.42084441
2018-11-11,EGX:EXPA,3.28485245,3.2921687,3.23364157,3.28485245,204224.01942877
2018-11-12,EGX:EXPA,3.28485245,3.2921687,3.2409571,3.27022066,29343.29760426
2018-11-13,EGX:EXPA,3.27022066,3.27022066,3.23364157,3.2372997,22099.88816896
2018-11-14,EGX:EXPA,3.2372997,3.28851057,3.22998344,3.2409571,47317.83666968
2018-11-15,EGX:EXPA,3.2409571,3.25558888,3.22998344,3.24461522,177462.84406487
2018-11-18,EGX:EXPA,3.24461522,3.28485245,3.2372997,3.25193148,26131.79165657
2018-11-19,EGX:EXPA,3.25193148,3.31777487,3.25193148,3.2921687,213695.00744397
2018-11-22,EGX:EXPA,3.25193148,3.25558888,3.20071987,3.22998344,457109.84335643
2018-11-25,EGX:EXPA,3.22998344,3.24461522,3.0361114,3.09829666,143309.84564035
2018-11-26,EGX:EXPA,3.09829666,3.10927032,3.01416336,3.04342693,89170.47900731
2018-11-27,EGX:EXPA,3.04342693,3.10927032,3.02513775,3.06537497,106371.34334078
2018-11-28,EGX:EXPA,3.06537497,3.08000675,3.0361114,3.06537497,130198.60120433
2018-11-29,EGX:EXPA,3.06537497,3.0726905,3.01782149,3.03976953,107764.78237842
2018-12-02,EGX:EXPA,3.03976953,3.0726905,2.96660989,3.02147962,189105.06845036
2018-12-03,EGX:EXPA,3.02147962,3.02147962,2.92637266,2.95563623,118391.47279072
2018-12-04,EGX:EXPA,2.95563623,2.95563623,2.86052927,2.88979284,114516.22812983
2018-12-05,EGX:EXPA,2.88979284,2.99953158,2.84223936,2.92271454,69449.33144403
2018-12-06,EGX:EXPA,2.92271454,3.0361114,2.9007665,2.99221605,23234.97756254
2018-12-09,EGX:EXPA,2.99221605,2.99221605,2.87150293,2.87150293,39281.51369915
2018-12-10,EGX:EXPA,2.87150293,3.00684784,2.87150293,2.98124167,128968.69199458
2018-12-11,EGX:EXPA,2.98124167,2.99953158,2.95563623,2.9848998,32618.01676274
2018-12-12,EGX:EXPA,2.9848998,2.99953158,2.96295249,2.98124167,59452.02473907
2018-12-13,EGX:EXPA,2.98124167,3.14219201,2.93734632,3.10195479,754236.66962903
2018-12-16,EGX:EXPA,3.10195479,3.24827335,3.09463853,3.14585014,570422.27208096
2018-12-17,EGX:EXPA,3.14585014,3.26656326,3.10927032,3.21169353,202902.03880332
2018-12-18,EGX:EXPA,3.21169353,3.21169353,3.14585014,3.17511443,201959.33744255
2018-12-19,EGX:EXPA,3.17511443,3.18242996,3.11658657,3.14219201,46237.71528547
2018-12-20,EGX:EXPA,3.14219201,3.18242996,3.09098041,3.13853461,65556.22218009
2018-12-23,EGX:EXPA,3.13853461,3.17145631,3.00318971,3.08732301,69195.10440067
2018-12-24,EGX:EXPA,3.08732301,3.08732301,3.08732301,3.08732301,0.0
2018-12-25,EGX:EXPA,3.08732301,3.08732301,2.92637266,2.95929436,110212.23299581
2018-12-26,EGX:EXPA,2.95929436,3.03976953,2.95929436,3.01416336,51436.31477205
2018-12-27,EGX:EXPA,3.01416336,3.10561292,2.99953158,3.02879515,129302.62265153
2018-12-30,EGX:EXPA,3.02879515,3.05440131,3.02147962,3.03976953,43151.2615591
2018-12-31,EGX:EXPA,3.03976953,3.0726905,3.0361114,3.05440131,67077.46183952
2019-01-02,EGX:EXPA,3.05440131,3.09098041,3.05440131,3.08000675,47030.6288207
2019-01-03,EGX:EXPA,3.08000675,3.20071987,3.08000675,3.14219201,179679.42904289
2019-01-06,EGX:EXPA,3.14219201,3.16414005,3.12756023,3.14585014,57298.65297183
2019-01-08,EGX:EXPA,3.14585014,3.20071987,3.14585014,3.18242996,269234.68411582
2019-01-09,EGX:EXPA,3.18242996,3.23364157,3.18242996,3.20803613,32773.30138922
2019-01-10,EGX:EXPA,3.20803613,3.21535166,3.19340362,3.20071987,25571.11796095
2019-01-13,EGX:EXPA,3.20071987,3.20071987,3.18242996,3.18242996,34687.56231569
2019-01-14,EGX:EXPA,3.18242996,3.18974622,3.14585014,3.17145631,70894.99009057
2019-01-15,EGX:EXPA,3.17145631,3.21535166,3.14585014,3.16779818,205870.31130953
2019-01-16,EGX:EXPA,3.16779818,3.25558888,3.16779818,3.22266791,578295.0652236
2019-01-17,EGX:EXPA,3.22266791,3.35801209,3.19706175,3.27022066,892235.23136358
2019-01-20,EGX:EXPA,3.27022066,3.43482986,3.27022066,3.37264387,32800.78539391
2019-01-21,EGX:EXPA,3.37264387,3.37264387,3.2372997,3.2921687,188461.94274068
2019-01-22,EGX:EXPA,3.2921687,3.32874852,3.22266791,3.28485245,383902.07427143
2019-01-23,EGX:EXPA,3.28485245,3.31411674,3.22266791,3.28485245,106695.65459609
2019-01-27,EGX:EXPA,3.28485245,3.35069656,3.28485245,3.30680048,122318.93706052
2019-01-28,EGX:EXPA,3.30680048,3.30680048,3.25558888,3.2921687,134160.42047999
2019-01-29,EGX:EXPA,3.2921687,3.2921687,3.22632531,3.25558888,169852.52316699
2019-01-30,EGX:EXPA,3.25558888,3.2921687,3.2372997,3.25924701,779108.31967069
2019-01-31,EGX:EXPA,3.25924701,3.25924701,3.22998344,3.25193148,393379.9332878
2019-02-03,EGX:EXPA,3.25193148,3.32143227,3.21900978,3.28119505,1098504.06074108
2019-02-04,EGX:EXPA,3.28119505,3.32509039,3.22266791,3.28119505,909482.81850502
2019-02-05,EGX:EXPA,3.28119505,3.31045861,3.2409571,3.28119505,223645.59134097
2019-02-06,EGX:EXPA,3.28119505,3.42019808,3.28119505,3.36898647,398891.85042781
2019-02-07,EGX:EXPA,3.36898647,3.60675386,3.36898647,3.51896243,1445791.94396825
2019-02-10,EGX:EXPA,3.51896243,3.78233599,3.51530431,3.69820269,1143520.11201821
2019-02-11,EGX:EXPA,3.69820269,3.93231268,3.69820269,3.86281116,1536332.50060922
2019-02-12,EGX:EXPA,3.86281116,3.87744367,3.78599411,3.84452198,640892.63429911
2019-02-13,EGX:EXPA,3.84452198,3.87744367,3.80428403,3.84086385,267864.60648217
2019-02-14,EGX:EXPA,3.84086385,3.95060259,3.84086385,3.91768089,874323.90550895
2019-02-17,EGX:EXPA,3.91768089,4.02376223,3.87744367,3.9359708,558835.01570484
2019-02-18,EGX:EXPA,3.9359708,3.95060259,3.82988946,3.89939098,702247.92636277
2019-02-19,EGX:EXPA,3.89939098,3.94694446,3.75307242,3.79696777,825787.15323139
2019-02-20,EGX:EXPA,3.79696777,3.87012741,3.79696777,3.82623206,488922.57878183
2019-02-21,EGX:EXPA,3.82623206,3.84086385,3.77502046,3.82623206,566022.08293054
2019-02-24,EGX:EXPA,3.82623206,3.82623206,3.7677042,3.77502046,84202.7451601
2019-02-25,EGX:EXPA,3.77502046,3.81525768,3.7677042,3.78233599,72935.6774386
2019-02-26,EGX:EXPA,3.78233599,3.83720572,3.74941429,3.79331037,422558.32686394
2019-02-27,EGX:EXPA,3.79331037,3.80428403,3.69454529,3.75673055,191809.49451157
2019-02-28,EGX:EXPA,3.75673055,3.87744367,3.75673055,3.82623206,971022.25340008
2019-03-03,EGX:EXPA,3.82623206,3.84086385,3.72380885,3.74941429,250089.32645073
2019-03-04,EGX:EXPA,3.74941429,3.78599411,3.68722903,3.72380885,293754.53889749
2019-03-05,EGX:EXPA,3.72380885,3.72380885,3.58480582,3.67259725,990975.64080297
2019-03-06,EGX:EXPA,3.67259725,3.67259725,3.54822673,3.56651591,553244.76915147
2019-03-07,EGX:EXPA,3.56651591,3.65796547,3.56651591,3.64333368,163043.36100574
2019-03-10,EGX:EXPA,3.64333368,3.65064921,3.51164691,3.58480582,401633.37989536
2019-03-11,EGX:EXPA,3.58480582,3.58480582,3.56651591,3.57749029,37163.871138
2019-03-12,EGX:EXPA,3.57749029,3.61041199,3.54822673,3.57017404,236514.97653574
2019-03-13,EGX:EXPA,3.57017404,3.62138564,3.54822673,3.56651591,149106.22222887
2019-03-14,EGX:EXPA,3.56651591,3.56651591,3.40556629,3.48604074,379960.86799929
2019-03-17,EGX:EXPA,3.48604074,3.48604074,3.45311904,3.45311904,19270.40988641
2019-03-18,EGX:EXPA,3.45311904,3.47140896,3.36532834,3.43117173,324138.10607916
2019-03-19,EGX:EXPA,3.43117173,3.43848726,3.38361826,3.42751361,131626.39524783
2019-03-20,EGX:EXPA,3.42751361,3.43117173,3.35435396,3.37264387,250410.88930557
2019-03-21,EGX:EXPA,3.37264387,3.38361826,3.32874852,3.36167022,56505.7394366
2019-03-24,EGX:EXPA,3.36167022,3.40190817,3.35435396,3.36898647,39583.83775071
2019-03-25,EGX:EXPA,3.36898647,3.38361826,3.2921687,3.31045861,120278.24971249
2019-03-26,EGX:EXPA,3.31045861,3.32143227,3.26290513,3.28851057,608042.37769676
2019-03-27,EGX:EXPA,3.28851057,3.32874852,3.27022066,3.2921687,368739.14888551
2019-03-28,EGX:EXPA,3.2921687,3.32874852,3.28119505,3.2921687,472801.83583257
2019-03-31,EGX:EXPA,3.2921687,3.32874852,3.24827335,3.2921687,888090.64345675
2019-04-01,EGX:EXPA,3.2921687,3.38361826,3.27387879,3.32509039,490342.12762393
2019-04-02,EGX:EXPA,3.32509039,3.35069656,3.25558888,3.2921687,1110951.5664639
2019-04-03,EGX:EXPA,3.2921687,3.31777487,3.27753692,3.2921687,164630.56227643
2019-04-04,EGX:EXPA,3.2921687,3.31045861,3.28119505,3.2921687,186663.1146339
2019-04-07,EGX:EXPA,3.2921687,3.2921687,3.23364157,3.25193148,140760.70420561
2019-04-08,EGX:EXPA,3.25193148,3.2921687,3.22998344,3.25193148,155149.95485958
2019-04-09,EGX:EXPA,3.25193148,3.2921687,3.23364157,3.28485245,70812.53807651
2019-04-10,EGX:EXPA,3.28485245,3.37996013,3.24461522,3.31777487,290485.31653995
2019-04-11,EGX:EXPA,3.31777487,3.40190817,3.31411674,3.35801209,172926.60909125
2019-04-14,EGX:EXPA,3.35801209,3.38361826,3.32874852,3.34703843,39636.05735961
2019-04-15,EGX:EXPA,3.34703843,3.36532834,3.2921687,3.29948496,172014.14013564
2019-04-16,EGX:EXPA,3.29948496,3.29948496,3.2372997,3.27387879,194052.18929405
2019-04-17,EGX:EXPA,3.27387879,3.2921687,3.21900978,3.2372997,151692.46706994
2019-04-18,EGX:EXPA,3.2372997,3.27387879,3.20071987,3.21900978,47293.10106546
2019-04-21,EGX:EXPA,3.21900978,3.21900978,3.21900978,3.21900978,32800.78539391
2019-04-22,EGX:EXPA,3.21900978,3.25558888,3.16414005,3.19706175,189819.65257222
2019-04-23,EGX:EXPA,3.19706175,3.25558888,3.18242996,3.19706175,79134.69469579
2019-04-24,EGX:EXPA,3.19706175,3.2372997,3.18242996,3.20803613,97963.98630697
2019-04-30,EGX:EXPA,3.20803613,3.22632531,3.18242996,3.18974622,176221.94125324
2019-05-02,EGX:EXPA,3.18974622,3.2921687,3.18608809,3.27022066,161379.20452193
2019-05-05,EGX:EXPA,3.27022066,3.34703843,3.2372997,3.2921687,119761.55042437
2019-05-06,EGX:EXPA,3.2921687,3.32874852,3.18242996,3.21900978,220385.98838507
2019-05-07,EGX:EXPA,3.21900978,3.21900978,3.18242996,3.20071987,132310.74696454
2019-05-08,EGX:EXPA,3.20071987,3.20071987,3.02513775,3.09098041,702807.22585815
2019-05-09,EGX:EXPA,3.09098041,3.14585014,2.99953158,3.08732301,131961.70010501
2019-05-12,EGX:EXPA,3.08732301,3.13487648,3.06537497,3.0726905,86247.55510883
2019-05-13,EGX:EXPA,3.0726905,3.10927032,3.02147962,3.0690331,420649.56273842
2019-05-14,EGX:EXPA,3.0690331,3.18974622,3.0690331,3.1531664,192491.09782782
2019-05-15,EGX:EXPA,3.1531664,3.39825004,3.1531664,3.30314236,2515213.80514959
2019-05-16,EGX:EXPA,3.30314236,3.32874852,3.18974622,3.23364157,220858.71326569
2019-05-19,EGX:EXPA,3.23364157,3.24827335,3.08000675,3.11658657,553378.0665742
2019-05-20,EGX:EXPA,3.11658657,3.12756023,3.0726905,3.11658657,19403.70730915
2019-05-21,EGX:EXPA,3.11658657,3.17511443,3.0726905,3.09463853,211067.53659588
2019-05-22,EGX:EXPA,3.09463853,3.18242996,3.09463853,3.09463853,7397.31986155
2019-05-23,EGX:EXPA,3.09463853,3.17877183,3.09463853,3.14585014,115801.10534895
2019-05-26,EGX:EXPA,3.14585014,3.21900978,3.14585014,3.19340362,666642.39829053
2019-05-27,EGX:EXPA,3.19340362,3.19340362,3.10927032,3.14219201,71158.83653557
2019-05-28,EGX:EXPA,3.14219201,3.18242996,3.09463853,3.10927032,709414.38058495
2019-05-29,EGX:EXPA,3.10927032,3.10927032,3.0726905,3.09098041,202704.15396957
2019-05-30,EGX:EXPA,3.09098041,3.10927032,3.0726905,3.08366488,221650.25260068
2019-06-02,EGX:EXPA,3.08366488,3.09829666,3.0726905,3.0726905,163389.6594648
2019-06-03,EGX:EXPA,3.0726905,3.16414005,3.0726905,3.11658657,129202.30603442
2019-06-09,EGX:EXPA,3.11658657,3.18242996,3.11292845,3.17511443,136650.47130464
2019-06-10,EGX:EXPA,3.17511443,3.24827335,3.12756023,3.20071987,250166.28166386
2019-06-11,EGX:EXPA,3.20071987,3.24827335,3.1531664,3.21900978,188945.66122317
2019-06-12,EGX:EXPA,3.21900978,3.21900978,3.14585014,3.14950827,309726.86822144
2019-06-13,EGX:EXPA,3.14950827,3.21900978,3.14950827,3.18974622,54344.12246796
2019-06-16,EGX:EXPA,3.18974622,3.18974622,3.18242996,3.18242996,35387.03023497
2019-06-17,EGX:EXPA,3.18242996,3.18242996,3.11658657,3.17145631,217485.05169034
2019-06-18,EGX:EXPA,3.17145631,3.18242996,3.14585014,3.16048192,61202.75583764
2019-06-19,EGX:EXPA,3.16048192,3.16048192,3.07634862,3.11292845,866767.17842021
2019-06-20,EGX:EXPA,3.11292845,3.11292845,3.07634862,3.10561292,382310.75040004
2019-06-23,EGX:EXPA,3.10561292,3.10561292,3.05805871,3.0726905,163062.59980902
2019-06-24,EGX:EXPA,3.0726905,3.10195479,3.0726905,3.07634862,82116.70920435
2019-06-25,EGX:EXPA,3.07634862,3.07634862,3.0361114,3.0690331,108523.34090779
2019-06-26,EGX:EXPA,3.0690331,3.09829666,3.06171684,3.0726905,315267.64356637
2019-06-27,EGX:EXPA,3.0726905,3.0726905,3.04342693,3.0726905,408313.36723458
2019-07-02,EGX:EXPA,3.0726905,3.0726905,3.05440131,3.0690331,40486.68730468
2019-07-03,EGX:EXPA,3.0690331,3.12756023,3.05805871,3.10561292,128829.89777091
2019-07-04,EGX:EXPA,3.10561292,3.10927032,3.0726905,3.09098041,96247.61021426
2019-07-07,EGX:EXPA,3.09098041,3.09098041,3.0690331,3.0726905,17591.13720003
2019-07-08,EGX:EXPA,3.0726905,3.10195479,3.0726905,3.08366488,22454.43182942
2019-07-09,EGX:EXPA,3.08366488,3.20071987,3.08366488,3.17877183,1332225.28820037
2019-07-10,EGX:EXPA,3.17877183,3.17877183,3.08000675,3.11292845,75780.27192372
2019-07-11,EGX:EXPA,3.11292845,3.11292845,3.0726905,3.09463853,272901.05034109
2019-07-14,EGX:EXPA,3.09463853,3.09463853,3.00684784,3.05440131,52497.19735298
2019-07-15,EGX:EXPA,3.05440131,3.05440131,3.01050524,3.03245327,345741.90796352
2019-07-16,EGX:EXPA,3.03245327,3.10927032,3.03245327,3.10195479,301763.37786333
2019-07-17,EGX:EXPA,3.10195479,3.10195479,3.0361114,3.04708506,23989.4134912
2019-07-18,EGX:EXPA,3.04708506,3.10561292,3.04342693,3.0726905,13527.62710703
2019-07-21,EGX:EXPA,3.0726905,3.0726905,3.0361114,3.04708506,34168.1146271
2019-07-22,EGX:EXPA,3.04708506,3.0726905,3.03976953,3.06537497,31570.87618416
2019-07-24,EGX:EXPA,3.06537497,3.0726905,3.01050524,3.03245327,59801.07159859
2019-07-25,EGX:EXPA,3.03245327,3.0361114,3.01782149,3.03245327,18147.68829494
2019-07-28,EGX:EXPA,3.03245327,3.03245327,2.99953158,3.00318971,97235.66018276
2019-07-29,EGX:EXPA,3.00318971,3.00318971,2.92637266,2.95929436,349780.6824523
2019-07-30,EGX:EXPA,2.95929436,2.95929436,2.88979284,2.91174015,426083.15046507
2019-07-31,EGX:EXPA,2.91174015,2.92637266,2.87516106,2.92271454,262312.83753536
2019-08-01,EGX:EXPA,2.92271454,3.18242996,2.88979284,2.94466257,1785347.20247668
2019-08-04,EGX:EXPA,2.94466257,2.94466257,2.89345024,2.92271454,865254.18396218
2019-08-05,EGX:EXPA,2.92271454,2.92271454,2.74347428,2.80200141,2815047.80588388
2019-08-06,EGX:EXPA,2.80200141,2.85321302,2.80200141,2.82760758,691916.68900086
2019-08-07,EGX:EXPA,2.82760758,2.83492311,2.7288425,2.77273785,4601645.53057383
2019-08-08,EGX:EXPA,2.77273785,2.85321302,2.75078981,2.80565954,7411217.14852379
2019-08-14,EGX:EXPA,2.80565954,2.98855792,2.80565954,2.93368819,2490310.54850254
2019-08-15,EGX:EXPA,2.93368819,3.0361114,2.92637266,2.98855792,1506111.0890552
2019-08-18,EGX:EXPA,2.98855792,3.0361114,2.97392614,3.00318971,1911779.12083864
2019-08-19,EGX:EXPA,3.00318971,3.00318971,2.91174015,2.93368819,1184567.47301851
2019-08-20,EGX:EXPA,2.93368819,3.00318971,2.93368819,2.97758427,962590.16076205
2019-08-21,EGX:EXPA,2.97758427,3.0361114,2.97758427,2.99953158,1130817.00505179
2019-08-22,EGX:EXPA,2.99953158,3.0726905,2.99221605,3.04342693,3151567.45607462
2019-08-25,EGX:EXPA,3.04342693,3.06171684,2.99953158,3.02879515,903440.46007454
2019-08-26,EGX:EXPA,3.02879515,3.19706175,3.02879515,3.13487648,2392360.30419791
2019-08-27,EGX:EXPA,3.13487648,3.20071987,3.1202447,3.1531664,1325587.90106841
2019-08-28,EGX:EXPA,3.1531664,3.46775083,3.1531664,3.41288182,4600514.56378096
2019-08-29,EGX:EXPA,3.41288182,3.74575689,3.41288182,3.63601743,5489575.39260317
2019-09-01,EGX:EXPA,3.63601743,3.73112438,3.5445686,3.62138564,2059710.40186713
2019-09-02,EGX:EXPA,3.62138564,3.63236003,3.51164691,3.58114842,3197192.27805557
2019-09-03,EGX:EXPA,3.58114842,3.6835709,3.49701512,3.5445686,1413004.90057668
2019-09-04,EGX:EXPA,3.5445686,3.58480582,3.49701512,3.53359422,797027.89072673
2019-09-05,EGX:EXPA,3.53359422,3.58480582,3.51164691,3.52627869,265598.55029571
2019-09-08,EGX:EXPA,3.52627869,3.58480582,3.45677717,3.49335699,1059381.95426912
2019-09-09,EGX:EXPA,3.49335699,3.51896243,3.38361826,3.42751361,1165728.56200568
2019-09-10,EGX:EXPA,3.42751361,3.51164691,3.42751361,3.48604074,1212661.62260974
2019-09-11,EGX:EXPA,3.48604074,3.56285851,3.48238334,3.51530431,1377260.57828077
2019-09-12,EGX:EXPA,3.51530431,3.65430734,3.51164691,3.60309573,1902624.19887734
2019-09-15,EGX:EXPA,3.60309573,3.61041199,3.51530431,3.5445686,290365.76111956
2019-09-16,EGX:EXPA,3.5445686,3.5445686,3.47506708,3.48238334,1340910.23368151
2019-09-17,EGX:EXPA,3.48238334,3.49335699,3.31045861,3.38727638,1367770.35146229
2019-09-18,EGX:EXPA,3.38727638,3.41288182,3.32509039,3.35069656,632301.1344339
2019-09-19,EGX:EXPA,3.35069656,3.39093378,3.31045861,3.34338031,747295.58424528
2019-09-22,EGX:EXPA,3.34338031,3.34338031,2.96660989,3.03245327,2602305.11920232
2019-09-23,EGX:EXPA,3.03245327,3.13487648,2.89710837,3.02147962,870046.02017939
2019-09-24,EGX:EXPA,3.02147962,3.10927032,2.92637266,2.99221605,977452.13629664
2019-09-25,EGX:EXPA,2.99221605,3.18242996,2.99221605,3.13121836,841586.33332582
2019-09-26,EGX:EXPA,3.13121836,3.25558888,3.1202447,3.204378,692279.47786273
2019-09-29,EGX:EXPA,3.204378,3.39093378,3.204378,3.35435396,497891.98371149
2019-09-30,EGX:EXPA,3.35435396,3.38361826,3.29582683,3.33972218,661545.48962129
2019-10-01,EGX:EXPA,3.33972218,3.43848726,3.32874852,3.40190817,488334.42108153
2019-10-02,EGX:EXPA,3.40190817,3.45677717,3.24827335,3.29948496,838120.60033476
2019-10-03,EGX:EXPA,3.29948496,3.30314236,3.22998344,3.26656326,479279.81573734
2019-10-07,EGX:EXPA,3.26656326,3.36532834,3.25924701,3.28851057,548612.34016145
2019-10-08,EGX:EXPA,3.28851057,3.31777487,3.21900978,3.24461522,563100.53323229
2019-10-09,EGX:EXPA,3.24461522,3.2921687,3.24461522,3.28119505,214595.10859748
2019-10-10,EGX:EXPA,3.28119505,3.376302,3.28119505,3.33606478,824661.68323945
2019-10-13,EGX:EXPA,3.33606478,3.37264387,3.29582683,3.31777487,396188.79856683
2019-10-14,EGX:EXPA,3.31777487,3.37264387,3.31777487,3.35069656,547901.87864028
2019-10-15,EGX:EXPA,3.35069656,3.35069656,3.2921687,3.31045861,361795.3151013
2019-10-16,EGX:EXPA,3.31045861,3.35435396,3.30314236,3.32874852,481407.07770013
2019-10-17,EGX:EXPA,3.32874852,3.36532834,3.31045861,3.33240665,634778.81745645
2019-10-20,EGX:EXPA,3.33240665,3.35069656,3.29948496,3.32874852,564404.6492547
2019-10-21,EGX:EXPA,3.32874852,3.36532834,3.2921687,3.31777487,779259.48169647
2019-10-22,EGX:EXPA,3.31777487,3.34338031,3.31045861,3.32509039,593080.08554506
2019-10-23,EGX:EXPA,3.32509039,3.33606478,3.27753692,3.29582683,2552850.40116821
2019-10-24,EGX:EXPA,3.29582683,3.29582683,2.92271454,2.93734632,1205978.88687005
2019-10-27,EGX:EXPA,2.93734632,2.96660989,2.90808275,2.92637266,604189.12023962
2019-10-28,EGX:EXPA,2.92637266,2.93368819,2.88979284,2.90808275,974472.87018855
2019-10-29,EGX:EXPA,2.90808275,2.95929436,2.88979284,2.92637266,635902.91324815
2019-10-30,EGX:EXPA,2.92637266,2.9519781,2.90442462,2.91905641,833904.55401575
2019-10-31,EGX:EXPA,2.91905641,2.97392614,2.91905641,2.94831997,312919.13536586
2019-11-03,EGX:EXPA,2.94831997,3.09098041,2.94831997,3.04708506,1595512.43370188
2019-11-04,EGX:EXPA,3.04708506,3.0726905,3.01050524,3.03976953,390698.86863057
2019-11-05,EGX:EXPA,3.03976953,3.06537497,3.02147962,3.04342693,716979.35287509
2019-11-06,EGX:EXPA,3.04342693,3.04342693,2.9848998,3.00318971,413855.51677975
2019-11-07,EGX:EXPA,3.00318971,3.05440131,2.98124167,3.02879515,750083.8365208
2019-11-11,EGX:EXPA,3.02879515,3.0726905,2.9848998,3.02879515,1516761.14087148
2019-11-12,EGX:EXPA,3.02879515,3.0361114,2.98124167,2.98855792,87293.32148718
2019-11-13,EGX:EXPA,2.98855792,3.03245327,2.96295249,2.98855792,271408.66888658
2019-11-14,EGX:EXPA,2.98855792,3.05440131,2.97758427,3.02513775,347445.91625412
2019-11-17,EGX:EXPA,3.02513775,3.08732301,3.01050524,3.0361114,881704.73496769
2019-11-18,EGX:EXPA,3.0361114,3.0361114,2.97026801,2.99953158,346103.32262515
2019-11-19,EGX:EXPA,2.99953158,3.0361114,2.97026801,2.98124167,337396.38994026
2019-11-20,EGX:EXPA,2.98124167,2.98124167,2.95563623,2.96660989,264521.17731197
2019-11-21,EGX:EXPA,2.96660989,3.02879515,2.95563623,2.97392614,85428.53176915
2019-11-24,EGX:EXPA,2.97392614,2.97392614,2.93368819,2.95563623,630129.89806361
2019-11-25,EGX:EXPA,2.95563623,2.99953158,2.94100445,2.95563623,352934.47199015
2019-11-26,EGX:EXPA,2.95563623,2.96295249,2.91174015,2.93003006,520531.93257256
2019-11-27,EGX:EXPA,2.93003006,2.93003006,2.86418667,2.91539828,358611.29315829
2019-11-28,EGX:EXPA,2.91539828,2.92637266,2.9007665,2.92271454,91238.65036002
2019-12-01,EGX:EXPA,2.92271454,2.92637266,2.87150293,2.88979284,160568.42638366
2019-12-02,EGX:EXPA,2.88979284,2.88979284,2.76176419,2.80565954,1320544.58620831
2019-12-03,EGX:EXPA,2.80565954,2.8129758,2.74347428,2.77639598,1901337.94745798
2019-12-04,EGX:EXPA,2.77639598,2.88979284,2.77639598,2.84955489,2505084.57522213
2019-12-05,EGX:EXPA,2.84955489,2.84955489,2.77273785,2.7837115,1246869.58904363
2019-12-08,EGX:EXPA,2.7837115,2.8166332,2.74713241,2.80200141,285686.60932157
2019-12-09,EGX:EXPA,2.80200141,2.83492311,2.78005338,2.79834329,127546.39475202
2019-12-10,EGX:EXPA,2.79834329,2.84589749,2.79834329,2.83126498,291073.47424025
2019-12-11,EGX:EXPA,2.83126498,2.83126498,2.76542159,2.78005338,556446.65569753
2019-12-12,EGX:EXPA,2.78005338,2.8166332,2.75810606,2.78005338,317304.20831369
2019-12-15,EGX:EXPA,2.78005338,2.8166332,2.78005338,2.79834329,302730.81482832
2019-12-16,EGX:EXPA,2.79834329,2.79834329,2.76542159,2.78005338,178162.31198416
2019-12-17,EGX:EXPA,2.78005338,2.84223936,2.78005338,2.8129758,371242.94171251
2019-12-18,EGX:EXPA,2.8129758,2.86418667,2.8129758,2.84223936,245010.28238454
2019-12-19,EGX:EXPA,2.84223936,2.84955489,2.78736963,2.82394945,668680.33723808
2019-12-22,EGX:EXPA,2.82394945,2.84223936,2.78736963,2.8129758,184887.64793111
2019-12-23,EGX:EXPA,2.8129758,2.84589749,2.80565954,2.8166332,175464.75692411
2019-12-24,EGX:EXPA,2.8166332,2.83492311,2.79468589,2.82029133,77907.53388651
2019-12-25,EGX:EXPA,2.82029133,2.82029133,2.79834329,2.8129758,119277.83194188
2019-12-26,EGX:EXPA,2.8129758,2.83492311,2.79834329,2.8166332,428390.43265856
2019-12-29,EGX:EXPA,2.8166332,2.83492311,2.79102776,2.8129758,271120.08683736
2019-12-30,EGX:EXPA,2.8129758,2.8166332,2.79834329,2.8129758,79151.1850986
2019-12-31,EGX:EXPA,2.8129758,2.8166332,2.78005338,2.79468589,335265.00537676
2020-01-02,EGX:EXPA,2.79468589,2.84955489,2.79468589,2.83858124,108388.66928482
2020-01-05,EGX:EXPA,2.83858124,2.83858124,2.63739294,2.68494642,944592.26029265
2020-01-06,EGX:EXPA,2.68494642,2.70689446,2.55691777,2.63739294,681665.15525254
2020-01-08,EGX:EXPA,2.63739294,2.74347428,2.63739294,2.7288425,382636.43585558
2020-01-09,EGX:EXPA,2.7288425,2.78005338,2.7288425,2.76542159,368568.74805645
2020-01-12,EGX:EXPA,2.76542159,2.8166332,2.72518437,2.74713241,162545.9005209
2020-01-13,EGX:EXPA,2.74713241,2.78005338,2.7288425,2.74347428,188525.15595146
2020-01-14,EGX:EXPA,2.74347428,2.85321302,2.74347428,2.80200141,1322816.13919571
2020-01-15,EGX:EXPA,2.80200141,2.91905641,2.79834329,2.86052927,3282905.26927323
2020-01-16,EGX:EXPA,2.86052927,3.14585014,2.86052927,3.0361114,8604685.31646024
2020-01-19,EGX:EXPA,3.0361114,3.26290513,3.0361114,3.21535166,6844773.18612131
2020-01-20,EGX:EXPA,3.21535166,3.39825004,3.21535166,3.29582683,10419469.26215713
2020-01-21,EGX:EXPA,3.29582683,3.29582683,3.18242996,3.2372997,3447225.26229669
2020-01-22,EGX:EXPA,3.2372997,3.43848726,3.2372997,3.34338031,6631249.95370663
2020-01-23,EGX:EXPA,3.34338031,3.48969887,3.34338031,3.42751361,3122538.85032402
2020-01-26,EGX:EXPA,3.42751361,3.54091047,3.36532834,3.43117173,5533111.43022789
2020-01-27,EGX:EXPA,3.43117173,3.48238334,3.34703843,3.40556629,3030353.37600253
2020-01-28,EGX:EXPA,3.40556629,3.40556629,3.29582683,3.35069656,2115724.17761983
2020-01-29,EGX:EXPA,3.35069656,3.48238334,3.35069656,3.43848726,2992547.75335508
2020-01-30,EGX:EXPA,3.43848726,3.46775083,3.32874852,3.40190817,2284148.90674332
2020-02-02,EGX:EXPA,3.40190817,3.40190817,3.25924701,3.29948496,934524.86937574
2020-02-03,EGX:EXPA,3.29948496,3.36532834,3.27387879,3.32874852,1023283.08831274
2020-02-04,EGX:EXPA,3.32874852,3.4604353,3.32874852,3.39459191,1795433.83219688
2020-02-05,EGX:EXPA,3.39459191,3.40190817,3.31777487,3.35801209,815572.7228894
2020-02-06,EGX:EXPA,3.35801209,3.40190817,3.32874852,3.35069656,1065418.81589866
2020-02-09,EGX:EXPA,3.35069656,3.39459191,3.30314236,3.32143227,746398.23149225
2020-02-10,EGX:EXPA,3.32143227,3.33972218,3.24827335,3.28485245,1655426.18971969
2020-02-11,EGX:EXPA,3.28485245,3.36167022,3.27387879,3.29948496,1354806.14645135
2020-02-12,EGX:EXPA,3.29948496,3.44946164,3.25924701,3.37264387,4507192.62586565
2020-02-13,EGX:EXPA,3.37264387,3.56285851,3.37264387,3.50798878,5721559.63096622
2020-02-16,EGX:EXPA,3.50798878,3.54822673,3.44214539,3.47872521,1906849.86459799
2020-02-17,EGX:EXPA,3.47872521,3.51164691,3.43848726,3.47506708,1497151.30352718
2020-02-18,EGX:EXPA,3.47506708,3.48969887,3.36167022,3.39459191,2012668.77944456
2020-02-19,EGX:EXPA,3.39459191,3.40556629,3.36532834,3.39459191,655691.39662292
2020-02-20,EGX:EXPA,3.39459191,3.43848726,3.33606478,3.37264387,1484870.07603271
2020-02-23,EGX:EXPA,3.37264387,3.37264387,3.33972218,3.35435396,920972.50666449
2020-02-24,EGX:EXPA,3.35435396,3.35435396,3.12756023,3.25924701,2075466.98175429
2020-02-25,EGX:EXPA,3.25924701,3.33240665,3.17145631,3.26290513,1264547.30085843
2020-02-26,EGX:EXPA,3.26290513,3.35801209,3.24461522,3.29582683,1399921.14014535
2020-02-27,EGX:EXPA,3.29582683,3.29582683,3.16414005,3.20071987,1062919.14567236
2020-03-01,EGX:EXPA,3.20071987,3.20071987,3.0361114,3.07634862,2223211.37155091
2020-03-02,EGX:EXPA,3.07634862,3.13487648,2.93368819,3.02513775,1083369.99356009
2020-03-03,EGX:EXPA,3.02513775,3.12756023,3.00318971,3.05805871,2594266.04783132
2020-03-04,EGX:EXPA,3.05805871,3.06171684,2.97758427,3.01416336,521588.69255278
2020-03-05,EGX:EXPA,3.01416336,3.14585014,3.01416336,3.10927032,1120729.00113137
2020-03-08,EGX:EXPA,3.10927032,3.10927032,2.96295249,2.99953158,788891.25113909
2020-03-09,EGX:EXPA,2.99953158,2.99953158,2.85321302,2.94100445,2481319.15636913
2020-03-10,EGX:EXPA,2.94100445,3.23364157,2.88979284,3.01050524,2714794.40198647
2020-03-11,EGX:EXPA,3.01050524,3.18242996,3.01050524,3.10927032,802945.19693588
2020-03-15,EGX:EXPA,3.10927032,3.10927032,2.82760758,2.85321302,1508050.08558588
2020-03-16,EGX:EXPA,2.85321302,2.85321302,2.62276116,2.70689446,2670649.59365792
2020-03-17,EGX:EXPA,2.70689446,2.73615803,2.58252321,2.63007741,2528705.70305053
2020-03-18,EGX:EXPA,2.63007741,2.70323633,2.42157287,2.49839064,1531440.3477749
2020-03-19,EGX:EXPA,2.49839064,2.72518437,2.32280778,2.61910303,2242664.5500685
2020-03-22,EGX:EXPA,2.61910303,2.68128829,2.61544563,2.65568285,1234235.19208894
2020-03-23,EGX:EXPA,2.65568285,2.78005338,2.65568285,2.74347428,1752242.71883098
2020-03-24,EGX:EXPA,2.74347428,2.77639598,2.63373481,2.6959208,2178559.48333589
2020-03-25,EGX:EXPA,2.6959208,2.77639598,2.67031464,2.74347428,952689.0480735
2020-03-26,EGX:EXPA,2.74347428,2.92637266,2.73981615,2.84223936,4173828.139413
2020-03-29,EGX:EXPA,2.84223936,2.8678448,2.74713241,2.80931767,670345.86792213
2020-03-30,EGX:EXPA,2.80931767,2.80931767,2.74347428,2.77639598,724313.45952587
2020-03-31,EGX:EXPA,2.77639598,2.8166332,2.74347428,2.7837115,511607.87625063
2020-04-01,EGX:EXPA,2.7837115,2.8166332,2.74347428,2.77273785,296666.46919409
2020-04-02,EGX:EXPA,2.77273785,2.8129758,2.71055259,2.74713241,271911.62617235
2020-04-05,EGX:EXPA,2.74713241,2.74713241,2.67031464,2.68860455,209837.62738613
2020-04-06,EGX:EXPA,2.68860455,2.85321302,2.68860455,2.75444794,2097763.38055676
2020-04-07,EGX:EXPA,2.75444794,3.02879515,2.75444794,2.9519781,2812993.37653352
2020-04-08,EGX:EXPA,2.9519781,3.0726905,2.9519781,3.03245327,3403314.06800799
2020-04-09,EGX:EXPA,3.03245327,3.03245327,2.94466257,2.97026801,394699.16551278
2020-04-12,EGX:EXPA,2.97026801,2.99953158,2.89710837,2.97392614,585292.49281695
2020-04-13,EGX:EXPA,2.97392614,3.13487648,2.97392614,3.07634862,1854659.11389728
2020-04-14,EGX:EXPA,3.07634862,3.16414005,3.06537497,3.11658657,1705513.03986161
2020-04-15,EGX:EXPA,3.11658657,3.11658657,3.01782149,3.04342693,720928.80434864
2020-04-16,EGX:EXPA,3.04342693,3.21900978,2.99221605,3.06171684,1812232.05586168
2020-04-21,EGX:EXPA,3.06171684,3.06537497,2.98124167,3.02147962,888472.67112191
2020-04-22,EGX:EXPA,3.02147962,3.03976953,2.98855792,3.01050524,711677.68837094
2020-04-23,EGX:EXPA,3.01050524,3.14585014,3.00318971,3.10927032,2139822.15292955
2020-04-26,EGX:EXPA,3.10927032,3.1531664,3.07634862,3.11658657,1514691.59531853
2020-04-27,EGX:EXPA,3.11658657,3.17511443,3.08732301,3.13853461,1415220.11135447
2020-04-28,EGX:EXPA,3.13853461,3.19340362,3.13853461,3.16779818,1191880.96666576
2020-04-29,EGX:EXPA,3.16779818,3.20803613,3.1202447,3.16779818,887608.29917449
2020-04-30,EGX:EXPA,3.16779818,3.32874852,3.16048192,3.26656326,4406059.73381824
2020-05-03,EGX:EXPA,3.26656326,3.30314236,3.12756023,3.23364157,1906889.71640479
2020-05-04,EGX:EXPA,3.23364157,3.23364157,3.0726905,3.11292845,1686977.82710057
2020-05-05,EGX:EXPA,3.11292845,3.31045861,3.11292845,3.25193148,3004826.23244908
2020-05-06,EGX:EXPA,3.25193148,3.28485245,3.19340362,3.22632531,473392.74193335
2020-05-07,EGX:EXPA,3.22632531,3.22632531,3.00684784,3.08000675,2164049.3030613
2020-05-10,EGX:EXPA,3.08000675,3.10927032,2.92637266,3.00684784,5673130.06630695
2020-05-11,EGX:EXPA,3.00684784,3.00684784,2.91539828,2.93734632,1953704.59578869
2020-05-12,EGX:EXPA,2.93734632,3.10195479,2.92637266,3.00318971,4349435.81316148
2020-05-13,EGX:EXPA,3.00318971,3.0726905,2.93734632,2.99587345,1063269.56673212
2020-05-14,EGX:EXPA,2.99587345,2.99587345,2.92637266,2.94831997,1278496.8074374
2020-05-17,EGX:EXPA,2.94831997,3.0726905,2.93734632,3.02147962,801134.00102699
2020-05-18,EGX:EXPA,3.02147962,3.0726905,2.97026801,2.99587345,1121411.97864784
2020-05-19,EGX:EXPA,2.99587345,3.0361114,2.98124167,3.01416336,353992.60617061
2020-05-20,EGX:EXPA,3.01416336,3.01416336,2.95929436,2.96660989,426128.49907281
2020-05-21,EGX:EXPA,2.96660989,3.05440131,2.96295249,3.01782149,700523.30506865
2020-05-31,EGX:EXPA,3.01782149,3.01782149,2.97392614,2.98855792,699933.77316811
2020-06-01,EGX:EXPA,2.98855792,3.01416336,2.9519781,2.98124167,613951.43870451
2020-06-02,EGX:EXPA,2.98124167,3.0361114,2.98124167,3.01050524,449959.87953706
2020-06-03,EGX:EXPA,3.01050524,3.05440131,2.95929436,3.01782149,492522.98339585
2020-06-04,EGX:EXPA,3.01782149,3.10561292,2.98124167,3.04708506,964159.49742969
2020-06-07,EGX:EXPA,3.04708506,3.14585014,3.04708506,3.10195479,2652178.96830791
2020-06-08,EGX:EXPA,3.10195479,3.204378,3.10195479,3.17145631,2428413.82154655
2020-06-09,EGX:EXPA,3.17145631,3.19340362,3.10927032,3.14219201,1442988.57549016
2020-06-10,EGX:EXPA,3.14219201,3.14585014,3.08366488,3.10561292,397216.70034213
2020-06-11,EGX:EXPA,3.10561292,3.10561292,3.00318971,3.06537497,1461483.93644439
2020-06-14,EGX:EXPA,3.06537497,3.09463853,3.02147962,3.03976953,400679.68493271
2020-06-15,EGX:EXPA,3.03976953,3.06171684,2.94466257,3.00684784,1176298.91020837
2020-06-16,EGX:EXPA,3.00684784,3.09829666,3.00684784,3.06537497,860929.57582465
2020-06-17,EGX:EXPA,3.06537497,3.10195479,3.05440131,3.0726905,495608.06292199
2020-06-18,EGX:EXPA,3.0726905,3.09463853,3.03976953,3.07634862,520397.26094959
2020-06-21,EGX:EXPA,3.07634862,3.07634862,3.01416336,3.03245327,1549586.66186961
2020-06-22,EGX:EXPA,3.03245327,3.0726905,3.01050524,3.0361114,849974.45155634
2020-06-23,EGX:EXPA,3.0361114,3.0726905,3.01782149,3.0361114,1406818.2511216
2020-06-24,EGX:EXPA,3.0361114,3.18608809,3.0361114,3.13853461,2035020.14625641
2020-06-25,EGX:EXPA,3.13853461,3.13853461,3.05074319,3.08732301,2313923.70322118
2020-06-28,EGX:EXPA,3.08732301,3.14585014,3.0726905,3.09463853,717942.66723938
2020-06-29,EGX:EXPA,3.09463853,3.15682452,3.0726905,3.11292845,1301160.11770245
2020-06-30,EGX:EXPA,3.11292845,3.21900978,3.11292845,3.16779818,2527096.51457609
2020-07-05,EGX:EXPA,3.16779818,3.47872521,3.16048192,3.36532834,7221611.87118813
2020-07-06,EGX:EXPA,3.36532834,3.47140896,3.33240665,3.38361826,1032929.97395794
2020-07-07,EGX:EXPA,3.38361826,3.42019808,3.33606478,3.39459191,876574.84549283
2020-07-08,EGX:EXPA,3.39459191,3.47506708,3.33606478,3.40556629,1580724.66497995
2020-07-09,EGX:EXPA,3.40556629,3.42019808,3.29582683,3.36167022,1839695.44754534
2020-07-12,EGX:EXPA,3.36167022,3.69454529,3.36167022,3.63236003,6668055.15858346
2020-07-13,EGX:EXPA,3.63236003,3.89573285,3.58480582,3.74575689,4025088.8286467
2020-07-14,EGX:EXPA,3.74575689,3.80428403,3.60309573,3.70186082,2902989.74988168
2020-07-15,EGX:EXPA,3.70186082,3.74575689,3.376302,3.57017404,3488176.42928058
2020-07-16,EGX:EXPA,3.57017404,3.61772824,3.47506708,3.53725234,512153.43374367
2020-07-19,EGX:EXPA,3.53725234,3.58480582,3.47506708,3.50067252,501463.53012059
2020-07-20,EGX:EXPA,3.50067252,3.72015073,3.50067252,3.63967555,1364725.12374295
2020-07-21,EGX:EXPA,3.63967555,3.72015073,3.58480582,3.65430734,1865116.77768075
2020-07-22,EGX:EXPA,3.65430734,3.83354759,3.65430734,3.77136233,1822531.6866182
2020-07-26,EGX:EXPA,3.77136233,3.8847592,3.7677042,3.84452198,1712969.45033324
2020-07-27,EGX:EXPA,3.84452198,4.22860792,3.84452198,4.06399945,4894104.19865032
2020-07-28,EGX:EXPA,4.06399945,4.13350097,4.03839401,4.08594749,1347477.53660151
2020-07-29,EGX:EXPA,4.08594749,4.15179088,4.02376223,4.08960562,1481618.71827822
2020-08-04,EGX:EXPA,4.08960562,4.20665989,4.02376223,4.11886919,2105704.88371112
2020-08-05,EGX:EXPA,4.11886919,4.18471257,4.08228936,4.11886919,534001.84326974
2020-08-06,EGX:EXPA,4.11886919,4.15179088,4.02376223,4.08228936,4231033.34676889
2020-08-09,EGX:EXPA,4.08228936,4.09326302,4.00547232,4.02741963,669906.12384713
2020-08-10,EGX:EXPA,4.02741963,4.06765758,3.97255063,4.0201041,948001.6510741
2020-08-11,EGX:EXPA,4.0201041,4.09692115,4.00547232,4.0530258,1327994.12567877
2020-08-12,EGX:EXPA,4.0530258,4.1078948,3.99449794,4.03473589,1752326.54504527
2020-08-13,EGX:EXPA,4.03473589,4.29810944,4.03473589,4.19934436,7441694.16132141
2020-08-16,EGX:EXPA,4.19934436,4.37492648,4.14813275,4.26884587,4847250.84165985
2020-08-17,EGX:EXPA,4.26884587,4.26884587,4.13350097,4.19934436,835916.38315885
2020-08-18,EGX:EXPA,4.19934436,4.27981953,4.15179088,4.25421409,2074768.88803524
2020-08-19,EGX:EXPA,4.25421409,4.31639935,4.21031801,4.25055596,510901.53733017
2020-08-23,EGX:EXPA,4.25055596,4.27981953,4.22860792,4.25421409,207133.20132491
2020-08-24,EGX:EXPA,4.25421409,4.38955827,4.25421409,4.32005748,2654568.70251546
2020-08-25,EGX:EXPA,4.32005748,4.42613809,4.31639935,4.35297917,3378908.27184577
2020-08-26,EGX:EXPA,4.35297917,4.57245665,4.35297917,4.51027139,1853114.51283386
2020-08-27,EGX:EXPA,4.51027139,4.55050861,4.45174426,4.48100782,1131985.075251
2020-08-30,EGX:EXPA,4.48100782,4.51758692,4.27981953,4.44808613,11031210.98688478
2020-08-31,EGX:EXPA,4.44808613,4.44808613,4.1920281,4.23592418,1110785.28823554
2020-09-01,EGX:EXPA,4.23592418,4.29810944,4.04936767,4.15544901,1521862.17214142
2020-09-02,EGX:EXPA,4.15544901,4.15910641,4.04936767,4.11886919,514958.176422
2020-09-03,EGX:EXPA,4.11886919,4.19568623,4.06399945,4.1078948,1026471.23285646
2020-09-06,EGX:EXPA,4.1078948,4.12618471,4.00181419,4.02741963,1595028.71521939
2020-09-07,EGX:EXPA,4.02741963,4.09692115,4.00547232,4.02741963,510028.92018135
2020-09-08,EGX:EXPA,4.02741963,4.02741963,3.89573285,3.9688925,445686.1168082
2020-09-09,EGX:EXPA,3.9688925,4.02376223,3.90304911,4.01278785,534300.0447206
2020-09-10,EGX:EXPA,4.01278785,4.17008079,4.01278785,4.09326302,1255052.95143924
2020-09-13,EGX:EXPA,4.06399945,4.09326302,4.02741963,4.06765758,293827.37150991
2020-09-14,EGX:EXPA,4.06765758,4.11521106,4.04570954,4.06034132,207820.30144209
2020-09-15,EGX:EXPA,4.06034132,4.1078948,3.99449794,4.02741963,1051473.43192038
2020-09-16,EGX:EXPA,4.02741963,4.08960562,4.02376223,4.04205141,546666.47262959
2020-09-17,EGX:EXPA,4.04205141,4.07131571,3.99449794,4.03107776,1346132.19457208
2020-09-20,EGX:EXPA,4.03107776,4.06034132,4.01644597,4.02376223,606686.04206545
2020-09-21,EGX:EXPA,4.02376223,4.04570954,3.84086385,3.95426071,872764.18824295
2020-09-22,EGX:EXPA,3.95426071,3.98718241,3.88110107,3.9688925,674865.61249293
2020-09-23,EGX:EXPA,3.9688925,3.9688925,3.91402276,3.94694446,192661.49865688
2020-09-24,EGX:EXPA,3.94694446,4.00547232,3.87744367,3.9359708,835523.36189183
2020-09-27,EGX:EXPA,3.9359708,3.98718241,3.88110107,3.9359708,244740.93913861
2020-09-28,EGX:EXPA,3.9359708,4.09692115,3.80428403,4.03473589,1270321.6902432
2020-09-29,EGX:EXPA,4.03473589,4.17008079,4.02376223,4.08960562,1009556.20217173
2020-09-30,EGX:EXPA,4.08960562,4.12984284,4.02376223,4.07131571,925375.44421538
2020-10-01,EGX:EXPA,4.07131571,4.13350097,4.00547232,4.07863124,2627771.79794546
2020-10-04,EGX:EXPA,4.07863124,4.1078948,3.99084054,4.02741963,1834033.74257978
2020-10-05,EGX:EXPA,4.02741963,4.08228936,3.98718241,4.00181419,1695668.26938266
2020-10-06,EGX:EXPA,4.00181419,4.04205141,3.96157624,3.98718241,990999.00220695
2020-10-07,EGX:EXPA,3.98718241,4.38590087,3.95791884,4.33834666,10499818.74986009
2020-10-11,EGX:EXPA,4.33834666,4.76632869,4.33834666,4.5285613,17707538.83087909
2020-10-12,EGX:EXPA,4.5285613,4.90898985,4.5285613,4.78096047,11972006.33192991
2020-10-13,EGX:EXPA,4.78096047,4.93459529,4.62732638,4.78096047,5373548.91841578
2020-10-14,EGX:EXPA,4.78096047,5.02970224,4.78096047,4.93093716,4040504.60687574
2020-10-15,EGX:EXPA,4.93093716,4.97117511,4.82851468,4.90898985,1883105.0587485
2020-10-18,EGX:EXPA,4.90898985,4.90898985,4.71877521,4.79193485,1694887.72364954
2020-10-19,EGX:EXPA,4.79193485,4.86509377,4.7004853,4.76632869,1675560.97155352
2020-10-20,EGX:EXPA,4.76632869,5.15773089,4.74072325,5.02238671,5606536.32294992
2020-10-21,EGX:EXPA,5.02238671,5.11017741,4.77364494,4.91264725,2669257.52882052
2020-10-22,EGX:EXPA,4.91264725,4.97483324,4.71877521,4.80290851,3378443.79216656
2020-10-25,EGX:EXPA,4.80290851,4.85777824,4.68219539,4.74438138,3032662.03239625
2020-10-26,EGX:EXPA,4.74438138,4.82851468,4.66756361,4.69316977,2764736.96110377
2020-10-27,EGX:EXPA,4.69316977,5.02604411,4.68219539,4.86509377,6365371.06656311
2020-10-28,EGX:EXPA,4.86509377,5.23089054,4.86509377,5.09920376,6364840.62527265
2020-11-01,EGX:EXPA,5.09920376,5.3772091,5.07359832,5.2601541,4288184.96031564
2020-11-02,EGX:EXPA,5.2601541,5.66253069,5.2601541,5.48329043,8347106.59873225
2020-11-03,EGX:EXPA,5.48329043,5.57473926,5.35160366,5.43573696,2126293.15162229
2020-11-04,EGX:EXPA,5.43573696,5.47597418,5.25283857,5.34794553,2531334.54809886
2020-11-05,EGX:EXPA,5.34794553,5.4284207,5.34062927,5.3772091,867542.22735239
2020-11-08,EGX:EXPA,5.3772091,5.43573696,5.31502384,5.3772091,653825.23270466
2020-11-09,EGX:EXPA,5.3772091,5.47597418,5.30405018,5.40281526,1622661.13353187
2020-11-10,EGX:EXPA,5.40281526,5.48694783,5.33697187,5.38818275,2783421.96169035
2020-11-11,EGX:EXPA,5.38818275,5.81250738,5.35891919,5.61497721,7220618.32441869
2020-11-12,EGX:EXPA,5.61497721,5.77958568,5.61497721,5.684478,2684666.43604838
2020-11-15,EGX:EXPA,5.684478,5.72837408,5.49426409,5.65521443,1728607.84900024
2020-11-16,EGX:EXPA,5.65521443,5.65521443,5.36257731,5.46865792,4296869.90579679
2020-11-17,EGX:EXPA,5.46865792,5.63326639,5.36989357,5.51621213,4586975.94307205
2020-11-18,EGX:EXPA,5.51621213,5.62229274,5.38452535,5.47963231,2923097.04771082
2020-11-19,EGX:EXPA,5.47963231,5.48694783,5.3442874,5.42110445,1608866.91157938
2020-11-22,EGX:EXPA,5.42110445,5.46865792,5.26747036,5.32233936,819854.73081967
2020-11-23,EGX:EXPA,5.32233936,5.56742301,5.32233936,5.46865792,2466982.12532407
2020-11-24,EGX:EXPA,5.46865792,5.65155631,5.46865792,5.56376561,2894660.72226123
2020-11-25,EGX:EXPA,5.56376561,5.5966873,5.35160366,5.45402614,2722084.53422974
2020-11-26,EGX:EXPA,5.45402614,5.53450131,5.28210214,5.3772091,360109.17141374
2020-11-29,EGX:EXPA,5.3772091,5.5966873,5.34062927,5.49426409,2270362.92999224
2020-11-30,EGX:EXPA,5.49426409,5.5966873,5.45036874,5.52352766,2923517.55298253
2020-12-01,EGX:EXPA,5.52352766,5.70276791,5.50889587,5.6003447,3484959.42653195
2020-12-02,EGX:EXPA,5.6003447,6.14172432,5.6003447,5.84177094,14885589.79141826
2020-12-03,EGX:EXPA,5.84177094,6.39778162,5.84177094,6.1892778,17294406.14342261
2020-12-06,EGX:EXPA,6.1892778,6.29170101,5.9844321,6.09417011,6538638.47731248
2020-12-07,EGX:EXPA,6.09417011,6.10880263,5.98077325,6.03198485,1851907.96502809
2020-12-08,EGX:EXPA,6.03198485,6.29170101,6.03198485,6.17464529,10939814.30349781
2020-12-09,EGX:EXPA,6.17464529,6.17464529,5.90395548,5.9844321,2471104.72602714
2020-12-10,EGX:EXPA,5.9844321,6.09051271,5.87835077,5.96248334,4792855.87378323
2020-12-13,EGX:EXPA,5.96248334,6.09051271,5.91858799,6.01369567,1461835.73170439
2020-12-14,EGX:EXPA,6.01369567,6.11977628,5.94053603,6.01003682,2539868.33155423
2020-12-15,EGX:EXPA,6.01003682,6.03564298,5.86006085,5.9368779,542563.1107298
2020-12-16,EGX:EXPA,5.9368779,5.99906316,5.70642604,5.86371898,2514809.79028069
2020-12-17,EGX:EXPA,5.86371898,5.86371898,5.71008417,5.76495317,3618311.81727413
2020-12-20,EGX:EXPA,5.76495317,5.8527446,5.64058265,5.77958568,737478.29777102
2020-12-21,EGX:EXPA,5.77958568,5.77958568,5.20162697,5.21625875,4809357.27019741
2020-12-22,EGX:EXPA,5.21625875,5.26747036,4.96020145,5.06628206,4152528.03578044
2020-12-23,EGX:EXPA,5.06628206,5.2089425,4.99312242,5.06994019,3151611.43048212
2020-12-24,EGX:EXPA,5.06994019,5.19431071,5.05530841,5.11749367,2271919.89885776
2020-12-27,EGX:EXPA,5.11749367,5.19431071,5.01141233,5.08457198,825401.00296554
2020-12-28,EGX:EXPA,5.08457198,5.1723634,5.01141233,5.07359832,334286.5748099
2020-12-29,EGX:EXPA,5.07359832,5.21260062,5.04799215,5.15041536,1471584.30816693
2020-12-30,EGX:EXPA,5.15041536,5.41013079,5.15041536,5.28576027,3398158.06872867
2020-12-31,EGX:EXPA,5.28576027,5.31502384,5.14675724,5.23454866,1376128.23728766
2021-01-03,EGX:EXPA,5.23454866,5.23454866,5.06994019,5.11749367,1097713.89560632
2021-01-04,EGX:EXPA,5.11749367,5.11749367,5.01507046,5.05165028,808261.97764261
2021-01-05,EGX:EXPA,5.05165028,5.11383554,5.03336037,5.06994019,208699.78959208
2021-01-06,EGX:EXPA,5.06994019,5.14675724,4.99678055,5.05165028,897013.32557845
2021-01-10,EGX:EXPA,5.05165028,5.15407349,5.02970224,5.0882301,1288184.91908963
2021-01-11,EGX:EXPA,5.0882301,5.25283857,5.08457198,5.16870527,3125075.62395665
2021-01-12,EGX:EXPA,5.16870527,5.20162697,4.87241003,5.01507046,3291516.00794172
2021-01-13,EGX:EXPA,5.01507046,5.06628206,4.90533172,4.98214876,1029662.12580064
2021-01-14,EGX:EXPA,4.98214876,5.05530841,4.95654333,5.01141233,909919.81417955
2021-01-17,EGX:EXPA,5.01141233,5.05165028,4.96385885,4.99312242,727783.31511762
2021-01-18,EGX:EXPA,4.99312242,5.11749367,4.93825341,5.00043868,1385531.88949138
2021-01-19,EGX:EXPA,5.00043868,5.00775493,4.89801547,4.94922707,879009.92830811
2021-01-20,EGX:EXPA,4.94922707,5.08457198,4.94922707,5.0040968,1195981.58016509
2021-01-21,EGX:EXPA,5.0040968,5.10652001,4.99678055,5.05165028,1071719.52397319
2021-01-24,EGX:EXPA,5.05165028,5.08457198,5.01141233,5.04433403,1012054.4981978
2021-01-25,EGX:EXPA,5.04433403,5.10286189,4.9528852,5.0040968,2890336.1141237
2021-01-26,EGX:EXPA,5.0040968,5.06262394,4.97849064,5.00775493,1199072.15649216
2021-01-27,EGX:EXPA,5.00775493,5.02970224,4.95654333,4.99312242,976437.97652369
2021-01-31,EGX:EXPA,4.99312242,4.99312242,4.90898985,4.9528852,442361.92644129
2021-02-01,EGX:EXPA,4.9528852,5.01141233,4.91264725,4.96751698,245863.66073008
2021-02-02,EGX:EXPA,4.96751698,5.2089425,4.96751698,5.13578358,2133232.8628058
2021-02-03,EGX:EXPA,5.13578358,5.25283857,5.13578358,5.19065259,973385.87780317
2021-02-04,EGX:EXPA,5.19065259,5.24918045,5.15773089,5.18333706,1066166.38082615
2021-02-07,EGX:EXPA,5.18333706,5.34062927,5.18333706,5.27112849,1409908.82744867
2021-02-08,EGX:EXPA,5.27112849,5.34062927,5.16138902,5.23820679,846493.60236271
2021-02-09,EGX:EXPA,5.23820679,5.23820679,5.15773089,5.18333706,341758.10148411
2021-02-10,EGX:EXPA,5.18333706,5.23089054,5.04799215,5.13944171,795902.42073479
2021-02-11,EGX:EXPA,5.13944171,5.21991688,5.08457198,5.1248092,313412.47324999
2021-02-14,EGX:EXPA,5.1248092,5.1760208,4.94191154,5.04067663,1000501.59682754
2021-02-15,EGX:EXPA,5.04067663,5.04067663,4.91264725,4.95654333,733704.74392747
2021-02-16,EGX:EXPA,4.95654333,5.02238671,4.95654333,4.99312242,462128.42261231
2021-02-17,EGX:EXPA,4.99312242,5.02970224,4.90167359,4.91630538,708771.25487527
2021-02-18,EGX:EXPA,4.91630538,5.00775493,4.90167359,4.94922707,547431.90216013
2021-02-21,EGX:EXPA,4.94922707,4.97483324,4.90167359,4.93093716,219767.59827961
2021-02-22,EGX:EXPA,4.93093716,4.93825341,4.87241003,4.90533172,527824.8132163
2021-02-23,EGX:EXPA,4.90533172,4.93825341,4.82851468,4.87241003,962459.61173979
2021-02-24,EGX:EXPA,4.87241003,4.89801547,4.79559298,4.8358302,735792.15408347
2021-02-25,EGX:EXPA,4.8358302,4.9199635,4.8358302,4.88704181,423426.82141206
2021-02-28,EGX:EXPA,4.88704181,4.89069994,4.60903647,4.80656664,348883.32969926
2021-03-01,EGX:EXPA,4.80656664,4.86143637,4.60903647,4.77730307,514959.55062223
2021-03-02,EGX:EXPA,4.77730307,4.88338368,4.64927369,4.76998682,2312178.46892354
2021-03-03,EGX:EXPA,4.76998682,4.84314646,4.53587683,4.63830004,356761.61964284
2021-03-04,EGX:EXPA,4.63830004,4.75535503,4.53587683,4.66390621,111253.87677346
2021-03-07,EGX:EXPA,4.66390621,4.82485655,4.616352,4.67853799,704722.86098485
2021-03-08,EGX:EXPA,4.67853799,4.75535503,4.53587683,4.64195817,1000709.10106293
2021-03-09,EGX:EXPA,4.64195817,4.77364494,4.62732638,4.71877521,1677192.1472317
2021-03-10,EGX:EXPA,4.71877521,4.75535503,4.62732638,4.66390621,963682.64994837
2021-03-11,EGX:EXPA,4.66390621,4.66390621,4.60903647,4.63098451,359804.09896171
2021-03-14,EGX:EXPA,4.63098451,4.71145968,4.59074656,4.63098451,328490.19822138
2021-03-15,EGX:EXPA,4.63098451,4.66390621,4.57245665,4.62366826,681023.40374309
2021-03-16,EGX:EXPA,4.62366826,4.65658995,4.53587683,4.59440469,673179.46880537
2021-03-17,EGX:EXPA,4.59440469,4.72974959,4.54685121,4.59806282,991750.68973515
2021-03-18,EGX:EXPA,4.59806282,4.71877521,4.59074656,4.65293182,249314.27751856
2021-03-21,EGX:EXPA,4.65293182,4.71877521,4.40784818,4.60903647,674765.29587582
2021-03-22,EGX:EXPA,4.60903647,4.6126946,4.15179088,4.45905978,913536.70919638
2021-03-23,EGX:EXPA,4.45905978,4.46271791,4.09692115,4.23226605,1460391.44725808
2021-03-24,EGX:EXPA,4.23226605,4.47369157,4.23226605,4.40784818,557605.10649509
2021-03-25,EGX:EXPA,4.40784818,4.54319308,4.13350097,4.3602947,695302.71837832
2021-03-28,EGX:EXPA,4.3602947,4.49198148,4.25055596,4.29810944,838593.32521538
2021-03-29,EGX:EXPA,4.29810944,4.35297917,4.24323971,4.28713578,189072.08764473
2021-03-30,EGX:EXPA,4.28713578,4.38955827,4.23226605,4.33468926,646906.13452467
2021-03-31,EGX:EXPA,4.33468926,4.35297917,4.18471257,4.26884587,308797.90886301
2021-04-01,EGX:EXPA,4.26884587,4.46271791,4.23592418,4.3932164,756429.89320307
2021-04-04,EGX:EXPA,4.3932164,4.47369157,4.26884587,4.34200479,371941.03543157
2021-04-05,EGX:EXPA,4.34200479,4.38590087,4.02376223,4.23226605,703383.01575635
2021-04-06,EGX:EXPA,4.23226605,4.31639935,4.1371591,4.25787149,694953.67151879
2021-04-07,EGX:EXPA,4.25787149,4.29445131,4.2249498,4.26152962,77995.48270151
2021-04-08,EGX:EXPA,4.26152962,4.38590087,4.22860792,4.30542497,366143.28464281
2021-04-11,EGX:EXPA,4.30542497,4.55782487,4.30542497,4.47369157,642826.13402885
2021-04-12,EGX:EXPA,4.47369157,4.63098451,4.39687452,4.5285613,663006.26447041
2021-04-13,EGX:EXPA,4.5285613,4.54319308,4.42613809,4.47369157,110102.29697707
2021-04-14,EGX:EXPA,4.47369157,4.47369157,4.24689783,4.35663657,462781.16772363
2021-04-15,EGX:EXPA,4.35663657,4.50295513,4.31639935,4.41882256,105034.24651275
2021-04-18,EGX:EXPA,4.41882256,4.46637604,4.32737301,4.40419005,441432.96708286
2021-04-19,EGX:EXPA,4.40419005,4.42613809,4.28713578,4.38590087,95678.69131724
2021-04-20,EGX:EXPA,4.38590087,4.49563961,4.34566292,4.45540166,396618.92324018
2021-04-21,EGX:EXPA,4.45540166,4.46271791,4.38955827,4.38955827,24738.35261893
2021-04-22,EGX:EXPA,4.38955827,4.42613809,4.37492648,4.3932164,214798.49023216
2021-04-25,EGX:EXPA,4.3932164,4.46271791,4.33834666,4.42613809,238823.63292946
2021-04-26,EGX:EXPA,4.42613809,4.42613809,4.25055596,4.31274122,36135.9693627
2021-04-27,EGX:EXPA,4.31274122,4.54685121,4.31274122,4.48466595,565941.00511671
2021-04-28,EGX:EXPA,4.48466595,4.48466595,4.38955827,4.40784818,198445.50744329
2021-05-04,EGX:EXPA,4.40784818,4.59074656,4.40784818,4.55050861,812795.46421576
2021-05-05,EGX:EXPA,4.55050861,4.56148299,4.47369157,4.51392952,72317.28733313
2021-05-06,EGX:EXPA,4.51392952,4.57245665,4.44808613,4.51392952,686888.49034334
2021-05-09,EGX:EXPA,4.51392952,4.51392952,4.42613809,4.45905978,373426.54588491
2021-05-10,EGX:EXPA,4.45905978,4.46271791,4.35297917,4.41150631,530893.40233962
2021-05-11,EGX:EXPA,4.41150631,4.66024808,4.41150631,4.56148299,1119211.88407263
2021-05-17,EGX:EXPA,4.56148299,4.68219539,4.53587683,4.58708843,467186.85367498
2021-05-18,EGX:EXPA,4.58708843,4.60172022,4.48466595,4.50661326,423709.90666033
2021-05-19,EGX:EXPA,4.50661326,4.55416674,4.47003344,4.48466595,290820.62139713
2021-05-20,EGX:EXPA,4.48466595,4.51392952,4.44076987,4.46637604,765948.97822647
2021-05-23,EGX:EXPA,4.46637604,4.48100782,4.42613809,4.45174426,144384.47022362
2021-05-24,EGX:EXPA,4.45174426,4.46271791,4.35297917,4.39687452,280018.03335484
2021-05-25,EGX:EXPA,4.39687452,4.41150631,4.31639935,4.35663657,94414.42710163
2021-05-26,EGX:EXPA,4.35663657,4.57245665,4.31639935,4.47369157,1651924.72752255
2021-05-27,EGX:EXPA,4.47369157,4.64561629,4.47369157,4.57977291,2233141.34244439
2021-05-30,EGX:EXPA,4.57977291,4.57977291,4.41150631,4.48466595,801544.88689707
2021-05-31,EGX:EXPA,4.48466595,4.79193485,4.444428,4.63464191,2542091.78753342
2021-06-01,EGX:EXPA,4.63464191,4.93825341,4.62366826,4.80290851,4911832.75587378
2021-06-02,EGX:EXPA,4.80290851,4.97483324,4.71877521,4.83217208,2453366.54940204
2021-06-03,EGX:EXPA,4.83217208,4.84680386,4.68219539,4.76267129,1972976.37987534
2021-06-06,EGX:EXPA,4.76267129,4.88338368,4.68219539,4.77730307,799178.5140935
2021-06-07,EGX:EXPA,4.77730307,4.97117511,4.74438138,4.88338368,2017472.98346388
2021-06-08,EGX:EXPA,4.88338368,5.11017741,4.76998682,4.93825341,1659374.26699301
2021-06-09,EGX:EXPA,4.93825341,5.04799215,4.90533172,4.99312242,774807.07293715
2021-06-10,EGX:EXPA,4.99312242,5.07725572,4.90533172,4.98580689,881247.12628965
2021-06-13,EGX:EXPA,4.98580689,5.07725572,4.93825341,5.03336037,504786.34628727
2021-06-14,EGX:EXPA,5.03336037,5.0370185,4.90167359,4.94922707,1812041.0420291
2021-06-15,EGX:EXPA,4.94922707,5.0040968,4.78827673,4.89069994,1517380.90517717
2021-06-16,EGX:EXPA,4.89069994,4.93093716,4.82851468,4.88704181,551378.60523321
2021-06-17,EGX:EXPA,4.88704181,4.99312242,4.81022477,4.92362163,567650.51020825
2021-06-20,EGX:EXPA,4.92362163,4.93459529,4.79193485,4.82851468,1541796.32074103
2021-06-21,EGX:EXPA,4.82851468,4.97483324,4.6126946,4.76998682,2446575.25184384
2021-06-22,EGX:EXPA,4.76998682,5.01141233,4.76998682,4.9528852,931077.00098773
2021-06-23,EGX:EXPA,4.9528852,5.11749367,4.94191154,5.03336037,1094539.49306495
2021-06-24,EGX:EXPA,5.03336037,5.1211518,4.92362163,5.02604411,1387542.34443425
2021-06-27,EGX:EXPA,5.02604411,5.05896581,4.91264725,5.00043868,176373.10327902
2021-06-28,EGX:EXPA,5.00043868,5.01872859,4.82851468,4.91630538,767870.1101541
2021-06-29,EGX:EXPA,4.91630538,4.91630538,4.74803878,4.76632869,373131.09283452
2021-06-30,EGX:EXPA,4.76632869,4.88338368,4.74803878,4.81754029,157322.5654301
2021-07-04,EGX:EXPA,4.81754029,4.84680386,4.75535503,4.81754029,26768.04636508
2021-07-05,EGX:EXPA,4.81754029,4.87241003,4.75535503,4.79193485,277288.8716894
2021-07-06,EGX:EXPA,4.79193485,4.79193485,4.68585352,4.73706512,575236.09550191
2021-07-07,EGX:EXPA,4.73706512,4.81022477,4.71145968,4.74803878,140025.50708023
2021-07-08,EGX:EXPA,4.74803878,4.75535503,4.64561629,4.6968279,200553.5306028
2021-07-11,EGX:EXPA,4.6968279,4.81022477,4.51392952,4.72974959,433249.60468725
2021-07-12,EGX:EXPA,4.73194578,4.81095828,4.43784526,4.67049185,97494.00982682
2021-07-13,EGX:EXPA,4.67049185,4.82412667,4.652934,4.77145167,104965.53650103
2021-07-14,EGX:EXPA,4.77145167,4.82851613,4.67488132,4.76267274,226722.4256657
2021-07-15,EGX:EXPA,4.76267274,4.78462078,4.60903793,4.64415508,607386.88418497
2021-07-18,EGX:EXPA,4.64415508,4.69243989,4.38956045,4.4861308,1147983.5143794
2021-07-25,EGX:EXPA,4.4861308,4.58270115,4.4334558,4.47735115,682232.69994933
2021-07-26,EGX:EXPA,4.47735115,4.54319454,4.4334558,4.48174134,336720.28342495
2021-07-27,EGX:EXPA,4.48174134,4.55636365,4.4334558,4.47296169,685009.95862297
2021-07-28,EGX:EXPA,4.47296169,4.60464847,4.44662419,4.50368865,623680.77636377
2021-07-29,EGX:EXPA,4.50368865,4.57831169,4.45540384,4.47296169,261049.94751998
2021-08-01,EGX:EXPA,4.47296169,4.60464847,4.47296169,4.53880508,780405.56469193
2021-08-02,EGX:EXPA,4.53880508,4.89435952,4.53880508,4.74511489,3720035.61542232
2021-08-03,EGX:EXPA,4.74511489,5.00409899,4.74511489,4.90313844,2419807.20547876
2021-08-04,EGX:EXPA,4.90313844,5.11383772,4.85046417,5.02165684,3312093.28225101
2021-08-05,EGX:EXPA,5.02165684,5.15334361,4.9382556,5.03043576,1147637.21592035
2021-08-08,EGX:EXPA,5.03043576,5.35526324,5.03043576,5.25869289,4419441.69570043
2021-08-09,EGX:EXPA,5.25869289,5.43427574,5.19723969,5.2981995,2812020.44276759
2021-08-10,EGX:EXPA,5.2981995,5.60985787,5.26747254,5.44744413,3904671.78471054
2021-08-11,EGX:EXPA,5.44744413,5.44744413,5.18407058,5.27625147,1885162.23649934
2021-08-15,EGX:EXPA,5.27625147,5.3859902,5.1050588,5.1928495,719345.72567866
2021-08-16,EGX:EXPA,5.1928495,5.28941985,5.0523838,5.20162915,956892.7265904
2021-08-17,EGX:EXPA,5.20162915,5.31136789,5.10066934,5.21040808,2615362.7698292
2021-08-18,EGX:EXPA,5.21040808,5.31136789,5.11383772,5.21040808,1592461.70918161
2021-08-19,EGX:EXPA,5.21040808,5.21040808,5.00409899,5.09188969,882369.84788112
2021-08-22,EGX:EXPA,5.09188969,5.24991396,5.06994238,5.16651273,736752.72004728
2021-08-23,EGX:EXPA,5.16651273,5.30697843,5.14456469,5.23674558,1046218.49022419
2021-08-24,EGX:EXPA,5.23674558,5.33331593,5.04799434,5.11822719,1702951.53062476
2021-08-25,EGX:EXPA,5.11822719,5.219187,5.07433184,5.13578576,914223.80931356
2021-08-26,EGX:EXPA,5.13578576,5.26747254,5.03921541,5.17090219,1413432.27684957
2021-08-29,EGX:EXPA,5.17090219,5.20162915,5.09188969,5.14017523,666663.01129404
2021-08-30,EGX:EXPA,5.14017523,5.24113504,5.01287791,5.09627915,1010303.76709923
2021-08-31,EGX:EXPA,5.09627915,5.12700611,5.00409899,5.03921541,449147.72719855
2021-09-01,EGX:EXPA,5.03921541,5.17968111,5.03043576,5.09627915,260802.5914778
2021-09-02,EGX:EXPA,5.09627915,5.17968111,5.03043576,5.07433184,788413.02945753
2021-09-05,EGX:EXPA,5.07433184,5.17529165,4.94703452,4.95581345,419148.9360825
2021-09-06,EGX:EXPA,4.95581345,4.96020291,4.60903793,4.86802202,731582.97876562
2021-09-07,EGX:EXPA,4.86802202,4.9382556,4.652934,4.82851613,395261.21340864
2021-09-08,EGX:EXPA,4.82851613,4.85046417,4.69682935,4.79339971,184140.08300362
2021-09-09,EGX:EXPA,4.79339971,4.91630756,4.67488132,4.68805043,208618.71177825
2021-09-12,EGX:EXPA,4.68805043,4.82851613,4.652934,4.79778917,423997.11450932
2021-09-13,EGX:EXPA,4.79778917,4.85046417,4.73194578,4.74950436,293634.9834771
2021-09-14,EGX:EXPA,4.74950436,4.82851613,4.74950436,4.78901024,228172.20691294
2021-09-15,EGX:EXPA,4.78901024,4.82851613,4.69243989,4.75389382,256355.67951941
2021-09-16,EGX:EXPA,4.75389382,4.78462078,4.67927151,4.69243989,72986.52284727
2021-09-19,EGX:EXPA,4.69243989,4.71438793,4.4861308,4.58270115,226962.91070671
2021-09-20,EGX:EXPA,4.58270115,4.58270115,4.34566437,4.38517026,913832.16224676
2021-09-21,EGX:EXPA,4.38517026,4.38517026,3.99450012,4.27982098,898147.04077179
2021-09-22,EGX:EXPA,4.27982098,4.47296169,4.24470456,4.3193276,198716.22488946
2021-09-23,EGX:EXPA,4.3193276,4.62220704,4.3193276,4.55197419,587067.95951974
2021-09-26,EGX:EXPA,4.55197419,4.652934,4.47735115,4.49929919,458853.70345383
2021-09-27,EGX:EXPA,4.49929919,4.50807811,4.30176902,4.32810652,432890.93842609
2021-09-28,EGX:EXPA,4.32810652,4.38956045,4.25787367,4.31493741,218687.4768954
2021-09-29,EGX:EXPA,4.31493741,4.41589795,4.22714671,4.25348348,99233.74732352
2021-09-30,EGX:EXPA,4.25348348,4.34566437,4.25348348,4.25348348,36748.86266722
2021-10-03,EGX:EXPA,4.25348348,4.34566437,4.24909475,4.25348348,73055.23285899
2021-10-04,EGX:EXPA,4.25348348,4.25348348,4.14813421,4.17008225,98773.39024501
2021-10-05,EGX:EXPA,4.17008225,4.23592563,4.17008225,4.17447171,180962.93206178
2021-10-06,EGX:EXPA,4.17447171,4.22714671,4.09106974,4.13057636,303739.47780034
2021-10-10,EGX:EXPA,4.13057636,4.24909475,4.12618617,4.13496582,108348.81747802
2021-10-11,EGX:EXPA,4.13496582,4.36322295,4.13496582,4.27543152,599959.33191826
2021-10-12,EGX:EXPA,4.27543152,4.34566437,4.2403151,4.25348348,152419.41899391
2021-10-13,EGX:EXPA,4.25348348,4.25787367,4.10862832,4.14374475,595522.03936152
2021-10-14,EGX:EXPA,4.14374475,4.23592563,4.09545993,4.17008225,619415.25883632
2021-10-17,EGX:EXPA,4.17008225,4.24909475,4.12179743,4.20080921,83581.60665417
2021-10-18,EGX:EXPA,4.20080921,4.27982098,4.18325063,4.25787367,155537.47932567
2021-10-19,EGX:EXPA,4.25787367,4.26226314,4.05595332,4.08229082,292711.52091961
2021-10-20,EGX:EXPA,4.08229082,4.13935528,3.95499423,4.02083689,408875.41513043
2021-10-24,EGX:EXPA,4.02083689,4.12179743,3.99888958,4.01205797,247563.54641998
2021-10-25,EGX:EXPA,4.01205797,4.08229082,3.928656,3.99888958,243857.32838792
2021-10-26,EGX:EXPA,3.99888958,4.06912243,3.91548762,3.98572047,651282.9622711
2021-10-27,EGX:EXPA,3.98572047,4.01644743,3.90670869,3.95938369,514742.4269852
2021-10-28,EGX:EXPA,3.95938369,4.03839547,3.95060404,4.02083689,349882.37326964
2021-10-31,EGX:EXPA,4.02083689,4.03839547,3.97255208,4.03400601,105869.76025524
2021-11-01,EGX:EXPA,4.03400601,4.14374475,4.03400601,4.0998494,139987.02947367
2021-11-02,EGX:EXPA,4.0998494,4.16130259,4.04717439,4.11740724,148873.98238927
2021-11-03,EGX:EXPA,4.11740724,4.12618617,3.95060404,4.01644743,356478.53439456
2021-11-04,EGX:EXPA,4.01644743,4.06034351,3.95060404,4.02961654,113429.23574445
2021-11-07,EGX:EXPA,4.02961654,4.05595332,3.96377243,4.02961654,54722.0275324
2021-11-08,EGX:EXPA,4.02961654,4.12179743,3.97255208,4.08229082,284012.83343612
2021-11-09,EGX:EXPA,4.08229082,4.12179743,3.95499423,3.98572047,245287.87083188
2021-11-10,EGX:EXPA,3.98572047,4.01644743,3.89353958,3.95060404,370844.42364455
2021-11-11,EGX:EXPA,3.95060404,4.09545993,3.95060404,4.04278493,585829.80510859
2021-11-14,EGX:EXPA,4.04278493,4.07351189,3.981331,4.01644743,255550.39818208
2021-11-15,EGX:EXPA,4.01644743,4.03400601,3.95060404,3.95499423,350120.10991018
2021-11-16,EGX:EXPA,3.95499423,3.99450012,3.91109815,3.96377243,225260.27661634
2021-11-17,EGX:EXPA,3.96377243,3.96816262,3.90670869,3.95060404,182782.37317207
2021-11-18,EGX:EXPA,3.95060404,3.95060404,3.88037119,3.88476065,180431.11657108
2021-11-21,EGX:EXPA,3.88476065,3.95060404,3.82769692,3.88476065,106299.8849286
2021-11-22,EGX:EXPA,3.88476065,3.91987708,3.85403369,3.88476065,40126.64684328
2021-11-23,EGX:EXPA,3.88476065,4.02522708,3.86281334,3.93743566,121352.87429576
2021-11-24,EGX:EXPA,3.93743566,3.981331,3.91109815,3.95938369,138857.43688103
2021-11-25,EGX:EXPA,3.95938369,4.01644743,3.95060404,3.96377243,95276.05064857
2021-11-28,EGX:EXPA,3.96377243,4.00766851,3.77502191,3.95060404,81949.05677576
2021-11-29,EGX:EXPA,3.95060404,4.00327904,3.92426654,3.98572047,317278.09850924
2021-11-30,EGX:EXPA,3.98572047,4.04278493,3.95060404,4.00327904,307815.35569545
2021-12-01,EGX:EXPA,4.00327904,4.07351189,3.99450012,4.01644743,81997.15378396
2021-12-02,EGX:EXPA,4.01644743,4.06034351,3.99450012,3.99450012,133826.48982304
2021-12-05,EGX:EXPA,3.99450012,4.06034351,3.97255208,3.99450012,68508.00428349
2021-12-06,EGX:EXPA,3.99450012,4.16569278,3.97255208,4.01644743,347576.46527639
2021-12-07,EGX:EXPA,4.01644743,4.25787367,4.01644743,4.11301778,676414.33615705
2021-12-08,EGX:EXPA,4.11301778,4.11301778,4.01644743,4.04717439,148786.03357427
2021-12-09,EGX:EXPA,4.04717439,4.04717439,3.95060404,3.98572047,263254.16469589
2021-12-12,EGX:EXPA,3.98572047,4.08229082,3.97694154,4.02083689,395494.82744848
2021-12-13,EGX:EXPA,4.02083689,4.12618617,4.02083689,4.03839547,259913.48392617
2021-12-14,EGX:EXPA,4.03839547,4.08229082,3.99450012,4.00327904,114038.00644827
2021-12-15,EGX:EXPA,4.00327904,4.06473297,3.981331,3.99450012,85377.68636048
2021-12-16,EGX:EXPA,3.99450012,4.05156386,3.99011066,3.99450012,114244.13648342
2021-12-19,EGX:EXPA,3.99450012,4.01205797,3.95060404,3.95938369,169405.90809082
2021-12-20,EGX:EXPA,3.95938369,4.00766851,3.928656,3.94621458,105704.85622712
2021-12-21,EGX:EXPA,3.94621458,3.97255208,3.89353958,3.91548762,167728.00960467
2021-12-22,EGX:EXPA,3.91548762,3.95060404,3.90670869,3.91987708,210612.67631831
2021-12-23,EGX:EXPA,3.91987708,4.01644743,3.90670869,3.95938369,304550.25593861
2021-12-26,EGX:EXPA,3.95938369,4.01644743,3.93304619,3.94621458,240332.50478679
2021-12-27,EGX:EXPA,3.94621458,3.99011066,3.91109815,3.91987708,125343.55177634
2021-12-28,EGX:EXPA,3.91987708,3.97694154,3.91548762,3.95499423,156236.94724496
2021-12-29,EGX:EXPA,3.95499423,4.01644743,3.95499423,3.96816262,198159.67379455
2021-12-30,EGX:EXPA,3.96816262,3.99888958,3.92426654,3.99011066,382747.74607457
2022-01-02,EGX:EXPA,3.99011066,3.99888958,3.95499423,3.95938369,87078.94625062
2022-01-03,EGX:EXPA,3.95938369,4.00766851,3.95060404,3.99011066,139699.82162469
2022-01-04,EGX:EXPA,3.99011066,4.04717439,3.97255208,4.03400601,386823.62396967
2022-01-05,EGX:EXPA,4.03400601,4.09106974,4.03400601,4.05595332,360203.99122991
2022-01-09,EGX:EXPA,4.05595332,4.15252367,4.05595332,4.09545993,648059.08852129
2022-01-10,EGX:EXPA,4.09545993,4.12618617,3.99888958,4.10862832,261635.35681982
2022-01-11,EGX:EXPA,4.10862832,4.11301778,4.02522708,4.08229082,577401.83507126
2022-01-12,EGX:EXPA,4.08229082,4.12618617,4.05595332,4.06034351,502731.91693691
2022-01-13,EGX:EXPA,4.06034351,4.10423886,4.00327904,4.08668101,550977.33876478
2022-01-16,EGX:EXPA,4.08668101,4.08668101,4.03839547,4.08668101,63224.20438238
2022-01-17,EGX:EXPA,4.08668101,4.0998494,4.03839547,4.06034351,254503.25760349
2022-01-18,EGX:EXPA,4.06034351,4.09106974,4.04278493,4.07790136,344017.2866694
2022-01-19,EGX:EXPA,4.07790136,4.14374475,4.02522708,4.11301778,286354.47063546
2022-01-20,EGX:EXPA,4.11301778,4.30176902,4.09106974,4.21397832,1131449.1371596
2022-01-23,EGX:EXPA,4.21397832,4.23592563,4.12618617,4.13935528,334041.96716819
2022-01-24,EGX:EXPA,4.13935528,4.21397832,4.03839547,4.08229082,784864.84445242
2022-01-25,EGX:EXPA,4.08229082,4.12179743,4.06034351,4.08229082,226142.5131668
2022-01-26,EGX:EXPA,4.08229082,4.11301778,4.04717439,4.07790136,121652.44994685
2022-01-30,EGX:EXPA,4.06034351,4.10423886,3.99011066,4.01205797,382248.91138949
2022-01-31,EGX:EXPA,3.99888958,4.02961654,3.97255208,4.00766851,155979.97180114
2022-02-01,EGX:EXPA,4.00766851,4.03839547,3.97694154,4.03839547,241782.28603403
2022-02-02,EGX:EXPA,4.03400601,4.11740724,4.03400601,4.10423886,343785.04682979
2022-02-03,EGX:EXPA,4.10862832,4.10862832,4.01644743,4.03839547,284715.04975587
2022-02-06,EGX:EXPA,4.03839547,4.05595332,3.95060404,4.02961654,700315.80083326
2022-02-07,EGX:EXPA,4.02961654,4.04278493,3.981331,4.01644743,259154.9253968
2022-02-08,EGX:EXPA,3.99888958,4.02522708,3.95060404,3.97694154,279120.6806018
2022-02-09,EGX:EXPA,3.96377243,4.02522708,3.95060404,3.981331,626297.25360999
2022-02-10,EGX:EXPA,3.99011066,4.01644743,3.96377243,3.96377243,230579.80572354
2022-02-13,EGX:EXPA,3.96816262,3.96816262,3.91109815,3.93743566,434082.37002928
2022-02-14,EGX:EXPA,3.93743566,3.95060404,3.90670869,3.90670869,195370.0473188
2022-02-15,EGX:EXPA,3.90670869,3.95060404,3.89792977,3.89792977,106324.62053281
2022-02-16,EGX:EXPA,3.90231923,3.90670869,3.86281334,3.90231923,76082.59597528
2022-02-17,EGX:EXPA,3.90231923,3.90670869,3.87598173,3.87598173,42039.53356951
2022-02-20,EGX:EXPA,3.90231923,3.94621458,3.87159227,3.93743566,13483.65269953
2022-02-21,EGX:EXPA,3.90231923,3.92426654,3.86281334,3.92426654,104534.03762744
2022-02-22,EGX:EXPA,3.88915012,3.90670869,3.83208565,3.87159227,174832.62481631
2022-02-23,EGX:EXPA,3.87159227,3.95060404,3.86281334,3.93304619,112123.74552181
2022-02-24,EGX:EXPA,3.93304619,3.93304619,3.51164836,3.51164836,323871.5112337
2022-02-27,EGX:EXPA,3.51164836,3.66528318,3.51164836,3.66528318,122009.74200779
2022-02-28,EGX:EXPA,3.65211406,3.65211406,3.52481675,3.5950496,102259.73623958
2022-03-01,EGX:EXPA,3.54676479,3.65650352,3.54676479,3.57749175,32596.02955899
2022-03-02,EGX:EXPA,3.54676479,3.64333514,3.54676479,3.57749175,294847.0280838
2022-03-03,EGX:EXPA,3.58627067,3.72673638,3.58627067,3.66528318,191060.55538385
2022-03-06,EGX:EXPA,3.67845156,3.70917853,3.64333514,3.65650352,115316.01266622
2022-03-07,EGX:EXPA,3.65650352,3.65650352,3.55554371,3.58188121,130910.43692573
2022-03-08,EGX:EXPA,3.58188121,3.63894568,3.51603782,3.52481675,166818.28904952
2022-03-09,EGX:EXPA,3.52042728,3.59943906,3.52042728,3.55993317,128713.09075099
2022-03-10,EGX:EXPA,3.55993317,3.63894568,3.50286944,3.55554371,329695.37182691
2022-03-13,EGX:EXPA,3.56432263,3.59943906,3.51164836,3.51164836,215077.45287974
2022-03-14,EGX:EXPA,3.51164836,3.51164836,3.4282464,3.45019443,26818.89177375
2022-03-15,EGX:EXPA,3.51164836,3.51164836,3.4282464,3.51164836,240608.71903389
2022-03-16,EGX:EXPA,3.48531086,3.5950496,3.46775228,3.51164836,124040.80995417
2022-03-17,EGX:EXPA,3.51164836,3.5335964,3.51164836,3.51164836,37128.14193191
2022-03-20,EGX:EXPA,3.51164836,3.59066014,3.51164836,3.52920621,140657.63918804
2022-03-21,EGX:EXPA,3.52920621,3.79696923,3.52920621,3.69600941,489068.24400668
2022-03-22,EGX:EXPA,3.72234691,3.8408653,3.6740621,3.6740621,232565.52506219
2022-03-23,EGX:EXPA,3.68284103,3.70917853,3.64333514,3.65650352,45557.48616946
2022-03-24,EGX:EXPA,3.68284103,3.72673638,3.59066014,3.68284103,126728.74561257
2022-03-27,EGX:EXPA,3.6477246,3.6477246,3.53798586,3.5950496,323721.72340815
2022-03-28,EGX:EXPA,3.56432263,3.56871282,3.52042728,3.54676479,108739.09034458
2022-03-29,EGX:EXPA,3.52481675,3.55554371,3.51603782,3.54676479,73740.95877593
2022-03-30,EGX:EXPA,3.52481675,3.59066014,3.52481675,3.5335964,60231.19627195
2022-03-31,EGX:EXPA,3.52481675,3.55993317,3.52481675,3.54676479,40182.98905289
2022-04-03,EGX:EXPA,3.52481675,3.57749175,3.52481675,3.52920621,19975.37460664
2022-04-04,EGX:EXPA,3.52481675,3.59943906,3.51164836,3.59943906,143083.10260168
2022-04-05,EGX:EXPA,3.59066014,3.59066014,3.51164836,3.54676479,223432.59030464
2022-04-06,EGX:EXPA,3.54676479,3.55993317,3.5335964,3.54676479,36359.9640009
2022-04-07,EGX:EXPA,3.54676479,3.55993317,3.51164836,3.55554371,216218.03907426
2022-04-10,EGX:EXPA,3.55115425,3.6213871,3.47214175,3.60382925,368759.76188903
2022-04-11,EGX:EXPA,3.59943906,3.6213871,3.45019443,3.45019443,160149.29531218
2022-04-12,EGX:EXPA,3.49408978,3.55554371,3.4545839,3.48970032,53471.50531914
2022-04-13,EGX:EXPA,3.49408978,3.51164836,3.46336282,3.47214175,31694.55420525
2022-04-14,EGX:EXPA,3.49408978,3.49408978,3.44580497,3.44580497,80504.77232944
2022-04-17,EGX:EXPA,3.49408978,3.49408978,3.35801354,3.36240301,164068.51438057
2022-04-18,EGX:EXPA,3.36240301,3.37996158,3.24827481,3.29217016,188984.13882973
2022-04-19,EGX:EXPA,3.30533927,3.37996158,3.20437873,3.22632677,253151.04457289
2022-04-20,EGX:EXPA,3.22632677,3.4545839,3.17804123,3.37996158,836118.3905933
2022-04-21,EGX:EXPA,3.37118193,3.44580497,3.36679247,3.42385693,114476.37632303
2022-04-26,EGX:EXPA,3.37996158,3.46775228,3.35362408,3.36240301,151792.78368704
2022-04-27,EGX:EXPA,3.36240301,3.44580497,3.30094908,3.42385693,222602.57336309
2022-04-28,EGX:EXPA,3.42385693,3.59066014,3.34923462,3.51603782,342989.3848941
2022-05-08,EGX:EXPA,3.51603782,3.5335964,3.43263586,3.5335964,173039.29351047
2022-05-09,EGX:EXPA,3.51603782,3.59943906,3.42385693,3.51603782,111339.07718799
2022-05-10,EGX:EXPA,3.51603782,3.51603782,3.42385693,3.51603782,102566.18289184
2022-05-11,EGX:EXPA,3.51603782,3.51603782,3.43263586,3.51603782,101626.22993154
2022-05-12,EGX:EXPA,3.51603782,3.51603782,3.43263586,3.43702532,39864.17459852
2022-05-15,EGX:EXPA,3.51603782,3.51603782,3.41507801,3.41507801,145810.89006688
2022-05-16,EGX:EXPA,3.44580497,3.68723049,3.42385693,3.6213871,411413.56296329
2022-05-17,EGX:EXPA,3.62577656,3.70478834,3.56871282,3.63016675,426926.90940897
2022-05-18,EGX:EXPA,3.63016675,3.70917853,3.63016675,3.70478834,755489.94024277
2022-05-19,EGX:EXPA,3.68723049,3.75307388,3.57749175,3.66967191,398564.79077204
2022-05-22,EGX:EXPA,3.72673638,3.73112656,3.60382925,3.64333514,185368.61801313
2022-05-23,EGX:EXPA,3.66089299,3.67845156,3.58627067,3.59943906,85207.28553142
2022-05-24,EGX:EXPA,3.60382925,3.63894568,3.58188121,3.59943906,148081.06885404
2022-05-25,EGX:EXPA,3.59943906,3.59943906,3.48970032,3.5335964,435261.43383036
2022-05-26,EGX:EXPA,3.51603782,3.56871282,3.37557212,3.43263586,29581.03424481
2022-05-29,EGX:EXPA,3.51603782,3.51603782,3.40190889,3.46775228,5918.68040938
2022-05-30,EGX:EXPA,3.51603782,3.51603782,3.44141551,3.4545839,109497.64887395
2022-05-31,EGX:EXPA,3.4545839,3.4545839,3.41068855,3.41068855,22777.3688845
2022-06-01,EGX:EXPA,3.4545839,3.46336282,3.31411819,3.40190889,159742.53204281
2022-06-02,EGX:EXPA,3.34484516,3.40190889,3.29217016,3.35362408,76560.81765683
2022-06-05,EGX:EXPA,3.34484516,3.44141551,3.32728658,3.35801354,124211.21078323
2022-06-06,EGX:EXPA,3.42385693,3.42385693,3.37118193,3.37118193,21598.30508342
2022-06-07,EGX:EXPA,3.42385693,3.4809214,3.38874051,3.4809214,175642.02875434
2022-06-08,EGX:EXPA,3.46336282,3.5335964,3.46336282,3.51164836,134623.52595897
2022-06-09,EGX:EXPA,3.51164836,3.55554371,3.4809214,3.4809214,29692.34446379
2022-06-13,EGX:EXPA,3.51164836,3.59943906,3.30533927,3.59943906,222377.20452465
2022-06-14,EGX:EXPA,3.5950496,3.6213871,3.51164836,3.59943906,94105.23204889
2022-06-15,EGX:EXPA,3.59943906,3.64333514,3.51164836,3.59943906,71756.61363752
2022-06-19,EGX:EXPA,3.59943906,3.59943906,3.47653194,3.47653194,18690.49738751
2022-06-20,EGX:EXPA,3.59943906,3.59943906,3.40190889,3.40190889,78979.41006931
2022-06-21,EGX:EXPA,3.59943906,3.59943906,3.48531086,3.51164836,23234.97756254
2022-06-22,EGX:EXPA,3.59943906,3.59943906,3.43263586,3.43263586,9222.25777278
2022-06-23,EGX:EXPA,3.59943906,3.59943906,3.37996158,3.40190889,38724.96260423
2022-06-26,EGX:EXPA,3.59943906,3.59943906,3.33606551,3.42385693,61947.57236466
2022-06-27,EGX:EXPA,3.59943906,3.59943906,3.35801354,3.35801354,29280.08439348
2022-06-28,EGX:EXPA,3.59943906,3.59943906,3.34484516,3.34484516,44250.62174659
2022-06-29,EGX:EXPA,3.59943906,3.59943906,3.40190889,3.40190889,87180.63706796
2022-07-03,EGX:EXPA,3.59943906,3.59943906,3.31411819,3.31850766,73669.50036374
2022-07-04,EGX:EXPA,3.59943906,3.59943906,3.23071623,3.3404557,257501.76251487
2022-07-05,EGX:EXPA,3.3404557,3.42385693,3.31411819,3.31411819,34168.1146271
2022-07-06,EGX:EXPA,3.3404557,3.37996158,3.3404557,3.3404557,11614.7403808
2022-07-07,EGX:EXPA,3.3404557,3.42385693,3.33606551,3.33606551,20920.82436788
2022-07-17,EGX:EXPA,3.3404557,3.37557212,3.22632677,3.37557212,13405.32328617
2022-07-18,EGX:EXPA,3.3404557,3.43702532,3.3404557,3.42385693,18605.29697298
2022-07-19,EGX:EXPA,3.3404557,3.43702532,3.31411819,3.42385693,58550.54938533
2022-07-20,EGX:EXPA,3.3404557,3.43702532,3.3404557,3.43702532,3087.8279266
2022-07-21,EGX:EXPA,3.3404557,3.50286944,3.3404557,3.50286944,60936.16099217
2022-07-24,EGX:EXPA,3.3404557,3.50286944,3.3404557,3.4282464,11398.99094401
2022-07-25,EGX:EXPA,3.3404557,3.43263586,3.3404557,3.41068855,28686.42989224
2022-07-26,EGX:EXPA,3.3404557,3.55554371,3.3404557,3.46775228,94443.28530655
2022-07-27,EGX:EXPA,3.48970032,3.48970032,3.46775228,3.46775228,8851.22370951
2022-07-28,EGX:EXPA,3.48970032,3.48970032,3.43263586,3.43263586,8613.48706896
2022-07-31,EGX:EXPA,3.48970032,3.51164836,3.42385693,3.46775228,10836.94304815
2022-08-01,EGX:EXPA,3.48970032,3.59066014,3.39312997,3.40629908,67829.14936772
2022-08-02,EGX:EXPA,3.48970032,3.55554371,3.4282464,3.55554371,88341.83626599
2022-08-03,EGX:EXPA,3.52920621,3.54237532,3.48531086,3.51164836,29263.59399067
2022-08-04,EGX:EXPA,3.52920621,3.55554371,3.44580497,3.5335964,55058.70658982
2022-08-07,EGX:EXPA,3.52920621,3.57310229,3.51164836,3.5335964,133572.26277968
2022-08-08,EGX:EXPA,3.5335964,3.59943906,3.5335964,3.56871282,175260.00108919
2022-08-09,EGX:EXPA,3.56871282,3.77502191,3.5335964,3.66528318,930668.86351813
2022-08-10,EGX:EXPA,3.66089299,3.77502191,3.6477246,3.6477246,142155.51744349
2022-08-11,EGX:EXPA,3.6477246,3.70917853,3.58188121,3.60382925,96926.46513003
2022-08-14,EGX:EXPA,3.60382925,3.87159227,3.60382925,3.83647584,601365.13875801
2022-08-15,EGX:EXPA,3.83647584,3.95060404,3.73112656,3.73112656,489262.00623972
2022-08-16,EGX:EXPA,3.74429495,3.92426654,3.73112656,3.76624299,224562.18289728
2022-08-17,EGX:EXPA,3.76624299,3.89792977,3.74429495,3.76624299,82772.20271614
2022-08-18,EGX:EXPA,3.76624299,3.85403369,3.7618528,3.7618528,176601.22051793
2022-08-21,EGX:EXPA,3.76624299,3.95060404,3.76624299,3.87159227,456043.46397456
2022-08-22,EGX:EXPA,3.90670869,3.90670869,3.77941138,3.77941138,232257.70420969
2022-08-23,EGX:EXPA,3.79696923,3.85403369,3.73990549,3.73990549,136568.01929058
2022-08-24,EGX:EXPA,3.75746407,3.79696923,3.73112656,3.73551603,102398.53046325
2022-08-25,EGX:EXPA,3.7881903,3.79258049,3.70917853,3.75746407,131159.16716815
2022-08-28,EGX:EXPA,3.75746407,3.77502191,3.70917853,3.73990549,123482.88465902
2022-08-29,EGX:EXPA,3.73990549,3.83208565,3.73990549,3.75746407,221716.21421193
2022-08-30,EGX:EXPA,3.75746407,3.79696923,3.72234691,3.73551603,250442.49591096
2022-08-31,EGX:EXPA,3.74429495,3.79696923,3.69161995,3.70917853,85199.04033001
2022-09-01,EGX:EXPA,3.72673638,3.77063245,3.68723049,3.68723049,165379.50140415
2022-09-04,EGX:EXPA,3.68723049,3.7618528,3.67845156,3.68723049,64625.88862143
2022-09-05,EGX:EXPA,3.68723049,3.79696923,3.68723049,3.79696923,173980.620671
2022-09-06,EGX:EXPA,3.75746407,3.8408653,3.73112656,3.83647584,139419.48477688
2022-09-07,EGX:EXPA,3.83647584,3.83647584,3.73990549,3.77502191,263798.3479887
2022-09-08,EGX:EXPA,3.77502191,3.8145278,3.73112656,3.8145278,35022.86717287
2022-09-11,EGX:EXPA,3.77502191,3.91987708,3.74429495,3.91987708,208772.6222045
2022-09-12,EGX:EXPA,3.87598173,3.99450012,3.8408653,3.93743566,390417.15758252
2022-09-13,EGX:EXPA,3.93743566,3.97255208,3.88915012,3.95060404,234949.7624688
2022-09-14,EGX:EXPA,3.95060404,3.95060404,3.86281334,3.87159227,162910.06358301
2022-09-15,EGX:EXPA,3.88037119,3.99450012,3.86281334,3.95060404,382810.95928535
2022-09-18,EGX:EXPA,3.89353958,3.89353958,3.73990549,3.8145278,146822.30143937
2022-09-19,EGX:EXPA,3.8145278,3.84964423,3.75307388,3.8408653,47980.20118264
2022-09-20,EGX:EXPA,3.8145278,3.93304619,3.77502191,3.81891726,199375.84100195
2022-09-21,EGX:EXPA,3.86281334,3.95060404,3.83208565,3.88476065,167556.23457538
2022-09-22,EGX:EXPA,3.88476065,3.95060404,3.83208565,3.85403369,98120.64513369
2022-09-25,EGX:EXPA,3.84964423,3.95060404,3.73112656,3.93743566,531275.43000477
2022-09-26,EGX:EXPA,3.93743566,3.95060404,3.90231923,3.90670869,593107.56954975
2022-09-27,EGX:EXPA,3.90670869,3.94621458,3.8408653,3.90231923,274826.30486943
2022-09-28,EGX:EXPA,3.84525477,3.92426654,3.81013834,3.81891726,8388.11823053
2022-09-29,EGX:EXPA,3.84525477,3.95060404,3.80135942,3.90670869,338498.49852821
2022-10-02,EGX:EXPA,3.928656,3.94621458,3.81891726,3.81891726,18418.40574111
2022-10-03,EGX:EXPA,3.928656,3.928656,3.8145278,3.90670869,50363.06438902
2022-10-04,EGX:EXPA,3.928656,3.928656,3.81891726,3.83647584,42341.85762107
2022-10-05,EGX:EXPA,3.928656,3.928656,3.90231923,3.90670869,49227.97499544
2022-10-09,EGX:EXPA,3.928656,3.928656,3.90231923,3.928656,113903.3348253
2022-10-10,EGX:EXPA,3.92426654,3.94621458,3.80574888,3.94621458,86805.48040398
2022-10-11,EGX:EXPA,3.928656,3.94621458,3.8408653,3.928656,71969.61467384
2022-10-12,EGX:EXPA,3.928656,3.93304619,3.81891726,3.93304619,342354.50438582
2022-10-13,EGX:EXPA,3.86281334,3.94621458,3.84964423,3.94621458,248994.08886395
2022-10-16,EGX:EXPA,3.92426654,3.95060404,3.87159227,3.95060404,129217.422237
2022-10-17,EGX:EXPA,3.95060404,3.95499423,3.88915012,3.95060404,167128.85830249
2022-10-18,EGX:EXPA,3.94182512,3.99011066,3.928656,3.99011066,179951.52068929
2022-10-19,EGX:EXPA,3.98572047,3.99450012,3.91109815,3.91109815,95418.96747294
2022-10-20,EGX:EXPA,3.92426654,4.05156386,3.86281334,4.03839547,345177.11166719
2022-10-23,EGX:EXPA,3.97255208,4.12618617,3.97255208,4.12618617,141953.51000904
2022-10-24,EGX:EXPA,4.10423886,4.17008225,4.03839547,4.05595332,97705.63666291
2022-10-25,EGX:EXPA,4.06473297,4.14813421,3.99450012,4.05156386,202203.94508427
2022-10-26,EGX:EXPA,4.14374475,4.14374475,4.03839547,4.08229082,29179.76777638
2022-10-27,EGX:EXPA,4.14374475,4.23592563,4.03839547,4.20080921,177341.91444424
2022-10-30,EGX:EXPA,4.19641975,4.23592563,4.00766851,4.01644743,55890.09773161
2022-10-31,EGX:EXPA,4.19641975,4.19641975,4.08229082,4.08668101,733501.36229279
2022-11-01,EGX:EXPA,4.09545993,4.17008225,4.09545993,4.09545993,14397.49585538
2022-11-02,EGX:EXPA,4.09545993,4.17008225,4.08229082,4.08229082,30093.61093222
2022-11-03,EGX:EXPA,4.09545993,4.09545993,3.99450012,4.01644743,24372.81535659
2022-11-06,EGX:EXPA,4.0208371,4.09545966,3.98133099,4.09545966,19373.23914705
2022-11-07,EGX:EXPA,4.09545993,4.09545993,3.98572047,3.99450012,274.84004687
2022-11-08,EGX:EXPA,4.09545993,4.09545993,3.98572047,3.98572047,29523.31783497
2022-11-09,EGX:EXPA,4.09545993,4.09545993,3.99450012,4.03400601,21383.92984686
2022-11-10,EGX:EXPA,4.09545993,4.09545993,4.05156386,4.06034351,23175.88695246
2022-11-13,EGX:EXPA,4.09545993,4.09545993,3.98572047,4.08229082,152103.35294001
2022-11-14,EGX:EXPA,4.07790136,4.08229082,4.01644743,4.05156386,44452.62918104
2022-11-15,EGX:EXPA,4.07790136,4.08229082,4.02083689,4.02083689,149069.11882255
2022-11-16,EGX:EXPA,4.02522708,4.23592563,4.02522708,4.1788619,116768.54231394
2022-11-17,EGX:EXPA,4.18764082,4.23153617,4.17008225,4.20958813,174678.71439006
2022-11-20,EGX:EXPA,4.21397832,4.23592563,4.11740724,4.1788619,104672.83185111
2022-11-21,EGX:EXPA,4.18764082,4.22275725,4.13496582,4.20080921,105247.24754908
2022-11-22,EGX:EXPA,4.19203028,4.21397832,4.14813421,4.17008225,21635.40848975
2022-11-23,EGX:EXPA,4.19203028,4.51685777,4.19203028,4.4071183,1724461.88689318
2022-11-24,EGX:EXPA,4.4071183,4.49929919,4.28421117,4.37200187,436700.22147573
2022-11-27,EGX:EXPA,4.37200187,4.49490973,4.28860064,4.48174134,409750.78067972
2022-11-28,EGX:EXPA,4.48174134,4.80217863,4.41589795,4.7407247,1291379.93463452
2022-11-29,EGX:EXPA,4.68366097,4.91630756,4.652934,4.7407247,1220199.1108952
2022-11-30,EGX:EXPA,4.75389382,4.89874898,4.67488132,4.78023132,302178.38633411
2022-12-01,EGX:EXPA,4.78023132,4.82851613,4.68805043,4.74511489,241846.87344505
2022-12-04,EGX:EXPA,4.74511489,4.80656882,4.70121882,4.75828328,168100.41786818
2022-12-05,EGX:EXPA,4.75828328,5.13139557,4.71877739,4.92069702,1007376.72060004
2022-12-06,EGX:EXPA,4.91630756,5.03482595,4.82851613,4.89874898,642376.77055222
2022-12-07,EGX:EXPA,4.92069702,5.09188969,4.87241221,4.9119181,302473.83938449
2022-12-08,EGX:EXPA,4.9119181,5.04799434,4.82851613,4.88119113,435440.07986082
2022-12-11,EGX:EXPA,4.92947595,4.9997088,4.60903793,4.69243989,951978.58655233
2022-12-12,EGX:EXPA,4.69243989,4.78462078,4.60903793,4.68366097,979917.45151708
2022-12-13,EGX:EXPA,4.68366097,5.04799434,4.68366097,4.95142398,1140392.43228481
2022-12-14,EGX:EXPA,4.96020291,5.39915932,4.83290559,5.39915932,3126163.99054226
2022-12-15,EGX:EXPA,5.39915932,5.59668948,5.22357646,5.57035198,1321925.65744385
2022-12-18,EGX:EXPA,5.39915932,5.45622305,4.83729506,5.26747254,390917.36646783
2022-12-19,EGX:EXPA,5.24113504,5.39476986,5.06994238,5.06994238,495478.88809996
2022-12-20,EGX:EXPA,5.10944826,5.26747254,5.01287791,5.04799434,357796.39241931
2022-12-21,EGX:EXPA,5.04799434,5.04799434,4.85046417,5.02165684,723176.99593205
2022-12-22,EGX:EXPA,5.02165684,5.04799434,4.92069702,5.00848845,406565.38453647
2022-12-25,EGX:EXPA,5.00848845,5.04799434,4.86363256,4.88119113,125346.30017681
2022-12-26,EGX:EXPA,4.88119113,5.08311076,4.88119113,5.04799434,190185.18983456
2022-12-27,EGX:EXPA,4.98654041,5.06994238,4.91630756,5.04799434,438481.18497946
2022-12-28,EGX:EXPA,5.03921541,5.13578576,4.98654041,5.11383772,91007.78472065
2022-12-29,EGX:EXPA,5.13139557,5.25430343,5.04799434,5.23674558,208328.7555288
2023-01-02,EGX:EXPA,5.23674558,5.25869289,5.09627915,5.17529165,165424.85001188
2023-01-03,EGX:EXPA,5.17529165,5.31136789,5.1050588,5.25869289,467405.35151224
2023-01-04,EGX:EXPA,5.25869289,5.59668948,4.9997088,5.3859902,1166243.88709357
2023-01-05,EGX:EXPA,5.3859902,5.54401448,5.27625147,5.36404289,339548.38750726
2023-01-09,EGX:EXPA,5.36404289,5.43866521,5.24991396,5.28503039,273452.10463507
2023-01-10,EGX:EXPA,5.28503039,5.35526324,5.14456469,5.14456469,438427.59117032
2023-01-11,EGX:EXPA,5.219187,5.39915932,5.20601861,5.20601861,394207.20182888
2023-01-12,EGX:EXPA,5.24991396,5.26747254,5.15773307,5.15773307,112929.02685914
2023-01-15,EGX:EXPA,5.17529165,5.24991396,5.14017523,5.14017523,194057.68609499
2023-01-16,EGX:EXPA,5.14456469,5.30258897,5.14456469,5.27625147,535676.99335543
2023-01-17,EGX:EXPA,5.27625147,5.37282182,5.24113504,5.31136789,592911.05891624
2023-01-18,EGX:EXPA,5.31136789,5.49134021,5.28064093,5.49134021,1150940.79328375
2023-01-19,EGX:EXPA,5.48256056,5.75032357,5.44305467,5.70642822,947553.6617977
2023-01-22,EGX:EXPA,5.70642822,5.92590643,5.70642822,5.90834785,1011724.69014155
2023-01-23,EGX:EXPA,5.90834785,6.03564516,5.75471376,5.92151696,637780.07076829
2023-01-24,EGX:EXPA,5.89956893,6.00930766,5.84689392,5.87323142,367162.9412167
2023-01-25,EGX:EXPA,5.95663339,6.14099444,5.87323142,6.0575932,848262.19806433
2023-01-29,EGX:EXPA,6.0575932,6.32096676,6.0575932,6.30340818,1228595.47432713
2023-01-30,EGX:EXPA,6.30340818,6.5360555,5.9785807,6.0839307,780870.04437114
2023-01-31,EGX:EXPA,6.0839307,6.21122802,5.71520715,5.79421965,372656.99375367
2023-02-01,EGX:EXPA,5.75032357,5.93907481,5.72837626,5.72837626,221490.84537349
2023-02-02,EGX:EXPA,5.74593411,5.89956893,5.60546841,5.60546841,131252.61278408
2023-02-05,EGX:EXPA,5.62741645,5.62741645,5.36843235,5.44744413,210030.01541894
2023-02-06,EGX:EXPA,5.48256056,5.68448018,5.44305467,5.49134021,107213.72808444
2023-02-07,EGX:EXPA,5.48256056,5.84689392,5.48256056,5.838115,669742.59401924
2023-02-08,EGX:EXPA,5.78105053,5.85128411,5.59230002,5.75032357,215154.40809286
2023-02-09,EGX:EXPA,5.74593411,5.92151696,5.71081768,5.86884196,123465.02005597
2023-02-12,EGX:EXPA,5.86884196,5.87762089,5.74154465,5.75471376,128196.39146287
2023-02-13,EGX:EXPA,5.75471376,5.85567358,5.70642822,5.71081768,101865.34077232
2023-02-14,EGX:EXPA,5.71081768,5.75032357,5.65375395,5.71520715,277394.68510744
2023-02-15,EGX:EXPA,5.7239868,6.14538463,5.7239868,6.11465767,1018136.70843507
2023-02-16,EGX:EXPA,6.11465767,6.14977409,5.94346428,6.0575932,632264.03102757
2023-02-19,EGX:EXPA,6.09709909,6.12343659,5.93468535,6.00052874,188769.76359317
2023-02-20,EGX:EXPA,6.00052874,6.04442482,5.838115,5.96980178,76111.4541802
2023-02-21,EGX:EXPA,5.8644525,5.94785447,5.82933607,5.84689392,95207.34063685
2023-02-22,EGX:EXPA,5.8644525,6.00930766,5.71520715,5.75471376,313663.95189288
2023-02-23,EGX:EXPA,5.73715519,5.87323142,5.65375395,5.68009072,300764.33429295
2023-02-26,EGX:EXPA,5.68009072,5.80738804,5.61863679,5.62741645,171034.33536854
2023-02-27,EGX:EXPA,5.66253287,5.74593411,5.58352037,5.70642822,140617.78738124
2023-02-28,EGX:EXPA,5.70642822,5.9785807,5.64936376,5.67570126,60547.26232585
2023-03-01,EGX:EXPA,5.68448018,5.96102285,5.68448018,5.79421965,101104.03384248
2023-03-02,EGX:EXPA,5.73715519,5.94346428,5.66253287,5.94346428,563769.76874642
2023-03-05,EGX:EXPA,5.92590643,6.07515105,5.84250446,5.94346428,168248.83149349
2023-03-06,EGX:EXPA,5.96102285,6.05320374,5.84250446,6.03564516,180238.72853827
2023-03-07,EGX:EXPA,5.9171275,6.0575932,5.86006304,5.9171275,63977.26611081
2023-03-08,EGX:EXPA,5.9171275,6.0575932,5.70642822,5.75032357,202917.1550059
2023-03-09,EGX:EXPA,5.77227161,5.95224393,5.77227161,5.95224393,596350.68210284
2023-03-12,EGX:EXPA,5.92590643,6.01369785,5.5571836,5.70642822,571253.66322274
2023-03-13,EGX:EXPA,5.69325984,5.83372554,5.05677326,5.11822719,940542.492202
2023-03-14,EGX:EXPA,5.11822719,5.37282182,4.69682935,5.37282182,80481.41092546
2023-03-15,EGX:EXPA,5.219187,5.45622305,4.73194578,4.73194578,780066.13723404
2023-03-16,EGX:EXPA,4.82412667,5.01726737,4.76267274,4.84168525,435508.78987254
2023-03-19,EGX:EXPA,4.89874898,5.17968111,4.78901024,4.85046417,217616.97491283
2023-03-20,EGX:EXPA,4.85785392,5.12359031,4.85785392,4.96041831,91169.9403483
2023-03-21,EGX:EXPA,4.96041831,5.3380445,4.96041831,5.10028002,250412.26350581
2023-03-22,EGX:EXPA,5.09095605,5.22149307,5.07696974,5.15156294,125662.36623071
2023-03-23,EGX:EXPA,5.13291428,5.19818278,4.94643272,5.14690059,15437.76543279
2023-03-26,EGX:EXPA,5.13291428,5.25878967,5.08163208,5.24014173,1236939.61815016
2023-03-27,EGX:EXPA,5.12825265,5.23081777,5.12825265,5.12825265,111491.613414
2023-03-28,EGX:EXPA,5.12825265,5.17021088,5.12825265,5.13291428,75956.16955372
2023-03-29,EGX:EXPA,5.13291428,5.22149307,5.12825265,5.12825265,57381.10498589
2023-03-30,EGX:EXPA,5.13291428,5.22149307,5.12825265,5.13757662,35829.52271044
2023-04-02,EGX:EXPA,5.13291428,5.33338215,5.03501151,5.20284513,69548.2738609
2023-04-03,EGX:EXPA,5.28676231,5.28676231,5.03501151,5.15622456,131660.75025369
2023-04-04,EGX:EXPA,5.17021088,5.35669244,4.13989814,5.16088691,143335.9554448
2023-04-05,EGX:EXPA,5.16088691,5.39398904,5.16088691,5.3007479,127840.47360217
2023-04-06,EGX:EXPA,5.28209996,5.31473421,5.1748725,5.1748725,24521.2289819
2023-04-09,EGX:EXPA,5.28209996,5.31473421,5.04899783,5.28676231,48363.60304803
2023-04-10,EGX:EXPA,5.28209996,5.36135478,5.12825265,5.28209996,26064.45584508
2023-04-11,EGX:EXPA,5.28209996,5.32872053,5.13291428,5.13757662,30357.45737722
2023-04-12,EGX:EXPA,5.28209996,5.30541024,5.13291428,5.13291428,59254.13990532
2023-04-13,EGX:EXPA,5.14223824,5.23547939,5.13291428,5.14223824,35403.52063779
2023-04-18,EGX:EXPA,5.14223824,5.5291884,5.14223824,5.3380445,316152.6285173
2023-04-19,EGX:EXPA,5.38000272,5.5012165,5.23081777,5.32872053,85766.5850268
2023-04-26,EGX:EXPA,5.32872053,5.93944885,5.32872053,5.84154536,614494.24779708
2023-04-27,EGX:EXPA,5.84154536,6.0606619,5.82755977,5.99073104,385798.47059484
2023-04-30,EGX:EXPA,6.00937971,6.16322701,5.92080018,6.01404133,291914.48478368
2023-05-01,EGX:EXPA,5.94411047,6.00471736,5.63175351,5.92080018,79074.22988548
2023-05-02,EGX:EXPA,5.92080018,6.34504695,5.92080018,6.28444006,952946.02351732
2023-05-03,EGX:EXPA,6.28444006,6.50821822,6.16788863,6.23781949,1143603.9382325
2023-05-07,EGX:EXPA,6.23781949,6.29376403,6.07464821,6.29376403,699505.02269499
2023-05-08,EGX:EXPA,6.28910241,6.46625999,6.19119892,6.24248183,329265.24715355
2023-05-09,EGX:EXPA,6.24248183,6.3403846,6.11194409,6.17255098,353183.20223257
2023-05-10,EGX:EXPA,6.17255098,6.2238339,5.99073104,6.2238339,284030.69803916
2023-05-11,EGX:EXPA,6.20518523,6.31707431,6.0606619,6.10262012,235326.29333302
2023-05-14,EGX:EXPA,6.10728247,6.24714346,5.94411047,6.2238339,223354.26089128
2023-05-15,EGX:EXPA,6.2238339,6.38234282,6.10728247,6.14457907,510100.37859354
2023-05-16,EGX:EXPA,6.14457907,6.14457907,6.0606619,6.06532425,389742.42526745
2023-05-17,EGX:EXPA,6.0606619,6.15390304,5.94411047,6.02802764,81722.31373709
2023-05-18,EGX:EXPA,6.02802764,6.13059275,5.93944885,5.99073104,65387.19555126
2023-05-21,EGX:EXPA,6.00937971,6.04667558,5.94411047,5.94411047,6865.50437086
2023-05-22,EGX:EXPA,6.00937971,6.26579212,5.94877282,5.94877282,142581.51951614
2023-05-23,EGX:EXPA,6.01870367,6.0606619,5.92546253,5.95343444,99717.46580602
2023-05-24,EGX:EXPA,6.00005501,6.15390304,5.92546253,5.95809679,113720.56619413
2023-05-25,EGX:EXPA,6.00005501,6.20052361,5.9720831,5.98140707,406937.79279999
2023-05-28,EGX:EXPA,6.01404133,6.14457907,6.01404133,6.02336529,83371.35401832
2023-05-29,EGX:EXPA,6.03735161,6.08397218,5.92080018,5.94411047,99129.30810571
2023-05-30,EGX:EXPA,5.9720831,6.08397218,5.96742075,6.05599955,171542.78945525
2023-05-31,EGX:EXPA,6.05599955,6.13059275,5.9720831,5.99073104,195914.2306116
2023-06-01,EGX:EXPA,6.02336529,6.0606619,5.9720831,5.97674472,117821.17969346
2023-06-04,EGX:EXPA,6.00471736,6.11660644,5.92080018,6.11660644,215868.99221473
2023-06-05,EGX:EXPA,6.0606619,6.12126879,5.96742075,5.9720831,154215.49870022
2023-06-06,EGX:EXPA,5.9720831,5.98140707,5.59445691,5.63175351,947990.65747222
2023-06-07,EGX:EXPA,5.63175351,5.7809392,5.45459593,5.46391989,668883.71887277
2023-06-08,EGX:EXPA,5.46391989,5.71100834,5.46391989,5.59445691,220768.01605022
2023-06-11,EGX:EXPA,5.54317472,5.75762891,5.51520209,5.54317472,480127.69728194
2023-06-12,EGX:EXPA,5.54317472,5.57580897,5.50587812,5.50587812,47390.6692821
2023-06-13,EGX:EXPA,5.54317472,5.65040145,5.51054047,5.65040145,2796847.89798003
2023-06-14,EGX:EXPA,5.65040145,6.37301885,5.65040145,6.36835723,3284917.09841633
2023-06-15,EGX:EXPA,6.36797592,6.78053516,6.36797592,6.58153577,1271602.44486162
2023-06-18,EGX:EXPA,6.58153577,6.69802316,6.31458559,6.65919403,727235.00922411
2023-06-19,EGX:EXPA,6.65919403,7.0377786,6.65919403,6.91643748,2251860.69803683
2023-06-20,EGX:EXPA,6.91643748,6.989242,6.59609697,6.63007237,1038733.22154764
2023-06-21,EGX:EXPA,6.67375523,6.77082842,6.55241411,6.56212157,1205805.73764052
2023-06-22,EGX:EXPA,6.56212157,6.74170603,6.45048791,6.46990211,342200.59395957
2023-06-25,EGX:EXPA,6.53785364,6.6009507,6.35826845,6.44078045,299513.81207968
2023-06-26,EGX:EXPA,6.44078045,6.45534164,6.30973259,6.42621998,316015.20849387
2023-07-04,EGX:EXPA,6.42621998,6.55241411,6.23692733,6.28546393,276623.75877597
2023-07-05,EGX:EXPA,6.28546393,6.46504838,6.20295193,6.22722059,279971.31054687
2023-07-06,EGX:EXPA,6.22722059,6.47475585,6.1641228,6.16897653,503981.06494994
2023-07-09,EGX:EXPA,6.16897653,6.2126594,5.82436809,5.82436809,585934.2443264
2023-07-10,EGX:EXPA,5.82436809,5.92144128,5.70302697,5.89717262,481991.11279973
2023-07-11,EGX:EXPA,5.89717262,6.15926907,5.89717262,6.06705034,197453.33487409
2023-07-12,EGX:EXPA,6.03792867,6.30973259,6.01851375,6.10102574,417876.42666548
2023-07-13,EGX:EXPA,6.07190407,6.20780567,5.92629502,6.03792867,293993.64973826
2023-07-16,EGX:EXPA,5.99424581,6.13500114,5.87290469,5.89717262,193158.95914172
2023-07-17,EGX:EXPA,5.93600175,6.04278241,5.87290469,5.92144128,113107.67288961
2023-07-18,EGX:EXPA,5.92144128,6.04278241,5.82436809,6.04278241,141166.09327475
2023-07-19,EGX:EXPA,5.93600175,5.96027041,5.82436809,5.87290469,153517.40498117
2023-07-24,EGX:EXPA,5.87775842,5.96512415,5.82922183,5.83892929,55389.8888463
2023-07-25,EGX:EXPA,5.86319722,5.90202635,5.80980763,5.80980763,36318.73799387
2023-07-26,EGX:EXPA,5.86319722,5.88746589,5.73700237,5.82436809,21132.45120397
2023-07-27,EGX:EXPA,5.86319722,5.87290469,5.73700237,5.78553896,39063.01586188
2023-07-30,EGX:EXPA,5.86319722,5.91658755,5.76612476,5.80010016,119394.6389618
2023-07-31,EGX:EXPA,5.80010016,5.88746589,5.7903927,5.81951436,97625.93304932
2023-08-01,EGX:EXPA,5.81951436,5.87290469,5.6884665,5.6884665,36681.52685574
2023-08-02,EGX:EXPA,5.81951436,5.81951436,5.63022244,5.68361277,163019.99960176
2023-08-03,EGX:EXPA,5.6544911,5.78068523,5.61566197,5.78068523,40295.6734721
2023-08-06,EGX:EXPA,5.6544911,5.81951436,5.60595451,5.72729563,31533.77277783
2023-08-07,EGX:EXPA,5.6544911,5.80010016,5.63507617,5.72729563,81659.10052631
2023-08-08,EGX:EXPA,5.72729563,5.7758315,5.70302697,5.7418561,62675.89848887
2023-08-09,EGX:EXPA,5.73700237,5.83892929,5.72729563,5.82436809,210589.31491432
2023-08-10,EGX:EXPA,5.82436809,6.06705034,5.82436809,6.02336748,301513.27342068
2023-08-13,EGX:EXPA,6.05734288,6.13985487,6.05734288,6.1107332,160479.10336843
2023-08-14,EGX:EXPA,6.1107332,6.1641228,5.93114802,5.94570922,143635.53109589
2023-08-15,EGX:EXPA,6.00395328,6.00395328,5.83892929,5.84863676,171915.19771876
2023-08-16,EGX:EXPA,5.86805096,5.96997715,5.82436809,5.89231889,342145.6259502
2023-08-17,EGX:EXPA,5.89231889,6.30973259,5.89231889,6.08646454,576257.12627604
2023-08-20,EGX:EXPA,6.09617201,6.13985487,5.92144128,5.92144128,437423.050799
2023-08-21,EGX:EXPA,5.93600175,6.04278241,5.88746589,6.01366001,147179.5935003
2023-08-22,EGX:EXPA,6.01366001,6.06219661,5.92629502,5.94570922,38473.48396134
2023-08-23,EGX:EXPA,6.01366001,6.10587947,5.97483088,6.04278241,124068.29395886
2023-08-24,EGX:EXPA,6.04763541,6.10587947,5.94570922,5.94570922,181156.69429482
2023-08-27,EGX:EXPA,6.04763541,6.12043994,5.89717262,5.94570922,149036.13801692
2023-08-28,EGX:EXPA,5.92144128,7.1057294,5.92144128,7.1057294,3174428.65117341
2023-08-29,EGX:EXPA,7.1057294,8.52299156,7.1057294,7.81921494,3913234.42637083
2023-08-30,EGX:EXPA,7.81921494,7.95997026,7.37753331,7.77067762,1638920.67070481
2023-08-31,EGX:EXPA,7.77067762,8.19779805,7.71728802,8.09101812,2010034.43759529
2023-09-03,EGX:EXPA,8.09101812,8.14926218,7.81921494,7.8628978,565740.37188249
2023-09-04,EGX:EXPA,7.89687247,7.9551158,7.64448349,7.67360515,451500.35799977
2023-09-05,EGX:EXPA,7.67360515,7.74155595,7.51828863,7.64933722,585575.57806523
2023-09-06,EGX:EXPA,7.64933722,7.66875142,7.52314236,7.5279961,227718.72083561
2023-09-07,EGX:EXPA,7.5279961,7.66389769,7.42606917,7.55226403,304309.7708976
2023-09-10,EGX:EXPA,7.55226403,7.60565436,7.23192425,7.37753331,784077.42771813
2023-09-11,EGX:EXPA,7.33870418,7.42606917,7.23677726,7.31928925,60130.87965484
2023-09-12,EGX:EXPA,7.31928925,7.42121617,7.13485106,7.14455853,148173.14026974
2023-09-13,EGX:EXPA,7.14455853,7.35326465,7.0426316,7.23192425,478290.3915686
2023-09-14,EGX:EXPA,7.26589965,8.46960269,7.26589965,7.79009182,3893658.94403238
2023-09-17,EGX:EXPA,7.79009182,8.20265178,7.79009182,7.92599414,1495910.40071555
2023-09-18,EGX:EXPA,7.92599414,8.13470098,7.90658066,7.91143294,654444.99701036
2023-09-19,EGX:EXPA,7.91143294,8.04733526,7.79009182,7.79009182,403737.28045416
2023-09-20,EGX:EXPA,7.81921494,7.90658066,7.52314236,7.5279961,428898.88674527
2023-09-21,EGX:EXPA,7.5279961,7.83862914,7.5279961,7.77067762,276449.23534621
2023-09-24,EGX:EXPA,7.77067762,7.88716501,7.66875142,7.70758055,417501.2700015
2023-09-25,EGX:EXPA,7.70758055,7.79009182,7.55711776,7.63962976,1153087.29404981
2023-09-26,EGX:EXPA,7.63962976,7.76097088,7.53284983,7.56682523,256116.56867863
2023-09-27,EGX:EXPA,7.56682523,7.71728802,7.42606917,7.42606917,469740.11771042
2023-10-01,EGX:EXPA,7.42606917,7.61536182,7.32899671,7.32899671,197464.32847596
2023-10-02,EGX:EXPA,7.40180124,7.63962976,7.0377786,7.13485106,419588.68015749
2023-10-03,EGX:EXPA,7.1057294,7.15911899,6.96497334,6.97468081,484308.01439486
2023-10-04,EGX:EXPA,6.97468081,7.13485106,6.97468081,7.1251436,179264.42057211
2023-10-08,EGX:EXPA,7.06204653,7.12028986,6.2126594,6.63007237,1000041.23974903
2023-10-09,EGX:EXPA,6.63007237,6.67375523,6.45534164,6.55726784,91307.36037174
2023-10-10,EGX:EXPA,6.55726784,6.89702255,6.55726784,6.79509635,135930.39038184
2023-10-11,EGX:EXPA,6.79509635,7.0377786,6.72714556,6.89216881,73407.02811898
2023-10-12,EGX:EXPA,6.90673001,6.90673001,6.77082842,6.79509635,172304.09638509
2023-10-15,EGX:EXPA,6.79509635,7.29016758,6.79509635,7.14455853,477491.98123244
2023-10-16,EGX:EXPA,7.14455853,7.34841091,7.1057294,7.12028986,584777.16772907
2023-10-17,EGX:EXPA,7.12028986,7.28531385,6.96012034,7.28046012,992528.48706779
2023-10-18,EGX:EXPA,7.28046012,7.33870418,7.12999733,7.13485106,444273.43896728
2023-10-19,EGX:EXPA,7.20765559,7.20765559,6.96497334,6.989242,419866.26860483
2023-10-22,EGX:EXPA,6.989242,7.23192425,6.90673001,7.08631447,110498.06664456
2023-10-23,EGX:EXPA,7.0571928,7.20765559,7.04748534,7.06204653,170623.44949846
2023-10-24,EGX:EXPA,7.07660773,7.26589965,6.79995008,7.0377786,196211.05786223
2023-10-25,EGX:EXPA,7.03292487,7.64448349,7.03292487,7.42606917,864617.92925367
2023-10-26,EGX:EXPA,7.43092291,7.66389769,7.26589965,7.28046012,434414.92648599
2023-10-29,EGX:EXPA,7.29987505,7.71728802,7.22221679,7.44063037,356886.67186417
2023-10-30,EGX:EXPA,7.4648983,7.47460577,7.29502131,7.38238704,854536.79633441
2023-10-31,EGX:EXPA,7.38238704,7.47460577,7.13485106,7.28046012,1069189.62134174
2023-11-01,EGX:EXPA,7.28046012,7.35811838,7.08631447,7.1057294,480315.96271405
2023-11-02,EGX:EXPA,7.1057294,7.29502131,7.09602193,7.21736305,1347095.50893636
2023-11-05,EGX:EXPA,7.21736305,7.37267958,7.13970479,7.17368019,532888.74107991
2023-11-06,EGX:EXPA,7.15911899,7.28046012,7.13970479,7.21736305,396104.97235253
2023-11-07,EGX:EXPA,7.20765559,7.85804407,7.18338766,7.66389769,2747439.9027539
2023-11-08,EGX:EXPA,7.66389769,8.47445497,7.66389769,8.25118838,6512126.032191
2023-11-09,EGX:EXPA,8.25118838,8.87730819,8.00850613,8.69286928,3388138.77481996
2023-11-12,EGX:EXPA,8.69286928,9.21220917,8.52299156,8.54240649,1764915.59339224
2023-11-13,EGX:EXPA,8.54240649,8.80935667,8.25118838,8.29487124,1367753.86105948
2023-11-14,EGX:EXPA,8.29487124,8.56667515,8.07160319,8.07160319,1971642.03144778
2023-11-15,EGX:EXPA,8.07160319,8.45989522,8.07160319,8.26574957,1077052.79508274
2023-11-16,EGX:EXPA,8.26574957,8.43562584,8.18809131,8.25118838,1059027.41060865
2023-11-19,EGX:EXPA,8.25118838,8.68316181,8.18809131,8.39679671,2555653.76964631
2023-11-20,EGX:EXPA,8.39679671,8.53755276,8.15896892,8.22206671,1441639.11086002
2023-11-21,EGX:EXPA,8.22206671,8.36767577,8.05704272,8.34826157,927859.9982391
2023-11-22,EGX:EXPA,8.34826157,8.38223696,8.25118838,8.35311457,644569.99412626
2023-11-23,EGX:EXPA,8.35311457,8.65889388,8.35311457,8.55211468,1579207.54792121
2023-11-26,EGX:EXPA,8.55211468,8.90157613,8.55211468,8.62977294,1931606.08181996
2023-11-27,EGX:EXPA,8.62977294,8.8821612,8.62977294,8.81906413,826901.62962146
2023-11-28,EGX:EXPA,8.81906413,9.12484344,8.81906413,8.87730819,2043217.25065436
2023-11-29,EGX:EXPA,8.87730819,8.93069779,8.54240649,8.54726095,763919.28448032
2023-11-30,EGX:EXPA,8.54726095,8.72199094,8.39679671,8.46960269,383664.33763088
2023-12-03,EGX:EXPA,8.46960269,8.63947895,8.3725295,8.3725295,434102.98303279
2023-12-04,EGX:EXPA,8.38223696,8.63947895,8.38223696,8.59579609,519717.03183358
2023-12-05,EGX:EXPA,8.59579609,8.83362533,8.59579609,8.73655214,1061120.31756558
2023-12-06,EGX:EXPA,8.73655214,8.83362533,8.59579609,8.61521102,552471.09441953
2023-12-07,EGX:EXPA,8.61521102,8.65889388,8.31428544,8.63462667,314440.37502529
2023-12-10,EGX:EXPA,8.63462667,9.08601431,8.63462667,8.8821612,2596545.84602012
2023-12-11,EGX:EXPA,8.93555153,9.61020721,8.74140587,9.24618384,3567902.03007715
2023-12-12,EGX:EXPA,9.23162337,9.55196388,9.12484344,9.28501297,1803376.70955147
2023-12-13,EGX:EXPA,9.28501297,9.41606229,9.17338004,9.22191663,1253850.52623418
2023-12-14,EGX:EXPA,9.22191663,10.16837696,9.17823377,10.15381503,4436184.95135585
2023-12-17,EGX:EXPA,10.15381503,10.71683779,10.15381503,10.40135101,2873312.52162046
2023-12-18,EGX:EXPA,10.40135101,10.67800866,10.19264416,10.67800866,1694634.87080642
2023-12-19,EGX:EXPA,10.67800866,10.89642297,10.41105848,10.5323996,1315767.86619368
2023-12-20,EGX:EXPA,10.5323996,10.86729985,10.39649728,10.67800866,667605.71265481
2023-12-21,EGX:EXPA,10.67800866,10.96922677,10.62947206,10.69256985,963433.91970595
2023-12-24,EGX:EXPA,10.69256985,11.28471355,10.69256985,11.03232384,1289855.94657461
2023-12-25,EGX:EXPA,11.0565925,11.25073815,10.83817891,11.16822616,831679.72383632
2023-12-26,EGX:EXPA,11.16822616,11.35751807,11.06629923,11.0760067,361095.84718201
2023-12-27,EGX:EXPA,11.0760067,11.35751807,10.9352521,11.34781061,648934.45407058
2023-12-28,EGX:EXPA,11.34781061,11.59534586,11.16337242,11.55651673,672706.74392475
2023-12-31,EGX:EXPA,11.55651673,12.11953876,11.44003007,12.05644242,847315.37410286
2024-01-02,EGX:EXPA,12.05644242,12.10983275,11.60020032,11.64873619,568400.82353621
2024-01-03,EGX:EXPA,11.64873619,11.69727278,11.31383448,11.47400474,472774.35182788
2024-01-04,EGX:EXPA,11.47400474,12.12924695,11.43032188,12.12439322,754342.48304708
2024-01-08,EGX:EXPA,12.12439322,12.97863408,12.12439322,12.84273176,1659859.35967573
2024-01-09,EGX:EXPA,12.84273176,13.05629234,12.40105013,12.61946445,707075.49178607
2024-01-10,EGX:EXPA,12.61946445,12.85729296,12.42531879,12.47385612,330010.06368058
2024-01-11,EGX:EXPA,12.47385612,12.84758477,12.2554418,12.26514854,721992.43533003
2024-01-14,EGX:EXPA,12.26514854,12.57578158,12.26514854,12.2894172,694056.31876575
2024-01-15,EGX:EXPA,12.2894172,12.53695245,12.18749101,12.27970901,587362.0383699
2024-01-16,EGX:EXPA,12.27970901,12.72624437,12.27970901,12.53695245,1959435.01076597
2024-01-17,EGX:EXPA,12.53695245,12.8864139,12.14380742,12.14380742,1905674.92339761
2024-01-18,EGX:EXPA,12.14380742,12.66314731,12.14380742,12.33795307,983447.77191915
2024-01-21,EGX:EXPA,12.33795307,13.00775502,12.33795307,12.76992724,2563001.61829942
2024-01-22,EGX:EXPA,12.76992724,13.10968194,12.68741524,12.85243923,1186542.19875528
2024-01-23,EGX:EXPA,12.85243923,13.68726589,12.85243923,13.17277901,2961445.47945084
2024-01-24,EGX:EXPA,13.17277901,14.5317993,13.17277901,14.31823872,2796094.83625161
2024-01-28,EGX:EXPA,14.31823872,14.43957984,13.68726589,13.68726589,1893063.8878469
2024-01-29,EGX:EXPA,13.68726589,14.07555647,13.54650984,13.6387293,1481815.22891173
2024-01-30,EGX:EXPA,13.6387293,14.50752991,13.5901927,14.48811571,3562453.32614792
2024-01-31,EGX:EXPA,14.48811571,14.51238437,12.64858611,13.37177839,878354.43479632
2024-02-01,EGX:EXPA,13.37177839,13.73580103,12.11953876,13.5901927,391667.67979579
2024-02-04,EGX:EXPA,13.5901927,14.07070274,13.00775502,14.07070274,709814.27285315
2024-02-05,EGX:EXPA,14.06584901,14.148361,13.64358303,13.97363028,386103.54304687
2024-02-06,EGX:EXPA,13.7794839,14.0998244,13.5901927,13.85228988,563514.16750283
2024-02-07,EGX:EXPA,13.85228988,14.1289468,13.5901927,13.64358303,347656.16888998
2024-02-08,EGX:EXPA,13.64358303,14.0998244,13.64358303,14.07555647,518766.08527141
2024-02-11,EGX:EXPA,14.02701988,14.07555647,13.51738818,13.68241216,191890.5723254
2024-02-12,EGX:EXPA,13.6047539,14.01731241,13.49311952,13.73580103,396748.09806221
2024-02-13,EGX:EXPA,13.73580103,14.31823872,13.73580103,13.84743615,657716.96776837
2024-02-14,EGX:EXPA,13.84743615,14.25028792,13.84743615,14.0804102,417058.77752604
2024-02-15,EGX:EXPA,14.0804102,14.50267618,14.01245941,14.46384705,1097796.34762038
2024-02-18,EGX:EXPA,14.37648278,15.041431,14.37162904,15.00260187,1439985.94797808
2024-02-19,EGX:EXPA,15.00260187,15.72579487,14.68226136,15.02201679,771150.32611352
2024-02-20,EGX:EXPA,15.02201679,15.28896697,14.56092024,14.56577397,607237.09635943
2024-02-21,EGX:EXPA,14.56577397,14.77933455,14.31823872,14.32309245,626502.00944491
2024-02-22,EGX:EXPA,14.32309245,14.49297017,14.20175133,14.23572672,276894.47622214
2024-02-25,EGX:EXPA,14.23572672,14.46384705,11.39149275,13.93965415,422030.63397395
2024-02-26,EGX:EXPA,13.93965415,14.5512135,13.93965415,14.26970212,572069.93816195
2024-02-27,EGX:EXPA,14.26970212,15.04628473,14.22601926,14.28911705,1298808.86110146
2024-02-28,EGX:EXPA,14.28911705,14.55606723,13.65814277,13.90082502,507270.90031099
2024-02-29,EGX:EXPA,13.90281017,14.63597698,13.68942642,13.8097968,546858.8606624
2024-03-03,EGX:EXPA,13.8097968,14.00676664,13.186058,13.21341501,506811.91743272
2024-03-04,EGX:EXPA,13.22435737,14.22015112,13.22435737,13.99035273,794809.93154848
2024-03-05,EGX:EXPA,13.99035273,14.12713775,13.51434204,13.70036952,501004.54724232
2024-03-06,EGX:EXPA,13.70036952,15.86704066,13.67848333,14.29675058,2556533.2577963
2024-03-07,EGX:EXPA,14.29675058,14.827476,13.71678343,14.772762,1233244.39371997
2024-03-10,EGX:EXPA,14.772762,15.25971578,14.71804799,14.85483301,527181.68750662
2024-03-11,EGX:EXPA,14.85483301,15.31990133,14.7071049,14.71804799,201057.86208881
2024-03-12,EGX:EXPA,14.74540572,14.88219074,13.95205263,14.01223891,156374.3672684
2024-03-13,EGX:EXPA,14.01223891,14.01223891,13.56905459,13.56905459,557873.07554079
2024-03-14,EGX:EXPA,13.56905459,14.11619393,13.43774112,13.85356771,180980.79666483
2024-03-17,EGX:EXPA,13.85356771,13.85356771,13.32831457,13.60735541,211554.00347884
2024-03-18,EGX:EXPA,13.60735541,13.60735541,12.6936334,12.89060179,278929.66676922
2024-03-19,EGX:EXPA,12.89060179,12.89060179,12.16290725,12.42006337,128838.14297231
2024-03-20,EGX:EXPA,12.35440628,12.85230315,12.20120662,12.33252082,169306.96567395
2024-03-21,EGX:EXPA,12.33252082,12.73740432,12.21762126,12.59514776,129375.45526395
2024-03-24,EGX:EXPA,12.59514776,12.80306069,12.55684839,12.58967621,344790.96140134
2024-03-25,EGX:EXPA,12.58967621,12.79758842,12.57326157,12.79758842,143341.45224574
2024-03-26,EGX:EXPA,12.71004659,12.96720271,12.58420467,12.58420467,241488.20718388
2024-03-27,EGX:EXPA,12.58420467,13.131344,12.50213366,12.98908744,303070.24228621
2024-03-28,EGX:EXPA,12.98908744,13.131344,12.17385035,13.131344,319255.57264648
2024-03-31,EGX:EXPA,13.131344,13.131344,12.39817719,13.131344,507456.41734263
2024-04-01,EGX:EXPA,13.131344,13.40491403,12.67721804,13.07115845,57657.31923299
2024-04-02,EGX:EXPA,13.07115845,13.131344,12.74834596,12.87418933,82304.97463645
2024-04-03,EGX:EXPA,12.87418933,12.87418933,12.50213366,12.6006193,132551.23200555
2024-04-04,EGX:EXPA,12.6006193,12.83588851,12.58420467,12.58967621,67166.78485476
2024-04-07,EGX:EXPA,12.58967621,12.80306069,12.48571975,12.51307675,49682.83527301
2024-04-08,EGX:EXPA,12.56779003,12.58420467,12.49119129,12.56779003,22666.05866551
2024-04-15,EGX:EXPA,12.56779003,12.68816186,12.48571975,12.55137684,106556.86037242
2024-04-16,EGX:EXPA,12.55137684,12.74834596,12.52949066,12.58967621,346137.67763101
2024-04-17,EGX:EXPA,12.58967621,12.8577747,12.58420467,12.58967621,342898.68767863
2024-04-18,EGX:EXPA,12.58967621,12.8468316,12.15196416,12.31610618,188545.76895497
2024-04-21,EGX:EXPA,12.34893508,12.584205,12.31063533,12.32704951,150639.86958446
2024-04-22,EGX:EXPA,12.32704951,12.47477713,12.09177959,12.31610672,405987.98255948
2024-04-23,EGX:EXPA,12.31610618,12.44741965,11.77991067,11.80726694,397040.80271213
2024-04-24,EGX:EXPA,11.80726694,12.1683788,10.72393064,11.7634953,180285.45134624
2024-04-28,EGX:EXPA,11.7634953,12.22856435,11.05221541,11.13975723,142734.05574215
2024-04-29,EGX:EXPA,11.13975723,11.48445445,10.94278667,11.21635597,121068.41484725
2024-04-30,EGX:EXPA,11.21635597,11.32578471,10.39564733,10.41206197,342582.62162473
2024-05-01,EGX:EXPA,10.41206197,10.80600165,10.20961986,10.76770228,226075.17735531
2024-05-02,EGX:EXPA,10.76770228,12.03159379,10.76223074,11.7634953,278678.18812634
2024-05-07,EGX:EXPA,11.74160984,11.75802448,11.26559916,11.35861253,272003.69758805
2024-05-08,EGX:EXPA,11.35861253,11.489926,11.04674386,11.21635597,117932.48991244
2024-05-09,EGX:EXPA,11.28748388,11.28748388,10.51601771,10.56526017,727043.99539154
2024-05-12,EGX:EXPA,10.56526017,10.94278667,10.50507607,10.63091727,417754.12284462
2024-05-13,EGX:EXPA,10.63091727,10.80600165,10.28621859,10.70751673,162310.91228083
2024-05-14,EGX:EXPA,10.70751673,10.80600165,10.58714635,10.65827427,164864.17631627
2024-05-15,EGX:EXPA,10.65827427,10.72393064,10.40111888,10.65827427,11411.35874612
2024-05-16,EGX:EXPA,10.65827427,10.88807266,10.42847515,10.83335793,59942.61422273
2024-05-19,EGX:EXPA,10.76223074,11.43521199,10.76223074,11.23824215,315363.83758278
2024-05-20,EGX:EXPA,11.23824215,11.65406729,10.91543039,10.93731512,443550.60964401
2024-05-21,EGX:EXPA,10.93731512,11.75255294,10.86071566,11.27654225,31704342.633522
2024-05-22,EGX:EXPA,11.27654225,12.02612224,11.27654225,11.41879808,936773.06095915
2024-05-23,EGX:EXPA,11.41879808,11.8674525,11.28201379,11.58841092,1902960.87793475
2024-05-26,EGX:EXPA,11.58841092,11.62123947,11.41332726,11.50086909,266967.25372913
2024-05-27,EGX:EXPA,11.50086909,11.71972439,11.25465606,11.28201379,124492.92183127
2024-05-28,EGX:EXPA,11.28201379,11.42974045,11.07957168,11.29842698,151052.08976073
2024-05-29,EGX:EXPA,11.24918379,11.57199701,11.16711351,11.22182751,115267.91565802
2024-05-30,EGX:EXPA,11.23277133,11.44615508,11.08504323,11.08504323,80985.74241147
2024-06-02,EGX:EXPA,11.12881414,11.27106997,10.94278667,10.96467285,164101.4951862
2024-06-03,EGX:EXPA,10.96467285,11.18352887,10.88807266,11.01391458,92377.86235431
2024-06-04,EGX:EXPA,10.94278667,11.07410013,10.88807266,10.99202913,141597.59214834
2024-06-05,EGX:EXPA,10.90995884,11.0576855,10.70204446,11.0576855,402530.7326484
2024-06-06,EGX:EXPA,11.03032922,11.34219862,10.94825821,11.04674386,38653.50419205
2024-06-09,EGX:EXPA,11.0193854,11.21635597,10.49960453,10.77864537,56171.80877965
2024-06-10,EGX:EXPA,10.72393064,10.98655758,10.39564733,10.42847515,171421.85983463
2024-06-11,EGX:EXPA,10.41206197,10.64186036,10.41206197,10.54337471,181645.90957826
2024-06-12,EGX:EXPA,10.46130443,10.61450336,10.39564733,10.5926179,273530.43404843
2024-06-13,EGX:EXPA,10.5926179,10.70751673,10.35734724,10.39564733,212194.38078805
2024-06-23,EGX:EXPA,10.39564733,10.66374582,10.39564733,10.65827427,79590.9291736
2024-06-24,EGX:EXPA,10.54337471,10.71845982,10.48866071,10.49960453,70467.61381769
2024-06-25,EGX:EXPA,10.49960453,10.60903108,10.35734724,10.42847515,207171.67893147
2024-06-26,EGX:EXPA,10.42847515,10.80600165,10.42300361,10.63638954,323413.90255565
2024-06-27,EGX:EXPA,10.48318989,10.82788783,10.48318989,10.59808945,416335.94820277
2024-07-01,EGX:EXPA,10.59808945,10.76770228,10.58714635,10.58714635,252114.89759618
2024-07-02,EGX:EXPA,10.58714635,10.7458161,10.39564733,10.40111888,322555.02740918
2024-07-03,EGX:EXPA,10.41753352,10.63091727,10.18773513,10.2260345,544606.54647829
2024-07-04,EGX:EXPA,10.2260345,10.71845982,10.11660648,10.1220773,715855.25708339
2024-07-07,EGX:EXPA,10.1220773,10.39017579,10.1220773,10.23697613,353019.67240468
2024-07-08,EGX:EXPA,10.23697613,10.50507607,10.23697613,10.45036134,849924.98034791
2024-07-09,EGX:EXPA,10.45036134,11.16164269,10.39564733,10.93731512,1788057.12533884
2024-07-10,EGX:EXPA,10.93731512,11.21088515,10.8114732,10.82241629,421603.25770106
2024-07-14,EGX:EXPA,10.82241629,10.94278667,10.73487446,10.82788783,89643.20388793
2024-07-15,EGX:EXPA,10.84430175,10.94278667,10.61450336,10.67468818,132453.66378891
2024-07-16,EGX:EXPA,10.67468818,10.83335793,10.58167481,10.74034455,123636.79508527
2024-07-17,EGX:EXPA,10.652802,10.94278667,10.64186036,10.81694474,214716.0382181
2024-07-18,EGX:EXPA,10.81694474,10.89901575,10.68015973,10.80600165,279930.08453984
2024-07-21,EGX:EXPA,10.80600165,10.80600165,10.685632,10.73487446,178832.92169852
2024-07-22,EGX:EXPA,10.77317383,10.83335793,10.72393064,10.79505929,172297.22538391
2024-07-23,EGX:EXPA,10.79505929,11.27106997,10.78411547,11.10692796,516454.68047721
2024-07-24,EGX:EXPA,11.10692796,11.7634953,11.10692796,11.44615508,730913.74325149
2024-07-28,EGX:EXPA,11.44615508,11.70878202,11.29842698,11.31484162,263677.41836807
2024-07-29,EGX:EXPA,11.31484162,11.58841092,11.27106997,11.30389852,231834.45053751
2024-07-30,EGX:EXPA,11.30389852,11.54464,11.22729906,11.48445445,188510.03974888
2024-07-31,EGX:EXPA,11.45709818,11.489926,11.32578471,11.35861253,192573.54984188
2024-08-01,EGX:EXPA,11.35861253,11.489926,11.21635597,11.27654225,187112.47811054
2024-08-04,EGX:EXPA,11.27654225,11.32031316,10.39564733,10.75128764,163580.67329738
2024-08-05,EGX:EXPA,10.70751673,10.70751673,9.85945109,10.38470424,252927.04993469
2024-08-06,EGX:EXPA,10.38470424,11.16164269,10.25339077,11.09051405,454801.1869627
2024-08-07,EGX:EXPA,10.9592013,11.489926,10.9592013,11.3859688,397163.10653299
2024-08-08,EGX:EXPA,11.3859688,11.489926,11.24371297,11.39691262,262164.42391005
2024-08-11,EGX:EXPA,11.39691262,11.87292404,11.39691262,11.83462322,585728.11429124
2024-08-12,EGX:EXPA,11.83462322,12.52949066,11.83462322,12.33799164,745014.41185625
2024-08-13,EGX:EXPA,12.33799164,12.47477593,12.17932189,12.20667817,489327.96785097
2024-08-14,EGX:EXPA,12.20667817,12.29422,11.80726694,11.94405196,424472.5877904
2024-08-15,EGX:EXPA,11.94405196,12.19573653,11.89480877,12.14649407,143412.91065792
2024-08-18,EGX:EXPA,12.05347997,12.29969227,12.03706533,12.12460789,159304.16216805
2024-08-19,EGX:EXPA,12.17385035,12.28327836,12.06442161,12.15743571,232456.96324368
2024-08-20,EGX:EXPA,12.12460789,12.25592136,11.98235133,12.00423751,685543.1483139
2024-08-21,EGX:EXPA,12.00423751,12.28327836,11.98235133,12.14649407,666018.51138413
2024-08-22,EGX:EXPA,12.1452468,12.51637176,11.93421424,12.00698384,431413.67317415
2024-08-25,EGX:EXPA,12.00698384,12.09430808,11.64313584,11.69407456,599545.69764772
2024-08-26,EGX:EXPA,11.69407456,11.81778288,11.51942752,11.58492016,248019.78089779
2024-08-27,EGX:EXPA,11.58492016,11.64313584,11.43938096,11.5048736,367895.38994162
2024-08-28,EGX:EXPA,11.5048736,11.56308928,11.44665792,11.52670448,344628.80577369
2024-08-29,EGX:EXPA,11.52670448,11.72318313,11.36661136,11.49031968,528344.26090489
2024-09-01,EGX:EXPA,11.49031968,11.62858192,11.38844224,11.5048736,210097.35123042
2024-09-02,EGX:EXPA,11.51215056,11.62130496,11.45393488,11.5048736,265664.51190696
2024-09-03,EGX:EXPA,11.46121184,11.5776432,11.46121184,11.48304272,171461.71164142
2024-09-04,EGX:EXPA,11.49031968,11.59947408,11.3593344,11.47576576,445488.23197445
2024-09-05,EGX:EXPA,11.47576576,11.59947408,11.432104,11.49031968,132629.56141891
2024-09-08,EGX:EXPA,11.48304272,11.5776432,11.38116528,11.46121184,114120.45846233
2024-09-09,EGX:EXPA,11.41755008,11.55581232,11.3229496,11.3593344,154805.03060076
2024-09-10,EGX:EXPA,11.3593344,11.42482704,11.2865648,11.35205744,163588.91849878
2024-09-11,EGX:EXPA,11.35205744,11.45393488,11.27928784,11.42482704,142038.71042357
2024-09-12,EGX:EXPA,11.42482704,11.46121184,11.13374865,11.14102561,304146.24106971
2024-09-16,EGX:EXPA,11.19196433,11.30111872,10.95182465,10.98820945,402459.27423621
2024-09-17,EGX:EXPA,10.98820945,11.06097905,10.87177809,10.92999377,189025.36483676
2024-09-18,EGX:EXPA,10.92999377,11.05370209,10.91543985,11.02459425,121380.35830045
2024-09-19,EGX:EXPA,11.02459425,11.14830257,10.91543985,11.01731729,290518.29734557
2024-09-22,EGX:EXPA,10.92271681,11.27928784,10.92271681,11.19196433,369577.41102847
2024-09-23,EGX:EXPA,11.19196433,11.62130496,11.19196433,11.53398144,1228743.88795244
2024-09-24,EGX:EXPA,11.53398144,11.60675104,11.40299616,11.57036624,592067.29997234
2024-09-25,EGX:EXPA,11.57036624,11.93421424,11.57036624,11.73045936,753177.16124834
2024-09-26,EGX:EXPA,11.78139808,11.9051064,11.64313584,11.65768976,483157.8087987
2024-09-29,EGX:EXPA,11.65768976,11.78139808,11.64313584,11.67224368,234354.73376733
2024-09-30,EGX:EXPA,11.67224368,12.10886127,11.64313584,12.07975343,1223609.87587688
2024-10-01,EGX:EXPA,12.07975343,12.18163087,11.74501328,11.74501328,3541653.43140066
2024-10-02,EGX:EXPA,11.74501328,11.84689072,11.51215056,11.51215056,490823.09770595
2024-10-03,EGX:EXPA,11.57036624,11.64313584,11.49759664,11.51942752,145593.76642985
2024-10-07,EGX:EXPA,11.5412584,11.81778288,11.49759664,11.54853536,116168.01681153
2024-10-08,EGX:EXPA,11.51942752,11.5776432,11.20651825,11.25018001,152079.99153603
2024-10-09,EGX:EXPA,11.25018001,11.48304272,11.06097905,11.22834913,206583.52123117
2024-10-10,EGX:EXPA,11.22834913,11.27928784,11.13374865,11.23562609,323393.28955214
2024-10-13,EGX:EXPA,11.23562609,11.35205744,11.07553297,11.08280993,356062.15172355
2024-10-14,EGX:EXPA,11.08280993,11.19196433,10.79173153,11.07553297,349670.74643355
2024-10-15,EGX:EXPA,11.07553297,11.35205744,11.07553297,11.29384176,333992.49595975
2024-10-16,EGX:EXPA,11.29384176,11.52670448,11.2865648,11.41755008,266796.85290007
2024-10-17,EGX:EXPA,11.41755008,11.49031968,11.22107217,11.27928784,105256.86695072
2024-10-20,EGX:EXPA,11.27928784,11.41027312,11.06825601,11.14830257,238154.39741533
2024-10-21,EGX:EXPA,11.14830257,11.17741041,10.82811633,11.15557953,312895.77396187
2024-10-22,EGX:EXPA,11.15557953,12.00698384,11.15557953,11.67224368,1085513.74592569
2024-10-23,EGX:EXPA,11.67224368,12.13796911,11.60675104,11.82505984,746326.77308006
2024-10-24,EGX:EXPA,11.82505984,12.13796911,11.76684416,11.795952,387380.17506459
2024-10-27,EGX:EXPA,11.795952,12.51637103,11.795952,12.51637103,2226627.63333353
2024-10-28,EGX:EXPA,12.51637103,13.22223614,12.51637103,13.09125086,3298347.15730672
2024-10-29,EGX:EXPA,13.09125086,13.44054494,12.69101807,12.71284895,511333.03620376
2024-10-30,EGX:EXPA,12.71284895,13.06214302,12.55275583,12.58914063,601541.03638801
2024-10-31,EGX:EXPA,12.58914063,12.74195678,12.57458671,12.58914063,666532.46227178
2024-11-03,EGX:EXPA,12.58914063,13.70979245,12.58914063,13.28772878,1796599.15399561
2024-11-04,EGX:EXPA,13.28772878,13.56425325,12.81472638,12.91660382,1052497.21109498
2024-11-05,EGX:EXPA,12.91660382,13.46237582,12.91660382,13.45509886,876533.6194858
2024-11-06,EGX:EXPA,13.45509886,13.57153021,13.09852782,13.21495918,931024.78137883
2024-11-07,EGX:EXPA,13.21495918,13.38232926,13.04031214,13.20040526,913946.22086622
2024-11-10,EGX:EXPA,13.20040526,13.38232926,13.1203587,13.21495918,231034.66600111
2024-11-11,EGX:EXPA,13.21495918,13.38960622,13.18585134,13.31683662,593419.51300295
2024-11-12,EGX:EXPA,13.24406702,14.10274829,13.2295131,13.82622381,2979568.43214156
2024-11-13,EGX:EXPA,13.82622381,14.11730221,13.68068461,13.68068461,1624231.84439975
2024-11-14,EGX:EXPA,13.68068461,14.11002525,13.65157677,13.72434637,626739.74608545
2024-11-17,EGX:EXPA,13.72434637,13.93537821,13.46237582,13.47692973,440289.63248787
2024-11-18,EGX:EXPA,13.47692973,13.93537821,13.46965277,13.47692973,1084476.22474874
2024-11-19,EGX:EXPA,13.47692973,13.67340765,13.21495918,13.47692973,510431.56085002
2024-11-20,EGX:EXPA,13.47692973,13.89899341,13.47692973,13.57153021,856626.95489087
2024-11-21,EGX:EXPA,13.57153021,13.97176301,13.46965277,13.68796157,1238677.98144662
2024-11-24,EGX:EXPA,13.68796157,13.82622381,13.50603757,13.55697629,824036.42213282
2024-11-25,EGX:EXPA,13.55697629,13.81166989,13.36049838,13.51331453,517078.56738361
2024-11-26,EGX:EXPA,13.51331453,13.64429981,13.09852782,13.46237582,680931.33232739
2024-11-27,EGX:EXPA,13.40416014,13.46237582,13.03303518,13.10580478,433782.79437819
2024-11-28,EGX:EXPA,13.10580478,13.16402046,12.8656651,13.11308174,246148.12017859
2024-12-01,EGX:EXPA,13.11308174,13.45509886,13.03303518,13.10580478,603885.42198783
2024-12-02,EGX:EXPA,13.10580478,13.75345421,13.10580478,13.74617725,1083934.78985641
2024-12-03,EGX:EXPA,13.74617725,14.08091741,13.72434637,13.73162333,2307655.97595227
2024-12-04,EGX:EXPA,13.73162333,14.11730221,13.73162333,13.97176301,543016.59680714
2024-12-05,EGX:EXPA,13.97176301,14.17551789,13.90627037,13.96448605,650465.31313166
2024-12-08,EGX:EXPA,13.96448605,14.5539198,13.96448605,14.36471884,2591635.82858276
2024-12-09,EGX:EXPA,14.36471884,14.6266894,14.1900718,14.2628414,1608157.82425845
2024-12-10,EGX:EXPA,14.2628414,14.32833404,12.74195678,13.75345421,1711327.28105318
2024-12-11,EGX:EXPA,13.75345421,13.82622381,13.46965277,13.49876061,276384.64793519
2024-12-12,EGX:EXPA,13.49148365,13.75345421,13.24406702,13.33139054,179048.67113532
2024-12-15,EGX:EXPA,13.33139054,13.42599102,13.14946654,13.36777534,407277.22025787
2024-12-16,EGX:EXPA,13.36777534,13.53514541,13.28045182,13.46237582,984727.15233734
2024-12-17,EGX:EXPA,13.46237582,13.46237582,13.24406702,13.38960622,303362.94693612
2024-12-18,EGX:EXPA,13.36049838,13.38960622,13.09852782,13.1931283,288516.08760411
2024-12-19,EGX:EXPA,13.1931283,13.2295131,12.89477294,13.09852782,455572.11329418
2024-12-22,EGX:EXPA,13.09852782,13.17129742,13.02575822,13.06214302,138449.29941142
2024-12-23,EGX:EXPA,13.06214302,13.13491262,12.80744942,12.82200334,247648.74683451
2024-12-24,EGX:EXPA,12.82200334,13.06941998,12.55275583,12.57458671,217893.18915994
2024-12-25,EGX:EXPA,12.57458671,12.93115774,12.57458671,12.64735631,319643.09711257
2024-12-26,EGX:EXPA,12.64735631,12.90932686,12.45087839,12.72012591,248462.27337325
2024-12-29,EGX:EXPA,12.72012591,12.84383422,12.47270927,12.71284895,104418.60480776
2024-12-30,EGX:EXPA,12.71284895,12.80017246,12.48726319,12.54547887,129802.83153683
2024-12-31,EGX:EXPA,12.54547887,13.09852782,12.39266271,13.09852782,371010.70187291
2025-01-02,EGX:EXPA,13.09852782,13.20040526,12.95298862,13.09852782,116110.30040168
2025-01-05,EGX:EXPA,13.09852782,13.17129742,12.95298862,13.09852782,153902.18104679
2025-01-06,EGX:EXPA,13.10580478,13.10580478,12.73467982,12.8656651,500529.07396123
2025-01-08,EGX:EXPA,13.00392734,13.00392734,12.67646415,12.78561854,198573.30806509
2025-01-09,EGX:EXPA,12.78561854,12.7928955,12.58914063,12.64007935,265745.58972078
2025-01-12,EGX:EXPA,12.64007935,12.73467982,12.45087839,12.60369455,202348.23610887
2025-01-13,EGX:EXPA,12.60369455,12.69829503,12.37083183,12.37810879,333927.90854873
2025-01-14,EGX:EXPA,12.37810879,12.50909407,12.04336863,12.32717007,303104.59729206
2025-01-15,EGX:EXPA,12.32717007,12.54547887,12.22529263,12.40721663,249453.07174223
2025-01-16,EGX:EXPA,12.40721663,12.48726319,12.25440047,12.28350831,548301.77090848
2025-01-19,EGX:EXPA,12.29078527,12.51637103,12.22529263,12.34172399,194480.93976717
2025-01-20,EGX:EXPA,12.34172399,12.39266271,12.28350831,12.29806223,189198.51406629
2025-01-21,EGX:EXPA,12.29078527,12.56730975,12.22529263,12.55275583,402268.26040363
2025-01-22,EGX:EXPA,12.55275583,12.66191023,12.37083183,12.51637103,234685.91602381
2025-01-23,EGX:EXPA,12.41449359,12.50909407,12.18890783,12.27623135,181048.13247631
2025-01-26,EGX:EXPA,12.27623135,12.37083183,12.22529263,12.26167743,173909.16225882
2025-01-27,EGX:EXPA,12.26167743,12.54547887,12.18890783,12.37083183,365551.0043418
2025-01-28,EGX:EXPA,12.37083183,12.50181711,12.36355487,12.44360143,581308.68633755
2025-01-29,EGX:EXPA,12.44360143,12.51637103,12.25440047,12.47270927,87841.62738069
2025-01-30,EGX:EXPA,12.47270927,12.50181711,12.39266271,12.40721663,139499.18839047
2025-02-02,EGX:EXPA,12.40721663,12.88021902,12.33444703,12.45087839,262795.18181762
2025-02-03,EGX:EXPA,12.45087839,12.87294206,12.30533919,12.44360143,335075.36574442
2025-02-04,EGX:EXPA,12.44360143,12.8292803,12.44360143,12.72740287,457920.6214947
2025-02-05,EGX:EXPA,12.69829503,12.80744942,12.53092495,12.57458671,128629.26453669
2025-02-06,EGX:EXPA,12.73467982,13.02575822,12.55275583,13.02575822,271462.26269572
2025-02-09,EGX:EXPA,12.94571166,14.11730221,12.94571166,13.60791501,3261878.63148731
2025-02-10,EGX:EXPA,13.60791501,14.00087085,13.49876061,13.70251549,2341458.55331703
2025-02-11,EGX:EXPA,13.70251549,13.80439293,12.83655726,12.9384347,781349.64025293
2025-02-12,EGX:EXPA,12.9384347,13.28045182,12.73467982,13.28045182,1048286.6615769
2025-02-13,EGX:EXPA,13.24406702,13.4478219,13.09852782,13.16402046,447350.27329201
2025-02-16,EGX:EXPA,13.16402046,13.38232926,13.14946654,13.17129742,199208.18857336
2025-02-17,EGX:EXPA,13.17129742,13.49876061,13.17129742,13.46237582,413621.90273991
2025-02-18,EGX:EXPA,13.46237582,13.59336109,13.31683662,13.42599102,275413.0883695
2025-02-19,EGX:EXPA,13.40416014,13.40416014,13.17857438,13.2658979,78811.75764071
2025-02-20,EGX:EXPA,13.2658979,13.33139054,13.06214302,13.14218958,172757.58246242
2025-02-23,EGX:EXPA,13.13491262,13.89171645,13.13491262,13.87716253,1670943.65876607
2025-02-24,EGX:EXPA,13.87716253,13.92810125,13.53514541,13.68068461,333977.37975717
2025-02-25,EGX:EXPA,13.57880717,13.75345421,13.31683662,13.56425325,280024.90435601
2025-02-26,EGX:EXPA,13.42599102,13.60063805,13.27317486,13.50603757,216073.74804965
2025-02-27,EGX:EXPA,13.50603757,13.57880717,13.2295131,13.4478219,200677.20862389
2025-03-02,EGX:EXPA,13.27317486,13.27317486,12.96754254,13.09852782,93365.91232281
2025-03-03,EGX:EXPA,13.09852782,13.3022827,13.02575822,13.03303518,121317.14508967
2025-03-04,EGX:EXPA,13.03303518,13.20768222,12.7565107,12.85111118,187053.38750046
2025-03-05,EGX:EXPA,12.85111118,13.0112043,12.73467982,12.9020499,651453.36310016
2025-03-06,EGX:EXPA,12.9020499,13.78983901,12.88021902,13.24406702,1249947.7975686
2025-03-09,EGX:EXPA,13.24406702,14.11730221,13.24406702,13.43326798,1577526.90103459
2025-03-10,EGX:EXPA,13.43326798,13.64429981,13.11308174,13.14218958,539328.24337812
2025-03-11,EGX:EXPA,13.14218958,13.28772878,13.09852782,13.17129742,281583.24742177
2025-03-12,EGX:EXPA,13.17129742,13.22223614,13.03303518,13.09852782,265588.93089407
2025-03-13,EGX:EXPA,13.09852782,13.44054494,13.02575822,13.24406702,333614.5908953
2025-03-16,EGX:EXPA,13.24406702,13.46237582,13.1931283,13.46237582,381100.07999357
2025-03-17,EGX:EXPA,13.46237582,13.60791501,13.38960622,13.41871406,451485.2417972
2025-03-18,EGX:EXPA,13.41871406,13.64429981,13.2658979,13.64429981,1058213.88406991
2025-03-19,EGX:EXPA,13.63702285,13.97903997,13.46237582,13.85533165,2450137.1788513
2025-03-20,EGX:EXPA,13.85533165,14.28467228,13.84805469,14.11730221,1631280.11740177
2025-03-23,EGX:EXPA,14.11730221,14.2264566,13.89899341,14.08091741,331131.41107181
2025-03-24,EGX:EXPA,14.08091741,14.2264566,13.60791501,13.79711597,296516.68136855
2025-03-25,EGX:EXPA,13.79711597,14.04453261,13.57153021,13.83350077,247894.72867646
2025-03-26,EGX:EXPA,13.85533165,14.11730221,13.83350077,14.04453261,359033.17263024
2025-03-27,EGX:EXPA,14.08819437,14.4083806,13.93537821,14.4083806,314559.93044568
2025-04-03,EGX:EXPA,14.4083806,14.4083806,14.06636349,14.24101052,254719.00704029
2025-04-06,EGX:EXPA,14.24101052,14.24101052,13.39688318,13.51331453,219347.09300789
2025-04-07,EGX:EXPA,13.51331453,13.73890029,13.20768222,13.64429981,216341.71709535
2025-04-08,EGX:EXPA,13.64429981,13.82622381,13.35322142,13.64429981,212221.86479274
2025-04-09,EGX:EXPA,13.78983901,13.78983901,12.80744942,13.28772878,442192.89981246
2025-04-10,EGX:EXPA,13.28045182,14.10274829,13.28045182,13.80439293,476399.49204612
2025-04-13,EGX:EXPA,13.80439293,14.18279485,13.71706941,13.93537821,349122.44054004
2025-04-14,EGX:EXPA,13.87716253,14.07364045,13.78983901,13.84805469,444975.65528704
2025-04-15,EGX:EXPA,13.84805469,14.11730221,13.76073117,14.04453261,302078.069717
2025-04-16,EGX:EXPA,13.97903997,14.03725565,13.78983901,13.82622381,132218.67554884
2025-04-17,EGX:EXPA,13.87716253,13.93537821,13.75345421,13.86260861,201274.98572584
2025-04-22,EGX:EXPA,13.86260861,13.97176301,13.75345421,13.75345421,61506.45408943
2025-04-23,EGX:EXPA,13.76073117,13.97903997,13.46237582,13.97176301,205026.55236564
2025-04-27,EGX:EXPA,13.97176301,14.11002525,13.78983901,13.82622381,981811.09944003
2025-04-28,EGX:EXPA,13.82622381,13.94993213,13.76800813,13.77528509,142077.18803013
2025-04-29,EGX:EXPA,13.77528509,13.89899341,13.68796157,13.71706941,197942.55015752
2025-04-30,EGX:EXPA,13.71706941,13.92810125,13.68068461,13.76073117,192627.14365102
2025-05-04,EGX:EXPA,13.76073117,13.94993213,13.66613069,13.89899341,470655.3350665
2025-05-05,EGX:EXPA,13.89899341,13.92082429,13.68068461,13.68796157,785656.38378741
2025-05-06,EGX:EXPA,13.68796157,13.82622381,13.53514541,13.53514541,488750.80375254
2025-05-07,EGX:EXPA,13.56425325,13.82622381,13.54969933,13.60063805,447581.13893138
2025-05-08,EGX:EXPA,13.60063805,13.69523853,13.4114371,13.4114371,189603.90313543
2025-05-11,EGX:EXPA,13.4114371,13.78983901,13.4114371,13.54242237,57614.71902573
2025-05-12,EGX:EXPA,13.54242237,13.68068461,13.43326798,13.46237582,241783.66023427
2025-05-13,EGX:EXPA,13.45509886,13.53514541,13.45509886,13.46237582,169129.69384372
2025-05-14,EGX:EXPA,13.46237582,13.60791501,13.33139054,13.46237582,57589.98342151
2025-05-15,EGX:EXPA,13.43326798,13.53514541,13.36777534,13.45509886,203121.91084082
2025-05-18,EGX:EXPA,13.45509886,13.65885373,13.38960622,13.38960622,206514.81121945
2025-05-19,EGX:EXPA,13.38960622,13.38960622,13.28045182,13.28045182,95227.95364037
2025-05-20,EGX:EXPA,13.28045182,13.45509886,13.1567435,13.35322142,103280.76701371
2025-05-21,EGX:EXPA,13.30955966,13.46237582,13.2295131,13.3386675,44158.55033089
2025-05-22,EGX:EXPA,13.3386675,13.52786845,13.28045182,13.52786845,217039.8108144
2025-05-25,EGX:EXPA,13.52786845,13.68068461,13.35322142,13.68068461,284382.49329916
2025-05-26,EGX:EXPA,13.65157677,13.84805469,13.49876061,13.78256205,551727.65209274
2025-05-27,EGX:EXPA,13.78256205,13.81894685,13.49148365,13.76073117,277122.59346104
2025-05-28,EGX:EXPA,13.76073117,13.82622381,13.44054494,13.57153021,144064.28156901
2025-05-29,EGX:EXPA,13.55697629,13.75345421,13.49876061,13.50603757,28294.78282545
2025-06-01,EGX:EXPA,13.54969933,13.72434637,13.40416014,13.46237582,41147.67761741
2025-06-02,EGX:EXPA,13.47692973,13.69523853,13.24406702,13.25862094,299094.68100821
2025-06-03,EGX:EXPA,13.25862094,13.44054494,13.25862094,13.42599102,131274.59998783
2025-06-04,EGX:EXPA,13.39688318,13.64429981,13.36777534,13.40416014,112784.73583453
2025-06-10,EGX:EXPA,13.40416014,13.63702285,13.38232926,13.41871406,147145.23849444
2025-06-11,EGX:EXPA,13.41871406,13.97176301,13.41871406,13.82622381,1036557.86257665
2025-06-12,EGX:EXPA,13.82622381,13.89899341,13.59336109,13.65885373,534185.98610115
2025-06-15,EGX:EXPA,13.65885373,13.65885373,12.77834158,13.06214302,421689.83231583
2025-06-16,EGX:EXPA,13.06214302,13.46237582,12.57458671,13.09852782,187700.63581084
2025-06-17,EGX:EXPA,13.0839739,13.28045182,12.37083183,12.69829503,319401.23787133
2025-06-18,EGX:EXPA,12.38538575,13.09852782,12.23984655,12.52364799,147881.80982006
2025-06-19,EGX:EXPA,12.67646415,13.07669694,12.34900095,12.41449359,199998.35370812
2025-06-22,EGX:EXPA,12.41449359,12.68374111,12.29806223,12.64735631,278713.91733243
2025-06-23,EGX:EXPA,12.64735631,12.87294206,12.64735631,12.83655726,224093.58061737
2025-06-24,EGX:EXPA,12.84383422,13.23679006,12.84383422,13.12763566,442657.37949167
2025-06-25,EGX:EXPA,13.12763566,14.11730221,12.93115774,14.11730221,954711.87081847
2025-06-29,EGX:EXPA,14.11730221,14.11730221,13.68068461,13.75345421,1112475.55452381
2025-06-30,EGX:EXPA,13.75345421,14.06636349,13.58608413,13.97176301,484701.03566188
2025-07-01,EGX:EXPA,13.83350077,14.03725565,13.63702285,13.82622381,1612072.92072614
2025-07-02,EGX:EXPA,13.82622381,13.96448605,13.70251549,13.82622381,397330.75896158
2025-07-06,EGX:EXPA,13.82622381,13.85533165,13.69523853,13.69523853,119761.55042437
2025-07-07,EGX:EXPA,13.73890029,13.82622381,13.60791501,13.61519197,186979.1806878
2025-07-09,EGX:EXPA,13.60791501,13.76800813,13.54242237,13.62974589,38865.13102814
2025-07-10,EGX:EXPA,13.60791501,13.81166989,13.53514541,13.55697629,99613.0265882
2025-07-13,EGX:EXPA,13.57153021,13.72434637,13.46965277,13.49148365,128997.5501995
2025-07-14,EGX:EXPA,13.49148365,13.79711597,13.38960622,13.55697629,290161.00528464
2025-07-15,EGX:EXPA,13.60791501,13.68068461,13.47692973,13.53514541,132765.60724211
2025-07-16,EGX:EXPA,13.53514541,13.68068461,13.53514541,13.53514541,64367.53897737
2025-07-17,EGX:EXPA,13.54969933,13.58608413,13.4478219,13.56425325,510946.8859379
2025-07-20,EGX:EXPA,13.56425325,13.67340765,13.46965277,13.60791501,198400.15883556
2025-07-21,EGX:EXPA,13.55697629,13.60791501,13.42599102,13.46965277,179899.30108039
2025-07-22,EGX:EXPA,13.46965277,13.58608413,13.45509886,13.55697629,190586.456303
2025-07-23,EGX:EXPA,13.55697629,13.67340765,13.39688318,13.41871406,106970.49464296
2025-07-27,EGX:EXPA,13.41871406,13.53514541,13.41871406,13.49148365,135152.59304919
2025-07-28,EGX:EXPA,13.49148365,13.56425325,13.28045182,13.3386675,189998.29860269
2025-07-29,EGX:EXPA,13.3386675,13.4114371,13.3386675,13.35322142,62583.82707317
2025-07-30,EGX:EXPA,13.36049838,13.49148365,13.33139054,13.43326798,167998.72705084
2025-07-31,EGX:EXPA,13.43326798,13.67340765,13.43326798,13.60791501,372449.48951828
2025-08-03,EGX:EXPA,13.60791501,13.74617725,13.51331453,13.60791501,122141.66523028
2025-08-04,EGX:EXPA,13.60791501,13.68068461,13.48420669,13.49876061,129218.79643723
2025-08-05,EGX:EXPA,13.53514541,13.62974589,13.50603757,13.52059149,400888.56336834
2025-08-06,EGX:EXPA,13.52059149,13.53514541,13.38960622,13.53514541,336544.38579495
2025-08-07,EGX:EXPA,13.47692973,13.57153021,13.4114371,13.46237582,2121047.82932774
2025-08-10,EGX:EXPA,13.46237582,13.57153021,13.4478219,13.46237582,951841.1665289
2025-08-11,EGX:EXPA,13.46237582,13.56425325,13.36777534,13.46237582,1201250.26386362
2025-08-12,EGX:EXPA,13.46237582,13.52059149,13.38232926,13.46237582,4998682.21068526
2025-08-13,EGX:EXPA,13.46237582,13.50603757,13.40416014,13.48420669,2280705.16095602
2025-08-14,EGX:EXPA,13.44054494,13.49876061,13.36777534,13.47692973,6553992.41653098
2025-08-17,EGX:EXPA,13.47692973,13.53514541,13.4114371,13.49876061,278232.9472504
2025-08-18,EGX:EXPA,13.49876061,13.67340765,13.49876061,13.57880717,529424.38228909
2025-08-19,EGX:EXPA,13.57880717,14.05180957,13.54969933,13.76073117,1002393.87055026
2025-08-20,EGX:EXPA,13.76073117,13.81894685,13.61519197,13.66613069,441141.63663318
2025-08-21,EGX:EXPA,13.66613069,13.82622381,13.60791501,13.61519197,271574.94711493
2025-08-24,EGX:EXPA,13.61519197,13.95720909,13.61519197,13.86260861,818172.70973281
2025-08-25,EGX:EXPA,13.86260861,14.00814781,13.82622381,13.86988557,551812.85250727
2025-08-26,EGX:EXPA,13.86988557,14.6266894,13.86988557,14.34288796,1910727.85765935
2025-08-27,EGX:EXPA,14.34288796,14.517535,14.2628414,14.32833404,282859.87943949
2025-08-28,EGX:EXPA,14.32833404,14.47387324,14.2992262,14.2992262,119927.82865273
2025-08-31,EGX:EXPA,14.34288796,14.4083806,13.91354733,14.02270173,266042.41697141
2025-09-01,EGX:EXPA,14.02270173,14.11002525,13.89171645,13.89899341,180692.21461561
2025-09-02,EGX:EXPA,13.89899341,14.517535,13.89899341,14.2264566,304028.05984955
2025-09-03,EGX:EXPA,14.2264566,14.46659628,13.84077773,14.04453261,208892.17762489
2025-09-07,EGX:EXPA,14.02270173,14.2628414,13.82622381,13.88443949,316184.23512269
2025-09-08,EGX:EXPA,13.88443949,14.03725565,13.76800813,13.76800813,190407.81027253
2025-09-09,EGX:EXPA,13.81894685,14.01542477,13.54242237,13.60791501,1052450.48828701
2025-09-10,EGX:EXPA,13.62246893,13.70979245,13.53514541,13.70979245,325520.55151493
2025-09-11,EGX:EXPA,13.68068461,13.78983901,13.68068461,13.68068461,203895.58557276
2025-09-14,EGX:EXPA,13.68796157,13.97176301,13.68796157,13.89171645,227996.30928295
2025-09-15,EGX:EXPA,13.891717,13.97904,13.862609,13.891717,234630.0
2025-09-16,EGX:EXPA,13.89171645,13.92082429,13.54242237,13.70979245,229403.49032293
2025-09-17,EGX:EXPA,13.70979245,14.4083806,13.67340765,13.78983901,393430.77869647
2025-09-18,EGX:EXPA,13.79,14.3,13.63,14.08,2198916.0
2025-09-21,EGX:EXPA,14.08,14.25,13.85,13.91,387754.0
2025-09-22,EGX:EXPA,13.91,14.13,13.85,14.0,531104.0
2025-09-23,EGX:EXPA,14.0,14.1,13.79,13.82,86463.0
2025-09-24,EGX:EXPA,13.82,14.6,13.8,14.57,1008993.0
2025-09-25,EGX:EXPA,14.57,14.9,14.15,14.9,404353.0
2025-09-28,EGX:EXPA,14.89,14.9,14.3,14.4,542032.0
2025-09-29,EGX:EXPA,14.4,15.1,14.31,15.03,1526031.0
2025-09-30,EGX:EXPA,15.03,15.59,15.03,15.56,1882170.0
2025-10-01,EGX:EXPA,15.56,15.63,15.16,15.49,843227.0
2025-10-02,EGX:EXPA,15.49,15.58,14.9,15.07,828288.0
2025-10-05,EGX:EXPA,15.07,15.5,15.07,15.11,515561.0
2025-10-06,EGX:EXPA,15.11,15.39,15.11,15.2,200729.0
2025-10-07,EGX:EXPA,15.2,15.22,14.94,15.1,415059.0
2025-10-08,EGX:EXPA,15.1,15.49,15.0,15.49,305479.0
2025-10-12,EGX:EXPA,15.42,15.46,14.91,15.26,8841190.0
2025-10-13,EGX:EXPA,15.12,15.63,15.12,15.57,2042088.0
2025-10-14,EGX:EXPA,15.52,16.0,15.5,15.78,782509.0
2025-10-15,EGX:EXPA,15.78,15.86,15.27,15.35,405412.0
2025-10-16,EGX:EXPA,15.35,15.6,15.32,15.4,156117.0
2025-10-19,EGX:EXPA,15.4,15.5,15.25,15.38,182804.0
2025-10-20,EGX:EXPA,15.3,15.44,15.15,15.16,346663.0
2025-10-21,EGX:EXPA,15.16,15.27,14.73,14.78,768515.0
2025-10-22,EGX:EXPA,14.78,14.9,14.4,14.55,1518659.0
2025-10-23,EGX:EXPA,14.61,16.4,14.61,15.75,5958160.0
2025-10-26,EGX:EXPA,15.75,16.2,15.5,15.68,2334210.0
2025-10-27,EGX:EXPA,15.68,15.9,15.36,15.41,799556.0
2025-10-28,EGX:EXPA,15.41,15.5,15.2,15.2,644725.0
2025-10-29,EGX:EXPA,15.2,15.68,15.2,15.34,1346338.0
2025-10-30,EGX:EXPA,15.34,15.99,15.34,15.88,2841459.0
2025-11-02,EGX:EXPA,15.88,16.5,15.88,16.01,4876643.0
2025-11-03,EGX:EXPA,16.01,16.6,15.9,16.45,5589380.0
2025-11-04,EGX:EXPA,16.45,16.75,16.1,16.5,5394443.0
2025-11-05,EGX:EXPA,16.5,17.6,16.5,17.55,9668486.0
2025-11-06,EGX:EXPA,17.55,17.8,16.51,16.51,7704746.0
2025-11-09,EGX:EXPA,16.51,16.88,16.46,16.66,4002006.0
2025-11-10,EGX:EXPA,16.66,16.8,16.5,16.51,1559601.0
2025-11-11,EGX:EXPA,16.51,17.2,16.51,16.98,7497380.0
2025-11-12,EGX:EXPA,16.98,17.15,16.5,16.66,3063794.0
2025-11-13,EGX:EXPA,16.66,16.8,16.32,16.33,4002325.0
2025-11-16,EGX:EXPA,16.33,16.5,16.21,16.38,1678942.0
2025-11-17,EGX:EXPA,16.38,16.44,16.22,16.42,999289.0
2025-11-18,EGX:EXPA,16.42,16.5,15.88,15.94,2247782.0
2025-11-19,EGX:EXPA,15.94,16.11,15.8,15.9,769245.0
2025-11-20,EGX:EXPA,15.9,16.0,15.72,15.87,1536719.0
2025-11-23,EGX:EXPA,15.87,15.87,15.6,15.63,500263.0
2025-11-24,EGX:EXPA,15.63,15.77,15.39,15.4,649949.0
2025-11-25,EGX:EXPA,15.4,15.57,14.92,14.99,1971570.0
2025-11-26,EGX:EXPA,14.99,15.29,14.9,14.91,612740.0
2025-11-27,EGX:EXPA,14.91,15.1,14.75,15.1,1421286.0
2025-11-30,EGX:EXPA,15.1,15.47,15.04,15.2,1667461.0
2025-12-01,EGX:EXPA,15.2,15.45,15.2,15.24,489454.0
2025-12-02,EGX:EXPA,15.24,15.74,15.21,15.7,527044.0
2025-12-03,EGX:EXPA,15.7,16.34,15.69,16.2,1867925.0
2025-12-04,EGX:EXPA,16.2,16.57,16.11,16.52,3308409.0
2025-12-07,EGX:EXPA,16.52,16.95,16.31,16.95,1722064.0
2025-12-08,EGX:EXPA,16.95,16.98,16.56,16.62,413293.0
2025-12-09,EGX:EXPA,16.62,16.85,16.5,16.75,509747.0
2025-12-10,EGX:EXPA,16.75,16.8,16.58,16.58,137198.0
2025-12-11,EGX:EXPA,16.58,16.79,16.5,16.5,405514.0
2025-12-14,EGX:EXPA,16.5,16.74,16.06,16.18,1185407.0
2025-12-15,EGX:EXPA,16.18,16.35,16.1,16.27,1316357.0
2025-12-16,EGX:EXPA,16.27,16.27,16.01,16.24,228532.0
2025-12-17,EGX:EXPA,16.22,16.25,15.95,16.0,720988.0
2025-12-18,EGX:EXPA,16.0,16.13,15.88,15.91,1178319.0
2025-12-21,EGX:EXPA,15.91,16.0,15.65,15.99,188733.0
2025-12-22,EGX:EXPA,15.99,16.1,15.61,15.61,737558.0
2025-12-23,EGX:EXPA,15.61,15.96,15.5,15.6,2420397.0
2025-12-24,EGX:EXPA,15.6,16.01,15.6,15.8,4441444.0
2025-12-25,EGX:EXPA,15.8,16.0,15.62,15.68,269533.0
2025-12-28,EGX:EXPA,15.68,15.8,15.44,15.48,821209.0
2025-12-29,EGX:EXPA,15.48,15.68,15.37,15.42,799460.0
2025-12-30,EGX:EXPA,15.42,15.7,15.42,15.52,1053341.0
2025-12-31,EGX:EXPA,15.53,15.63,15.34,15.4,1087322.0
2026-01-04,EGX:EXPA,15.4,15.6,15.02,15.15,428730.0
2026-01-05,EGX:EXPA,15.18,15.3,14.5,14.61,1527734.0
2026-01-06,EGX:EXPA,14.61,15.04,14.61,14.92,1029915.0
2026-01-08,EGX:EXPA,14.92,15.17,14.92,15.03,268790.0
2026-01-11,EGX:EXPA,15.03,15.97,15.03,15.72,1621599.0
2026-01-12,EGX:EXPA,15.72,15.87,15.4,15.4,999526.0
2026-01-13,EGX:EXPA,15.4,15.63,15.01,15.25,1282470.0
2026-01-14,EGX:EXPA,15.25,15.43,14.8,15.23,588155.0
2026-01-15,EGX:EXPA,15.23,15.64,14.92,15.57,11009165.0
2026-01-18,EGX:EXPA,15.57,15.88,15.57,15.7,913293.0
2026-01-19,EGX:EXPA,15.7,15.9,15.6,15.65,632837.0
2026-01-20,EGX:EXPA,15.65,16.31,15.6,16.31,4337149.0
2026-01-21,EGX:EXPA,16.31,16.65,16.22,16.27,4879833.0
2026-01-22,EGX:EXPA,16.27,16.47,15.98,16.18,1456260.0
2026-01-25,EGX:EXPA,16.18,16.47,15.9,15.9,1118968.0
2026-01-26,EGX:EXPA,15.9,16.25,15.82,15.89,1271956.0
2026-01-27,EGX:EXPA,15.89,16.12,15.85,15.95,1974603.0
2026-01-28,EGX:EXPA,15.95,16.09,15.62,15.84,834217.0
2026-02-01,EGX:EXPA,15.84,15.95,15.61,15.95,356272.0
2026-02-02,EGX:EXPA,15.95,16.25,15.7,16.0,1834263.0
2026-02-03,EGX:EXPA,16.0,16.7,16.0,16.4,3757538.0
2026-02-04,EGX:EXPA,16.4,16.65,16.3,16.37,1012042.0
2026-02-05,EGX:EXPA,16.37,16.49,16.02,16.39,812222.0
2026-02-08,EGX:EXPA,16.39,16.5,15.98,16.0,1081232.0
2026-02-09,EGX:EXPA,16.0,16.7,15.99,16.7,2506046.0
2026-02-10,EGX:EXPA,16.7,16.84,16.4,16.6,1654471.0
2026-02-11,EGX:EXPA,16.6,16.6,16.03,16.2,1511159.0
2026-02-12,EGX:EXPA,16.2,16.33,16.15,16.25,328141.0
2026-02-15,EGX:EXPA,16.25,17.87,16.25,17.3,15549228.0
2026-02-16,EGX:EXPA,17.3,17.5,17.02,17.3,3791129.0
2026-02-17,EGX:EXPA,17.3,17.55,17.1,17.45,1980503.0
2026-02-18,EGX:EXPA,17.45,17.77,17.2,17.23,2364651.0
2026-02-19,EGX:EXPA,17.23,17.49,16.8,17.0,880253.0
2026-02-22,EGX:EXPA,17.0,17.2,16.25,16.4,1394222.0
2026-02-23,EGX:EXPA,16.3,16.63,16.22,16.5,1521490.0
2026-02-24,EGX:EXPA,16.5,16.85,16.08,16.1,1950567.0
2026-02-25,EGX:EXPA,16.1,16.4,15.9,16.1,905175.0
2026-02-26,EGX:EXPA,16.1,16.4,15.95,16.25,1215961.0
2026-03-01,EGX:EXPA,16.25,16.25,15.06,15.77,482305.0
2026-03-02,EGX:EXPA,15.62,16.12,15.59,16.1,1552256.0
2026-03-03,EGX:EXPA,16.1,16.2,15.9,16.0,1345017.0
2026-03-04,EGX:EXPA,16.0,16.19,15.8,16.0,1323945.0
2026-03-05,EGX:EXPA,16.0,16.25,15.87,16.23,1218135.0
2026-03-08,EGX:EXPA,16.23,16.35,15.87,16.0,1086974.0
2026-03-09,EGX:EXPA,16.0,16.25,15.91,16.0,1723522.0
2026-03-10,EGX:EXPA,16.0,16.6,15.94,16.4,3328931.0
2026-03-11,EGX:EXPA,16.4,17.0,16.4,16.69,2097990.0
2026-03-12,EGX:EXPA,16.69,16.87,16.3,16.38,743797.0
2026-03-15,EGX:EXPA,16.38,16.4,16.0,16.04,589260.0
2026-03-16,EGX:EXPA,16.04,16.23,15.9,16.0,522703.0
2026-03-17,EGX:EXPA,16.0,16.2,16.0,16.2,1529596.0
2026-03-18,EGX:EXPA,16.2,16.36,16.16,16.35,933263.0
2026-03-24,EGX:EXPA,16.35,16.44,16.2,16.22,277485.0
2026-03-25,EGX:EXPA,16.23,16.4,16.23,16.26,1200823.0
2026-03-26,EGX:EXPA,16.26,16.78,16.26,16.37,767093.0
2026-03-29,EGX:EXPA,16.37,16.4,16.05,16.09,1581117.0
2026-03-30,EGX:EXPA,16.09,16.19,16.01,16.04,307633.0
2026-03-31,EGX:EXPA,16.04,16.38,16.0,16.1,2197049.0
2026-04-01,EGX:EXPA,16.1,16.49,16.1,16.3,1375073.0
2026-04-02,EGX:EXPA,16.3,16.35,16.18,16.25,768085.0
2026-04-05,EGX:EXPA,16.25,16.92,16.21,16.79,7527277.0
2026-04-06,EGX:EXPA,16.79,16.96,16.65,16.65,3351044.0
2026-04-07,EGX:EXPA,16.65,16.75,16.42,16.52,539291.0
2026-04-08,EGX:EXPA,16.52,16.9,16.52,16.66,852984.0
2026-04-09,EGX:EXPA,16.66,16.87,16.6,16.7,619679.0
2026-04-14,EGX:EXPA,16.7,17.4,16.7,17.31,5589482.0
2026-04-15,EGX:EXPA,17.31,17.55,17.15,17.42,3446218.0
2026-04-16,EGX:EXPA,17.42,17.67,17.15,17.42,2554809.0
2026-04-19,EGX:EXPA,17.42,17.77,17.25,17.5,2235994.0
2026-04-20,EGX:EXPA,17.5,17.7,17.3,17.4,1736748.0
2026-04-21,EGX:EXPA,17.4,17.62,17.32,17.34,2254462.0
2026-04-22,EGX:EXPA,17.34,17.5,17.16,17.25,2056722.0
2026-04-23,EGX:EXPA,17.25,17.4,16.99,17.2,3410833.0
2026-04-26,EGX:EXPA,17.2,17.2,16.93,16.99,1313055.0
2026-04-27,EGX:EXPA,16.99,17.27,16.96,17.05,1197454.0
2026-04-28,EGX:EXPA,17.05,17.2,16.95,17.0,2106156.0
2026-04-29,EGX:EXPA,17.0,17.47,16.98,17.47,2103498.0
2026-04-30,EGX:EXPA,17.47,17.64,17.31,17.4,1392809.0
2026-05-03,EGX:EXPA,17.4,17.67,17.4,17.65,1374854.0
2026-05-04,EGX:EXPA,17.65,21.18,17.65,18.4,7183457.0
2026-05-05,EGX:EXPA,18.4,18.8,18.13,18.44,3885284.0
2026-05-06,EGX:EXPA,18.44,18.8,18.44,18.7,2492021.0
2026-05-10,EGX:EXPA,18.7,19.1,18.6,18.69,3500661.0
2026-05-11,EGX:EXPA,18.69,18.9,18.4,18.68,2914938.0
2026-05-12,EGX:EXPA,18.68,19.0,18.47,18.65,1036191.0
2026-05-13,EGX:EXPA,18.65,18.93,18.52,18.7,2478372.0
2026-05-14,EGX:EXPA,18.7,18.99,18.53,18.99,2184277.0
2026-05-17,EGX:EXPA,18.99,19.25,18.6,18.6,1557907.0
2026-05-18,EGX:EXPA,18.6,18.95,18.5,18.8,2001218.0
2026-05-19,EGX:EXPA,18.8,19.24,18.69,18.9,2477695.0
2026-05-20,EGX:EXPA,18.9,19.15,18.55,18.55,1451131.0
2026-05-21,EGX:EXPA,18.55,18.79,18.55,18.6,1041102.0
2026-05-24,EGX:EXPA,18.6,18.95,18.57,18.85,1481754.0
2026-05-25,EGX:EXPA,18.85,19.0,18.7,18.89,2359241.0
2026-06-01,EGX:EXPA,18.83,18.95,18.6,18.69,1512068.0
2026-06-02,EGX:EXPA,18.69,18.8,18.66,18.7,1719115.0
2026-06-03,EGX:EXPA,18.7,18.77,18.54,18.57,1340226.0
2026-06-04,EGX:EXPA,18.57,18.64,18.34,18.5,1507156.0
2026-06-07,EGX:EXPA,18.5,20.09,18.34,19.79,4398029.0
2026-06-08,EGX:EXPA,19.79,19.79,19.0,19.11,2813463.0
2026-06-09,EGX:EXPA,19.11,19.45,18.82,18.98,1970547.0
2026-06-10,EGX:EXPA,18.83,19.1,18.6,18.63,1269245.0
