date,symbol,open,high,low,close,volume
2005-09-18,EGX:MASR,0.39806784,0.39806784,0.39806784,0.39806784,25561.45833333
2005-09-19,EGX:MASR,0.35943168,0.35943168,0.35919744,0.3592752,25561.45833333
2005-09-20,EGX:MASR,0.36294432,0.36294432,0.36021216,0.3604464,76808.33333333
2005-09-21,EGX:MASR,0.37465152,0.37465152,0.37465152,0.37465152,12754.16666667
2005-09-22,EGX:MASR,0.39026208,0.4136784,0.39026208,0.40228224,2259700.0
2005-09-25,EGX:MASR,0.4175808,0.55417248,0.4175808,0.499848,45405820.83333334
2005-09-26,EGX:MASR,0.55417248,0.5853936,0.54636768,0.5746224,20794017.70833333
2005-09-27,EGX:MASR,0.57953952,0.60100416,0.5775888,0.59343264,38561564.58333334
2005-09-28,EGX:MASR,0.5853936,0.68686176,0.5853936,0.6485376,8740854.16666667
2005-09-29,EGX:MASR,0.67905696,0.69466752,0.64783584,0.69060864,11206892.70833333
2005-10-02,EGX:MASR,0.78052512,0.78052512,0.6634464,0.6999744,8157026.04166667
2005-10-03,EGX:MASR,0.6634464,0.70247232,0.62441952,0.66664608,4301662.5
2005-10-04,EGX:MASR,0.62441952,0.64003008,0.60100416,0.61364832,826318.75
2005-10-05,EGX:MASR,0.60880896,0.64783584,0.60880896,0.6260592,5885339.58333333
2005-10-09,EGX:MASR,0.6263712,0.686784,0.6263712,0.66422688,1341094.79166667
2005-10-10,EGX:MASR,0.66352416,0.6712512,0.64783584,0.6586848,1856244.79166667
2005-10-11,EGX:MASR,0.6287904,0.6634464,0.6287904,0.66313344,8052191.66666666
2005-10-12,EGX:MASR,0.64783584,0.64783584,0.64003008,0.64143552,864746.875
2005-10-13,EGX:MASR,0.64393344,0.64783584,0.62441952,0.63191328,1875348.95833333
2005-10-16,EGX:MASR,0.64003008,0.65564064,0.64003008,0.64885056,247227.08333333
2005-10-17,EGX:MASR,0.65564064,0.6945888,0.6401088,0.66711456,6231007.29166667
2005-10-18,EGX:MASR,0.62832288,0.64393344,0.62832288,0.63511296,1267675.0
2005-10-19,EGX:MASR,0.62832288,0.63230304,0.6084192,0.62059488,5550056.25
2005-10-20,EGX:MASR,0.63066432,0.63066432,0.62441952,0.62449824,5164556.25
2005-10-23,EGX:MASR,0.624576,0.62832288,0.62441952,0.624576,2333627.08333333
2005-10-24,EGX:MASR,0.62441952,0.62832288,0.62441952,0.62473248,171617.70833333
2005-10-25,EGX:MASR,0.62449824,0.62449824,0.60880896,0.62379552,4038247.91666667
2005-10-26,EGX:MASR,0.62449824,0.6263712,0.62449824,0.624576,218923.95833333
2005-10-27,EGX:MASR,0.62449824,0.64003008,0.62449824,0.63690816,1555689.58333333
2005-10-30,EGX:MASR,0.62441952,0.62449824,0.62441952,0.62441952,76808.33333333
2005-10-31,EGX:MASR,0.62481024,0.62481024,0.61661472,0.62363904,2267008.33333333
2005-11-01,EGX:MASR,0.62051712,0.62449824,0.61357056,0.62363904,1566208.33333333
2005-11-06,EGX:MASR,0.61661472,0.62559072,0.61661472,0.624576,2056259.375
2005-11-07,EGX:MASR,0.6323808,0.69076416,0.62441952,0.6640704,62802562.5
2005-11-08,EGX:MASR,0.68686176,0.7726416,0.68686176,0.73650336,9984243.75
2005-11-09,EGX:MASR,0.74149824,0.76491456,0.69466752,0.72229728,10419987.5
2005-11-10,EGX:MASR,0.70247232,0.70247232,0.69466752,0.70052064,897148.95833333
2005-11-13,EGX:MASR,0.70052064,0.70052064,0.63261504,0.67468608,2010884.375
2005-11-14,EGX:MASR,0.686784,0.686784,0.61271232,0.63698592,2723107.29166667
2005-11-15,EGX:MASR,0.62449824,0.64003008,0.60880896,0.62707392,2015264.58333333
2005-11-16,EGX:MASR,0.62481024,0.64003008,0.62441952,0.6275424,2289430.20833333
2005-11-17,EGX:MASR,0.6392496,0.65564064,0.62527872,0.64112352,825702.08333333
2005-11-20,EGX:MASR,0.6634464,0.6634464,0.62535648,0.63870336,192115.625
2005-11-21,EGX:MASR,0.63222528,0.64393344,0.63222528,0.63378624,126792.70833333
2005-11-22,EGX:MASR,0.64385472,0.64783584,0.60919968,0.62925888,2339775.0
2005-11-23,EGX:MASR,0.60888768,0.60888768,0.57563712,0.59741376,1026816.66666667
2005-11-24,EGX:MASR,0.60880896,0.62441952,0.60880896,0.61154112,282470.83333333
2005-11-27,EGX:MASR,0.61661472,0.61661472,0.61661472,0.61661472,256167.70833333
2005-11-28,EGX:MASR,0.60880896,0.61271232,0.60880896,0.6102144,72352.08333333
2005-11-29,EGX:MASR,0.60100416,0.60100416,0.5853936,0.58999872,567509.375
2005-11-30,EGX:MASR,0.59327712,0.62441952,0.58937472,0.59530656,475263.54166667
2005-12-01,EGX:MASR,0.58851552,0.60880896,0.58851552,0.60108192,208122.91666667
2005-12-04,EGX:MASR,0.62441952,0.62449824,0.61661472,0.62270304,653343.75
2005-12-05,EGX:MASR,0.58617408,0.60802848,0.58305216,0.58851552,1474186.45833333
2005-12-06,EGX:MASR,0.624264,0.63612768,0.60888768,0.61973664,371486.45833333
2005-12-07,EGX:MASR,0.64003008,0.65212896,0.5931984,0.6317568,3763437.5
2005-12-08,EGX:MASR,0.6625872,0.6625872,0.62559072,0.63214752,1293179.16666667
2005-12-11,EGX:MASR,0.66250944,0.68256864,0.64276224,0.66391488,17393613.54166666
2005-12-12,EGX:MASR,0.6634464,0.6634464,0.64026432,0.66188544,3944976.04166667
2005-12-13,EGX:MASR,0.66266592,0.66360192,0.64003008,0.65579712,2392954.16666667
2005-12-14,EGX:MASR,0.64003008,0.64003008,0.62449824,0.62762016,258990.625
2005-12-15,EGX:MASR,0.62840064,0.66110496,0.62832288,0.64268448,185453.125
2005-12-18,EGX:MASR,0.64198176,0.64198176,0.63612768,0.64034304,192280.20833333
2005-12-19,EGX:MASR,0.6404208,0.6404208,0.62449824,0.63136608,229912.5
2005-12-20,EGX:MASR,0.64198176,0.64744512,0.62441952,0.63308352,1011061.45833333
2005-12-21,EGX:MASR,0.63495648,0.65548512,0.62441952,0.63839136,1624994.79166667
2005-12-22,EGX:MASR,0.63230304,0.63612768,0.6263712,0.63199104,1023211.45833333
2005-12-25,EGX:MASR,0.65845056,0.71808288,0.65845056,0.68756448,24892163.54166666
2005-12-26,EGX:MASR,0.72019008,0.78052512,0.71816064,0.75539232,23242093.75
2005-12-27,EGX:MASR,0.76491456,0.76491456,0.71980032,0.74313792,8102063.54166667
2005-12-28,EGX:MASR,0.78052512,0.8429664,0.7571088,0.79785216,35629828.12500001
2005-12-29,EGX:MASR,0.8584992,0.89604288,0.78052512,0.839064,37785794.79166666
2006-01-02,EGX:MASR,0.96004512,0.96004512,0.86638272,0.88815936,21980664.58333333
2006-01-03,EGX:MASR,0.90540864,0.9210192,0.80011584,0.88698816,8129465.625
2006-01-04,EGX:MASR,0.85842144,0.86638272,0.80159904,0.83149344,10586670.83333333
2006-01-05,EGX:MASR,0.81970752,0.8429664,0.79613568,0.81650688,7589202.08333333
2006-01-08,EGX:MASR,0.78052512,0.81557088,0.76491456,0.77904192,9002617.70833333
2006-01-12,EGX:MASR,0.81955104,0.81955104,0.7259664,0.78232032,10463278.125
2006-01-15,EGX:MASR,0.73798656,0.74188896,0.73369344,0.73962528,5612457.29166667
2006-01-16,EGX:MASR,0.74188896,0.81166752,0.74157696,0.78794016,5709163.54166667
2006-01-17,EGX:MASR,0.8429664,0.97058304,0.8429664,0.91984896,29432969.79166667
2006-01-18,EGX:MASR,0.88979808,0.97565568,0.88979808,0.93702048,20674114.58333334
2006-01-19,EGX:MASR,0.93858144,1.23283872,0.93858144,1.09023744,150530306.25
2006-01-22,EGX:MASR,1.24868352,1.32689184,1.24868352,1.32057024,2434198.95833333
2006-01-23,EGX:MASR,1.52202336,1.52202336,1.10951616,1.25399136,77942882.29166669
2006-01-24,EGX:MASR,1.40494464,1.40494464,1.1707872,1.22901408,62283805.20833336
2006-01-25,EGX:MASR,1.24884,1.28778816,1.15517664,1.2117648,37985390.625
2006-01-26,EGX:MASR,1.28786592,1.44397056,1.28786592,1.38636864,97849218.74999997
2006-01-29,EGX:MASR,1.43616576,1.52202336,1.3230672,1.35959616,52631847.91666668
2006-01-30,EGX:MASR,1.3346976,1.3346976,1.22737536,1.2692112,41940802.0833333
2006-02-01,EGX:MASR,1.24891776,1.31908704,1.23322944,1.27030464,48779943.75000001
2006-02-02,EGX:MASR,1.23439968,1.30347648,1.07712384,1.15174272,60223789.5833333
2006-02-05,EGX:MASR,1.24103424,1.24884,1.1707872,1.21543296,30140561.45833333
2006-02-06,EGX:MASR,1.21761888,1.29559296,1.20981312,1.2527424,70457148.95833333
2006-02-07,EGX:MASR,1.28778816,1.28778816,1.20981312,1.23073152,79953570.83333333
2006-02-08,EGX:MASR,1.24095648,1.24095648,1.06229472,1.14932256,27311148.95833334
2006-02-09,EGX:MASR,0.95224032,1.1668848,0.94443552,1.05558144,23351279.16666666
2006-02-12,EGX:MASR,1.16883552,1.17000672,1.03224384,1.06627488,18350294.79166668
2006-02-13,EGX:MASR,1.01468256,1.04200032,0.96777312,1.00367712,22686454.16666667
2006-02-14,EGX:MASR,1.03029312,1.11146688,0.98346144,1.0472304,19032010.41666667
2006-02-15,EGX:MASR,1.0397376,1.05378624,0.93678624,1.0095312,20759685.41666668
2006-02-16,EGX:MASR,0.94451328,0.97440768,0.8273568,0.87504672,50297130.20833332
2006-02-19,EGX:MASR,0.91243392,0.92016096,0.8429664,0.8937792,13769780.20833334
2006-02-20,EGX:MASR,0.90525312,0.90540864,0.8516304,0.8782464,13685093.74999999
2006-02-21,EGX:MASR,0.84765024,0.86169984,0.80003808,0.82821504,19439545.83333334
2006-02-22,EGX:MASR,0.81955104,0.87418752,0.81955104,0.86201184,10507983.33333334
2006-02-23,EGX:MASR,0.87418752,0.999072,0.85857696,0.93381984,27363088.54166668
2006-02-26,EGX:MASR,0.99126624,0.999072,0.93678624,0.9619968,17674726.04166667
2006-02-27,EGX:MASR,0.9210192,0.93584928,0.85857696,0.91914624,11405840.625
2006-02-28,EGX:MASR,0.95926464,0.95926464,0.90564288,0.92226816,6516450.0
2006-03-01,EGX:MASR,0.90736032,0.928512,0.883008,0.8976816,6120050.0
2006-03-02,EGX:MASR,0.88979808,0.8901888,0.85857696,0.874032,11085671.875
2006-03-05,EGX:MASR,0.81174624,0.84210816,0.67905696,0.75929472,23315662.50000002
2006-03-06,EGX:MASR,0.79613568,0.80237952,0.73759584,0.77162688,13830115.625
2006-03-07,EGX:MASR,0.74149824,0.76491456,0.70286304,0.73790784,11498996.87500001
2006-03-08,EGX:MASR,0.71574144,0.7532064,0.695448,0.7304928,27573836.45833333
2006-03-09,EGX:MASR,0.74774304,0.74774304,0.71808288,0.72588768,6406789.58333334
2006-03-12,EGX:MASR,0.71808288,0.72588768,0.67905696,0.6949008,12990310.41666667
2006-03-13,EGX:MASR,0.6721104,0.68881344,0.59327712,0.62660544,27750235.41666668
2006-03-14,EGX:MASR,0.5814912,0.5814912,0.43709376,0.50109696,3628892.70833333
2006-03-15,EGX:MASR,0.64003008,0.70239456,0.54636768,0.5832864,19299397.91666666
2006-03-16,EGX:MASR,0.5767296,0.60100416,0.55417248,0.5857056,34093922.91666668
2006-03-19,EGX:MASR,0.60880896,0.67890048,0.5698608,0.64526016,39083752.08333335
2006-03-20,EGX:MASR,0.65080128,0.6634464,0.63222528,0.63964032,41851002.08333333
2006-03-21,EGX:MASR,0.62449824,0.6464304,0.62441952,0.63495648,13556183.33333334
2006-03-22,EGX:MASR,0.64003008,0.65400192,0.6284784,0.63542496,28541646.875
2006-03-23,EGX:MASR,0.63230304,0.6392496,0.6287904,0.63277152,18646102.08333333
2006-03-26,EGX:MASR,0.65017728,0.73353696,0.64003008,0.69123264,39106696.87500002
2006-03-27,EGX:MASR,0.73985952,0.73985952,0.67132896,0.69810144,22998694.79166667
2006-03-28,EGX:MASR,0.6751536,0.70637472,0.66430464,0.69138912,19006885.41666667
2006-03-29,EGX:MASR,0.69856992,0.70247232,0.67640256,0.6849888,12103096.875
2006-03-30,EGX:MASR,0.67905696,0.67913472,0.65564064,0.6658656,14049976.04166667
2006-04-02,EGX:MASR,0.6712512,0.6859248,0.64869408,0.66328992,7828131.25
2006-04-03,EGX:MASR,0.651816,0.66852,0.64807008,0.66040224,6946158.33333333
2006-04-04,EGX:MASR,0.66266592,0.67296864,0.65954304,0.66453888,9375943.75
2006-04-05,EGX:MASR,0.66352416,0.6984912,0.65977728,0.67952448,30111336.45833334
2006-04-06,EGX:MASR,0.70247232,0.74149824,0.70247232,0.72339072,44054255.20833335
2006-04-09,EGX:MASR,0.71418048,0.81174624,0.71418048,0.77092416,51024733.33333336
2006-04-11,EGX:MASR,0.79613568,0.81564864,0.76491456,0.7930128,41859198.95833333
2006-04-12,EGX:MASR,0.79613568,0.8351616,0.78247584,0.8100288,45089742.70833334
2006-04-13,EGX:MASR,0.83508384,0.83508384,0.74071776,0.77186112,42464446.87500001
2006-04-16,EGX:MASR,0.70247232,0.7711584,0.67164192,0.7062192,30514531.25
2006-04-17,EGX:MASR,0.71418048,0.73369344,0.67203168,0.70902912,19929989.58333334
2006-04-18,EGX:MASR,0.6712512,0.67905696,0.64096704,0.6652416,21031166.66666666
2006-04-19,EGX:MASR,0.67905696,0.6939648,0.66391488,0.6757008,25981302.08333334
2006-04-20,EGX:MASR,0.67882272,0.7723296,0.6751536,0.73665888,61719178.125
2006-04-26,EGX:MASR,0.77584128,0.77584128,0.68896896,0.73517664,29221042.70833335
2006-04-27,EGX:MASR,0.74149824,0.75671904,0.72666816,0.74220096,13138675.0
2006-04-30,EGX:MASR,0.749304,0.80386272,0.749304,0.77537376,34520297.91666666
2006-05-02,EGX:MASR,0.81955104,0.8264976,0.79231104,0.81018432,34104935.41666666
2006-05-03,EGX:MASR,0.81947328,0.82743456,0.7571088,0.78723744,47497360.41666668
2006-05-04,EGX:MASR,0.76881696,0.77857344,0.74227872,0.7639776,26413980.20833334
2006-05-07,EGX:MASR,0.73104,0.76491456,0.71574144,0.7340832,16055409.375
2006-05-08,EGX:MASR,0.72666816,0.74149824,0.71230656,0.72557568,17457948.95833333
2006-05-09,EGX:MASR,0.71808288,0.722064,0.6673488,0.6927936,22511836.45833334
2006-05-10,EGX:MASR,0.66352416,0.72893184,0.6479136,0.70231584,32829392.70833335
2006-05-11,EGX:MASR,0.6813984,0.72588768,0.6813984,0.69521376,12435686.45833333
2006-05-14,EGX:MASR,0.74142048,0.74142048,0.68303712,0.70052064,22245868.75
2006-05-15,EGX:MASR,0.69841344,0.72588768,0.64018656,0.67234368,22329888.54166667
2006-05-16,EGX:MASR,0.68686176,0.70247232,0.66188544,0.68241312,26309042.70833333
2006-05-17,EGX:MASR,0.66461664,0.67827648,0.65571936,0.66727104,11983679.16666667
2006-05-18,EGX:MASR,0.67827648,0.72971232,0.66656832,0.71956608,72111020.83333334
2006-05-21,EGX:MASR,0.72901056,0.73353696,0.67718304,0.69146688,23128726.04166668
2006-05-22,EGX:MASR,0.66812928,0.6712512,0.61677024,0.64088928,70775629.1666667
2006-05-23,EGX:MASR,0.60490656,0.62434176,0.55417248,0.58430112,23961787.5
2006-05-24,EGX:MASR,0.58547136,0.62363904,0.54636768,0.59070144,20748418.75
2006-05-25,EGX:MASR,0.54644544,0.59710176,0.50718528,0.55409472,21622572.91666668
2006-05-28,EGX:MASR,0.60100416,0.61036992,0.5455872,0.57157824,14854952.08333333
2006-05-29,EGX:MASR,0.53465952,0.54753792,0.5225616,0.52950816,27867611.45833333
2006-05-30,EGX:MASR,0.54550848,0.55713888,0.52310784,0.54269856,10943990.625
2006-05-31,EGX:MASR,0.55027008,0.56189952,0.53075712,0.55042656,14527967.70833334
2006-06-01,EGX:MASR,0.56580288,0.57352992,0.54714816,0.55838784,16328685.41666666
2006-06-04,EGX:MASR,0.55612416,0.56869056,0.54636768,0.55987008,13991680.20833333
2006-06-05,EGX:MASR,0.5767296,0.5767296,0.5393424,0.55721664,19913337.5
2006-06-06,EGX:MASR,0.53856192,0.55651392,0.53778144,0.54753792,7301450.0
2006-06-07,EGX:MASR,0.5483184,0.55807488,0.54644544,0.552768,6223051.04166667
2006-06-08,EGX:MASR,0.54636768,0.54636768,0.53473728,0.54059136,7982128.125
2006-06-11,EGX:MASR,0.53465952,0.53856192,0.51124416,0.52334208,14903101.04166667
2006-06-12,EGX:MASR,0.508512,0.51124416,0.47221728,0.48821856,18808688.54166667
2006-06-13,EGX:MASR,0.499536,0.499536,0.45270432,0.46823712,26822402.08333335
2006-06-14,EGX:MASR,0.44505504,0.4603536,0.4214832,0.43397184,16011588.54166666
2006-06-15,EGX:MASR,0.42928896,0.46714368,0.42928896,0.44973888,21811293.75
2006-06-18,EGX:MASR,0.45270432,0.48002304,0.44489952,0.46355328,17004921.875
2006-06-19,EGX:MASR,0.46831488,0.46831488,0.45668544,0.46168032,13070495.83333334
2006-06-20,EGX:MASR,0.46074336,0.46831488,0.446616,0.45801216,9988964.58333333
2006-06-21,EGX:MASR,0.44528928,0.44528928,0.42546432,0.43514304,10022046.875
2006-06-22,EGX:MASR,0.43514304,0.44489952,0.42733728,0.43326912,5611668.75
2006-06-25,EGX:MASR,0.4340496,0.44474304,0.42741504,0.43170816,5907004.16666667
2006-06-26,EGX:MASR,0.42343488,0.43006944,0.40197024,0.41078976,12057605.20833333
2006-06-27,EGX:MASR,0.40587264,0.41664384,0.402048,0.40876128,5664444.79166667
2006-06-28,EGX:MASR,0.4136784,0.43241088,0.40431168,0.42195168,9900965.625
2006-06-29,EGX:MASR,0.4253856,0.43319136,0.42031296,0.4268688,11287996.875
2006-07-02,EGX:MASR,0.43123968,0.45254784,0.42928896,0.44638176,9392097.91666667
2006-07-03,EGX:MASR,0.45457728,0.46051008,0.42928896,0.44466528,16269383.33333332
2006-07-04,EGX:MASR,0.42733728,0.45192384,0.42312288,0.43803072,10170033.33333334
2006-07-05,EGX:MASR,0.4394352,0.48392544,0.4394352,0.46659744,32204272.91666666
2006-07-06,EGX:MASR,0.48384768,0.50453088,0.46105632,0.49063776,25116256.25
2006-07-09,EGX:MASR,0.48392544,0.48587712,0.46847136,0.47869632,21735587.5
2006-07-10,EGX:MASR,0.47307648,0.49719456,0.47307648,0.48977952,10936707.29166667
2006-07-11,EGX:MASR,0.49914528,0.51592704,0.4956336,0.50507808,35325911.45833336
2006-07-12,EGX:MASR,0.49586784,0.499536,0.46597344,0.4836912,19490795.83333334
2006-07-13,EGX:MASR,0.4660512,0.46831488,0.44685024,0.45512448,15260817.70833334
2006-07-16,EGX:MASR,0.39104256,0.46043136,0.38682816,0.43155264,12893826.04166667
2006-07-17,EGX:MASR,0.45262656,0.46324128,0.427728,0.43326912,11876571.875
2006-07-18,EGX:MASR,0.42928896,0.44497728,0.42928896,0.44006016,8459753.125
2006-07-19,EGX:MASR,0.43061568,0.44466528,0.42936672,0.43365984,9301247.91666667
2006-07-20,EGX:MASR,0.42928896,0.44099616,0.42905472,0.4352208,10120687.5
2006-07-24,EGX:MASR,0.44411904,0.46378752,0.44411904,0.45762144,9481510.41666666
2006-07-25,EGX:MASR,0.4681584,0.46831488,0.44724096,0.45668544,11748167.70833334
2006-07-26,EGX:MASR,0.44606976,0.5034384,0.44606976,0.47885184,21043973.95833334
2006-07-27,EGX:MASR,0.48080352,0.51436608,0.48080352,0.50031648,24642978.125
2006-07-30,EGX:MASR,0.51514656,0.54386976,0.51280512,0.53231808,28201360.41666666
2006-07-31,EGX:MASR,0.52295136,0.53848416,0.51514656,0.52584,19716439.58333334
2006-08-01,EGX:MASR,0.54636768,0.55807488,0.53520576,0.5494896,20590207.29166667
2006-08-02,EGX:MASR,0.53231808,0.54207456,0.51592704,0.527088,18339780.20833333
2006-08-03,EGX:MASR,0.52607328,0.53060064,0.5034384,0.51545856,11526678.125
2006-08-06,EGX:MASR,0.54636768,0.54636768,0.50421888,0.5132736,5206046.875
2006-08-07,EGX:MASR,0.52209312,0.60100416,0.5082,0.5590896,53881643.75
2006-08-08,EGX:MASR,0.60490656,0.62363904,0.58547136,0.60131616,34633944.79166669
2006-08-09,EGX:MASR,0.56978304,0.5853936,0.55417248,0.56588064,24467834.375
2006-08-10,EGX:MASR,0.5483184,0.58141248,0.53192736,0.55534368,27240093.75
2006-08-13,EGX:MASR,0.5853936,0.5931984,0.57110976,0.57813504,21420525.0
2006-08-14,EGX:MASR,0.58086624,0.58094496,0.56666112,0.57306144,16509217.70833334
2006-08-15,EGX:MASR,0.57555936,0.57751008,0.55034784,0.56463168,12951085.41666667
2006-08-16,EGX:MASR,0.56197824,0.56197824,0.53778144,0.54691392,11376652.08333333
2006-08-17,EGX:MASR,0.53473728,0.56197824,0.5163168,0.53419104,10983847.91666666
2006-08-20,EGX:MASR,0.56189952,0.56197824,0.54636768,0.55144128,6263296.875
2006-08-21,EGX:MASR,0.55027008,0.5659584,0.54636768,0.55979232,9241537.5
2006-08-22,EGX:MASR,0.55612416,0.57368544,0.55027008,0.56338272,10124262.5
2006-08-23,EGX:MASR,0.5572944,0.5775888,0.55495296,0.56962752,12092321.875
2006-08-24,EGX:MASR,0.5775888,0.58336416,0.56197824,0.57563712,17100377.08333333
2006-08-27,EGX:MASR,0.562056,0.58461312,0.562056,0.57829056,10873659.375
2006-08-28,EGX:MASR,0.56978304,0.5767296,0.56439744,0.57056352,5113308.33333333
2006-08-29,EGX:MASR,0.57056352,0.57751008,0.56197824,0.5671296,6563336.45833333
2006-08-30,EGX:MASR,0.56978304,0.58071072,0.562368,0.5739984,10256636.45833334
2006-08-31,EGX:MASR,0.58141248,0.59702304,0.5722032,0.58828128,50857775.00000002
2006-09-03,EGX:MASR,0.5857056,0.62441952,0.58555008,0.61403904,26062135.41666668
2006-09-04,EGX:MASR,0.60880896,0.63917184,0.60880896,0.62473248,27712836.45833332
2006-09-05,EGX:MASR,0.63768864,0.66336768,0.62441952,0.6440112,56959308.33333334
2006-09-06,EGX:MASR,0.62051712,0.6493968,0.60131616,0.6269952,22815092.70833333
2006-09-07,EGX:MASR,0.6263712,0.63261504,0.61747296,0.62707392,8026461.45833333
2006-09-10,EGX:MASR,0.62910336,0.63222528,0.61661472,0.6221568,4242493.75
2006-09-11,EGX:MASR,0.63222528,0.64393344,0.624264,0.63909408,14487132.29166667
2006-09-12,EGX:MASR,0.6476016,0.65954304,0.64385472,0.65072352,22748067.70833334
2006-09-13,EGX:MASR,0.65556288,0.69833568,0.65556288,0.67897824,45681501.0416667
2006-09-14,EGX:MASR,0.69466752,0.72963456,0.69092064,0.71558496,47793940.625
2006-09-17,EGX:MASR,0.7122288,0.71808288,0.6712512,0.6918576,14065359.37500001
2006-09-18,EGX:MASR,0.70169184,0.70590624,0.67921248,0.6903744,17750054.16666666
2006-09-19,EGX:MASR,0.68881344,0.70637472,0.686784,0.69888192,15595095.83333334
2006-09-20,EGX:MASR,0.6945888,0.71027808,0.68295936,0.69560352,21317776.04166667
2006-09-21,EGX:MASR,0.70239456,0.7026288,0.67132896,0.6859248,18500171.87500002
2006-09-24,EGX:MASR,0.67320288,0.68998368,0.66352416,0.68537856,2257255.20833333
2006-09-25,EGX:MASR,0.69271584,0.7122288,0.67905696,0.70200384,9991407.29166667
2006-09-26,EGX:MASR,0.69076416,0.70247232,0.69076416,0.6972432,6684554.16666667
2006-09-27,EGX:MASR,0.69552576,0.70590624,0.69552576,0.70161408,3775853.125
2006-09-28,EGX:MASR,0.695448,0.70223808,0.68881344,0.69349632,5288681.25
2006-10-01,EGX:MASR,0.70247232,0.71418048,0.687096,0.69856992,12368911.45833334
2006-10-02,EGX:MASR,0.69162336,0.70247232,0.69162336,0.69669696,14544006.25
2006-10-03,EGX:MASR,0.70239456,0.70239456,0.69466752,0.69536928,5171451.04166667
2006-10-04,EGX:MASR,0.69263808,0.6945888,0.68686176,0.69014016,7115150.0
2006-10-08,EGX:MASR,0.68779872,0.69732096,0.68686176,0.6882672,1106236.45833333
2006-10-09,EGX:MASR,0.69076416,0.69076416,0.66383616,0.67203168,10433942.70833333
2006-10-10,EGX:MASR,0.66352416,0.6712512,0.64198176,0.65845056,12960062.49999999
2006-10-11,EGX:MASR,0.63066432,0.66328992,0.62832288,0.65048928,3020356.25
2006-10-12,EGX:MASR,0.66336768,0.6634464,0.6532992,0.65829504,5639470.83333334
2006-10-15,EGX:MASR,0.65095776,0.65884128,0.64799136,0.65470464,1080756.25
2006-10-16,EGX:MASR,0.6572016,0.66531936,0.65564064,0.66211968,5565295.83333334
2006-10-17,EGX:MASR,0.66360192,0.67897824,0.65564064,0.66461664,6896568.75
2006-10-18,EGX:MASR,0.67171968,0.67171968,0.66578784,0.66781728,916909.375
2006-10-19,EGX:MASR,0.6712512,0.6712512,0.65579712,0.66328992,4906373.95833333
2006-10-22,EGX:MASR,0.66547584,0.67905696,0.66547584,0.67281216,4978252.08333333
2006-10-29,EGX:MASR,0.69419904,0.69419904,0.67835424,0.67921248,5504454.16666666
2006-10-30,EGX:MASR,0.67905696,0.68686176,0.67203168,0.67999296,3948429.16666667
2006-10-31,EGX:MASR,0.67999296,0.69076416,0.67905696,0.68522304,21845758.33333334
2006-11-01,EGX:MASR,0.6945888,0.7083264,0.67328064,0.69154464,25464990.625
2006-11-02,EGX:MASR,0.67132896,0.6856128,0.67132896,0.67609056,8492555.20833333
2006-11-06,EGX:MASR,0.67546656,0.67546656,0.63612768,0.64557216,18660222.91666667
2006-11-07,EGX:MASR,0.6185664,0.62441952,0.58617408,0.61903392,14388848.95833333
2006-11-08,EGX:MASR,0.6185664,0.62324928,0.5853936,0.60248736,7543190.625
2006-11-09,EGX:MASR,0.59382336,0.60880896,0.5842224,0.59499456,8597095.83333334
2006-11-12,EGX:MASR,0.62043936,0.62043936,0.59023296,0.59998944,4594010.41666667
2006-11-13,EGX:MASR,0.59397984,0.61661472,0.58828128,0.60467232,10018451.04166667
2006-11-14,EGX:MASR,0.6048288,0.61255584,0.59725728,0.60576576,3391504.16666667
2006-11-15,EGX:MASR,0.59749152,0.60763872,0.589296,0.60264288,12107196.875
2006-11-16,EGX:MASR,0.61193184,0.61193184,0.58547136,0.59038944,9047192.70833333
2006-11-19,EGX:MASR,0.589296,0.67905696,0.56970528,0.63199104,40601355.20833332
2006-11-20,EGX:MASR,0.67905696,0.67905696,0.66664608,0.6721104,25445239.58333332
2006-11-21,EGX:MASR,0.67132896,0.67507584,0.66742656,0.6712512,17692656.25
2006-11-22,EGX:MASR,0.6673488,0.6751536,0.6673488,0.6724224,8383791.66666667
2006-11-23,EGX:MASR,0.66742656,0.67523232,0.66742656,0.67179744,15529747.91666667
2006-11-26,EGX:MASR,0.67905696,0.68608128,0.63402048,0.67523232,4723431.25
2006-11-27,EGX:MASR,0.67905696,0.69232512,0.6712512,0.6853008,28836683.33333333
2006-11-28,EGX:MASR,0.69076416,0.7026288,0.64783584,0.6817104,20371622.91666666
2006-11-29,EGX:MASR,0.6673488,0.69076416,0.65017728,0.68030592,46150281.25
2006-11-30,EGX:MASR,0.69076416,0.69856992,0.67359264,0.69162336,24668326.04166666
2006-12-03,EGX:MASR,0.70231584,0.72198528,0.69154464,0.70856064,33007735.41666667
2006-12-04,EGX:MASR,0.81174624,0.81174624,0.78832992,0.79871136,39122077.08333336
2006-12-05,EGX:MASR,0.81080928,0.83047872,0.79231104,0.81252672,46342864.58333332
2006-12-06,EGX:MASR,0.81174624,0.8273568,0.80425248,0.81549216,36449395.83333334
2006-12-07,EGX:MASR,0.82727808,0.83001024,0.81268224,0.82353216,23098891.66666666
2006-12-10,EGX:MASR,0.81307296,0.82922976,0.81307296,0.821424,12044403.125
2006-12-11,EGX:MASR,0.812136,0.82306368,0.80682816,0.81596064,6213438.54166667
2006-12-12,EGX:MASR,0.80409696,0.8429664,0.80394048,0.81385344,5568887.5
2006-12-13,EGX:MASR,0.83430336,0.84218592,0.8196288,0.83250816,8353043.75
2006-12-14,EGX:MASR,0.82345344,0.8273568,0.8196288,0.82548288,3287976.04166667
2006-12-17,EGX:MASR,0.81299424,0.82540512,0.79730592,0.811512,4093971.875
2006-12-18,EGX:MASR,0.7980864,0.86638272,0.79613568,0.8531136,57139063.54166668
2006-12-19,EGX:MASR,0.8429664,0.85693824,0.81955104,0.82930752,5762592.70833333
2006-12-20,EGX:MASR,0.81955104,0.8273568,0.81174624,0.82072224,2523886.45833333
2006-12-21,EGX:MASR,0.83492736,0.83492736,0.8133072,0.82033152,2154905.20833333
2006-12-24,EGX:MASR,0.81955104,0.83500512,0.81174624,0.81978528,1112288.54166667
2006-12-25,EGX:MASR,0.8273568,0.8273568,0.79824288,0.81221376,2281752.08333333
2006-12-26,EGX:MASR,0.80394048,0.83680032,0.80394048,0.82727808,3667731.25
2006-12-27,EGX:MASR,0.83523936,0.84249888,0.8273568,0.83492736,838865.625
2006-12-28,EGX:MASR,0.84218592,0.87247104,0.8351616,0.85865568,25728011.45833332
2007-01-03,EGX:MASR,0.85857696,0.88199328,0.85077216,0.86700672,2473030.20833333
2007-01-04,EGX:MASR,0.88105632,0.88160256,0.85077216,0.8528016,7100933.33333333
2007-01-08,EGX:MASR,0.8351616,0.85077216,0.8273568,0.83898624,1761585.41666667
2007-01-09,EGX:MASR,0.82774656,0.8722368,0.82774656,0.8581872,16723050.0
2007-01-10,EGX:MASR,0.8588112,0.86575776,0.85077216,0.86006016,4679360.41666667
2007-01-11,EGX:MASR,0.85077216,0.8818368,0.85077216,0.86810016,6088280.20833334
2007-01-14,EGX:MASR,0.85857696,0.99321792,0.85857696,0.94318656,16775442.70833334
2007-01-15,EGX:MASR,0.99126624,1.0927344,0.99126624,1.03552224,12367002.08333334
2007-01-16,EGX:MASR,1.08485184,1.08485184,1.01663328,1.0415328,6991389.58333333
2007-01-17,EGX:MASR,0.93662976,1.10054016,0.93662976,1.08727104,11196900.0
2007-01-18,EGX:MASR,1.07712384,1.14339072,1.07712384,1.10662848,14240617.70833333
2007-01-22,EGX:MASR,1.09289088,1.1124816,1.08727104,1.09819872,7766889.58333333
2007-01-23,EGX:MASR,1.088832,1.10054016,1.07712384,1.09203264,3499502.08333333
2007-01-24,EGX:MASR,1.1004624,1.14729312,1.0927344,1.1103744,4761472.91666667
2007-01-25,EGX:MASR,1.10054016,1.10054016,1.05417696,1.08391488,4047851.04166667
2007-01-28,EGX:MASR,1.06978752,1.07048928,0.97659264,1.00274016,5246168.75
2007-01-29,EGX:MASR,0.945216,1.06151424,0.94443552,1.00211616,5185448.95833333
2007-01-30,EGX:MASR,1.07704608,1.0849296,1.05370848,1.07392416,4355342.70833333
2007-01-31,EGX:MASR,0.98783232,1.05761088,0.98783232,1.03669344,1628459.375
2007-02-01,EGX:MASR,1.052928,1.0607328,1.03809792,1.05644064,1456673.95833333
2007-02-04,EGX:MASR,1.0576896,1.0586256,1.05761088,1.0580016,242344.79166667
2007-02-05,EGX:MASR,1.00453536,1.052928,1.00453536,1.03926912,1293947.91666667
2007-02-06,EGX:MASR,1.05370848,1.06736736,1.05370848,1.0586256,486286.45833333
2007-02-07,EGX:MASR,1.06151424,1.07127072,1.05956256,1.0661184,802348.95833333
2007-02-08,EGX:MASR,1.06775808,1.07946624,1.06775808,1.07525088,1354178.125
2007-02-11,EGX:MASR,1.06931904,1.0849296,1.06931904,1.0762656,1040941.66666667
2007-02-12,EGX:MASR,1.06268448,1.07712384,1.06151424,1.06924128,1309326.04166667
2007-02-13,EGX:MASR,1.0693968,1.10834496,1.0693968,1.09008096,2476495.83333333
2007-02-14,EGX:MASR,1.10054016,1.10834496,1.10054016,1.106472,296936.45833333
2007-02-15,EGX:MASR,1.09406208,1.13176128,1.09406208,1.11919488,922391.66666667
2007-02-18,EGX:MASR,1.1309808,1.13956608,1.11029664,1.1312928,2297529.16666667
2007-02-19,EGX:MASR,1.13566368,1.13566368,1.13176128,1.13254176,2536811.45833333
2007-02-20,EGX:MASR,1.12317504,1.14737184,1.12317504,1.14081504,1475860.41666667
2007-02-21,EGX:MASR,1.13917632,1.13956608,1.12520448,1.13183904,636071.875
2007-02-22,EGX:MASR,1.13176128,1.13176128,1.11224832,1.1205216,244394.79166667
2007-02-25,EGX:MASR,1.11615072,1.1205216,1.11615072,1.1205216,1863.54166667
2007-02-26,EGX:MASR,1.10834496,1.11138912,1.09289088,1.09905696,1582983.33333333
2007-02-27,EGX:MASR,1.1013984,1.10834496,1.09312512,1.10069568,1379011.45833333
2007-02-28,EGX:MASR,1.0927344,1.10834496,1.0927344,1.0935936,2011034.375
2007-03-01,EGX:MASR,1.0935936,1.1046768,1.0927344,1.0989792,935837.5
2007-03-04,EGX:MASR,1.0927344,1.09312512,1.0927344,1.09281312,599648.95833333
2007-03-05,EGX:MASR,1.03037088,1.09975968,1.03037088,1.09320288,1939663.54166667
2007-03-06,EGX:MASR,1.0927344,1.11224832,1.0927344,1.11131136,666822.91666667
2007-03-07,EGX:MASR,1.11615072,1.12005312,1.09398336,1.11349632,855121.875
2007-03-11,EGX:MASR,1.13020032,1.13020032,1.11232608,1.11950688,15982.29166667
2007-03-12,EGX:MASR,1.10061792,1.11224832,1.0927344,1.09585632,5883796.875
2007-03-13,EGX:MASR,1.09741824,1.10444256,1.09710528,1.09858848,227339.58333333
2007-03-14,EGX:MASR,1.10054016,1.13020032,1.10054016,1.11997536,820169.79166667
2007-03-15,EGX:MASR,1.1277024,1.13176128,1.10928192,1.12746816,343050.0
2007-03-18,EGX:MASR,1.11615072,1.24727904,1.11615072,1.20286656,6537078.125
2007-03-19,EGX:MASR,1.18561728,1.24727904,1.18561728,1.21707264,767511.45833333
2007-03-20,EGX:MASR,1.1848368,1.23322944,1.1848368,1.20731616,1442716.66666667
2007-03-21,EGX:MASR,1.18639776,1.18639776,1.1629824,1.17968544,1390435.41666667
2007-03-22,EGX:MASR,1.17086496,1.1848368,1.13176128,1.15783008,2770392.70833333
2007-03-25,EGX:MASR,1.14112704,1.15517664,1.14112704,1.14877632,2335687.5
2007-03-26,EGX:MASR,1.17070944,1.18561728,1.15946976,1.17187968,2141575.0
2007-03-27,EGX:MASR,1.17476832,1.17476832,1.1707872,1.17125568,633348.95833333
2007-03-28,EGX:MASR,1.21363776,1.21363776,1.1707872,1.1740656,83237.5
2007-03-29,EGX:MASR,1.15517664,1.18600704,1.13176128,1.17211392,1076654.16666667
2007-04-02,EGX:MASR,1.17859296,1.17859296,1.1629824,1.17063072,466568.75
2007-04-03,EGX:MASR,1.1746896,1.17859296,1.1707872,1.17625056,544701.04166667
2007-04-04,EGX:MASR,1.17156768,1.17390912,1.1714112,1.17172416,268993.75
2007-04-05,EGX:MASR,1.18553952,1.18600704,1.1707872,1.17429984,392877.08333333
2007-04-10,EGX:MASR,1.18600704,1.20981312,1.18561728,1.19537376,350629.16666667
2007-04-11,EGX:MASR,1.20200832,1.21722816,1.17906048,1.20552096,8270523.95833334
2007-04-12,EGX:MASR,1.1707872,1.20434976,1.1707872,1.186944,2416259.375
2007-04-15,EGX:MASR,1.20200832,1.20200832,1.18647552,1.20169632,4822336.45833333
2007-04-16,EGX:MASR,1.20981312,1.24884,1.20981312,1.23877152,8583653.12500001
2007-04-17,EGX:MASR,1.24884,1.26460608,1.23713184,1.24774656,1956952.08333333
2007-04-18,EGX:MASR,1.24884,1.24884,1.22542368,1.23416544,585695.83333333
2007-04-19,EGX:MASR,1.24454688,1.24485888,1.22932704,1.23205824,1087691.66666667
2007-04-22,EGX:MASR,1.22542368,1.24064448,1.21215552,1.23252672,4353428.125
2007-04-23,EGX:MASR,1.20200832,1.23705408,1.20052512,1.22300448,92852.08333333
2007-04-24,EGX:MASR,1.23315168,1.23315168,1.20989184,1.21644768,552141.66666667
2007-04-26,EGX:MASR,1.23315168,1.31908704,1.23315168,1.29114432,5246543.75
2007-04-29,EGX:MASR,1.30581792,1.30581792,1.28006112,1.28817792,639257.29166667
2007-04-30,EGX:MASR,1.28786592,1.37372352,1.28786592,1.33243392,4618251.04166667
2007-05-02,EGX:MASR,1.43226336,1.4513856,1.3972176,1.42500384,27454550.0
2007-05-03,EGX:MASR,1.48299744,1.48299744,1.36599648,1.40892576,5621151.04166667
2007-05-06,EGX:MASR,1.48284096,1.71707712,1.45177632,1.56159648,19747552.08333334
2007-05-07,EGX:MASR,1.6703232,1.95131232,1.63910208,1.874664,9428995.83333333
2007-05-08,EGX:MASR,2.02936416,2.02936416,1.71707712,1.85741472,21892269.79166668
2007-05-09,EGX:MASR,1.75625856,2.02155936,1.71715488,1.93523328,16984930.20833333
2007-05-10,EGX:MASR,1.873416,1.8812208,1.7331552,1.79091456,7088256.25000001
2007-05-13,EGX:MASR,1.79520672,1.84945344,1.73861952,1.7965344,5097140.625
2007-05-15,EGX:MASR,1.91228544,2.3415744,1.91228544,2.1892944,985589.58333333
2007-05-16,EGX:MASR,2.3337696,2.41182144,1.99033824,2.2473648,39252125.00000001
2007-05-17,EGX:MASR,2.10749472,2.65378464,2.10749472,2.41494336,34599853.125
2007-05-20,EGX:MASR,2.65378464,2.88794208,2.4196272,2.7621216,38761048.95833333
2007-05-21,EGX:MASR,2.71622688,2.71622688,2.49767904,2.5805712,27996116.66666666
2007-05-22,EGX:MASR,2.48987424,2.5913424,2.14839456,2.36514624,21728002.08333332
2007-05-23,EGX:MASR,2.38060032,2.49767904,2.2323792,2.4112752,11202154.16666667
2007-05-24,EGX:MASR,2.41174368,2.65378464,2.36499072,2.5650384,27594442.70833333
2007-05-27,EGX:MASR,2.65370592,2.9191632,2.65370592,2.7968544,34997679.16666667
2007-05-28,EGX:MASR,2.926968,2.96599392,2.695152,2.82323616,23631068.75
2007-05-29,EGX:MASR,2.80208448,2.91760224,2.57573184,2.75142816,24566625.0
2007-05-30,EGX:MASR,2.65378464,2.74744704,2.38060032,2.58119616,13847564.58333333
2007-05-31,EGX:MASR,2.53670592,2.56012128,2.38060032,2.44101312,12483706.25
2007-06-03,EGX:MASR,2.43055392,2.56777056,2.43055392,2.50704576,5155579.16666666
2007-06-04,EGX:MASR,2.53670592,2.53670592,2.3415744,2.4031584,8328937.5
2007-06-05,EGX:MASR,2.38060032,2.56784832,2.38060032,2.48261568,8413888.54166667
2007-06-06,EGX:MASR,2.42126592,2.49767904,2.36108736,2.4070608,6556057.29166667
2007-06-07,EGX:MASR,2.41104096,2.4339888,2.15424864,2.240496,14156194.79166667
2007-06-10,EGX:MASR,2.18546976,2.3415744,2.16228768,2.23916928,13990141.66666667
2007-06-11,EGX:MASR,2.364912,2.45787264,2.2635216,2.37810336,17913668.75
2007-06-12,EGX:MASR,2.45006784,2.47192224,2.30332896,2.41002624,13514429.16666667
2007-06-13,EGX:MASR,2.30254848,2.34134016,2.186328,2.26656576,6578834.375
2007-06-14,EGX:MASR,2.14644288,2.41104096,2.14644288,2.3358768,7566131.25
2007-06-17,EGX:MASR,2.40339168,2.5913424,2.40339168,2.51578752,18859178.125
2007-06-18,EGX:MASR,2.61468,3.12209952,2.59142016,2.70990432,12404037.5
2007-06-19,EGX:MASR,2.64597888,2.64597888,2.43531552,2.50322112,11200744.79166667
2007-06-20,EGX:MASR,2.5366272,2.57557632,2.48987424,2.52570048,11521291.66666667
2007-06-21,EGX:MASR,2.5835376,2.85500352,2.54849184,2.61069984,14465091.66666667
2007-06-24,EGX:MASR,2.62256352,2.65378464,2.38887456,2.50259712,7960090.625
2007-06-25,EGX:MASR,2.4196272,2.45865312,2.3337696,2.39855232,7664527.08333333
2007-06-26,EGX:MASR,2.43914016,2.48597184,2.39230848,2.43141312,8503851.04166667
2007-06-27,EGX:MASR,2.39262048,2.50556256,2.37279552,2.43266208,15516690.625
2007-06-28,EGX:MASR,2.38450368,2.48199072,2.35913664,2.39137152,13402956.25000001
2007-07-02,EGX:MASR,2.41182144,2.47426368,2.39621088,2.43110112,9597201.04166666
2007-07-03,EGX:MASR,2.46099456,2.52101664,2.4282912,2.47910304,14121478.125
2007-07-04,EGX:MASR,2.4953376,2.5366272,2.40791904,2.48300544,13223360.41666667
2007-07-05,EGX:MASR,2.48206944,2.68500576,2.4196272,2.55840384,38386424.99999999
2007-07-08,EGX:MASR,2.73183648,2.73183648,2.52890016,2.6380176,16633889.58333333
2007-07-09,EGX:MASR,2.52109536,2.64512064,2.49767904,2.57627808,17429887.5
2007-07-10,EGX:MASR,2.57565408,2.57565408,2.45318976,2.49455712,18052275.0
2007-07-11,EGX:MASR,2.45865312,2.54451072,2.42087616,2.47996128,11776382.29166667
2007-07-12,EGX:MASR,2.56004352,2.56714656,2.49182592,2.51750496,8164192.70833334
2007-07-15,EGX:MASR,2.57573184,2.57573184,2.43523776,2.49088896,9483691.66666668
2007-07-16,EGX:MASR,2.49760128,2.49760128,2.37365376,2.41377312,21515737.5
2007-07-17,EGX:MASR,2.43515904,2.4429648,2.36592672,2.41182144,13920968.75
2007-07-18,EGX:MASR,2.41182144,2.44226208,2.36499072,2.39191872,8187780.20833334
2007-07-19,EGX:MASR,2.36499072,2.40401664,2.31815904,2.35546752,10893355.20833334
2007-07-22,EGX:MASR,2.34149664,2.3415744,2.22449568,2.26734624,12723931.25
2007-07-24,EGX:MASR,2.34001344,2.34001344,2.22504192,2.26703424,4892305.20833334
2007-07-25,EGX:MASR,2.2326912,2.29474272,2.2326912,2.27171712,5111373.95833333
2007-07-26,EGX:MASR,2.301768,2.32494912,2.2416672,2.26570752,10526579.16666666
2007-07-29,EGX:MASR,2.247912,2.28693792,2.21676864,2.24400864,11419700.0
2007-07-30,EGX:MASR,2.25415584,2.2635216,2.18625024,2.21130528,6103268.75
2007-07-31,EGX:MASR,2.20108032,2.23230144,2.11522272,2.16712704,12113568.75
2007-08-01,EGX:MASR,2.17727424,2.17727424,2.05301472,2.09961216,8066539.58333333
2007-08-02,EGX:MASR,2.06839104,2.13473568,2.06839104,2.10577824,3932957.29166667
2007-08-05,EGX:MASR,2.14636512,2.1533904,2.08080096,2.10296832,3451327.08333334
2007-08-06,EGX:MASR,2.09188512,2.12302752,2.06074176,2.09602176,4845664.58333333
2007-08-07,EGX:MASR,2.10741696,2.10741696,2.05278048,2.0738544,4471803.125
2007-08-08,EGX:MASR,2.0918064,2.22449568,2.04497472,2.14152576,11329512.5
2007-08-09,EGX:MASR,2.15034624,2.38060032,2.14737984,2.31269472,11054922.91666667
2007-08-12,EGX:MASR,2.3415744,2.3415744,2.18562528,2.24213568,9365055.20833333
2007-08-13,EGX:MASR,2.14644288,2.22441792,2.123184,2.16353664,5513540.625
2007-08-14,EGX:MASR,2.14644288,2.19327456,2.05356096,2.10850944,6384616.66666667
2007-08-15,EGX:MASR,2.05676064,2.17688352,1.9598976,2.0498928,3892976.04166667
2007-08-16,EGX:MASR,1.95131232,2.00587104,1.8815328,1.9108032,8234266.66666667
2007-08-19,EGX:MASR,1.95131232,2.02936416,1.90838304,1.95724416,4253364.58333333
2007-08-20,EGX:MASR,1.91228544,1.96684416,1.87841088,1.90947552,7776760.41666667
2007-08-21,EGX:MASR,1.98253344,1.99033824,1.89667488,1.92992544,5024377.08333333
2007-08-22,EGX:MASR,1.92711552,1.95872736,1.89355296,1.92469632,3444046.875
2007-08-23,EGX:MASR,1.89285024,1.927896,1.80387072,1.83641856,8638098.95833333
2007-08-26,EGX:MASR,1.86077088,1.86545472,1.78061088,1.8216672,5821908.33333334
2007-08-27,EGX:MASR,1.7950512,1.79520672,1.73354592,1.7678112,3766916.66666667
2007-08-28,EGX:MASR,1.79520672,1.94389728,1.79520672,1.847424,16692155.20833333
2007-08-29,EGX:MASR,1.86545472,1.87325952,1.75821024,1.7863872,3744604.16666667
2007-08-30,EGX:MASR,1.78740192,1.86545472,1.75805376,1.84313088,12055659.375
2007-09-02,EGX:MASR,1.86857664,2.05863456,1.86857664,1.99962624,16469894.79166667
2007-09-03,EGX:MASR,1.97472768,2.0137536,1.92016896,1.95349728,8684994.79166666
2007-09-04,EGX:MASR,1.93679424,1.96301952,1.88894784,1.91579808,6359883.33333333
2007-09-05,EGX:MASR,1.90448064,1.94264832,1.89667488,1.91806176,4032478.125
2007-09-06,EGX:MASR,1.92891072,1.935624,1.88887008,1.90838304,6824822.91666667
2007-09-09,EGX:MASR,1.90448064,1.93492128,1.88192352,1.9042464,3328236.45833333
2007-09-10,EGX:MASR,1.9042464,1.95115584,1.88262624,1.91657856,6152226.04166667
2007-09-11,EGX:MASR,1.91228544,1.99806528,1.91228544,1.95006336,5771959.375
2007-09-12,EGX:MASR,1.94545824,1.97472768,1.91251968,1.9380432,5256131.25
2007-09-13,EGX:MASR,1.85960064,2.3415744,1.85960064,1.91657856,2689110.41666667
2007-09-16,EGX:MASR,1.95131232,2.06839104,1.83579456,2.0008752,7714260.41666667
2007-09-17,EGX:MASR,2.02936416,2.04965856,1.91657856,1.95677568,5914203.125
2007-09-18,EGX:MASR,1.97043456,1.97043456,1.91306592,1.9290672,2804757.29166667
2007-09-19,EGX:MASR,1.9161888,2.01570528,1.9161888,1.9840944,8151373.95833334
2007-09-20,EGX:MASR,1.99033824,2.01024192,1.9520928,1.98058176,4478528.125
2007-09-23,EGX:MASR,1.9559952,2.0059488,1.9251648,1.93921344,13106277.08333333
2007-09-24,EGX:MASR,1.93960416,1.97082528,1.92321312,1.94545824,6766667.70833334
2007-09-25,EGX:MASR,1.96067808,1.96067808,1.90448064,1.91813952,3815744.79166667
2007-09-26,EGX:MASR,1.8931632,1.91462784,1.88887008,1.900968,2192625.0
2007-09-27,EGX:MASR,1.91970048,1.93179936,1.89277248,1.90682208,2726042.70833333
2007-09-30,EGX:MASR,1.95131232,1.95131232,1.8892608,1.9021392,2994765.625
2007-10-01,EGX:MASR,1.88496768,1.90448064,1.87443072,1.87989408,2021909.375
2007-10-02,EGX:MASR,1.87404,1.90448064,1.87325952,1.88457696,1936223.95833333
2007-10-03,EGX:MASR,1.89277248,1.89277248,1.84399008,1.86311328,2590880.20833333
2007-10-04,EGX:MASR,1.87325952,1.883016,1.83579456,1.85882016,1990450.0
2007-10-08,EGX:MASR,1.85960064,1.87286976,1.84633152,1.86233184,1700613.54166667
2007-10-09,EGX:MASR,1.86155136,1.89277248,1.85452704,1.87052736,3882973.95833333
2007-10-10,EGX:MASR,1.88106528,1.95131232,1.87638144,1.92984768,6344914.58333333
2007-10-11,EGX:MASR,1.94350656,2.0098512,1.93179936,1.9739472,6233302.08333333
2007-10-16,EGX:MASR,1.97082528,2.01024192,1.96536192,1.99385088,13425168.75
2007-10-17,EGX:MASR,1.99033824,2.00009472,1.95131232,1.97316672,5654968.75
2007-10-18,EGX:MASR,1.98214272,1.98214272,1.8970656,1.94116512,4821525.0
2007-10-21,EGX:MASR,1.95131232,1.95131232,1.8970656,1.91657856,3382051.04166667
2007-10-22,EGX:MASR,1.91853024,1.9700448,1.91228544,1.94623872,7181945.83333334
2007-10-23,EGX:MASR,1.954824,1.98994848,1.94038464,1.96419072,7460785.41666667
2007-10-24,EGX:MASR,1.97863008,1.98994848,1.95131232,1.9700448,9774693.75
2007-10-25,EGX:MASR,1.97472768,2.12692992,1.97082528,2.07307392,31546104.16666668
2007-10-28,EGX:MASR,2.12692992,2.18546976,2.0957088,2.14410144,13945142.70833334
2007-10-29,EGX:MASR,2.17532256,2.27327904,2.1097584,2.17922496,24605764.58333334
2007-10-30,EGX:MASR,2.2635216,2.26430208,2.18156736,2.21903232,22985851.04166666
2007-10-31,EGX:MASR,2.177664,2.25298464,2.14761408,2.20654368,13102514.58333333
2007-11-01,EGX:MASR,2.22449568,2.2338624,2.15659008,2.1878112,6512401.04166667
2007-11-04,EGX:MASR,2.15112672,2.22059328,2.15112672,2.1749328,2358143.75
2007-11-05,EGX:MASR,2.18546976,2.18546976,2.10741696,2.12966208,5382478.125
2007-11-06,EGX:MASR,2.11912512,2.11912512,2.05863456,2.08244064,5228726.04166667
2007-11-07,EGX:MASR,2.06800032,2.0777568,2.0098512,2.04263328,5887390.625
2007-11-08,EGX:MASR,1.99150944,2.08751328,1.93765344,2.00750976,11047633.33333333
2007-11-11,EGX:MASR,2.04926784,2.1456624,2.04887808,2.105856,9266138.54166667
2007-11-12,EGX:MASR,2.10741696,2.18546976,2.10390432,2.13629664,13311431.25
2007-11-13,EGX:MASR,2.12146656,2.12146656,2.05356096,2.07112224,9708848.95833333
2007-11-14,EGX:MASR,2.10741696,2.1698592,2.07658656,2.1429312,16009638.54166667
2007-11-15,EGX:MASR,2.15620032,2.22449568,2.1366864,2.19717696,17100053.12500001
2007-11-18,EGX:MASR,2.22059328,2.337672,2.22059328,2.27093664,20693046.875
2007-11-19,EGX:MASR,2.337672,2.35640448,2.26430208,2.3146464,15949175.0
2007-11-20,EGX:MASR,2.337672,2.34118464,2.2416672,2.28069312,11121711.45833333
2007-11-21,EGX:MASR,2.30254848,2.41767552,2.29474272,2.37318624,21481114.58333335
2007-11-22,EGX:MASR,2.4196272,2.43914016,2.3337696,2.38528416,19913429.16666667
2007-11-25,EGX:MASR,2.4196272,2.49572832,2.4196272,2.46294624,14167463.54166666
2007-11-26,EGX:MASR,2.53709568,2.65378464,2.51758272,2.58158592,32883265.62500001
2007-11-27,EGX:MASR,2.61280704,2.61475776,2.54099904,2.58158592,21670736.45833334
2007-11-28,EGX:MASR,2.58509856,2.5952448,2.52109536,2.54880384,11105850.0
2007-11-29,EGX:MASR,2.56909728,2.56909728,2.49377664,2.51172864,15694773.95833334
2007-12-02,EGX:MASR,2.53670592,2.56207296,2.50782624,2.5363152,9356676.04166667
2007-12-03,EGX:MASR,2.50977792,2.55192576,2.48206848,2.51407008,6813654.16666667
2007-12-04,EGX:MASR,2.49767904,2.55387744,2.44499424,2.52109536,16097143.75
2007-12-05,EGX:MASR,2.54451072,2.74549632,2.53670592,2.659248,36196527.08333332
2007-12-06,EGX:MASR,2.72598336,2.73105696,2.63036832,2.65768704,22560017.70833333
2007-12-09,EGX:MASR,2.66354112,2.71895808,2.63817408,2.66198016,14754455.20833333
2007-12-10,EGX:MASR,2.65378464,2.69085888,2.49299616,2.54177856,19184129.16666667
2007-12-11,EGX:MASR,2.5566096,2.57182944,2.4606048,2.49767904,13280776.04166667
2007-12-12,EGX:MASR,2.5324128,2.61475776,2.49767904,2.5324128,194110186.4583334
2007-12-13,EGX:MASR,2.57534208,2.59329408,2.53280352,2.54607168,10578638.54166666
2007-12-16,EGX:MASR,2.56363392,2.5991472,2.54685216,2.57534208,8854600.0
2007-12-17,EGX:MASR,2.57378016,2.57534208,2.54451072,2.56090176,5253857.29166667
2007-12-23,EGX:MASR,2.61007488,2.61007488,2.56207296,2.57885376,9026477.08333333
2007-12-24,EGX:MASR,2.5952448,2.60500128,2.55621888,2.57495136,7560259.375
2007-12-25,EGX:MASR,2.58353664,2.58353664,2.51094816,2.53163232,8788671.875
2007-12-26,EGX:MASR,2.51719296,2.72793408,2.48792256,2.62685664,36024641.66666667
2007-12-27,EGX:MASR,2.69320128,2.70842112,2.61475776,2.65885728,16577341.66666667
2007-12-30,EGX:MASR,2.65378464,2.6631504,2.58548832,2.61241632,16601527.08333333
2007-12-31,EGX:MASR,2.61866112,2.67993216,2.61124608,2.6541744,14997197.91666666
2008-01-02,EGX:MASR,2.67290688,2.70842112,2.65768704,2.68539552,11829269.79166667
2008-01-03,EGX:MASR,2.68383456,2.68461504,2.650272,2.66002848,9141995.83333333
2008-01-06,EGX:MASR,2.6732976,2.81691456,2.6732976,2.7654,37805311.45833334
2008-01-08,EGX:MASR,2.80169376,2.90745504,2.7630576,2.8422816,30905354.16666668
2008-01-10,EGX:MASR,2.88013632,2.92735872,2.82940224,2.8692096,30339432.29166666
2008-01-13,EGX:MASR,2.92267488,2.926968,2.85867264,2.88794208,22336278.125
2008-01-14,EGX:MASR,2.88755136,2.88755136,2.77164384,2.83486656,20352106.24999999
2008-01-15,EGX:MASR,2.80247424,2.82940224,2.80208448,2.81106048,9203835.41666667
2008-01-16,EGX:MASR,2.8450128,2.8450128,2.72208,2.75993568,12830443.75
2008-01-17,EGX:MASR,2.74159392,2.75876544,2.67563904,2.71505568,12945409.37500001
2008-01-20,EGX:MASR,2.73183648,2.73183648,2.55621888,2.62256352,18350443.75
2008-01-21,EGX:MASR,2.61475776,2.61475776,2.48987424,2.53709568,17168879.16666666
2008-01-22,EGX:MASR,2.49963072,2.52655872,2.38060032,2.48284992,9143655.20833333
2008-01-23,EGX:MASR,2.53280352,2.61475776,2.52109536,2.55973152,12971681.25
2008-01-24,EGX:MASR,2.59963584,2.60988,2.48792256,2.54987712,9612667.70833333
2008-01-27,EGX:MASR,2.60988,2.77915584,2.60988,2.72598336,21905077.08333334
2008-01-28,EGX:MASR,2.78013216,2.78061984,2.61036768,2.67280992,17129141.66666667
2008-01-29,EGX:MASR,2.66841888,2.80501152,2.63427168,2.74354464,21847929.16666667
2008-01-30,EGX:MASR,2.7830592,2.97087264,2.78013216,2.88550272,46536265.625
2008-01-31,EGX:MASR,2.926968,2.97526368,2.86598976,2.90355264,10055314.58333333
2008-02-03,EGX:MASR,2.92209024,2.96355552,2.8728192,2.905992,14831797.91666667
2008-02-04,EGX:MASR,2.95379904,3.12209952,2.91721152,3.03868128,29049972.91666668
2008-02-05,EGX:MASR,3.12209952,3.12209952,3.0011184,3.06112128,19917191.66666666
2008-02-06,EGX:MASR,3.00062976,3.02453376,2.8635504,2.9640432,18403003.125
2008-02-07,EGX:MASR,3.01916736,3.06112128,2.90794272,2.96062848,12430292.70833333
2008-02-10,EGX:MASR,2.95135968,3.01185024,2.87964864,2.9216016,4994406.25
2008-02-11,EGX:MASR,2.90257632,2.95135968,2.80744992,2.8781856,10066797.91666667
2008-02-12,EGX:MASR,2.87769792,2.90257632,2.78061984,2.82208512,8417855.20833333
2008-02-13,EGX:MASR,2.82940224,2.89769856,2.80501152,2.84208576,6895631.25
2008-02-14,EGX:MASR,2.87330688,2.91525984,2.82940224,2.86159872,9573194.79166666
2008-02-17,EGX:MASR,2.84159808,2.88794208,2.83525632,2.8650144,5697325.0
2008-02-18,EGX:MASR,2.87769792,2.90160096,2.82062208,2.84891616,7639075.0
2008-02-19,EGX:MASR,2.84452512,2.8781856,2.84452512,2.86257504,5593288.54166667
2008-02-20,EGX:MASR,2.87769792,3.0050208,2.87330688,2.94209088,36239429.16666666
2008-02-21,EGX:MASR,2.92550496,3.02404608,2.92550496,2.99623968,21591301.04166666
2008-02-24,EGX:MASR,3.02404608,3.04843776,2.92648032,2.97770208,11752685.41666666
2008-02-25,EGX:MASR,2.97526368,2.97526368,2.90257632,2.92501632,9590725.0
2008-02-26,EGX:MASR,2.92355328,3.0220944,2.91721152,2.971848,20752257.29166666
2008-02-27,EGX:MASR,3.01477728,3.109416,3.00258144,3.05429088,34982331.24999999
2008-02-28,EGX:MASR,3.06795072,3.36601344,3.04892544,3.2177136,42001480.20833332
2008-03-02,EGX:MASR,3.26844768,3.4635792,3.21966528,3.34162176,26302738.54166666
2008-03-03,EGX:MASR,3.26991072,3.34162176,3.1621008,3.2533248,19936352.08333334
2008-03-04,EGX:MASR,3.29771712,3.48309216,3.29771712,3.43235808,27458756.25
2008-03-05,EGX:MASR,3.46113984,3.56065632,3.43235808,3.47918976,36627738.54166666
2008-03-06,EGX:MASR,3.5123616,3.61919616,3.32942592,3.45772512,39836292.70833334
2008-03-09,EGX:MASR,3.41479584,3.52650912,3.34698816,3.46455456,27870664.58333332
2008-03-10,EGX:MASR,3.50016576,3.50992224,3.41479584,3.43528512,14279633.33333334
2008-03-11,EGX:MASR,3.39040512,3.51333696,3.37820928,3.48260448,20963035.41666667
2008-03-12,EGX:MASR,3.50992224,3.61919616,3.48845856,3.55138848,29712493.75000001
2008-03-13,EGX:MASR,3.56114496,3.5757792,3.4689456,3.4991904,7744375.0
2008-03-16,EGX:MASR,3.50992224,3.56114496,3.36601344,3.4304064,25845239.58333334
2008-03-17,EGX:MASR,3.41479584,3.48796992,3.33186528,3.40211232,26159625.0
2008-03-18,EGX:MASR,3.36601344,3.41479584,3.34162176,3.38016,8985314.58333333
2008-03-19,EGX:MASR,3.41235648,3.46113984,3.2757648,3.35284224,8659121.875
2008-03-23,EGX:MASR,3.33186528,3.4318704,3.28064352,3.33381696,5813269.79166667
2008-03-24,EGX:MASR,3.28357056,3.36503808,3.2269824,3.28357056,7070369.79166667
2008-03-25,EGX:MASR,3.26844768,3.3167424,3.21966528,3.2601552,14753911.45833334
2008-03-26,EGX:MASR,3.26600832,3.3777216,3.26356992,3.31966944,11706964.58333334
2008-03-27,EGX:MASR,3.28064352,3.3855264,3.27430176,3.32649984,12402227.08333333
2008-03-30,EGX:MASR,3.36601344,3.3855264,3.31723008,3.35235456,4862303.125
2008-03-31,EGX:MASR,3.38455104,3.48504384,3.36552576,3.4357728,23497955.20833332
2008-04-01,EGX:MASR,3.43772448,3.55529088,3.42943104,3.50260512,13696495.83333333
2008-04-02,EGX:MASR,3.54894912,3.61773312,3.46309056,3.5548032,22479428.12500001
2008-04-03,EGX:MASR,3.51187392,3.6050496,3.41479584,3.54797376,16452922.91666667
2008-04-06,EGX:MASR,3.56212032,3.75627552,3.56114496,3.6909072,18292681.25
2008-04-07,EGX:MASR,3.7172496,3.7635936,3.65529504,3.70554144,19126895.83333333
2008-04-08,EGX:MASR,3.70749312,3.722616,3.61480512,3.66505152,10413361.45833334
2008-04-09,EGX:MASR,3.65870976,3.94652928,3.60992736,3.84749952,43725613.54166666
2008-04-10,EGX:MASR,3.95043168,4.01921472,3.89774592,3.9655536,12123667.70833333
2008-04-13,EGX:MASR,3.99970176,4.02214176,3.7860336,3.8665248,23564744.79166666
2008-04-14,EGX:MASR,3.8294496,3.86750016,3.72066432,3.7713984,12380531.25
2008-04-15,EGX:MASR,3.7806672,3.85384128,3.7806672,3.82262016,13916667.70833333
2008-04-16,EGX:MASR,3.8533536,3.85384128,3.70749312,3.76944672,13546926.04166667
2008-04-17,EGX:MASR,3.75627552,3.81481536,3.66554016,3.71676192,13994696.875
2008-04-20,EGX:MASR,3.80213184,3.89677056,3.77335008,3.83969472,19889745.83333334
2008-04-21,EGX:MASR,3.86603712,3.8904288,3.78554496,3.84896352,12306644.79166667
2008-04-22,EGX:MASR,3.85676832,3.92701536,3.7635936,3.84701184,10351702.08333334
2008-04-23,EGX:MASR,3.78115488,3.83432832,3.73676256,3.78359424,6358390.625
2008-04-24,EGX:MASR,3.74798304,3.78798432,3.70993248,3.74066496,5882418.75
2008-04-29,EGX:MASR,3.8294496,3.8294496,3.7318848,3.76017888,6206439.58333333
2008-04-30,EGX:MASR,3.75871488,3.84603552,3.75383616,3.79627776,4676071.875
2008-05-04,EGX:MASR,3.812376,3.85920768,3.7806672,3.83432832,6380532.29166667
2008-05-05,EGX:MASR,3.8533536,3.85384128,3.73237248,3.77774016,8855548.95833333
2008-05-06,EGX:MASR,3.75627552,3.78017952,3.6221232,3.69724896,11484606.25
2008-05-07,EGX:MASR,3.65822208,3.72944544,3.65822208,3.6855408,11788263.54166666
2008-05-08,EGX:MASR,3.66602784,3.7318848,3.65188032,3.67480896,15419397.91666666
2008-05-11,EGX:MASR,3.65870976,3.66602784,3.4172352,3.55431456,14131155.20833333
2008-05-12,EGX:MASR,3.54163104,3.54163104,3.32308512,3.43772448,14708869.79166667
2008-05-13,EGX:MASR,3.42699168,3.42699168,3.13478304,3.27869184,10634997.91666667
2008-05-14,EGX:MASR,3.32942592,3.32991456,3.00794784,3.15527136,13378473.95833333
2008-05-15,EGX:MASR,3.07331616,3.17088192,2.59036704,2.86208736,19499272.91666667
2008-05-18,EGX:MASR,3.00014208,3.07282848,2.90257632,2.95233504,11379847.91666666
2008-05-19,EGX:MASR,2.926968,3.02453376,2.88306336,2.94355392,18086465.625
2008-05-20,EGX:MASR,3.02502144,3.1172208,3.02502144,3.07038912,10344317.70833334
2008-05-21,EGX:MASR,3.09770784,3.09770784,2.95623744,3.00550848,10397865.625
2008-05-22,EGX:MASR,2.96160384,3.019656,2.903064,2.97282432,4498148.95833333
2008-05-25,EGX:MASR,3.02502144,3.14551488,3.02404608,3.08014656,13254700.0
2008-05-26,EGX:MASR,3.07331616,3.07868256,3.02502144,3.04551072,5264412.5
2008-05-27,EGX:MASR,3.0684384,3.1172208,3.00014208,3.042096,7825826.04166667
2008-05-28,EGX:MASR,3.04843776,3.08648832,2.97087264,3.01136256,6207288.54166667
2008-05-29,EGX:MASR,3.02453376,3.02453376,2.97575136,2.99819136,5814364.58333333
2008-06-01,EGX:MASR,2.95623744,3.17576064,2.9323344,3.10063488,26223093.74999999
2008-06-02,EGX:MASR,3.17088192,3.25186176,3.12209952,3.1713696,28922771.87500002
2008-06-03,EGX:MASR,3.15673536,3.23869056,3.06404832,3.16795488,29183748.95833332
2008-06-04,EGX:MASR,3.24161664,3.39040512,3.24161664,3.32454816,34163992.70833333
2008-06-05,EGX:MASR,3.24893472,3.35625696,3.21283584,3.26600832,10873838.54166667
2008-06-08,EGX:MASR,3.22015296,3.30259584,3.20649408,3.26113056,11825005.20833334
2008-06-09,EGX:MASR,3.26844768,3.29088768,3.17576064,3.23283648,5655738.54166667
2008-06-10,EGX:MASR,3.1713696,3.24893472,3.09819552,3.1503936,7169055.20833333
2008-06-11,EGX:MASR,3.1001472,3.20746944,3.086976,3.13478304,5867298.95833334
2008-06-12,EGX:MASR,3.09819552,3.14551488,3.05868192,3.0777072,5359116.66666666
2008-06-15,EGX:MASR,3.12161184,3.14453952,3.04892544,3.0777072,9008409.375
2008-06-16,EGX:MASR,3.07380384,3.10502592,3.00014208,3.05038848,4618339.58333333
2008-06-17,EGX:MASR,3.0459984,3.0459984,2.96355552,2.99672736,4939590.625
2008-06-18,EGX:MASR,2.98745856,3.04892544,2.89086912,2.95770144,4684625.0
2008-06-19,EGX:MASR,2.91477216,2.95038432,2.81037696,2.90794272,12403347.91666667
2008-06-22,EGX:MASR,2.85623328,2.95135968,2.82013344,2.87623392,5242690.625
2008-06-23,EGX:MASR,2.82940224,2.89477152,2.82940224,2.85623328,3178493.75
2008-06-24,EGX:MASR,2.83232928,2.87233152,2.75866752,2.80598688,5294676.04166667
2008-06-25,EGX:MASR,2.76891168,2.78061984,2.6493936,2.70646944,7769251.04166667
2008-06-26,EGX:MASR,2.63914944,2.70305472,2.58500064,2.6362224,14486250.0
2008-06-29,EGX:MASR,2.63671008,2.6972016,2.49377664,2.5928064,8991661.45833333
2008-06-30,EGX:MASR,2.59378176,2.59378176,2.451336,2.49816768,6868966.66666667
2008-07-02,EGX:MASR,2.5001184,2.70256704,2.5001184,2.61036768,17137750.0
2008-07-03,EGX:MASR,2.72695872,2.72695872,2.50743648,2.60695296,9267600.0
2008-07-06,EGX:MASR,2.51231424,2.5610976,2.44499424,2.494752,4136028.125
2008-07-07,EGX:MASR,2.51719296,2.58012192,2.36596608,2.45621376,6732637.5
2008-07-08,EGX:MASR,2.39035776,2.48792256,2.34254976,2.44353024,6239746.875
2008-07-09,EGX:MASR,2.48792256,2.52694944,2.42938368,2.47280064,5298957.29166667
2008-07-10,EGX:MASR,2.4830448,2.4830448,2.34986784,2.42157792,5044316.66666667
2008-07-13,EGX:MASR,2.39523552,2.40255264,2.33523264,2.35669728,3079985.41666667
2008-07-14,EGX:MASR,2.39035776,2.4684096,2.36840544,2.42694432,10297447.91666667
2008-07-15,EGX:MASR,2.47475136,2.5108512,2.42596896,2.47621536,8374035.41666667
2008-07-16,EGX:MASR,2.43914016,2.43914016,2.24449632,2.33425728,5490086.45833333
2008-07-17,EGX:MASR,2.27083968,2.34206208,2.24400864,2.27571744,3836635.41666667
2008-07-20,EGX:MASR,2.292792,2.39035776,2.292792,2.34011136,3766570.83333333
2008-07-21,EGX:MASR,2.36499072,2.36499072,2.22108096,2.30157216,2799343.75
2008-07-22,EGX:MASR,2.31718272,2.33669664,2.2108368,2.23815456,3173393.75
2008-07-24,EGX:MASR,2.30742624,2.32498848,2.24400864,2.28010848,2238312.5
2008-07-27,EGX:MASR,2.292792,2.3245008,2.26840032,2.292792,4878093.75
2008-07-28,EGX:MASR,2.31181728,2.32694016,2.23522848,2.27620512,5047317.70833333
2008-07-29,EGX:MASR,2.24547264,2.28937728,2.14156512,2.18742048,4029705.20833334
2008-07-30,EGX:MASR,2.19522624,2.20644576,2.09863584,2.1420528,4271731.25
2008-07-31,EGX:MASR,2.14644288,2.1830304,2.07912288,2.12010048,2162957.29166667
2008-08-03,EGX:MASR,2.12205216,2.14107744,2.02546176,2.07034176,1594464.58333333
2008-08-04,EGX:MASR,2.04887808,2.04887808,1.90399296,1.9425312,4146466.66666667
2008-08-05,EGX:MASR,1.95082464,2.02253472,1.90252896,1.96253184,6704518.75
2008-08-06,EGX:MASR,1.94740896,1.97863008,1.91716416,1.94984832,4171886.45833333
2008-08-07,EGX:MASR,1.97570304,2.11863744,1.95375072,2.03619456,13581156.25
2008-08-10,EGX:MASR,2.03668224,2.03668224,1.91228544,1.94545824,2663722.91666667
2008-08-11,EGX:MASR,1.94399424,1.9610688,1.80740256,1.86399072,5347479.16666667
2008-08-12,EGX:MASR,1.8103296,1.87082016,1.78154784,1.83374592,3661246.875
2008-08-13,EGX:MASR,1.80496416,1.85862432,1.70788608,1.77032832,5970286.45833333
2008-08-14,EGX:MASR,1.82935488,1.86252768,1.79032896,1.8327696,4798476.04166666
2008-08-17,EGX:MASR,1.85374656,1.87277184,1.79520672,1.82935488,9162677.08333333
2008-08-18,EGX:MASR,1.8103296,1.9015536,1.80593952,1.85960064,6104846.875
2008-08-19,EGX:MASR,1.86350304,1.88643072,1.75325376,1.81374432,7535892.70833333
2008-08-20,EGX:MASR,1.78545024,1.85374656,1.71081312,1.79032896,4456945.83333333
2008-08-21,EGX:MASR,1.84886784,1.85374656,1.75666848,1.80496416,6789022.91666667
2008-08-24,EGX:MASR,1.78740192,1.81472064,1.7732544,1.793256,3264401.04166667
2008-08-25,EGX:MASR,1.80398784,1.84789248,1.79569536,1.82008608,5778371.875
2008-08-26,EGX:MASR,1.80496416,1.87813824,1.77179136,1.84008768,6185711.45833333
2008-08-27,EGX:MASR,1.83325824,1.90252896,1.83325824,1.883016,10861358.33333334
2008-08-28,EGX:MASR,1.89716352,1.98058176,1.8961872,1.94009184,18561073.95833333
2008-08-31,EGX:MASR,1.91716416,1.98985056,1.91716416,1.96204416,7283965.625
2008-09-01,EGX:MASR,1.9927776,2.02399872,1.9518,1.99326528,7400075.0
2008-09-02,EGX:MASR,1.97570304,1.97570304,1.91716416,1.95375072,4369226.04166667
2008-09-03,EGX:MASR,1.96838592,2.03912064,1.9518,2.00546112,2743014.58333333
2008-09-04,EGX:MASR,2.01912,2.0483904,1.96448352,2.02741344,8683133.33333333
2008-09-07,EGX:MASR,2.00009472,2.0483904,1.9781424,2.01814464,3004803.125
2008-09-08,EGX:MASR,2.01472992,2.09766048,2.01472992,2.08546464,3555497.91666667
2008-09-09,EGX:MASR,2.11717344,2.14644288,2.0376576,2.06643936,1939286.45833333
2008-09-10,EGX:MASR,2.06302464,2.0732688,2.00790048,2.03034048,2803992.70833333
2008-09-11,EGX:MASR,2.04790176,2.04790176,2.00350944,2.02692576,1414022.91666667
2008-09-14,EGX:MASR,2.01229056,2.07570816,1.95375072,2.01326592,4458471.875
2008-09-15,EGX:MASR,1.95131232,1.95131232,1.85374656,1.89179712,8166051.04166667
2008-09-16,EGX:MASR,1.85374656,1.85374656,1.73178912,1.78349952,4700671.875
2008-09-17,EGX:MASR,1.84886784,1.89521184,1.78057248,1.80789024,2949069.79166667
2008-09-18,EGX:MASR,1.76642496,1.76642496,1.60251456,1.66983552,6061747.91666667
2008-09-21,EGX:MASR,1.7073984,1.85374656,1.7073984,1.7669136,7113904.16666667
2008-09-22,EGX:MASR,1.77569376,1.78984128,1.67081088,1.72008192,3633171.875
2008-09-23,EGX:MASR,1.67081088,1.70691072,1.60007616,1.6215408,3872173.95833333
2008-09-24,EGX:MASR,1.59031968,1.63422432,1.46348448,1.52153568,7623696.875
2008-09-25,EGX:MASR,1.54641504,1.5473904,1.41762816,1.46299584,7736057.29166667
2008-09-28,EGX:MASR,1.46348448,1.51226688,1.45128864,1.47275328,7551779.16666666
2008-09-29,EGX:MASR,1.50494976,1.51080288,1.46055744,1.47128928,2809240.625
2008-10-07,EGX:MASR,1.36591872,1.36591872,1.15468896,1.20688608,8505115.625
2008-10-08,EGX:MASR,1.1707872,1.1707872,0.89370048,0.96541152,3378088.54166667
2008-10-09,EGX:MASR,1.1220048,1.20981312,0.97565568,1.04736672,26106414.58333334
2008-10-12,EGX:MASR,1.06346496,1.156152,0.93223968,1.06883136,15486596.875
2008-10-13,EGX:MASR,1.13322432,1.15517664,1.09761312,1.1259072,25939978.125
2008-10-14,EGX:MASR,1.14639552,1.26835296,1.14639552,1.2132288,36818968.75000001
2008-10-15,EGX:MASR,1.22005824,1.28932992,1.14639552,1.20152064,41340443.75
2008-10-16,EGX:MASR,1.22200896,1.26786528,1.17176256,1.2171312,27309981.24999999
2008-10-19,EGX:MASR,1.26347424,1.26786528,1.20493536,1.22200896,11821809.375
2008-10-20,EGX:MASR,1.22444832,1.2381072,1.19761728,1.21469184,8279934.375
2008-10-21,EGX:MASR,1.23176544,1.26835296,1.20493536,1.22932704,15231643.75
2008-10-22,EGX:MASR,1.19615424,1.19615424,1.06834368,1.1220048,12047560.41666667
2008-10-23,EGX:MASR,1.07224608,1.09761312,0.97565568,1.05224544,7218646.875
2008-10-26,EGX:MASR,1.05614784,1.05614784,0.92540928,0.97711968,11309389.58333333
2008-10-27,EGX:MASR,0.97809504,1.09224672,0.9658992,1.00638912,26191682.29166667
2008-10-28,EGX:MASR,1.01663328,1.11956544,1.01663328,1.09371072,12481057.29166667
2008-10-29,EGX:MASR,1.13468832,1.20981312,1.1220048,1.1654208,18629397.91666667
2008-10-30,EGX:MASR,1.1220048,1.25713248,1.1073696,1.20152064,15937006.25
2008-11-02,EGX:MASR,1.22932704,1.42884864,1.22542368,1.362504,19249209.37500001
2008-11-03,EGX:MASR,1.38104064,1.47567936,1.36591872,1.43616576,20626458.33333333
2008-11-04,EGX:MASR,1.39030944,1.5488544,1.38152928,1.47519168,12437763.54166667
2008-11-05,EGX:MASR,1.45323936,1.58544096,1.4151888,1.50397344,14453709.37500001
2008-11-06,EGX:MASR,1.42787232,1.57324512,1.37079648,1.52299872,13487192.70833333
2008-11-09,EGX:MASR,1.51812096,1.65276096,1.51812096,1.5712944,9142078.125
2008-11-10,EGX:MASR,1.5805632,1.60495392,1.53665856,1.56885504,5159520.83333333
2008-11-11,EGX:MASR,1.56104928,1.60446624,1.49226624,1.54495104,7239619.79166666
2008-11-12,EGX:MASR,1.49177856,1.53665856,1.43958048,1.47811872,9744078.125
2008-11-13,EGX:MASR,1.43958048,1.50690048,1.41470112,1.47128928,9092648.95833333
2008-11-16,EGX:MASR,1.53617088,1.5488544,1.41470112,1.45567872,5099983.33333333
2008-11-17,EGX:MASR,1.48738752,1.48738752,1.33177056,1.39567584,7564657.29166667
2008-11-18,EGX:MASR,1.32201408,1.36591872,1.1707872,1.25371776,10065270.83333333
2008-11-19,EGX:MASR,1.224936,1.31274528,1.1707872,1.24249824,5875973.95833334
2008-11-20,EGX:MASR,1.23176544,1.35567456,1.21469184,1.27957248,5286123.95833333
2008-11-23,EGX:MASR,1.26786528,1.29615936,1.21517952,1.25762112,3492923.95833334
2008-11-24,EGX:MASR,1.26835296,1.26884064,1.06834368,1.13176128,3828929.16666667
2008-11-25,EGX:MASR,1.21664352,1.28786592,1.17322656,1.22981472,9980703.125
2008-11-26,EGX:MASR,1.27810944,1.33664832,1.23469248,1.3029888,8980022.91666667
2008-11-27,EGX:MASR,1.31859936,1.36591872,1.29323232,1.3239648,5695289.58333333
2008-11-30,EGX:MASR,1.31762304,1.40543232,1.31762304,1.3756752,4098884.375
2008-12-01,EGX:MASR,1.36591872,1.36591872,1.3029888,1.3332336,2835915.625
2008-12-02,EGX:MASR,1.30250112,1.36055232,1.25615712,1.30006176,3615034.375
2008-12-03,EGX:MASR,1.34152704,1.36347936,1.31859936,1.33616064,950040.625
2008-12-04,EGX:MASR,1.33957536,1.46836224,1.31713536,1.40933472,13383507.29166667
2008-12-10,EGX:MASR,1.51226688,1.51226688,1.39762752,1.42201824,8326589.58333333
2008-12-11,EGX:MASR,1.42201824,1.4468976,1.39518816,1.41762816,9053110.41666666
2008-12-14,EGX:MASR,1.40494464,1.4390928,1.35616224,1.38982176,5411989.58333333
2008-12-15,EGX:MASR,1.37811456,1.4244576,1.37226048,1.41031104,4797320.83333334
2008-12-16,EGX:MASR,1.39030944,1.43616576,1.3425024,1.40055456,6050778.125
2008-12-17,EGX:MASR,1.40250528,1.41470112,1.35616224,1.38689472,3747245.83333333
2008-12-18,EGX:MASR,1.40543232,1.40787168,1.35616224,1.36884576,1941371.875
2008-12-21,EGX:MASR,1.37323584,1.3795776,1.32689184,1.34738112,1167866.66666667
2008-12-22,EGX:MASR,1.36445472,1.37860224,1.32738048,1.34884416,1202502.08333333
2008-12-23,EGX:MASR,1.3293312,1.34884416,1.32786816,1.33762464,654934.375
2008-12-24,EGX:MASR,1.32347712,1.3756752,1.32201408,1.35079584,2670615.625
2008-12-25,EGX:MASR,1.3439664,1.41567648,1.34201472,1.39177344,3995781.25
2008-12-28,EGX:MASR,1.38543168,1.40006688,1.35762528,1.36835712,1355854.16666667
2008-12-30,EGX:MASR,1.3664064,1.40250528,1.36591872,1.38006528,4148852.08333333
2008-12-31,EGX:MASR,1.39226112,1.40494464,1.36152768,1.38445632,2647916.66666667
2009-01-04,EGX:MASR,1.40445696,1.45372704,1.39030944,1.43177568,10608443.75
2009-01-05,EGX:MASR,1.44640992,1.51226688,1.43421408,1.47324096,14242031.25
2009-01-06,EGX:MASR,1.51275456,1.57324512,1.43958048,1.4932416,16020589.58333334
2009-01-08,EGX:MASR,1.4786064,1.4786064,1.42543296,1.44153216,7181326.04166667
2009-01-11,EGX:MASR,1.42689696,1.47811872,1.41957984,1.44153216,3784772.91666667
2009-01-12,EGX:MASR,1.41762816,1.47958272,1.41079872,1.43958048,3562564.58333333
2009-01-13,EGX:MASR,1.41470112,1.44884928,1.39518816,1.42250688,2326784.375
2009-01-14,EGX:MASR,1.41372576,1.43177568,1.32201408,1.3649424,5137579.16666667
2009-01-15,EGX:MASR,1.32201408,1.37811456,1.30737888,1.34055168,6174494.79166667
2009-01-18,EGX:MASR,1.35469824,1.3649424,1.32347712,1.34055168,2583858.33333333
2009-01-19,EGX:MASR,1.3742112,1.39030944,1.2976224,1.3332336,3870182.29166667
2009-01-20,EGX:MASR,1.31762304,1.31762304,1.23469248,1.26396288,5091398.95833334
2009-01-21,EGX:MASR,1.23908352,1.23908352,1.12737024,1.16639712,3147114.58333333
2009-01-22,EGX:MASR,1.20737472,1.21469184,1.09761312,1.14346848,4953037.5
2009-01-25,EGX:MASR,1.07712384,1.15273728,1.07322144,1.12493184,4168383.33333333
2009-01-26,EGX:MASR,1.12932192,1.18298304,1.11761376,1.14493248,3696095.83333333
2009-01-27,EGX:MASR,1.18298304,1.21859424,1.14737184,1.19030016,8073457.29166667
2009-01-28,EGX:MASR,1.19273952,1.19273952,1.13761536,1.15859136,3833560.41666667
2009-01-29,EGX:MASR,1.1707872,1.20981312,1.157616,1.19273952,13303806.24999999
2009-02-01,EGX:MASR,1.1707872,1.19030016,1.1259072,1.16249376,2995691.66666667
2009-02-02,EGX:MASR,1.12737024,1.15127424,1.0122432,1.0756608,4379559.375
2009-02-03,EGX:MASR,0.9805344,1.07810016,0.97614432,1.0400496,5150428.125
2009-02-04,EGX:MASR,1.06395264,1.08541728,0.97614432,1.02736608,5551270.83333333
2009-02-05,EGX:MASR,0.97711968,1.01712096,0.90687264,0.96248448,7367648.95833333
2009-02-08,EGX:MASR,1.00004736,1.043952,0.97858272,1.00736448,2271043.75
2009-02-09,EGX:MASR,1.00004736,1.00443744,0.95370336,0.97858272,1572161.45833333
2009-02-10,EGX:MASR,0.98541312,1.02199968,0.97565568,0.99468096,6112139.58333333
2009-02-11,EGX:MASR,0.97858272,1.00492608,0.97565568,0.98687616,2634334.375
2009-02-12,EGX:MASR,1.00004736,1.00980384,0.98297376,0.99321792,1702371.875
2009-02-15,EGX:MASR,1.00443744,1.04883072,0.99955968,1.020048,6516662.5
2009-02-16,EGX:MASR,1.05468384,1.0702944,1.01273088,1.03907328,6167886.45833333
2009-02-17,EGX:MASR,1.03663488,1.03907328,0.92687328,0.97419264,8650555.20833333
2009-02-18,EGX:MASR,0.96053376,0.9658992,0.9024816,0.92053152,4579389.58333333
2009-02-19,EGX:MASR,0.931752,0.94785024,0.90443328,0.92345856,7667775.0
2009-02-22,EGX:MASR,0.93370272,0.93370272,0.87321216,0.89174976,4924603.125
2009-02-23,EGX:MASR,0.90150624,0.91906752,0.885408,0.90101856,2287986.45833333
2009-02-24,EGX:MASR,0.87418752,0.89272512,0.85418688,0.87760224,3673728.125
2009-02-25,EGX:MASR,0.9024816,0.91077504,0.87857856,0.8907744,2610669.79166667
2009-02-26,EGX:MASR,0.885408,0.90833568,0.8707728,0.8893104,4579323.95833333
2009-03-01,EGX:MASR,0.87809088,0.93906912,0.87809088,0.91126272,5684923.95833333
2009-03-02,EGX:MASR,0.90540864,0.92687328,0.89760384,0.90931104,5118131.25
2009-03-03,EGX:MASR,0.89662752,0.90589632,0.86443104,0.8800416,5725085.41666667
2009-03-04,EGX:MASR,0.89028576,0.91223808,0.87321216,0.88882272,3085970.83333333
2009-03-05,EGX:MASR,0.90101856,0.90101856,0.86882208,0.87809088,2146345.83333333
2009-03-08,EGX:MASR,0.8707728,0.89662752,0.8707728,0.88052928,1088117.70833333
2009-03-10,EGX:MASR,0.88052928,0.92540928,0.86784576,0.90150624,7596861.45833333
2009-03-11,EGX:MASR,0.93614208,0.93906912,0.90492096,0.92443392,8541272.91666667
2009-03-12,EGX:MASR,0.90492096,0.9434592,0.89613984,0.9341904,8248533.33333333
2009-03-15,EGX:MASR,0.9698016,1.05370848,0.95126496,1.00882848,14998527.08333333
2009-03-16,EGX:MASR,1.06200192,1.09468608,1.03663488,1.05517152,11095814.58333333
2009-03-17,EGX:MASR,1.06346496,1.07322144,1.03273152,1.05029376,4673826.04166667
2009-03-18,EGX:MASR,1.06590432,1.09614912,1.04883072,1.07322144,5153397.91666667
2009-03-19,EGX:MASR,1.0610256,1.08785664,1.04151264,1.06005024,4202439.58333333
2009-03-22,EGX:MASR,1.07273376,1.07322144,1.02443904,1.05078144,3148540.625
2009-03-23,EGX:MASR,1.09224672,1.09663776,1.07322144,1.08736896,4211023.95833334
2009-03-24,EGX:MASR,1.10444256,1.16493312,1.09858848,1.12883424,8920281.25
2009-03-25,EGX:MASR,1.09761312,1.26835296,1.09761312,1.18737312,10937078.125
2009-03-26,EGX:MASR,1.26347424,1.29713472,1.20103296,1.2356688,6920528.125
2009-03-29,EGX:MASR,1.26835296,1.36396704,1.22054592,1.30933056,11718647.91666666
2009-03-30,EGX:MASR,1.31713536,1.35030816,1.2156672,1.27859712,9634976.04166667
2009-03-31,EGX:MASR,1.24298592,1.31713536,1.2103008,1.27469472,5943458.33333333
2009-04-01,EGX:MASR,1.29323232,1.31713536,1.23713184,1.2659136,4579087.5
2009-04-02,EGX:MASR,1.26884064,1.36299168,1.26884064,1.33616064,6114518.75
2009-04-05,EGX:MASR,1.35616224,1.42396992,1.34201472,1.38201696,7495502.08333333
2009-04-06,EGX:MASR,1.40494464,1.41421344,1.31859936,1.35860064,4927456.25
2009-04-07,EGX:MASR,1.32738048,1.39030944,1.29323232,1.35616224,4149763.54166666
2009-04-08,EGX:MASR,1.28737824,1.29274464,1.26103584,1.27713408,4132234.375
2009-04-09,EGX:MASR,1.28737824,1.3293312,1.28737824,1.31030592,2243132.29166667
2009-04-12,EGX:MASR,1.31713536,1.3649424,1.29274464,1.3293312,2371622.91666667
2009-04-13,EGX:MASR,1.31713536,1.31762304,1.2659136,1.2790848,3521166.66666667
2009-04-14,EGX:MASR,1.28591424,1.31713536,1.23761952,1.26396288,3026792.70833333
2009-04-15,EGX:MASR,1.28640288,1.28640288,1.22396064,1.23664416,895003.125
2009-04-16,EGX:MASR,1.24396128,1.27957248,1.2195696,1.2581088,2361156.25
2009-04-21,EGX:MASR,1.24884,1.2829872,1.2434736,1.2620112,3523888.54166667
2009-04-22,EGX:MASR,1.25615712,1.30054944,1.25615712,1.2766464,3795016.66666667
2009-04-23,EGX:MASR,1.2976224,1.36104,1.29713472,1.3332336,12743691.66666667
2009-04-26,EGX:MASR,1.38933408,1.46348448,1.38933408,1.42689696,8455195.83333333
2009-04-27,EGX:MASR,1.4390928,1.52299872,1.39616352,1.476168,12244793.75
2009-04-28,EGX:MASR,1.51226688,1.52153568,1.44543456,1.47714336,6632706.25
2009-04-29,EGX:MASR,1.47811872,1.7073984,1.47811872,1.564464,10729673.95833333
2009-04-30,EGX:MASR,1.65812736,1.65812736,1.56104928,1.58592864,5138885.41666667
2009-05-03,EGX:MASR,1.60739328,1.62202848,1.49763168,1.54690272,2603215.625
2009-05-04,EGX:MASR,1.50299808,1.54592736,1.48153344,1.51226688,6007446.875
2009-05-05,EGX:MASR,1.5512928,1.58007456,1.53665856,1.55958624,3453270.83333334
2009-05-06,EGX:MASR,1.56104928,1.6439808,1.5605616,1.61519904,16655222.91666667
2009-05-07,EGX:MASR,1.633248,1.67081088,1.612272,1.64056608,4004416.66666667
2009-05-10,EGX:MASR,1.633248,1.75471776,1.633248,1.702032,9084911.45833333
2009-05-11,EGX:MASR,1.68788448,1.71959424,1.63519968,1.6888608,5377647.91666667
2009-05-12,EGX:MASR,1.65861504,1.71715488,1.65861504,1.69569024,4405763.54166667
2009-05-13,EGX:MASR,1.69910496,1.724472,1.59080736,1.68690912,8528338.54166667
2009-05-14,EGX:MASR,1.56641568,1.62446688,1.42933632,1.5395856,8270756.25
2009-05-17,EGX:MASR,1.52348736,1.57080672,1.45128864,1.497144,9084830.20833333
2009-05-18,EGX:MASR,1.55763456,1.56104928,1.50982752,1.53324384,6502146.875
2009-05-19,EGX:MASR,1.56153696,1.63080864,1.55226912,1.5922704,9674887.5
2009-05-20,EGX:MASR,1.60446624,1.60446624,1.50982752,1.543488,4087938.54166667
2009-05-21,EGX:MASR,1.49031456,1.55226912,1.38299232,1.46348448,6345601.04166667
2009-05-24,EGX:MASR,1.46982624,1.50202272,1.429824,1.47763104,2687862.5
2009-05-25,EGX:MASR,1.50738816,1.55617152,1.48153344,1.52787744,4989731.25
2009-05-26,EGX:MASR,1.53665856,1.589832,1.5303168,1.564464,4038455.20833333
2009-05-27,EGX:MASR,1.57080672,1.589832,1.51226688,1.55714688,4434178.125
2009-05-28,EGX:MASR,1.49958336,1.52690208,1.44104448,1.48299744,5336436.45833333
2009-05-31,EGX:MASR,1.46982624,1.62349152,1.46982624,1.58788032,6034426.04166667
2009-06-01,EGX:MASR,1.63032096,1.75130304,1.61373504,1.68593376,8059716.66666667
2009-06-02,EGX:MASR,1.75862016,1.85374656,1.7561808,1.80008544,11833557.29166666
2009-06-03,EGX:MASR,1.75764384,1.90252896,1.7561808,1.84886784,10753451.04166667
2009-06-04,EGX:MASR,1.84399008,2.03912064,1.84399008,1.97716704,19966823.95833334
2009-06-07,EGX:MASR,2.0244864,2.0732688,1.90252896,1.98692352,8526533.33333333
2009-06-08,EGX:MASR,1.95131232,1.97424,1.85374656,1.91033472,10380336.45833333
2009-06-09,EGX:MASR,1.89569952,1.98497184,1.83081888,1.90399296,6456443.75
2009-06-10,EGX:MASR,1.87765056,2.04253632,1.87765056,1.96399584,12029119.79166667
2009-06-11,EGX:MASR,2.0244864,2.0483904,1.92692064,1.9781424,6410342.70833333
2009-06-14,EGX:MASR,1.96155648,2.01912,1.94155584,1.96789824,4463481.25
2009-06-15,EGX:MASR,1.9518,2.00009472,1.92692064,1.97082528,4970858.33333333
2009-06-16,EGX:MASR,1.9703376,2.05717056,1.95131232,2.02497408,17166352.08333332
2009-06-17,EGX:MASR,2.03131584,2.03131584,1.95131232,1.98302112,9798884.375
2009-06-18,EGX:MASR,1.95423936,1.97570304,1.8976512,1.92057888,6389407.29166666
2009-06-21,EGX:MASR,1.95082464,1.95131232,1.8420384,1.88887008,6245121.875
2009-06-22,EGX:MASR,1.8552096,1.87277184,1.68300672,1.75959552,8581860.41666666
2009-06-23,EGX:MASR,1.7073984,1.78057248,1.57714848,1.64934624,9199819.79166666
2009-06-24,EGX:MASR,1.634712,1.70008032,1.46348448,1.60885728,8373367.70833334
2009-06-25,EGX:MASR,1.58007456,1.60983264,1.4444592,1.49763168,7336047.91666667
2009-06-28,EGX:MASR,1.51470624,1.57470912,1.45860576,1.51519392,6568045.83333333
2009-06-29,EGX:MASR,1.57080672,1.57080672,1.47665568,1.519584,7432971.875
2009-06-30,EGX:MASR,1.54592736,1.5976368,1.52934048,1.5698304,8488452.08333333
2009-07-02,EGX:MASR,1.59714912,1.6532496,1.59714912,1.6200768,8992432.29166667
2009-07-05,EGX:MASR,1.58397792,1.61958912,1.54641504,1.58348928,2859322.91666667
2009-07-06,EGX:MASR,1.56104928,1.56104928,1.50299808,1.51909632,4297308.33333333
2009-07-07,EGX:MASR,1.5488544,1.56104928,1.52007168,1.54251264,3780065.625
2009-07-08,EGX:MASR,1.51226688,1.51226688,1.46348448,1.47665568,4398751.04166667
2009-07-09,EGX:MASR,1.47714336,1.5025104,1.41470112,1.45080096,3848526.04166667
2009-07-12,EGX:MASR,1.47177696,1.47324096,1.37128416,1.40884704,4448106.25
2009-07-13,EGX:MASR,1.36591872,1.42543296,1.28396352,1.340064,7221127.08333333
2009-07-14,EGX:MASR,1.40152992,1.43860512,1.38640704,1.40640864,4865673.95833333
2009-07-15,EGX:MASR,1.41470112,1.43616576,1.39177344,1.41177408,5123582.29166667
2009-07-16,EGX:MASR,1.47811872,1.5512928,1.45860576,1.5010464,8931033.33333334
2009-07-19,EGX:MASR,1.5342192,1.55568384,1.50007104,1.52202336,3801361.45833333
2009-07-20,EGX:MASR,1.53226752,1.57324512,1.52056032,1.55617152,4826543.75
2009-07-21,EGX:MASR,1.57324512,1.6015392,1.54397568,1.5712944,5239246.875
2009-07-22,EGX:MASR,1.55178048,1.60983264,1.52934048,1.57470912,4896134.375
2009-07-26,EGX:MASR,1.60983264,1.66837152,1.59519744,1.63519968,9094319.79166667
2009-07-27,EGX:MASR,1.63422432,1.67227488,1.61129568,1.63519968,3208176.04166667
2009-07-28,EGX:MASR,1.65227328,1.66593312,1.59080736,1.63032096,4627753.125
2009-07-29,EGX:MASR,1.60007616,1.63422432,1.57178208,1.6161744,2541717.70833333
2009-07-30,EGX:MASR,1.63276032,1.6464192,1.60007616,1.62593088,2511197.91666667
2009-08-02,EGX:MASR,1.66593312,1.68300672,1.64544384,1.66202976,15440733.33333334
2009-08-03,EGX:MASR,1.68300672,1.70788608,1.66837152,1.68788448,10669104.16666666
2009-08-04,EGX:MASR,1.70642208,1.71959424,1.61910144,1.67178624,8287263.54166667
2009-08-05,EGX:MASR,1.63422432,1.66300608,1.63422432,1.65471264,5725628.125
2009-08-06,EGX:MASR,1.6439808,1.66837152,1.63568736,1.65422496,4930285.41666667
2009-08-09,EGX:MASR,1.68251904,1.70495904,1.65081024,1.67520096,7149018.75
2009-08-10,EGX:MASR,1.65910272,1.68788448,1.60495392,1.63178496,5336150.0
2009-08-11,EGX:MASR,1.61032032,1.64837088,1.59178272,1.61666208,5410207.29166667
2009-08-12,EGX:MASR,1.58592864,1.62885792,1.56104928,1.58885568,4937025.0
2009-08-13,EGX:MASR,1.63422432,1.67081088,1.62105216,1.64593152,5978682.29166667
2009-08-16,EGX:MASR,1.63910208,1.68300672,1.60983264,1.65959136,4880052.08333333
2009-08-17,EGX:MASR,1.63422432,1.63422432,1.56104928,1.58788032,7561831.25000001
2009-08-18,EGX:MASR,1.565928,1.60934496,1.5512928,1.57861152,4279891.66666667
2009-08-19,EGX:MASR,1.60495392,1.60495392,1.51763328,1.54934208,4494575.0
2009-08-20,EGX:MASR,1.5976368,1.60934496,1.565928,1.58690496,4045939.58333333
2009-08-23,EGX:MASR,1.63422432,1.69081152,1.60983264,1.6610544,6997604.16666666
2009-08-24,EGX:MASR,1.6873968,1.73178912,1.66837152,1.70837376,10993155.20833333
2009-08-25,EGX:MASR,1.70691072,1.76105952,1.6834944,1.74105792,8702756.25
2009-08-26,EGX:MASR,1.72788672,1.76349888,1.6981296,1.72935072,4138555.20833333
2009-08-27,EGX:MASR,1.7073984,1.70837376,1.6688592,1.69520256,2948184.375
2009-08-30,EGX:MASR,1.72691136,1.72691136,1.67666496,1.68983616,2561997.91666667
2009-08-31,EGX:MASR,1.6927632,1.69617792,1.66837152,1.67910432,3691216.66666667
2009-09-01,EGX:MASR,1.6625184,1.6625184,1.62495552,1.64105376,1351014.58333333
2009-09-02,EGX:MASR,1.61958912,1.65812736,1.59275904,1.62885792,2347595.83333333
2009-09-03,EGX:MASR,1.66593312,1.66593312,1.63422432,1.64007744,598669.79166667
2009-09-06,EGX:MASR,1.6927632,1.6927632,1.65910272,1.67325024,2242704.16666667
2009-09-07,EGX:MASR,1.67812896,1.68251904,1.65812736,1.66983552,2183983.33333333
2009-09-08,EGX:MASR,1.65910272,1.71715488,1.64495616,1.68690912,2609866.66666667
2009-09-09,EGX:MASR,1.7073984,1.73666784,1.67471328,1.70349504,2370176.04166667
2009-09-10,EGX:MASR,1.70495904,1.71178848,1.67325024,1.68983616,2470804.16666667
2009-09-13,EGX:MASR,1.69520256,1.71959424,1.67666496,1.69715328,1813470.83333333
2009-09-14,EGX:MASR,1.67129856,1.71178848,1.67081088,1.68544608,2341707.29166667
2009-09-15,EGX:MASR,1.68300672,1.724472,1.68300672,1.70886144,3979811.45833333
2009-09-16,EGX:MASR,1.72691136,1.76105952,1.724472,1.74252192,7614266.66666667
2009-09-17,EGX:MASR,1.75130304,1.79471904,1.75130304,1.77374304,8283872.91666667
2009-09-22,EGX:MASR,1.79959776,1.83667296,1.79959776,1.81472064,8990451.04166666
2009-09-23,EGX:MASR,1.82935488,1.87472352,1.791792,1.84252608,9558960.41666666
2009-09-24,EGX:MASR,1.80593952,1.82935488,1.78106016,1.81325664,8017505.20833333
2009-09-27,EGX:MASR,1.80545184,1.82935488,1.75666848,1.7800848,6128441.66666667
2009-09-28,EGX:MASR,1.76105952,1.770816,1.73422848,1.75130304,9873453.125
2009-09-29,EGX:MASR,1.77764544,1.7839872,1.73959488,1.75764384,2023154.16666667
2009-09-30,EGX:MASR,1.76105952,1.76837664,1.73178912,1.746912,4573553.125
2009-10-01,EGX:MASR,1.76593728,1.7800848,1.73715552,1.7522784,4998292.70833333
2009-10-04,EGX:MASR,1.7073984,1.72935072,1.68983616,1.71227616,3375080.20833333
2009-10-05,EGX:MASR,1.72642368,1.72935072,1.65910272,1.6888608,3760059.375
2009-10-07,EGX:MASR,1.7073984,1.73618016,1.67129856,1.69764192,3478844.79166667
2009-10-08,EGX:MASR,1.68544608,1.7073984,1.66446912,1.68203136,1816963.54166667
2009-10-11,EGX:MASR,1.68300672,1.70691072,1.67081088,1.68544608,1844170.83333333
2009-10-12,EGX:MASR,1.70251968,1.74642432,1.68788448,1.71422784,4658533.33333333
2009-10-13,EGX:MASR,1.7073984,1.7073984,1.66007904,1.68544608,2312713.54166667
2009-10-14,EGX:MASR,1.70788608,1.77276672,1.6966656,1.74935136,12679217.70833333
2009-10-15,EGX:MASR,1.78057248,1.80008544,1.7522784,1.77423072,5124008.33333333
2009-10-18,EGX:MASR,1.75862016,1.79764608,1.7430096,1.77032832,8242106.25
2009-10-19,EGX:MASR,1.78301184,1.79374368,1.73666784,1.75520544,8436726.04166666
2009-10-20,EGX:MASR,1.75862016,1.77276672,1.7098368,1.72788672,6739283.33333333
2009-10-21,EGX:MASR,1.71764256,1.7191056,1.67617728,1.69227552,7134211.45833334
2009-10-22,EGX:MASR,1.6756896,1.71959424,1.66349376,1.6966656,5753407.29166667
2009-10-25,EGX:MASR,1.71471552,1.72886208,1.66446912,1.6981296,3499229.16666667
2009-10-26,EGX:MASR,1.69520256,1.7073984,1.64349216,1.6742256,8512317.70833333
2009-10-27,EGX:MASR,1.65861504,1.66837152,1.61129568,1.63032096,5977256.25
2009-10-28,EGX:MASR,1.62202848,1.65861504,1.5737328,1.612272,7086961.45833333
2009-10-29,EGX:MASR,1.5976368,1.5976368,1.54690272,1.56739104,6629308.33333333
2009-11-01,EGX:MASR,1.52934048,1.5605616,1.49031456,1.53714624,996155.20833333
2009-11-02,EGX:MASR,1.55519616,1.55617152,1.44397056,1.4839728,16834168.75
2009-11-03,EGX:MASR,1.452264,1.452264,1.39128576,1.42153056,7658884.375
2009-11-04,EGX:MASR,1.4561664,1.48494816,1.41616512,1.44933696,3659942.70833333
2009-11-05,EGX:MASR,1.46348448,1.46348448,1.3927488,1.42006752,5590272.91666667
2009-11-08,EGX:MASR,1.46299584,1.48738752,1.4390928,1.45470336,3436175.0
2009-11-09,EGX:MASR,1.46104512,1.46836224,1.43031168,1.45811808,6178262.5
2009-11-10,EGX:MASR,1.50153504,1.50153504,1.46592288,1.474704,11888751.04166667
2009-11-11,EGX:MASR,1.47567936,1.497144,1.43958048,1.4708016,7967369.79166667
2009-11-12,EGX:MASR,1.45128864,1.45860576,1.42640928,1.4351904,3679071.875
2009-11-15,EGX:MASR,1.45275168,1.45323936,1.40006688,1.42738464,5045848.95833333
2009-11-16,EGX:MASR,1.4259216,1.43665344,1.40299296,1.41616512,4205421.875
2009-11-17,EGX:MASR,1.39518816,1.40396928,1.35616224,1.37616288,5298342.70833333
2009-11-18,EGX:MASR,1.35421056,1.38543168,1.3293312,1.35567456,3371645.83333333
2009-11-19,EGX:MASR,1.34689344,1.41470112,1.33908768,1.38835872,2164108.33333333
2009-11-22,EGX:MASR,1.41372576,1.41372576,1.36445472,1.38055296,2091355.20833333
2009-11-23,EGX:MASR,1.39030944,1.39030944,1.35274752,1.36299168,4447730.20833333
2009-11-24,EGX:MASR,1.36591872,1.38543168,1.34201472,1.36152768,2471507.29166667
2009-11-25,EGX:MASR,1.36591872,1.3703088,1.34347872,1.36299168,1517334.375
2009-11-30,EGX:MASR,1.3307952,1.3307952,1.15127424,1.23274176,5189639.58333333
2009-12-01,EGX:MASR,1.19761728,1.27079232,1.19761728,1.25615712,2996560.41666667
2009-12-02,EGX:MASR,1.26835296,1.28006112,1.24591296,1.2566448,4866089.58333334
2009-12-03,EGX:MASR,1.26786528,1.28591424,1.25859648,1.27371936,4294470.83333333
2009-12-06,EGX:MASR,1.26835296,1.28689056,1.2512784,1.26347424,1964775.0
2009-12-07,EGX:MASR,1.247376,1.247376,1.2195696,1.22444832,3837882.29166667
2009-12-08,EGX:MASR,1.22005824,1.24835232,1.17859296,1.2156672,5791720.83333333
2009-12-09,EGX:MASR,1.1761536,1.19030016,1.15127424,1.16590944,2778689.58333333
2009-12-10,EGX:MASR,1.1854224,1.23176544,1.16786016,1.19127648,3295551.04166667
2009-12-13,EGX:MASR,1.224936,1.27810944,1.224936,1.2605472,4256736.45833334
2009-12-14,EGX:MASR,1.26835296,1.32591648,1.26835296,1.31176992,96951970.83333337
2009-12-15,EGX:MASR,1.27420704,1.3293312,1.27420704,1.31567232,5162531.25
2009-12-16,EGX:MASR,1.31957472,1.362504,1.31274528,1.34299104,3795653.125
2009-12-17,EGX:MASR,1.33177056,1.39030944,1.31713536,1.362504,7324082.29166667
2009-12-20,EGX:MASR,1.40006688,1.41714048,1.34884416,1.38835872,6693055.20833333
2009-12-21,EGX:MASR,1.36689408,1.39226112,1.34152704,1.37079648,2925371.875
2009-12-22,EGX:MASR,1.39470048,1.4112864,1.37811456,1.39518816,3296157.29166667
2009-12-23,EGX:MASR,1.3717728,1.384944,1.35616224,1.36738176,3779280.20833333
2009-12-24,EGX:MASR,1.36591872,1.36933344,1.33713696,1.35469824,5524231.25
2009-12-27,EGX:MASR,1.36591872,1.3664064,1.29664704,1.32103872,1899927.08333333
2009-12-28,EGX:MASR,1.2976224,1.3293312,1.28347584,1.30396416,4344710.41666667
2009-12-29,EGX:MASR,1.31713536,1.33664832,1.30786656,1.31469696,1396113.54166667
2009-12-30,EGX:MASR,1.30737888,1.33664832,1.27225536,1.30493952,6027010.41666667
2009-12-31,EGX:MASR,1.31664768,1.38006528,1.30542816,1.3756752,105201634.37499997
2010-01-03,EGX:MASR,1.33177056,1.36591872,1.32689184,1.35128352,1049845.83333333
2010-01-04,EGX:MASR,1.36055232,1.38787104,1.35616224,1.37079648,4960535.41666667
2010-01-05,EGX:MASR,1.39079808,1.43323872,1.39030944,1.41323808,3485102.08333333
2010-01-06,EGX:MASR,1.41470112,1.45567872,1.41226176,1.43470176,6769503.125
2010-01-10,EGX:MASR,1.46738688,1.47324096,1.4351904,1.46055744,5143229.16666667
2010-01-11,EGX:MASR,1.44592224,1.46787456,1.43958048,1.4600688,4753007.29166667
2010-01-12,EGX:MASR,1.45177632,1.53080448,1.45177632,1.5064128,8272245.83333333
2010-01-13,EGX:MASR,1.50007104,1.54153632,1.4878752,1.5156816,8575503.125
2010-01-14,EGX:MASR,1.5171456,1.5342192,1.49275392,1.51812096,4878480.20833334
2010-01-17,EGX:MASR,1.51324224,1.54397568,1.50299808,1.52202336,5159326.04166667
2010-01-18,EGX:MASR,1.50690048,1.53568224,1.50690048,1.51763328,4826141.66666667
2010-01-19,EGX:MASR,1.54251264,1.5922704,1.52202336,1.56251328,13514767.70833333
2010-01-20,EGX:MASR,1.56153696,1.59519744,1.56153696,1.5830016,4830248.95833334
2010-01-21,EGX:MASR,1.57080672,1.63422432,1.56348864,1.610808,5789061.45833334
2010-01-24,EGX:MASR,1.56104928,1.60349088,1.51275456,1.55373216,5000712.5
2010-01-26,EGX:MASR,1.50836448,1.5512928,1.49275392,1.53860928,4970716.66666667
2010-01-27,EGX:MASR,1.55470752,1.5830016,1.543488,1.56397632,2340165.625
2010-01-28,EGX:MASR,1.58544096,1.60983264,1.57178208,1.59568512,3027556.25
2010-01-31,EGX:MASR,1.57226976,1.58592864,1.51275456,1.54446336,2907798.95833333
2010-02-01,EGX:MASR,1.53665856,1.55373216,1.53568224,1.54104864,886082.29166667
2010-02-02,EGX:MASR,1.56104928,1.5976368,1.56104928,1.5805632,1826066.66666667
2010-02-03,EGX:MASR,1.58641632,1.61958912,1.58105088,1.60885728,3703376.04166667
2010-02-04,EGX:MASR,1.60983264,1.62739392,1.59129504,1.60983264,5133119.79166667
2010-02-07,EGX:MASR,1.59129504,1.59470976,1.56104928,1.5844656,2063855.20833333
2010-02-08,EGX:MASR,1.58397792,1.60983264,1.58397792,1.58885568,4898775.0
2010-02-09,EGX:MASR,1.59031968,1.60251456,1.57861152,1.588368,1935240.625
2010-02-10,EGX:MASR,1.60836864,1.60885728,1.56885504,1.58348928,2143215.625
2010-02-11,EGX:MASR,1.58544096,1.60836864,1.57861152,1.58885568,1251343.75
2010-02-14,EGX:MASR,1.60983264,1.62202848,1.58592864,1.59568512,846130.20833333
2010-02-15,EGX:MASR,1.60251456,1.60251456,1.5805632,1.58788032,2646994.79166667
2010-02-16,EGX:MASR,1.60349088,1.61666208,1.57226976,1.60885728,3150812.5
2010-02-17,EGX:MASR,1.61714976,1.65373728,1.59568512,1.62495552,2478253.125
2010-02-18,EGX:MASR,1.62202848,1.62202848,1.56104928,1.5712944,2667037.5
2010-02-21,EGX:MASR,1.59470976,1.59519744,1.4878752,1.51616928,1937616.66666667
2010-02-22,EGX:MASR,1.51129152,1.5512928,1.49128992,1.52446272,1430258.33333333
2010-02-23,EGX:MASR,1.5156816,1.51860864,1.4166528,1.47421632,4975277.08333333
2010-02-24,EGX:MASR,1.46299584,1.5064128,1.4429952,1.47031392,1333272.91666667
2010-02-25,EGX:MASR,1.50543744,1.51275456,1.48299744,1.4893392,2502537.5
2010-02-28,EGX:MASR,1.50007104,1.51226688,1.452264,1.47567936,1860739.58333333
2010-03-01,EGX:MASR,1.48689984,1.48689984,1.45470336,1.48153344,1950402.08333333
2010-03-02,EGX:MASR,1.46348448,1.48055808,1.44738528,1.46494752,844177.08333333
2010-03-03,EGX:MASR,1.47519168,1.51470624,1.47275328,1.50153504,1714587.5
2010-03-04,EGX:MASR,1.53129216,1.53665856,1.46348448,1.50348576,4402230.20833333
2010-03-07,EGX:MASR,1.4878752,1.49763168,1.46348448,1.4786064,3670791.66666667
2010-03-08,EGX:MASR,1.47811872,1.48738752,1.43421408,1.452264,2453173.95833333
2010-03-09,EGX:MASR,1.45128864,1.45128864,1.38055296,1.4020176,5292479.16666667
2010-03-10,EGX:MASR,1.4337264,1.46348448,1.42104288,1.44348288,742815.625
2010-03-11,EGX:MASR,1.4615328,1.4615328,1.40494464,1.43226336,1843272.91666667
2010-03-14,EGX:MASR,1.407384,1.407384,1.34982048,1.36738176,1088591.66666667
2010-03-15,EGX:MASR,1.35372288,1.35372288,1.2434736,1.2751824,4805028.125
2010-03-16,EGX:MASR,1.25371776,1.3293312,1.25371776,1.30054944,1660663.54166667
2010-03-17,EGX:MASR,1.33128288,1.35128352,1.29664704,1.33030656,2590810.41666667
2010-03-18,EGX:MASR,1.31616,1.33372224,1.31274528,1.32250176,1700745.83333333
2010-03-21,EGX:MASR,1.38982176,1.38982176,1.32640416,1.3571376,1639738.54166667
2010-03-22,EGX:MASR,1.3439664,1.3756752,1.3307952,1.35762528,2469837.5
2010-03-23,EGX:MASR,1.3425024,1.44153216,1.3425024,1.41811584,4227575.0
2010-03-24,EGX:MASR,1.45811808,1.45811808,1.41031104,1.42006752,1644164.58333333
2010-03-25,EGX:MASR,1.407384,1.45128864,1.407384,1.4337264,593860.41666667
2010-03-28,EGX:MASR,1.43177568,1.50690048,1.43177568,1.48982688,4068989.58333333
2010-03-29,EGX:MASR,1.49470464,1.52153568,1.49470464,1.50885216,4471252.08333333
2010-03-30,EGX:MASR,1.50007104,1.53665856,1.474704,1.51373088,2492077.08333333
2010-03-31,EGX:MASR,1.53129216,1.61666208,1.51373088,1.59178272,13948566.66666667
2010-04-01,EGX:MASR,1.60983264,1.6439808,1.60739328,1.61861376,5979290.625
2010-04-06,EGX:MASR,1.62300384,1.65910272,1.61714976,1.6439808,8204700.0
2010-04-07,EGX:MASR,1.63910208,1.66739616,1.62641856,1.65276096,6903632.29166667
2010-04-08,EGX:MASR,1.65373728,1.6756896,1.63422432,1.6610544,7954911.45833333
2010-04-11,EGX:MASR,1.66544448,1.70788608,1.66544448,1.68983616,6446684.375
2010-04-12,EGX:MASR,1.69764192,1.69910496,1.63958976,1.6742256,4537375.0
2010-04-13,EGX:MASR,1.65617664,1.65861504,1.63422432,1.64544384,1314096.875
2010-04-14,EGX:MASR,1.6464192,1.70642208,1.6464192,1.69081152,4657810.41666667
2010-04-15,EGX:MASR,1.70008032,1.70495904,1.67325024,1.68300672,3363411.45833333
2010-04-18,EGX:MASR,1.69520256,1.69520256,1.6517856,1.67129856,3999160.41666667
2010-04-19,EGX:MASR,1.67081088,1.69178784,1.65129792,1.6756896,5700180.20833333
2010-04-20,EGX:MASR,1.70642208,1.74154656,1.69764192,1.72154496,7651936.45833334
2010-04-21,EGX:MASR,1.73959488,1.75862016,1.7098368,1.74057024,10228031.25
2010-04-22,EGX:MASR,1.72154496,1.7561808,1.71715488,1.73520384,4463381.25
2010-04-26,EGX:MASR,1.73178912,1.80398784,1.71861792,1.78057248,5651703.125
2010-04-27,EGX:MASR,1.80447552,1.80496416,1.74739968,1.77130368,3080738.54166667
2010-04-28,EGX:MASR,1.7322768,1.7561808,1.70300736,1.73325312,2372409.375
2010-04-29,EGX:MASR,1.73325312,1.74398496,1.71325152,1.7322768,3942180.20833333
2010-05-02,EGX:MASR,1.71276384,1.72203264,1.68788448,1.7073984,6007894.79166666
2010-05-03,EGX:MASR,1.68983616,1.74642432,1.68983616,1.73178912,1323267.70833333
2010-05-04,EGX:MASR,1.74886368,1.76349888,1.7073984,1.72008192,4235550.0
2010-05-05,EGX:MASR,1.7073984,1.74154656,1.6834944,1.71227616,4499986.45833333
2010-05-06,EGX:MASR,1.71959424,1.75130304,1.71959424,1.7337408,3980851.04166667
2010-05-09,EGX:MASR,1.65861504,1.69764192,1.634712,1.66056672,4546412.5
2010-05-10,EGX:MASR,1.66837152,1.72886208,1.66837152,1.70447136,2805197.91666667
2010-05-11,EGX:MASR,1.7073984,1.724472,1.6756896,1.69325088,1982710.41666667
2010-05-12,EGX:MASR,1.68300672,1.72203264,1.68300672,1.6981296,3449220.83333333
2010-05-13,EGX:MASR,1.7073984,1.71471552,1.66837152,1.68446976,3910459.375
2010-05-16,EGX:MASR,1.65861504,1.68251904,1.63910208,1.65959136,2490563.54166667
2010-05-17,EGX:MASR,1.65373728,1.65812736,1.59519744,1.63178496,3120376.04166667
2010-05-18,EGX:MASR,1.65959136,1.68056736,1.65373728,1.66300608,2586975.0
2010-05-19,EGX:MASR,1.63715136,1.65861504,1.60983264,1.62251616,6951785.41666667
2010-05-20,EGX:MASR,1.61422272,1.61422272,1.5488544,1.57275744,2085287.5
2010-05-23,EGX:MASR,1.55861088,1.5830016,1.51226688,1.5512928,639825.0
2010-05-24,EGX:MASR,1.58544096,1.60007616,1.45372704,1.56690336,4247871.875
2010-05-25,EGX:MASR,1.5698304,1.5698304,1.44884928,1.49275392,3096317.70833333
2010-05-26,EGX:MASR,1.49275392,1.53470688,1.49275392,1.51470624,1594017.70833333
2010-05-27,EGX:MASR,1.51226688,1.60836864,1.5078768,1.56544032,2317370.83333333
2010-05-30,EGX:MASR,1.60836864,1.612272,1.53909696,1.55909856,712856.25
2010-05-31,EGX:MASR,1.53665856,1.5790992,1.51421856,1.56836736,928389.58333333
2010-06-01,EGX:MASR,1.52738976,1.56104928,1.48836288,1.50982752,1278329.16666667
2010-06-02,EGX:MASR,1.5342192,1.56104928,1.49031456,1.54153632,471279.16666667
2010-06-03,EGX:MASR,1.53665856,1.5805632,1.53665856,1.56153696,2018560.41666667
2010-06-06,EGX:MASR,1.53665856,1.55373216,1.48836288,1.52836512,396335.41666667
2010-06-07,EGX:MASR,1.51226688,1.5327552,1.46884992,1.49958336,431971.875
2010-06-08,EGX:MASR,1.49372928,1.51373088,1.47909504,1.50885216,1322525.0
2010-06-09,EGX:MASR,1.51226688,1.57275744,1.51226688,1.5605616,2375528.125
2010-06-10,EGX:MASR,1.50543744,1.63422432,1.50543744,1.60739328,5950690.625
2010-06-13,EGX:MASR,1.5712944,1.67227488,1.56885504,1.6293456,1055025.0
2010-06-14,EGX:MASR,1.60105152,1.63422432,1.57568448,1.61032032,2262417.70833333
2010-06-15,EGX:MASR,1.60251456,1.60983264,1.5790992,1.59470976,379161.45833333
2010-06-16,EGX:MASR,1.58544096,1.60983264,1.58544096,1.60934496,3980532.29166667
2010-06-17,EGX:MASR,1.61032032,1.6147104,1.59666144,1.60788096,1143645.83333333
2010-06-20,EGX:MASR,1.60983264,1.61032032,1.58641632,1.60885728,17119500.0
2010-06-21,EGX:MASR,1.63373568,1.63422432,1.57422144,1.60592928,1538295.83333333
2010-06-22,EGX:MASR,1.55373216,1.57324512,1.53763392,1.55617152,245921.875
2010-06-23,EGX:MASR,1.53714624,1.5830016,1.53665856,1.56153696,971586.45833333
2010-06-24,EGX:MASR,1.55617152,1.5805632,1.55519616,1.564464,247465.625
2010-06-27,EGX:MASR,1.57226976,1.57226976,1.53665856,1.543488,123239.58333333
2010-06-28,EGX:MASR,1.53226752,1.53665856,1.519584,1.53470688,793246.875
2010-06-29,EGX:MASR,1.51226688,1.53373152,1.46348448,1.4932416,590793.75
2010-06-30,EGX:MASR,1.51275456,1.53226752,1.46348448,1.49763168,2261176.04166667
2010-07-04,EGX:MASR,1.41957984,1.4668992,1.39518816,1.42299456,1337761.45833333
2010-07-05,EGX:MASR,1.41470112,1.41470112,1.36591872,1.38835872,1312377.08333333
2010-07-06,EGX:MASR,1.41470112,1.42640928,1.39128576,1.41567648,918192.70833333
2010-07-07,EGX:MASR,1.40494464,1.41177408,1.36982112,1.39372512,564789.58333333
2010-07-08,EGX:MASR,1.40543232,1.41372576,1.38055296,1.40006688,83683774.99999997
2010-07-11,EGX:MASR,1.46104512,1.47275328,1.41957984,1.45323936,2167257.29166667
2010-07-12,EGX:MASR,1.46299584,1.46348448,1.40787168,1.43323872,776746.875
2010-07-13,EGX:MASR,1.4390928,1.4390928,1.41567648,1.42153056,830210.41666667
2010-07-14,EGX:MASR,1.45372704,1.4878752,1.42201824,1.4561664,3346093.75
2010-07-15,EGX:MASR,1.42933632,1.4878752,1.42933632,1.46202048,1018998.95833333
2010-07-18,EGX:MASR,1.4390928,1.46348448,1.43421408,1.45372704,896934.375
2010-07-19,EGX:MASR,1.46348448,1.46348448,1.45128864,1.45567872,566735.41666667
2010-07-20,EGX:MASR,1.46348448,1.46348448,1.41714048,1.43567808,870390.625
2010-07-21,EGX:MASR,1.41957984,1.47519168,1.41957984,1.4576304,786864.58333333
2010-07-22,EGX:MASR,1.45811808,1.46348448,1.43226336,1.45323936,138796.875
2010-07-25,EGX:MASR,1.47567936,1.50738816,1.46348448,1.49519328,859828.125
2010-07-26,EGX:MASR,1.50202272,1.51226688,1.48299744,1.49470464,768960.41666667
2010-07-27,EGX:MASR,1.50982752,1.5117792,1.476168,1.4893392,794146.875
2010-07-28,EGX:MASR,1.50690048,1.52202336,1.47909504,1.49519328,722430.20833333
2010-07-29,EGX:MASR,1.50690048,1.54153632,1.50007104,1.52299872,1897391.66666667
2010-08-01,EGX:MASR,1.52982912,1.52982912,1.49031456,1.51665696,807281.25
2010-08-02,EGX:MASR,1.498608,1.50933984,1.4878752,1.49519328,326847.91666667
2010-08-03,EGX:MASR,1.53226752,1.53226752,1.47567936,1.4893392,259659.375
2010-08-04,EGX:MASR,1.47128928,1.4878752,1.46592288,1.47763104,240586.45833333
2010-08-05,EGX:MASR,1.50494976,1.50933984,1.4708016,1.48202112,390443.75
2010-08-08,EGX:MASR,1.5025104,1.5025104,1.46348448,1.47763104,1207639.58333333
2010-08-09,EGX:MASR,1.49519328,1.49958336,1.4878752,1.48885152,1167882.29166667
2010-08-10,EGX:MASR,1.48885152,1.50690048,1.4878752,1.48885152,674347.91666667
2010-08-12,EGX:MASR,1.47519168,1.4878752,1.47324096,1.47665568,543267.70833333
2010-08-15,EGX:MASR,1.4854368,1.4854368,1.45470336,1.45860576,1054272.91666667
2010-08-16,EGX:MASR,1.45470336,1.47811872,1.45372704,1.46299584,277748.95833333
2010-08-17,EGX:MASR,1.45372704,1.49275392,1.44640992,1.47909504,648834.375
2010-08-18,EGX:MASR,1.4708016,1.47567936,1.45421568,1.46445984,800113.54166667
2010-08-19,EGX:MASR,1.46348448,1.46348448,1.45665408,1.45909344,685502.08333333
2010-08-22,EGX:MASR,1.45372704,1.48494816,1.42738464,1.4483616,208300.0
2010-08-23,EGX:MASR,1.46299584,1.46348448,1.44738528,1.45519104,1078048.95833333
2010-08-24,EGX:MASR,1.44348288,1.46299584,1.43665344,1.44250752,603091.66666667
2010-08-25,EGX:MASR,1.4390928,1.4390928,1.3981152,1.41226176,11236396.875
2010-08-26,EGX:MASR,1.41470112,1.42689696,1.39713984,1.41470112,916929.16666667
2010-08-29,EGX:MASR,1.41470112,1.41470112,1.40494464,1.41421344,931606.25
2010-08-30,EGX:MASR,1.41470112,1.41470112,1.39518816,1.40299296,273484.375
2010-08-31,EGX:MASR,1.3942128,1.40982336,1.3927488,1.39616352,896003.125
2010-09-01,EGX:MASR,1.42836096,1.42836096,1.40006688,1.41421344,402398.95833333
2010-09-02,EGX:MASR,1.41957984,1.43421408,1.41470112,1.41714048,3868013.54166667
2010-09-05,EGX:MASR,1.43811744,1.4429952,1.42396992,1.43714112,2097510.41666667
2010-09-06,EGX:MASR,1.44348288,1.45811808,1.40592,1.4259216,977918.75
2010-09-07,EGX:MASR,1.40494464,1.4337264,1.40494464,1.4151888,1237945.83333333
2010-09-08,EGX:MASR,1.41470112,1.43275104,1.41470112,1.4166528,79383243.75000003
2010-09-14,EGX:MASR,1.39616352,1.41470112,1.39030944,1.39470048,6590508.33333333
2010-09-15,EGX:MASR,1.41860352,1.4376288,1.41470112,1.41762816,1578980.20833333
2010-09-16,EGX:MASR,1.42689696,1.43421408,1.4151888,1.42104288,327460.41666667
2010-09-19,EGX:MASR,1.42933632,1.46348448,1.42153056,1.44787392,1499709.375
2010-09-20,EGX:MASR,1.4390928,1.46348448,1.4390928,1.45909344,2401515.625
2010-09-21,EGX:MASR,1.45128864,1.53665856,1.45128864,1.50885216,4838137.5
2010-09-22,EGX:MASR,1.5010464,1.53909696,1.49958336,1.5264144,1810408.33333333
2010-09-23,EGX:MASR,1.51226688,1.53665856,1.51226688,1.52446272,684602.08333333
2010-09-26,EGX:MASR,1.53617088,1.56836736,1.53617088,1.55178048,1369330.20833333
2010-09-27,EGX:MASR,1.54495104,1.5605616,1.51909632,1.5381216,975748.95833333
2010-09-28,EGX:MASR,1.55080512,1.565928,1.52007168,1.54104864,3342912.5
2010-09-29,EGX:MASR,1.55909856,1.55909856,1.51226688,1.52543808,1262969.79166667
2010-09-30,EGX:MASR,1.5171456,1.51812096,1.5010464,1.51129152,1100810.41666667
2010-10-03,EGX:MASR,1.51226688,1.53324384,1.51226688,1.5264144,425757.29166667
2010-10-04,EGX:MASR,1.52738976,1.53665856,1.5171456,1.52934048,2167381.25
2010-10-05,EGX:MASR,1.53665856,1.53665856,1.50007104,1.51324224,2177850.0
2010-10-07,EGX:MASR,1.53665856,1.53665856,1.5025104,1.52446272,441645.83333333
2010-10-10,EGX:MASR,1.5342192,1.56104928,1.52007168,1.543488,1539476.04166667
2010-10-11,EGX:MASR,1.52690208,1.54104864,1.5025104,1.5156816,819550.0
2010-10-12,EGX:MASR,1.51275456,1.519584,1.50738816,1.51275456,673039.58333333
2010-10-13,EGX:MASR,1.519584,1.5581232,1.519584,1.5342192,861565.625
2010-10-14,EGX:MASR,1.5512928,1.5512928,1.50738816,1.5171456,506582.29166667
2010-10-17,EGX:MASR,1.51226688,1.52397504,1.498608,1.50446208,135538.54166667
2010-10-18,EGX:MASR,1.50446208,1.519584,1.49275392,1.5025104,999971.875
2010-10-19,EGX:MASR,1.49568096,1.50494976,1.48153344,1.4932416,758395.83333333
2010-10-20,EGX:MASR,1.49031456,1.49031456,1.4708016,1.48055808,429588.54166667
2010-10-21,EGX:MASR,1.50933984,1.50933984,1.47811872,1.4878752,322916.66666667
2010-10-24,EGX:MASR,1.48153344,1.48153344,1.43079936,1.45567872,2129550.0
2010-10-25,EGX:MASR,1.42933632,1.46348448,1.41567648,1.44738528,629516.66666667
2010-10-26,EGX:MASR,1.44397056,1.46348448,1.43958048,1.45275168,815566.66666667
2010-10-27,EGX:MASR,1.4468976,1.4468976,1.43177568,1.43958048,1547576.04166667
2010-10-28,EGX:MASR,1.43958048,1.47567936,1.43421408,1.46250816,1206196.875
2010-10-31,EGX:MASR,1.46348448,1.46641056,1.44397056,1.45031232,1033605.20833333
2010-11-01,EGX:MASR,1.44884928,1.46104512,1.44397056,1.45031232,191457.29166667
2010-11-02,EGX:MASR,1.4561664,1.46202048,1.45372704,1.45860576,75778.125
2010-11-03,EGX:MASR,1.46299584,1.47275328,1.45372704,1.46250816,313696.875
2010-11-04,EGX:MASR,1.47324096,1.49763168,1.46397216,1.48836288,2391664.58333333
2010-11-07,EGX:MASR,1.46494752,1.49763168,1.46494752,1.4878752,245067.70833333
2010-11-08,EGX:MASR,1.49519328,1.52348736,1.4878752,1.50494976,1471715.625
2010-11-09,EGX:MASR,1.48299744,1.51080288,1.46982624,1.49031456,614260.41666667
2010-11-10,EGX:MASR,1.49763168,1.51470624,1.48836288,1.50299808,1426667.70833333
2010-11-11,EGX:MASR,1.51080288,1.51226688,1.48055808,1.48982688,439954.16666667
2010-11-14,EGX:MASR,1.50007104,1.55080512,1.4893392,1.51519392,3246740.625
2010-11-18,EGX:MASR,1.52543808,1.53665856,1.50494976,1.52348736,1103089.58333333
2010-11-21,EGX:MASR,1.51275456,1.53617088,1.5025104,1.5156816,1326828.125
2010-11-22,EGX:MASR,1.51519392,1.52202336,1.51324224,1.51616928,545585.41666667
2010-11-23,EGX:MASR,1.49568096,1.51226688,1.49519328,1.50592512,850443.75
2010-11-24,EGX:MASR,1.50055872,1.51226688,1.49275392,1.50153504,597766.66666667
2010-11-25,EGX:MASR,1.49665632,1.51226688,1.49665632,1.51080288,867044.79166667
2010-11-28,EGX:MASR,1.49763168,1.52446272,1.49519328,1.50494976,180801.04166667
2010-11-29,EGX:MASR,1.5171456,1.53177984,1.49519328,1.5156816,1910260.41666667
2010-11-30,EGX:MASR,1.49568096,1.51226688,1.49372928,1.51129152,1946473.95833333
2010-12-01,EGX:MASR,1.50738816,1.51226688,1.49763168,1.50738816,216206.25
2010-12-02,EGX:MASR,1.49616864,1.50982752,1.4932416,1.49421696,125665.625
2010-12-05,EGX:MASR,1.50543744,1.51226688,1.48982688,1.50397344,525383.33333333
2010-12-06,EGX:MASR,1.50933984,1.5249504,1.48885152,1.51080288,1794006.25
2010-12-08,EGX:MASR,1.51226688,1.51226688,1.49763168,1.50885216,1048418.75
2010-12-09,EGX:MASR,1.52202336,1.56104928,1.50738816,1.53519456,2943370.83333333
2010-12-12,EGX:MASR,1.56104928,1.57031808,1.52934048,1.5512928,2475203.125
2010-12-13,EGX:MASR,1.52251104,1.56104928,1.52251104,1.55763456,2403236.45833333
2010-12-14,EGX:MASR,1.55470752,1.55470752,1.52446272,1.53373152,857068.75
2010-12-15,EGX:MASR,1.51763328,1.52202336,1.50885216,1.51373088,1579065.625
2010-12-16,EGX:MASR,1.53568224,1.5488544,1.46445984,1.5103152,9656950.0
2010-12-19,EGX:MASR,1.47567936,1.48055808,1.46348448,1.47421632,619087.5
2010-12-20,EGX:MASR,1.49763168,1.57324512,1.49275392,1.54787808,4725564.58333333
2010-12-21,EGX:MASR,1.52934048,1.565928,1.51763328,1.55421984,4943782.29166667
2010-12-22,EGX:MASR,1.54641504,1.5830016,1.53226752,1.564464,3161700.0
2010-12-23,EGX:MASR,1.58495328,1.61812512,1.58348928,1.60251456,10300861.45833333
2010-12-26,EGX:MASR,1.60934496,1.612272,1.5805632,1.59958848,1580272.91666667
2010-12-27,EGX:MASR,1.57617216,1.59422208,1.5712944,1.5830016,2312730.20833333
2010-12-28,EGX:MASR,1.57812384,1.6069056,1.56153696,1.58348928,3319238.54166667
2010-12-29,EGX:MASR,1.58544096,1.60251456,1.56641568,1.57958688,991015.625
2010-12-30,EGX:MASR,1.5830016,1.58544096,1.53177984,1.55178048,4067789.58333333
2011-01-02,EGX:MASR,1.5605616,1.60983264,1.5605616,1.6015392,3133585.41666667
2011-01-03,EGX:MASR,1.58544096,1.60934496,1.57568448,1.5922704,2280954.16666667
2011-01-04,EGX:MASR,1.60007616,1.62251616,1.59568512,1.61129568,2302055.20833333
2011-01-05,EGX:MASR,1.60202688,1.60983264,1.57568448,1.59422208,719105.20833333
2011-01-06,EGX:MASR,1.60739328,1.60836864,1.58397792,1.588368,560045.83333333
2011-01-10,EGX:MASR,1.60007616,1.61032032,1.5805632,1.59666144,738588.54166667
2011-01-11,EGX:MASR,1.57714848,1.5830016,1.56495264,1.5712944,1531935.41666667
2011-01-12,EGX:MASR,1.57958688,1.57958688,1.56153696,1.56787968,1031703.125
2011-01-13,EGX:MASR,1.5844656,1.60983264,1.57275744,1.5937344,1846252.08333333
2011-01-16,EGX:MASR,1.58690496,1.58690496,1.5620256,1.57226976,594062.5
2011-01-17,EGX:MASR,1.56641568,1.58495328,1.46397216,1.54007328,4349743.75
2011-01-18,EGX:MASR,1.53177984,1.53909696,1.46397216,1.48592448,1605075.0
2011-01-19,EGX:MASR,1.46348448,1.50738816,1.46348448,1.48689984,1141233.33333333
2011-01-20,EGX:MASR,1.4932416,1.4932416,1.4654352,1.47714336,776433.33333333
2011-01-23,EGX:MASR,1.4708016,1.4854368,1.44640992,1.46348448,141881.25
2011-01-24,EGX:MASR,1.47811872,1.4878752,1.46348448,1.4668992,1236350.0
2011-01-26,EGX:MASR,1.44397056,1.44397056,1.30396416,1.35762528,1947096.875
2011-01-27,EGX:MASR,1.25615712,1.26347424,1.04883072,1.1615184,1692806.25
2011-03-23,EGX:MASR,1.04541504,1.04590368,1.04541504,1.04541504,1438718.75
2011-03-24,EGX:MASR,0.94101984,1.06297728,0.94101984,0.98248512,4706917.70833333
2011-03-27,EGX:MASR,1.07761248,1.08053952,1.0400496,1.06541664,2939777.08333334
2011-03-28,EGX:MASR,1.07322144,1.14639552,1.02590208,1.07810016,1905668.75
2011-03-29,EGX:MASR,1.12151616,1.14395712,1.10395488,1.12298016,1027328.125
2011-03-30,EGX:MASR,1.11224832,1.11224832,1.04541504,1.07712384,957598.95833333
2011-03-31,EGX:MASR,1.07273376,1.11810144,1.07224608,1.07810016,5348672.91666667
2011-04-03,EGX:MASR,1.1220048,1.14395712,1.1073696,1.1312736,898195.83333333
2011-04-04,EGX:MASR,1.1220048,1.14493248,1.11566304,1.1259072,796837.5
2011-04-05,EGX:MASR,1.1220048,1.21469184,1.1220048,1.17908064,1949160.41666667
2011-04-06,EGX:MASR,1.18298304,1.24396128,1.1707872,1.21615488,3395300.0
2011-04-07,EGX:MASR,1.17176256,1.23908352,1.1707872,1.21517952,743784.375
2011-04-10,EGX:MASR,1.18298304,1.21078944,1.1707872,1.19078784,667592.70833333
2011-04-11,EGX:MASR,1.19517888,1.19566656,1.14688416,1.17371424,663557.29166667
2011-04-12,EGX:MASR,1.1707872,1.19517888,1.15420128,1.17664128,3508569.79166667
2011-04-13,EGX:MASR,1.21420416,1.21859424,1.1707872,1.18200768,1171048.95833333
2011-04-14,EGX:MASR,1.1722512,1.17566592,1.15176192,1.1707872,729075.0
2011-04-17,EGX:MASR,1.13956608,1.18298304,1.13956608,1.16883552,1303788.54166667
2011-04-18,EGX:MASR,1.15176192,1.15176192,1.10980896,1.12346784,3506397.91666667
2011-04-19,EGX:MASR,1.16493312,1.16981184,1.12737024,1.15078656,182140.625
2011-04-20,EGX:MASR,1.12737024,1.14639552,1.11712608,1.12639488,426003.125
2011-04-21,EGX:MASR,1.157616,1.157616,1.11810144,1.13078496,836355.20833333
2011-04-26,EGX:MASR,1.12298016,1.1312736,1.11712608,1.12151616,223057.29166667
2011-04-27,EGX:MASR,1.1220048,1.1220048,1.07322144,1.08980736,607426.04166667
2011-04-28,EGX:MASR,1.07322144,1.14103008,1.07322144,1.11712608,323278.125
2011-05-02,EGX:MASR,1.08834432,1.14395712,1.08834432,1.12785888,233947.91666667
2011-05-03,EGX:MASR,1.14395712,1.156152,1.13663904,1.14639552,565200.0
2011-05-04,EGX:MASR,1.17029952,1.17029952,1.1220048,1.14346848,1273890.625
2011-05-05,EGX:MASR,1.13712672,1.17042144,1.10178432,1.11919968,495191.66666667
2011-05-08,EGX:MASR,1.06285536,1.14224928,1.06285536,1.07463648,340957.29166667
2011-05-09,EGX:MASR,1.11612576,1.11612576,1.07719776,1.08692928,121069.79166667
2011-05-10,EGX:MASR,1.08846624,1.10127168,1.0756608,1.08897888,3156345.83333333
2011-05-11,EGX:MASR,1.06387968,1.08897888,1.02700032,1.08744192,3995781.25
2011-05-12,EGX:MASR,1.027512,1.10127168,1.027512,1.08590496,827371.875
2011-05-15,EGX:MASR,1.07617248,1.12688256,1.07617248,1.11407712,474659.375
2011-05-16,EGX:MASR,1.09461312,1.12176096,1.09461312,1.1130528,70958.33333333
2011-05-17,EGX:MASR,1.1130528,1.13815104,1.1130528,1.12637088,1394392.70833333
2011-05-18,EGX:MASR,1.12585824,1.16786016,1.12585824,1.14429792,1676952.08333333
2011-05-19,EGX:MASR,1.15249344,1.15505472,1.15249344,1.15351776,438119.79166667
2011-05-22,EGX:MASR,1.15249344,1.157616,1.14429792,1.15300608,216776.04166667
2011-05-23,EGX:MASR,1.15095648,1.15249344,1.12688256,1.12995552,523479.16666667
2011-05-24,EGX:MASR,1.12995552,1.13200512,1.12176096,1.12688256,832782.29166667
2011-05-25,EGX:MASR,1.12688256,1.12944384,1.12176096,1.12637088,149250.0
2011-05-26,EGX:MASR,1.13200512,1.15249344,1.12688256,1.13405376,228388.54166667
2011-05-29,EGX:MASR,1.15249344,1.22420448,1.15249344,1.18834944,1967706.25
2011-05-30,EGX:MASR,1.17810432,1.18681248,1.16325024,1.17605568,509506.25
2011-05-31,EGX:MASR,1.14583488,1.16529888,1.14583488,1.15505472,590595.83333333
2011-06-01,EGX:MASR,1.15812768,1.17810432,1.15249344,1.16017728,527087.5
2011-06-02,EGX:MASR,1.14737184,1.17298272,1.14276096,1.15249344,6223457.29166667
2011-06-05,EGX:MASR,1.17503136,1.17810432,1.15249344,1.15454304,2002591.66666667
2011-06-06,EGX:MASR,1.139688,1.175544,1.1273952,1.15351776,223636.45833333
2011-06-07,EGX:MASR,1.1699088,1.17298272,1.15249344,1.1663232,6749239.58333333
2011-06-08,EGX:MASR,1.17093312,1.17298272,1.1504448,1.15710336,698798.95833333
2011-06-09,EGX:MASR,1.1734944,1.17400704,1.1504448,1.16888448,4393200.0
2011-06-12,EGX:MASR,1.14224928,1.16734848,1.14224928,1.14993216,243790.625
2011-06-13,EGX:MASR,1.14839616,1.17810432,1.14788352,1.17144576,1495509.375
2011-06-14,EGX:MASR,1.17503136,1.175544,1.15607904,1.1612016,1689885.41666667
2011-06-15,EGX:MASR,1.16786016,1.16786016,1.15249344,1.15300608,1476798.95833333
2011-06-16,EGX:MASR,1.15249344,1.15351776,1.13302944,1.14737184,4366591.66666667
2011-06-19,EGX:MASR,1.14071232,1.212936,1.14071232,1.18373952,4367994.79166667
2011-06-20,EGX:MASR,1.18886112,1.18886112,1.16581152,1.17708,2300746.875
2011-06-21,EGX:MASR,1.17042144,1.17298272,1.15300608,1.159152,190223.95833333
2011-06-22,EGX:MASR,1.15249344,1.17298272,1.15249344,1.15556736,913580.20833333
2011-06-23,EGX:MASR,1.15300608,1.17144576,1.14942048,1.15300608,804786.45833333
2011-06-26,EGX:MASR,1.14788352,1.16581152,1.14020064,1.15198176,2228179.16666667
2011-06-27,EGX:MASR,1.15249344,1.15249344,1.12688256,1.13149248,961930.20833333
2011-06-28,EGX:MASR,1.11407712,1.14481056,1.11407712,1.1273952,408011.45833333
2011-06-29,EGX:MASR,1.11458976,1.12688256,1.03007328,1.08744192,922881.25
2011-06-30,EGX:MASR,1.0505616,1.10639424,1.0382688,1.064904,752953.125
2011-07-03,EGX:MASR,1.08590496,1.1253456,1.08590496,1.1058816,272556.25
2011-07-04,EGX:MASR,1.08846624,1.09461312,1.06029408,1.07770944,263727.08333333
2011-07-05,EGX:MASR,1.06183104,1.08539328,1.05004992,1.07719776,167517.70833333
2011-07-06,EGX:MASR,1.08846624,1.08846624,1.0346832,1.04748864,100576.04166667
2011-07-07,EGX:MASR,1.02546336,1.05004992,1.02443904,1.04083008,1227117.70833333
2011-07-10,EGX:MASR,1.07975808,1.07975808,0.98858304,1.00855968,654669.79166667
2011-07-11,EGX:MASR,0.97475328,0.97475328,0.95785056,0.96399648,783783.33333333
2011-07-12,EGX:MASR,0.92199456,0.95785056,0.92199456,0.92916576,1401621.875
2011-07-13,EGX:MASR,0.93582528,0.9829488,0.93582528,0.970656,198119.79166667
2011-07-14,EGX:MASR,0.96297216,0.99268128,0.9598992,0.97680192,813822.91666667
2011-07-17,EGX:MASR,1.00907232,1.01009664,0.9937056,1.00497408,674744.79166667
2011-07-18,EGX:MASR,0.99626688,1.0188048,0.9757776,0.99575424,483416.66666667
2011-07-19,EGX:MASR,0.97372896,0.97680192,0.96297216,0.97372896,469755.20833333
2011-07-20,EGX:MASR,0.96911904,0.99268128,0.95324064,0.96194784,164745.83333333
2011-07-21,EGX:MASR,0.95887488,0.9829488,0.94760544,0.96246048,401189.58333333
2011-07-25,EGX:MASR,0.95016672,0.97321728,0.95016672,0.96809472,173320.83333333
2011-07-26,EGX:MASR,0.97270464,0.97321728,0.94965504,0.95938656,230325.0
2011-07-27,EGX:MASR,0.96809472,0.972192,0.95580096,0.96809472,60086.45833333
2011-07-28,EGX:MASR,0.96809472,0.97014336,0.95119104,0.96553344,58529.16666667
2011-07-31,EGX:MASR,0.96809472,0.97321728,0.94811808,0.96911904,540381.25
2011-08-01,EGX:MASR,0.98909568,0.98909568,0.97270464,0.97321728,21527.08333333
2011-08-02,EGX:MASR,0.95016672,0.970656,0.93223968,0.94760544,670232.29166667
2011-08-03,EGX:MASR,0.94760544,0.94760544,0.92660448,0.93275136,464733.33333333
2011-08-04,EGX:MASR,0.9563136,0.95785056,0.93172704,0.94350816,505341.66666667
2011-08-07,EGX:MASR,0.92353152,0.92353152,0.8707728,0.8887008,437165.625
2011-08-08,EGX:MASR,0.8743584,0.8743584,0.82569792,0.84362496,296641.66666667
2011-08-09,EGX:MASR,0.8190384,0.8297952,0.80879424,0.81955104,1605744.79166667
2011-08-10,EGX:MASR,0.88972512,0.88972512,0.81955104,0.84721056,2831962.5
2011-08-11,EGX:MASR,0.82723392,0.84003936,0.81955104,0.8246736,577301.04166667
2011-08-14,EGX:MASR,0.83491776,0.83491776,0.81186816,0.821088,419864.58333333
2011-08-15,EGX:MASR,0.82211232,0.82211232,0.81186816,0.81852672,223569.79166667
2011-08-16,EGX:MASR,0.81186816,0.81955104,0.81186816,0.81698976,328001.04166667
2011-08-17,EGX:MASR,0.80930688,0.81955104,0.77396352,0.80879424,339147.91666667
2011-08-18,EGX:MASR,0.8139168,0.81442848,0.81237984,0.81442848,318090.625
2011-08-21,EGX:MASR,0.77396352,0.79394016,0.76320672,0.77857344,289363.54166667
2011-08-22,EGX:MASR,0.78420768,0.7908672,0.77857344,0.78574464,554813.54166667
2011-08-23,EGX:MASR,0.79394016,0.80162304,0.79394016,0.79547712,361122.91666667
2011-08-24,EGX:MASR,0.80059872,0.80111136,0.79394016,0.79701312,231946.875
2011-08-25,EGX:MASR,0.80930688,0.81955104,0.79547712,0.8067456,172533.33333333
2011-08-28,EGX:MASR,0.7801104,0.80316,0.7801104,0.80059872,33613.54166667
2011-08-29,EGX:MASR,0.79906272,0.79906272,0.76986528,0.77908608,63755.20833333
2011-09-04,EGX:MASR,0.79394016,0.81698976,0.79342752,0.80623296,106393.75
2011-09-05,EGX:MASR,0.80623296,0.80930688,0.7816464,0.79906272,1181070.83333333
2011-09-06,EGX:MASR,0.79394016,0.80930688,0.7888176,0.79906272,448925.0
2011-09-07,EGX:MASR,0.80367264,0.80879424,0.783696,0.79803744,293901.04166667
2011-09-08,EGX:MASR,0.80162304,0.8139168,0.7959888,0.80264736,133259.375
2011-09-12,EGX:MASR,0.78472032,0.78472032,0.77345088,0.77857344,484232.29166667
2011-09-13,EGX:MASR,0.77345088,0.77345088,0.75296256,0.75808512,712578.125
2011-09-14,EGX:MASR,0.74579136,0.76679232,0.7427184,0.74476704,469210.41666667
2011-09-15,EGX:MASR,0.73093728,0.7427184,0.72632736,0.73810848,976276.04166667
2011-09-18,EGX:MASR,0.72018048,0.75808512,0.72018048,0.73247328,169156.25
2011-09-19,EGX:MASR,0.73759584,0.7427184,0.72735168,0.73759584,702751.04166667
2011-09-20,EGX:MASR,0.7247904,0.73759584,0.71915616,0.72427776,594419.79166667
2011-09-21,EGX:MASR,0.7176192,0.7176192,0.71454624,0.71608224,195806.25
2011-09-22,EGX:MASR,0.70737504,0.710448,0.68637408,0.69508128,541596.875
2011-09-25,EGX:MASR,0.68534976,0.69661824,0.63873792,0.67561728,244033.33333333
2011-09-26,EGX:MASR,0.65564064,0.6658848,0.64949376,0.66537312,810756.25
2011-09-27,EGX:MASR,0.6571776,0.6571776,0.61005312,0.6305424,243889.58333333
2011-09-28,EGX:MASR,0.61466304,0.61722432,0.57675936,0.58802784,1329906.25
2011-09-29,EGX:MASR,0.60851712,0.61466304,0.57112416,0.58444224,1644869.79166667
2011-10-02,EGX:MASR,0.60646752,0.6428352,0.59161344,0.62234688,997494.79166667
2011-10-03,EGX:MASR,0.61722432,0.62746848,0.59776032,0.61005312,532789.58333333
2011-10-04,EGX:MASR,0.5895648,0.6003216,0.5752224,0.58290528,377921.875
2011-10-05,EGX:MASR,0.58393056,0.596736,0.58393056,0.5859792,369944.79166667
2011-10-09,EGX:MASR,0.58649088,0.60390624,0.58546656,0.58802784,443283.33333333
2011-10-10,EGX:MASR,0.5716368,0.59417472,0.54551328,0.58341792,2592387.5
2011-10-11,EGX:MASR,0.59417472,0.6090288,0.58905216,0.59417472,1144595.83333333
2011-10-12,EGX:MASR,0.60800448,0.61927296,0.59724768,0.6090288,1802354.16666667
2011-10-13,EGX:MASR,0.60954144,0.63105408,0.60954144,0.61568736,3296968.75
2011-10-16,EGX:MASR,0.62798112,0.64027392,0.61466304,0.6284928,761360.41666667
2011-10-17,EGX:MASR,0.6197856,0.6607632,0.6197856,0.6392496,9269139.58333333
2011-10-18,EGX:MASR,0.64027392,0.68995968,0.64027392,0.64898208,4309319.79166667
2011-10-19,EGX:MASR,0.68073984,0.69149664,0.66230016,0.68176416,2807626.04166667
2011-10-20,EGX:MASR,0.6658848,0.68483712,0.66281184,0.67408032,1396896.875
2011-10-23,EGX:MASR,0.673056,0.69405696,0.673056,0.68586144,1131051.04166667
2011-10-24,EGX:MASR,0.67612992,0.67817856,0.66230016,0.66895872,2045504.16666667
2011-10-25,EGX:MASR,0.6658848,0.6658848,0.6607632,0.66230016,209696.875
2011-10-26,EGX:MASR,0.64795776,0.6694704,0.64027392,0.653592,243146.875
2011-10-27,EGX:MASR,0.66639744,0.67408032,0.6658848,0.66895872,504289.58333333
2011-10-30,EGX:MASR,0.67817856,0.67869024,0.6658848,0.67152,337741.66666667
2011-10-31,EGX:MASR,0.6658848,0.66895872,0.6658848,0.6658848,581493.75
2011-11-01,EGX:MASR,0.653592,0.653592,0.653592,0.653592,19494.79166667
2011-11-02,EGX:MASR,0.66537312,0.67100736,0.65666496,0.66486048,203493.75
2011-11-03,EGX:MASR,0.65410464,0.68125152,0.65051904,0.6643488,252876.04166667
2011-11-09,EGX:MASR,0.6607632,0.6802272,0.6607632,0.67203168,294775.0
2011-11-10,EGX:MASR,0.67100736,0.67356864,0.66127488,0.6679344,233996.875
2011-11-13,EGX:MASR,0.65666496,0.65666496,0.6284928,0.6392496,118431.25
2011-11-14,EGX:MASR,0.62593248,0.63156672,0.59058912,0.61107744,581777.08333333
2011-11-15,EGX:MASR,0.62644416,0.62644416,0.5946864,0.60493152,140554.16666667
2011-11-16,EGX:MASR,0.61466304,0.61517568,0.59980896,0.61363872,314273.95833333
2011-11-17,EGX:MASR,0.59980896,0.62746848,0.59980896,0.62388288,46995.83333333
2011-11-20,EGX:MASR,0.60441888,0.61363872,0.57624672,0.5895648,295638.54166667
2011-11-21,EGX:MASR,0.57368544,0.57419808,0.55063584,0.56497824,855460.41666667
2011-11-22,EGX:MASR,0.5306592,0.5450016,0.51734112,0.52143936,1202915.625
2011-11-23,EGX:MASR,0.48814464,0.56395392,0.48814464,0.55780704,1030638.54166667
2011-11-24,EGX:MASR,0.54909888,0.61107744,0.54909888,0.59417472,1123051.04166667
2011-11-29,EGX:MASR,0.61312704,0.653592,0.61056576,0.63361536,1501251.04166667
2011-11-30,EGX:MASR,0.63720096,0.65307936,0.62388288,0.6284928,776400.0
2011-12-01,EGX:MASR,0.63976224,0.66844608,0.62951808,0.65205504,488484.375
2011-12-04,EGX:MASR,0.65051904,0.65051904,0.63002976,0.64129824,83653.125
2011-12-05,EGX:MASR,0.64795776,0.64795776,0.62388288,0.62746848,196640.625
2011-12-06,EGX:MASR,0.64488384,0.65410464,0.63617664,0.63822528,937952.08333333
2011-12-07,EGX:MASR,0.63156672,0.63156672,0.61722432,0.62388288,211857.29166667
2011-12-08,EGX:MASR,0.6233712,0.63515232,0.62285856,0.62644416,62628.125
2011-12-11,EGX:MASR,0.6197856,0.6197856,0.61466304,0.61773696,75551.04166667
2011-12-12,EGX:MASR,0.61466304,0.61466304,0.60441888,0.60646752,150246.875
2011-12-13,EGX:MASR,0.61466304,0.634128,0.61466304,0.6284928,376207.29166667
2011-12-14,EGX:MASR,0.62746848,0.62798112,0.61005312,0.61568736,492648.95833333
2011-12-15,EGX:MASR,0.61415136,0.62746848,0.61363872,0.61568736,1274528.125
2011-12-18,EGX:MASR,0.59519904,0.60954144,0.57214944,0.6003216,205200.0
2011-12-19,EGX:MASR,0.62439552,0.6249072,0.59417472,0.60954144,112940.625
2011-12-20,EGX:MASR,0.59519904,0.59519904,0.57368544,0.58136928,262792.70833333
2011-12-21,EGX:MASR,0.57624672,0.57675936,0.56344128,0.57061248,533711.45833333
2011-12-22,EGX:MASR,0.559344,0.578808,0.53936736,0.55473408,528661.45833333
2011-12-25,EGX:MASR,0.58393056,0.58393056,0.56344128,0.56651424,115132.29166667
2011-12-26,EGX:MASR,0.55883136,0.56344128,0.54807456,0.55473408,99852.08333333
2011-12-27,EGX:MASR,0.54807456,0.5485872,0.53885472,0.54346464,96293.75
2011-12-28,EGX:MASR,0.5378304,0.56344128,0.5378304,0.54756288,246738.54166667
2011-12-29,EGX:MASR,0.56344128,0.56344128,0.54397728,0.55883136,101096.875
2012-01-03,EGX:MASR,0.55831872,0.56395392,0.55831872,0.56241696,397497.91666667
2012-01-04,EGX:MASR,0.57778368,0.57778368,0.56088,0.56344128,264551.04166667
2012-01-05,EGX:MASR,0.55063584,0.56344128,0.54909888,0.56036832,73201.04166667
2012-01-09,EGX:MASR,0.5557584,0.56344128,0.5557584,0.55780704,148921.875
2012-01-10,EGX:MASR,0.56344128,0.57061248,0.55985568,0.56395392,1295962.5
2012-01-11,EGX:MASR,0.5644656,0.57214944,0.56344128,0.56651424,295086.45833333
2012-01-12,EGX:MASR,0.55063584,0.57368544,0.55063584,0.57009984,180583.33333333
2012-01-15,EGX:MASR,0.56856384,0.57778368,0.56856384,0.57009984,41714.58333333
2012-01-16,EGX:MASR,0.56856384,0.56856384,0.55883136,0.5644656,380557.29166667
2012-01-17,EGX:MASR,0.56344128,0.58905216,0.56344128,0.57931968,1201583.33333333
2012-01-18,EGX:MASR,0.58905216,0.59417472,0.57931968,0.59058912,92764.58333333
2012-01-19,EGX:MASR,0.57009984,0.57368544,0.56344128,0.56600256,133844.79166667
2012-01-22,EGX:MASR,0.55831872,0.56344128,0.54807456,0.5557584,233276.04166667
2012-01-23,EGX:MASR,0.5537088,0.57214944,0.5537088,0.56497824,735587.5
2012-01-24,EGX:MASR,0.57368544,0.58034496,0.56856384,0.57317376,3661666.66666667
2012-01-26,EGX:MASR,0.59366208,0.61312704,0.58854048,0.59622336,5580708.33333333
2012-01-29,EGX:MASR,0.60441888,0.61107744,0.58854048,0.59622336,1671980.20833333
2012-01-30,EGX:MASR,0.58854048,0.61466304,0.58854048,0.60390624,4143883.33333333
2012-01-31,EGX:MASR,0.59929632,0.63873792,0.59929632,0.62080992,5453634.375
2012-02-01,EGX:MASR,0.63515232,0.64027392,0.60954144,0.62132256,2111743.75
2012-02-02,EGX:MASR,0.59417472,0.60698016,0.58393056,0.59622336,1194111.45833333
2012-02-06,EGX:MASR,0.58905216,0.60595584,0.5859792,0.59366208,1290912.5
2012-02-07,EGX:MASR,0.596736,0.61210176,0.59161344,0.59622336,1415989.58333333
2012-02-08,EGX:MASR,0.60698016,0.61466304,0.59929632,0.61056576,2769348.95833333
2012-02-09,EGX:MASR,0.6090288,0.61466304,0.59929632,0.6003216,753969.79166667
2012-02-12,EGX:MASR,0.6090288,0.64078656,0.6090288,0.63105408,8076852.08333333
2012-02-13,EGX:MASR,0.64385952,0.69405696,0.64129824,0.67869024,8260046.875
2012-02-14,EGX:MASR,0.7124976,0.746304,0.69405696,0.70993632,4368868.75
2012-02-15,EGX:MASR,0.74937696,0.78062208,0.74937696,0.7801104,8905762.5
2012-02-16,EGX:MASR,0.78113472,0.85796736,0.76832928,0.84260064,6236891.66666667
2012-02-19,EGX:MASR,0.90150624,0.92660448,0.84516192,0.87179712,4294895.83333333
2012-02-20,EGX:MASR,0.87179712,0.87179712,0.7888176,0.8139168,2417556.25
2012-02-21,EGX:MASR,0.8139168,0.82159968,0.74220576,0.77396352,5004991.66666667
2012-02-22,EGX:MASR,0.77396352,0.80828256,0.76064544,0.78113472,2906250.0
2012-02-23,EGX:MASR,0.80930688,0.83184384,0.77601216,0.81801408,2270419.79166667
2012-02-26,EGX:MASR,0.83542944,0.87589536,0.81442848,0.8477232,4195682.29166667
2012-02-27,EGX:MASR,0.8477232,0.87026112,0.81955104,0.84208896,2300843.75
2012-02-28,EGX:MASR,0.85540608,0.9260928,0.83235648,0.89689632,7726746.875
2012-02-29,EGX:MASR,0.952728,0.97833888,0.94811808,0.96604608,4505306.25
2012-03-01,EGX:MASR,0.95067936,1.0188048,0.9491424,0.97321728,4885753.125
2012-03-05,EGX:MASR,0.97270464,1.02443904,0.95682624,0.99831552,2154447.91666667
2012-03-06,EGX:MASR,0.99831552,1.09768608,0.99319296,1.06080672,3970921.875
2012-03-07,EGX:MASR,1.06080672,1.06541664,0.99882816,1.02495072,6282643.75
2012-03-08,EGX:MASR,1.02495072,1.02495072,0.95477664,0.9778272,2078679.16666667
2012-03-12,EGX:MASR,0.95119104,0.95221632,0.8564304,0.89382336,6577780.20833333
2012-03-13,EGX:MASR,0.89382336,0.94658112,0.8067456,0.8282592,4397244.79166667
2012-03-14,EGX:MASR,0.8282592,0.9009936,0.81442848,0.87026112,4222296.875
2012-03-15,EGX:MASR,0.87026112,0.91379904,0.87026112,0.89433504,1627470.83333333
2012-03-19,EGX:MASR,0.87026112,0.88613952,0.8477232,0.86667552,744836.45833333
2012-03-20,EGX:MASR,0.86667552,0.93428832,0.83747904,0.91072608,3710255.20833333
2012-03-21,EGX:MASR,0.91072608,0.95170368,0.9066288,0.93223968,1657797.91666667
2012-03-22,EGX:MASR,0.93223968,0.93223968,0.87487104,0.90509184,861725.0
2012-03-25,EGX:MASR,0.90509184,0.91789728,0.81955104,0.89074944,13013976.04166666
2012-03-26,EGX:MASR,0.89074944,0.89074944,0.80418432,0.82723392,5356927.08333333
2012-03-27,EGX:MASR,0.82723392,0.8656512,0.80725824,0.8297952,1798416.66666667
2012-03-28,EGX:MASR,0.8297952,0.85950432,0.81698976,0.8333808,3947865.625
2012-03-29,EGX:MASR,0.8333808,0.84516192,0.81647808,0.82416096,2983991.66666667
2012-04-01,EGX:MASR,0.82416096,0.82416096,0.76884096,0.7908672,1092712.5
2012-04-02,EGX:MASR,0.7908672,0.81596544,0.783696,0.7908672,594389.58333333
2012-04-03,EGX:MASR,0.7908672,0.81289248,0.783696,0.80008704,509293.75
2012-04-04,EGX:MASR,0.80008704,0.82723392,0.78676896,0.80879424,2203657.29166667
2012-04-05,EGX:MASR,0.80879424,0.8369664,0.80418432,0.81955104,778665.625
2012-04-08,EGX:MASR,0.81955104,0.83645472,0.783696,0.80316,788803.125
2012-04-09,EGX:MASR,0.80316,0.80418432,0.75552384,0.77447616,1551935.41666667
2012-04-17,EGX:MASR,0.83133216,0.83491776,0.79906272,0.81442848,627976.04166667
2012-04-18,EGX:MASR,0.81442848,0.84516192,0.80930688,0.81494112,192739.58333333
2012-04-19,EGX:MASR,0.81494112,0.83952768,0.81442848,0.8282592,864184.375
2012-04-22,EGX:MASR,0.8282592,0.90918912,0.8282592,0.88716384,3120713.54166667
2012-04-23,EGX:MASR,0.88716384,0.92199456,0.86616288,0.88357824,815187.5
2012-04-24,EGX:MASR,0.88357824,0.90867744,0.8656512,0.87589536,1721653.125
2012-04-26,EGX:MASR,0.87589536,0.89331072,0.8707728,0.88050528,654276.04166667
2012-04-29,EGX:MASR,0.88050528,0.9066288,0.82006368,0.87487104,700559.375
2012-04-30,EGX:MASR,0.87487104,0.88613952,0.84721056,0.86155296,798954.16666667
2012-05-02,EGX:MASR,0.86155296,0.86155296,0.81186816,0.822624,2978940.625
2012-05-03,EGX:MASR,0.822624,0.84516192,0.822624,0.83491776,2725038.54166667
2012-05-06,EGX:MASR,0.83491776,0.87896832,0.83491776,0.860016,15360175.0
2012-05-07,EGX:MASR,0.860016,0.87128544,0.84516192,0.85540608,8260179.16666667
2012-05-08,EGX:MASR,0.85540608,0.88613952,0.84003936,0.86821152,7140059.375
2012-05-09,EGX:MASR,0.86821152,0.89126208,0.86308992,0.87845664,2425886.45833333
2012-05-10,EGX:MASR,0.87845664,0.88255392,0.8656512,0.87333408,2625005.20833333
2012-05-13,EGX:MASR,0.87333408,0.89382336,0.87282144,0.88562784,2194019.79166667
2012-05-14,EGX:MASR,0.88562784,0.88562784,0.84721056,0.86052864,2408325.0
2012-05-15,EGX:MASR,0.86052864,0.86052864,0.822624,0.84516192,1617812.5
2012-05-16,EGX:MASR,0.84516192,0.85028448,0.82877088,0.84260064,1043856.25
2012-05-17,EGX:MASR,0.84260064,0.84260064,0.81545376,0.82211232,2855010.41666667
2012-05-20,EGX:MASR,0.82211232,0.82211232,0.78113472,0.80930688,1283469.79166667
2012-05-21,EGX:MASR,0.80930688,0.84003936,0.80930688,0.8262096,1036132.29166667
2012-05-22,EGX:MASR,0.8262096,0.83799072,0.82313664,0.8297952,1108686.45833333
2012-05-23,EGX:MASR,0.8297952,0.85540608,0.8297952,0.84823488,1756290.625
2012-05-24,EGX:MASR,0.84823488,0.85028448,0.8333808,0.84208896,541528.125
2012-05-27,EGX:MASR,0.84208896,0.84208896,0.7888176,0.80572128,835212.5
2012-05-28,EGX:MASR,0.80572128,0.81955104,0.79906272,0.8139168,1354591.66666667
2012-05-29,EGX:MASR,0.8139168,0.8139168,0.76884096,0.7959888,1239089.58333333
2012-05-30,EGX:MASR,0.7959888,0.8139168,0.78420768,0.79035456,147067.70833333
2012-05-31,EGX:MASR,0.79035456,0.80930688,0.77857344,0.80264736,478901.04166667
2012-06-03,EGX:MASR,0.80264736,0.80264736,0.76832928,0.77908608,497629.16666667
2012-06-04,EGX:MASR,0.77908608,0.77908608,0.76115808,0.76628064,1419648.95833333
2012-06-05,EGX:MASR,0.76628064,0.76832928,0.73247328,0.74374272,1835281.25
2012-06-06,EGX:MASR,0.74374272,0.75552384,0.72222912,0.73657152,588370.83333333
2012-06-07,EGX:MASR,0.73657152,0.76884096,0.73657152,0.74476704,1665062.5
2012-06-10,EGX:MASR,0.74476704,0.74835264,0.73247328,0.73605888,11828605.20833333
2012-06-11,EGX:MASR,0.73605888,0.76013376,0.71659488,0.7212048,1162142.70833333
2012-06-12,EGX:MASR,0.7212048,0.7427184,0.71966784,0.73452288,1298831.25
2012-06-13,EGX:MASR,0.73452288,0.7427184,0.71454624,0.72581472,1818292.70833333
2012-06-14,EGX:MASR,0.72581472,0.72581472,0.68125152,0.69764256,4650185.41666667
2012-06-18,EGX:MASR,0.69764256,0.7017408,0.68637408,0.690984,157329.16666667
2012-06-19,EGX:MASR,0.690984,0.690984,0.64334784,0.65973888,559326.04166667
2012-06-20,EGX:MASR,0.65973888,0.67920288,0.65973888,0.66844608,528065.625
2012-06-21,EGX:MASR,0.66844608,0.66844608,0.64539648,0.66127488,407614.58333333
2012-06-24,EGX:MASR,0.66127488,0.71710752,0.66127488,0.70378944,906397.91666667
2012-06-25,EGX:MASR,0.70378944,0.77396352,0.70378944,0.77140224,2581856.25
2012-06-26,EGX:MASR,0.77140224,0.84823488,0.77140224,0.8297952,4845581.25
2012-06-27,EGX:MASR,0.8297952,0.85540608,0.82057536,0.83491776,1328485.41666667
2012-06-28,EGX:MASR,0.83491776,0.85540608,0.81545376,0.84157632,2213945.83333333
2012-07-02,EGX:MASR,0.84157632,0.89382336,0.84157632,0.87999264,3523230.20833333
2012-07-03,EGX:MASR,0.87999264,0.88613952,0.84669888,0.86616288,2733262.5
2012-07-04,EGX:MASR,0.86616288,0.87026112,0.83235648,0.84362496,1124003.125
2012-07-05,EGX:MASR,0.84362496,0.8656512,0.83491776,0.8513088,855431.25
2012-07-08,EGX:MASR,0.8513088,0.85745568,0.80981856,0.82364832,1193711.45833333
2012-07-09,EGX:MASR,0.82364832,0.82364832,0.77345088,0.79394016,1370056.25
2012-07-10,EGX:MASR,0.79394016,0.8139168,0.77908608,0.7908672,1094550.0
2012-07-11,EGX:MASR,0.7908672,0.81955104,0.7908672,0.81596544,433689.58333333
2012-07-12,EGX:MASR,0.81596544,0.82723392,0.79650144,0.8067456,834769.79166667
2012-07-15,EGX:MASR,0.8067456,0.8067456,0.77396352,0.785232,597272.91666667
2012-07-16,EGX:MASR,0.785232,0.79137888,0.7693536,0.77703648,61641.66666667
2012-07-17,EGX:MASR,0.77703648,0.80162304,0.77703648,0.79189152,317735.41666667
2012-07-18,EGX:MASR,0.79189152,0.79906272,0.78113472,0.79189152,579083.33333333
2012-07-19,EGX:MASR,0.79189152,0.81442848,0.79189152,0.80725824,681486.45833333
2012-07-22,EGX:MASR,0.80725824,0.80725824,0.78113472,0.7872816,73185.41666667
2012-07-24,EGX:MASR,0.7872816,0.78984192,0.77396352,0.78318336,508571.875
2012-07-25,EGX:MASR,0.78318336,0.78830592,0.77191488,0.77857344,194150.0
2012-07-26,EGX:MASR,0.77857344,0.7888176,0.77601216,0.783696,114809.375
2012-07-29,EGX:MASR,0.783696,0.783696,0.77703648,0.77959776,85781.25
2012-07-30,EGX:MASR,0.77959776,0.8067456,0.77959776,0.79906272,252872.91666667
2012-07-31,EGX:MASR,0.79906272,0.84208896,0.79650144,0.82006368,1803747.91666667
2012-08-01,EGX:MASR,0.82006368,0.85540608,0.82006368,0.84465024,1287027.08333333
2012-08-02,EGX:MASR,0.84465024,0.84516192,0.82006368,0.83542944,468510.41666667
2012-08-05,EGX:MASR,0.83542944,0.84516192,0.81955104,0.83491776,847051.04166667
2012-08-06,EGX:MASR,0.83491776,0.84567456,0.80930688,0.83850336,624219.79166667
2012-08-07,EGX:MASR,0.83850336,0.85796736,0.83235648,0.84260064,1268065.625
2012-08-08,EGX:MASR,0.84260064,0.84260064,0.81955104,0.821088,391854.16666667
2012-08-09,EGX:MASR,0.821088,0.8548944,0.8067456,0.81084288,99309.375
2012-08-12,EGX:MASR,0.81084288,0.81955104,0.80930688,0.81084288,280883.33333333
2012-08-13,EGX:MASR,0.81084288,0.82723392,0.81084288,0.821088,1103158.33333333
2012-08-14,EGX:MASR,0.821088,0.8620656,0.821088,0.84874752,1642103.125
2012-08-15,EGX:MASR,0.84874752,0.85438176,0.83030784,0.85028448,540388.54166667
2012-08-16,EGX:MASR,0.85028448,0.86872416,0.84260064,0.85233312,625720.83333333
2012-08-21,EGX:MASR,0.85233312,0.8636016,0.83850336,0.85540608,606470.83333333
2012-08-22,EGX:MASR,0.85540608,0.86257728,0.84106464,0.85233312,830948.95833333
2012-08-23,EGX:MASR,0.85233312,0.9117504,0.85233312,0.89689632,6318562.5
2012-08-26,EGX:MASR,0.89689632,0.95221632,0.89689632,0.93531264,4603776.04166667
2012-08-27,EGX:MASR,0.93531264,0.98243712,0.91226304,0.95887488,5619643.75
2012-08-28,EGX:MASR,0.95887488,0.98243712,0.94760544,0.96092352,4103106.25
2012-08-29,EGX:MASR,0.96092352,0.96092352,0.9404352,0.94965504,4641042.70833334
2012-08-30,EGX:MASR,0.94965504,0.97270464,0.94606944,0.95938656,2457014.58333333
2012-09-02,EGX:MASR,0.95938656,1.01829216,0.95938656,0.99216864,2222423.95833333
2012-09-03,EGX:MASR,0.99216864,1.02085344,0.96553344,1.0059984,5230603.125
2012-09-04,EGX:MASR,1.0059984,1.03673184,0.97833888,1.0188048,7449154.16666667
2012-09-05,EGX:MASR,1.0188048,1.0188048,0.98346144,0.99985248,1196007.29166667
2012-09-06,EGX:MASR,0.99985248,1.01368224,0.98602272,1.00036416,1842089.58333333
2012-09-09,EGX:MASR,1.00036416,1.00394976,0.96297216,0.97731456,1541261.45833333
2012-09-10,EGX:MASR,0.97731456,1.01112096,0.96553344,0.99933984,2002455.20833333
2012-09-11,EGX:MASR,0.99933984,1.0756608,0.99933984,1.03929312,4762781.25
2012-09-12,EGX:MASR,1.03929312,1.07053824,1.03929312,1.0505616,4775189.58333333
2012-09-13,EGX:MASR,1.0505616,1.10024736,1.0239264,1.06080672,3583712.5
2012-09-16,EGX:MASR,1.06080672,1.14224928,1.06080672,1.12585824,2239557.29166667
2012-09-17,EGX:MASR,1.12585824,1.17810432,1.12176096,1.15146912,2445071.875
2012-09-18,EGX:MASR,1.15146912,1.2037152,1.10793024,1.17400704,2899495.83333333
2012-09-19,EGX:MASR,1.17400704,1.25442528,1.17400704,1.23393696,4145663.54166667
2012-09-20,EGX:MASR,1.23393696,1.28823168,1.2037152,1.27081632,6593740.625
2012-09-23,EGX:MASR,1.27081632,1.27542624,1.25493792,1.26466944,1834478.125
2012-09-24,EGX:MASR,1.26466944,1.33177056,1.25852352,1.29898848,3677990.625
2012-09-25,EGX:MASR,1.29898848,1.33689216,1.29898848,1.33125792,2020319.79166667
2012-09-26,EGX:MASR,1.33125792,1.34201472,1.30615968,1.33125792,4012517.70833333
2012-09-27,EGX:MASR,1.33125792,1.40811456,1.27459584,1.3284528,2543536.45833333
2012-09-30,EGX:MASR,1.3284528,1.3368672,1.26786432,1.28413344,301150.0
2012-10-01,EGX:MASR,1.28413344,1.32901344,1.19212896,1.21625184,1497786.45833333
2012-10-02,EGX:MASR,1.21625184,1.29030432,1.19212896,1.23644832,2161552.08333333
2012-10-03,EGX:MASR,1.23644832,1.24542432,1.12200384,1.1977392,660279.16666667
2012-10-04,EGX:MASR,1.1977392,1.24430208,1.1977392,1.2106416,321753.125
2012-10-08,EGX:MASR,1.2106416,1.24766784,1.12873536,1.15959072,362667.70833333
2012-10-09,EGX:MASR,1.15959072,1.1977392,1.12705248,1.17305472,1693778.125
2012-10-10,EGX:MASR,1.17305472,1.22691072,1.17305472,1.19661696,497750.0
2012-10-11,EGX:MASR,1.19661696,1.31611008,1.18932384,1.25776608,2288103.125
2012-10-14,EGX:MASR,1.25776608,1.35201408,1.25776608,1.32115968,1085018.75
2012-10-15,EGX:MASR,1.32115968,1.32957408,1.25888832,1.29423168,1390452.08333333
2012-10-16,EGX:MASR,1.29423168,1.3464048,1.24822944,1.30769568,3770087.5
2012-10-17,EGX:MASR,1.30769568,1.34696544,1.2970368,1.32508608,1153307.29166667
2012-10-18,EGX:MASR,1.32508608,1.3464048,1.32059808,1.33462368,2634273.95833333
2012-10-21,EGX:MASR,1.33462368,1.33462368,1.28076768,1.3015248,1249539.58333333
2012-10-22,EGX:MASR,1.3015248,1.3144272,1.29086496,1.30489056,727859.375
2012-10-23,EGX:MASR,1.30489056,1.31835456,1.29030432,1.3060128,1163835.41666667
2012-10-24,EGX:MASR,1.3060128,1.38847968,1.3060128,1.35874656,2387825.0
2012-10-29,EGX:MASR,1.35874656,1.40306592,1.35874656,1.39689504,1272022.91666667
2012-10-30,EGX:MASR,1.39689504,1.4182128,1.36996704,1.39913856,2078203.125
2012-10-31,EGX:MASR,1.39913856,1.40250432,1.37108832,1.38791904,2215222.91666667
2012-11-01,EGX:MASR,1.38791904,1.40250432,1.3368672,1.37838144,3302644.79166667
2012-11-04,EGX:MASR,1.37838144,1.37838144,1.26225408,1.28862144,490267.70833333
2012-11-05,EGX:MASR,1.28862144,1.3548192,1.26225408,1.30657344,1489161.45833333
2012-11-06,EGX:MASR,1.30657344,1.3464048,1.30657344,1.34247744,1560910.41666667
2012-11-07,EGX:MASR,1.34247744,1.34696544,1.30825632,1.34416032,286314.58333333
2012-11-08,EGX:MASR,1.34416032,1.3682832,1.31611008,1.34303808,171500.0
2012-11-11,EGX:MASR,1.34303808,1.3464048,1.31835456,1.34359968,385688.54166667
2012-11-12,EGX:MASR,1.34359968,1.40250432,1.34359968,1.38735744,2203672.91666667
2012-11-13,EGX:MASR,1.38735744,1.40250432,1.38735744,1.40138304,1441507.29166667
2012-11-14,EGX:MASR,1.40138304,1.40138304,1.37445504,1.38006432,676663.54166667
2012-11-18,EGX:MASR,1.38006432,1.38006432,1.29030432,1.31330496,201032.29166667
2012-11-19,EGX:MASR,1.31330496,1.34079456,1.28918208,1.3099392,334242.70833333
2012-11-20,EGX:MASR,1.3099392,1.36042944,1.23476544,1.32003744,1358211.45833333
2012-11-21,EGX:MASR,1.32003744,1.32003744,1.26225408,1.28245056,2097784.375
2012-11-22,EGX:MASR,1.28245056,1.30713408,1.28245056,1.29086496,575639.58333333
2012-11-25,EGX:MASR,1.29086496,1.29086496,1.1618352,1.1618352,1460575.0
2012-11-26,EGX:MASR,1.1618352,1.2061536,1.07319648,1.1797872,881407.29166667
2012-11-27,EGX:MASR,1.1797872,1.25103456,1.1797872,1.22971584,484232.29166667
2012-11-28,EGX:MASR,1.22971584,1.22971584,1.11863808,1.13266272,980968.75
2012-11-29,EGX:MASR,1.13266272,1.17810432,1.1253696,1.14556608,729809.375
2012-12-02,EGX:MASR,1.14556608,1.17249408,1.10797824,1.11919872,917237.5
2012-12-03,EGX:MASR,1.11919872,1.15061472,1.11919872,1.13659008,402796.875
2012-12-04,EGX:MASR,1.13659008,1.23420384,1.13659008,1.19437344,1061078.125
2012-12-05,EGX:MASR,1.19437344,1.26169344,1.18483584,1.23588672,897002.08333333
2012-12-06,EGX:MASR,1.23588672,1.23588672,1.14500448,1.17642048,2140865.625
2012-12-09,EGX:MASR,1.17642048,1.21176384,1.11415008,1.1438832,414390.625
2012-12-10,EGX:MASR,1.1438832,1.19156832,1.13602848,1.17866496,276485.41666667
2012-12-11,EGX:MASR,1.17866496,1.2061536,1.17866496,1.20447072,269319.79166667
2012-12-12,EGX:MASR,1.20447072,1.25944896,1.20447072,1.24486368,387442.70833333
2012-12-13,EGX:MASR,1.24486368,1.29030432,1.23981408,1.27796256,560786.45833333
2012-12-16,EGX:MASR,1.27796256,1.33462368,1.27515744,1.29367008,512697.91666667
2012-12-17,EGX:MASR,1.29367008,1.29367008,1.26225408,1.28188896,279635.41666667
2012-12-18,EGX:MASR,1.28188896,1.3278912,1.23757056,1.29815808,559836.45833333
2012-12-19,EGX:MASR,1.29815808,1.3464048,1.29815808,1.32452544,587320.83333333
2012-12-20,EGX:MASR,1.32452544,1.37445504,1.2970368,1.34247744,2400748.95833333
2012-12-23,EGX:MASR,1.34247744,1.40082144,1.29086496,1.32115968,442610.41666667
2012-12-24,EGX:MASR,1.32115968,1.32957408,1.3099392,1.31779296,141750.0
2012-12-25,EGX:MASR,1.31779296,1.3464048,1.29030432,1.33911168,17657101.04166667
2012-12-26,EGX:MASR,1.33911168,1.33911168,1.3009632,1.31162208,709998.95833333
2012-12-27,EGX:MASR,1.31162208,1.36042944,1.31162208,1.3458432,5429935.41666667
2012-12-30,EGX:MASR,1.3458432,1.3688448,1.3323792,1.34359968,315484.375
2012-12-31,EGX:MASR,1.34359968,1.3464048,1.31835456,1.32003744,3383583.33333333
2013-01-02,EGX:MASR,1.32003744,1.40530944,1.32003744,1.39352832,1852735.41666667
2013-01-03,EGX:MASR,1.39352832,1.4586048,1.38567456,1.43728704,4147959.375
2013-01-06,EGX:MASR,1.43728704,1.45018944,1.40643168,1.42774944,1370484.375
2013-01-08,EGX:MASR,1.42774944,1.42774944,1.39521216,1.4047488,1153023.95833333
2013-01-09,EGX:MASR,1.4047488,1.41316416,1.38343104,1.4002608,887423.95833333
2013-01-10,EGX:MASR,1.4002608,1.4002608,1.3464048,1.35818592,1129921.875
2013-01-13,EGX:MASR,1.35818592,1.3688448,1.33518432,1.34752608,341033.33333333
2013-01-14,EGX:MASR,1.34752608,1.36660032,1.33350144,1.34808768,139621.875
2013-01-15,EGX:MASR,1.34808768,1.34808768,1.30825632,1.32003744,120173.95833333
2013-01-16,EGX:MASR,1.32003744,1.33518432,1.31274432,1.32508608,239132.29166667
2013-01-17,EGX:MASR,1.32508608,1.3458432,1.3015248,1.3060128,275014.58333333
2013-01-20,EGX:MASR,1.3060128,1.34528256,1.26225408,1.27627968,550765.625
2013-01-21,EGX:MASR,1.27627968,1.27627968,1.23420384,1.25888832,649453.125
2013-01-22,EGX:MASR,1.27908384,1.31723232,1.26225408,1.2830112,859216.66666667
2013-01-23,EGX:MASR,1.27964544,1.33462368,1.27964544,1.31611008,188895.83333333
2013-01-27,EGX:MASR,1.24542432,1.3239648,1.24542432,1.30264608,191309.375
2013-01-28,EGX:MASR,1.27515744,1.29030432,1.27515744,1.28413344,81847.91666667
2013-01-29,EGX:MASR,1.24822944,1.29030432,1.2201792,1.25047296,431709.375
2013-01-30,EGX:MASR,1.31274432,1.31274432,1.29086496,1.30376832,89096.875
2013-01-31,EGX:MASR,1.27627968,1.3323792,1.25215584,1.29928032,461795.83333333
2013-02-03,EGX:MASR,1.31274432,1.3464048,1.31274432,1.3329408,295638.54166667
2013-02-04,EGX:MASR,1.33350144,1.36042944,1.31835456,1.33967232,348679.16666667
2013-02-05,EGX:MASR,1.36042944,1.36042944,1.31835456,1.3464048,505947.91666667
2013-02-06,EGX:MASR,1.3464048,1.3464048,1.30937856,1.32733056,123940.625
2013-02-07,EGX:MASR,1.34359968,1.3464048,1.31106144,1.33574496,832830.20833333
2013-02-10,EGX:MASR,1.3548192,1.3548192,1.32620832,1.34079456,46697.91666667
2013-02-11,EGX:MASR,1.31554944,1.34079456,1.31554944,1.3284528,224505.20833333
2013-02-12,EGX:MASR,1.32957408,1.3553808,1.32957408,1.34528256,241227.08333333
2013-02-13,EGX:MASR,1.3464048,1.35706368,1.33798944,1.34752608,904921.875
2013-02-14,EGX:MASR,1.35201408,1.35762432,1.34696544,1.34977056,94438.54166667
2013-02-17,EGX:MASR,1.33798944,1.34359968,1.33798944,1.33911168,143623.95833333
2013-02-18,EGX:MASR,1.32733056,1.3464048,1.3239648,1.34359968,443283.33333333
2013-02-19,EGX:MASR,1.3458432,1.3464048,1.31835456,1.33630656,879781.25
2013-02-20,EGX:MASR,1.31835456,1.31835456,1.2970368,1.30713408,467518.75
2013-02-21,EGX:MASR,1.2970368,1.32957408,1.2740352,1.29030432,2322800.0
2013-02-24,EGX:MASR,1.27347456,1.27964544,1.26281568,1.2740352,342218.75
2013-02-25,EGX:MASR,1.27347456,1.27347456,1.25664384,1.26169344,347759.375
2013-02-26,EGX:MASR,1.26001056,1.26169344,1.24822944,1.25103456,436661.45833333
2013-02-27,EGX:MASR,1.26225408,1.26225408,1.1932512,1.2246672,635420.83333333
2013-02-28,EGX:MASR,1.2246672,1.22803296,1.20727584,1.22186208,119118.75
2013-03-03,EGX:MASR,1.19493408,1.22186208,1.17810432,1.19156832,541403.125
2013-03-04,EGX:MASR,1.17810432,1.17810432,1.13154048,1.1438832,287802.08333333
2013-03-05,EGX:MASR,1.1388336,1.15846848,1.12200384,1.14107808,273697.91666667
2013-03-06,EGX:MASR,1.1253696,1.15510272,1.1029296,1.11751584,792753.125
2013-03-07,EGX:MASR,1.12200384,1.17249408,1.12200384,1.15959072,472410.41666667
2013-03-10,EGX:MASR,1.16968896,1.18651872,1.1612736,1.17642048,264859.375
2013-03-11,EGX:MASR,1.18595808,1.19998272,1.18539648,1.19493408,13555592.70833333
2013-03-12,EGX:MASR,1.20054432,1.2061536,1.17810432,1.18203072,270748.95833333
2013-03-13,EGX:MASR,1.16968896,1.17810432,1.16688384,1.17137184,211186.45833333
2013-03-14,EGX:MASR,1.1657616,1.17866496,1.16520096,1.17698208,527787.5
2013-03-17,EGX:MASR,1.17810432,1.17810432,1.17810432,1.17810432,539990.625
2013-03-18,EGX:MASR,1.15566432,1.1752992,1.07768448,1.1483712,320942.70833333
2013-03-19,EGX:MASR,1.12312608,1.17249408,1.12312608,1.15341984,130078.125
2013-03-20,EGX:MASR,1.1528592,1.17810432,1.12817472,1.16744448,215858.33333333
2013-03-21,EGX:MASR,1.17810432,1.17810432,1.17754272,1.17810432,185321.875
2013-03-24,EGX:MASR,1.15903008,1.18932384,1.15903008,1.1752992,129908.33333333
2013-03-25,EGX:MASR,1.15005408,1.17698208,1.14500448,1.15903008,89096.875
2013-03-26,EGX:MASR,1.1393952,1.15005408,1.13602848,1.14163872,67134.375
2013-03-27,EGX:MASR,1.13322432,1.15005408,1.12761408,1.13266272,174975.0
2013-03-28,EGX:MASR,1.16071296,1.1977392,1.16071296,1.16464032,559767.70833333
2013-03-31,EGX:MASR,1.1618352,1.1618352,1.14500448,1.15398048,117956.25
2013-04-01,EGX:MASR,1.17754272,1.17754272,1.1393952,1.1478096,99936.45833333
2013-04-02,EGX:MASR,1.15005408,1.16968896,1.13715072,1.1483712,316255.20833333
2013-04-03,EGX:MASR,1.13322432,1.13322432,1.12200384,1.1253696,97691.66666667
2013-04-04,EGX:MASR,1.1483712,1.1752992,1.12256448,1.15454208,235344.79166667
2013-04-07,EGX:MASR,1.17249408,1.17249408,1.15454208,1.15454208,143.75
2013-04-08,EGX:MASR,1.15005408,1.19493408,1.1304192,1.16968896,218760.41666667
2013-04-09,EGX:MASR,1.17810432,1.20054432,1.15846848,1.1792256,507075.0
2013-04-10,EGX:MASR,1.1792256,1.27740096,1.1792256,1.22298432,786091.66666667
2013-04-11,EGX:MASR,1.27347456,1.29871968,1.24879008,1.27515744,688816.66666667
2013-04-14,EGX:MASR,1.2874992,1.28805984,1.25103456,1.27179168,705673.95833333
2013-04-15,EGX:MASR,1.25440032,1.26281568,1.24654656,1.25664384,1289011.45833333
2013-04-16,EGX:MASR,1.26225408,1.26225408,1.24879008,1.25832768,273950.0
2013-04-17,EGX:MASR,1.25103456,1.27627968,1.2426192,1.25383872,487516.66666667
2013-04-18,EGX:MASR,1.27066944,1.27291296,1.24598496,1.26225408,2510094.79166667
2013-04-21,EGX:MASR,1.24542432,1.27179168,1.24430208,1.25440032,26860.41666667
2013-04-22,EGX:MASR,1.26225408,1.28188896,1.26225408,1.27179168,122958.33333333
2013-04-23,EGX:MASR,1.28469408,1.29535296,1.2650592,1.27291296,445069.79166667
2013-04-24,EGX:MASR,1.25383872,1.28132832,1.2515952,1.25664384,304910.41666667
2013-04-28,EGX:MASR,1.25103456,1.25103456,1.24598496,1.24991232,107836.45833333
2013-04-29,EGX:MASR,1.26786432,1.29423168,1.26786432,1.2874992,735865.625
2013-04-30,EGX:MASR,1.29423168,1.32957408,1.27627968,1.30208544,374012.5
2013-05-02,EGX:MASR,1.30657344,1.32676992,1.30657344,1.31554944,413883.33333333
2013-05-07,EGX:MASR,1.3284528,1.3464048,1.3284528,1.34247744,345197.91666667
2013-05-08,EGX:MASR,1.3464048,1.3464048,1.32508608,1.3323792,271915.625
2013-05-09,EGX:MASR,1.34528256,1.34528256,1.30713408,1.32901344,608902.08333333
2013-05-12,EGX:MASR,1.34472192,1.3464048,1.3239648,1.34303808,89981.25
2013-05-13,EGX:MASR,1.3099392,1.33798944,1.29030432,1.3054512,205236.45833333
2013-05-14,EGX:MASR,1.30208544,1.3464048,1.30208544,1.34023296,492840.625
2013-05-15,EGX:MASR,1.3099392,1.3464048,1.3099392,1.33406208,288327.08333333
2013-05-16,EGX:MASR,1.31330496,1.3464048,1.31274432,1.33911168,1063916.66666667
2013-05-19,EGX:MASR,1.3278912,1.36042944,1.3278912,1.34864832,390395.83333333
2013-05-20,EGX:MASR,1.3464048,1.36772256,1.3323792,1.34696544,1635857.29166667
2013-05-21,EGX:MASR,1.3688448,1.38511392,1.36042944,1.37445504,968731.25
2013-05-22,EGX:MASR,1.35818592,1.3912848,1.3548192,1.3682832,396810.41666667
2013-05-23,EGX:MASR,1.37445504,1.39408992,1.36042944,1.37669856,362009.375
2013-05-26,EGX:MASR,1.37445504,1.37445504,1.34752608,1.36099008,744457.29166667
2013-05-27,EGX:MASR,1.3323792,1.3688448,1.33013568,1.3548192,339294.79166667
2013-05-28,EGX:MASR,1.34752608,1.3593072,1.3464048,1.34808768,261566.66666667
2013-05-29,EGX:MASR,1.3323792,1.35706368,1.32228096,1.3329408,113350.0
2013-05-30,EGX:MASR,1.3464048,1.36155168,1.33798944,1.34920992,2064902.08333333
2013-06-02,EGX:MASR,1.33518432,1.40418816,1.33518432,1.38006432,2140130.20833333
2013-06-03,EGX:MASR,1.40250432,1.40811456,1.3464048,1.39801632,2591006.25
2013-06-04,EGX:MASR,1.3503312,1.38567456,1.33574496,1.3643568,1675623.95833333
2013-06-05,EGX:MASR,1.35313632,1.35313632,1.2970368,1.33911168,4986034.375
2013-06-06,EGX:MASR,1.31835456,1.3464048,1.31835456,1.33798944,930179.16666667
2013-06-09,EGX:MASR,1.3464048,1.3464048,1.30432896,1.3189152,2315505.20833333
2013-06-10,EGX:MASR,1.2919872,1.30432896,1.21176384,1.28637696,1389157.29166667
2013-06-11,EGX:MASR,1.20895872,1.34472192,1.20839808,1.25776608,414405.20833333
2013-06-12,EGX:MASR,1.23757056,1.23757056,1.13210208,1.14612672,586070.83333333
2013-06-13,EGX:MASR,1.18651872,1.2061536,1.15005408,1.17137184,361848.95833333
2013-06-16,EGX:MASR,1.14444384,1.17810432,1.14444384,1.17642048,158607.29166667
2013-06-17,EGX:MASR,1.15005408,1.2061536,1.15005408,1.16912832,420487.5
2013-06-18,EGX:MASR,1.23083808,1.23420384,1.21176384,1.2336432,2399861.45833333
2013-06-19,EGX:MASR,1.1926896,1.24822944,1.1926896,1.22242272,460109.375
2013-06-20,EGX:MASR,1.23420384,1.29591456,1.23420384,1.28918208,8820978.125
2013-06-23,EGX:MASR,1.23476544,1.34359968,1.19212896,1.31611008,1198106.25
2013-06-24,EGX:MASR,1.2426192,1.25103456,1.23420384,1.24037568,233029.16666667
2013-06-25,EGX:MASR,1.28974368,1.31835456,1.28974368,1.2970368,1403312.5
2013-06-26,EGX:MASR,1.26281568,1.27347456,1.24542432,1.25215584,112218.75
2013-06-27,EGX:MASR,1.26225408,1.28974368,1.22859456,1.23925344,706932.29166667
2013-06-30,EGX:MASR,1.25776608,1.28469408,1.25776608,1.26281568,434398.95833333
2013-07-02,EGX:MASR,1.25664384,1.31835456,1.25664384,1.31723232,592210.41666667
2013-07-03,EGX:MASR,1.25664384,1.29030432,1.23476544,1.26842496,577969.79166667
2013-07-04,EGX:MASR,1.34528256,1.39521216,1.34528256,1.39465056,1495409.375
2013-07-07,EGX:MASR,1.3637952,1.37445504,1.30489056,1.33069632,3255972.91666667
2013-07-08,EGX:MASR,1.29030432,1.29030432,1.24542432,1.25215584,2794285.41666667
2013-07-09,EGX:MASR,1.30713408,1.31835456,1.28245056,1.29535296,793739.58333333
2013-07-10,EGX:MASR,1.31386656,1.3323792,1.29030432,1.31779296,405218.75
2013-07-11,EGX:MASR,1.31330496,1.32957408,1.31330496,1.32228096,112263.54166667
2013-07-14,EGX:MASR,1.32620832,1.32901344,1.32620832,1.3278912,66023.95833333
2013-07-15,EGX:MASR,1.31835456,1.31835456,1.29030432,1.30040256,173860.41666667
2013-07-16,EGX:MASR,1.30040256,1.30040256,1.30040256,1.30040256,0.0
2013-07-17,EGX:MASR,1.29310944,1.29310944,1.2830112,1.28918208,36110.41666667
2013-07-18,EGX:MASR,1.2830112,1.2830112,1.23420384,1.23476544,71399060.41666669
2013-07-21,EGX:MASR,1.26225408,1.28132832,1.26225408,1.27515744,550456.25
2013-07-22,EGX:MASR,1.26225408,1.28357184,1.23420384,1.23532608,79133990.62500003
2013-07-24,EGX:MASR,1.26113184,1.26786432,1.2336432,1.25215584,1555007.29166667
2013-07-25,EGX:MASR,1.2336432,1.2560832,1.2336432,1.23532608,2509195.83333333
2013-07-28,EGX:MASR,1.24542432,1.26674208,1.24542432,1.26225408,1768030.20833333
2013-07-29,EGX:MASR,1.25944896,1.26225408,1.24822944,1.2605712,572151.04166667
2013-07-30,EGX:MASR,1.2605712,1.26225408,1.23981408,1.25047296,218238.54166667
2013-07-31,EGX:MASR,1.25832768,1.26225408,1.23981408,1.26113184,1294977.08333333
2013-08-01,EGX:MASR,1.27347456,1.2785232,1.26225408,1.26730368,1762145.83333333
2013-08-04,EGX:MASR,1.27908384,1.30432896,1.27908384,1.29310944,3769318.75
2013-08-05,EGX:MASR,1.29310944,1.3054512,1.28469408,1.29086496,237881.25
2013-08-06,EGX:MASR,1.2874992,1.3284528,1.2874992,1.3054512,2111969.79166667
2013-08-07,EGX:MASR,1.30376832,1.36603968,1.30376832,1.34023296,2243644.79166667
2013-08-12,EGX:MASR,1.37052768,1.38847968,1.3464048,1.36491744,1109228.125
2013-08-13,EGX:MASR,1.35762432,1.3912848,1.32733056,1.37108832,1630641.66666667
2013-08-14,EGX:MASR,1.34696544,1.3727712,1.32957408,1.34359968,1833756.25
2013-08-18,EGX:MASR,1.34696544,1.34696544,1.3189152,1.3413552,1216359.375
2013-08-19,EGX:MASR,1.31274432,1.35650208,1.30713408,1.33855008,439462.5
2013-08-20,EGX:MASR,1.36211232,1.38567456,1.36211232,1.3823088,604061.45833333
2013-08-21,EGX:MASR,1.38511392,1.38511392,1.35650208,1.37445504,1566582.29166667
2013-08-22,EGX:MASR,1.36323456,1.40250432,1.36323456,1.39689504,1753220.83333333
2013-08-25,EGX:MASR,1.40250432,1.41316416,1.40250432,1.40362656,633744.79166667
2013-08-26,EGX:MASR,1.40587104,1.4361648,1.40250432,1.41652992,9706912.5
2013-08-27,EGX:MASR,1.3912848,1.41652992,1.35762432,1.37669856,920646.875
2013-08-28,EGX:MASR,1.3464048,1.38791904,1.3189152,1.35201408,795503.125
2013-08-29,EGX:MASR,1.3688448,1.3823088,1.3637952,1.37052768,465583.33333333
2013-09-01,EGX:MASR,1.3548192,1.37052768,1.3548192,1.35762432,119869809.375
2013-09-02,EGX:MASR,1.37052768,1.37052768,1.3323792,1.36660032,5684157.29166667
2013-09-03,EGX:MASR,1.38567456,1.38567456,1.32957408,1.34472192,1051203.125
2013-09-04,EGX:MASR,1.32676992,1.36323456,1.32676992,1.3464048,1527597.91666667
2013-09-05,EGX:MASR,1.3464048,1.3464048,1.30769568,1.34472192,1914920.83333333
2013-09-08,EGX:MASR,1.36323456,1.37389344,1.33069632,1.35818592,204055.20833333
2013-09-09,EGX:MASR,1.34359968,1.3682832,1.34359968,1.3508928,35614.58333333
2013-09-10,EGX:MASR,1.3688448,1.37445504,1.34696544,1.37221056,1389125.0
2013-09-11,EGX:MASR,1.37445504,1.40250432,1.35594144,1.3772592,10697889.58333334
2013-09-12,EGX:MASR,1.37557632,1.4361648,1.37557632,1.41540768,5138218.75
2013-09-15,EGX:MASR,1.44458016,1.4586048,1.44458016,1.44682368,224571.875
2013-09-16,EGX:MASR,1.45636128,1.4586048,1.41484704,1.45243392,387869.79166667
2013-09-17,EGX:MASR,1.41148032,1.43055456,1.40979744,1.41652992,749936.45833333
2013-09-18,EGX:MASR,1.40418816,1.42774944,1.40362656,1.41765216,2110134.375
2013-09-19,EGX:MASR,1.42494432,1.45467744,1.42494432,1.4316768,6596612.5
2013-09-22,EGX:MASR,1.45131168,1.45131168,1.41765216,1.4361648,132516.66666667
2013-09-23,EGX:MASR,1.44738432,1.4586048,1.43055456,1.44738432,373737.5
2013-09-24,EGX:MASR,1.45636128,1.46421504,1.43223744,1.45804416,2783103.125
2013-09-25,EGX:MASR,1.4586048,1.4586048,1.44458016,1.44906816,2081158.33333333
2013-09-26,EGX:MASR,1.42101792,1.45804416,1.42101792,1.43728704,222613.54166667
2013-09-29,EGX:MASR,1.43504256,1.43504256,1.41091968,1.41877344,185569.79166667
2013-09-30,EGX:MASR,1.40530944,1.44177504,1.39689504,1.41091968,333019.79166667
2013-10-01,EGX:MASR,1.41652992,1.4361648,1.40699232,1.42101792,275014.58333333
2013-10-02,EGX:MASR,1.4137248,1.4361648,1.4137248,1.42550592,403356.25
2013-10-03,EGX:MASR,1.41204192,1.47038592,1.41204192,1.45523904,1179710.41666667
2013-10-07,EGX:MASR,1.47936192,1.50628992,1.4586048,1.4860944,1040165.625
2013-10-08,EGX:MASR,1.48946016,1.52031552,1.48946016,1.51133952,4821105.20833333
2013-10-09,EGX:MASR,1.52816928,1.5708048,1.51582752,1.56295104,3529969.79166667
2013-10-10,EGX:MASR,1.56519552,1.5708048,1.52985216,1.5668784,1674290.625
2013-10-13,EGX:MASR,1.5708048,1.5708048,1.5438768,1.56743904,2804368.75
2013-10-20,EGX:MASR,1.55678016,1.55678016,1.54275552,1.54780416,314405.20833333
2013-10-21,EGX:MASR,1.55116992,1.55397504,1.51470528,1.52255904,600618.75
2013-10-22,EGX:MASR,1.54163328,1.54275552,1.52255904,1.52368128,10166015.625
2013-10-23,EGX:MASR,1.54219392,1.5534144,1.52368128,1.53658368,5618969.79166667
2013-10-24,EGX:MASR,1.55116992,1.55116992,1.52311968,1.5264864,838030.20833333
2013-10-27,EGX:MASR,1.5399504,1.54275552,1.5034848,1.51919328,761229.16666667
2013-10-28,EGX:MASR,1.50124128,1.51358304,1.48665504,1.49843616,203153.125
2013-10-29,EGX:MASR,1.47823968,1.51470528,1.47823968,1.50628992,1906980.20833333
2013-10-30,EGX:MASR,1.51470528,1.54780416,1.51470528,1.52760768,5643598.95833333
2013-10-31,EGX:MASR,1.52031552,1.5264864,1.5175104,1.52311968,2105610.41666667
2013-11-03,EGX:MASR,1.51470528,1.54724352,1.49282592,1.52368128,1122850.0
2013-11-04,EGX:MASR,1.51582752,1.53714528,1.51582752,1.5354624,416179.16666667
2013-11-06,EGX:MASR,1.54724352,1.55397504,1.53153504,1.54219392,4048915.625
2013-11-07,EGX:MASR,1.5534144,1.55397504,1.4989968,1.5219984,3098629.16666667
2013-11-10,EGX:MASR,1.50685152,1.51414368,1.49114304,1.49619168,316390.625
2013-11-11,EGX:MASR,1.49114304,1.51470528,1.4905824,1.50572928,535386.45833333
2013-11-12,EGX:MASR,1.51470528,1.53153504,1.50067968,1.50741216,727944.79166667
2013-11-13,EGX:MASR,1.50124128,1.5259248,1.49787552,1.51021728,535155.20833333
2013-11-14,EGX:MASR,1.66090656,1.66090656,1.48177632,1.5160224,636759.375
2013-11-17,EGX:MASR,1.51470528,1.53380352,1.49955744,1.52063232,460717.70833333
2013-11-18,EGX:MASR,1.51470528,1.56278016,1.51470528,1.55290176,9969497.91666667
2013-11-19,EGX:MASR,1.56080448,1.56080448,1.52787648,1.54697472,7548127.08333333
2013-11-20,EGX:MASR,1.54697472,1.54763328,1.51470528,1.54434048,7901907.29166667
2013-11-21,EGX:MASR,1.54038912,1.54104768,1.51733952,1.52194944,7670542.70833333
2013-11-24,EGX:MASR,1.51865568,1.53051072,1.50811872,1.51470528,1719979.16666667
2013-11-25,EGX:MASR,1.50811872,1.50811872,1.48836192,1.49494752,1240402.08333333
2013-11-26,EGX:MASR,1.48572768,1.51470528,1.48572768,1.49297184,598947.91666667
2013-11-27,EGX:MASR,1.4936304,1.52063232,1.45214112,1.500216,1796316.66666667
2013-11-28,EGX:MASR,1.46597088,1.50811872,1.46597088,1.48836192,640009.375
2013-12-01,EGX:MASR,1.46333664,1.51470528,1.46333664,1.49889888,618688.54166667
2013-12-02,EGX:MASR,1.48177632,1.50811872,1.48177632,1.49626464,458287.5
2013-12-03,EGX:MASR,1.48177632,1.52129088,1.48177632,1.51207008,5897459.375
2013-12-04,EGX:MASR,1.51470528,1.52787648,1.49231328,1.52524224,1076920.83333333
2013-12-05,EGX:MASR,1.51470528,1.52787648,1.49297184,1.51141248,523380.20833333
2013-12-08,EGX:MASR,1.50811872,1.52392512,1.50548448,1.51668096,169973.95833333
2013-12-09,EGX:MASR,1.4969232,1.4969232,1.48177632,1.49099616,271767.70833333
2013-12-10,EGX:MASR,1.50811872,1.51470528,1.49824032,1.51470528,1170184.375
2013-12-11,EGX:MASR,1.51470528,1.53775488,1.51470528,1.5259008,420668.75
2013-12-12,EGX:MASR,1.52721792,1.54104768,1.51470528,1.53116928,9640241.66666667
2013-12-15,EGX:MASR,1.53775488,1.56080448,1.53775488,1.55290176,4287680.20833333
2013-12-16,EGX:MASR,1.52524224,1.52524224,1.5160224,1.52194944,318040.625
2013-12-17,EGX:MASR,1.53446208,1.55356032,1.522608,1.54631616,477243.75
2013-12-18,EGX:MASR,1.52787648,1.53446208,1.522608,1.53051072,699636.45833333
2013-12-19,EGX:MASR,1.53775488,1.54104768,1.50153312,1.51536384,4699776.04166667
2013-12-22,EGX:MASR,1.50482592,1.51470528,1.49955744,1.50482592,440071.875
2013-12-23,EGX:MASR,1.49955744,1.51470528,1.49889888,1.50548448,472525.0
2013-12-24,EGX:MASR,1.49824032,1.51799712,1.48243488,1.5100944,409221.875
2013-12-25,EGX:MASR,1.50285024,1.54763328,1.50285024,1.53314496,1085804.16666667
2013-12-26,EGX:MASR,1.52326656,1.5259008,1.51470528,1.51799712,550746.875
2013-12-29,EGX:MASR,1.53775488,1.54697472,1.53116928,1.5357792,3953291.66666667
2013-12-30,EGX:MASR,1.53973056,1.54104768,1.53116928,1.53512064,1404086.45833333
2013-12-31,EGX:MASR,1.52129088,1.53709632,1.52129088,1.5291936,542431.25
2014-01-02,EGX:MASR,1.53380352,1.53643776,1.51470528,1.52063232,371160.41666667
2014-01-05,EGX:MASR,1.53182784,1.57397568,1.52326656,1.54499904,1808698.95833333
2014-01-06,EGX:MASR,1.52458368,1.5456576,1.51470528,1.53775488,8703559.375
2014-01-08,EGX:MASR,1.53116928,1.53116928,1.51470528,1.52458368,1341730.20833333
2014-01-09,EGX:MASR,1.53116928,1.53116928,1.50877728,1.5160224,2219843.75
2014-01-12,EGX:MASR,1.53116928,1.55356032,1.52787648,1.54631616,20237033.33333333
2014-01-14,EGX:MASR,1.55421888,1.58385408,1.5489504,1.57265856,5587269.79166667
2014-01-15,EGX:MASR,1.57068288,1.57068288,1.54368192,1.54960896,2177011.45833333
2014-01-16,EGX:MASR,1.54434048,1.55356032,1.5035088,1.52721792,3572993.75
2014-01-19,EGX:MASR,1.53446208,1.53446208,1.48836192,1.50548448,1460197.91666667
2014-01-20,EGX:MASR,1.51272864,1.51470528,1.49231328,1.50416736,631283.33333333
2014-01-21,EGX:MASR,1.49494752,1.50153312,1.48770336,1.4969232,4818451.04166667
2014-01-22,EGX:MASR,1.51141248,1.52129088,1.50087456,1.50877728,3205702.08333333
2014-01-23,EGX:MASR,1.5193152,1.53643776,1.50811872,1.51141248,1183007.29166667
2014-01-26,EGX:MASR,1.51536384,1.53051072,1.49824032,1.51470528,2352220.83333333
2014-01-27,EGX:MASR,1.51404576,1.51865568,1.50811872,1.51272864,815992.70833333
2014-01-28,EGX:MASR,1.52458368,1.55421888,1.51470528,1.54302336,6018553.125
2014-01-29,EGX:MASR,1.54763328,1.57792704,1.54763328,1.55948736,6877494.79166667
2014-01-30,EGX:MASR,1.55487744,1.57990272,1.54763328,1.55948736,3891088.54166667
2014-02-02,EGX:MASR,1.56936576,1.57924416,1.5588288,1.57134144,11627623.95833333
2014-02-03,EGX:MASR,1.57397568,1.60031808,1.55421888,1.5917568,8542733.33333334
2014-02-04,EGX:MASR,1.588464,1.588464,1.55158464,1.572,668084.375
2014-02-05,EGX:MASR,1.58056128,1.59702528,1.56804864,1.5818784,2093850.0
2014-02-06,EGX:MASR,1.59373248,1.61941728,1.58385408,1.6075632,3328433.33333334
2014-02-09,EGX:MASR,1.58714688,1.63192992,1.58385408,1.6141488,16239013.54166667
2014-02-10,EGX:MASR,1.62732,1.63983264,1.61349024,1.6240272,2025338.54166667
2014-02-11,EGX:MASR,1.60690464,1.62797856,1.60690464,1.61480736,2458043.75
2014-02-12,EGX:MASR,1.61349024,1.66288224,1.61349024,1.6404912,16471159.375
2014-02-13,EGX:MASR,1.68263904,1.68263904,1.64641824,1.65168672,5040448.95833334
2014-02-16,EGX:MASR,1.66288224,1.67802912,1.63653984,1.64839392,2096017.70833333
2014-02-17,EGX:MASR,1.63653984,1.65958944,1.63324704,1.64510112,6075160.41666667
2014-02-18,EGX:MASR,1.66288224,1.66946784,1.64773536,1.66156512,3702909.375
2014-02-19,EGX:MASR,1.66617504,1.68132288,1.66090656,1.67210208,19297758.33333334
2014-02-20,EGX:MASR,1.67934624,1.7122752,1.67934624,1.69646976,7034142.70833333
2014-02-23,EGX:MASR,1.7089824,1.72808064,1.699104,1.7122752,5875797.91666667
2014-02-24,EGX:MASR,1.68724992,1.72083648,1.67605344,1.7089824,1089826.04166667
2014-02-25,EGX:MASR,1.7122752,1.7386176,1.67934624,1.71490944,2861276.04166667
2014-02-26,EGX:MASR,1.7056896,1.7386176,1.6371984,1.71622656,6687788.54166667
2014-02-27,EGX:MASR,1.71754368,1.7452032,1.71754368,1.73269056,502438.54166667
2014-03-02,EGX:MASR,1.7122752,1.7122752,1.6668336,1.68988416,306859.375
2014-03-03,EGX:MASR,1.67934624,1.67934624,1.59109824,1.64312544,1717173.95833333
2014-03-04,EGX:MASR,1.64641824,1.69778688,1.63983264,1.65300384,1589884.375
2014-03-05,EGX:MASR,1.65958944,1.69120128,1.65300384,1.66880928,1622260.41666667
2014-03-06,EGX:MASR,1.67605344,1.68593184,1.66288224,1.67737056,1935208.33333333
2014-03-09,EGX:MASR,1.65300384,1.67934624,1.65300384,1.66749216,1000856.25
2014-03-10,EGX:MASR,1.65300384,1.6892256,1.65300384,1.67737056,2528460.41666667
2014-03-11,EGX:MASR,1.6958112,1.70173824,1.68198144,1.68856608,1263889.58333333
2014-03-12,EGX:MASR,1.660248,1.7056896,1.660248,1.69646976,3764135.41666667
2014-03-13,EGX:MASR,1.70503104,1.7254464,1.699104,1.7122752,6685079.16666667
2014-03-16,EGX:MASR,1.71293376,1.71293376,1.6925184,1.70371392,3725243.75
2014-03-17,EGX:MASR,1.7122752,1.7188608,1.7023968,1.7122752,2825041.66666667
2014-03-18,EGX:MASR,1.715568,1.7419104,1.70305536,1.71688512,3667405.20833333
2014-03-19,EGX:MASR,1.7452032,1.84398816,1.7287392,1.7939376,3412166.66666667
2014-03-20,EGX:MASR,1.81106016,1.90984512,1.81106016,1.87691712,5488072.91666667
2014-03-23,EGX:MASR,1.90984512,2.04155904,1.84398816,1.98294624,6973169.79166667
2014-03-24,EGX:MASR,1.97570208,2.156808,1.97570208,2.08304832,8003847.91666667
2014-03-25,EGX:MASR,2.1535152,2.26876416,2.1535152,2.22595776,6168128.125
2014-03-26,EGX:MASR,2.16075936,2.23912896,2.14758816,2.19039456,5010387.5
2014-03-27,EGX:MASR,2.2055424,2.27205696,1.97570208,2.10939072,3719013.54166667
2014-03-30,EGX:MASR,1.97899488,2.08765824,1.97175072,2.02904544,1252228.125
2014-03-31,EGX:MASR,2.09753664,2.09753664,1.86177024,1.97109216,3067618.75
2014-04-01,EGX:MASR,1.98294624,2.10741504,1.98294624,2.052096,3911432.29166667
2014-04-02,EGX:MASR,2.07382848,2.07448704,1.99743456,2.03694912,1377364.58333333
2014-04-03,EGX:MASR,2.07448704,2.07448704,1.90984512,1.96121376,2545864.58333333
2014-04-06,EGX:MASR,1.94277312,2.05012032,1.87691712,1.94211456,3106156.25
2014-04-07,EGX:MASR,1.87757568,2.07448704,1.87757568,2.00731296,1265231.25
2014-04-08,EGX:MASR,2.04155904,2.10741504,2.02838688,2.07053568,1186265.625
2014-04-09,EGX:MASR,2.07448704,2.20685856,2.00928864,2.19895584,10298219.79166667
2014-04-10,EGX:MASR,2.23254336,2.27205696,2.173272,2.24373888,5042498.95833334
2014-04-13,EGX:MASR,2.22925056,2.23254336,2.1930288,2.21607936,703932.29166667
2014-04-14,EGX:MASR,2.173272,2.24571456,2.17261344,2.22266496,3148762.5
2014-04-15,EGX:MASR,2.23912896,2.26942272,2.2384704,2.24769024,538251.04166667
2014-04-16,EGX:MASR,2.2648128,2.2648128,2.21607936,2.24373888,1472286.45833333
2014-04-17,EGX:MASR,2.4203808,2.4203808,2.30544864,2.3561088,2216844.79166667
2014-04-22,EGX:MASR,2.38106112,2.3818176,2.328888,2.35535328,1746609.375
2014-04-23,EGX:MASR,2.34476736,2.44533312,2.34401088,2.40223296,1265884.375
2014-04-27,EGX:MASR,2.41962432,2.43021024,2.37198816,2.40676992,778206.25
2014-04-28,EGX:MASR,2.41584384,2.41584384,2.34401088,2.37879264,335477.08333333
2014-04-29,EGX:MASR,2.37803712,2.37803712,2.31376608,2.36291424,149330.20833333
2014-04-30,EGX:MASR,2.3833296,2.41206336,2.37123168,2.39013504,944294.79166667
2014-05-04,EGX:MASR,2.3530848,2.41962432,2.34401088,2.38106112,507898.95833333
2014-05-05,EGX:MASR,2.34401088,2.37425664,2.34401088,2.3515728,306152.08333333
2014-05-06,EGX:MASR,2.34930432,2.5179216,2.34854784,2.48162688,3022265.625
2014-05-07,EGX:MASR,2.55572832,2.55572832,2.49372576,2.50279872,3628670.83333333
2014-05-08,EGX:MASR,2.42491776,2.53304448,2.42491776,2.50053024,1682561.45833333
2014-05-11,EGX:MASR,2.49599328,2.55572832,2.49523776,2.52321408,392479.16666667
2014-05-12,EGX:MASR,2.55119136,2.6540256,2.55119136,2.62226784,2542841.66666667
2014-05-13,EGX:MASR,2.64646368,2.66763552,2.60865792,2.6411712,1779496.875
2014-05-14,EGX:MASR,2.66536704,2.79769056,2.66536704,2.74249344,3052778.125
2014-05-15,EGX:MASR,2.74249344,2.83096032,2.74249344,2.7500544,5228029.16666667
2014-05-18,EGX:MASR,2.75610336,2.87708448,2.75610336,2.84078976,3265829.16666667
2014-05-19,EGX:MASR,2.81508192,2.94891744,2.81508192,2.90506176,1408807.29166667
2014-05-20,EGX:MASR,2.88162144,2.89220736,2.8362528,2.86574304,3050203.125
2014-05-21,EGX:MASR,2.83549728,2.85062016,2.78710464,2.82264288,4014873.95833333
2014-05-22,EGX:MASR,2.83549728,2.91262272,2.83549728,2.89296288,5034444.79166667
2014-05-25,EGX:MASR,2.89220736,2.89220736,2.85515616,2.87254752,2344542.70833333
2014-05-26,EGX:MASR,2.88010944,2.89523232,2.84305824,2.86801056,1808716.66666667
2014-05-28,EGX:MASR,2.84305824,2.84381472,2.79769056,2.82642336,3632482.29166667
2014-05-29,EGX:MASR,2.79769056,2.873304,2.64646368,2.74854144,3940073.95833333
2014-06-01,EGX:MASR,2.49599328,2.71451616,2.49599328,2.6525136,1598181.25
2014-06-02,EGX:MASR,2.6124384,2.75232288,2.6124384,2.6827584,1268179.16666667
2014-06-03,EGX:MASR,2.72207712,2.72207712,2.57765568,2.64343968,1804061.45833333
2014-06-04,EGX:MASR,2.66536704,2.74098048,2.57160672,2.63587872,7944168.75
2014-06-05,EGX:MASR,2.74098048,2.873304,2.74098048,2.802984,3225330.20833333
2014-06-09,EGX:MASR,2.8491072,2.85440064,2.73190752,2.77122624,812708.33333333
2014-06-10,EGX:MASR,2.72963904,2.83549728,2.72812704,2.81659392,3007007.29166667
2014-06-11,EGX:MASR,2.85818112,2.98672416,2.83549728,2.93606304,5301605.20833334
2014-06-12,EGX:MASR,3.00562752,3.04040928,2.93455104,2.97538176,3483177.08333333
2014-06-15,EGX:MASR,2.95269792,3.00789504,2.91111072,2.97386976,5525479.16666667
2014-06-16,EGX:MASR,2.92245312,2.95723488,2.873304,2.9020368,4903301.04166667
2014-06-17,EGX:MASR,2.87708448,2.9406,2.735688,2.81961888,2595714.58333333
2014-06-18,EGX:MASR,2.81961888,2.84305824,2.72207712,2.80147104,7137390.625
2014-06-19,EGX:MASR,2.81356896,2.82113088,2.75610336,2.78937312,2691426.04166667
2014-06-22,EGX:MASR,2.7674448,2.79769056,2.73039456,2.7802992,475063.54166667
2014-06-23,EGX:MASR,2.79769056,2.80147104,2.7470304,2.77651872,908088.54166667
2014-06-24,EGX:MASR,2.72510208,2.7901296,2.6252928,2.68956384,1442772.91666667
2014-06-25,EGX:MASR,2.58975456,2.75232288,2.5708512,2.7084672,3592271.875
2014-06-26,EGX:MASR,2.7515664,2.7515664,2.6842704,2.71375968,4737273.95833333
2014-06-29,EGX:MASR,2.70695424,2.8203744,2.70695424,2.76139584,1901047.91666667
2014-06-30,EGX:MASR,2.8203744,2.91715968,2.8203744,2.89825632,9156177.08333333
2014-07-02,EGX:MASR,2.84381472,2.91111072,2.79769056,2.88010944,5015610.41666667
2014-07-03,EGX:MASR,2.873304,2.88842688,2.85062016,2.87027904,1413220.83333333
2014-07-06,EGX:MASR,2.873304,2.94135648,2.873304,2.89976832,2056217.70833333
2014-07-07,EGX:MASR,2.91111072,2.97160128,2.86574304,2.93606304,2596260.41666667
2014-07-08,EGX:MASR,2.93303808,3.04343328,2.91111072,3.00335904,10629815.625
2014-07-09,EGX:MASR,3.03209184,3.13795008,3.02453088,3.0925824,5727256.25
2014-07-10,EGX:MASR,3.05477568,3.15685344,3.05477568,3.10241184,2151972.91666667
2014-07-13,EGX:MASR,3.06233664,3.11904672,3.03057984,3.08728992,1429504.16666667
2014-07-14,EGX:MASR,3.08124,3.1757568,3.04721472,3.13795008,1443620.83333333
2014-07-15,EGX:MASR,3.14551104,3.2702736,3.14551104,3.2286864,4343825.0
2014-07-16,EGX:MASR,3.18483072,3.25137024,3.1757568,3.20978304,4708072.91666667
2014-07-17,EGX:MASR,3.18936768,3.21356352,3.1727328,3.2014656,1988730.20833333
2014-07-20,EGX:MASR,3.1613904,3.1757568,3.08048448,3.1054368,1812487.5
2014-07-21,EGX:MASR,3.10014336,3.12887712,3.0668736,3.08275296,812873.95833333
2014-07-22,EGX:MASR,3.08124,3.13946304,3.07367904,3.10997376,1126951.04166667
2014-07-24,EGX:MASR,3.13038912,3.13038912,3.09938784,3.10997376,2340694.79166667
2014-07-27,EGX:MASR,3.10014336,3.10014336,3.05931264,3.08199648,1616093.75
2014-07-31,EGX:MASR,3.07065504,3.14475552,3.04721472,3.0910704,11031512.5
2014-08-03,EGX:MASR,3.10014336,3.11904672,3.05477568,3.09031392,2042404.16666667
2014-08-04,EGX:MASR,3.11677824,3.15307296,3.07141056,3.09711936,3339225.0
2014-08-05,EGX:MASR,3.13795008,3.30732384,3.13719456,3.24078432,5841080.20833334
2014-08-06,EGX:MASR,3.25137024,3.4782096,3.25137024,3.3663024,9307280.20833333
2014-08-07,EGX:MASR,3.44040384,3.4766976,3.34210656,3.39427968,2799457.29166667
2014-08-10,EGX:MASR,3.37235136,3.42528096,3.34286208,3.40032864,736385.41666667
2014-08-11,EGX:MASR,3.40259712,3.492576,3.38747424,3.45477024,3852003.125
2014-08-12,EGX:MASR,3.51223584,3.59162976,3.44040384,3.5281152,4091630.20833333
2014-08-13,EGX:MASR,3.55382304,3.55382304,3.44872128,3.48274656,4396211.45833334
2014-08-14,EGX:MASR,3.44493984,3.5840688,3.44493984,3.52584672,4832079.16666667
2014-08-17,EGX:MASR,3.55382304,3.63699744,3.47896608,3.5840688,3475656.25
2014-08-18,EGX:MASR,3.47972256,3.62868096,3.47972256,3.55609152,3479658.33333333
2014-08-19,EGX:MASR,3.52357824,3.67329216,3.4782096,3.61733856,17573102.08333333
2014-08-20,EGX:MASR,3.62943648,3.76554048,3.51601632,3.66497472,6856803.125
2014-08-21,EGX:MASR,3.47896608,3.59162976,3.4782096,3.52660224,3886242.70833333
2014-08-24,EGX:MASR,3.51601632,3.62943648,3.50089344,3.56214048,3576143.75
2014-08-25,EGX:MASR,3.55457952,3.59314176,3.41091456,3.46535616,3104675.0
2014-08-26,EGX:MASR,3.43284192,3.53491968,3.39579168,3.42679296,5635745.83333333
2014-08-27,EGX:MASR,3.42754944,3.45552576,3.33832608,3.39125472,2900509.375
2014-08-28,EGX:MASR,3.34588704,3.47594208,3.34588704,3.42754944,1883692.70833333
2014-08-31,EGX:MASR,3.47745408,3.50845536,3.37235136,3.41696352,1793447.91666667
2014-09-01,EGX:MASR,3.41771904,3.46308768,3.33152064,3.41015808,1989879.16666667
2014-09-02,EGX:MASR,3.4479648,3.55306752,3.44493984,3.50089344,3195533.33333333
2014-09-03,EGX:MASR,3.5152608,3.5152608,3.42906144,3.46157472,3000620.83333333
2014-09-04,EGX:MASR,3.46913664,3.491064,3.40259712,3.44267136,5131702.08333334
2014-09-07,EGX:MASR,3.43435392,3.4782096,3.3647904,3.41167008,2840736.45833333
2014-09-08,EGX:MASR,3.3647904,3.46308768,3.25137024,3.36252192,3782879.16666667
2014-09-09,EGX:MASR,3.34588704,3.34891104,3.1757568,3.23171136,5138612.5
2014-09-10,EGX:MASR,3.2959824,3.32849568,3.20600256,3.27405408,10362836.45833334
2014-09-11,EGX:MASR,3.25137024,3.32698368,3.1757568,3.2702736,3283008.33333333
2014-09-14,EGX:MASR,3.353448,3.3965472,3.20524608,3.27481056,2908341.66666667
2014-09-15,EGX:MASR,3.2430528,3.28917696,3.19844064,3.25061472,6826675.0
2014-09-16,EGX:MASR,3.32547168,3.34588704,3.25137024,3.30429984,4739300.0
2014-09-17,EGX:MASR,3.28010304,3.31564128,3.21356352,3.26044416,14999676.04166666
2014-09-18,EGX:MASR,3.30732384,3.58633728,3.30732384,3.46989216,21661062.5
2014-09-21,EGX:MASR,3.6385104,3.69521952,3.5182848,3.62111904,11064942.70833333
2014-09-22,EGX:MASR,3.561384,3.78066336,3.55306752,3.67631712,19927995.83333334
2014-09-23,EGX:MASR,3.68236608,3.74285664,3.60675264,3.66346272,7699995.83333334
2014-09-24,EGX:MASR,3.64833984,3.67480416,3.5167728,3.5840688,8924426.04166667
2014-09-25,EGX:MASR,3.55382304,3.6400224,3.40864608,3.55609152,9948362.5
2014-09-28,EGX:MASR,3.4782096,3.53340768,3.41318208,3.4782096,7033564.58333334
2014-09-29,EGX:MASR,3.56894592,3.59162976,3.48199104,3.5296272,8261588.54166667
2014-09-30,EGX:MASR,3.49711296,3.5311392,3.41318208,3.46838016,5621758.33333334
2014-10-01,EGX:MASR,3.43586688,3.4782096,3.38747424,3.43964736,4642060.41666667
2014-10-02,EGX:MASR,3.4751856,3.5439936,3.44040384,3.49786944,5321358.33333333
2014-10-08,EGX:MASR,3.5296272,3.5311392,3.40335264,3.45628224,3434477.08333333
2014-10-09,EGX:MASR,3.45930624,3.4751856,3.41015808,3.44720832,1953310.41666667
2014-10-12,EGX:MASR,3.40259712,3.41393856,3.15836544,3.27859104,7891310.41666667
2014-10-13,EGX:MASR,3.24380928,3.2589312,3.13795008,3.19390464,5700652.08333333
2014-10-14,EGX:MASR,3.1228272,3.19692864,2.91262272,3.02604288,8719519.79166666
2014-10-15,EGX:MASR,3.06158112,3.0925824,2.95723488,3.00789504,3005925.0
2014-10-16,EGX:MASR,2.92018368,2.97916224,2.72510208,2.85666912,8480153.125
2014-10-19,EGX:MASR,2.89220736,3.02453088,2.69636928,2.80525152,5495861.45833333
2014-10-20,EGX:MASR,2.79769056,2.93001408,2.76064032,2.85440064,4462334.375
2014-10-21,EGX:MASR,2.8475952,2.93984352,2.84003424,2.89145088,3855019.79166667
2014-10-22,EGX:MASR,2.94816096,3.08124,2.90354976,2.99277312,6881558.33333333
2014-10-23,EGX:MASR,3.02453088,3.1069488,2.98672416,3.04645824,8379561.45833333
2014-10-26,EGX:MASR,3.0252864,3.06233664,2.92850208,2.99352864,3592051.04166667
2014-10-27,EGX:MASR,2.94891744,3.00109056,2.83474176,2.9020368,8028687.5
2014-10-28,EGX:MASR,2.871792,3.009408,2.85062016,2.92698912,5268380.20833333
2014-10-29,EGX:MASR,3.00184608,3.05477568,2.93833152,2.98596768,18951443.75000001
2014-10-30,EGX:MASR,3.04418976,3.15231648,3.009408,3.08275296,13090412.5
2014-11-02,EGX:MASR,3.13795008,3.21432,3.11450976,3.1757568,18048222.91666667
2014-11-03,EGX:MASR,3.19466016,3.2286864,3.16819584,3.19919712,6326036.45833333
2014-11-04,EGX:MASR,3.1999536,3.31110432,3.1870992,3.25212576,11724822.91666667
2014-11-05,EGX:MASR,3.19466016,3.27405408,3.1757568,3.23246688,4496943.75
2014-11-06,EGX:MASR,3.25137024,3.28010304,3.1228272,3.18936768,5448977.08333333
2014-11-09,EGX:MASR,3.1886112,3.20978304,3.13795008,3.16970784,2234473.95833333
2014-11-10,EGX:MASR,3.1727328,3.32017824,3.13795008,3.2543952,9578557.29166667
2014-11-11,EGX:MASR,3.35722848,3.41393856,3.29976288,3.35117952,11745520.83333334
2014-11-12,EGX:MASR,3.3103488,3.32698368,3.21053856,3.26724864,5430315.625
2014-11-13,EGX:MASR,3.22339296,3.25515072,3.1757568,3.22641792,5774269.79166667
2014-11-16,EGX:MASR,3.281616,3.281616,3.19087968,3.23246688,1456137.5
2014-11-17,EGX:MASR,3.18936768,3.23549184,3.13795008,3.17878176,3448032.29166667
2014-11-18,EGX:MASR,3.1901232,3.22112448,3.15836544,3.1886112,2117086.45833333
2014-11-19,EGX:MASR,3.2044896,3.25061472,3.1757568,3.21205152,4475564.58333334
2014-11-20,EGX:MASR,3.24229632,3.26649312,3.1757568,3.19919712,2999414.58333333
2014-11-23,EGX:MASR,3.20978304,3.28917696,3.19087968,3.24532128,5162538.54166667
2014-11-24,EGX:MASR,3.281616,3.28690848,3.17651328,3.21507552,3136397.91666667
2014-11-25,EGX:MASR,3.23624736,3.30051936,3.20600256,3.26422464,9395859.375
2014-11-26,EGX:MASR,3.31110432,3.3232032,3.2702736,3.30581184,6603316.66666667
2014-11-27,EGX:MASR,3.28592256,3.3928608,3.26161824,3.3364752,9666805.20833333
2014-11-30,EGX:MASR,3.37244544,3.37244544,3.21981504,3.27522912,4069445.83333333
2014-12-01,EGX:MASR,3.27231264,3.2800896,3.17120736,3.20134464,3944683.33333333
2014-12-02,EGX:MASR,3.19842816,3.22759296,3.09246144,3.14787552,2290050.0
2014-12-03,EGX:MASR,3.11384928,3.24606336,3.09926688,3.18773376,2948291.66666667
2014-12-04,EGX:MASR,3.24703584,3.30439392,3.24314784,3.27911712,6892567.70833333
2014-12-07,EGX:MASR,3.27522912,3.29564448,3.21592704,3.2635632,2276427.08333333
2014-12-08,EGX:MASR,3.24703584,3.32480928,3.20814912,3.28786656,8118162.5
2014-12-09,EGX:MASR,3.27036768,3.32966976,3.1692624,3.24606336,10120632.29166667
2014-12-10,EGX:MASR,3.18578976,3.23925888,3.12843168,3.18287328,1732755.20833333
2014-12-11,EGX:MASR,3.11384928,3.14884704,3.0253824,3.081768,5585040.625
2014-12-14,EGX:MASR,3.01371648,3.01371648,2.77359072,2.8290048,5431321.875
2014-12-15,EGX:MASR,2.8435872,2.9164992,2.80275552,2.84455872,5740025.0
2014-12-16,EGX:MASR,2.8183104,2.8183104,2.62484928,2.70067872,4649941.66666667
2014-12-17,EGX:MASR,2.72109408,2.81247744,2.43138816,2.50332864,5149517.70833333
2014-12-18,EGX:MASR,2.58596256,2.67151392,2.55193728,2.61415584,3522707.29166667
2014-12-21,EGX:MASR,2.6929008,2.84164224,2.6929008,2.78331264,8897302.08333333
2014-12-22,EGX:MASR,2.77942368,2.90386176,2.76095232,2.84844768,6811322.91666667
2014-12-23,EGX:MASR,2.90677728,2.96510784,2.84942016,2.9164992,7036466.66666667
2014-12-24,EGX:MASR,2.91747168,2.98455072,2.84844768,2.90774976,2295821.875
2014-12-25,EGX:MASR,2.86789152,2.94274752,2.83483776,2.8873344,1413563.54166667
2014-12-28,EGX:MASR,2.8873344,2.91261024,2.83678176,2.88636192,43137146.87500002
2014-12-29,EGX:MASR,2.8873344,2.96510784,2.87858496,2.93399808,2442758.33333333
2014-12-30,EGX:MASR,2.9164992,2.96024736,2.86886304,2.91163872,2358892.70833333
2014-12-31,EGX:MASR,2.90677728,2.92135968,2.84067072,2.8873344,4342504.16666667
2015-01-04,EGX:MASR,2.89025088,2.9164992,2.8601136,2.88830688,970304.16666667
2015-01-05,EGX:MASR,2.90677728,2.9164992,2.84942016,2.88344544,918503.125
2015-01-06,EGX:MASR,2.81928288,2.85330816,2.72206656,2.78525664,2570904.16666667
2015-01-08,EGX:MASR,2.8853904,2.8873344,2.81928288,2.84942016,1316446.875
2015-01-11,EGX:MASR,2.86789152,2.86789152,2.80081152,2.82803232,433019.79166667
2015-01-12,EGX:MASR,2.81928288,2.93399808,2.81928288,2.90774976,4355451.04166667
2015-01-13,EGX:MASR,2.86983552,3.06815712,2.86789152,3.01857696,5957267.70833333
2015-01-14,EGX:MASR,3.03801984,3.1255152,3.01371648,3.08662848,8087186.45833333
2015-01-15,EGX:MASR,3.0691296,3.25675776,3.04288128,3.17509536,8218832.29166667
2015-01-18,EGX:MASR,3.19842816,3.32286528,3.18870624,3.27620064,6536537.5
2015-01-19,EGX:MASR,3.26842368,3.363696,3.24897984,3.31605984,7480673.95833333
2015-01-20,EGX:MASR,3.363696,3.40258272,3.25772928,3.3510576,6688939.58333334
2015-01-21,EGX:MASR,3.28592256,3.31508736,3.2509248,3.29758848,4817384.375
2015-01-22,EGX:MASR,3.3092544,3.35883552,3.23439744,3.27717312,5347225.0
2015-01-26,EGX:MASR,3.25772928,3.34619712,3.23439744,3.27328416,6117130.20833334
2015-01-27,EGX:MASR,3.3491136,3.49688256,3.32966976,3.43758048,13116903.12500001
2015-01-28,EGX:MASR,3.42688704,3.51049344,3.40355424,3.46771776,6165212.5
2015-01-29,EGX:MASR,3.43272,3.47063424,3.38313888,3.41522112,3486120.83333333
2015-02-01,EGX:MASR,3.38313888,3.40258272,3.32480928,3.35494656,2284362.5
2015-02-02,EGX:MASR,3.40161024,3.43174752,3.3345312,3.37730688,2724972.91666667
2015-02-03,EGX:MASR,3.42105408,3.5182704,3.40258272,3.47938368,6664385.41666667
2015-02-04,EGX:MASR,3.48327264,3.57757248,3.48035616,3.53868576,7636383.33333333
2015-02-05,EGX:MASR,3.49979904,3.5872944,3.48132864,3.54160224,4441679.16666667
2015-02-08,EGX:MASR,3.55424064,3.59701632,3.5143824,3.56785152,3305397.91666667
2015-02-09,EGX:MASR,3.52313184,3.56299008,3.48716064,3.50854848,2343089.58333333
2015-02-10,EGX:MASR,3.49979904,3.54451872,3.43174752,3.49591008,1857837.5
2015-02-11,EGX:MASR,3.49979904,3.52410336,3.34522464,3.42105408,1026755.20833333
2015-02-12,EGX:MASR,3.40258272,3.47063424,3.37341792,3.43369152,1857967.70833333
2015-02-15,EGX:MASR,3.48813312,3.53674176,3.45896832,3.49688256,1319186.45833333
2015-02-16,EGX:MASR,3.42688704,3.47743968,3.3491136,3.38702784,2557454.16666667
2015-02-17,EGX:MASR,3.4181376,3.42688704,3.19745568,3.29953248,4905284.375
2015-02-18,EGX:MASR,3.37050144,3.42299808,3.34425312,3.39674976,2068709.375
2015-02-19,EGX:MASR,3.40258272,3.41230368,3.28786656,3.36077952,3565746.875
2015-02-22,EGX:MASR,3.37050144,3.40258272,3.35397408,3.38702784,619690.625
2015-02-23,EGX:MASR,3.40938816,3.47063424,3.34425312,3.40161024,1521679.16666667
2015-02-24,EGX:MASR,3.40063872,3.42688704,3.3092544,3.36466848,667005.20833333
2015-02-25,EGX:MASR,3.34425312,3.3782784,3.26647872,3.3053664,866121.875
2015-02-26,EGX:MASR,3.3053664,3.38313888,3.25675776,3.3199488,2925905.20833333
2015-03-01,EGX:MASR,3.40161024,3.41230368,3.3053664,3.34328064,3876420.83333333
2015-03-02,EGX:MASR,3.39772224,3.45119136,3.38508384,3.42105408,1539704.16666667
2015-03-03,EGX:MASR,3.41327616,3.46966176,3.38605632,3.42688704,4393160.41666667
2015-03-04,EGX:MASR,3.40258272,3.436608,3.38411136,3.40452672,3587214.58333333
2015-03-05,EGX:MASR,3.43174752,3.48035616,3.42299808,3.45216288,3554276.04166667
2015-03-08,EGX:MASR,3.45216288,3.56396256,3.42688704,3.52799232,5785778.125
2015-03-09,EGX:MASR,3.52604736,3.59409984,3.51924288,3.56979552,4422508.33333333
2015-03-10,EGX:MASR,3.56104608,3.63590304,3.47355072,3.574656,5274069.79166667
2015-03-11,EGX:MASR,3.4910496,3.52410336,3.45119136,3.4725792,2261994.79166667
2015-03-12,EGX:MASR,3.49882752,3.51924288,3.43369152,3.45896832,1683048.95833333
2015-03-15,EGX:MASR,3.59604384,3.59701632,3.4074432,3.49493856,2423489.58333333
2015-03-16,EGX:MASR,3.41230368,3.48035616,3.35397408,3.38800032,3740553.125
2015-03-17,EGX:MASR,3.35786304,3.47063424,3.35689056,3.42299808,1694530.20833333
2015-03-18,EGX:MASR,3.36952896,3.3909168,3.31703232,3.35883552,1605910.41666667
2015-03-19,EGX:MASR,3.40161024,3.4220256,3.35689056,3.39577728,2070611.45833333
2015-03-22,EGX:MASR,3.33744768,3.36952896,3.29564448,3.32869824,2185011.45833333
2015-03-23,EGX:MASR,3.30633792,3.40258272,3.30342144,3.35786304,1286847.91666667
2015-03-24,EGX:MASR,3.36564,3.36564,3.3053664,3.32286528,2462051.04166667
2015-03-25,EGX:MASR,3.34619712,3.34814112,3.23925888,3.2635632,8495504.16666667
2015-03-26,EGX:MASR,3.20814912,3.20814912,3.1274592,3.16634592,3751844.79166667
2015-03-29,EGX:MASR,3.20814912,3.23148192,3.10121088,3.14690304,989971.875
2015-03-30,EGX:MASR,3.10121088,3.30050496,2.91747168,3.25189728,5340148.95833333
2015-03-31,EGX:MASR,3.29953248,3.39674976,3.29953248,3.37147296,6770326.04166667
2015-04-01,EGX:MASR,3.35300256,3.44535744,3.25384128,3.32869824,3651800.0
2015-04-02,EGX:MASR,3.24023136,3.35397408,3.09343392,3.1945392,4482864.58333333
2015-04-05,EGX:MASR,3.1945392,3.20814912,3.04871424,3.1109328,2749458.33333333
2015-04-06,EGX:MASR,3.1673184,3.18676128,2.96608032,3.07204608,3068866.66666667
2015-04-07,EGX:MASR,3.13620864,3.19745568,3.01954944,3.1255152,2623204.16666667
2015-04-08,EGX:MASR,3.01857696,3.17606784,2.91941568,3.12065376,3048367.70833333
2015-04-09,EGX:MASR,3.15856896,3.15856896,3.0963504,3.12843168,1335634.375
2015-04-14,EGX:MASR,3.15954144,3.20328864,3.1400976,3.17606784,1811145.83333333
2015-04-15,EGX:MASR,3.19842816,3.23439744,3.1235712,3.1819008,3672701.04166667
2015-04-16,EGX:MASR,3.1838448,3.20037216,3.13037568,3.1799568,1127086.45833333
2015-04-19,EGX:MASR,3.17898432,3.24897984,3.12454272,3.18481728,2346790.625
2015-04-20,EGX:MASR,3.1109328,3.16440192,3.09148896,3.1128768,1465889.58333333
2015-04-21,EGX:MASR,3.15565248,3.18870624,3.09246144,3.13620864,2656308.33333333
2015-04-22,EGX:MASR,3.1128768,3.19745568,3.0963504,3.15468,1293932.29166667
2015-04-23,EGX:MASR,3.18870624,3.1964832,3.15176352,3.17120736,737747.91666667
2015-04-26,EGX:MASR,3.1420416,3.17704032,3.11579328,3.13523712,765351.04166667
2015-04-27,EGX:MASR,3.13426464,3.14495808,2.99718912,3.0438528,3292871.875
2015-04-28,EGX:MASR,2.98163424,3.01371648,2.9164992,2.98163424,2412687.5
2015-04-29,EGX:MASR,3.04968672,3.16342944,2.95538592,3.05746368,3895101.04166667
2015-04-30,EGX:MASR,3.12065376,3.19259424,3.12065376,3.17606784,3533243.75
2015-05-03,EGX:MASR,3.15954144,3.23245344,3.1109328,3.19745568,4480529.16666667
2015-05-04,EGX:MASR,3.17087712,3.36600768,3.17087712,3.31234656,3467695.83333333
2015-05-05,EGX:MASR,3.3867408,3.47332992,3.3867408,3.44162112,6077668.75
2015-05-06,EGX:MASR,3.48674496,3.48674496,3.35990976,3.4038144,2958932.29166667
2015-05-07,EGX:MASR,3.41357088,3.43064448,3.34771488,3.3733248,2037081.25
2015-05-10,EGX:MASR,3.38186208,3.41235168,3.35990976,3.39405792,998216.66666667
2015-05-11,EGX:MASR,3.41113152,3.42698592,3.35381184,3.3708864,1239160.41666667
2015-05-12,EGX:MASR,3.39649728,3.41235168,3.3245424,3.36234912,714230.20833333
2015-05-13,EGX:MASR,3.33185952,3.34893408,3.23185536,3.28063776,2005767.70833333
2015-05-14,EGX:MASR,3.2928336,3.31356672,3.117216,3.21478176,2754688.54166667
2015-05-17,EGX:MASR,3.20746368,3.3233232,3.14648544,3.22209888,766529.16666667
2015-05-18,EGX:MASR,3.28063776,3.54406464,3.28063776,3.51845376,4807489.58333333
2015-05-19,EGX:MASR,3.62211744,3.62211744,3.46357344,3.52211232,5479081.25
2015-05-20,EGX:MASR,3.43918176,3.5306496,3.43064448,3.4989408,2748475.0
2015-05-21,EGX:MASR,3.53674752,3.74407392,3.53552736,3.66602112,9163248.95833333
2015-05-24,EGX:MASR,3.67089984,3.77944128,3.658704,3.72821952,1674998.95833333
2015-05-25,EGX:MASR,3.69529152,3.71236512,3.63431232,3.65992416,4847757.29166667
2015-05-26,EGX:MASR,3.70992576,3.82944384,3.70992576,3.76358688,3713813.54166667
2015-05-27,EGX:MASR,3.7684656,3.86115264,3.6891936,3.80505216,6028439.58333333
2015-05-28,EGX:MASR,3.84163968,3.9148128,3.81480864,3.88432416,5054244.79166667
2015-06-02,EGX:MASR,3.63553248,3.75139104,3.63553248,3.7221216,2868170.83333333
2015-06-03,EGX:MASR,3.73065888,3.9148128,3.73065888,3.850176,5835868.75
2015-06-04,EGX:MASR,3.84163968,3.8953008,3.73187808,3.8026128,3209422.91666667
2015-06-07,EGX:MASR,3.74407392,3.82944384,3.71968224,3.77578272,1783197.91666667
2015-06-08,EGX:MASR,3.737976,3.75870912,3.61723872,3.67821696,3837645.83333333
2015-06-09,EGX:MASR,3.61601952,3.71358528,3.60382368,3.66480192,1623031.25
2015-06-10,EGX:MASR,3.71968224,3.73187808,3.62211744,3.66236256,2063134.375
2015-06-11,EGX:MASR,3.62943456,3.658704,3.59162784,3.61236096,1739352.08333333
2015-06-14,EGX:MASR,3.64650816,3.64650816,3.47576928,3.50259936,2608741.66666667
2015-06-15,EGX:MASR,3.52455168,3.5611392,3.41479008,3.45381696,3198805.20833333
2015-06-16,EGX:MASR,3.45747552,3.53796672,3.45747552,3.51357504,2281445.83333333
2015-06-17,EGX:MASR,3.53674752,3.54894336,3.50016,3.5306496,1463346.875
2015-06-18,EGX:MASR,3.50747808,3.53796672,3.50016,3.5294304,1287467.70833333
2015-06-21,EGX:MASR,3.52699104,3.52699104,3.44527968,3.47820768,718566.66666667
2015-06-22,EGX:MASR,3.52455168,3.52455168,3.44162112,3.45991488,1844814.58333333
2015-06-23,EGX:MASR,3.4367424,3.46357344,3.3733248,3.40625376,1894532.29166667
2015-06-24,EGX:MASR,3.44893824,3.4525968,3.37820352,3.41479008,1895031.25
2015-06-25,EGX:MASR,3.39161856,3.50016,3.341616,3.41479008,6092919.79166667
2015-06-28,EGX:MASR,3.52455168,3.53674752,3.4525968,3.51357504,2343205.20833333
2015-06-29,EGX:MASR,3.48796416,3.48918432,3.41479008,3.44893824,2564308.33333333
2015-07-02,EGX:MASR,3.3257616,3.41601024,3.31722528,3.36600768,16547645.83333333
2015-07-05,EGX:MASR,3.41235168,3.41357088,3.05013984,3.30502944,1335841.66666667
2015-07-06,EGX:MASR,3.12331392,3.2928336,3.0550176,3.17941344,1102912.5
2015-07-07,EGX:MASR,3.18917088,3.1952688,2.98794144,3.04891968,3906744.79166667
2015-07-08,EGX:MASR,3.04891968,3.12209376,2.97696576,3.04160256,1661105.20833333
2015-07-09,EGX:MASR,3.0550176,3.10745952,2.96354976,3.03550464,2903584.375
2015-07-12,EGX:MASR,3.04891968,3.09404448,2.87208288,2.98062432,2301157.29166667
2015-07-13,EGX:MASR,2.96354976,2.9757456,2.74646688,2.82573888,2406044.79166667
2015-07-14,EGX:MASR,2.86598496,2.9269632,2.85622848,2.89769376,2705250.0
2015-07-15,EGX:MASR,2.925744,3.01721088,2.92208448,2.96842848,3551381.25
2015-07-16,EGX:MASR,2.99647872,3.04891968,2.97696576,3.01843104,2334104.16666667
2015-07-21,EGX:MASR,3.04891968,3.13063104,3.0367248,3.0855072,2836317.70833333
2015-07-22,EGX:MASR,3.04891968,3.1001424,3.03184608,3.07331136,1744842.70833333
2015-07-26,EGX:MASR,3.10989888,3.12697248,2.9269632,3.02940672,1997245.83333333
2015-07-27,EGX:MASR,2.97208704,2.97208704,2.89037664,2.92208448,1715178.125
2015-07-28,EGX:MASR,2.9269632,2.98794144,2.9269632,2.96233056,2016876.04166667
2015-07-29,EGX:MASR,2.98306368,3.0684336,2.98306368,3.02574816,2928242.70833333
2015-07-30,EGX:MASR,3.06111552,3.08916576,3.00135744,3.0525792,2920675.0
2015-08-02,EGX:MASR,3.04891968,3.084288,2.9428176,3.01721088,2920984.375
2015-08-03,EGX:MASR,3.00013728,3.01233312,2.9269632,2.96111136,2273126.04166667
2015-08-04,EGX:MASR,2.97818496,3.0367248,2.96476992,3.00257664,3133455.20833333
2015-08-05,EGX:MASR,3.01111392,3.0208704,2.89891296,2.93793984,2590189.58333333
2015-08-09,EGX:MASR,2.91476736,2.91476736,2.78793312,2.82330048,2466242.70833333
2015-08-10,EGX:MASR,2.79281088,2.85256992,2.78793312,2.81842176,2945090.625
2015-08-11,EGX:MASR,2.87452224,2.8781808,2.80500672,2.84403264,3944403.125
2015-08-12,EGX:MASR,2.80378656,2.80378656,2.73305184,2.75866272,3928118.75
2015-08-13,EGX:MASR,2.75744352,2.7684192,2.65987776,2.7184176,3453132.29166667
2015-08-16,EGX:MASR,2.6720736,2.68426944,2.5135296,2.62207104,2164071.875
2015-08-17,EGX:MASR,2.6098752,2.72573472,2.52450624,2.65865856,3335650.0
2015-08-18,EGX:MASR,2.68426944,2.6891472,2.54889696,2.58670368,3171916.66666667
2015-08-19,EGX:MASR,2.58670368,2.66719584,2.53670112,2.5940208,1995321.875
2015-08-20,EGX:MASR,2.58060576,2.63060832,2.55133632,2.58548448,4270264.58333333
2015-08-23,EGX:MASR,2.51840832,2.51840832,2.33059488,2.41230528,4666831.25
2015-08-24,EGX:MASR,2.32937472,2.43913632,2.17205088,2.29522752,4678860.41666667
2015-08-25,EGX:MASR,2.25498144,2.37084,2.25498144,2.32571616,2691502.08333333
2015-08-26,EGX:MASR,2.33303328,2.3391312,2.25620064,2.29888608,2200788.54166667
2015-08-27,EGX:MASR,2.38181664,2.42206272,2.36596224,2.39401152,3739938.54166667
2015-08-30,EGX:MASR,2.42328192,2.53060416,2.42328192,2.47816224,7359701.04166667
2015-08-31,EGX:MASR,2.46962496,2.70744096,2.4330384,2.59646016,6389670.83333333
2015-09-01,EGX:MASR,2.63426688,2.70744096,2.56840992,2.6245104,3962828.125
2015-09-02,EGX:MASR,2.57084928,2.62207104,2.51596896,2.575728,5917668.75
2015-09-03,EGX:MASR,2.62085184,2.67573216,2.56719072,2.60499744,1372745.83333333
2015-09-06,EGX:MASR,2.60133888,2.6098752,2.50499328,2.55011712,1331841.66666667
2015-09-07,EGX:MASR,2.5598736,2.58548448,2.3537664,2.47694304,3076656.25
2015-09-08,EGX:MASR,2.39645088,2.43791616,2.26351776,2.32693536,2690342.70833333
2015-09-09,EGX:MASR,2.39035296,2.4025488,2.32815552,2.36474208,1651316.66666667
2015-09-10,EGX:MASR,2.33181408,2.37327936,2.29400736,2.3366928,1133957.29166667
2015-09-13,EGX:MASR,2.3525472,2.42450112,2.34278976,2.37449856,805182.29166667
2015-09-14,EGX:MASR,2.37693792,2.43669696,2.36596224,2.40986688,2118059.375
2015-09-15,EGX:MASR,2.42450112,2.44523424,2.38059648,2.42694048,3396901.04166667
2015-09-16,EGX:MASR,2.45986848,2.5464576,2.44523424,2.50377312,3934409.375
2015-09-17,EGX:MASR,2.51962752,2.59889952,2.51962752,2.53426272,22344034.375
2015-09-20,EGX:MASR,2.5610928,2.64402336,2.5610928,2.61719328,2953152.08333333
2015-09-21,EGX:MASR,2.59767936,2.73914976,2.59767936,2.6891472,5462881.25
2015-09-22,EGX:MASR,2.73061248,2.7684192,2.69036736,2.72329536,5370661.45833333
2015-09-28,EGX:MASR,2.76232128,2.7672,2.69402592,2.74036896,1907345.83333333
2015-09-29,EGX:MASR,2.6867088,2.74402848,2.68304928,2.70988032,5337684.375
2015-09-30,EGX:MASR,2.70622176,2.74524768,2.68304928,2.70744096,1883907.29166667
2015-10-01,EGX:MASR,2.69646528,2.75622336,2.69036736,2.71719744,2056596.875
2015-10-04,EGX:MASR,2.70622176,2.71353888,2.59889952,2.641584,658856.25
2015-10-05,EGX:MASR,2.66231712,2.68061088,2.5610928,2.60133888,3206264.58333333
2015-10-07,EGX:MASR,2.6098752,2.65865856,2.6098752,2.63182752,2275880.20833333
2015-10-08,EGX:MASR,2.6708544,2.7050016,2.6403648,2.67695232,4131168.75
2015-10-11,EGX:MASR,2.68304928,2.74280832,2.6391456,2.70134304,2603111.45833333
2015-10-12,EGX:MASR,2.73183264,2.89037664,2.73183264,2.82451968,12127547.91666667
2015-10-13,EGX:MASR,2.81232384,2.8476912,2.79403008,2.82208032,8441680.20833334
2015-10-15,EGX:MASR,2.84037408,2.84159328,2.70866016,2.79403008,3625251.04166667
2015-10-18,EGX:MASR,2.75866272,2.7976896,2.74402848,2.7659808,1687348.95833333
2015-10-19,EGX:MASR,2.78061504,3.00013728,2.77085856,2.89159584,6712304.16666667
2015-10-20,EGX:MASR,2.98550304,2.98794144,2.85378912,2.89769376,4184843.75
2015-10-21,EGX:MASR,2.86598496,2.96598912,2.86598496,2.93184192,3257842.70833333
2015-10-22,EGX:MASR,2.90623104,2.9269632,2.85378912,2.87574144,2756730.20833333
2015-10-25,EGX:MASR,2.925744,3.01233312,2.89281504,2.96476992,5438406.25
2015-10-26,EGX:MASR,2.9574528,3.00867456,2.9269632,2.96598912,4488850.0
2015-10-27,EGX:MASR,3.02330976,3.07331136,2.9598912,3.03062688,3224467.70833333
2015-10-28,EGX:MASR,3.00989376,3.01111392,2.90379168,2.93793984,4041494.79166667
2015-10-29,EGX:MASR,2.98550304,2.98794144,2.91842592,2.94647616,2903577.08333333
2015-11-01,EGX:MASR,2.91842592,2.96111136,2.80622592,2.8623264,1722570.83333333
2015-11-02,EGX:MASR,2.85256992,2.93915904,2.85256992,2.90135232,2185280.20833333
2015-11-03,EGX:MASR,2.95379328,3.00013728,2.90866944,2.95501344,3490991.66666667
2015-11-04,EGX:MASR,2.9269632,2.958672,2.90866944,2.94037824,945902.08333333
2015-11-05,EGX:MASR,2.96354976,3.04770048,2.9574528,3.00989376,3976244.79166667
2015-11-08,EGX:MASR,2.93428032,2.96964864,2.84525184,2.91964608,2734269.79166667
2015-11-09,EGX:MASR,2.87452224,2.925744,2.75622336,2.84037408,2115943.75
2015-11-10,EGX:MASR,2.81110464,2.81964192,2.61719328,2.69036736,4592257.29166667
2015-11-11,EGX:MASR,2.64890208,2.72451456,2.6232912,2.67817152,2529018.75
2015-11-12,EGX:MASR,2.74402848,2.79281088,2.71597824,2.74280832,2009544.79166667
2015-11-15,EGX:MASR,2.66475648,2.66475648,2.50011456,2.57084928,1820555.20833333
2015-11-16,EGX:MASR,2.62207104,2.64280416,2.52206688,2.6098752,4098516.66666667
2015-11-17,EGX:MASR,2.66597568,2.69402592,2.5610928,2.62573056,2431155.20833333
2015-11-18,EGX:MASR,2.62207104,2.79281088,2.6098752,2.720856,1769362.5
2015-11-19,EGX:MASR,2.800128,2.85378912,2.78061504,2.81110464,2325308.33333333
2015-11-22,EGX:MASR,2.79037152,2.86598496,2.79037152,2.81842176,3515120.83333333
2015-11-23,EGX:MASR,2.8159824,2.83549536,2.71353888,2.7659808,2102557.29166667
2015-11-24,EGX:MASR,2.71353888,2.78061504,2.71109952,2.74768704,1782657.29166667
2015-11-25,EGX:MASR,2.78671296,2.79281088,2.69646528,2.75744352,2439286.45833333
2015-11-26,EGX:MASR,2.75622336,2.78671296,2.72573472,2.74890624,681272.91666667
2015-11-29,EGX:MASR,2.75622336,2.76963936,2.72329536,2.74280832,754281.25
2015-11-30,EGX:MASR,2.73183264,2.74402848,2.65865856,2.6891472,1692461.45833333
2015-12-01,EGX:MASR,2.655,2.75744352,2.655,2.734272,786271.875
2015-12-02,EGX:MASR,2.76110208,2.87208288,2.76110208,2.83915488,3652195.83333333
2015-12-03,EGX:MASR,2.88793728,2.93915904,2.8293984,2.88305856,3028950.0
2015-12-06,EGX:MASR,2.8293984,2.95501344,2.81232384,2.912328,2352140.625
2015-12-07,EGX:MASR,2.97208704,3.01233312,2.88427872,2.93306112,3538637.5
2015-12-08,EGX:MASR,2.89037664,2.9269632,2.84891136,2.90135232,1292226.04166667
2015-12-09,EGX:MASR,2.89037664,2.93793984,2.86598496,2.91842592,841241.66666667
2015-12-10,EGX:MASR,2.93671968,2.93671968,2.84159328,2.8781808,1130985.41666667
2015-12-13,EGX:MASR,2.81110464,2.83305696,2.76354144,2.8013472,1509840.625
2015-12-14,EGX:MASR,2.8293984,2.8293984,2.75622336,2.78549376,1123951.04166667
2015-12-15,EGX:MASR,2.80378656,2.86110624,2.79646944,2.84037408,1316706.25
2015-12-16,EGX:MASR,2.86598496,2.9574528,2.84159328,2.90379168,3768775.0
2015-12-17,EGX:MASR,2.96111136,3.04891968,2.94037824,2.99403936,3924806.25
2015-12-20,EGX:MASR,2.95623264,3.05013984,2.9440368,3.0220896,2745817.70833333
2015-12-21,EGX:MASR,2.98794144,3.05135904,2.96111136,3.02818752,3072537.5
2015-12-22,EGX:MASR,3.02330976,3.19404864,3.01477248,3.10380096,6632535.41666667
2015-12-24,EGX:MASR,3.1952688,3.24892896,3.17941344,3.2123424,2208659.375
2015-12-27,EGX:MASR,3.22575744,3.26722272,3.1489248,3.18551232,2375739.58333333
2015-12-28,EGX:MASR,3.14770464,3.21600096,3.1342896,3.15502272,2703853.125
2015-12-29,EGX:MASR,3.16843776,3.341616,3.12941184,3.22209888,8064768.75
2015-12-30,EGX:MASR,3.35259264,3.38918016,3.30137088,3.35137344,2495076.04166667
2015-12-31,EGX:MASR,3.34649472,3.37576416,3.31722528,3.34527552,2274310.41666667
2016-01-03,EGX:MASR,3.33551904,3.47576928,3.32942112,3.4196688,2726453.125
2016-01-04,EGX:MASR,3.43308384,3.43308384,3.2928336,3.33673824,6025027.08333334
2016-01-05,EGX:MASR,3.31112736,3.40747296,3.27453984,3.3403968,3425507.29166667
2016-01-06,EGX:MASR,3.2928336,3.35381184,3.26844192,3.32088384,1990833.33333333
2016-01-10,EGX:MASR,3.26234496,3.3099072,3.2440512,3.27941856,1638620.83333333
2016-01-11,EGX:MASR,3.33185952,3.33185952,3.20136576,3.24161184,2246479.16666667
2016-01-12,EGX:MASR,3.18429216,3.229416,3.10989888,3.17087712,2431431.25
2016-01-13,EGX:MASR,3.17575488,3.20746368,2.85378912,2.94525696,5069783.33333333
2016-01-14,EGX:MASR,2.89037664,2.9269632,2.7684192,2.85500832,1564486.45833333
2016-01-17,EGX:MASR,2.7684192,3.00013728,2.6708544,2.88062016,2324096.875
2016-01-18,EGX:MASR,3.00013728,3.06111552,2.9757456,3.0208704,2954068.75
2016-01-19,EGX:MASR,3.0525792,3.10745952,3.00257664,3.04282272,3360796.875
2016-01-20,EGX:MASR,2.9757456,2.9757456,2.89647456,2.9269632,2552715.625
2016-01-21,EGX:MASR,2.89647456,2.96354976,2.88183936,2.93550048,2366178.125
2016-01-24,EGX:MASR,3.04770048,3.0855072,3.00135744,3.03550464,1725363.54166667
2016-01-26,EGX:MASR,2.98794144,3.04770048,2.96476992,3.00989376,3406173.95833333
2016-01-27,EGX:MASR,3.04770048,3.07331136,3.00013728,3.03062688,776005.20833333
2016-01-28,EGX:MASR,3.04770048,3.0855072,2.99403936,3.03428544,2019544.79166667
2016-01-31,EGX:MASR,3.08062848,3.09770304,3.00257664,3.02696832,5523259.375
2016-02-01,EGX:MASR,3.01233312,3.04648128,2.98428288,3.01355232,651470.83333333
2016-02-02,EGX:MASR,3.04404192,3.13794816,3.04404192,3.10502016,5150518.75
2016-02-03,EGX:MASR,3.070872,3.20136576,3.06721344,3.16233984,4335696.875
2016-02-04,EGX:MASR,3.28734912,3.28734912,3.16661184,3.19405152,3189064.58333333
2016-02-07,EGX:MASR,3.16478208,3.16478208,3.108072,3.124536,2054753.125
2016-02-08,EGX:MASR,3.13368288,3.2489328,3.10990176,3.15197664,4877361.45833333
2016-02-09,EGX:MASR,3.11356032,3.17575872,3.09343776,3.1373424,4639805.20833333
2016-02-10,EGX:MASR,3.2196624,3.28369056,3.2196624,3.2653968,3319265.625
2016-02-11,EGX:MASR,3.28917792,3.29283744,3.11356032,3.18307584,3686969.79166667
2016-02-14,EGX:MASR,3.2013696,3.25259136,3.1867344,3.20685792,1793038.54166667
2016-02-15,EGX:MASR,3.22698048,3.36601152,3.2013696,3.2489328,8327632.29166667
2016-02-16,EGX:MASR,3.33857088,3.38430432,3.296496,3.36601152,12237864.58333333
2016-02-17,EGX:MASR,3.36418176,3.36601152,3.23795616,3.30015456,3104944.79166667
2016-02-18,EGX:MASR,3.30930144,3.31478976,3.23795616,3.26173824,1595873.95833333
2016-02-21,EGX:MASR,3.27271392,3.30930144,3.25624992,3.2818608,2089490.625
2016-02-22,EGX:MASR,3.29466624,3.40076928,3.29283744,3.35320608,3860104.16666667
2016-02-23,EGX:MASR,3.40076928,3.42089184,3.24344448,3.38979264,5144794.79166667
2016-02-24,EGX:MASR,3.35686464,3.40259808,3.33308256,3.36784032,1685184.375
2016-02-25,EGX:MASR,3.35686464,3.43003872,3.35686464,3.40259808,2910535.41666667
2016-02-28,EGX:MASR,3.43186752,3.47394336,3.38430432,3.44467296,1187073.95833333
2016-02-29,EGX:MASR,3.44833248,3.44833248,3.31113024,3.37332864,1389139.58333333
2016-03-01,EGX:MASR,3.3934512,3.3934512,3.329424,3.36967008,929343.75
2016-03-02,EGX:MASR,3.39893952,3.41906304,3.26905536,3.32027712,2331990.625
2016-03-03,EGX:MASR,3.329424,3.35503488,3.25807872,3.28551936,1574256.25
2016-03-06,EGX:MASR,3.29283744,3.33857088,3.23795616,3.28369056,1800696.875
2016-03-07,EGX:MASR,3.27088416,3.34771776,3.2196624,3.296496,3527945.83333333
2016-03-08,EGX:MASR,3.345888,3.39893952,3.30747168,3.35686464,3482277.08333333
2016-03-09,EGX:MASR,3.329424,3.35503488,3.28734912,3.30930144,2541622.91666667
2016-03-10,EGX:MASR,3.35503488,3.41174496,3.33491232,3.38796384,6561637.5
2016-03-13,EGX:MASR,3.38430432,3.38430432,3.34040064,3.362352,836736.45833333
2016-03-14,EGX:MASR,3.41174496,3.69712416,3.41174496,3.61663296,8455797.91666667
2016-03-15,EGX:MASR,3.75383424,3.79408032,3.62212032,3.7081008,7254452.08333334
2016-03-16,EGX:MASR,3.73188192,3.83432544,3.7081008,3.76663968,3252914.58333333
2016-03-17,EGX:MASR,3.77578656,4.14165696,3.77578656,4.042872,11110679.16666666
2016-03-20,EGX:MASR,4.20751392,4.37215584,3.94225728,4.09226496,8099469.79166667
2016-03-21,EGX:MASR,4.02457824,4.1526336,4.02457824,4.0739712,2937761.45833333
2016-03-22,EGX:MASR,4.11421728,4.11604608,3.94408704,4.00079712,3410839.58333333
2016-03-23,EGX:MASR,3.97152672,4.07762976,3.95689248,4.01543232,4440382.29166667
2016-03-24,EGX:MASR,4.02457824,4.07031264,3.98067456,4.02091968,5297868.75
2016-03-27,EGX:MASR,4.0575072,4.09775232,3.95872128,4.0117728,4788493.75
2016-03-28,EGX:MASR,3.96969792,4.07945856,3.96969792,4.05201888,9822347.91666667
2016-03-29,EGX:MASR,4.02457824,4.20385536,4.02457824,4.1050704,5331818.75
2016-03-30,EGX:MASR,4.11238752,4.13982816,3.99165024,4.07031264,4978085.41666667
2016-03-31,EGX:MASR,4.026408,4.1526336,4.0117728,4.08128832,8644113.54166667
2016-04-03,EGX:MASR,4.08311808,4.11604608,4.05018912,4.0739712,3752503.125
2016-04-04,EGX:MASR,4.09775232,4.20751392,4.07580096,4.15812096,7002979.16666667
2016-04-05,EGX:MASR,4.21300224,4.27702944,4.16543904,4.22763744,6540336.45833333
2016-04-06,EGX:MASR,4.18922016,4.24410144,3.88737696,4.05018912,5838825.0
2016-04-07,EGX:MASR,4.02274944,4.08677664,3.97152672,4.03921344,2775991.66666667
2016-04-10,EGX:MASR,4.06848288,4.0739712,3.87823008,3.94042848,2838488.54166667
2016-04-11,EGX:MASR,3.9312816,3.94225728,3.82334976,3.87091296,2489189.58333333
2016-04-12,EGX:MASR,3.805056,4.00079712,3.79590912,3.9148176,3829577.08333333
2016-04-13,EGX:MASR,4.00628544,4.009944,3.89835264,3.93859872,2307039.58333333
2016-04-14,EGX:MASR,3.9148176,4.01543232,3.90201216,3.97518624,2104632.29166667
2016-04-17,EGX:MASR,3.98799168,4.00628544,3.94225728,3.97335648,1307758.33333333
2016-04-18,EGX:MASR,3.99165024,4.07762976,3.95323392,4.026408,4965938.54166667
2016-04-19,EGX:MASR,4.02823776,4.13433984,4.02823776,4.09409376,8183630.20833333
2016-04-20,EGX:MASR,4.11421728,4.11604608,3.94408704,4.009944,5420715.625
2016-04-21,EGX:MASR,4.00445568,4.01543232,3.85993632,3.92396448,3000797.91666667
2016-04-24,EGX:MASR,3.8672544,3.92030496,3.83981376,3.87457152,1528094.79166667
2016-04-26,EGX:MASR,3.87823008,3.94957536,3.8672544,3.90750048,2044558.33333333
2016-04-27,EGX:MASR,3.92396448,3.9331104,3.71358816,3.82883808,3290442.70833333
2016-04-28,EGX:MASR,3.76846944,3.79956768,3.68431872,3.71541792,5407411.45833334
2016-05-03,EGX:MASR,3.70444128,3.70444128,3.51235968,3.56906976,3211898.95833333
2016-05-04,EGX:MASR,3.54894624,3.62212032,3.47943072,3.54528768,3890913.54166667
2016-05-05,EGX:MASR,3.62212032,3.62212032,3.54894624,3.58553376,2419328.125
2016-05-08,EGX:MASR,3.57089856,3.6312672,3.54345888,3.58553376,1334121.875
2016-05-09,EGX:MASR,3.64041408,3.68797728,3.57638688,3.63492672,3574835.41666667
2016-05-10,EGX:MASR,3.60382752,3.63309696,3.49406592,3.54894624,3576506.25
2016-05-11,EGX:MASR,3.52150656,3.54894624,3.41174496,3.4574784,4999647.91666667
2016-05-12,EGX:MASR,3.44833248,3.49955424,3.41174496,3.45381984,2727747.91666667
2016-05-15,EGX:MASR,3.3934512,3.42089184,3.35503488,3.38430432,1374139.58333333
2016-05-16,EGX:MASR,3.40259808,3.45199104,3.36601152,3.42089184,3418863.54166667
2016-05-17,EGX:MASR,3.46479648,3.6312672,3.4574784,3.52699488,4146959.375
2016-05-18,EGX:MASR,3.63858432,3.64041408,3.54528768,3.58553376,7430289.58333333
2016-05-19,EGX:MASR,3.53248224,3.57272832,3.51235968,3.53979936,4379358.33333333
2016-05-22,EGX:MASR,3.56358144,3.56724,3.4867488,3.51418848,2332195.83333333
2016-05-23,EGX:MASR,3.54528768,3.58553376,3.52516512,3.5654112,2241725.0
2016-05-24,EGX:MASR,3.58553376,3.66602496,3.58553376,3.6312672,5195572.91666667
2016-05-25,EGX:MASR,3.6312672,3.6934656,3.6294384,3.65687808,4217977.08333333
2016-05-26,EGX:MASR,3.64773216,3.65870784,3.59650944,3.62760864,2586751.04166667
2016-05-29,EGX:MASR,3.6129744,3.62212032,3.57821568,3.59285088,2135511.45833333
2016-05-30,EGX:MASR,3.61663296,3.64041408,3.54345888,3.57272832,1166619.79166667
2016-05-31,EGX:MASR,3.5983392,3.61114464,3.54894624,3.57821568,3461648.95833333
2016-06-01,EGX:MASR,3.59650944,3.64773216,3.56724,3.6148032,4359281.25
2016-06-02,EGX:MASR,3.56114208,3.71968608,3.56114208,3.6782208,4946179.16666667
2016-06-05,EGX:MASR,3.67334304,3.68066016,3.59285088,3.62455968,986525.0
2016-06-06,EGX:MASR,3.60992544,3.67090368,3.57577728,3.61968192,1839353.125
2016-06-07,EGX:MASR,3.58065504,3.7099296,3.57333792,3.65382912,7864703.125
2016-06-08,EGX:MASR,3.70505184,3.758712,3.64163424,3.69773376,11301539.58333333
2016-06-09,EGX:MASR,3.67090368,3.692856,3.62699904,3.65870784,3524976.04166667
2016-06-12,EGX:MASR,3.65626848,3.65626848,3.60748608,3.62212032,1722284.375
2016-06-13,EGX:MASR,3.63431616,3.63675552,3.55382496,3.60504672,5213894.79166667
2016-06-14,EGX:MASR,3.5660208,3.57577728,3.41479392,3.48065088,5784127.08333333
2016-06-15,EGX:MASR,3.4562592,3.46113792,3.37088928,3.40259808,4698391.66666667
2016-06-16,EGX:MASR,3.39040224,3.41479392,3.35381568,3.38796384,3846288.54166667
2016-06-19,EGX:MASR,3.3782064,3.3782064,3.18307584,3.27820224,2388391.66666667
2016-06-20,EGX:MASR,3.23917632,3.30259392,3.0757536,3.20990592,6502788.54166667
2016-06-21,EGX:MASR,3.29283744,3.329424,3.09526656,3.16844064,4077550.0
2016-06-22,EGX:MASR,3.11234112,3.1538064,3.07331424,3.11965824,3789636.45833334
2016-06-23,EGX:MASR,3.1391712,3.19283232,3.10990176,3.1538064,3596482.29166667
2016-06-26,EGX:MASR,2.91964896,2.9806272,2.71963968,2.90745312,7554895.83333333
2016-06-27,EGX:MASR,2.97331008,2.98794432,2.89037952,2.92452672,1857486.45833333
2016-06-28,EGX:MASR,2.9025744,2.95623552,2.9025744,2.93672256,1466840.625
2016-06-29,EGX:MASR,2.9489184,2.9635536,2.900136,2.9318448,2789585.41666667
2016-07-03,EGX:MASR,2.92696608,3.00745824,2.91964896,2.97574944,3456063.54166667
2016-07-04,EGX:MASR,2.99038368,3.2196624,2.99038368,3.10990176,9098881.25
2016-07-10,EGX:MASR,3.19283232,3.34161984,3.1538064,3.2513712,16617362.50000001
2016-07-11,EGX:MASR,3.30991104,3.33674112,3.17088,3.22941984,7677768.75
2016-07-12,EGX:MASR,3.2196624,3.38796384,3.14892768,3.27576288,10410715.625
2016-07-13,EGX:MASR,3.37088928,3.42698976,3.31966752,3.3782064,8019050.0
2016-07-14,EGX:MASR,3.37088928,3.487968,3.34161984,3.42942912,9972440.625
2016-07-17,EGX:MASR,3.45138144,3.47821152,3.3782064,3.441624,2975119.79166667
2016-07-18,EGX:MASR,3.48309024,3.52455552,3.35137632,3.4099152,4599606.25
2016-07-19,EGX:MASR,3.4099152,3.43674624,3.34161984,3.40015872,2456239.58333333
2016-07-20,EGX:MASR,3.3928416,3.3928416,3.28551936,3.32454624,2820163.54166667
2016-07-21,EGX:MASR,3.26844576,3.30503232,3.23185824,3.26844576,3857057.29166667
2016-07-24,EGX:MASR,3.329424,3.33674112,3.24649344,3.2977152,1406397.91666667
2016-07-25,EGX:MASR,3.26844576,3.35869344,3.26844576,3.31966752,2348220.83333333
2016-07-26,EGX:MASR,3.36601152,3.4099152,3.2977152,3.35137632,4127057.29166667
2016-07-27,EGX:MASR,3.50016384,3.5660208,3.43186752,3.5050416,15591988.54166667
2016-07-28,EGX:MASR,3.48552864,3.52943328,3.45869856,3.49284672,6940289.58333334
2016-07-31,EGX:MASR,3.48309024,3.48309024,3.39528096,3.4245504,2620837.5
2016-08-01,EGX:MASR,3.41479392,3.44650272,3.34893696,3.39040224,4251612.5
2016-08-02,EGX:MASR,3.46357632,3.47577216,3.40259808,3.43430688,2462991.66666667
2016-08-03,EGX:MASR,3.4562592,3.50016384,3.45138144,3.48065088,2786456.25
2016-08-04,EGX:MASR,3.50016384,3.58553376,3.46357632,3.53918976,7273315.625
2016-08-07,EGX:MASR,3.50016384,3.54406848,3.4708944,3.50748096,705195.83333333
2016-08-08,EGX:MASR,3.534312,3.60504672,3.534312,3.57089856,8198923.95833333
2016-08-09,EGX:MASR,3.55870272,3.56114208,3.47577216,3.51479904,4641506.25
2016-08-10,EGX:MASR,3.49528512,3.58065504,3.47577216,3.5367504,4536536.45833333
2016-08-11,EGX:MASR,3.51235968,3.5977296,3.4733328,3.52943328,5346336.45833334
2016-08-14,EGX:MASR,3.48552864,3.53187264,3.47821152,3.50992032,1347244.79166667
2016-08-15,EGX:MASR,3.5367504,3.58553376,3.47577216,3.53187264,3346790.625
2016-08-16,EGX:MASR,3.51235968,3.55626432,3.49040736,3.52455552,4542887.5
2016-08-17,EGX:MASR,3.5367504,3.70749024,3.50016384,3.64407264,12547010.41666666
2016-08-18,EGX:MASR,3.68309952,3.6952944,3.6318768,3.6611472,4943084.375
2016-08-21,EGX:MASR,3.68066016,3.74895552,3.67090368,3.71480832,2666230.20833333
2016-08-22,EGX:MASR,3.70017312,3.71236896,3.58553376,3.62212032,4748635.41666667
2016-08-23,EGX:MASR,3.61236384,3.646512,3.58553376,3.60748608,622004.16666667
2016-08-24,EGX:MASR,3.59529024,3.63431616,3.58553376,3.60992544,1004382.29166667
2016-08-25,EGX:MASR,3.59041152,3.60992544,3.51723744,3.57089856,911363.54166667
2016-08-28,EGX:MASR,3.51235968,3.5196768,3.441624,3.47821152,1055684.375
2016-08-29,EGX:MASR,3.48552864,3.56114208,3.47577216,3.50016384,2077689.58333333
2016-08-30,EGX:MASR,3.51235968,3.55382496,3.50016384,3.52943328,3075584.375
2016-08-31,EGX:MASR,3.54650784,3.55382496,3.49528512,3.53187264,1870212.5
2016-09-01,EGX:MASR,3.5367504,3.56114208,3.5196768,3.54894624,1418765.625
2016-09-04,EGX:MASR,3.55870272,3.646512,3.5367504,3.5977296,3605445.83333333
2016-09-05,EGX:MASR,3.61968192,3.70505184,3.61968192,3.66602496,3208979.16666667
2016-09-06,EGX:MASR,3.646512,3.67090368,3.5367504,3.61236384,1948802.08333333
2016-09-07,EGX:MASR,3.54894624,3.58553376,3.51235968,3.54162912,985885.41666667
2016-09-08,EGX:MASR,3.54162912,3.57333792,3.5367504,3.5513856,1464273.95833333
2016-09-14,EGX:MASR,3.52211616,3.53918976,3.51235968,3.534312,893938.54166667
2016-09-15,EGX:MASR,3.52211616,3.52211616,3.46601568,3.487968,2932173.95833333
2016-09-18,EGX:MASR,3.487968,3.50992032,3.42698976,3.44894208,969783.33333333
2016-09-19,EGX:MASR,3.48552864,3.51235968,3.4391856,3.48065088,969246.875
2016-09-20,EGX:MASR,3.52211616,3.52699392,3.47577216,3.50748096,1032962.5
2016-09-21,EGX:MASR,3.51235968,3.5660208,3.44650272,3.50748096,2313586.45833333
2016-09-22,EGX:MASR,3.50992032,3.50992032,3.4562592,3.48309024,626391.66666667
2016-09-25,EGX:MASR,3.48309024,3.51723744,3.45381984,3.48065088,1197758.33333333
2016-09-26,EGX:MASR,3.48065088,3.51235968,3.47577216,3.487968,1680905.20833333
2016-09-27,EGX:MASR,3.487968,3.5026032,3.45138144,3.47577216,3290669.79166667
2016-09-28,EGX:MASR,3.47577216,3.487968,3.441624,3.4733328,1146238.54166667
2016-09-29,EGX:MASR,3.4733328,3.487968,3.4245504,3.45869856,1425742.70833333
2016-10-03,EGX:MASR,3.45869856,3.62212032,3.45869856,3.54162912,7863728.125
2016-10-04,EGX:MASR,3.54162912,3.58065504,3.51235968,3.54406848,2628029.16666667
2016-10-05,EGX:MASR,3.54406848,3.62212032,3.5026032,3.57089856,6245121.875
2016-10-09,EGX:MASR,3.57089856,3.5977296,3.50748096,3.54406848,2990512.5
2016-10-10,EGX:MASR,3.54406848,3.55382496,3.31722816,3.45138144,5470513.54166667
2016-10-11,EGX:MASR,3.45138144,3.46113792,3.33918048,3.39772032,5706626.04166667
2016-10-12,EGX:MASR,3.39772032,3.42942912,3.35869344,3.39040224,1448650.0
2016-10-13,EGX:MASR,3.39040224,3.57333792,3.39040224,3.52211616,9196823.95833333
2016-10-16,EGX:MASR,3.52211616,3.54894624,3.36601152,3.45138144,2930637.5
2016-10-17,EGX:MASR,3.45138144,3.45138144,3.31722816,3.36601152,1676681.25
2016-10-18,EGX:MASR,3.36601152,3.36601152,3.24405408,3.29527584,1383358.33333333
2016-10-19,EGX:MASR,3.29527584,3.34161984,3.22941984,3.2660064,2973435.41666667
2016-10-20,EGX:MASR,3.2660064,3.41479392,3.2660064,3.36601152,2603867.70833333
2016-10-23,EGX:MASR,3.36601152,3.42698976,3.34161984,3.39528096,1508763.54166667
2016-10-24,EGX:MASR,3.39528096,3.39528096,3.30015456,3.33186336,1316205.20833333
2016-10-25,EGX:MASR,3.33186336,3.36601152,3.30503232,3.33186336,1285873.95833333
2016-10-26,EGX:MASR,3.33186336,3.36601152,3.31722816,3.34161984,979083.33333333
2016-10-27,EGX:MASR,3.34161984,3.43186752,3.34161984,3.40503744,1878298.95833333
2016-10-30,EGX:MASR,3.40503744,3.44650272,3.36844992,3.40259808,3156204.16666667
2016-10-31,EGX:MASR,3.40259808,3.4245504,3.37332864,3.4074768,2149048.95833333
2016-11-01,EGX:MASR,3.4074768,3.45869856,3.39040224,3.41967264,3964860.41666667
2016-11-02,EGX:MASR,3.41967264,3.5367504,3.41967264,3.49528512,4614487.5
2016-11-03,EGX:MASR,3.49528512,3.84408192,3.38064576,3.4708944,5460408.33333333
2016-11-06,EGX:MASR,3.4708944,3.70749024,3.42942912,3.61968192,7899526.04166667
2016-11-07,EGX:MASR,3.61968192,3.7562736,3.59285088,3.68797728,13469537.5
2016-11-08,EGX:MASR,3.68797728,3.87335232,3.6611472,3.7879824,16518677.08333333
2016-11-09,EGX:MASR,3.7879824,3.82944768,3.58553376,3.73676064,11928658.33333333
2016-11-10,EGX:MASR,3.73676064,3.9636,3.73676064,3.89530464,16705818.75
2016-11-13,EGX:MASR,3.89530464,4.02457824,3.84164352,3.90993888,14697891.66666666
2016-11-14,EGX:MASR,3.90993888,3.9465264,3.78066432,3.8684736,8173078.125
2016-11-15,EGX:MASR,3.8684736,3.90262176,3.79286016,3.84652128,21944165.625
2016-11-16,EGX:MASR,3.84652128,4.2172704,3.84652128,4.09287456,27863442.70833333
2016-11-17,EGX:MASR,4.09287456,4.30507968,4.09287456,4.20263616,21585854.16666667
2016-11-20,EGX:MASR,4.20263616,4.58558016,4.13433984,4.42215744,16138457.29166667
2016-11-21,EGX:MASR,4.42215744,4.86364224,4.42215744,4.70021952,16637989.58333333
2016-11-22,EGX:MASR,4.70021952,5.03682144,4.57582368,4.77583296,14348248.95833333
2016-11-23,EGX:MASR,4.77583296,4.90022976,4.73192832,4.8197376,11247478.125
2016-11-24,EGX:MASR,4.8197376,4.92705984,4.53923712,4.69534176,8524385.41666667
2016-11-27,EGX:MASR,4.69534176,4.69534176,4.45142784,4.53191904,7835929.16666667
2016-11-28,EGX:MASR,4.53191904,4.65143712,4.49777184,4.57094592,7729567.70833334
2016-11-29,EGX:MASR,4.57094592,4.65631584,4.4075232,4.53923712,10941562.5
2016-11-30,EGX:MASR,4.53923712,4.70509824,4.53923712,4.62216768,4732916.66666667
2016-12-01,EGX:MASR,4.62216768,4.63436352,4.51484544,4.57582368,4307288.54166667
2016-12-04,EGX:MASR,4.57582368,4.60997184,4.5026496,4.55631072,3122706.25
2016-12-05,EGX:MASR,4.55631072,4.597776,4.42703616,4.49045376,4075975.0
2016-12-06,EGX:MASR,4.49045376,4.55875008,4.45630656,4.51972416,4163419.79166666
2016-12-07,EGX:MASR,4.51972416,4.69534176,4.3904496,4.54655424,18299321.875
2016-12-08,EGX:MASR,4.54655424,4.65875424,4.41727968,4.56118944,11497731.25
2016-12-12,EGX:MASR,4.56118944,4.97584224,4.56118944,4.77827232,22278373.95833334
2016-12-13,EGX:MASR,4.77827232,4.95145056,4.68802368,4.82705568,18314253.125
2016-12-14,EGX:MASR,4.82705568,4.82705568,4.54655424,4.6929024,7525903.125
2016-12-15,EGX:MASR,4.6929024,4.73192832,4.59045888,4.66851072,10557005.20833333
2016-12-18,EGX:MASR,4.66851072,4.80510336,4.63680192,4.74168576,8612798.95833333
2016-12-19,EGX:MASR,4.74168576,5.00023392,4.65875424,4.84900704,20529845.83333333
2016-12-20,EGX:MASR,4.84900704,5.04901728,4.82217696,4.92218112,16257661.45833333
2016-12-21,EGX:MASR,4.92218112,5.26853952,4.85876352,5.07584736,24962752.08333333
2016-12-22,EGX:MASR,5.07584736,5.26853952,5.04901728,5.14170432,15680835.41666667
2016-12-25,EGX:MASR,5.14170432,5.25634368,5.10023904,5.17585152,12632234.375
2016-12-26,EGX:MASR,5.17585152,5.19536448,5.03682144,5.14414272,15825413.54166667
2016-12-27,EGX:MASR,5.14414272,5.1831696,5.03925984,5.11243392,8414010.41666667
2016-12-28,EGX:MASR,5.11243392,5.19536448,5.0246256,5.11487328,8321900.0
2016-12-29,EGX:MASR,5.11487328,5.12462976,4.92705984,5.0416992,7406987.5
2017-01-02,EGX:MASR,5.0416992,5.08560384,4.95145056,5.01486816,3857426.04166667
2017-01-03,EGX:MASR,5.01486816,5.09779968,4.96364736,5.03925984,4898666.66666667
2017-01-04,EGX:MASR,5.03925984,5.27585664,5.03925984,5.2002432,13960682.29166666
2017-01-05,EGX:MASR,5.2002432,5.3587872,5.18804736,5.27341728,15780038.54166667
2017-01-08,EGX:MASR,5.27341728,5.35147008,5.18560896,5.25634368,7264918.75
2017-01-09,EGX:MASR,5.25634368,5.2929312,5.12706912,5.22219552,5255692.70833333
2017-01-10,EGX:MASR,5.22219552,5.38805664,5.22219552,5.31976128,17738428.125
2017-01-11,EGX:MASR,5.31976128,5.3417136,5.19536448,5.25146592,3899106.25
2017-01-12,EGX:MASR,5.25146592,5.4392784,5.2295136,5.36854368,15195212.5
2017-01-15,EGX:MASR,5.36854368,5.48806176,5.3417136,5.42708352,10096138.54166667
2017-01-16,EGX:MASR,5.42708352,5.42708352,5.24414784,5.31244416,2449483.33333333
2017-01-17,EGX:MASR,5.31244416,5.51245344,5.31244416,5.44903584,10353578.125
2017-01-18,EGX:MASR,5.44903584,5.53440576,5.21975616,5.390496,8795157.29166667
2017-01-19,EGX:MASR,5.390496,5.390496,5.0416992,5.15633856,6024047.91666667
2017-01-22,EGX:MASR,5.15633856,5.15633856,4.91242464,5.00511264,6115789.58333333
2017-01-23,EGX:MASR,5.00511264,5.09292096,4.93925568,5.0246256,3866205.20833333
2017-01-24,EGX:MASR,5.0246256,5.119752,4.90754688,5.02706496,3029178.125
2017-01-26,EGX:MASR,5.02706496,5.21975616,5.02706496,5.13438624,3673051.04166667
2017-01-29,EGX:MASR,5.13438624,5.26853952,5.02950432,5.14902144,4343905.20833333
2017-01-30,EGX:MASR,5.14902144,5.14902144,4.709976,4.88803392,4098544.79166667
2017-01-31,EGX:MASR,4.88803392,4.88803392,4.51240608,4.7392464,80247711.45833333
2017-02-01,EGX:MASR,4.7392464,4.78071168,4.54411488,4.63924128,3506355.20833333
2017-02-02,EGX:MASR,4.63924128,4.68314592,4.51240608,4.59289824,8331105.20833333
2017-02-05,EGX:MASR,4.59289824,4.62216768,4.36605792,4.45142784,10283888.54166667
2017-02-06,EGX:MASR,4.45142784,4.53679776,4.3904496,4.46362368,27619129.16666667
2017-02-07,EGX:MASR,4.46362368,4.80510336,4.46362368,4.68314592,13449563.54166667
2017-02-08,EGX:MASR,4.68314592,4.81242048,4.58558016,4.67826816,8441278.125
2017-02-09,EGX:MASR,4.67826816,4.72705056,4.59533664,4.65875424,4800369.79166667
2017-02-12,EGX:MASR,4.65875424,4.69534176,4.56118944,4.63192416,2585507.29166667
2017-02-13,EGX:MASR,4.63192416,4.63192416,4.45142784,4.52460192,3268941.66666667
2017-02-14,EGX:MASR,4.52460192,4.62216768,4.38069216,4.46850144,4465589.58333333
2017-02-15,EGX:MASR,4.46850144,4.57094592,4.3904496,4.48801536,2626069.79166667
2017-02-16,EGX:MASR,4.48801536,4.70753664,4.48801536,4.63192416,4813923.95833333
2017-02-19,EGX:MASR,4.63192416,4.6465584,4.54167648,4.58801952,1667580.20833333
2017-02-20,EGX:MASR,4.58801952,4.74168576,4.45874592,4.64168064,3783270.83333333
2017-02-21,EGX:MASR,4.64168064,4.77583296,4.64168064,4.72705056,3394667.70833333
2017-02-22,EGX:MASR,4.72705056,4.73192832,4.5343584,4.597776,1923558.33333333
2017-02-23,EGX:MASR,4.597776,5.0563344,4.597776,4.91974272,15164718.75
2017-02-26,EGX:MASR,4.91974272,5.24902656,4.91974272,5.08316448,8289457.29166667
2017-02-27,EGX:MASR,5.08316448,5.08316448,4.69778112,4.80022464,16133273.95833333
2017-02-28,EGX:MASR,4.80022464,4.92218112,4.6465584,4.83925056,7972660.41666667
2017-03-01,EGX:MASR,4.83925056,4.98559968,4.83925056,4.9319376,3086556.25
2017-03-02,EGX:MASR,4.9319376,5.15877792,4.9319376,5.08316448,7167709.375
2017-03-05,EGX:MASR,5.08316448,5.2953696,5.08316448,5.23682976,7537595.83333333
2017-03-06,EGX:MASR,5.23682976,5.5783104,5.17341216,5.43684,11559707.29166667
2017-03-07,EGX:MASR,5.43684,5.52464832,5.21975616,5.40269184,11769137.5
2017-03-08,EGX:MASR,5.40269184,5.46367008,5.2929312,5.4051312,6977317.70833333
2017-03-09,EGX:MASR,5.4051312,5.51001408,5.28805248,5.37830016,10842087.5
2017-03-12,EGX:MASR,5.37830016,5.46367008,5.31732192,5.39537472,9593677.08333333
2017-03-13,EGX:MASR,5.39537472,5.48806176,5.39537472,5.44171776,4992188.54166667
2017-03-14,EGX:MASR,5.44171776,5.47830528,5.31732192,5.37098304,5573982.29166667
2017-03-15,EGX:MASR,5.37098304,5.42708352,5.31732192,5.36122656,3171403.125
2017-03-16,EGX:MASR,5.36122656,5.48806176,5.36122656,5.43196128,37067259.375
2017-03-19,EGX:MASR,5.43196128,5.53440576,5.43196128,5.4539136,29359681.24999999
2017-03-20,EGX:MASR,5.4539136,5.48806176,5.37098304,5.43684,5243514.58333333
2017-03-21,EGX:MASR,5.43684,5.45147424,5.31732192,5.37586176,6127786.45833333
2017-03-22,EGX:MASR,5.37586176,5.40269184,5.31732192,5.34415296,3161770.83333333
2017-03-23,EGX:MASR,5.34415296,5.41488768,5.34415296,5.37586176,4347207.29166667
2017-03-26,EGX:MASR,5.37586176,5.47342752,5.37586176,5.4392784,2792162.5
2017-03-27,EGX:MASR,5.4392784,5.51245344,5.36854368,5.42464416,3702294.79166667
2017-03-28,EGX:MASR,5.42464416,5.44415712,5.36610432,5.40025248,1769465.625
2017-03-29,EGX:MASR,5.40025248,5.53684512,5.38073952,5.47586592,6273778.125
2017-03-30,EGX:MASR,5.47586592,5.73197568,5.47586592,5.62953216,22830436.45833332
2017-04-02,EGX:MASR,5.62953216,5.75636736,5.59782336,5.66367936,5357508.33333334
2017-04-03,EGX:MASR,5.66367936,5.70026688,5.62221408,5.67343584,5107366.66666667
2017-04-04,EGX:MASR,5.67343584,5.82222432,5.67343584,5.74904928,4720443.75
2017-04-05,EGX:MASR,5.74904928,5.76856224,5.63928864,5.69294976,2604712.5
2017-04-06,EGX:MASR,5.69294976,5.707584,5.59782336,5.64660576,1879080.20833333
2017-04-09,EGX:MASR,5.64660576,5.66367936,5.49537888,5.57587104,2501264.58333333
2017-04-10,EGX:MASR,5.57587104,5.59782336,5.42708352,5.50513536,1693354.16666667
2017-04-11,EGX:MASR,5.50513536,5.595384,5.48806176,5.52708768,2042366.66666667
2017-04-12,EGX:MASR,5.52708768,5.64904512,5.52708768,5.595384,8106643.75
2017-04-13,EGX:MASR,5.595384,5.66611872,5.55147936,5.62465344,1995960.41666667
2017-04-18,EGX:MASR,5.62465344,5.707584,5.56611456,5.62465344,1760380.20833333
2017-04-19,EGX:MASR,5.62465344,5.62465344,5.502696,5.54172288,2113027.08333333
2017-04-20,EGX:MASR,5.54172288,5.5636752,5.45147424,5.52952704,3393194.79166667
2017-04-23,EGX:MASR,5.52952704,5.52952704,5.09779968,5.20756032,5474904.16666667
2017-04-24,EGX:MASR,5.20756032,5.278296,5.10999552,5.15633856,4578382.29166667
2017-04-26,EGX:MASR,5.15633856,5.2636608,5.1538992,5.22219552,5218534.375
2017-04-27,EGX:MASR,5.22219552,5.22463488,5.00023392,5.11243392,4354112.5
2017-04-30,EGX:MASR,5.11243392,5.12462976,4.93925568,5.04901728,2515809.375
2017-05-02,EGX:MASR,5.04901728,5.19536448,5.04901728,5.1538992,4601680.20833334
2017-05-03,EGX:MASR,5.1538992,5.24414784,5.14658208,5.20999968,1184905.20833333
2017-05-04,EGX:MASR,5.20999968,5.26853952,5.17097376,5.23926912,4712618.75
2017-05-07,EGX:MASR,5.23926912,5.23926912,5.16609504,5.17829088,2272938.54166667
2017-05-08,EGX:MASR,5.17829088,5.24414784,5.17829088,5.2173168,2138770.83333333
2017-05-09,EGX:MASR,5.2173168,5.29780896,5.1831696,5.24170848,1996245.83333333
2017-05-10,EGX:MASR,5.24170848,5.26853952,5.0880432,5.17829088,2921978.125
2017-05-11,EGX:MASR,5.17829088,5.19536448,5.07584736,5.16121728,2134896.875
2017-05-14,EGX:MASR,5.16121728,5.27097888,5.1538992,5.20999968,1906777.08333333
2017-05-15,EGX:MASR,5.20999968,5.21243904,5.12706912,5.18804736,2720696.875
2017-05-16,EGX:MASR,5.18804736,5.26610016,5.12219136,5.20268256,7663778.125
2017-05-17,EGX:MASR,5.20268256,5.30512608,5.20268256,5.27097888,5220919.79166667
2017-05-18,EGX:MASR,5.27097888,5.32951776,5.21975616,5.27341728,4091833.33333333
2017-05-21,EGX:MASR,5.27341728,5.29049184,5.2148784,5.2636608,932890.625
2017-05-22,EGX:MASR,5.2636608,5.2636608,4.7392464,4.92705984,5072684.375
2017-05-23,EGX:MASR,4.92705984,5.03194272,4.88803392,4.99047744,2965268.75
2017-05-24,EGX:MASR,4.99047744,5.14170432,4.98559968,5.09292096,4224925.0
2017-05-25,EGX:MASR,5.09292096,5.17097376,5.09048256,5.119752,825585.41666667
2017-05-28,EGX:MASR,5.119752,5.1514608,5.06609088,5.10999552,615963.54166667
2017-05-29,EGX:MASR,5.10999552,5.19536448,5.10999552,5.14170432,1695648.95833333
2017-05-30,EGX:MASR,5.14170432,5.26853952,5.14170432,5.25146592,4049232.29166667
2017-05-31,EGX:MASR,5.25146592,5.2929312,5.16365664,5.24170848,6067995.83333333
2017-06-01,EGX:MASR,5.24170848,5.36122656,5.24170848,5.30268672,8201714.58333333
2017-06-04,EGX:MASR,5.30268672,5.35634784,5.28317376,5.3270784,2114907.29166667
2017-06-05,EGX:MASR,5.3270784,5.34659136,5.28317376,5.30756544,2636019.79166667
2017-06-06,EGX:MASR,5.30756544,5.3417136,5.28805248,5.31976128,2135503.125
2017-06-07,EGX:MASR,5.31976128,5.54172288,5.3100048,5.41976544,12368206.25000001
2017-06-08,EGX:MASR,5.41976544,5.54416224,5.41732608,5.47342752,4093280.20833333
2017-06-11,EGX:MASR,5.47342752,5.48806176,5.4051312,5.43196128,1745825.0
2017-06-12,EGX:MASR,5.43196128,5.43196128,5.33439648,5.37586176,1766028.125
2017-06-13,EGX:MASR,5.37586176,5.63440992,5.36610432,5.54904,8076522.91666667
2017-06-14,EGX:MASR,5.54904,5.76856224,5.54904,5.68563168,10830175.0
2017-06-15,EGX:MASR,5.68563168,5.78075808,5.65392288,5.6905104,3967001.04166667
2017-06-18,EGX:MASR,5.6905104,5.71734048,5.54660064,5.61001824,2395800.0
2017-06-19,EGX:MASR,5.61001824,5.61001824,5.51245344,5.5636752,2936089.58333333
2017-06-20,EGX:MASR,5.5636752,5.66367936,5.56123584,5.60026176,3218306.25
2017-06-21,EGX:MASR,5.60026176,5.753928,5.58562752,5.69294976,6317646.875
2017-06-22,EGX:MASR,5.69294976,5.8490544,5.69294976,5.77831968,6379898.95833333
2017-06-28,EGX:MASR,5.77831968,5.9758896,5.753928,5.87832384,13290863.54166667
2017-07-02,EGX:MASR,5.87590944,5.96397504,5.7535968,5.84655456,3561907.29166667
2017-07-03,EGX:MASR,5.84655456,5.84655456,5.58235872,5.65574688,2740732.29166667
2017-07-04,EGX:MASR,5.65574688,5.6655312,5.48940096,5.55300384,3195366.66666667
2017-07-05,EGX:MASR,5.55300384,5.592144,5.40622848,5.4845088,1657637.5
2017-07-06,EGX:MASR,5.4845088,5.55300384,5.40622848,5.46004608,2506590.625
2017-07-09,EGX:MASR,5.46004608,5.46004608,5.27413056,5.31816288,2155314.58333333
2017-07-10,EGX:MASR,5.31816288,5.38176576,5.18606496,5.29370016,4744861.45833333
2017-07-11,EGX:MASR,5.29370016,5.45515296,5.24966784,5.35730304,5233437.5
2017-07-12,EGX:MASR,5.35730304,5.35730304,5.25945312,5.27902272,3053563.54166667
2017-07-13,EGX:MASR,5.27902272,5.38176576,5.25945312,5.30348544,2840106.25
2017-07-16,EGX:MASR,5.30348544,5.32794816,5.22031296,5.25945312,968000.0
2017-07-17,EGX:MASR,5.25945312,5.29370016,5.20563552,5.23009824,2110726.04166667
2017-07-18,EGX:MASR,5.23009824,5.24966784,4.91697696,5.02461216,4547850.0
2017-07-19,EGX:MASR,5.02461216,5.0931072,4.9659024,5.04418176,3607172.91666667
2017-07-20,EGX:MASR,5.04418176,5.19585024,5.04418176,5.10289248,7372456.25
2017-07-24,EGX:MASR,5.10289248,5.24966784,5.10289248,5.19095808,2172982.29166667
2017-07-25,EGX:MASR,5.19095808,5.21541984,5.10289248,5.1469248,962661.45833333
2017-07-26,EGX:MASR,5.1469248,5.3768736,5.10289248,5.27413056,5368994.79166667
2017-07-27,EGX:MASR,5.27413056,5.38176576,5.21541984,5.28391584,3457339.58333333
2017-07-30,EGX:MASR,5.28391584,5.31327072,5.16160224,5.21052768,2060543.75
2017-07-31,EGX:MASR,5.21052768,5.2349904,5.06375232,5.11756992,1455797.91666667
2017-08-01,EGX:MASR,5.11756992,5.15671008,5.00014944,5.05886016,2416605.20833333
2017-08-02,EGX:MASR,5.05886016,5.25456,5.05886016,5.16649536,2918409.375
2017-08-03,EGX:MASR,5.16649536,5.36708832,5.14203264,5.27413056,3949887.5
2017-08-06,EGX:MASR,5.27413056,5.47472352,5.27413056,5.40133536,5338398.95833333
2017-08-07,EGX:MASR,5.40133536,5.52854112,5.288808,5.3964432,3982079.16666667
2017-08-08,EGX:MASR,5.3964432,5.4845088,5.3083776,5.42579808,4834070.83333333
2017-08-09,EGX:MASR,5.42579808,5.51386368,5.35730304,5.40622848,3093677.08333333
2017-08-10,EGX:MASR,5.40622848,5.46004608,5.26434528,5.31327072,1578886.45833333
2017-08-13,EGX:MASR,5.31327072,5.31327072,5.10778464,5.19585024,1048246.875
2017-08-14,EGX:MASR,5.19585024,5.25945312,5.0392896,5.08821504,2609315.625
2017-08-15,EGX:MASR,5.08821504,5.13713952,4.951224,5.01972,1734487.5
2017-08-16,EGX:MASR,5.01972,5.11267776,4.97568672,5.01972,1075430.20833333
2017-08-17,EGX:MASR,5.01972,5.05886016,4.94633184,4.985472,1259182.29166667
2017-08-20,EGX:MASR,4.985472,5.02461216,4.90719168,4.9659024,1058969.79166667
2017-08-21,EGX:MASR,4.9659024,4.99525728,4.92676224,4.95611712,1233315.625
2017-08-22,EGX:MASR,4.95611712,4.99036416,4.9120848,4.94633184,837716.66666667
2017-08-23,EGX:MASR,4.94633184,4.94633184,4.68702816,4.79466432,3125596.875
2017-08-24,EGX:MASR,4.79466432,4.79466432,4.64788896,4.71149088,1736376.04166667
2017-08-27,EGX:MASR,4.71149088,4.79466432,4.6087488,4.70659872,1226075.0
2017-08-28,EGX:MASR,4.70659872,4.73106144,4.6625664,4.7017056,639556.25
2017-08-29,EGX:MASR,4.7017056,4.81912704,4.7017056,4.7702016,2426675.0
2017-08-30,EGX:MASR,4.7702016,4.81912704,4.74084576,4.77509376,4165566.66666667
2017-09-05,EGX:MASR,4.77509376,4.86315936,4.77509376,4.83380448,981975.0
2017-09-06,EGX:MASR,4.83380448,4.86315936,4.79466432,4.80934176,2785203.125
2017-09-07,EGX:MASR,4.80934176,4.9659024,4.80934176,4.90719168,6252051.04166667
2017-09-10,EGX:MASR,4.90719168,4.99525728,4.89251424,4.96100928,2284294.79166667
2017-09-11,EGX:MASR,4.96100928,5.05886016,4.94143968,5.00993472,3427505.20833333
2017-09-12,EGX:MASR,5.00993472,5.11267776,4.8974064,5.02950432,5520086.45833333
2017-09-13,EGX:MASR,5.02950432,5.08332192,4.96100928,4.99525728,2611477.08333333
2017-09-14,EGX:MASR,4.99525728,5.11756992,4.96100928,5.04418176,5252537.5
2017-09-17,EGX:MASR,5.04418176,5.04418176,4.90719168,4.96100928,2536922.91666667
2017-09-18,EGX:MASR,4.96100928,4.9659024,4.8435888,4.89251424,4926396.875
2017-09-19,EGX:MASR,4.89251424,5.02950432,4.89251424,4.985472,3307884.375
2017-09-20,EGX:MASR,4.985472,5.00014944,4.88272896,4.92186912,2177154.16666667
2017-09-24,EGX:MASR,4.92186912,4.9316544,4.77509376,4.8240192,4128880.20833333
2017-09-25,EGX:MASR,4.8240192,4.93654656,4.79466432,4.87294464,4795559.375
2017-09-26,EGX:MASR,4.87294464,4.90719168,4.80444864,4.85337408,2952560.41666667
2017-09-27,EGX:MASR,4.85337408,4.87294464,4.79466432,4.82891136,3331362.5
2017-09-28,EGX:MASR,4.82891136,4.951224,4.82891136,4.8974064,5728198.95833333
2017-10-01,EGX:MASR,4.8974064,5.01482688,4.87294464,4.9659024,7961111.45833333
2017-10-02,EGX:MASR,4.9659024,5.04907488,4.8778368,4.985472,9120377.08333334
2017-10-03,EGX:MASR,4.985472,4.985472,4.86315936,4.91697696,1592651.04166667
2017-10-04,EGX:MASR,4.91697696,4.99036416,4.8435888,4.8974064,4537477.08333333
2017-10-08,EGX:MASR,4.8974064,5.01482688,4.8974064,4.98057984,2783386.45833333
2017-10-09,EGX:MASR,4.98057984,5.10289248,4.98057984,5.0392896,4783415.625
2017-10-10,EGX:MASR,5.0392896,5.31327072,5.0392896,5.22520512,14223747.91666667
2017-10-11,EGX:MASR,5.22520512,5.33284032,5.1273552,5.19585024,9222290.625
2017-10-12,EGX:MASR,5.19585024,5.23009824,5.0931072,5.15671008,2921286.45833333
2017-10-15,EGX:MASR,5.15671008,5.17138752,5.0392896,5.10289248,1923122.91666667
2017-10-16,EGX:MASR,5.10289248,5.11267776,4.85337408,4.951224,5096326.04166667
2017-10-17,EGX:MASR,4.951224,5.04418176,4.86315936,4.9659024,2926716.66666667
2017-10-18,EGX:MASR,4.9659024,5.15671008,4.9659024,5.05396704,6688885.41666667
2017-10-19,EGX:MASR,5.05396704,5.15181792,5.00014944,5.0735376,7290301.04166667
2017-10-22,EGX:MASR,5.0735376,5.07842976,4.94143968,4.985472,1936245.83333333
2017-10-23,EGX:MASR,4.985472,5.0931072,4.9659024,5.02950432,2586266.66666667
2017-10-24,EGX:MASR,5.02950432,5.1469248,4.97079456,5.04418176,6832905.20833333
2017-10-25,EGX:MASR,5.04418176,5.10289248,4.99036416,5.05886016,2324247.91666667
2017-10-26,EGX:MASR,5.05886016,5.2007424,5.05886016,5.14203264,5274846.875
2017-10-29,EGX:MASR,5.14203264,5.20563552,5.0392896,5.15181792,4085297.91666667
2017-10-30,EGX:MASR,5.15181792,5.23009824,5.14203264,5.18606496,4369470.83333333
2017-10-31,EGX:MASR,5.18606496,5.2349904,5.11267776,5.16649536,4869122.91666667
2017-11-01,EGX:MASR,5.16649536,5.288808,5.12246208,5.23009824,6507869.79166667
2017-11-02,EGX:MASR,5.23009824,5.44536864,5.22031296,5.33773344,10642042.70833334
2017-11-05,EGX:MASR,5.33773344,5.46493824,5.26923744,5.3426256,5576498.95833333
2017-11-06,EGX:MASR,5.3426256,5.34751776,5.0931072,5.23009824,6828692.70833333
2017-11-07,EGX:MASR,5.23009824,5.23009824,5.04418176,5.12246208,4371155.20833333
2017-11-08,EGX:MASR,5.12246208,5.22520512,5.08821504,5.1469248,3442083.33333333
2017-11-09,EGX:MASR,5.1469248,5.23009824,5.09800032,5.1469248,3114908.33333333
2017-11-12,EGX:MASR,5.1469248,5.20563552,5.02461216,5.08332192,1625471.875
2017-11-13,EGX:MASR,5.08332192,5.08821504,4.91697696,4.97568672,4042165.625
2017-11-14,EGX:MASR,4.97568672,5.07842976,4.89251424,4.99525728,5488042.70833333
2017-11-15,EGX:MASR,4.99525728,5.0735376,4.951224,5.00014944,4712015.625
2017-11-16,EGX:MASR,5.00014944,5.04907488,4.92186912,4.96100928,2292172.91666667
2017-11-19,EGX:MASR,4.96100928,4.98057984,4.74573888,4.83380448,4759435.41666667
2017-11-20,EGX:MASR,4.83380448,4.83380448,4.69192128,4.76530848,3187395.83333333
2017-11-21,EGX:MASR,4.76530848,4.86805152,4.76530848,4.81912704,3925883.33333333
2017-11-22,EGX:MASR,4.81912704,4.92186912,4.7897712,4.84848192,6557019.79166667
2017-11-23,EGX:MASR,4.84848192,4.99036416,4.84848192,4.92186912,4616011.45833333
2017-11-26,EGX:MASR,4.92186912,5.0931072,4.86805152,5.02461216,8353125.0
2017-11-27,EGX:MASR,5.02461216,5.10778464,4.96100928,5.01972,7953791.66666667
2017-11-28,EGX:MASR,5.01972,5.16649536,5.01972,5.09800032,8042084.375
2017-11-29,EGX:MASR,5.09800032,5.15181792,5.0392896,5.11267776,6296966.66666667
2017-12-03,EGX:MASR,5.11267776,5.13713952,5.02461216,5.07842976,2190459.375
2017-12-04,EGX:MASR,5.07842976,5.11267776,4.9659024,5.00504256,3293844.79166667
2017-12-05,EGX:MASR,5.00504256,5.02461216,4.94633184,4.97568672,1812292.70833333
2017-12-06,EGX:MASR,4.97568672,5.01482688,4.9316544,4.9659024,3428559.375
2017-12-07,EGX:MASR,4.9659024,4.99036416,4.9120848,4.94633184,1288786.45833333
2017-12-10,EGX:MASR,4.94633184,5.06864448,4.94633184,5.01972,1058867.70833333
2017-12-11,EGX:MASR,5.01972,5.0735376,5.01482688,5.04418176,2590989.58333333
2017-12-12,EGX:MASR,5.04418176,5.22031296,5.0392896,5.14203264,12383928.125
2017-12-13,EGX:MASR,5.14203264,5.2349904,5.12246208,5.17627968,8532395.83333334
2017-12-14,EGX:MASR,5.17627968,5.27413056,5.12246208,5.21052768,10053195.83333333
2017-12-17,EGX:MASR,5.21052768,5.41601376,5.21052768,5.37198048,68610709.375
2017-12-18,EGX:MASR,5.37198048,5.37198048,5.17627968,5.21052768,5351044.79166667
2017-12-19,EGX:MASR,5.21052768,5.30348544,5.17138752,5.2349904,3327903.125
2017-12-20,EGX:MASR,5.2349904,5.32794816,5.13224736,5.21541984,2565138.54166667
2017-12-21,EGX:MASR,5.21541984,5.28391584,5.17138752,5.23988256,3768577.08333333
2017-12-24,EGX:MASR,5.23988256,5.323056,5.23009824,5.288808,3553911.45833333
2017-12-25,EGX:MASR,5.288808,5.39155104,5.26923744,5.3426256,6742658.33333333
2017-12-26,EGX:MASR,5.3426256,5.37198048,5.28391584,5.31816288,949408.33333333
2017-12-27,EGX:MASR,5.31816288,5.3621952,5.22520512,5.27413056,6209052.08333333
2017-12-28,EGX:MASR,5.27413056,5.29370016,5.20563552,5.24477568,1362808.33333333
2017-12-31,EGX:MASR,5.24477568,5.24966784,5.13224736,5.17627968,2714764.58333333
2018-01-02,EGX:MASR,5.17627968,5.2349904,5.14203264,5.2007424,1644528.125
2018-01-03,EGX:MASR,5.2007424,5.21052768,5.13713952,5.15671008,1349686.45833333
2018-01-04,EGX:MASR,5.15671008,5.2349904,5.13224736,5.19585024,3872332.29166667
2018-01-08,EGX:MASR,5.19585024,5.3083776,5.13713952,5.25456,14064765.625
2018-01-09,EGX:MASR,5.25456,5.27902272,5.1811728,5.22031296,2396261.45833333
2018-01-10,EGX:MASR,5.22031296,5.25945312,5.1811728,5.21052768,1987025.0
2018-01-11,EGX:MASR,5.21052768,5.288808,5.19585024,5.23009824,8037637.5
2018-01-14,EGX:MASR,5.23009824,5.58725088,5.23009824,5.46004608,18023712.5
2018-01-15,EGX:MASR,5.46004608,5.57257344,5.41601376,5.47472352,8741020.83333334
2018-01-16,EGX:MASR,5.47472352,5.53343328,5.3964432,5.44536864,3600305.20833333
2018-01-17,EGX:MASR,5.44536864,5.67531648,5.44536864,5.62149888,9204102.08333334
2018-01-18,EGX:MASR,5.62149888,5.73891936,5.55300384,5.6655312,4678551.04166667
2018-01-21,EGX:MASR,5.6655312,5.68999392,5.5383264,5.60682144,13381337.5
2018-01-22,EGX:MASR,5.60682144,5.62639104,5.4845088,5.5383264,2074065.625
2018-01-23,EGX:MASR,5.5383264,5.57746656,5.49918624,5.51875584,2209325.0
2018-01-24,EGX:MASR,5.51875584,5.64106944,5.47472352,5.54811072,6111117.70833334
2018-01-28,EGX:MASR,5.54811072,5.62639104,5.52854112,5.59703616,2694867.70833333
2018-01-29,EGX:MASR,5.59703616,5.7731664,5.59703616,5.69488704,11024713.54166667
2018-01-30,EGX:MASR,5.69488704,5.72424192,5.52364896,5.6117136,2412646.875
2018-01-31,EGX:MASR,5.6117136,5.6117136,5.4306912,5.49429312,874111.45833333
2018-02-01,EGX:MASR,5.49429312,5.557896,5.4502608,5.49918624,993308.33333333
2018-02-04,EGX:MASR,5.49918624,5.49918624,5.28391584,5.34751776,2964600.0
2018-02-05,EGX:MASR,5.34751776,5.44536864,5.31816288,5.36708832,2120463.54166667
2018-02-06,EGX:MASR,5.36708832,5.3964432,5.08821504,5.28391584,1823805.20833333
2018-02-07,EGX:MASR,5.28391584,5.51875584,5.28391584,5.40622848,2225395.83333333
2018-02-08,EGX:MASR,5.40622848,5.49429312,5.31327072,5.37198048,613501.04166667
2018-02-11,EGX:MASR,5.37198048,5.38665792,5.28391584,5.323056,1105826.04166667
2018-02-12,EGX:MASR,5.323056,5.41112064,5.24966784,5.31816288,2647832.29166667
2018-02-13,EGX:MASR,5.31816288,5.31816288,5.18606496,5.2349904,5226248.95833333
2018-02-14,EGX:MASR,5.2349904,5.30348544,5.2349904,5.27902272,3216505.20833333
2018-02-15,EGX:MASR,5.27902272,5.47472352,5.27902272,5.40133536,5229867.70833333
2018-02-18,EGX:MASR,5.40133536,5.6459616,5.40133536,5.58725088,9317560.41666667
2018-02-19,EGX:MASR,5.58725088,5.62149888,5.45515296,5.52854112,3753108.33333333
2018-02-20,EGX:MASR,5.52854112,5.52854112,5.323056,5.40133536,1855580.20833333
2018-02-21,EGX:MASR,5.40133536,5.42579808,5.28391584,5.34751776,1557261.45833333
2018-02-22,EGX:MASR,5.34751776,5.38176576,5.3083776,5.36708832,925015.625
2018-02-25,EGX:MASR,5.36708832,5.40133536,5.35730304,5.38176576,1094192.70833333
2018-02-26,EGX:MASR,5.38176576,5.45515296,5.36708832,5.3964432,4639729.16666667
2018-02-27,EGX:MASR,5.3964432,5.52854112,5.31327072,5.38176576,3783215.625
2018-02-28,EGX:MASR,5.38176576,5.42090592,5.32794816,5.35730304,2873802.08333333
2018-03-01,EGX:MASR,5.35730304,5.44047552,5.33284032,5.42090592,2729146.875
2018-03-04,EGX:MASR,5.42090592,5.46004608,5.3621952,5.42090592,1783645.83333333
2018-03-05,EGX:MASR,5.42090592,5.62149888,5.42090592,5.55300384,6006813.54166667
2018-03-06,EGX:MASR,5.55300384,5.66063904,5.54811072,5.60682144,4414367.70833333
2018-03-07,EGX:MASR,5.60682144,5.70956448,5.50897152,5.56768128,1626213.54166667
2018-03-08,EGX:MASR,5.56768128,5.57257344,5.42090592,5.46983136,1379654.16666667
2018-03-11,EGX:MASR,5.46983136,5.58235872,5.45515296,5.51875584,1778562.5
2018-03-12,EGX:MASR,5.51875584,5.74870464,5.5040784,5.66063904,9766155.20833333
2018-03-13,EGX:MASR,5.66063904,5.74870464,5.54321856,5.66063904,8273987.5
2018-03-14,EGX:MASR,5.66063904,5.66063904,5.35730304,5.42579808,6642276.04166667
2018-03-15,EGX:MASR,5.42579808,5.59703616,5.38176576,5.49918624,4763917.70833333
2018-03-18,EGX:MASR,5.49918624,5.70467136,5.49918624,5.62149888,5466945.83333333
2018-03-19,EGX:MASR,5.62149888,5.73891936,5.54321856,5.64106944,6090936.45833333
2018-03-20,EGX:MASR,5.64106944,5.64106944,5.47961568,5.51875584,2593257.29166667
2018-03-21,EGX:MASR,5.51875584,5.67042432,5.49918624,5.57257344,4619939.58333333
2018-03-22,EGX:MASR,5.57257344,5.57257344,5.43558336,5.48940096,3169494.79166667
2018-03-25,EGX:MASR,5.48940096,5.54321856,5.38176576,5.47961568,3010596.875
2018-03-26,EGX:MASR,5.47961568,5.59703616,5.46983136,5.52854112,3309183.33333333
2018-03-27,EGX:MASR,5.52854112,5.65085376,5.45515296,5.557896,9256690.625
2018-03-28,EGX:MASR,5.557896,5.94440448,5.557896,5.8074144,20422671.875
2018-03-29,EGX:MASR,5.8074144,6.01290048,5.8074144,5.90037216,11676577.08333333
2018-04-01,EGX:MASR,5.90037216,6.22817088,5.90037216,6.1107504,10717387.5
2018-04-02,EGX:MASR,6.1107504,6.28198848,6.10096512,6.18903072,11088418.75
2018-04-03,EGX:MASR,6.18903072,6.18903072,6.0226848,6.08139552,4876800.0
2018-04-04,EGX:MASR,6.08139552,6.33091392,6.0031152,6.13032,27279946.875
2018-04-05,EGX:MASR,6.13032,6.21349344,6.03247008,6.1449984,2583741.66666667
2018-04-10,EGX:MASR,6.1449984,6.34069824,6.1449984,6.2526336,6082788.54166667
2018-04-11,EGX:MASR,6.2526336,7.26538368,6.2526336,7.040328,28332062.5
2018-04-12,EGX:MASR,7.040328,7.040328,6.56086176,6.63914208,26915062.50000001
2018-04-15,EGX:MASR,6.63914208,6.72720672,6.5217216,6.61957152,2563840.625
2018-04-16,EGX:MASR,6.61957152,6.61957152,6.49236672,6.56575392,2919490.625
2018-04-17,EGX:MASR,6.56575392,6.63914208,6.48258144,6.56086176,1569546.875
2018-04-18,EGX:MASR,6.56086176,6.58043136,6.27709536,6.36516096,3339031.25
2018-04-19,EGX:MASR,6.36516096,6.467904,6.34069824,6.39451584,1375646.875
2018-04-22,EGX:MASR,6.39451584,6.45811872,6.27709536,6.34069824,1990789.58333333
2018-04-23,EGX:MASR,6.34069824,6.45322656,6.20370816,6.29177376,6605863.54166667
2018-04-24,EGX:MASR,6.29177376,6.32112864,5.99332992,6.07161024,5698772.91666667
2018-04-26,EGX:MASR,6.07161024,6.2526336,6.02757792,6.15478272,5533571.875
2018-04-29,EGX:MASR,6.15478272,6.33091392,6.15478272,6.22327776,3665192.70833333
2018-04-30,EGX:MASR,6.22327776,6.40919328,6.11564256,6.25752576,13250851.04166666
2018-05-02,EGX:MASR,6.25752576,6.25752576,6.0031152,6.14010528,4595832.29166667
2018-05-03,EGX:MASR,6.14010528,6.14010528,5.92972704,5.99332992,1030812.5
2018-05-06,EGX:MASR,5.99332992,6.09117984,5.82209184,5.91994272,2733832.29166667
2018-05-07,EGX:MASR,5.91994272,5.9688672,5.83676928,5.90526432,5844861.45833333
2018-05-08,EGX:MASR,5.90526432,6.11564256,5.90526432,6.02757792,3819651.04166667
2018-05-09,EGX:MASR,6.02757792,6.06671808,5.78295168,5.84655456,4722512.5
2018-05-10,EGX:MASR,5.84655456,5.84655456,5.6997792,5.7878448,5539290.625
2018-05-13,EGX:MASR,5.7878448,5.87101728,5.67042432,5.72424192,1487825.0
2018-05-14,EGX:MASR,5.72424192,5.72424192,5.41112064,5.5383264,3226526.04166667
2018-05-15,EGX:MASR,5.5383264,5.60192928,5.43558336,5.49918624,5713905.20833333
2018-05-16,EGX:MASR,5.49918624,5.57257344,5.42090592,5.49429312,8024762.5
2018-05-17,EGX:MASR,5.49429312,5.56768128,5.41601376,5.46983136,2080325.0
2018-05-20,EGX:MASR,5.46983136,5.54321856,5.35730304,5.41601376,2950475.0
2018-05-21,EGX:MASR,5.41601376,5.49918624,5.35730304,5.41112064,4102639.58333333
2018-05-22,EGX:MASR,5.41112064,5.4502608,5.2349904,5.29370016,3137955.20833333
2018-05-23,EGX:MASR,5.29370016,5.35730304,5.26923744,5.31816288,1938946.875
2018-05-24,EGX:MASR,5.31816288,5.3768736,5.24477568,5.3083776,1359727.08333333
2018-05-27,EGX:MASR,5.3083776,5.40133536,5.28391584,5.35241088,1282545.83333333
2018-05-28,EGX:MASR,5.35241088,5.49918624,5.35241088,5.44536864,4534890.625
2018-05-29,EGX:MASR,5.44536864,5.52364896,5.39155104,5.4502608,3114551.04166667
2018-05-30,EGX:MASR,5.4502608,5.4502608,5.23988256,5.30348544,2279580.20833333
2018-05-31,EGX:MASR,5.30348544,5.33284032,5.06375232,5.2007424,4165883.33333333
2018-06-03,EGX:MASR,5.2007424,5.31816288,5.16160224,5.2007424,1285007.29166667
2018-06-04,EGX:MASR,5.2007424,5.21052768,4.9316544,5.0931072,3790511.45833333
2018-06-05,EGX:MASR,5.0931072,5.0931072,4.8240192,4.92676224,5682654.16666667
2018-06-06,EGX:MASR,4.92676224,4.99036416,4.64299584,4.76530848,4286714.58333333
2018-06-07,EGX:MASR,4.76530848,4.77998688,4.67235168,4.72616832,8762223.95833333
2018-06-10,EGX:MASR,4.72616832,4.94633184,4.72616832,4.90229952,8993752.08333333
2018-06-11,EGX:MASR,4.90229952,5.00993472,4.8240192,4.92186912,9542659.375
2018-06-12,EGX:MASR,4.92186912,5.05886016,4.92186912,5.01482688,1941659.375
2018-06-13,EGX:MASR,5.01482688,5.4306912,5.01482688,5.24966784,8755797.91666667
2018-06-14,EGX:MASR,5.24966784,5.5040784,5.19095808,5.34751776,3854979.16666667
2018-06-19,EGX:MASR,5.34751776,5.3621952,5.16649536,5.26923744,1249105.20833333
2018-06-20,EGX:MASR,5.26923744,5.46004608,5.26923744,5.40622848,4203216.66666667
2018-06-21,EGX:MASR,5.40622848,5.47961568,5.36708832,5.41112064,2076571.875
2018-06-24,EGX:MASR,5.41112064,5.57746656,5.38176576,5.53343328,4217336.45833333
2018-06-25,EGX:MASR,5.53343328,5.58725088,5.31816288,5.44536864,5090060.41666667
2018-06-26,EGX:MASR,5.44536864,5.44536864,5.22031296,5.29370016,4090528.125
2018-06-27,EGX:MASR,5.29370016,5.36708832,5.16649536,5.21052768,3271226.04166667
2018-06-28,EGX:MASR,5.21052768,5.29859328,5.16160224,5.23009824,4016948.95833333
2018-07-02,EGX:MASR,5.23009824,5.26923744,5.11756992,5.15671008,1475516.66666667
2018-07-03,EGX:MASR,5.15671008,5.25456,5.13713952,5.2007424,1386830.20833333
2018-07-04,EGX:MASR,5.2007424,5.24966784,5.10289248,5.15671008,1376301.04166667
2018-07-05,EGX:MASR,5.15671008,5.15671008,4.91697696,5.02950432,1551426.04166667
2018-07-08,EGX:MASR,5.02950432,5.0735376,4.83380448,4.91697696,2020432.29166667
2018-07-09,EGX:MASR,4.91697696,5.06375232,4.80444864,5.00014944,1881380.20833333
2018-07-10,EGX:MASR,5.00014944,5.0392896,4.93654656,4.99036416,803564.58333333
2018-07-11,EGX:MASR,4.99036416,5.03439744,4.8974064,4.9316544,1308410.41666667
2018-07-12,EGX:MASR,4.9316544,4.94143968,4.86315936,4.88762208,1224997.91666667
2018-07-15,EGX:MASR,4.88762208,4.93654656,4.81423392,4.84848192,683437.5
2018-07-16,EGX:MASR,4.84848192,4.95611712,4.83380448,4.89251424,996037.5
2018-07-17,EGX:MASR,4.89251424,5.02950432,4.8435888,4.90229952,2288063.54166667
2018-07-18,EGX:MASR,4.90229952,5.0931072,4.90229952,5.06375232,5364342.70833333
2018-07-19,EGX:MASR,5.06375232,5.10778464,4.92676224,4.98057984,1075592.70833333
2018-07-22,EGX:MASR,4.98057984,4.99036416,4.8974064,4.9316544,728742.70833333
2018-07-24,EGX:MASR,4.9316544,5.06375232,4.91697696,4.98057984,2195254.16666667
2018-07-25,EGX:MASR,4.98057984,4.98057984,4.74084576,4.80934176,1268803.125
2018-07-26,EGX:MASR,4.80934176,4.89251424,4.69681344,4.83869664,874585.41666667
2018-07-29,EGX:MASR,4.83869664,4.96100928,4.83869664,4.8974064,1240578.125
2018-07-30,EGX:MASR,4.8974064,4.8974064,4.81423392,4.86805152,661401.04166667
2018-07-31,EGX:MASR,4.86805152,5.1273552,4.8435888,5.00504256,7262001.04166667
2018-08-01,EGX:MASR,5.00504256,5.1811728,4.99036416,5.06864448,1835096.875
2018-08-02,EGX:MASR,5.06864448,5.08821504,5.00993472,5.05396704,554355.20833333
2018-08-05,EGX:MASR,5.05396704,5.1273552,5.0392896,5.07842976,1054017.70833333
2018-08-06,EGX:MASR,5.07842976,5.11756992,4.92676224,4.97079456,1583619.79166667
2018-08-07,EGX:MASR,4.97079456,5.06375232,4.97079456,5.01482688,367016.66666667
2018-08-08,EGX:MASR,5.01482688,5.06375232,4.94143968,4.97568672,1004436.45833333
2018-08-09,EGX:MASR,4.97568672,5.06375232,4.97079456,5.01482688,1141507.29166667
2018-08-12,EGX:MASR,5.01482688,5.02950432,4.9120848,4.951224,339872.91666667
2018-08-13,EGX:MASR,4.951224,4.96100928,4.4864352,4.66745856,5298363.54166667
2018-08-14,EGX:MASR,4.66745856,4.7359536,4.45708032,4.53536064,5055097.91666667
2018-08-15,EGX:MASR,4.53536064,4.67235168,4.50111264,4.58917824,2954836.45833333
2018-08-16,EGX:MASR,4.58917824,4.72127616,4.55982336,4.63321152,2491765.625
2018-08-19,EGX:MASR,4.63321152,4.66745856,4.58917824,4.63321152,517077.08333333
2018-08-26,EGX:MASR,4.63321152,4.72127616,4.61853312,4.65767424,692485.41666667
2018-08-27,EGX:MASR,4.65767424,4.7702016,4.59896352,4.68702816,1652711.45833333
2018-08-28,EGX:MASR,4.68702816,4.89251424,4.68702816,4.83380448,2785787.5
2018-08-29,EGX:MASR,4.83380448,5.0392896,4.83380448,4.9316544,4549811.45833334
2018-08-30,EGX:MASR,4.93421952,5.19918336,4.93421952,5.11675008,3412915.625
2018-09-02,EGX:MASR,5.11675008,5.36404992,5.11675008,5.26984032,4094645.83333333
2018-09-03,EGX:MASR,5.26984032,5.35816224,5.18151936,5.26984032,3830327.08333333
2018-09-04,EGX:MASR,5.26984032,5.38760256,5.25806496,5.3169456,2502535.41666667
2018-09-05,EGX:MASR,5.3169456,5.3169456,5.08142208,5.16974304,2326284.375
2018-09-06,EGX:MASR,5.16974304,5.18151936,5.09319744,5.1285264,736842.70833333
2018-09-09,EGX:MASR,5.1285264,5.1285264,4.9813248,5.04609312,706542.70833333
2018-09-10,EGX:MASR,5.04609312,5.04609312,4.85767488,4.91066784,1187080.20833333
2018-09-13,EGX:MASR,4.82234592,4.92833184,4.73402496,4.82234592,1827425.0
2018-09-16,EGX:MASR,4.82234592,4.82234592,4.34541024,4.4160672,7777140.625
2018-09-17,EGX:MASR,4.4160672,4.46317248,4.20998496,4.32774624,2018225.0
2018-09-18,EGX:MASR,4.32774624,4.4160672,4.03334208,4.26297696,2921765.625
2018-09-19,EGX:MASR,4.26297696,4.26297696,3.84492288,3.97446048,8763839.58333333
2018-09-20,EGX:MASR,3.97446048,4.35718656,3.91557984,4.0804464,10333118.75
2018-09-23,EGX:MASR,4.0804464,4.35718656,4.0804464,4.22176032,4131830.20833333
2018-09-24,EGX:MASR,4.22176032,4.38662688,4.18643232,4.28064192,2811091.66666667
2018-09-25,EGX:MASR,4.28064192,4.55149344,4.28064192,4.45139616,3990306.25
2018-09-26,EGX:MASR,4.45139616,4.65159168,4.45139616,4.59271008,3800529.16666667
2018-09-27,EGX:MASR,4.59271008,4.59271008,4.43961984,4.48672512,3548046.875
2018-09-30,EGX:MASR,4.48672512,4.59271008,4.43961984,4.49850048,1934003.125
2018-10-01,EGX:MASR,4.49850048,4.49850048,4.35718656,4.42784352,1808954.16666667
2018-10-02,EGX:MASR,4.42784352,4.53382944,4.42195584,4.4749488,5174423.95833333
2018-10-03,EGX:MASR,4.4749488,4.59271008,4.32774624,4.50438912,2571730.20833333
2018-10-04,EGX:MASR,4.50438912,4.50438912,4.33952256,4.42784352,1954427.08333333
2018-10-08,EGX:MASR,4.42784352,4.42784352,4.03922976,4.12755168,2762025.0
2018-10-09,EGX:MASR,4.12755168,4.23942528,3.83314656,4.06867008,6871497.91666667
2018-10-10,EGX:MASR,4.06867008,4.08633504,3.94502016,3.9862368,4079098.95833333
2018-10-11,EGX:MASR,3.9862368,3.9862368,3.70949664,3.82725888,5522134.375
2018-10-14,EGX:MASR,3.82725888,4.20998496,3.82725888,4.20998496,403869.79166667
2018-10-15,EGX:MASR,4.20998496,4.94599584,4.20998496,4.663368,17691679.16666667
2018-10-16,EGX:MASR,4.663368,4.8282336,4.53382944,4.70458368,9150225.0
2018-10-17,EGX:MASR,4.70458368,4.76346528,4.58093472,4.66925568,3264625.0
2018-10-18,EGX:MASR,4.66925568,4.66925568,4.45139616,4.53382944,3277823.95833333
2018-10-21,EGX:MASR,4.53382944,4.53382944,4.12166304,4.3984032,1360819.79166667
2018-10-22,EGX:MASR,4.3984032,4.50438912,4.38662688,4.43373216,1133948.95833333
2018-10-23,EGX:MASR,4.43373216,4.46906016,4.23942528,4.37485056,2211859.375
2018-10-24,EGX:MASR,4.37485056,4.3984032,4.18643232,4.2688656,919421.875
2018-10-25,EGX:MASR,4.2688656,4.2688656,4.10988672,4.18643232,2510331.25
2018-10-28,EGX:MASR,4.18643232,4.28064192,4.13343936,4.20998496,1277260.41666667
2018-10-29,EGX:MASR,4.20998496,4.3041936,4.18643232,4.22764896,1612812.5
2018-10-30,EGX:MASR,4.22764896,4.27475328,4.16876736,4.22176032,2300690.625
2018-10-31,EGX:MASR,4.22176032,4.2688656,4.06867008,4.174656,1643283.33333333
2018-11-01,EGX:MASR,4.174656,4.23942528,4.07455872,4.15110336,1065598.95833333
2018-11-04,EGX:MASR,4.15110336,4.18054368,4.05100608,4.11577536,1697808.33333333
2018-11-05,EGX:MASR,4.11577536,4.22176032,4.11577536,4.15110336,1896197.91666667
2018-11-06,EGX:MASR,4.16287968,4.3807392,4.16287968,4.3041936,3304547.91666667
2018-11-07,EGX:MASR,4.3041936,4.57504608,4.3041936,4.45139616,6251434.375
2018-11-08,EGX:MASR,4.45139616,4.52794176,4.38662688,4.4572848,2260536.45833333
2018-11-11,EGX:MASR,4.4572848,4.4749488,4.2865296,4.34541024,2411809.375
2018-11-12,EGX:MASR,4.34541024,4.46906016,4.34541024,4.4160672,2881116.66666667
2018-11-13,EGX:MASR,4.4160672,4.43373216,4.23942528,4.32185856,1825138.54166667
2018-11-14,EGX:MASR,4.32185856,4.32185856,4.22176032,4.26297696,1154340.625
2018-11-15,EGX:MASR,4.26297696,4.31596992,4.25120064,4.28064192,492633.33333333
2018-11-18,EGX:MASR,4.28064192,4.50438912,4.28064192,4.43961984,3464795.83333333
2018-11-19,EGX:MASR,4.43961984,4.48672512,4.36896288,4.42784352,1193570.83333333
2018-11-22,EGX:MASR,4.36896288,4.42195584,4.19232,4.29241824,3074741.66666667
2018-11-25,EGX:MASR,4.29241824,4.29241824,4.139328,4.19820864,1464739.58333333
2018-11-26,EGX:MASR,4.19820864,4.26297696,4.16876736,4.21587264,882353.125
2018-11-27,EGX:MASR,4.21587264,4.28064192,4.19232,4.23942528,2238658.33333333
2018-11-28,EGX:MASR,4.23942528,4.29830592,4.18643232,4.23353664,1338668.75
2018-11-29,EGX:MASR,4.23353664,4.26297696,4.20998496,4.23353664,3964746.875
2018-12-02,EGX:MASR,4.23353664,4.26297696,4.12166304,4.174656,865372.91666667
2018-12-03,EGX:MASR,4.174656,4.21587264,4.0627824,4.10988672,11226555.20833333
2018-12-04,EGX:MASR,4.10988672,4.10988672,3.94502016,4.00390176,955879.16666667
2018-12-05,EGX:MASR,4.00390176,4.00390176,3.88613952,3.9509088,957506.25
2018-12-06,EGX:MASR,3.9509088,3.99801312,3.650616,3.77426592,3515980.20833333
2018-12-09,EGX:MASR,3.77426592,3.79781856,3.63883968,3.68005632,893802.08333333
2018-12-10,EGX:MASR,3.68005632,3.97446048,3.68005632,3.8566992,2021856.25
2018-12-11,EGX:MASR,3.8566992,3.9862368,3.8566992,3.93913248,903235.41666667
2018-12-12,EGX:MASR,3.93913248,4.05100608,3.88613952,3.9685728,1452457.29166667
2018-12-13,EGX:MASR,3.9685728,4.139328,3.9509088,4.06867008,2723611.45833333
2018-12-16,EGX:MASR,4.06867008,4.16287968,4.00390176,4.09222272,1188305.20833333
2018-12-17,EGX:MASR,4.09222272,4.25120064,4.09222272,4.18643232,2341679.16666667
2018-12-18,EGX:MASR,4.18643232,4.18643232,4.00390176,4.06867008,3386347.91666667
2018-12-19,EGX:MASR,4.06867008,4.12166304,3.96268512,4.0627824,1381032.29166667
2018-12-20,EGX:MASR,4.0627824,4.10988672,3.94502016,4.02156576,1249285.41666667
2018-12-23,EGX:MASR,4.02156576,4.0627824,3.82725888,3.92735616,722103.125
2018-12-24,EGX:MASR,3.92735616,3.97446048,3.83314656,3.91557984,528138.54166667
2018-12-25,EGX:MASR,3.91557984,3.99212544,3.8390352,3.90969216,1182709.375
2018-12-26,EGX:MASR,3.90969216,4.03334208,3.90969216,3.97446048,1031540.625
2018-12-27,EGX:MASR,3.97446048,4.08633504,3.94502016,3.9862368,1697408.33333333
2018-12-30,EGX:MASR,3.9862368,4.02745344,3.89791584,3.95679648,769231.25
2018-12-31,EGX:MASR,3.95679648,4.00390176,3.91557984,3.96268512,1528260.41666667
2019-01-02,EGX:MASR,3.96268512,4.02156576,3.94502016,3.9685728,2151339.58333333
2019-01-03,EGX:MASR,3.9685728,4.00978944,3.93913248,3.97446048,2931632.29166667
2019-01-06,EGX:MASR,3.97446048,4.0451184,3.93913248,3.99212544,3529302.08333333
2019-01-08,EGX:MASR,3.99212544,4.06867008,3.9685728,4.00978944,4514187.5
2019-01-09,EGX:MASR,4.00978944,4.09222272,3.9509088,4.03922976,7930584.375
2019-01-10,EGX:MASR,4.03922976,4.03922976,3.90969216,3.96268512,6479680.20833333
2019-01-13,EGX:MASR,3.96268512,4.139328,3.96268512,4.0627824,10353681.25
2019-01-14,EGX:MASR,4.0627824,4.0804464,3.98034912,4.02156576,2120135.41666667
2019-01-15,EGX:MASR,4.02156576,4.0451184,3.9685728,4.00390176,1171922.91666667
2019-01-16,EGX:MASR,4.00390176,4.03334208,3.95679648,3.97446048,1760954.16666667
2019-01-17,EGX:MASR,3.97446048,3.99801312,3.90380352,3.93324384,1402233.33333333
2019-01-20,EGX:MASR,3.93324384,3.97446048,3.85081056,3.90380352,2815116.66666667
2019-01-21,EGX:MASR,3.90380352,3.91557984,3.83314656,3.86258688,1782920.83333333
2019-01-22,EGX:MASR,3.86258688,3.92735616,3.73893696,3.80959392,4817750.0
2019-01-23,EGX:MASR,3.80959392,3.83314656,3.65650368,3.72716064,23188189.58333334
2019-01-27,EGX:MASR,3.72716064,3.8390352,3.72127296,3.77426592,11442877.08333333
2019-01-28,EGX:MASR,3.77426592,3.96268512,3.75660192,3.86258688,10174191.66666667
2019-01-29,EGX:MASR,3.86258688,4.00390176,3.86258688,3.94502016,5103486.45833333
2019-01-30,EGX:MASR,3.94502016,4.03334208,3.90969216,3.9685728,5187059.375
2019-01-31,EGX:MASR,3.9685728,4.00390176,3.88613952,3.92735616,6319709.375
2019-02-03,EGX:MASR,3.92735616,3.99801312,3.91557984,3.96268512,6822953.125
2019-02-04,EGX:MASR,3.96268512,4.0981104,3.96268512,4.0451184,14852701.04166667
2019-02-05,EGX:MASR,4.0451184,4.18054368,4.03334208,4.11577536,20375970.83333333
2019-02-06,EGX:MASR,4.11577536,4.24531296,4.03922976,4.18054368,16490786.45833334
2019-02-07,EGX:MASR,4.18054368,4.2688656,4.15110336,4.22176032,9768189.58333334
2019-02-10,EGX:MASR,4.22176032,4.29830592,4.18054368,4.23353664,4225063.54166667
2019-02-11,EGX:MASR,4.23353664,4.24531296,4.16287968,4.19232,3158646.875
2019-02-12,EGX:MASR,4.19232,4.25120064,4.19232,4.22764896,4937253.125
2019-02-13,EGX:MASR,4.22764896,4.29241824,4.20409632,4.26297696,9250159.375
2019-02-14,EGX:MASR,4.26297696,4.3041936,4.19232,4.22764896,7808483.33333334
2019-02-17,EGX:MASR,4.22764896,4.39251552,4.22764896,4.32774624,13012048.95833333
2019-02-18,EGX:MASR,4.32774624,4.48083648,4.32774624,4.43373216,25156808.33333334
2019-02-19,EGX:MASR,4.43373216,4.44550848,4.33952256,4.40429184,4259121.875
2019-02-20,EGX:MASR,4.40429184,4.46317248,4.3630752,4.40429184,2382094.79166667
2019-02-21,EGX:MASR,4.40429184,4.53382944,4.40429184,4.46906016,6441567.70833333
2019-02-24,EGX:MASR,4.46906016,4.51616544,4.3807392,4.42195584,2670955.20833333
2019-02-25,EGX:MASR,4.42195584,4.46906016,4.38662688,4.42784352,3447348.95833333
2019-02-26,EGX:MASR,4.42784352,4.4749488,4.33363488,4.40429184,3872352.08333333
2019-02-27,EGX:MASR,4.40429184,4.40429184,4.2865296,4.33363488,1639245.83333333
2019-02-28,EGX:MASR,4.33363488,4.35129888,4.20409632,4.25708928,4738155.20833333
2019-03-03,EGX:MASR,4.25708928,4.3041936,4.18643232,4.23353664,1011735.41666667
2019-03-04,EGX:MASR,4.23353664,4.29830592,4.20998496,4.25120064,1990448.95833333
2019-03-05,EGX:MASR,4.25120064,4.31008224,4.22764896,4.2688656,1079620.83333333
2019-03-06,EGX:MASR,4.2688656,4.31596992,4.22176032,4.25120064,977252.08333333
2019-03-07,EGX:MASR,4.25120064,4.33952256,4.23942528,4.29830592,4654827.08333333
2019-03-10,EGX:MASR,4.29830592,4.3630752,4.2688656,4.31008224,1583916.66666667
2019-03-11,EGX:MASR,4.31008224,4.3807392,4.3041936,4.33952256,3125982.29166667
2019-03-12,EGX:MASR,4.33952256,4.45139616,4.32774624,4.3984032,8616690.625
2019-03-13,EGX:MASR,4.3984032,4.52205312,4.3984032,4.48083648,13569447.91666666
2019-03-14,EGX:MASR,4.48083648,4.48083648,4.35718656,4.41017952,2635640.625
2019-03-17,EGX:MASR,4.41017952,4.43961984,4.35718656,4.39251552,938909.375
2019-03-18,EGX:MASR,4.39251552,4.43961984,4.2688656,4.33363488,1754613.54166667
2019-03-19,EGX:MASR,4.33363488,4.33363488,4.15110336,4.21587264,1887178.125
2019-03-20,EGX:MASR,4.21587264,4.2688656,4.18054368,4.22176032,1642619.79166667
2019-03-21,EGX:MASR,4.22176032,4.2688656,4.20409632,4.23353664,1434470.83333333
2019-03-24,EGX:MASR,4.23353664,4.2865296,4.19820864,4.23942528,1977458.33333333
2019-03-25,EGX:MASR,4.23942528,4.23942528,4.12755168,4.16287968,1752764.58333333
2019-03-26,EGX:MASR,4.16287968,4.22764896,4.12166304,4.18054368,2619220.83333333
2019-03-27,EGX:MASR,4.18054368,4.23353664,4.05100608,4.11577536,2641612.5
2019-03-28,EGX:MASR,4.11577536,4.21587264,4.05100608,4.15110336,2178053.125
2019-03-31,EGX:MASR,4.15110336,4.19232,4.07455872,4.139328,1559962.5
2019-04-01,EGX:MASR,4.139328,4.18054368,4.12166304,4.14521568,2934757.29166667
2019-04-02,EGX:MASR,4.14521568,4.18054368,4.11577536,4.13343936,1435227.08333333
2019-04-03,EGX:MASR,4.13343936,4.20409632,4.12755168,4.16876736,2429815.625
2019-04-04,EGX:MASR,4.16876736,4.26297696,4.0804464,4.22176032,8601005.20833333
2019-04-07,EGX:MASR,4.18054368,4.24531296,4.174656,4.19820864,1528988.54166667
2019-04-08,EGX:MASR,4.19820864,4.27475328,4.16876736,4.22176032,3114692.70833333
2019-04-09,EGX:MASR,4.22176032,4.22176032,4.12166304,4.15110336,1299294.79166667
2019-04-10,EGX:MASR,4.15110336,4.16876736,4.03334208,4.10399904,6366744.79166667
2019-04-11,EGX:MASR,4.10399904,4.12166304,4.00390176,4.0627824,5806632.29166667
2019-04-14,EGX:MASR,4.0627824,4.12166304,4.05100608,4.08633504,4021022.91666667
2019-04-15,EGX:MASR,4.08633504,4.14521568,4.0451184,4.09222272,4904965.625
2019-04-16,EGX:MASR,4.09222272,4.11577536,3.94502016,4.02156576,3528486.45833333
2019-04-17,EGX:MASR,4.02156576,4.0627824,3.94502016,3.97446048,4150171.875
2019-04-18,EGX:MASR,3.97446048,4.00390176,3.89202816,3.93324384,2602980.20833333
2019-04-21,EGX:MASR,3.93324384,3.9685728,3.89791584,3.92735616,974151.04166667
2019-04-22,EGX:MASR,3.92735616,3.9685728,3.89791584,3.92735616,851550.0
2019-04-23,EGX:MASR,3.92735616,3.94502016,3.72127296,3.7624896,5385298.95833333
2019-04-24,EGX:MASR,3.7624896,3.79781856,3.75071328,3.77426592,1858552.08333333
2019-04-30,EGX:MASR,3.77426592,3.81548256,3.69772032,3.73304928,2583214.58333333
2019-05-02,EGX:MASR,3.73304928,3.7801536,3.71538528,3.7448256,1273661.45833333
2019-05-05,EGX:MASR,3.7448256,3.7624896,3.650616,3.68005632,1409526.04166667
2019-05-06,EGX:MASR,3.68005632,3.68005632,3.61528704,3.63883968,1269237.5
2019-05-07,EGX:MASR,3.63883968,3.66239232,3.50341344,3.57407136,2797742.70833333
2019-05-08,EGX:MASR,3.57407136,3.57407136,3.34443552,3.4268688,4737241.66666667
2019-05-09,EGX:MASR,3.4268688,3.68005632,3.35621088,3.52696608,2913463.54166667
2019-05-12,EGX:MASR,3.52696608,3.60939936,3.52696608,3.57995904,548215.625
2019-05-13,EGX:MASR,3.57995904,3.58584672,3.47397312,3.52696608,1922811.45833333
2019-05-14,EGX:MASR,3.52696608,3.57995904,3.46808544,3.51518976,563861.45833333
2019-05-15,EGX:MASR,3.51518976,3.5564064,3.35621088,3.40331616,1804242.70833333
2019-05-16,EGX:MASR,3.40331616,3.41509248,3.32088288,3.3679872,787262.5
2019-05-19,EGX:MASR,3.3679872,3.39742848,3.2384496,3.29733024,2042730.20833333
2019-05-20,EGX:MASR,3.29733024,3.29733024,3.20900928,3.24433824,1163260.41666667
2019-05-21,EGX:MASR,3.24433824,3.4445328,3.24433824,3.37387584,2141962.5
2019-05-22,EGX:MASR,3.37387584,3.46808544,3.37387584,3.43864512,609342.70833333
2019-05-23,EGX:MASR,3.43864512,3.5210784,3.41509248,3.48574944,713559.375
2019-05-26,EGX:MASR,3.48574944,3.59173536,3.48574944,3.5564064,1147822.91666667
2019-05-27,EGX:MASR,3.5564064,3.56818272,3.48574944,3.54463008,979196.875
2019-05-28,EGX:MASR,3.54463008,3.68594496,3.53285376,3.59173536,2691431.25
2019-05-29,EGX:MASR,3.59173536,3.70949664,3.47397312,3.61528704,2405565.625
2019-05-30,EGX:MASR,3.61528704,3.61528704,3.35621088,3.45042048,2457736.45833333
2019-06-02,EGX:MASR,3.45042048,3.45042048,3.34443552,3.36209952,1537186.45833333
2019-06-03,EGX:MASR,3.36209952,3.56229504,3.36209952,3.49163712,1950944.79166667
2019-06-09,EGX:MASR,3.49163712,3.59173536,3.49163712,3.56818272,1420777.08333333
2019-06-10,EGX:MASR,3.56818464,3.91440384,3.53992128,3.75189216,4696783.33333333
2019-06-11,EGX:MASR,3.75189216,3.92146944,3.70949856,3.82961568,11083943.75
2019-06-12,EGX:MASR,3.82961568,4.00625856,3.82961568,3.9497328,7103961.45833333
2019-06-13,EGX:MASR,3.9497328,3.9709296,3.80135232,3.89320704,3587839.58333334
2019-06-16,EGX:MASR,3.89320704,3.89320704,3.79428672,3.82961568,2273342.70833333
2019-06-17,EGX:MASR,3.82961568,3.85787808,3.69536736,3.75189216,5719536.45833333
2019-06-18,EGX:MASR,3.75189216,3.80841792,3.69536736,3.76602432,5932456.25
2019-06-19,EGX:MASR,3.76602432,3.84374688,3.73069536,3.80841792,3185483.33333333
2019-06-20,EGX:MASR,3.80841792,3.80841792,3.56818464,3.63177504,11663401.04166667
2019-06-23,EGX:MASR,3.63177504,3.6741696,3.53285568,3.58231584,4783464.58333333
2019-06-24,EGX:MASR,3.58231584,3.60351264,3.49752672,3.53992128,2191023.95833333
2019-06-25,EGX:MASR,3.53992128,3.60351264,3.46219872,3.53285568,2548633.33333333
2019-06-26,EGX:MASR,3.53285568,3.6529728,3.53285568,3.62470944,4564592.70833333
2019-06-27,EGX:MASR,3.62470944,3.70243296,3.61057824,3.6459072,2109928.125
2019-07-02,EGX:MASR,3.6459072,3.6741696,3.63177504,3.6600384,2712139.58333333
2019-07-03,EGX:MASR,3.6600384,3.69536736,3.59644704,3.6459072,2353923.95833333
2019-07-04,EGX:MASR,3.6459072,3.6459072,3.53285568,3.56818464,2903929.16666667
2019-07-07,EGX:MASR,3.56818464,3.56818464,3.52579008,3.53992128,1069739.58333333
2019-07-08,EGX:MASR,3.53992128,3.61764384,3.53992128,3.59644704,2535577.08333333
2019-07-09,EGX:MASR,3.59644704,3.62470944,3.53285568,3.56111808,3279263.54166667
2019-07-10,EGX:MASR,3.56111808,3.56111808,3.45513312,3.49752672,5202033.33333333
2019-07-11,EGX:MASR,3.49752672,3.53285568,3.42686976,3.45513312,3597850.0
2019-07-14,EGX:MASR,3.45513312,3.46926432,3.41980416,3.44100096,1017123.95833333
2019-07-15,EGX:MASR,3.44100096,3.51872448,3.42686976,3.47632992,880308.33333333
2019-07-16,EGX:MASR,3.47632992,3.56818464,3.43393536,3.49752672,2316947.91666667
2019-07-17,EGX:MASR,3.49752672,3.49752672,3.42686976,3.42686976,810441.66666667
2019-07-18,EGX:MASR,3.42686976,3.49752672,3.41980416,3.44100096,1791852.08333333
2019-07-21,EGX:MASR,3.44100096,3.46926432,3.40567296,3.45513312,3914092.70833333
2019-07-22,EGX:MASR,3.45513312,3.53285568,3.43393536,3.49752672,1727935.41666667
2019-07-24,EGX:MASR,3.49752672,3.52579008,3.3491472,3.39860736,2686875.0
2019-07-25,EGX:MASR,3.39860736,3.39860736,3.31381824,3.33501504,3140481.25
2019-07-28,EGX:MASR,3.33501504,3.46926432,3.33501504,3.42686976,2020091.66666667
2019-07-29,EGX:MASR,3.42686976,3.44100096,3.3632784,3.39154176,1823433.33333333
2019-07-30,EGX:MASR,3.39154176,3.41980416,3.28555584,3.33501504,3357217.70833333
2019-07-31,EGX:MASR,3.33501504,3.39860736,3.29262144,3.3632784,2133058.33333333
2019-08-01,EGX:MASR,3.3632784,3.42686976,3.3562128,3.39860736,830601.04166667
2019-08-04,EGX:MASR,3.39860736,3.46219872,3.3562128,3.41273856,1137806.25
2019-08-05,EGX:MASR,3.41273856,3.42686976,3.32088384,3.3632784,1362494.79166667
2019-08-06,EGX:MASR,3.3632784,3.41980416,3.3632784,3.39860736,1039570.83333333
2019-08-07,EGX:MASR,3.39860736,3.56818464,3.39860736,3.53285568,3667542.70833333
2019-08-08,EGX:MASR,3.53285568,3.63177504,3.53285568,3.60351264,3082252.08333333
2019-08-14,EGX:MASR,3.60351264,3.80841792,3.60351264,3.75189216,3998831.25
2019-08-15,EGX:MASR,3.75189216,3.75189216,3.61057824,3.6600384,2148189.58333333
2019-08-18,EGX:MASR,3.6600384,3.76602432,3.6600384,3.70243296,2696320.83333333
2019-08-19,EGX:MASR,3.70243296,3.75895872,3.62470944,3.6600384,6803272.91666667
2019-08-20,EGX:MASR,3.6600384,3.82254912,3.6600384,3.78722112,5536003.125
2019-08-21,EGX:MASR,3.78722112,3.82961568,3.6741696,3.74482656,2249623.95833333
2019-08-22,EGX:MASR,3.74482656,3.87200928,3.6883008,3.80135232,3354477.08333333
2019-08-25,EGX:MASR,3.80135232,3.87907488,3.6883008,3.75895872,2820292.70833333
2019-08-26,EGX:MASR,3.75895872,3.85787808,3.6812352,3.79428672,2558867.70833333
2019-08-27,EGX:MASR,3.79428672,3.9567984,3.79428672,3.87907488,6092452.08333333
2019-08-28,EGX:MASR,3.87907488,3.92146944,3.80135232,3.85787808,3427922.91666667
2019-08-29,EGX:MASR,3.85787808,3.86494368,3.76602432,3.80135232,4129195.83333333
2019-09-01,EGX:MASR,3.80135232,3.90027264,3.76602432,3.85081248,3937909.375
2019-09-02,EGX:MASR,3.85081248,3.87907488,3.78015552,3.82254912,1832804.16666667
2019-09-03,EGX:MASR,3.82254912,3.90733824,3.74482656,3.83668128,4461393.75
2019-09-04,EGX:MASR,3.83668128,3.83668128,3.6883008,3.74482656,3629747.91666667
2019-09-05,EGX:MASR,3.74482656,3.80841792,3.70949856,3.72362976,2660561.45833333
2019-09-08,EGX:MASR,3.72362976,3.82254912,3.72362976,3.78015552,1596760.41666667
2019-09-09,EGX:MASR,3.78015552,3.81548448,3.70949856,3.71656416,4244265.625
2019-09-10,EGX:MASR,3.71656416,3.78722112,3.70949856,3.73776096,3943281.25
2019-09-11,EGX:MASR,3.73776096,3.78722112,3.73776096,3.75895872,966572.91666667
2019-09-12,EGX:MASR,3.75895872,3.79428672,3.73776096,3.76602432,2972392.70833333
2019-09-15,EGX:MASR,3.76602432,3.79428672,3.70949856,3.73776096,1448185.41666667
2019-09-16,EGX:MASR,3.73776096,3.73776096,3.58938144,3.6600384,2523867.70833333
2019-09-17,EGX:MASR,3.6600384,3.6741696,3.46219872,3.55405248,2651215.625
2019-09-18,EGX:MASR,3.55405248,3.55405248,3.44100096,3.47632992,2113587.5
2019-09-19,EGX:MASR,3.47632992,3.56818464,3.47632992,3.53992128,3205869.79166667
2019-09-22,EGX:MASR,3.53992128,3.53992128,3.18663552,3.25022688,4683994.79166667
2019-09-23,EGX:MASR,3.25022688,3.25022688,2.92520448,3.09478176,4653675.0
2019-09-24,EGX:MASR,3.09478176,3.09478176,2.82628416,2.96053344,4301438.54166667
2019-09-25,EGX:MASR,2.96053344,3.10891296,2.96053344,3.0523872,2403014.58333333
2019-09-26,EGX:MASR,3.0523872,3.11597856,2.96759808,3.0453216,3778354.16666667
2019-09-29,EGX:MASR,3.0453216,3.24316128,3.0453216,3.20076768,3610487.5
2019-09-30,EGX:MASR,3.20076768,3.25022688,3.14424096,3.20783328,1275096.875
2019-10-01,EGX:MASR,3.20783328,3.27849024,3.20076768,3.23609568,2206114.58333333
2019-10-02,EGX:MASR,3.23609568,3.25022688,3.12304416,3.17956992,2443085.41666667
2019-10-03,EGX:MASR,3.17956992,3.29968704,3.073584,3.16543872,4150096.875
2019-10-07,EGX:MASR,3.16543872,3.3562128,3.16543872,3.29262144,2221064.58333333
2019-10-08,EGX:MASR,3.29262144,3.39860736,3.22903008,3.31381824,7110157.29166667
2019-10-09,EGX:MASR,3.31381824,3.31381824,3.20076768,3.25022688,3189229.16666667
2019-10-10,EGX:MASR,3.25022688,3.30675264,3.21489888,3.25022688,1897337.5
2019-10-13,EGX:MASR,3.25022688,3.26435808,3.14424096,3.20076768,3536511.45833333
2019-10-14,EGX:MASR,3.20076768,3.29262144,3.18663552,3.24316128,9115026.04166667
2019-10-15,EGX:MASR,3.24316128,3.32088384,3.14424096,3.20783328,12850767.70833333
2019-10-16,EGX:MASR,3.20783328,3.52579008,3.20783328,3.40567296,31755146.875
2019-10-17,EGX:MASR,3.40567296,3.78015552,3.40567296,3.6388416,44008832.29166667
2019-10-20,EGX:MASR,3.6388416,3.6529728,3.55405248,3.59644704,4722734.375
2019-10-21,EGX:MASR,3.59644704,3.73069536,3.56818464,3.63177504,6140832.29166667
2019-10-22,EGX:MASR,3.63177504,3.73069536,3.61764384,3.6812352,6689215.625
2019-10-23,EGX:MASR,3.6812352,3.6812352,3.55405248,3.61057824,2781418.75
2019-10-24,EGX:MASR,3.61057824,3.6741696,3.60351264,3.6459072,1676660.41666667
2019-10-27,EGX:MASR,3.6459072,3.70243296,3.63177504,3.667104,2878142.70833333
2019-10-28,EGX:MASR,3.667104,3.87200928,3.667104,3.79428672,15654752.08333333
2019-10-29,EGX:MASR,3.79428672,3.90027264,3.77308992,3.84374688,10627764.58333333
2019-10-30,EGX:MASR,3.84374688,3.92853504,3.77308992,3.84374688,6869589.58333333
2019-10-31,EGX:MASR,3.84374688,3.85081248,3.77308992,3.80135232,6228333.33333333
2019-11-03,EGX:MASR,3.80135232,3.85081248,3.76602432,3.80135232,2994206.25
2019-11-04,EGX:MASR,3.80135232,3.80135232,3.6741696,3.71656416,10119247.91666667
2019-11-05,EGX:MASR,3.71656416,3.78722112,3.6883008,3.73776096,6276091.66666667
2019-11-06,EGX:MASR,3.73776096,3.75189216,3.6600384,3.69536736,12460967.70833333
2019-11-07,EGX:MASR,3.69536736,3.74482656,3.6600384,3.70243296,5024778.125
2019-11-11,EGX:MASR,3.70243296,3.80841792,3.70243296,3.76602432,5908771.875
2019-11-12,EGX:MASR,3.76602432,3.86494368,3.76602432,3.82961568,9252508.33333333
2019-11-13,EGX:MASR,3.82961568,3.89320704,3.78722112,3.84374688,6654973.95833334
2019-11-14,EGX:MASR,3.84374688,3.85081248,3.73776096,3.77308992,3202836.45833333
2019-11-17,EGX:MASR,3.77308992,3.79428672,3.6741696,3.72362976,4895476.04166667
2019-11-18,EGX:MASR,3.72362976,3.73069536,3.56111808,3.61057824,11278254.16666667
2019-11-19,EGX:MASR,3.61057824,3.6459072,3.55405248,3.56818464,3635150.0
2019-11-20,EGX:MASR,3.58231584,3.60351264,3.47632992,3.51872448,5048111.45833333
2019-11-21,EGX:MASR,3.51872448,3.57524928,3.46926432,3.51165792,3502200.0
2019-11-24,EGX:MASR,3.47632992,3.53285568,3.45513312,3.48339552,2329560.41666667
2019-11-25,EGX:MASR,3.48339552,3.49752672,3.41980416,3.44100096,3231539.58333333
2019-11-26,EGX:MASR,3.44100096,3.44806752,3.39154176,3.41273856,2876059.375
2019-11-27,EGX:MASR,3.41273856,3.45513312,3.3844752,3.40567296,1401777.08333333
2019-11-28,EGX:MASR,3.40567296,3.45513312,3.3844752,3.41273856,1752839.58333333
2019-12-01,EGX:MASR,3.41273856,3.45513312,3.3491472,3.370344,1509386.45833333
2019-12-02,EGX:MASR,3.370344,3.3774096,3.25022688,3.27849024,4904646.875
2019-12-03,EGX:MASR,3.27849024,3.3844752,3.20783328,3.31381824,2739415.625
2019-12-04,EGX:MASR,3.31381824,3.40567296,3.31381824,3.370344,4509134.375
2019-12-05,EGX:MASR,3.370344,3.44806752,3.3279504,3.3774096,2232943.75
2019-12-08,EGX:MASR,3.3774096,3.41980416,3.3279504,3.3491472,480226.04166667
2019-12-09,EGX:MASR,3.3491472,3.3491472,3.29968704,3.31381824,1487080.20833333
2019-12-10,EGX:MASR,3.31381824,3.3562128,3.30675264,3.32088384,4409039.58333333
2019-12-11,EGX:MASR,3.32088384,3.32088384,3.16543872,3.21489888,4934600.0
2019-12-12,EGX:MASR,3.21489888,3.24316128,3.11597856,3.15130752,2427828.125
2019-12-15,EGX:MASR,3.15130752,3.19370112,3.14424096,3.17250432,678201.04166667
2019-12-16,EGX:MASR,3.17250432,3.22196448,3.13010976,3.17956992,2219477.08333333
2019-12-17,EGX:MASR,3.17956992,3.3279504,3.17956992,3.27849024,2772270.83333333
2019-12-18,EGX:MASR,3.27849024,3.3491472,3.27849024,3.3279504,1430896.875
2019-12-19,EGX:MASR,3.3279504,3.46219872,3.30675264,3.3844752,3914854.16666667
2019-12-22,EGX:MASR,3.3844752,3.49752672,3.3844752,3.45513312,3855642.70833333
2019-12-23,EGX:MASR,3.45513312,3.46926432,3.41273856,3.44806752,2549023.95833333
2019-12-24,EGX:MASR,3.44806752,3.46219872,3.3491472,3.3774096,1252601.04166667
2019-12-25,EGX:MASR,3.3774096,3.40567296,3.3562128,3.3774096,377337.5
2019-12-26,EGX:MASR,3.3774096,3.43393536,3.3774096,3.39860736,1346204.16666667
2019-12-29,EGX:MASR,3.39860736,3.43393536,3.3491472,3.3774096,2120867.70833333
2019-12-30,EGX:MASR,3.3774096,3.46926432,3.3774096,3.45513312,3582834.375
2019-12-31,EGX:MASR,3.45513312,3.46926432,3.3632784,3.40567296,2111889.58333333
2020-01-02,EGX:MASR,3.40567296,3.44100096,3.3774096,3.39860736,341929.16666667
2020-01-05,EGX:MASR,3.39860736,3.39860736,3.0594528,3.11597856,5320786.45833333
2020-01-06,EGX:MASR,3.11597856,3.13717536,2.91107328,3.0241248,3563170.83333333
2020-01-08,EGX:MASR,3.0241248,3.24316128,2.93227008,3.11597856,4983104.16666667
2020-01-09,EGX:MASR,3.11597856,3.32088384,3.11597856,3.26435808,2960443.75
2020-01-12,EGX:MASR,3.26435808,3.44100096,3.22903008,3.3632784,6075928.125
2020-01-13,EGX:MASR,3.3632784,3.41273856,3.32088384,3.3491472,2723838.54166667
2020-01-14,EGX:MASR,3.3491472,3.41273856,3.3420816,3.3844752,1809896.875
2020-01-15,EGX:MASR,3.3844752,3.47632992,3.3420816,3.44806752,3511855.20833333
2020-01-16,EGX:MASR,3.44806752,3.47632992,3.41273856,3.45513312,1641741.66666667
2020-01-19,EGX:MASR,3.45513312,3.45513312,3.370344,3.39154176,1619920.83333333
2020-01-20,EGX:MASR,3.39154176,3.39154176,3.29262144,3.33501504,1026177.08333333
2020-01-21,EGX:MASR,3.33501504,3.3491472,3.22196448,3.25729248,1792982.29166667
2020-01-22,EGX:MASR,3.25729248,3.3562128,3.25729248,3.31381824,3539584.375
2020-01-23,EGX:MASR,3.31381824,3.3562128,3.28555584,3.30675264,3092159.375
2020-01-26,EGX:MASR,3.30675264,3.3491472,3.27849024,3.31381824,1294687.5
2020-01-27,EGX:MASR,3.31381824,3.32088384,3.25022688,3.27849024,2055646.875
2020-01-28,EGX:MASR,3.27849024,3.32088384,3.21489888,3.25729248,689504.16666667
2020-01-29,EGX:MASR,3.25729248,3.33501504,3.25729248,3.29968704,3439538.54166667
2020-01-30,EGX:MASR,3.29968704,3.370344,3.29968704,3.33501504,2692319.79166667
2020-02-02,EGX:MASR,3.33501504,3.41980416,3.29262144,3.3491472,8523295.83333333
2020-02-03,EGX:MASR,3.3491472,3.39154176,3.28555584,3.33501504,1298985.41666667
2020-02-04,EGX:MASR,3.33501504,3.39154176,3.28555584,3.3420816,2922501.04166667
2020-02-05,EGX:MASR,3.3420816,3.3420816,3.28555584,3.31381824,1662235.41666667
2020-02-06,EGX:MASR,3.31381824,3.3491472,3.30675264,3.32088384,3758757.29166667
2020-02-09,EGX:MASR,3.32088384,3.3774096,3.29968704,3.3420816,2672012.5
2020-02-10,EGX:MASR,3.3420816,3.3420816,3.28555584,3.29968704,1106906.25
2020-02-11,EGX:MASR,3.29968704,3.39154176,3.29968704,3.33501504,2342300.0
2020-02-12,EGX:MASR,3.33501504,3.3562128,3.29262144,3.31381824,760972.91666667
2020-02-13,EGX:MASR,3.31381824,3.40567296,3.31381824,3.3844752,5501478.125
2020-02-16,EGX:MASR,3.3844752,3.39860736,3.25022688,3.29968704,2109135.41666667
2020-02-17,EGX:MASR,3.29968704,3.32088384,3.26435808,3.29262144,986550.0
2020-02-18,EGX:MASR,3.29262144,3.29262144,3.14424096,3.20076768,1482473.95833333
2020-02-19,EGX:MASR,3.20076768,3.25022688,3.15837312,3.18663552,595716.66666667
2020-02-20,EGX:MASR,3.18663552,3.23609568,3.17956992,3.20076768,704105.20833333
2020-02-23,EGX:MASR,3.20076768,3.23609568,3.13010976,3.19370112,855129.16666667
2020-02-24,EGX:MASR,3.19370112,3.19370112,3.00292704,3.073584,2640597.91666667
2020-02-25,EGX:MASR,3.073584,3.17956992,3.0594528,3.14424096,691529.16666667
2020-02-26,EGX:MASR,3.14424096,3.14424096,3.073584,3.08771616,849405.20833333
2020-02-27,EGX:MASR,3.08771616,3.10891296,3.00292704,3.00999264,13858115.625
2020-03-01,EGX:MASR,3.00999264,3.00999264,2.71323264,2.79802176,6508404.16666667
2020-03-02,EGX:MASR,2.79802176,2.88280992,2.62137888,2.80508736,3766868.75
2020-03-03,EGX:MASR,2.80508736,2.86161312,2.7556272,2.80508736,2916291.66666667
2020-03-04,EGX:MASR,2.80508736,2.80508736,2.64257568,2.71323264,6410440.625
2020-03-05,EGX:MASR,2.71323264,2.87574432,2.71323264,2.79802176,25823033.33333334
2020-03-08,EGX:MASR,2.79802176,2.81921856,2.62844448,2.7485616,6920327.08333334
2020-03-09,EGX:MASR,2.7485616,2.7485616,2.48006496,2.56485312,11287704.16666667
2020-03-10,EGX:MASR,2.56485312,2.63551008,2.50126176,2.57898432,6890959.375
2020-03-11,EGX:MASR,2.57898432,2.7485616,2.55072192,2.64257568,9696056.25
2020-03-15,EGX:MASR,2.64257568,2.64257568,2.38114464,2.4164736,6415889.58333334
2020-03-16,EGX:MASR,2.4164736,2.4164736,2.17623936,2.21156736,7969342.70833333
2020-03-17,EGX:MASR,2.21156736,2.21156736,1.99253088,2.04199104,6499862.5
2020-03-18,EGX:MASR,2.04199104,2.04199104,1.8441504,1.86534816,12634081.25
2020-03-19,EGX:MASR,1.86534816,2.04905664,1.69577088,1.96426752,17548429.16666666
2020-03-22,EGX:MASR,1.96426752,2.1197136,1.87947936,1.99959648,18204823.95833333
2020-03-23,EGX:MASR,1.99959648,2.19743616,1.97133312,2.04905664,29842969.79166667
2020-03-24,EGX:MASR,2.04905664,2.07731904,1.95720192,2.00666208,14343894.79166667
2020-03-25,EGX:MASR,2.00666208,2.147976,2.00666208,2.09145024,9953536.45833333
2020-03-26,EGX:MASR,2.09145024,2.1691728,2.09145024,2.1409104,7261876.04166667
2020-03-29,EGX:MASR,2.1409104,2.18330496,2.09851584,2.147976,5174153.125
2020-03-30,EGX:MASR,2.147976,2.1550416,2.09145024,2.1338448,5799701.04166667
2020-03-31,EGX:MASR,2.1338448,2.21863296,2.1338448,2.19743616,5305742.70833333
2020-04-01,EGX:MASR,2.19743616,2.24689632,2.1621072,2.19743616,7077673.95833333
2020-04-02,EGX:MASR,2.19743616,2.26809312,2.19743616,2.24689632,4432310.41666667
2020-04-05,EGX:MASR,2.24689632,2.26102752,2.19037056,2.22569952,3680214.58333333
2020-04-06,EGX:MASR,2.22569952,2.26809312,2.20450176,2.23983072,12492863.54166667
2020-04-07,EGX:MASR,2.23983072,2.23983072,2.00666208,2.07025344,19311034.375
2020-04-08,EGX:MASR,2.07025344,2.1197136,2.02079328,2.07025344,11224885.41666667
2020-04-09,EGX:MASR,2.07025344,2.08438464,1.97133312,2.01372768,11678951.04166667
2020-04-12,EGX:MASR,2.01372768,2.01372768,1.93600512,1.97839872,7517981.25
2020-04-13,EGX:MASR,1.97839872,2.06318784,1.97839872,2.02785888,18297704.16666667
2020-04-14,EGX:MASR,2.02785888,2.07731904,2.02785888,2.05612224,10405844.79166667
2020-04-15,EGX:MASR,2.05612224,2.09145024,1.99253088,2.02785888,8145372.91666667
2020-04-16,EGX:MASR,2.02785888,2.02785888,1.97839872,2.01372768,3539987.5
2020-04-21,EGX:MASR,2.01372768,2.01372768,1.94307072,1.97839872,6075981.25
2020-04-22,EGX:MASR,1.97839872,2.00666208,1.95013632,1.97839872,6054225.0
2020-04-23,EGX:MASR,1.97839872,2.04905664,1.97839872,2.02785888,6789781.25
2020-04-26,EGX:MASR,2.02785888,2.1197136,2.02785888,2.08438464,12928643.75
2020-04-27,EGX:MASR,2.08438464,2.22569952,2.06318784,2.1550416,24271692.70833334
2020-04-28,EGX:MASR,2.1550416,2.26102752,2.1550416,2.23983072,11807054.16666667
2020-04-29,EGX:MASR,2.23983072,2.24689632,2.1409104,2.19037056,15760126.04166667
2020-04-30,EGX:MASR,2.19037056,2.19743616,2.147976,2.1691728,7646248.95833334
2020-05-03,EGX:MASR,2.1691728,2.1691728,1.95720192,2.01372768,16117305.20833334
2020-05-04,EGX:MASR,2.01372768,2.01372768,1.92893952,1.97133312,7094336.45833333
2020-05-05,EGX:MASR,1.97133312,2.01372768,1.96426752,1.98546432,9482460.41666667
2020-05-06,EGX:MASR,1.98546432,1.99959648,1.95013632,1.97839872,13202896.875
2020-05-07,EGX:MASR,1.97839872,1.97839872,1.815888,1.88654496,15443076.04166667
2020-05-10,EGX:MASR,1.88654496,1.88654496,1.79469024,1.8370848,10518495.83333333
2020-05-11,EGX:MASR,1.8370848,1.851216,1.73816448,1.8017568,8065869.79166667
2020-05-12,EGX:MASR,1.8017568,1.92893952,1.8017568,1.88654496,14880357.29166667
2020-05-13,EGX:MASR,1.88654496,1.95013632,1.8300192,1.87947936,11569080.20833333
2020-05-14,EGX:MASR,1.87947936,1.87947936,1.79469024,1.815888,4483798.95833333
2020-05-17,EGX:MASR,1.815888,1.85828256,1.8017568,1.8229536,1793955.20833333
2020-05-18,EGX:MASR,1.8229536,1.8370848,1.77349344,1.79469024,5167356.25
2020-05-19,EGX:MASR,1.79469024,1.851216,1.79469024,1.8300192,4496909.375
2020-05-20,EGX:MASR,1.8300192,1.8300192,1.75229664,1.77349344,5678612.5
2020-05-21,EGX:MASR,1.77349344,1.77349344,1.72403328,1.74523104,14441944.79166666
2020-05-31,EGX:MASR,1.74523104,1.87241376,1.74523104,1.8300192,18425218.75
2020-06-01,EGX:MASR,1.8300192,1.87241376,1.815888,1.8441504,9392210.41666667
2020-06-02,EGX:MASR,1.8441504,1.86534816,1.8300192,1.851216,9921142.70833333
2020-06-03,EGX:MASR,1.851216,1.87241376,1.8088224,1.8370848,13815468.75
2020-06-04,EGX:MASR,1.8370848,1.88654496,1.8229536,1.85828256,19386396.875
2020-06-07,EGX:MASR,1.85828256,1.97839872,1.85828256,1.93600512,31109291.66666667
2020-06-08,EGX:MASR,1.93600512,1.98546432,1.90067616,1.92893952,18984321.875
2020-06-09,EGX:MASR,1.92893952,1.93600512,1.851216,1.89361056,13163077.08333333
2020-06-10,EGX:MASR,1.89361056,1.89361056,1.85828256,1.86534816,3574538.54166667
2020-06-11,EGX:MASR,1.86534816,1.87241376,1.8300192,1.8441504,8306829.16666667
2020-06-14,EGX:MASR,1.8441504,1.8441504,1.78762464,1.815888,8287303.125
2020-06-15,EGX:MASR,1.815888,1.90774176,1.78762464,1.87241376,17668651.04166666
2020-06-16,EGX:MASR,1.87241376,1.96426752,1.87241376,1.93600512,19638560.41666667
2020-06-17,EGX:MASR,1.93600512,1.98546432,1.90774176,1.96426752,23796320.83333334
2020-06-18,EGX:MASR,1.96426752,1.96426752,1.91480736,1.92187296,8646066.66666667
2020-06-21,EGX:MASR,1.92187296,1.92187296,1.86534816,1.89361056,9300668.75
2020-06-22,EGX:MASR,1.89361056,1.90774176,1.8441504,1.87241376,9390741.66666667
2020-06-23,EGX:MASR,1.87241376,1.95720192,1.8441504,1.90774176,11849820.83333333
2020-06-24,EGX:MASR,1.90774176,2.02785888,1.90774176,1.98546432,22703521.875
2020-06-25,EGX:MASR,1.98546432,1.98546432,1.90067616,1.95013632,12811259.375
2020-06-28,EGX:MASR,1.95013632,1.95013632,1.89361056,1.91480736,3955093.75
2020-06-29,EGX:MASR,1.91480736,1.92893952,1.87947936,1.90067616,3695968.75
2020-06-30,EGX:MASR,1.90067616,1.95013632,1.90067616,1.92893952,5767828.125
2020-07-05,EGX:MASR,1.92893952,2.01372768,1.92893952,1.98546432,11355286.45833333
2020-07-06,EGX:MASR,1.98546432,2.08438464,1.98546432,2.03492448,17884426.04166666
2020-07-07,EGX:MASR,2.03492448,2.04905664,1.97839872,2.00666208,15509514.58333333
2020-07-08,EGX:MASR,2.00666208,2.19037056,2.00666208,2.1267792,63297091.66666666
2020-07-09,EGX:MASR,2.1267792,2.21156736,2.04905664,2.1409104,50819740.62500001
2020-07-12,EGX:MASR,2.1409104,2.23276512,2.1409104,2.19743616,28353351.04166666
2020-07-13,EGX:MASR,2.19743616,2.25396192,2.1409104,2.19037056,27770421.87500001
2020-07-14,EGX:MASR,2.19037056,2.19037056,2.09851584,2.1338448,18420487.5
2020-07-15,EGX:MASR,2.1338448,2.1409104,1.92187296,1.99253088,26668630.20833334
2020-07-16,EGX:MASR,1.99253088,1.99959648,1.88654496,1.95013632,12550298.95833334
2020-07-19,EGX:MASR,1.95013632,2.00666208,1.86534816,1.92187296,9508260.41666667
2020-07-20,EGX:MASR,1.92187296,1.97133312,1.90067616,1.93600512,10949721.875
2020-07-21,EGX:MASR,1.93600512,1.98546432,1.92893952,1.95720192,9376787.5
2020-07-22,EGX:MASR,1.95720192,1.97133312,1.93600512,1.94307072,3104894.79166667
2020-07-26,EGX:MASR,1.94307072,1.99959648,1.94307072,1.98546432,4773287.5
2020-07-27,EGX:MASR,1.98546432,2.02079328,1.97839872,1.99959648,3757514.58333333
2020-07-28,EGX:MASR,1.99959648,2.06318784,1.99253088,2.04199104,11346825.0
2020-07-29,EGX:MASR,2.04199104,2.09851584,2.03492448,2.06318784,8380182.29166667
2020-08-04,EGX:MASR,2.06318784,2.1197136,2.06318784,2.10558144,7021089.58333334
2020-08-05,EGX:MASR,2.10558144,2.17623936,2.09851584,2.147976,13374011.45833333
2020-08-06,EGX:MASR,2.147976,2.19743616,2.147976,2.17623936,7711221.875
2020-08-09,EGX:MASR,2.17623936,2.38821024,2.1691728,2.31048768,33095112.50000001
2020-08-10,EGX:MASR,2.31048768,2.53658976,2.31048768,2.39527584,20435504.16666667
2020-08-11,EGX:MASR,2.39527584,2.40234144,2.30342208,2.35994784,12144489.58333333
2020-08-12,EGX:MASR,2.35994784,2.4306048,2.32461888,2.37407904,9817730.20833333
2020-08-13,EGX:MASR,2.37407904,2.38821024,2.33875008,2.36701344,3637205.20833333
2020-08-16,EGX:MASR,2.36701344,2.4659328,2.36701344,2.409408,12314812.5
2020-08-17,EGX:MASR,2.409408,2.4164736,2.30342208,2.36701344,8644715.625
2020-08-18,EGX:MASR,2.36701344,2.38821024,2.31755328,2.35288128,4990497.91666667
2020-08-19,EGX:MASR,2.35288128,2.4164736,2.34581568,2.39527584,9210685.41666667
2020-08-23,EGX:MASR,2.39527584,2.55778752,2.39527584,2.50126176,22201569.79166666
2020-08-24,EGX:MASR,2.50126176,2.54365632,2.39527584,2.4518016,23948303.125
2020-08-25,EGX:MASR,2.4518016,2.4518016,2.38114464,2.409408,10859003.125
2020-08-26,EGX:MASR,2.409408,2.4659328,2.38114464,2.409408,5444970.83333333
2020-08-27,EGX:MASR,2.409408,2.4235392,2.36701344,2.39527584,7545397.91666667
2020-08-30,EGX:MASR,2.39527584,2.40234144,2.36701344,2.38114464,3637217.70833333
2020-08-31,EGX:MASR,2.38114464,2.4376704,2.30342208,2.35288128,11104440.625
2020-09-01,EGX:MASR,2.35288128,2.35288128,2.23276512,2.27515872,12920467.70833333
2020-09-02,EGX:MASR,2.27515872,2.32461888,2.25396192,2.28222432,7105572.91666667
2020-09-03,EGX:MASR,2.28222432,2.29635648,2.20450176,2.25396192,6875839.58333333
2020-09-06,EGX:MASR,2.25396192,2.25396192,2.1691728,2.19743616,7080952.08333333
2020-09-07,EGX:MASR,2.19743616,2.22569952,2.1338448,2.17623936,7327523.95833334
2020-09-08,EGX:MASR,2.17623936,2.22569952,2.112648,2.1621072,14198520.83333334
2020-09-09,EGX:MASR,2.1621072,2.20450176,2.10558144,2.147976,15079970.83333333
2020-09-10,EGX:MASR,2.147976,2.20450176,2.147976,2.1691728,5130491.66666667
2020-09-13,EGX:MASR,2.18330496,2.21156736,2.1621072,2.18330496,3760507.29166667
2020-09-14,EGX:MASR,2.18330496,2.20450176,2.147976,2.1691728,4596966.66666667
2020-09-15,EGX:MASR,2.1691728,2.1691728,2.1267792,2.1409104,4045077.08333333
2020-09-16,EGX:MASR,2.1409104,2.1621072,2.1267792,2.1550416,3738519.79166667
2020-09-17,EGX:MASR,2.1550416,2.1621072,2.1197136,2.1409104,3604922.91666667
2020-09-20,EGX:MASR,2.1409104,2.1691728,2.1197136,2.1409104,2826785.41666667
2020-09-21,EGX:MASR,2.1409104,2.19743616,2.04199104,2.1197136,11219193.75
2020-09-22,EGX:MASR,2.1197136,2.18330496,2.10558144,2.147976,7236695.83333333
2020-09-23,EGX:MASR,2.147976,2.19037056,2.1267792,2.1550416,2233278.125
2020-09-24,EGX:MASR,2.1550416,2.1550416,2.07731904,2.112648,6526137.5
2020-09-27,EGX:MASR,2.112648,2.17623936,2.112648,2.1409104,2828495.83333333
2020-09-28,EGX:MASR,2.1409104,2.18330496,2.112648,2.1550416,4049833.33333333
2020-09-29,EGX:MASR,2.1550416,2.23983072,2.1550416,2.20450176,16677379.16666667
2020-09-30,EGX:MASR,2.20450176,2.30342208,2.20450176,2.26809312,21286162.49999999
2020-10-01,EGX:MASR,2.26809312,2.409408,2.26809312,2.38114464,23207273.95833334
2020-10-04,EGX:MASR,2.38114464,2.49419616,2.38114464,2.4588672,24614264.58333334
2020-10-05,EGX:MASR,2.4588672,2.58604992,2.36701344,2.48713056,35308202.08333334
2020-10-06,EGX:MASR,2.48713056,2.7273648,2.48713056,2.64964128,49635558.33333334
2020-10-07,EGX:MASR,2.64964128,2.7344304,2.64964128,2.7344304,27181959.37499999
2020-10-11,EGX:MASR,2.7344304,3.17250432,2.7344304,2.98173024,78569603.12500001
2020-10-12,EGX:MASR,2.98173024,3.0665184,2.7556272,2.88987552,32957866.66666667
2020-10-13,EGX:MASR,2.88987552,2.93933568,2.741496,2.84748192,17186181.25
2020-10-14,EGX:MASR,2.84748192,2.91107328,2.77682496,2.83335072,10919036.45833333
2020-10-15,EGX:MASR,2.83335072,2.83335072,2.61431328,2.70616704,25129870.83333333
2020-10-18,EGX:MASR,2.70616704,2.70616704,2.61431328,2.65670784,12988496.875
2020-10-19,EGX:MASR,2.65670784,2.77682496,2.65670784,2.72029824,15112837.5
2020-10-20,EGX:MASR,2.72029824,2.79095616,2.68497024,2.7344304,15409771.875
2020-10-21,EGX:MASR,2.7344304,2.7697584,2.62844448,2.71323264,11825493.75
2020-10-22,EGX:MASR,2.71323264,2.71323264,2.55072192,2.62844448,14287512.5
2020-10-25,EGX:MASR,2.62844448,2.67790464,2.53658976,2.62844448,7145646.875
2020-10-26,EGX:MASR,2.62844448,2.68497024,2.57898432,2.64257568,11698054.16666667
2020-10-27,EGX:MASR,2.64257568,2.71323264,2.63551008,2.67790464,15676805.20833333
2020-10-28,EGX:MASR,2.67790464,2.67790464,2.55778752,2.60018208,22259700.0
2020-11-01,EGX:MASR,2.60018208,2.60018208,2.50126176,2.52952416,8364902.08333333
2020-11-02,EGX:MASR,2.52952416,2.58604992,2.4164736,2.48713056,8121170.83333333
2020-11-03,EGX:MASR,2.48713056,2.55072192,2.4518016,2.51539296,8150212.5
2020-11-04,EGX:MASR,2.51539296,2.59311648,2.51539296,2.55778752,5233345.83333333
2020-11-05,EGX:MASR,2.55778752,2.59311648,2.52245856,2.56485312,3984637.5
2020-11-08,EGX:MASR,2.56485312,2.56485312,2.53658976,2.55072192,2914898.95833333
2020-11-09,EGX:MASR,2.55072192,2.7485616,2.55072192,2.66377344,15997272.91666667
2020-11-10,EGX:MASR,2.66377344,2.82628416,2.66377344,2.741496,15573840.625
2020-11-11,EGX:MASR,2.741496,2.741496,2.69203584,2.71323264,6472886.45833334
2020-11-12,EGX:MASR,2.71323264,2.79095616,2.70616704,2.7485616,10408942.70833334
2020-11-15,EGX:MASR,2.7485616,2.7697584,2.72029824,2.741496,2511689.58333333
2020-11-16,EGX:MASR,2.741496,2.85454752,2.741496,2.79095616,14729198.95833334
2020-11-17,EGX:MASR,2.79095616,2.91107328,2.79095616,2.86867872,20587105.20833334
2020-11-18,EGX:MASR,2.86867872,2.86867872,2.7697584,2.81921856,10692229.16666667
2020-11-19,EGX:MASR,2.81921856,2.86161312,2.7344304,2.80508736,8821709.375
2020-11-22,EGX:MASR,2.80508736,2.82628416,2.7556272,2.78389056,3487804.16666667
2020-11-23,EGX:MASR,2.78389056,2.83335072,2.78389056,2.81215296,5506346.875
2020-11-24,EGX:MASR,2.81215296,2.88280992,2.80508736,2.84748192,9065950.0
2020-11-25,EGX:MASR,2.84748192,2.86867872,2.7697584,2.81215296,7759366.66666667
2020-11-26,EGX:MASR,2.81215296,2.81921856,2.72029824,2.7485616,6730164.58333334
2020-11-29,EGX:MASR,2.7485616,2.79095616,2.741496,2.7626928,2499798.95833333
2020-11-30,EGX:MASR,2.7626928,2.7626928,2.67083904,2.70616704,20663287.5
2020-12-01,EGX:MASR,2.70616704,2.72029824,2.67790464,2.70616704,4463235.41666667
2020-12-02,EGX:MASR,2.70616745,2.75562743,2.64964176,2.68497032,7046320.94357976
2020-12-03,EGX:MASR,2.68497032,2.70616745,2.64964176,2.67790461,3815151.59515782
2020-12-06,EGX:MASR,2.67790461,2.71323317,2.65670747,2.6708389,3590550.00628113
2020-12-07,EGX:MASR,2.6708389,2.69203603,2.65670747,2.6708389,2798829.29934437
2020-12-08,EGX:MASR,2.6708389,2.69910174,2.66377319,2.67790461,4593575.69328977
2020-12-09,EGX:MASR,2.67790461,2.72736459,2.6708389,2.69910174,4631639.8011988
2020-12-10,EGX:MASR,2.69910174,2.69910174,2.63551034,2.65670747,4353097.42984445
2020-12-13,EGX:MASR,2.65670747,2.72029888,2.63551034,2.68497032,2241670.96178119
2020-12-14,EGX:MASR,2.68497032,2.75562743,2.68497032,2.72736459,3808308.68897674
2020-12-15,EGX:MASR,2.72736459,2.7980217,2.70616745,2.76269315,9195178.88686064
2020-12-16,EGX:MASR,2.76269315,2.76269315,2.64257605,2.67790461,3454304.70135166
2020-12-17,EGX:MASR,2.67790461,2.72736459,2.63551034,2.69203603,6688277.7306722
2020-12-20,EGX:MASR,2.69203603,2.76975886,2.67790461,2.71323317,4047115.50005395
2020-12-21,EGX:MASR,2.71323317,2.71323317,2.47299898,2.57898465,16362434.57506648
2020-12-22,EGX:MASR,2.57898465,2.6072475,2.51539325,2.58605036,3794552.11233143
2020-12-23,EGX:MASR,2.58605036,2.62844463,2.57898465,2.60018178,1361377.43219076
2020-12-24,EGX:MASR,2.60018178,2.61431321,2.55778752,2.58605036,3170237.05476857
2020-12-27,EGX:MASR,2.58605036,2.61431321,2.54365609,2.57898465,1578945.05132185
2020-12-28,EGX:MASR,2.57898465,2.65670747,2.57898465,2.62844463,2726791.25909268
2020-12-29,EGX:MASR,2.62844463,2.67790461,2.61431321,2.65670747,2465267.69783708
2020-12-30,EGX:MASR,2.65670747,2.72736459,2.65670747,2.69910174,5318462.36535805
2020-12-31,EGX:MASR,2.69910174,2.72029888,2.66377319,2.69910174,2333387.1338926
2021-01-03,EGX:MASR,2.69910174,2.7344303,2.67790461,2.70616745,5050294.0379142
2021-01-04,EGX:MASR,2.70616745,2.81215312,2.70616745,2.77682457,20908100.01808905
2021-01-05,EGX:MASR,2.77682457,2.81921884,2.76269315,2.79095599,6216687.56429993
2021-01-06,EGX:MASR,2.79095599,2.82628455,2.75562743,2.78389028,8272566.90065791
2021-01-10,EGX:MASR,2.78389028,2.81921884,2.74856172,2.76975886,4752468.39940014
2021-01-11,EGX:MASR,2.76975886,2.79095599,2.75562743,2.77682457,4291686.76963696
2021-01-12,EGX:MASR,2.77682457,2.77682457,2.72736459,2.74856172,2887448.82642493
2021-01-13,EGX:MASR,2.74856172,2.85454739,2.74856172,2.81921884,14981125.67488231
2021-01-14,EGX:MASR,2.81921884,2.82628455,2.78389028,2.7980217,7677494.47546599
2021-01-17,EGX:MASR,2.7980217,2.84748168,2.77682457,2.81921884,7041023.52934279
2021-01-18,EGX:MASR,2.81921884,2.82628455,2.70616745,2.74856172,8459415.74447146
2021-01-19,EGX:MASR,2.74856172,2.76269315,2.71323317,2.74149601,5724615.38381131
2021-01-20,EGX:MASR,2.74149601,2.7980217,2.74149601,2.77682457,7540913.74783437
2021-01-21,EGX:MASR,2.77682457,2.90400737,2.77682457,2.85454739,27324291.91060196
2021-01-24,EGX:MASR,2.85454739,2.86867882,2.81215312,2.84041597,13153925.3653964
2021-01-25,EGX:MASR,2.84041597,2.91107308,2.84041597,2.88987595,20212259.25368454
2021-01-26,EGX:MASR,2.88987595,2.89694166,2.82628455,2.85454739,14237134.06164787
2021-01-27,EGX:MASR,2.85454739,2.8616131,2.78389028,2.81215312,14263779.64482702
2021-01-31,EGX:MASR,2.81215312,2.83335026,2.76269315,2.7980217,7237584.06337651
2021-02-01,EGX:MASR,2.7980217,2.84041597,2.79095599,2.81215312,3826097.41447622
2021-02-02,EGX:MASR,2.81215312,2.88987595,2.7980217,2.83335026,11918255.02108768
2021-02-03,EGX:MASR,2.83335026,2.85454739,2.78389028,2.81215312,8321767.89144986
2021-02-04,EGX:MASR,2.81215312,2.81215312,2.75562743,2.77682457,5520122.17363592
2021-02-07,EGX:MASR,2.77682457,2.81215312,2.76975886,2.78389028,4242044.20971812
2021-02-08,EGX:MASR,2.78389028,2.80508741,2.67790461,2.72029888,6977814.0410575
2021-02-09,EGX:MASR,2.72029888,2.72736459,2.69203603,2.70616745,2642835.09827203
2021-02-10,EGX:MASR,2.70616745,2.75562743,2.70616745,2.7344303,2076204.25376573
2021-02-11,EGX:MASR,2.7344303,2.76269315,2.72736459,2.74149601,2283394.99841499
2021-02-14,EGX:MASR,2.74149601,2.76269315,2.69910174,2.7344303,2979791.9700851
2021-02-15,EGX:MASR,2.7344303,2.7344303,2.66377319,2.69910174,2476490.91314545
2021-02-16,EGX:MASR,2.69910174,2.74149601,2.68497032,2.71323317,1453324.29586526
2021-02-17,EGX:MASR,2.71323317,2.71323317,2.65670747,2.67790461,1620775.23438038
2021-02-18,EGX:MASR,2.67790461,2.67790461,2.52952467,2.62137892,3957274.58144614
2021-02-21,EGX:MASR,2.62137892,2.69203603,2.62137892,2.65670747,1409381.09131172
2021-02-22,EGX:MASR,2.65670747,2.69203603,2.64257605,2.65670747,2437952.68453929
2021-02-23,EGX:MASR,2.65670747,2.67790461,2.57191894,2.60018178,5044431.92469765
2021-02-24,EGX:MASR,2.60018178,2.64257605,2.57191894,2.59311607,3017033.79702386
2021-02-25,EGX:MASR,2.59311607,2.69203603,2.59311607,2.64257605,3446666.40462792
2021-02-28,EGX:MASR,2.64257605,2.77682457,2.64257605,2.72736459,10160809.8960789
2021-03-01,EGX:MASR,2.72736459,2.84041597,2.72736459,2.80508741,16510654.61199142
2021-03-02,EGX:MASR,2.80508741,2.82628455,2.70616745,2.76269315,6155967.56349603
2021-03-03,EGX:MASR,2.76269315,2.76269315,2.63551034,2.68497032,5275920.29361098
2021-03-04,EGX:MASR,2.68497032,2.7344303,2.65670747,2.69203603,2474127.38608808
2021-03-07,EGX:MASR,2.69203603,2.7344303,2.67790461,2.69910174,3398968.44721019
2021-03-08,EGX:MASR,2.69910174,2.74149601,2.68497032,2.70616745,3756779.553269
2021-03-09,EGX:MASR,2.70616745,2.76269315,2.66377319,2.71323317,5736346.68667273
2021-03-10,EGX:MASR,2.71323317,2.71323317,2.64257605,2.66377319,7283781.81799136
2021-03-11,EGX:MASR,2.66377319,2.68497032,2.62844463,2.64964176,4925825.32498737
2021-03-14,EGX:MASR,2.64964176,2.70616745,2.64964176,2.67790461,2891833.38140921
2021-03-15,EGX:MASR,2.67790461,2.70616745,2.6072475,2.64964176,4003997.407042
2021-03-16,EGX:MASR,2.64964176,2.72029888,2.61431321,2.67790461,5014903.40462277
2021-03-17,EGX:MASR,2.67790461,2.72029888,2.66377319,2.68497032,3231347.67441549
2021-03-18,EGX:MASR,2.68497032,2.69203603,2.65670747,2.6708389,2970810.56726707
2021-03-21,EGX:MASR,2.6708389,2.68497032,2.57898465,2.61431321,2735932.58919063
2021-03-22,EGX:MASR,2.61431321,2.61431321,2.50832754,2.56485323,5449069.17220573
2021-03-23,EGX:MASR,2.56485323,2.6072475,2.45886756,2.53659038,7389738.59444487
2021-03-24,EGX:MASR,2.53659038,2.64257605,2.53659038,2.58605036,2470297.62308373
2021-03-25,EGX:MASR,2.58605036,2.6708389,2.53659038,2.62137892,3541599.52105156
2021-03-28,EGX:MASR,2.62137892,2.65670747,2.60018178,2.62137892,3315026.43924617
2021-03-29,EGX:MASR,2.62137892,2.63551034,2.60018178,2.61431321,1774802.18838102
2021-03-30,EGX:MASR,2.61431321,2.65670747,2.59311607,2.63551034,4849114.01147613
2021-03-31,EGX:MASR,2.63551034,2.69910174,2.62137892,2.64964176,2216620.40554435
2021-04-01,EGX:MASR,2.64964176,2.75562743,2.64964176,2.71323317,4304210.63246971
2021-04-04,EGX:MASR,2.71323317,2.7344303,2.62844463,2.6708389,2489149.2281162
2021-04-05,EGX:MASR,2.6708389,2.68497032,2.57191894,2.61431321,3648841.37688716
2021-04-06,EGX:MASR,2.61431321,2.66377319,2.59311607,2.62844463,1414285.05613436
2021-04-07,EGX:MASR,2.62844463,2.64964176,2.61431321,2.62844463,1149303.95200382
2021-04-08,EGX:MASR,2.62844463,2.67790461,2.62844463,2.66377319,2280015.29625151
2021-04-11,EGX:MASR,2.66377319,2.71323317,2.66377319,2.69203603,2263869.71740689
2021-04-12,EGX:MASR,2.69203603,2.72029888,2.6708389,2.69910174,2945195.31205066
2021-04-13,EGX:MASR,2.69910174,2.69910174,2.62844463,2.64964176,1332473.05309331
2021-04-14,EGX:MASR,2.64964176,2.64964176,2.54365609,2.58605036,3891262.82754792
2021-04-15,EGX:MASR,2.58605036,2.61431321,2.51539325,2.55778752,1688454.19478974
2021-04-18,EGX:MASR,2.55778752,2.6072475,2.54365609,2.56485323,1447225.82994297
2021-04-19,EGX:MASR,2.56485323,2.62137892,2.55778752,2.59311607,2678610.68926383
2021-04-20,EGX:MASR,2.59311607,2.69203603,2.59311607,2.66377319,6133018.70646889
2021-04-21,EGX:MASR,2.66377319,2.70616745,2.64257605,2.6708389,1950028.7063292
2021-04-22,EGX:MASR,2.6708389,2.68497032,2.64964176,2.6708389,3161107.04695593
2021-04-25,EGX:MASR,2.6708389,2.72736459,2.6708389,2.69203603,4959136.90363972
2021-04-26,EGX:MASR,2.69203603,2.69203603,2.65670747,2.67790461,2550671.69589108
2021-04-27,EGX:MASR,2.67790461,2.72736459,2.6708389,2.69910174,2707339.57293906
2021-04-28,EGX:MASR,2.69910174,2.71323317,2.66377319,2.68497032,9507385.24299744
2021-05-04,EGX:MASR,2.37407902,2.39527615,2.33168475,2.3599476,3521716.17277069
2021-05-05,EGX:MASR,2.3599476,2.36701331,2.33875046,2.3599476,4750242.15505209
2021-05-06,EGX:MASR,2.3599476,2.37407902,2.32461904,2.34581617,2866220.95676412
2021-05-09,EGX:MASR,2.34581617,2.35288189,2.31048762,2.33168475,2563229.52557975
2021-05-10,EGX:MASR,2.33168475,2.34581617,2.30342191,2.33168475,1809962.13010937
2021-05-11,EGX:MASR,2.33168475,2.33875046,2.31048762,2.31755333,5756787.65750485
2021-05-17,EGX:MASR,2.31755333,2.3599476,2.29635619,2.32461904,6920073.21657442
2021-05-18,EGX:MASR,2.32461904,2.45180185,2.31755333,2.39527615,8261107.33264381
2021-05-19,EGX:MASR,2.39527615,2.45180185,2.38821044,2.41647329,3951539.84393927
2021-05-20,EGX:MASR,2.41647329,2.41647329,2.3599476,2.38114473,1205909.71738509
2021-05-23,EGX:MASR,2.38114473,2.43060471,2.38114473,2.40234187,2692661.64532706
2021-05-24,EGX:MASR,2.40234187,2.41647329,2.33168475,2.3599476,2500707.86612672
2021-05-25,EGX:MASR,2.3599476,2.3599476,2.28929048,2.31755333,4310708.20894899
2021-05-26,EGX:MASR,2.31755333,2.33168475,2.28222477,2.31048762,1287437.24800786
2021-05-27,EGX:MASR,2.31048762,2.33168475,2.27515906,2.29635619,2727273.87150379
2021-05-30,EGX:MASR,2.29635619,2.31755333,2.26809335,2.28929048,3184218.66183432
2021-05-31,EGX:MASR,2.28929048,2.32461904,2.26809335,2.28929048,1344725.18107875
2021-06-01,EGX:MASR,2.28929048,2.28929048,2.2398305,2.25396193,1381928.79530461
2021-06-02,EGX:MASR,2.25396193,2.27515906,2.22569908,2.25396193,3780661.08354812
2021-06-03,EGX:MASR,2.25396193,2.28929048,2.22569908,2.23276479,6854904.9729314
2021-06-06,EGX:MASR,2.23276479,2.28222477,2.23276479,2.26102764,1196158.39916634
2021-06-07,EGX:MASR,2.26102764,2.32461904,2.26102764,2.30342191,2400164.55733457
2021-06-08,EGX:MASR,2.30342191,2.46593327,2.2398305,2.39527615,8170632.36605893
2021-06-09,EGX:MASR,2.39527615,2.46593327,2.38114473,2.41647329,6219443.12548598
2021-06-10,EGX:MASR,2.41647329,2.423539,2.36701331,2.38821044,2528552.19626252
2021-06-13,EGX:MASR,2.38821044,2.40234187,2.33168475,2.3599476,1535964.24101922
2021-06-14,EGX:MASR,2.3599476,2.38114473,2.31755333,2.33875046,806793.49924875
2021-06-15,EGX:MASR,2.33875046,2.34581617,2.28222477,2.30342191,1714692.17569791
2021-06-16,EGX:MASR,2.30342191,2.32461904,2.26809335,2.28929048,902964.9906276
2021-06-17,EGX:MASR,2.28929048,2.31755333,2.26102764,2.27515906,3285807.86673151
2021-06-20,EGX:MASR,2.27515906,2.31755333,2.26809335,2.28929048,600333.04200166
2021-06-21,EGX:MASR,2.28929048,2.38114473,2.28929048,2.35288189,2437038.41000093
2021-06-22,EGX:MASR,2.35288189,2.49419611,2.35288189,2.45180185,15575878.24551436
2021-06-23,EGX:MASR,2.45180185,2.45886756,2.39527615,2.41647329,2988139.32492605
2021-06-24,EGX:MASR,2.41647329,2.423539,2.37407902,2.39527615,645533.02022402
2021-06-27,EGX:MASR,2.39527615,2.40234187,2.33168475,2.37407902,1496466.44873348
2021-06-28,EGX:MASR,2.37407902,2.44473613,2.37407902,2.41647329,2188439.23742074
2021-06-29,EGX:MASR,2.41647329,2.41647329,2.3599476,2.38114473,1369308.69304676
2021-06-30,EGX:MASR,2.38114473,2.40940758,2.36701331,2.38114473,1072865.78862555
2021-07-04,EGX:MASR,2.38114473,2.40940758,2.37407902,2.38821044,630222.45992063
2021-07-05,EGX:MASR,2.38821044,2.40234187,2.3599476,2.38114473,1894164.55063539
2021-07-06,EGX:MASR,2.38114473,2.38114473,2.30342191,2.33168475,1611673.532281
2021-07-07,EGX:MASR,2.33168475,2.3599476,2.31755333,2.34581617,510547.31953471
2021-07-08,EGX:MASR,2.34581617,2.35288189,2.27515906,2.29635619,3063290.99363656
2021-07-11,EGX:MASR,2.29635619,2.30342191,2.26809335,2.28222477,540528.73102178
2021-07-12,EGX:MASR,2.28222477,2.31048762,2.28222477,2.29635619,1776517.51460469
2021-07-13,EGX:MASR,2.29635619,2.36701331,2.29635619,2.33168475,2884962.16951487
2021-07-14,EGX:MASR,2.33168475,2.38114473,2.32461904,2.35288189,2539790.97971318
2021-07-15,EGX:MASR,2.35288189,2.3599476,2.31048762,2.33168475,2159663.64931863
2021-07-18,EGX:MASR,2.33168475,2.36701331,2.31048762,2.33875046,1765550.46600135
2021-07-25,EGX:MASR,2.33875046,2.38114473,2.33875046,2.35288189,5832511.10162326
2021-07-26,EGX:MASR,2.35146899,2.41760406,2.35146899,2.38086235,2968086.42771035
2021-07-27,EGX:MASR,2.38086235,2.40290738,2.37351401,2.38821069,4105483.35245327
2021-07-28,EGX:MASR,2.38821069,2.44699742,2.36616567,2.40290738,5123446.5100621
2021-07-29,EGX:MASR,2.40290738,2.43964908,2.39555904,2.41025572,4223855.65545213
2021-08-01,EGX:MASR,2.41025572,2.4249524,2.39555904,2.41025572,2608955.00692028
2021-08-02,EGX:MASR,2.41025572,2.44699742,2.38086235,2.41025572,3170798.86051075
2021-08-03,EGX:MASR,2.41025572,2.41025572,2.27798559,2.35146899,9538220.09875043
2021-08-04,EGX:MASR,2.35146899,2.36616567,2.33677231,2.35146899,1940146.86808179
2021-08-05,EGX:MASR,2.35146899,2.37351401,2.34412065,2.35881733,2134390.72227507
2021-08-08,EGX:MASR,2.35881733,2.4249524,2.35881733,2.38086235,6049054.12279692
2021-08-09,EGX:MASR,2.38086235,2.48373912,2.38086235,2.41760406,45835416.23210288
2021-08-10,EGX:MASR,2.41760406,2.41760406,2.35881733,2.38821069,21408802.14610561
2021-08-11,EGX:MASR,2.38821069,2.41760406,2.32942397,2.37351401,18441485.96031903
2021-08-15,EGX:MASR,2.37351401,2.38086235,2.29268227,2.32207563,21433281.14208583
2021-08-16,EGX:MASR,2.32207563,2.33677231,2.27798559,2.30737895,5634269.3208857
2021-08-17,EGX:MASR,2.30737895,2.31472729,2.27063725,2.28533393,12807748.7323524
2021-08-18,EGX:MASR,2.28533393,2.30737895,2.25594056,2.27798559,9331998.03004649
2021-08-19,EGX:MASR,2.27798559,2.27798559,2.21919886,2.24124388,7358044.89010898
2021-08-22,EGX:MASR,2.24124388,2.24124388,2.18245716,2.20450218,14288465.34482479
2021-08-23,EGX:MASR,2.20450218,2.2265472,2.16041214,2.18245716,15020562.60230081
2021-08-24,EGX:MASR,2.18245716,2.1898055,2.11632209,2.14571546,21235750.83162771
2021-08-25,EGX:MASR,2.14571546,2.19715384,2.13101877,2.16776048,8459605.15262468
2021-08-26,EGX:MASR,2.16776048,2.30003061,2.16041214,2.24859222,27081397.1265305
2021-08-29,EGX:MASR,2.24859222,2.30737895,2.21185052,2.27798559,12308665.98703477
2021-08-30,EGX:MASR,2.27798559,2.33677231,2.2265472,2.28533393,20338516.97173853
2021-08-31,EGX:MASR,2.28533393,2.28533393,2.2265472,2.24859222,3647931.07185235
2021-09-01,EGX:MASR,2.24859222,2.29268227,2.24859222,2.27063725,4300004.82034345
2021-09-02,EGX:MASR,2.27063725,2.30737895,2.2632889,2.28533393,5575566.27165295
2021-09-05,EGX:MASR,2.28533393,2.30003061,2.18245716,2.19715384,11141075.85105029
2021-09-06,EGX:MASR,2.19715384,2.19715384,2.12367043,2.13836711,8837773.52442473
2021-09-07,EGX:MASR,2.13836711,2.1898055,2.13101877,2.18245716,7923580.73369802
2021-09-08,EGX:MASR,2.18245716,2.21919886,2.17510882,2.18245716,4758360.00330307
2021-09-09,EGX:MASR,2.18245716,2.19715384,2.1530638,2.16041214,2822985.64127546
2021-09-12,EGX:MASR,2.16041214,2.18245716,2.1530638,2.16776048,1641597.83238441
2021-09-13,EGX:MASR,2.16776048,2.20450218,2.16776048,2.18245716,2453189.2276292
2021-09-14,EGX:MASR,2.18245716,2.29268227,2.18245716,2.2265472,13370531.57344712
2021-09-15,EGX:MASR,2.2265472,2.25594056,2.19715384,2.21919886,5425522.87273194
2021-09-16,EGX:MASR,2.21919886,2.23389554,2.1898055,2.1898055,3529897.6208659
2021-09-19,EGX:MASR,2.1898055,2.23389554,2.14571546,2.14571546,6527159.34292915
2021-09-20,EGX:MASR,2.14571546,2.14571546,2.03549035,2.05018703,9036155.72789395
2021-09-21,EGX:MASR,2.05018703,2.05753537,1.91056856,1.92526524,20517569.64113488
2021-09-22,EGX:MASR,1.92526524,2.01344532,1.92526524,1.9914003,12539580.70539743
2021-09-23,EGX:MASR,1.9914003,2.03549035,1.9914003,2.02079366,2922360.45795655
2021-09-26,EGX:MASR,2.02079366,2.03549035,1.98405196,1.9914003,2379599.82432553
2021-09-27,EGX:MASR,1.9914003,2.01344532,1.94731026,1.96200694,6323507.92262451
2021-09-28,EGX:MASR,1.96200694,1.97670362,1.90322022,1.92526524,10319310.73032473
2021-09-29,EGX:MASR,1.92526524,1.94731026,1.90322022,1.91056856,8356286.58842576
2021-09-30,EGX:MASR,1.91056856,1.98405196,1.91056856,1.96935528,6089829.31495587
2021-10-03,EGX:MASR,1.96935528,1.9914003,1.93996192,1.93996192,2374998.78555474
2021-10-04,EGX:MASR,1.93996192,1.9546586,1.93261358,1.93996192,2257913.84803271
2021-10-05,EGX:MASR,1.93996192,1.96200694,1.92526524,1.93261358,1882880.87798597
2021-10-06,EGX:MASR,1.93261358,1.94731026,1.91056856,1.9179169,3058510.92436911
2021-10-10,EGX:MASR,1.9179169,1.94731026,1.91056856,1.93261358,2982968.6992269
2021-10-11,EGX:MASR,1.93261358,1.94731026,1.91056856,1.92526524,1196795.36906939
2021-10-12,EGX:MASR,1.92526524,1.96200694,1.92526524,1.93261358,3689065.52879554
2021-10-13,EGX:MASR,1.93261358,1.96200694,1.93261358,1.93261358,2285501.02873713
2021-10-14,EGX:MASR,1.93261358,1.94731026,1.92526524,1.93261358,1111222.30784923
2021-10-17,EGX:MASR,1.93261358,1.98405196,1.9179169,1.94731026,3386159.04673788
2021-10-18,EGX:MASR,1.94731026,2.01344532,1.93996192,1.9914003,5943388.08983738
2021-10-19,EGX:MASR,1.9914003,2.03549035,1.93996192,1.96200694,4008597.53308415
2021-10-20,EGX:MASR,1.96200694,2.00609698,1.92526524,1.9546586,5574488.47730025
2021-10-24,EGX:MASR,1.9546586,1.98405196,1.94731026,1.96935528,3244649.54729386
2021-10-25,EGX:MASR,1.96935528,1.99874864,1.7195117,1.79299511,27155865.63987437
2021-10-26,EGX:MASR,1.79299511,1.82973681,1.63133161,1.63133161,22734727.34892901
2021-10-27,EGX:MASR,1.63133161,1.67542166,1.58724157,1.60193825,10147772.68266526
2021-10-28,EGX:MASR,1.60193825,1.77829843,1.60193825,1.73420838,19401327.15226657
2021-10-31,EGX:MASR,1.73420838,1.7562534,1.69011834,1.72686004,3718855.92800629
2021-11-01,EGX:MASR,1.72686004,1.7562534,1.69746668,1.70481502,3429864.15208037
2021-11-02,EGX:MASR,1.70481502,1.73420838,1.69746668,1.70481502,3833411.04267267
2021-11-03,EGX:MASR,1.70481502,1.71216336,1.63133161,1.64602829,4392018.79150214
2021-11-04,EGX:MASR,1.64602829,1.65337663,1.60928659,1.63867995,2385820.27632829
2021-11-07,EGX:MASR,1.63867995,1.66807332,1.63867995,1.64602829,862698.17165335
2021-11-08,EGX:MASR,1.64602829,1.69011834,1.64602829,1.68277,3738951.62144858
2021-11-09,EGX:MASR,1.68277,1.69746668,1.61663493,1.65337663,10588106.10980066
2021-11-10,EGX:MASR,1.65337663,1.72686004,1.63867995,1.70481502,14992271.86139394
2021-11-11,EGX:MASR,1.70481502,1.96935528,1.70481502,1.90322022,35767835.80400302
2021-11-14,EGX:MASR,1.90322022,1.90322022,1.79299511,1.85178183,9360584.07571919
2021-11-15,EGX:MASR,1.85178183,1.85913017,1.77829843,1.78564677,3640142.91897294
2021-11-16,EGX:MASR,1.78564677,1.78564677,1.67542166,1.69011834,5846887.39143015
2021-11-17,EGX:MASR,1.69011834,1.73420838,1.66072498,1.69011834,3174418.72538219
2021-11-18,EGX:MASR,1.69011834,1.73420838,1.66807332,1.68277,2414023.92274201
2021-11-21,EGX:MASR,1.68277,1.71216336,1.66072498,1.66807332,1366773.88096094
2021-11-22,EGX:MASR,1.66807332,1.72686004,1.66072498,1.69746668,1694745.88597611
2021-11-23,EGX:MASR,1.69746668,1.73420838,1.69011834,1.69746668,3280710.75001122
2021-11-24,EGX:MASR,1.69746668,1.70481502,1.67542166,1.69011834,2194264.10375949
2021-11-25,EGX:MASR,1.69011834,1.83708515,1.69011834,1.7562534,11072169.13760475
2021-11-28,EGX:MASR,1.7562534,1.7562534,1.69011834,1.72686004,3071332.86678214
2021-11-29,EGX:MASR,1.72686004,1.7562534,1.72686004,1.74155672,2494559.11187418
2021-11-30,EGX:MASR,1.74155672,1.81504013,1.7195117,1.74890506,32896379.35558817
2021-12-01,EGX:MASR,1.74890506,1.80034345,1.74890506,1.76360174,17302797.58754491
2021-12-02,EGX:MASR,1.76360174,1.77829843,1.74155672,1.74155672,6032136.01750305
2021-12-05,EGX:MASR,1.74155672,1.82238847,1.74155672,1.80034345,18920474.37304584
2021-12-06,EGX:MASR,1.80034345,1.9546586,1.79299511,1.93261358,53114265.01091184
2021-12-07,EGX:MASR,1.93261358,2.09427707,1.9179169,1.93261358,79807488.785742
2021-12-08,EGX:MASR,1.93261358,1.96935528,1.85178183,1.88117519,20466679.24010773
2021-12-09,EGX:MASR,1.88117519,1.93261358,1.85913017,1.90322022,12645635.94187322
2021-12-12,EGX:MASR,1.90322022,1.94731026,1.90322022,1.91056856,9887221.34130631
2021-12-13,EGX:MASR,1.91056856,1.93261358,1.87382685,1.88117519,8247770.93251856
2021-12-14,EGX:MASR,1.88117519,1.96935528,1.88117519,1.90322022,20503695.7605468
2021-12-15,EGX:MASR,1.90322022,2.04283869,1.90322022,1.97670362,41443299.45929595
2021-12-16,EGX:MASR,1.97670362,2.02079366,1.97670362,1.98405196,10447938.40989169
2021-12-19,EGX:MASR,1.98405196,2.02079366,1.93996192,1.9546586,10111658.40674114
2021-12-20,EGX:MASR,1.9546586,1.96935528,1.89587187,1.92526524,8275973.21808083
2021-12-21,EGX:MASR,1.92526524,1.96200694,1.89587187,1.91056856,5889299.68788998
2021-12-22,EGX:MASR,1.91056856,2.00609698,1.91056856,1.9914003,11795646.7619621
2021-12-23,EGX:MASR,1.9914003,2.14571546,1.9914003,2.11632209,47202279.92925988
2021-12-26,EGX:MASR,2.11632209,2.23389554,2.11632209,2.16776048,39744412.50234098
2021-12-27,EGX:MASR,2.16776048,2.23389554,2.13836711,2.16776048,19166928.65417802
2021-12-28,EGX:MASR,2.16776048,2.20450218,2.13836711,2.14571546,13323209.3249361
2021-12-29,EGX:MASR,2.14571546,2.16776048,2.12367043,2.16041214,7388201.35836124
2021-12-30,EGX:MASR,2.16041214,2.18245716,2.13101877,2.14571546,5845752.44131632
2022-01-02,EGX:MASR,2.14571546,2.16776048,2.13836711,2.14571546,3990956.81566745
2022-01-03,EGX:MASR,2.14571546,2.16041214,2.11632209,2.12367043,4462441.49346903
2022-01-04,EGX:MASR,2.12367043,2.19715384,2.12367043,2.16776048,10472843.35237745
2022-01-05,EGX:MASR,2.16776048,2.28533393,2.16776048,2.25594056,27819706.67090055
2022-01-09,EGX:MASR,2.25594056,2.29268227,2.24124388,2.24859222,7145400.96338688
2022-01-10,EGX:MASR,2.24859222,2.27798559,2.21919886,2.2265472,11874460.47400315
2022-01-11,EGX:MASR,2.2265472,2.24859222,2.14571546,2.17510882,3573330.5559173
2022-01-12,EGX:MASR,2.17510882,2.21185052,2.11632209,2.12367043,5734283.73775085
2022-01-13,EGX:MASR,2.12367043,2.13101877,2.02079366,2.03549035,5881006.65912061
2022-01-16,EGX:MASR,2.03549035,2.05753537,1.97670362,2.00609698,3648340.68814043
2022-01-17,EGX:MASR,2.00609698,2.06488371,1.97670362,2.01344532,4284477.50523703
2022-01-18,EGX:MASR,2.01344532,2.06488371,2.00609698,2.03549035,3749412.48658645
2022-01-19,EGX:MASR,2.03549035,2.05753537,1.97670362,1.99874864,5601176.13519263
2022-01-20,EGX:MASR,1.99874864,2.02079366,1.97670362,2.00609698,2548914.24070684
2022-01-23,EGX:MASR,2.00609698,2.02814201,1.93996192,1.9546586,3628046.31038565
2022-01-24,EGX:MASR,1.9546586,1.96935528,1.90322022,1.93996192,2229474.7743172
2022-01-25,EGX:MASR,1.93996192,1.9914003,1.93996192,1.96935528,2259085.54113584
2022-01-26,EGX:MASR,1.96935528,2.07223205,1.94731026,2.02814201,7750405.58173767
2022-01-30,EGX:MASR,2.02814201,2.05753537,1.99874864,2.00609698,2446355.03162005
2022-01-31,EGX:MASR,2.00609698,2.10897375,1.9914003,2.08692873,7414737.96174207
2022-02-01,EGX:MASR,2.08692873,2.16776048,2.08692873,2.16041214,17921576.74432754
2022-02-02,EGX:MASR,2.16041214,2.17510882,2.13836711,2.14571546,4535453.8957556
2022-02-03,EGX:MASR,2.14571546,2.1530638,2.05018703,2.05753537,8715435.70028476
2022-02-06,EGX:MASR,2.05753537,2.17510882,2.05018703,2.1530638,9113937.91453179
2022-02-07,EGX:MASR,2.1530638,2.18245716,2.08692873,2.12367043,9179892.94117051
2022-02-08,EGX:MASR,2.12367043,2.13101877,2.06488371,2.07958039,3404644.8529084
2022-02-09,EGX:MASR,2.07958039,2.13836711,2.07958039,2.10897375,6886101.60536692
2022-02-10,EGX:MASR,2.12367043,2.12367043,1.99874864,2.01344532,8439725.83456381
2022-02-13,EGX:MASR,2.01176373,2.037016,1.89391983,1.95284178,5931343.71832871
2022-02-14,EGX:MASR,1.95284178,2.00334631,1.80974562,1.86866757,10250279.1667776
2022-02-15,EGX:MASR,1.86866757,1.89391983,1.73398882,1.79291077,17095062.94764054
2022-02-16,EGX:MASR,1.79291077,1.81816304,1.77607593,1.78449335,7918025.74992316
2022-02-17,EGX:MASR,1.78449335,1.8013282,1.76765851,1.78449335,2746458.64700424
2022-02-20,EGX:MASR,1.78449335,1.78449335,1.70873656,1.71715398,6607566.2427438
2022-02-21,EGX:MASR,1.71715398,1.75082367,1.70873656,1.73398882,2841747.92320668
2022-02-22,EGX:MASR,1.73398882,1.73398882,1.67506687,1.69190172,4142415.8332528
2022-02-23,EGX:MASR,1.69190172,1.71715398,1.6834843,1.69190172,3931920.25513342
2022-02-24,EGX:MASR,1.69190172,1.69190172,1.55722297,1.61614492,6245403.07811438
2022-02-27,EGX:MASR,1.61614492,1.70789482,1.61614492,1.661599,2199375.4324142
2022-02-28,EGX:MASR,1.661599,1.661599,1.61698667,1.62203712,1890057.4296
2022-03-01,EGX:MASR,1.62203712,1.67506687,1.62203712,1.661599,3251917.47567369
2022-03-02,EGX:MASR,1.661599,1.67506687,1.64308067,1.65823203,4327129.16907835
2022-03-03,EGX:MASR,1.65823203,1.6834843,1.65823203,1.6775921,5632398.25064801
2022-03-06,EGX:MASR,1.6775921,1.68180081,1.66412423,1.66833294,2562927.38338781
2022-03-07,EGX:MASR,1.66833294,1.66833294,1.61614492,1.65739029,3438488.86269026
2022-03-08,EGX:MASR,1.65318158,1.65318158,1.53365419,1.59931008,4465135.80249022
2022-03-09,EGX:MASR,1.58247524,1.6077275,1.55553949,1.58500046,2665734.40123781
2022-03-10,EGX:MASR,1.58500046,1.61614492,1.55890646,1.61614492,2665627.48013347
2022-03-13,EGX:MASR,1.60520228,1.64139719,1.60099356,1.64139719,4836266.08373718
2022-03-14,EGX:MASR,1.63045454,1.66664945,1.63045454,1.64981461,2008174.3615796
2022-03-15,EGX:MASR,1.65065635,1.65065635,1.6077275,1.61109447,1713740.96450216
2022-03-16,EGX:MASR,1.61109447,1.75082367,1.61109447,1.7314636,6569105.53349948
2022-03-17,EGX:MASR,1.7314636,1.81227084,1.7314636,1.80385342,7679200.83120207
2022-03-20,EGX:MASR,1.8013282,1.87708499,1.8013282,1.82658046,1957660.07983905
2022-03-21,EGX:MASR,1.82658046,2.14644248,1.80974562,2.01176373,16243154.79264323
2022-03-22,EGX:MASR,2.01176373,2.18852958,2.01176373,2.02859858,16431539.08638455
2022-03-23,EGX:MASR,2.02859858,2.10435537,1.98651147,2.08752053,5943537.47627285
2022-03-24,EGX:MASR,2.08752053,2.1548599,2.02859858,2.06226826,6730234.44973158
2022-03-27,EGX:MASR,2.06226826,2.0791031,2.00334631,2.02018115,5474813.17501873
2022-03-28,EGX:MASR,2.02018115,2.02018115,1.87708499,1.93600694,2471639.33251233
2022-03-29,EGX:MASR,1.93600694,2.00334631,1.90233725,1.92758952,3475815.02021628
2022-03-30,EGX:MASR,1.92758952,2.00334631,1.86025015,1.86866757,3807491.4139608
2022-03-31,EGX:MASR,1.88550241,1.90233725,1.80974562,1.83499788,2257538.13715207
2022-04-03,EGX:MASR,1.83499788,1.94442436,1.83499788,1.9191721,2430576.87639567
2022-04-04,EGX:MASR,1.9191721,2.05385084,1.9191721,2.037016,16094958.57798751
2022-04-05,EGX:MASR,2.037016,2.10435537,1.98651147,2.00334631,14470217.5527279
2022-04-06,EGX:MASR,2.00334631,2.06226826,1.96967663,1.99492889,8977411.93187284
2022-04-07,EGX:MASR,1.99492889,2.00334631,1.88550241,1.89391983,9771738.32013255
2022-04-10,EGX:MASR,1.89391983,1.89391983,1.75924109,1.78449335,5809402.57485046
2022-04-11,EGX:MASR,1.78449335,1.83499788,1.70873656,1.71715398,3479187.78705215
2022-04-12,EGX:MASR,1.71715398,1.79291077,1.71715398,1.78449335,2263971.22359668
2022-04-13,EGX:MASR,1.78449335,1.80974562,1.75082367,1.76765851,2491411.42072983
2022-04-14,EGX:MASR,1.76765851,1.76765851,1.71715398,1.7255714,2034883.25344439
2022-04-17,EGX:MASR,1.7255714,1.75924109,1.64139719,1.66664945,2564019.16666438
2022-04-18,EGX:MASR,1.66664945,1.70031914,1.61614492,1.66664945,3219242.38618657
2022-04-19,EGX:MASR,1.66664945,1.77607593,1.66664945,1.75924109,3721315.37988517
2022-04-20,EGX:MASR,1.75924109,1.8013282,1.73398882,1.79291077,2832528.9479878
2022-04-21,EGX:MASR,1.79291077,1.92758952,1.79291077,1.91075468,6777201.3268325
2022-04-26,EGX:MASR,1.91075468,1.93600694,1.8434153,1.88550241,1757400.41544207
2022-04-27,EGX:MASR,1.88550241,1.9191721,1.83499788,1.85183272,2639564.86694381
2022-04-28,EGX:MASR,1.85183272,2.0791031,1.85183272,2.02018115,14360341.86186858
2022-05-08,EGX:MASR,2.02018115,2.16327732,1.94442436,2.12960763,24331731.58411562
2022-05-09,EGX:MASR,2.12960763,2.18852958,2.02018115,2.04543342,15977786.11576294
2022-05-10,EGX:MASR,2.04543342,2.06226826,1.97809405,2.01176373,17251776.0222633
2022-05-11,EGX:MASR,2.01176373,2.037016,1.9612592,1.97809405,7930217.13184276
2022-05-12,EGX:MASR,1.97809405,1.97809405,1.86025015,1.93600694,11004535.0891665
2022-05-15,EGX:MASR,1.93600694,1.96967663,1.86866757,1.89391983,5276101.49061019
2022-05-16,EGX:MASR,1.89391983,1.92758952,1.82658046,1.89391983,12126973.83435931
2022-05-17,EGX:MASR,1.89391983,1.93600694,1.86025015,1.87708499,6272675.08779537
2022-05-18,EGX:MASR,1.87708499,1.90233725,1.86866757,1.86866757,8774347.37050528
2022-05-19,EGX:MASR,1.86866757,1.87708499,1.82658046,1.86866757,5195079.05376387
2022-05-22,EGX:MASR,1.86866757,1.88550241,1.8434153,1.8434153,1926131.42219294
2022-05-23,EGX:MASR,1.8434153,1.9191721,1.8434153,1.89391983,8876951.23825703
2022-05-24,EGX:MASR,1.89391983,1.92758952,1.82658046,1.83499788,4147559.92638395
2022-05-25,EGX:MASR,1.83499788,1.85183272,1.75924109,1.76765851,2681001.54692567
2022-05-26,EGX:MASR,1.76765851,1.79291077,1.67506687,1.69190172,13129840.33254119
2022-05-29,EGX:MASR,1.69190172,1.70873656,1.64981461,1.66664945,2974356.22886152
2022-05-30,EGX:MASR,1.66664945,1.75082367,1.66664945,1.71715398,3641324.13768962
2022-05-31,EGX:MASR,1.7255714,1.77607593,1.71715398,1.75082367,4723406.10605443
2022-06-01,EGX:MASR,1.75082367,1.76765851,1.70873656,1.7255714,2567514.29876411
2022-06-02,EGX:MASR,1.7255714,1.86025015,1.67506687,1.83499788,6933441.5725716
2022-06-05,EGX:MASR,1.83499788,1.91075468,1.79291077,1.80974562,8452908.07849543
2022-06-06,EGX:MASR,1.80974562,1.92758952,1.80974562,1.90233725,12784208.35865542
2022-06-07,EGX:MASR,1.90233725,1.94442436,1.88550241,1.92758952,10627332.87720514
2022-06-08,EGX:MASR,1.92758952,2.037016,1.92758952,1.99492889,27218044.22361232
2022-06-09,EGX:MASR,2.01176373,2.04543342,1.9612592,2.00334631,8281266.44168191
2022-06-12,EGX:MASR,2.00334631,2.09593795,1.91075468,2.06226826,16710563.96431394
2022-06-13,EGX:MASR,2.06226826,2.06226826,1.9191721,1.9191721,16153924.37902021
2022-06-14,EGX:MASR,1.94442436,2.02018115,1.83499788,1.9612592,41006574.39548095
2022-06-15,EGX:MASR,1.9612592,2.13802506,1.9612592,2.10435537,34069182.68211003
2022-06-16,EGX:MASR,2.10435537,2.14644248,2.05385084,2.05385084,11679911.74884501
2022-06-19,EGX:MASR,2.05385084,2.0791031,2.02018115,2.02859858,6567089.47667648
2022-06-20,EGX:MASR,2.02859858,2.17169474,2.01176373,2.1548599,14798347.72984506
2022-06-21,EGX:MASR,2.1548599,2.18852958,2.10435537,2.12960763,13702836.47077481
2022-06-22,EGX:MASR,2.12960763,2.14644248,2.06226826,2.06226826,7482536.09193555
2022-06-23,EGX:MASR,2.06226826,2.06226826,1.96967663,1.97809405,10321347.24880962
2022-06-26,EGX:MASR,1.97809405,2.16327732,1.97809405,2.1548599,32551368.70125443
2022-06-27,EGX:MASR,2.1548599,2.17169474,2.06226826,2.0791031,16083557.22422777
2022-06-28,EGX:MASR,2.0791031,2.0791031,1.97809405,2.07068568,11663791.61034695
2022-06-29,EGX:MASR,2.07068568,2.1548599,2.05385084,2.11277279,19272565.88614305
2022-07-03,EGX:MASR,2.11277279,2.14644248,2.06226826,2.11277279,12013399.86130201
2022-07-04,EGX:MASR,2.11277279,2.12960763,2.01176373,2.10435537,15191740.17302843
2022-07-05,EGX:MASR,2.10435537,2.52522644,2.10435537,2.2727038,62666316.69375474
2022-07-06,EGX:MASR,2.2727038,2.33162575,2.24745153,2.30637348,20822359.96930754
2022-07-07,EGX:MASR,2.30637348,2.38213028,2.17169474,2.18852958,53355875.2221613
2022-07-17,EGX:MASR,2.18852958,2.25586896,2.10435537,2.25586896,26943197.58483819
2022-07-18,EGX:MASR,2.25586896,2.41579996,2.25586896,2.41579996,47755073.34585882
2022-07-19,EGX:MASR,2.41579996,2.41579996,2.23903411,2.33162575,68260668.85144082
2022-07-20,EGX:MASR,2.33162575,2.44946965,2.33162575,2.44105223,38400150.31883428
2022-07-21,EGX:MASR,2.44105223,2.51680902,2.44105223,2.44105223,28689190.70645918
2022-07-24,EGX:MASR,2.44105223,2.48313934,2.42421739,2.44946965,10739605.97682628
2022-07-25,EGX:MASR,2.44946965,2.47472191,2.3905477,2.40738254,11257714.76015173
2022-07-26,EGX:MASR,2.40738254,2.43263481,2.37371286,2.3905477,13815063.2379174
2022-07-27,EGX:MASR,2.3905477,2.3905477,2.32320833,2.34004317,10495398.17450767
2022-07-28,EGX:MASR,2.34004317,2.43263481,2.31479091,2.39896512,11211707.79696536
2022-07-31,EGX:MASR,2.39896512,2.44105223,2.39896512,2.41579996,8922357.06723454
2022-08-01,EGX:MASR,2.41579996,2.43263481,2.34004317,2.34846059,14955544.3254619
2022-08-02,EGX:MASR,2.34846059,2.35687801,2.30637348,2.32320833,18495203.12509344
2022-08-03,EGX:MASR,2.32320833,2.38213028,2.32320833,2.35687801,14587972.140965
2022-08-04,EGX:MASR,2.36065411,2.43619504,2.36065411,2.42675243,22532879.64958756
2022-08-07,EGX:MASR,2.42675243,2.50229336,2.41730981,2.48340813,25914240.12057892
2022-08-08,EGX:MASR,2.48340813,2.52117859,2.43619504,2.45508028,19533843.29605675
2022-08-09,EGX:MASR,2.45508028,2.47396551,2.38898196,2.39842458,9300714.53009207
2022-08-10,EGX:MASR,2.39842458,2.43619504,2.37009673,2.37953934,11090158.17561671
2022-08-11,EGX:MASR,2.37953934,2.40786719,2.37009673,2.39842458,7890061.0238998
2022-08-14,EGX:MASR,2.39842458,2.45508028,2.38898196,2.40786719,20335914.42133306
2022-08-15,EGX:MASR,2.40786719,2.41730981,2.34176888,2.3512115,14638763.60553409
2022-08-16,EGX:MASR,2.3512115,2.38898196,2.25678533,2.26622795,34156455.65782913
2022-08-17,EGX:MASR,2.26622795,2.45508028,2.25678533,2.43619504,56135744.04076018
2022-08-18,EGX:MASR,2.43619504,2.54006382,2.43619504,2.47396551,35624408.9604263
2022-08-21,EGX:MASR,2.47396551,2.52117859,2.46452289,2.49285074,16369767.93998019
2022-08-22,EGX:MASR,2.49285074,2.82334232,2.44563766,2.82334232,57902555.18805967
2022-08-23,EGX:MASR,2.82334232,2.90832587,2.73835877,2.74780139,64272324.66151314
2022-08-24,EGX:MASR,2.74780139,2.87999802,2.74780139,2.77612924,38187010.13492654
2022-08-25,EGX:MASR,2.77612924,3.10662081,2.77612924,3.03107988,54912820.28190668
2022-08-28,EGX:MASR,3.03107988,3.22937483,2.99330941,3.12550604,55533943.67840366
2022-08-29,EGX:MASR,3.12550604,3.17271913,2.88944063,2.90832587,39748833.60633563
2022-08-30,EGX:MASR,2.90832587,2.95553895,2.84222755,2.87999802,44672736.87573591
2022-08-31,EGX:MASR,2.87999802,2.9272111,2.73835877,2.77612924,27996678.8289906
2022-09-01,EGX:MASR,2.77612924,2.85167017,2.71947354,2.757244,19058341.61442792
2022-09-04,EGX:MASR,2.757244,2.9272111,2.73835877,2.90832587,22492809.18796459
2022-09-05,EGX:MASR,2.90832587,3.01219465,2.90832587,2.93665372,30976852.82578154
2022-09-06,EGX:MASR,2.93665372,3.09717819,2.93665372,3.04996511,36410205.99463409
2022-09-07,EGX:MASR,3.04996511,3.07829296,2.95553895,3.00275203,25577013.67306453
2022-09-08,EGX:MASR,3.00275203,3.15383389,3.00275203,3.10662081,25851066.95207366
2022-09-11,EGX:MASR,3.10662081,3.19160436,3.07829296,3.07829296,22828666.31161931
2022-09-12,EGX:MASR,3.07829296,3.11606343,3.04996511,3.04996511,17830422.41810646
2022-09-13,EGX:MASR,3.04996511,3.11606343,3.01219465,3.02163726,17444985.81586356
2022-09-14,EGX:MASR,3.02163726,3.02163726,2.90832587,2.91776848,15425445.9875738
2022-09-15,EGX:MASR,2.91776848,2.96498156,2.86111278,2.89888325,14235267.3901597
2022-09-18,EGX:MASR,2.89888325,2.90832587,2.60616214,2.69114569,18252716.3894818
2022-09-19,EGX:MASR,2.69114569,2.78557185,2.62504737,2.757244,15843132.12591477
2022-09-20,EGX:MASR,2.757244,2.88944063,2.71003092,2.87999802,19576177.96062789
2022-09-21,EGX:MASR,2.87999802,2.96498156,2.68170307,2.68170307,34974858.06171337
2022-09-22,EGX:MASR,2.68170307,2.68170307,2.50229336,2.55894906,37794300.1248969
2022-09-25,EGX:MASR,2.55894906,2.58727691,2.48340813,2.49285074,17500378.30192719
2022-09-26,EGX:MASR,2.49285074,2.58727691,2.49285074,2.52117859,17621892.29185982
2022-09-27,EGX:MASR,2.52117859,2.61560476,2.52117859,2.61560476,17100585.50924211
2022-09-28,EGX:MASR,2.61560476,2.64393261,2.53062121,2.54950644,14752003.40574079
2022-09-29,EGX:MASR,2.54950644,2.58727691,2.53062121,2.54006382,8382984.78349885
2022-10-02,EGX:MASR,2.54006382,2.54950644,2.37953934,2.42675243,13352215.53203132
2022-10-03,EGX:MASR,2.42675243,2.46452289,2.37953934,2.43619504,7800105.02445011
2022-10-04,EGX:MASR,2.43619504,2.54006382,2.43619504,2.50229336,14239067.18444316
2022-10-05,EGX:MASR,2.50229336,2.54006382,2.44563766,2.47396551,8938684.575913
2022-10-09,EGX:MASR,2.47396551,2.47396551,2.39842458,2.40786719,4618480.50698247
2022-10-10,EGX:MASR,2.40786719,2.48340813,2.40786719,2.41730981,10479680.13367305
2022-10-11,EGX:MASR,2.41730981,2.44563766,2.33232626,2.3512115,8449214.30827559
2022-10-12,EGX:MASR,2.3512115,2.38898196,2.32288365,2.33232626,6754548.41899346
2022-10-13,EGX:MASR,2.33232626,2.39842458,2.33232626,2.37953934,11162251.54123723
2022-10-16,EGX:MASR,2.37953934,2.47396551,2.37953934,2.47396551,10782617.35618471
2022-10-17,EGX:MASR,2.47396551,2.53062121,2.45508028,2.50229336,10814327.84677267
2022-10-18,EGX:MASR,2.50229336,2.53062121,2.44563766,2.46452289,7524968.35927821
2022-10-19,EGX:MASR,2.46452289,2.48340813,2.42675243,2.42675243,5056750.98241584
2022-10-20,EGX:MASR,2.42675243,2.50229336,2.42675243,2.48340813,5121860.05503207
2022-10-23,EGX:MASR,2.48340813,2.54006382,2.48340813,2.49285074,9802175.11848682
2022-10-24,EGX:MASR,2.49285074,2.52117859,2.44563766,2.46452289,7312661.73737527
2022-10-25,EGX:MASR,2.46452289,2.59671952,2.40786719,2.56839167,20539413.10314249
2022-10-26,EGX:MASR,2.56839167,2.63448999,2.54950644,2.60616214,18368999.83761789
2022-10-27,EGX:MASR,2.60616214,2.69114569,2.56839167,2.56839167,32618201.92487395
2022-10-30,EGX:MASR,2.56839167,2.66281784,2.54950644,2.58727691,27451331.04023331
2022-10-31,EGX:MASR,2.58727691,2.61560476,2.56839167,2.61560476,9865798.37410759
2022-11-01,EGX:MASR,2.61560476,2.73835877,2.61560476,2.73835877,38871155.25885225
2022-11-02,EGX:MASR,2.73835877,2.76668662,2.62504737,2.62504737,23504814.71128796
2022-11-03,EGX:MASR,2.62504737,2.65337522,2.56839167,2.58727691,16651446.22424041
2022-11-06,EGX:MASR,2.58727691,2.65337522,2.54006382,2.60616214,14592435.3444627
2022-11-07,EGX:MASR,2.60616214,2.69114569,2.60616214,2.64393261,11912968.25614747
2022-11-08,EGX:MASR,2.64393261,2.67226045,2.57783429,2.59671952,12482058.40500533
2022-11-09,EGX:MASR,2.59671952,2.73835877,2.57783429,2.7005883,30186701.06635258
2022-11-10,EGX:MASR,2.7005883,2.80445709,2.7005883,2.757244,24449314.58048353
2022-11-13,EGX:MASR,2.757244,2.84222755,2.757244,2.78557185,18233629.51869842
2022-11-14,EGX:MASR,2.78557185,2.8138997,2.71003092,2.79501447,21258831.28955404
2022-11-15,EGX:MASR,2.79501447,2.85167017,2.77612924,2.78557185,12425525.34523957
2022-11-16,EGX:MASR,2.78557185,2.87999802,2.78557185,2.84222755,29657496.04912894
2022-11-17,EGX:MASR,2.84222755,2.88944063,2.77612924,2.78557185,19495876.06504887
2022-11-20,EGX:MASR,2.78557185,2.8138997,2.74780139,2.76668662,9129592.46780157
2022-11-21,EGX:MASR,2.76668662,2.78557185,2.71003092,2.71947354,13759873.7294386
2022-11-22,EGX:MASR,2.71947354,2.83278493,2.71003092,2.8138997,17253676.55217081
2022-11-23,EGX:MASR,2.8138997,2.8705554,2.78557185,2.78557185,19366858.85814347
2022-11-24,EGX:MASR,2.78557185,2.83278493,2.78557185,2.83278493,12261956.27426167
2022-11-27,EGX:MASR,2.83278493,2.90832587,2.82334232,2.8705554,22140757.40037938
2022-11-28,EGX:MASR,2.8705554,2.90832587,2.80445709,2.8138997,15945610.07843236
2022-11-29,EGX:MASR,2.8138997,2.89888325,2.80445709,2.85167017,21657610.59195783
2022-11-30,EGX:MASR,2.85167017,2.96498156,2.85167017,2.89888325,25955002.12781702
2022-12-01,EGX:MASR,2.89888325,2.95553895,2.89888325,2.9272111,24321437.94728026
2022-12-04,EGX:MASR,2.9272111,3.05940773,2.9272111,3.05940773,42278536.06026295
2022-12-05,EGX:MASR,3.05940773,3.12550604,2.9838668,3.02163726,40579914.69950681
2022-12-06,EGX:MASR,3.02163726,3.22937483,2.99330941,3.18216174,47447620.31448341
2022-12-07,EGX:MASR,3.18216174,3.33324361,3.18216174,3.20104698,44786868.37794558
2022-12-08,EGX:MASR,3.20104698,3.25770267,3.17271913,3.18216174,22158317.15205552
2022-12-11,EGX:MASR,3.18216174,3.28603052,3.08773558,3.09717819,25062211.44353739
2022-12-12,EGX:MASR,3.09717819,3.20104698,3.0405225,3.16327651,23055033.65501095
2022-12-13,EGX:MASR,3.16327651,3.49376809,3.16327651,3.49376809,55602604.73263268
2022-12-14,EGX:MASR,3.49376809,3.58819425,3.41822715,3.42766977,42335657.93987866
2022-12-15,EGX:MASR,3.42766977,3.5598664,3.27658791,3.30491576,33157013.38968544
2022-12-18,EGX:MASR,3.30491576,3.37101407,3.24826006,3.27658791,12901049.26646704
2022-12-19,EGX:MASR,3.27658791,3.33324361,3.17271913,3.23881744,16138298.19724136
2022-12-20,EGX:MASR,3.23881744,3.36157146,3.22937483,3.24826006,15769960.66927403
2022-12-21,EGX:MASR,3.24826006,3.33324361,3.19160436,3.26714529,17231914.5753785
2022-12-22,EGX:MASR,3.26714529,3.32380099,3.19160436,3.19160436,13870273.21518927
2022-12-25,EGX:MASR,3.19160436,3.19160436,2.9838668,3.00275203,20550963.92706938
2022-12-26,EGX:MASR,3.00275203,3.09717819,2.9838668,3.08773558,8713038.43093469
2022-12-27,EGX:MASR,3.08773558,3.15383389,3.06885035,3.11606343,17680099.67569531
2022-12-28,EGX:MASR,3.11606343,3.18216174,3.10662081,3.12550604,13798486.9678358
2022-12-29,EGX:MASR,3.12550604,3.16327651,3.04996511,3.06885035,15095230.30877638
2023-01-02,EGX:MASR,3.06885035,3.26714529,3.06885035,3.23881744,20124347.00132808
2023-01-03,EGX:MASR,3.23881744,3.446555,3.23881744,3.40878454,33881693.88874875
2023-01-04,EGX:MASR,3.40878454,3.446555,3.22937483,3.37101407,36311574.43365426
2023-01-05,EGX:MASR,3.37101407,3.46544024,3.35212884,3.41822715,36330095.78321486
2023-01-09,EGX:MASR,3.41822715,3.51265332,3.33324361,3.35212884,34850675.31994286
2023-01-10,EGX:MASR,3.35212884,3.37101407,3.19160436,3.21993221,22940655.39915913
2023-01-11,EGX:MASR,3.21993221,3.43711239,3.20104698,3.25770267,45531695.83532786
2023-01-12,EGX:MASR,3.25770267,3.32380099,3.11606343,3.23881744,36645832.42426326
2023-01-15,EGX:MASR,3.23881744,3.40878454,3.23881744,3.30491576,27888953.39022034
2023-01-16,EGX:MASR,3.30491576,3.51265332,3.30491576,3.49376809,52577737.6147853
2023-01-17,EGX:MASR,3.49376809,3.71094826,3.49376809,3.60707948,79876922.26551826
2023-01-18,EGX:MASR,3.60707948,3.74871873,3.55042378,3.56930902,47987016.36303082
2023-01-19,EGX:MASR,3.56930902,3.60707948,3.52209594,3.5598664,25221212.92456419
2023-01-22,EGX:MASR,3.5598664,3.65429257,3.5598664,3.59763687,24908942.4838195
2023-01-23,EGX:MASR,3.59763687,3.65429257,3.53153855,3.55042378,21651955.37972994
2023-01-24,EGX:MASR,3.55042378,3.59763687,3.52209594,3.56930902,14143579.8791009
2023-01-25,EGX:MASR,3.56930902,3.70150565,3.56930902,3.66373518,39472692.98213902
2023-01-29,EGX:MASR,3.66373518,3.80537443,3.66373518,3.68262041,38326313.68572136
2023-01-30,EGX:MASR,3.68262041,3.72039088,3.45599762,3.47488285,30264424.22751682
2023-01-31,EGX:MASR,3.47488285,3.49376809,3.31435837,3.32380099,27430796.47748073
2023-02-01,EGX:MASR,3.32380099,3.3898993,3.27658791,3.34268622,11063014.21595135
2023-02-02,EGX:MASR,3.34268622,3.3898993,3.17271913,3.19160436,15624934.12842686
2023-02-05,EGX:MASR,3.19160436,3.23881744,3.02163726,3.17271913,17399367.10389192
2023-02-06,EGX:MASR,3.17271913,3.23881744,3.13494866,3.18216174,14501040.12527185
2023-02-07,EGX:MASR,3.18216174,3.28603052,3.18216174,3.24826006,11959947.81975073
2023-02-08,EGX:MASR,3.24826006,3.26714529,3.17271913,3.19160436,8247684.36046085
2023-02-09,EGX:MASR,3.19160436,3.30491576,3.19160436,3.29547314,12285244.31113269
2023-02-12,EGX:MASR,3.29547314,3.37101407,3.24826006,3.28603052,12760986.39223263
2023-02-13,EGX:MASR,3.28603052,3.33324361,3.21048959,3.25770267,9737196.30637697
2023-02-14,EGX:MASR,3.25770267,3.43711239,3.25770267,3.43711239,33411949.08608449
2023-02-15,EGX:MASR,3.43711239,3.46544024,3.3898993,3.40878454,17038485.13661454
2023-02-16,EGX:MASR,3.40878454,3.43711239,3.34268622,3.35212884,10771821.61958338
2023-02-19,EGX:MASR,3.35212884,3.37101407,3.26714529,3.27658791,5773796.9449715
2023-02-20,EGX:MASR,3.27658791,3.30491576,3.16327651,3.18216174,8013676.12639052
2023-02-21,EGX:MASR,3.18216174,3.24826006,3.13494866,3.23881744,7867182.83106102
2023-02-22,EGX:MASR,3.23881744,3.26714529,3.11606343,3.13494866,6596631.38315792
2023-02-23,EGX:MASR,3.13494866,3.21048959,3.06885035,3.21048959,11910624.62606127
2023-02-26,EGX:MASR,3.21048959,3.29547314,3.21048959,3.26714529,9168105.0984906
2023-02-27,EGX:MASR,3.26714529,3.31435837,3.21993221,3.22937483,5402731.35956989
2023-02-28,EGX:MASR,3.22937483,3.29547314,3.21048959,3.25770267,8481501.96939991
2023-03-01,EGX:MASR,3.25770267,3.38045669,3.22937483,3.37101407,11762018.56886012
2023-03-02,EGX:MASR,3.37101407,3.38045669,3.32380099,3.34268622,9981674.09626845
2023-03-05,EGX:MASR,3.34268622,3.36157146,3.25770267,3.26714529,3684904.51683758
2023-03-06,EGX:MASR,3.26714529,3.3898993,3.26714529,3.28603052,9281392.55498012
2023-03-07,EGX:MASR,3.28603052,3.34268622,3.17271913,3.18216174,5991753.48395979
2023-03-08,EGX:MASR,3.18216174,3.22937483,3.11606343,3.21048959,6282616.72246205
2023-03-09,EGX:MASR,3.21048959,3.26714529,3.18216174,3.25770267,3857045.36455191
2023-03-12,EGX:MASR,3.25770267,3.25770267,3.06885035,3.08773558,6555336.68458075
2023-03-13,EGX:MASR,3.08773558,3.14439128,2.74780139,2.83278493,13367645.5773797
2023-03-14,EGX:MASR,2.83278493,2.90832587,2.74780139,2.89888325,12848371.0704671
2023-03-15,EGX:MASR,2.89888325,2.94609633,2.48340813,2.62504737,9988494.23985415
2023-03-16,EGX:MASR,2.62504737,2.82334232,2.57783429,2.757244,8351799.57105042
2023-03-19,EGX:MASR,2.757244,2.79501447,2.65337522,2.73835877,3014708.91640732
2023-03-20,EGX:MASR,2.73835877,2.87999802,2.69114569,2.79501447,15695392.35403242
2023-03-21,EGX:MASR,2.79501447,2.88944063,2.79501447,2.86111278,8120675.0716049
2023-03-22,EGX:MASR,2.86111278,2.90832587,2.74780139,2.76668662,8941619.14390616
2023-03-23,EGX:MASR,2.76668662,2.84222755,2.73835877,2.84222755,4314942.81530729
2023-03-26,EGX:MASR,2.84222755,2.99330941,2.84222755,2.95553895,17784956.20623984
2023-03-27,EGX:MASR,2.95553895,2.99330941,2.87999802,2.9272111,6881718.68018249
2023-03-28,EGX:MASR,2.9272111,2.9272111,2.83278493,2.89888325,5208015.2011698
2023-03-29,EGX:MASR,2.89888325,2.96498156,2.89888325,2.94609633,6318531.55622318
2023-03-30,EGX:MASR,2.94609633,2.99330941,2.87999802,2.88944063,5816278.81450512
2023-04-02,EGX:MASR,2.88944063,2.99330941,2.88944063,2.99330941,7737081.17896435
2023-04-03,EGX:MASR,2.99330941,3.07829296,2.97442418,3.04996511,13187395.74838654
2023-04-04,EGX:MASR,3.04996511,3.24826006,3.04996511,3.24826006,27941725.83975742
2023-04-05,EGX:MASR,3.24826006,3.31435837,3.19160436,3.20104698,13370449.88486649
2023-04-06,EGX:MASR,3.20104698,3.21993221,3.09717819,3.13494866,8751887.83268898
2023-04-09,EGX:MASR,3.13494866,3.19160436,3.09717819,3.11606343,7605575.25506727
2023-04-10,EGX:MASR,3.11606343,3.16327651,3.11606343,3.16327651,6983468.0210872
2023-04-11,EGX:MASR,3.16327651,3.26714529,3.16327651,3.24826006,17455444.78139964
2023-04-12,EGX:MASR,3.24826006,3.28603052,3.18216174,3.23881744,16159079.51363609
2023-04-13,EGX:MASR,3.23881744,3.28603052,3.21048959,3.25770267,9465322.50803543
2023-04-18,EGX:MASR,3.25770267,3.33324361,3.23881744,3.33324361,14681063.3221645
2023-04-19,EGX:MASR,3.33324361,3.43711239,3.33324361,3.36157146,25535340.90131032
2023-04-26,EGX:MASR,3.36157146,3.38045669,3.29547314,3.37101407,8638725.3415633
2023-04-27,EGX:MASR,3.37101407,3.42766977,3.36157146,3.41822715,23566232.01052844
2023-04-30,EGX:MASR,3.41822715,3.5032107,3.33324361,3.36157146,24845005.75576063
2023-05-01,EGX:MASR,3.36157146,3.38045669,3.23881744,3.23881744,10417046.01067791
2023-05-02,EGX:MASR,3.23881744,3.28603052,3.20104698,3.22937483,5403545.75249184
2023-05-03,EGX:MASR,3.22937483,3.27658791,3.17271913,3.20104698,6528959.46155453
2023-05-07,EGX:MASR,3.20104698,3.21048959,3.15383389,3.19160436,5488839.90845331
2023-05-08,EGX:MASR,3.19160436,3.29547314,3.19160436,3.26714529,9662010.57751573
2023-05-09,EGX:MASR,3.26714529,3.34268622,3.15383389,3.19160436,17689850.15116014
2023-05-10,EGX:MASR,3.19160436,3.23881744,3.16327651,3.22937483,11013379.6678808
2023-05-11,EGX:MASR,3.22937483,3.24826006,3.16327651,3.18216174,7661927.22095832
2023-05-14,EGX:MASR,3.18216174,3.20104698,3.15383389,3.19160436,5045298.64814011
2023-05-15,EGX:MASR,3.19160436,3.21993221,3.06885035,3.10662081,10443539.72683991
2023-05-16,EGX:MASR,3.10662081,3.11606343,3.06885035,3.09717819,5675584.75928048
2023-05-17,EGX:MASR,3.09717819,3.14439128,2.93665372,2.97442418,11498533.33532329
2023-05-18,EGX:MASR,2.97442418,3.02163726,2.9272111,3.02163726,7741964.35941057
2023-05-21,EGX:MASR,3.02163726,3.05940773,3.01219465,3.02163726,3043680.75927593
2023-05-22,EGX:MASR,3.02163726,3.08773558,3.00275203,3.01219465,7036754.09945021
2023-05-23,EGX:MASR,3.01219465,3.0405225,2.9838668,3.03107988,3566046.57040074
2023-05-24,EGX:MASR,3.03107988,3.08773558,3.03107988,3.05940773,6213045.96274543
2023-05-25,EGX:MASR,3.05940773,3.10662081,3.0405225,3.06885035,6492018.42917003
2023-05-28,EGX:MASR,3.06885035,3.12550604,3.05940773,3.11606343,6373836.14292071
2023-05-29,EGX:MASR,3.11606343,3.19160436,3.03107988,3.18216174,18827909.71962605
2023-05-30,EGX:MASR,3.18216174,3.30491576,3.14439128,3.30491576,28356383.15656809
2023-05-31,EGX:MASR,3.30491576,3.42766977,3.27658791,3.29547314,30510245.9245838
2023-06-01,EGX:MASR,3.29547314,3.35212884,3.25770267,3.32380099,9072160.29283328
2023-06-04,EGX:MASR,3.32380099,3.45599762,3.32380099,3.37101407,23128405.26803954
2023-06-05,EGX:MASR,3.37101407,3.46544024,3.36157146,3.39934192,19349858.27351906
2023-06-06,EGX:MASR,3.39934192,3.55042378,3.39934192,3.43711239,32403089.93645572
2023-06-07,EGX:MASR,3.43711239,3.58819425,3.43711239,3.49376809,32478792.47122841
2023-06-08,EGX:MASR,3.49376809,3.56930902,3.48432547,3.51265332,9928249.28517101
2023-06-11,EGX:MASR,3.51265332,3.62596472,3.51265332,3.58819425,16047910.11416076
2023-06-12,EGX:MASR,3.58819425,3.65429257,3.55042378,3.55042378,4271273.77481721
2023-06-13,EGX:MASR,3.55042378,3.58819425,3.47488285,3.48432547,10409936.75230978
2023-06-14,EGX:MASR,3.48432547,3.55042378,3.43711239,3.446555,10134876.33719039
2023-06-15,EGX:MASR,3.446555,3.48432547,3.35212884,3.3898993,7193288.04405548
2023-06-18,EGX:MASR,3.3898993,3.48432547,3.3898993,3.40878454,5923419.66953946
2023-06-19,EGX:MASR,3.40878454,3.46544024,3.34268622,3.36157146,7719123.23256953
2023-06-20,EGX:MASR,3.36157146,3.41822715,3.34268622,3.34268622,2566345.89930132
2023-06-21,EGX:MASR,3.34268622,3.39934192,3.24826006,3.24826006,3664253.46094922
2023-06-22,EGX:MASR,3.24826006,3.31435837,3.24826006,3.30491576,2415012.8436944
2023-06-25,EGX:MASR,3.30491576,3.35212884,3.23881744,3.23881744,3421452.11318447
2023-06-26,EGX:MASR,3.23881744,3.3898993,3.23881744,3.3898993,5369932.18767663
2023-07-04,EGX:MASR,3.3898993,3.46544024,3.35212884,3.36157146,7369379.06810127
2023-07-05,EGX:MASR,3.36157146,3.49376809,3.36157146,3.42766977,9749333.83209679
2023-07-06,EGX:MASR,3.42766977,3.46544024,3.36157146,3.36157146,3074647.8118519
2023-07-09,EGX:MASR,3.36157146,3.38045669,3.18216174,3.18216174,3829936.35282728
2023-07-10,EGX:MASR,3.18216174,3.28603052,3.17271913,3.23881744,2198131.21864081
2023-07-11,EGX:MASR,3.23881744,3.30491576,3.21993221,3.27658791,6070131.12474141
2023-07-12,EGX:MASR,3.27658791,3.30491576,3.21048959,3.21993221,3365880.65130314
2023-07-13,EGX:MASR,3.21993221,3.28603052,3.19160436,3.21048959,10085833.78605531
2023-07-16,EGX:MASR,3.21048959,3.25770267,3.20104698,3.25770267,7473570.52874335
2023-07-17,EGX:MASR,3.25770267,3.32380099,3.25770267,3.26714529,12276241.50979388
2023-07-18,EGX:MASR,3.26714529,3.36157146,3.26714529,3.35212884,9865531.4989238
2023-07-19,EGX:MASR,3.35212884,3.3898993,3.30491576,3.32380099,6176011.73585231
2023-07-24,EGX:MASR,3.32380099,3.34268622,3.24826006,3.24826006,3326815.20773341
2023-07-25,EGX:MASR,3.24826006,3.29547314,3.19160436,3.19160436,8479176.34279833
2023-07-26,EGX:MASR,3.19160436,3.21993221,3.17271913,3.17271913,3203053.95930872
2023-07-27,EGX:MASR,3.17271913,3.21048959,3.15383389,3.17271913,4442249.69117373
2023-07-30,EGX:MASR,3.17271913,3.21993221,3.17271913,3.18216174,2988299.92252588
2023-07-31,EGX:MASR,3.18216174,3.24826006,3.17271913,3.22937483,5392754.25200454
2023-08-01,EGX:MASR,3.22937483,3.24826006,3.18216174,3.18216174,3780079.40877024
2023-08-02,EGX:MASR,3.18216174,3.21048959,3.14439128,3.14439128,4004747.011408
2023-08-03,EGX:MASR,3.14439128,3.17271913,3.09717819,3.13494866,2909883.09768949
2023-08-06,EGX:MASR,3.13494866,3.27658791,3.12550604,3.25770267,9909751.23423757
2023-08-07,EGX:MASR,3.25770267,3.31435837,3.21048959,3.26714529,10782526.2797331
2023-08-08,EGX:MASR,3.26714529,3.29547314,3.21048959,3.21993221,5692183.9721007
2023-08-09,EGX:MASR,3.21993221,3.37101407,3.21048959,3.28603052,16921416.94835469
2023-08-10,EGX:MASR,3.28603052,3.32380099,3.23881744,3.24826006,5669637.25518464
2023-08-13,EGX:MASR,3.24826006,3.32380099,3.23881744,3.26714529,5404777.40264559
2023-08-14,EGX:MASR,3.26714529,3.32380099,3.21048959,3.21048959,13824556.01356646
2023-08-15,EGX:MASR,3.2064,3.3024,3.2064,3.264,2618241.66666667
2023-08-16,EGX:MASR,3.264,3.312,3.2448,3.2544,3030455.20833333
2023-08-17,EGX:MASR,3.2544,3.2832,3.2352,3.2448,2057503.125
2023-08-20,EGX:MASR,3.2448,3.3216,3.2448,3.2544,3625988.54166667
2023-08-21,EGX:MASR,3.2544,3.3504,3.2352,3.312,4718445.83333333
2023-08-22,EGX:MASR,3.312,3.3984,3.312,3.3504,12688411.45833333
2023-08-23,EGX:MASR,3.3504,3.3984,3.264,3.312,9229472.91666667
2023-08-24,EGX:MASR,3.312,3.312,3.1968,3.2544,8657708.33333333
2023-08-27,EGX:MASR,3.2544,3.2832,3.2256,3.2544,8055072.91666667
2023-08-28,EGX:MASR,3.2544,3.3024,3.1872,3.2256,6989165.625
2023-08-29,EGX:MASR,3.2256,3.264,3.216,3.2448,4597175.0
2023-08-30,EGX:MASR,3.2448,3.2544,3.1776,3.216,9251607.29166667
2023-08-31,EGX:MASR,3.216,3.2352,3.1968,3.216,4043925.0
2023-09-03,EGX:MASR,3.216,3.2544,3.168,3.168,5469650.0
2023-09-04,EGX:MASR,3.168,3.216,3.1584,3.1872,4079515.625
2023-09-05,EGX:MASR,3.1872,3.2832,3.1872,3.216,7351945.83333333
2023-09-06,EGX:MASR,3.216,3.3216,3.2064,3.2352,17070817.70833334
2023-09-07,EGX:MASR,3.2352,3.2736,3.2064,3.2256,4651107.29166667
2023-09-10,EGX:MASR,3.2256,3.3024,3.2256,3.2736,7518407.29166667
2023-09-11,EGX:MASR,3.2736,3.3408,3.1968,3.216,22167023.95833334
2023-09-12,EGX:MASR,3.216,3.2352,3.168,3.1872,8461466.66666667
2023-09-13,EGX:MASR,3.1872,3.2064,3.1392,3.1776,9784433.33333333
2023-09-14,EGX:MASR,3.1776,3.2256,3.168,3.1872,14357437.5
2023-09-17,EGX:MASR,3.1872,3.2256,3.1776,3.1872,6043748.95833333
2023-09-18,EGX:MASR,3.1872,3.2064,3.168,3.1872,3812883.33333333
2023-09-19,EGX:MASR,3.1872,3.2256,3.1776,3.1872,7988933.33333333
2023-09-20,EGX:MASR,3.1872,3.2256,3.0816,3.0912,16512615.625
2023-09-21,EGX:MASR,3.0912,3.1296,3.0624,3.0816,6860219.79166667
2023-09-24,EGX:MASR,3.0816,3.1104,3.0144,3.024,12779672.91666667
2023-09-25,EGX:MASR,3.024,3.0816,3.0144,3.0528,6926164.58333333
2023-09-26,EGX:MASR,3.0528,3.0816,2.9856,2.9952,11165242.70833333
2023-09-27,EGX:MASR,2.9952,3.0144,2.8704,2.9184,25631311.45833334
2023-10-01,EGX:MASR,2.9184,2.9376,2.8608,2.8608,12265796.875
2023-10-02,EGX:MASR,2.8608,2.8896,2.6976,2.8128,17734150.0
2023-10-03,EGX:MASR,2.8128,2.8416,2.736,2.784,6989552.08333333
2023-10-04,EGX:MASR,2.784,2.8224,2.7552,2.8032,4991746.875
2023-10-08,EGX:MASR,2.8032,2.8128,2.5536,2.7168,13038305.20833333
2023-10-09,EGX:MASR,2.7168,2.7456,2.6784,2.6976,4866820.83333333
2023-10-10,EGX:MASR,2.6976,2.736,2.6976,2.7168,4607079.16666667
2023-10-11,EGX:MASR,2.7168,2.7552,2.688,2.688,7520802.08333333
2023-10-12,EGX:MASR,2.688,2.9856,2.688,2.9088,45483911.45833334
2023-10-15,EGX:MASR,2.9088,2.928,2.8128,2.8128,14062862.5
2023-10-16,EGX:MASR,2.8128,2.8608,2.7744,2.832,13802934.375
2023-10-17,EGX:MASR,2.832,2.9664,2.832,2.928,16651218.75
2023-10-18,EGX:MASR,2.928,2.976,2.8896,2.8992,12049573.95833333
2023-10-19,EGX:MASR,2.8992,2.9472,2.8896,2.8992,8765422.91666667
2023-10-22,EGX:MASR,2.8992,3.024,2.8896,3.0048,10953162.5
2023-10-23,EGX:MASR,3.0048,3.0336,2.928,2.9568,14404077.08333333
2023-10-24,EGX:MASR,2.9568,3.0144,2.8896,2.9184,9154686.45833333
2023-10-25,EGX:MASR,2.9184,3.12,2.9184,3.0816,24443635.41666667
2023-10-26,EGX:MASR,3.0816,3.2448,3.0816,3.2352,37922387.5
2023-10-29,EGX:MASR,3.2352,3.2928,3.1872,3.264,27930319.79166667
2023-10-30,EGX:MASR,3.264,3.312,3.1968,3.2256,10999114.58333333
2023-10-31,EGX:MASR,3.2256,3.2256,3.072,3.072,11377627.08333333
2023-11-01,EGX:MASR,3.072,3.1104,2.9856,3.0336,7869290.625
2023-11-02,EGX:MASR,3.0336,3.1392,3.0336,3.12,9193428.125
2023-11-05,EGX:MASR,3.12,3.2352,3.12,3.1968,10246987.5
2023-11-06,EGX:MASR,3.1968,3.36,3.1968,3.2928,33734935.41666667
2023-11-07,EGX:MASR,3.2928,3.4368,3.2928,3.408,49783729.16666667
2023-11-08,EGX:MASR,3.408,3.4656,3.312,3.3216,16648665.625
2023-11-09,EGX:MASR,3.3216,3.4656,3.3216,3.36,26302635.41666667
2023-11-12,EGX:MASR,3.36,3.456,3.312,3.3408,17314997.91666667
2023-11-13,EGX:MASR,3.3408,3.3984,3.312,3.3216,9541864.58333333
2023-11-14,EGX:MASR,3.3216,3.4752,3.312,3.4176,19444938.54166667
2023-11-15,EGX:MASR,3.4176,3.6096,3.4176,3.5712,48263847.91666667
2023-11-16,EGX:MASR,3.5712,3.6384,3.5328,3.5424,12686311.45833333
2023-11-19,EGX:MASR,3.5424,3.6,3.4752,3.4848,12472207.29166667
2023-11-20,EGX:MASR,3.4848,3.5328,3.3696,3.3984,24603333.33333334
2023-11-21,EGX:MASR,3.3984,3.4656,3.312,3.456,15018533.33333333
2023-11-22,EGX:MASR,3.456,3.6096,3.456,3.6,24965778.125
2023-11-23,EGX:MASR,3.6,3.6768,3.5712,3.5712,16741150.0
2023-11-26,EGX:MASR,3.5712,3.6672,3.5424,3.5712,18512350.0
2023-11-27,EGX:MASR,3.5712,3.8592,3.5424,3.8208,43803290.625
2023-11-28,EGX:MASR,3.8208,3.8496,3.7056,3.7152,18254511.45833334
2023-11-29,EGX:MASR,3.7152,3.7728,3.648,3.7248,16117777.08333333
2023-11-30,EGX:MASR,3.7248,3.8976,3.696,3.84,27128936.45833334
2023-12-03,EGX:MASR,3.84,4.176,3.84,4.0992,31317098.95833334
2023-12-04,EGX:MASR,4.0992,4.2912,4.0224,4.2624,21463452.08333334
2023-12-05,EGX:MASR,4.2624,4.3008,4.1472,4.1952,11301731.25
2023-12-06,EGX:MASR,4.1952,4.464,4.1472,4.272,28090511.45833334
2023-12-07,EGX:MASR,4.272,4.272,3.8496,4.1472,15499876.04166667
2023-12-10,EGX:MASR,4.1472,4.4448,4.1472,4.3104,24497255.20833334
2023-12-11,EGX:MASR,4.3104,4.3584,4.176,4.176,12161013.54166667
2023-12-12,EGX:MASR,4.176,4.272,3.936,3.9648,13459934.375
2023-12-13,EGX:MASR,3.9648,4.1472,3.9648,4.1184,7565515.625
2023-12-14,EGX:MASR,4.1184,4.2144,4.08,4.08,5638818.75
2023-12-17,EGX:MASR,4.08,4.1472,4.08,4.0896,2741180.20833333
2023-12-18,EGX:MASR,4.0896,4.2528,4.0896,4.1664,8603721.875
2023-12-19,EGX:MASR,4.1664,4.2432,4.0608,4.0608,4869704.16666667
2023-12-20,EGX:MASR,4.0608,4.128,3.9648,3.9936,4033718.75
2023-12-21,EGX:MASR,3.9936,4.08,3.84,3.8592,11590115.625
2023-12-24,EGX:MASR,3.8592,3.9264,3.696,3.696,10269389.58333333
2023-12-25,EGX:MASR,3.696,3.7344,3.6192,3.696,7190604.16666667
2023-12-26,EGX:MASR,3.696,3.7728,3.648,3.6672,10046554.16666667
2023-12-27,EGX:MASR,3.6672,3.84,3.6672,3.792,9133567.70833333
2023-12-28,EGX:MASR,3.7536,3.9648,3.7536,3.936,6332602.08333333
2023-12-31,EGX:MASR,3.936,4.0224,3.8592,3.8976,4519322.91666667
2024-01-02,EGX:MASR,3.8976,4.0608,3.8976,4.0032,4096873.95833333
2024-01-03,EGX:MASR,4.0032,4.0512,3.984,3.9936,2903144.79166667
2024-01-04,EGX:MASR,3.9936,4.08,3.9936,4.0128,6012893.75
2024-01-08,EGX:MASR,4.0128,4.176,3.984,4.176,7177926.04166667
2024-01-09,EGX:MASR,4.176,4.224,4.128,4.176,5677401.04166667
2024-01-10,EGX:MASR,4.176,4.2048,4.032,4.0704,5964451.04166667
2024-01-11,EGX:MASR,4.0704,4.0992,3.9552,3.9936,10233758.33333333
2024-01-14,EGX:MASR,3.9936,4.1088,3.984,4.1088,8925194.79166667
2024-01-15,EGX:MASR,4.1088,4.2528,4.0608,4.0608,17233545.83333334
2024-01-16,EGX:MASR,4.0608,4.1568,4.0608,4.1088,11414320.83333333
2024-01-17,EGX:MASR,4.1088,4.176,4.032,4.032,10975123.95833333
2024-01-18,EGX:MASR,4.032,4.0896,4.0224,4.0416,5584883.33333333
2024-01-21,EGX:MASR,4.0416,4.1376,4.0416,4.1088,10283213.54166667
2024-01-22,EGX:MASR,4.1088,4.1856,4.08,4.0992,16891264.58333334
2024-01-23,EGX:MASR,4.0992,4.1184,4.0128,4.0128,10668981.25
2024-01-24,EGX:MASR,4.0128,4.0416,3.9648,3.9936,7237805.20833333
2024-01-28,EGX:MASR,3.9936,4.08,3.9744,3.984,5233306.25
2024-01-29,EGX:MASR,3.984,4.0896,3.984,4.0032,9059800.0
2024-01-30,EGX:MASR,4.0032,4.0512,3.9744,3.9936,13269331.25
2024-01-31,EGX:MASR,3.9936,4.08,3.552,3.5712,26292489.58333334
2024-02-01,EGX:MASR,3.5712,3.8112,3.4656,3.792,15521627.08333333
2024-02-04,EGX:MASR,3.792,4.0512,3.7248,4.0512,15865700.0
2024-02-05,EGX:MASR,4.0512,4.4256,4.0512,4.272,52380412.5
2024-02-06,EGX:MASR,4.272,4.5984,4.176,4.5216,37688485.41666667
2024-02-07,EGX:MASR,4.5216,4.5312,4.272,4.368,22462419.79166667
2024-02-08,EGX:MASR,4.368,4.7136,4.32,4.7136,42056486.45833334
2024-02-11,EGX:MASR,4.7136,4.944,4.56,4.6368,40013766.66666667
2024-02-12,EGX:MASR,4.6368,4.7424,4.512,4.6176,22158342.70833334
2024-02-13,EGX:MASR,4.6176,4.7232,4.5984,4.5984,7901051.04166667
2024-02-14,EGX:MASR,4.5984,4.752,4.512,4.6656,15129079.16666667
2024-02-15,EGX:MASR,4.6656,4.944,4.6656,4.9056,27867225.0
2024-02-18,EGX:MASR,4.9056,5.0112,4.8576,4.9632,14052775.0
2024-02-19,EGX:MASR,4.9632,5.088,4.8288,5.088,16469326.04166667
2024-02-20,EGX:MASR,5.088,5.1456,4.992,5.0016,11405393.75
2024-02-21,EGX:MASR,5.0016,5.3472,4.8096,5.1264,34565045.83333334
2024-02-22,EGX:MASR,5.1264,5.1648,4.9632,5.0016,11074991.66666667
2024-02-25,EGX:MASR,5.0016,5.5104,4.608,4.9536,49811628.125
2024-02-26,EGX:MASR,4.9536,5.184,4.8,4.8384,29904592.70833334
2024-02-27,EGX:MASR,4.8384,5.1168,4.8384,4.8864,46754002.08333334
2024-02-28,EGX:MASR,4.8864,5.04,4.608,4.6368,18382801.04166667
2024-02-29,EGX:MASR,4.6368,4.704,4.32,4.4256,31659660.41666667
2024-03-03,EGX:MASR,4.4256,4.5408,4.3776,4.416,11590271.875
2024-03-04,EGX:MASR,4.416,4.7904,4.416,4.6752,36176213.54166667
2024-03-05,EGX:MASR,4.6752,4.9824,4.4736,4.656,34959211.45833334
2024-03-06,EGX:MASR,4.656,4.656,4.0896,4.1952,63593258.33333334
2024-03-07,EGX:MASR,4.1952,4.2432,3.9456,4.0512,23359092.70833334
2024-03-10,EGX:MASR,4.0512,4.272,4.0512,4.1184,25173546.875
2024-03-11,EGX:MASR,4.1184,4.176,3.9456,3.9648,11447105.20833333
2024-03-12,EGX:MASR,3.9648,4.0128,3.8112,3.84,17762564.58333334
2024-03-13,EGX:MASR,3.84,3.9072,3.5424,3.6576,30147064.58333334
2024-03-14,EGX:MASR,3.6576,3.84,3.5808,3.7536,15359933.33333333
2024-03-17,EGX:MASR,3.7536,3.984,3.7152,3.7152,7485603.125
2024-03-18,EGX:MASR,3.7152,3.7536,3.3408,3.3408,12819547.91666667
2024-03-19,EGX:MASR,3.3408,3.4848,3.3024,3.4848,7405414.58333333
2024-03-20,EGX:MASR,3.4848,3.6288,3.4848,3.5616,5539993.75
2024-03-21,EGX:MASR,3.5616,3.6672,3.4656,3.6576,7944717.70833333
2024-03-24,EGX:MASR,3.6576,3.7536,3.6192,3.7248,6419061.45833333
2024-03-25,EGX:MASR,3.7248,3.8688,3.6768,3.8496,14381891.66666667
2024-03-26,EGX:MASR,3.8496,3.8976,3.696,3.696,9885125.0
2024-03-27,EGX:MASR,3.696,3.7344,3.5616,3.5616,7081003.125
2024-03-28,EGX:MASR,3.5616,3.6192,3.4848,3.5232,5917787.5
2024-03-31,EGX:MASR,3.5232,3.5712,3.2928,3.3312,8263833.33333333
2024-04-01,EGX:MASR,3.3312,3.5808,3.3312,3.5808,9031908.33333333
2024-04-02,EGX:MASR,3.5808,3.6576,3.5232,3.5616,7607166.66666667
2024-04-03,EGX:MASR,3.5616,3.5808,3.4944,3.5808,3949651.04166667
2024-04-04,EGX:MASR,3.5808,3.6576,3.5808,3.6,6039000.0
2024-04-07,EGX:MASR,3.6,3.6576,3.6,3.6192,3644423.95833333
2024-04-08,EGX:MASR,3.6192,3.6384,3.5904,3.6192,3547038.54166667
2024-04-15,EGX:MASR,3.6192,3.7056,3.5424,3.696,6838123.95833333
2024-04-16,EGX:MASR,3.696,3.8304,3.6864,3.8208,13651982.29166667
2024-04-17,EGX:MASR,3.8208,3.9552,3.8112,3.936,17005396.875
2024-04-18,EGX:MASR,3.936,4.0128,3.6096,3.6672,16523016.66666667
2024-04-21,EGX:MASR,3.6672,3.8016,3.6672,3.7728,3783435.41666667
2024-04-22,EGX:MASR,3.7728,3.8112,3.6576,3.6768,2798934.375
2024-04-23,EGX:MASR,3.6768,3.7152,3.4752,3.504,4775679.16666667
2024-04-24,EGX:MASR,3.504,3.5232,3.2928,3.3024,8240782.29166667
2024-04-28,EGX:MASR,3.3024,3.3888,3.12,3.12,5548013.54166667
2024-04-29,EGX:MASR,3.12,3.312,3.12,3.2928,4900434.375
2024-04-30,EGX:MASR,3.2928,3.3408,3.0144,3.0816,4617515.625
2024-05-01,EGX:MASR,3.0816,3.1776,2.9952,3.1392,8122705.20833333
2024-05-02,EGX:MASR,3.1392,3.3216,3.1104,3.2256,7786337.5
2024-05-07,EGX:MASR,3.2256,3.3504,3.1584,3.3504,5510975.0
2024-05-08,EGX:MASR,3.3504,3.4464,3.2832,3.3024,5662703.125
2024-05-09,EGX:MASR,3.3024,3.3312,3.1968,3.2448,3210579.16666667
2024-05-12,EGX:MASR,3.2448,3.2928,3.024,3.072,5940540.625
2024-05-13,EGX:MASR,3.072,3.1872,3.0144,3.1776,5251069.79166667
2024-05-14,EGX:MASR,3.1776,3.216,3.1104,3.1296,4301797.91666667
2024-05-15,EGX:MASR,3.1296,3.2064,3.12,3.1488,4221014.58333333
2024-05-16,EGX:MASR,3.1488,3.264,3.1488,3.264,6935528.125
2024-05-19,EGX:MASR,3.264,3.3888,3.264,3.36,10668998.95833333
2024-05-20,EGX:MASR,3.36,3.4272,3.3216,3.3504,5283434.375
2024-05-21,EGX:MASR,3.3504,3.4368,3.312,3.3216,10076222.91666667
2024-05-22,EGX:MASR,3.3216,3.4272,3.3216,3.408,6831629.16666667
2024-05-23,EGX:MASR,3.408,3.6096,3.3792,3.5712,23012471.875
2024-05-26,EGX:MASR,3.5712,3.7248,3.5712,3.7248,18689605.20833334
2024-05-27,EGX:MASR,3.7248,3.744,3.5616,3.648,14923868.75
2024-05-28,EGX:MASR,3.648,3.648,3.4848,3.5616,11033971.875
2024-05-29,EGX:MASR,3.5616,3.6096,3.4944,3.5136,10696625.0
2024-05-30,EGX:MASR,3.5136,3.5328,3.3696,3.4848,8745922.91666667
2024-06-02,EGX:MASR,3.4848,3.504,3.3696,3.4656,8750240.625
2024-06-03,EGX:MASR,3.4656,3.6192,3.4656,3.6,14277167.70833333
2024-06-04,EGX:MASR,3.6,3.6576,3.5616,3.5712,15286111.45833333
2024-06-05,EGX:MASR,3.5712,3.6096,3.4656,3.5136,10366585.41666667
2024-06-06,EGX:MASR,3.5136,3.5424,3.3888,3.3984,11586160.41666667
2024-06-09,EGX:MASR,3.3984,3.408,3.216,3.2544,6986522.91666667
2024-06-10,EGX:MASR,3.2544,3.3312,3.2256,3.312,4184233.33333333
2024-06-11,EGX:MASR,3.312,3.408,3.312,3.3888,6828388.54166667
2024-06-12,EGX:MASR,3.3888,3.456,3.3792,3.4272,5871110.41666667
2024-06-13,EGX:MASR,3.4272,3.5904,3.408,3.5808,10134172.91666667
2024-06-23,EGX:MASR,3.5808,3.6576,3.5328,3.648,24174523.95833334
2024-06-24,EGX:MASR,3.648,3.696,3.6096,3.6096,11345420.83333333
2024-06-25,EGX:MASR,3.6096,3.648,3.5328,3.6288,9520512.5
2024-06-26,EGX:MASR,3.6288,3.792,3.6288,3.7056,32642222.91666667
2024-06-27,EGX:MASR,3.7056,3.8016,3.696,3.7152,20303419.79166667
2024-07-01,EGX:MASR,3.7152,3.7536,3.696,3.7152,4824632.29166667
2024-07-02,EGX:MASR,3.7152,3.7632,3.648,3.696,9752275.0
2024-07-03,EGX:MASR,3.696,3.7824,3.6864,3.7248,8530034.375
2024-07-04,EGX:MASR,3.7248,3.8688,3.7248,3.7728,28321577.08333334
2024-07-07,EGX:MASR,3.7728,3.8688,3.7728,3.792,15813888.54166667
2024-07-08,EGX:MASR,3.792,3.84,3.648,3.7344,13056981.25
2024-07-09,EGX:MASR,3.7344,3.7728,3.6864,3.7632,8047806.25
2024-07-10,EGX:MASR,3.7632,3.8496,3.7152,3.7344,15386970.83333333
2024-07-14,EGX:MASR,3.7344,3.8016,3.696,3.7056,5403668.75
2024-07-15,EGX:MASR,3.7056,3.744,3.6672,3.6864,3599081.25
2024-07-16,EGX:MASR,3.6864,3.7248,3.6768,3.7056,3595646.875
2024-07-17,EGX:MASR,3.7056,3.7824,3.696,3.7728,7539263.54166667
2024-07-18,EGX:MASR,3.7728,3.888,3.7728,3.8496,33834698.95833334
2024-07-21,EGX:MASR,3.8496,3.9552,3.8496,3.8976,21057003.125
2024-07-22,EGX:MASR,3.8976,4.2144,3.8976,4.1184,47065803.125
2024-07-23,EGX:MASR,4.1184,4.1568,4.0512,4.08,9731263.54166667
2024-07-24,EGX:MASR,4.08,4.1184,3.9936,4.0128,5551866.66666667
2024-07-28,EGX:MASR,4.0128,4.032,3.9552,3.984,3693877.08333333
2024-07-29,EGX:MASR,3.984,4.0512,3.9744,3.984,2936119.79166667
2024-07-30,EGX:MASR,3.984,4.032,3.9552,3.9744,6039704.16666667
2024-07-31,EGX:MASR,3.9744,3.9936,3.9552,3.9744,6361626.04166667
2024-08-01,EGX:MASR,3.9744,4.0224,3.888,3.9072,13836327.08333333
2024-08-04,EGX:MASR,3.9072,3.9072,3.696,3.7344,8303027.08333333
2024-08-05,EGX:MASR,3.7344,3.7344,3.3888,3.5328,8350195.83333333
2024-08-06,EGX:MASR,3.5328,3.6672,3.5328,3.6576,4749289.58333333
2024-08-07,EGX:MASR,3.6576,3.7056,3.5808,3.6672,10962914.58333333
2024-08-08,EGX:MASR,3.6672,3.6864,3.5424,3.5616,23390546.875
2024-08-11,EGX:MASR,3.5616,3.648,3.5616,3.6192,17646089.58333334
2024-08-12,EGX:MASR,3.6192,3.7824,3.6192,3.6384,33427844.79166667
2024-08-13,EGX:MASR,3.6384,3.696,3.6,3.6288,10731423.95833333
2024-08-14,EGX:MASR,3.6288,3.6576,3.6,3.6192,7961836.45833333
2024-08-15,EGX:MASR,3.6192,3.6672,3.6192,3.648,11750688.54166667
2024-08-18,EGX:MASR,3.648,3.7152,3.648,3.6576,10743287.5
2024-08-19,EGX:MASR,3.6576,3.7152,3.648,3.6576,9177850.0
2024-08-20,EGX:MASR,3.6576,3.744,3.6576,3.7248,9479241.66666667
2024-08-21,EGX:MASR,3.7248,3.744,3.6864,3.696,6186312.5
2024-08-22,EGX:MASR,3.696,3.888,3.696,3.8208,23409991.66666667
2024-08-25,EGX:MASR,3.8208,3.9744,3.8208,3.8688,28772552.08333334
2024-08-26,EGX:MASR,3.8688,3.9264,3.8304,3.8496,12877985.41666667
2024-08-27,EGX:MASR,3.8496,3.936,3.8208,3.8688,10041682.29166667
2024-08-28,EGX:MASR,3.8688,3.936,3.8496,3.888,7040856.25
2024-08-29,EGX:MASR,3.888,4.0032,3.888,3.9648,21388066.66666667
2024-09-01,EGX:MASR,3.9648,4.1088,3.9648,4.0704,23573547.91666667
2024-09-02,EGX:MASR,4.0704,4.3008,4.0704,4.1856,52694434.375
2024-09-03,EGX:MASR,4.1856,4.2624,4.1184,4.1472,8348596.875
2024-09-04,EGX:MASR,4.1472,4.1472,4.0224,4.0608,10805513.54166667
2024-09-05,EGX:MASR,4.0608,4.176,4.0608,4.1184,9147545.83333333
2024-09-08,EGX:MASR,4.1184,4.1856,4.0128,4.0512,7602323.95833333
2024-09-09,EGX:MASR,4.0512,4.1664,4.032,4.1664,15229838.54166667
2024-09-10,EGX:MASR,4.1664,4.2528,4.128,4.1664,17060695.83333334
2024-09-11,EGX:MASR,4.1664,4.3968,4.1088,4.368,34530105.20833334
2024-09-12,EGX:MASR,4.368,4.4544,4.272,4.2912,17492200.0
2024-09-16,EGX:MASR,4.2912,4.3872,4.2144,4.2144,18466884.375
2024-09-17,EGX:MASR,4.2144,4.272,4.0896,4.1088,14523080.20833333
2024-09-18,EGX:MASR,4.1088,4.1376,4.0608,4.0608,11354442.70833333
2024-09-19,EGX:MASR,4.0608,4.1472,4.0512,4.0512,39438194.79166667
2024-09-22,EGX:MASR,4.0512,4.272,4.0512,4.2528,32433137.5
2024-09-23,EGX:MASR,4.2528,4.3104,4.224,4.2336,14684592.70833333
2024-09-24,EGX:MASR,4.2336,4.2624,4.1568,4.2048,12053053.125
2024-09-25,EGX:MASR,4.2048,4.3296,4.1568,4.3008,19266388.54166667
2024-09-26,EGX:MASR,4.3008,4.4352,4.2816,4.3008,19091887.5
2024-09-29,EGX:MASR,4.3008,4.3968,4.2912,4.368,12341270.83333333
2024-09-30,EGX:MASR,4.368,4.4256,4.3104,4.3392,16660390.625
2024-10-01,EGX:MASR,4.3392,4.3776,4.2432,4.2528,6834616.66666667
2024-10-02,EGX:MASR,4.2528,4.2528,4.1472,4.1568,14232757.29166667
2024-10-03,EGX:MASR,4.1568,4.224,4.1376,4.1472,9360822.91666667
2024-10-07,EGX:MASR,4.1472,4.1952,4.08,4.0896,6273292.70833333
2024-10-08,EGX:MASR,4.0896,4.1088,3.8496,3.9648,10456138.54166667
2024-10-09,EGX:MASR,3.9648,4.0128,3.9072,3.9744,5705588.54166667
2024-10-10,EGX:MASR,3.9744,4.0512,3.8688,3.8784,10310470.83333333
2024-10-13,EGX:MASR,3.8784,3.9168,3.7344,3.744,7172927.08333333
2024-10-14,EGX:MASR,3.744,3.888,3.696,3.8016,4703956.25
2024-10-15,EGX:MASR,3.8016,3.8784,3.792,3.8688,4281235.41666667
2024-10-16,EGX:MASR,3.8688,3.936,3.8304,3.84,3958213.54166667
2024-10-17,EGX:MASR,3.84,3.8688,3.7824,3.792,3699638.54166667
2024-10-20,EGX:MASR,3.792,3.84,3.696,3.7344,3094056.25
2024-10-21,EGX:MASR,3.7344,3.8304,3.6768,3.8016,7332562.5
2024-10-22,EGX:MASR,3.8016,3.8688,3.8016,3.8112,4829066.66666667
2024-10-23,EGX:MASR,3.8112,3.9456,3.8112,3.888,5897156.25
2024-10-24,EGX:MASR,3.888,4.0032,3.888,3.9552,10264795.83333333
2024-10-27,EGX:MASR,3.9552,3.9936,3.9072,3.9456,2898638.54166667
2024-10-28,EGX:MASR,3.9456,3.9744,3.888,3.936,3891407.29166667
2024-10-29,EGX:MASR,3.936,4.0032,3.9072,3.9456,6237514.58333333
2024-10-30,EGX:MASR,3.9456,3.984,3.888,3.9456,4693531.25
2024-10-31,EGX:MASR,3.9456,3.984,3.936,3.9456,5927367.70833333
2024-11-03,EGX:MASR,3.9456,4.0032,3.9456,3.9648,4055753.125
2024-11-04,EGX:MASR,3.9648,4.08,3.9648,4.0224,9419265.625
2024-11-05,EGX:MASR,4.0224,4.0608,3.984,4.0128,5312603.125
2024-11-06,EGX:MASR,4.0128,4.0416,3.9936,4.0128,4744593.75
2024-11-07,EGX:MASR,4.0128,4.0896,4.0128,4.0416,7461103.125
2024-11-10,EGX:MASR,4.0416,4.1568,4.0416,4.1088,9911916.66666667
2024-11-11,EGX:MASR,4.1088,4.1856,4.1088,4.1568,10941335.41666667
2024-11-12,EGX:MASR,4.1568,4.1856,4.0992,4.128,5529189.58333333
2024-11-13,EGX:MASR,4.128,4.1568,4.0704,4.0704,4740136.45833333
2024-11-14,EGX:MASR,4.0704,4.1088,4.0608,4.08,3624628.125
2024-11-17,EGX:MASR,4.08,4.1088,4.0224,4.032,2561392.70833333
2024-11-18,EGX:MASR,4.032,4.0608,3.9072,3.9072,6456567.70833333
2024-11-19,EGX:MASR,3.9072,3.936,3.8592,3.8688,3213040.625
2024-11-20,EGX:MASR,3.8688,3.9072,3.8496,3.8688,3890335.41666667
2024-11-21,EGX:MASR,3.8688,3.9168,3.8592,3.8784,3718061.45833333
2024-11-24,EGX:MASR,3.8784,3.9264,3.84,3.8688,2688595.83333333
2024-11-25,EGX:MASR,3.8688,3.9552,3.8112,3.888,3935607.29166667
2024-11-26,EGX:MASR,3.888,3.9456,3.84,3.8688,4905998.95833333
2024-11-27,EGX:MASR,3.8688,3.8784,3.7824,3.792,5701542.70833333
2024-11-28,EGX:MASR,3.792,3.8208,3.7632,3.8112,4907828.125
2024-12-01,EGX:MASR,3.8112,3.8976,3.8112,3.888,4549958.33333333
2024-12-02,EGX:MASR,3.888,3.9936,3.8688,3.9168,13316122.91666667
2024-12-03,EGX:MASR,3.9168,3.9552,3.8592,3.8784,3200354.16666667
2024-12-04,EGX:MASR,3.8784,3.9744,3.8784,3.9264,9309782.29166667
2024-12-05,EGX:MASR,3.9264,3.984,3.9264,3.936,5519666.66666667
2024-12-08,EGX:MASR,3.936,3.984,3.9264,3.9648,9055127.08333333
2024-12-09,EGX:MASR,3.9648,4.0128,3.9264,3.9456,7263197.91666667
2024-12-10,EGX:MASR,3.9456,3.9648,3.8688,3.888,5016817.70833333
2024-12-11,EGX:MASR,3.888,3.9264,3.8688,3.8784,3192044.79166667
2024-12-12,EGX:MASR,3.8784,3.9168,3.8688,3.8784,3245907.29166667
2024-12-15,EGX:MASR,3.8784,3.9168,3.8496,3.8592,2344025.0
2024-12-16,EGX:MASR,3.8592,3.8976,3.8496,3.8592,2788706.25
2024-12-17,EGX:MASR,3.8592,3.8976,3.8112,3.8208,3266792.70833333
2024-12-18,EGX:MASR,3.8208,3.8496,3.7728,3.7728,3943158.33333333
2024-12-19,EGX:MASR,3.7728,3.792,3.744,3.744,3986108.33333333
2024-12-22,EGX:MASR,3.744,3.792,3.744,3.7536,2760867.70833333
2024-12-23,EGX:MASR,3.7536,3.7728,3.6768,3.696,3031930.20833333
2024-12-24,EGX:MASR,3.696,3.7152,3.6576,3.7056,2789800.0
2024-12-25,EGX:MASR,3.7056,3.744,3.7056,3.7056,1543817.70833333
2024-12-26,EGX:MASR,3.7056,3.7248,3.6576,3.6576,4894995.83333333
2024-12-29,EGX:MASR,3.6576,3.6768,3.6,3.6096,2807629.16666667
2024-12-30,EGX:MASR,3.6096,3.6384,3.552,3.5712,4274615.625
2024-12-31,EGX:MASR,3.5712,3.6768,3.5712,3.6576,3769298.95833333
2025-01-02,EGX:MASR,3.6576,3.8208,3.648,3.8112,4826760.41666667
2025-01-05,EGX:MASR,3.8112,3.8496,3.8112,3.8304,2982791.66666667
2025-01-06,EGX:MASR,3.8304,3.8304,3.7536,3.7536,2938212.5
2025-01-08,EGX:MASR,3.7536,3.7824,3.7056,3.7248,1596110.41666667
2025-01-09,EGX:MASR,3.7248,3.7632,3.7056,3.7152,3188427.08333333
2025-01-12,EGX:MASR,3.7152,3.7152,3.6384,3.6768,4416064.58333333
2025-01-13,EGX:MASR,3.6768,3.744,3.5904,3.6096,3370600.0
2025-01-14,EGX:MASR,3.6096,3.6672,3.5328,3.6192,2457067.70833333
2025-01-15,EGX:MASR,3.6192,3.8592,3.6192,3.7632,13233964.58333333
2025-01-16,EGX:MASR,3.7632,3.8016,3.7248,3.744,7545977.08333333
2025-01-19,EGX:MASR,3.744,3.8208,3.744,3.792,4503500.0
2025-01-20,EGX:MASR,3.792,3.8112,3.7344,3.744,3486383.33333333
2025-01-21,EGX:MASR,3.744,3.7728,3.7248,3.7536,1922205.20833333
2025-01-22,EGX:MASR,3.7536,3.792,3.7536,3.7824,3401659.375
2025-01-23,EGX:MASR,3.7824,3.8016,3.7344,3.7536,4384823.95833333
2025-01-26,EGX:MASR,3.7536,3.7728,3.7344,3.7344,3178516.66666667
2025-01-27,EGX:MASR,3.7344,3.7536,3.6768,3.6768,2769262.5
2025-01-28,EGX:MASR,3.6768,3.7344,3.6768,3.7152,2239098.95833333
2025-01-29,EGX:MASR,3.7152,3.8112,3.7056,3.792,9249169.79166667
2025-01-30,EGX:MASR,3.792,3.984,3.792,3.9072,21092371.875
2025-02-02,EGX:MASR,3.9072,3.9552,3.8784,3.9072,6536682.29166667
2025-02-03,EGX:MASR,3.9072,3.9168,3.8304,3.8496,3906862.5
2025-02-04,EGX:MASR,3.8496,3.8976,3.8304,3.84,2681500.0
2025-02-05,EGX:MASR,3.84,3.8592,3.7824,3.8112,4524752.08333333
2025-02-06,EGX:MASR,3.8112,3.8688,3.8112,3.8304,8473279.16666667
2025-02-09,EGX:MASR,3.8304,3.8976,3.7824,3.792,7377397.91666667
2025-02-10,EGX:MASR,3.792,3.8304,3.7632,3.7728,3084909.375
2025-02-11,EGX:MASR,3.7728,3.792,3.6864,3.6864,4233370.83333333
2025-02-12,EGX:MASR,3.6864,3.696,3.6288,3.6864,3806038.54166667
2025-02-13,EGX:MASR,3.6864,3.7344,3.6864,3.7056,2043945.83333333
2025-02-16,EGX:MASR,3.7056,3.8688,3.7056,3.84,5515935.41666667
2025-02-17,EGX:MASR,3.84,3.9456,3.8304,3.8976,11080643.75
2025-02-18,EGX:MASR,3.8976,3.9168,3.8496,3.8976,7444979.16666667
2025-02-19,EGX:MASR,3.8976,3.936,3.8592,3.9168,4855596.875
2025-02-20,EGX:MASR,3.9168,3.936,3.888,3.9072,3411203.125
2025-02-23,EGX:MASR,3.9072,3.9072,3.84,3.8688,3786147.91666667
2025-02-24,EGX:MASR,3.8688,3.8976,3.8112,3.8208,9496521.875
2025-02-25,EGX:MASR,3.8208,3.8304,3.744,3.7632,10933742.70833333
2025-02-26,EGX:MASR,3.7632,3.7824,3.7344,3.7536,3663784.375
2025-02-27,EGX:MASR,3.7536,3.8112,3.7536,3.8016,3166631.25
2025-03-02,EGX:MASR,3.8016,3.8304,3.792,3.792,1580426.04166667
2025-03-03,EGX:MASR,3.792,3.9264,3.792,3.888,10772401.04166667
2025-03-04,EGX:MASR,3.888,3.9072,3.8208,3.8304,5509290.625
2025-03-05,EGX:MASR,3.8304,3.8688,3.8016,3.8304,2487846.875
2025-03-06,EGX:MASR,3.8304,3.8592,3.792,3.792,2191934.375
2025-03-09,EGX:MASR,3.792,4.0416,3.792,4.0032,24488433.33333334
2025-03-10,EGX:MASR,4.0032,4.08,3.984,4.0512,11032584.375
2025-03-11,EGX:MASR,4.0512,4.0992,4.0032,4.08,9429752.08333333
2025-03-12,EGX:MASR,4.08,4.0896,4.0032,4.0032,13508097.91666667
2025-03-13,EGX:MASR,4.0032,4.0416,3.984,3.9936,7016048.95833333
2025-03-16,EGX:MASR,3.9936,4.0416,3.9936,4.0032,3873841.66666667
2025-03-17,EGX:MASR,4.0032,4.0512,4.0032,4.0032,7461679.16666667
2025-03-18,EGX:MASR,4.0032,4.1376,3.9936,4.08,18785482.29166667
2025-03-19,EGX:MASR,4.08,4.1568,4.0512,4.0896,12168283.33333333
2025-03-20,EGX:MASR,4.0896,4.2624,4.0896,4.2048,18859623.95833334
2025-03-23,EGX:MASR,4.2048,4.3104,4.2048,4.2624,14929239.58333333
2025-03-24,EGX:MASR,4.2624,4.3008,4.1856,4.2144,8880517.70833333
2025-03-25,EGX:MASR,4.2144,4.2912,4.1952,4.2912,6931758.33333333
2025-03-26,EGX:MASR,4.2912,4.3392,4.2432,4.32,8955114.58333333
2025-03-27,EGX:MASR,4.32,4.416,4.32,4.3776,10597886.45833333
2025-04-03,EGX:MASR,4.3776,4.3872,4.2912,4.3872,3991286.45833333
2025-04-06,EGX:MASR,4.3872,4.3872,4.128,4.2528,18247534.375
2025-04-07,EGX:MASR,4.2528,4.272,4.1088,4.2624,13217035.41666667
2025-04-08,EGX:MASR,4.2624,4.3392,4.2528,4.32,15731909.375
2025-04-09,EGX:MASR,4.32,4.3296,4.128,4.176,6028669.79166667
2025-04-10,EGX:MASR,4.176,4.3104,4.176,4.2048,6028731.25
2025-04-13,EGX:MASR,4.2048,4.272,4.2048,4.2624,2735084.375
2025-04-14,EGX:MASR,4.2624,4.3104,4.2624,4.272,4680554.16666667
2025-04-15,EGX:MASR,4.272,4.3776,4.272,4.3392,12984385.41666667
2025-04-16,EGX:MASR,4.3392,4.5216,4.3296,4.3968,19208047.91666667
2025-04-17,EGX:MASR,4.3968,4.464,4.3584,4.368,6226679.16666667
2025-04-22,EGX:MASR,4.368,4.5024,4.368,4.4352,3947220.83333333
2025-04-23,EGX:MASR,4.4352,4.608,4.4256,4.5504,18039470.83333334
2025-04-27,EGX:MASR,4.5504,4.5888,4.4736,4.5408,11362210.41666667
2025-04-28,EGX:MASR,4.5408,4.6272,4.4832,4.6176,15893648.95833333
2025-04-29,EGX:MASR,4.6176,4.6848,4.5696,4.5696,10858556.25
2025-04-30,EGX:MASR,4.5696,4.5984,4.4352,4.464,17323339.58333334
2025-05-04,EGX:MASR,4.464,4.5888,4.464,4.5792,11114270.83333333
2025-05-05,EGX:MASR,4.5792,4.608,4.464,4.4928,13937622.91666667
2025-05-06,EGX:MASR,4.4928,4.512,4.4736,4.512,3975540.625
2025-05-07,EGX:MASR,4.5024,4.56,4.4544,4.4736,7486401.04166667
2025-05-08,EGX:MASR,4.4736,4.512,4.3872,4.4928,6158201.04166667
2025-05-11,EGX:MASR,4.4928,4.512,4.416,4.4256,3472451.04166667
2025-05-12,EGX:MASR,4.4256,4.4448,4.368,4.3776,4463542.70833333
2025-05-13,EGX:MASR,4.3776,4.4448,4.3776,4.4448,4225762.5
2025-05-14,EGX:MASR,4.4448,4.464,4.3968,4.3968,2178151.04166667
2025-05-15,EGX:MASR,4.3968,4.4352,4.3584,4.368,1774559.375
2025-05-18,EGX:MASR,4.368,4.416,4.3488,4.3488,2755057.29166667
2025-05-19,EGX:MASR,4.3488,4.3488,4.2912,4.3008,3362572.91666667
2025-05-20,EGX:MASR,4.3008,4.3296,4.2816,4.3104,1780991.66666667
2025-05-21,EGX:MASR,4.3104,4.3776,4.3104,4.3296,6283406.25
2025-05-22,EGX:MASR,4.3296,4.4064,4.32,4.4064,9441452.08333333
2025-05-25,EGX:MASR,4.4064,4.4736,4.3968,4.3968,6004461.45833333
2025-05-26,EGX:MASR,4.3968,4.4448,4.3776,4.3968,7097115.625
2025-05-27,EGX:MASR,4.3968,4.3968,4.2048,4.32,11476888.54166667
2025-05-28,EGX:MASR,4.32,4.464,4.3104,4.464,21625609.375
2025-05-29,EGX:MASR,4.464,4.4928,4.368,4.416,11753566.66666667
2025-06-01,EGX:MASR,4.416,4.4832,4.3872,4.416,6800792.70833333
2025-06-02,EGX:MASR,4.416,4.4448,4.2912,4.3488,4843122.91666667
2025-06-03,EGX:MASR,4.3488,4.3776,4.2912,4.3584,5321828.125
2025-06-04,EGX:MASR,4.3584,4.3872,4.3296,4.3584,2978991.66666667
2025-06-10,EGX:MASR,4.3584,4.464,4.3584,4.4448,6255926.04166667
2025-06-11,EGX:MASR,4.4448,4.56,4.4448,4.4544,15035584.375
2025-06-12,EGX:MASR,4.4544,4.4544,4.3008,4.32,5386534.375
2025-06-15,EGX:MASR,4.32,4.32,3.984,4.0608,5976155.20833333
2025-06-16,EGX:MASR,4.0608,4.128,4.0608,4.0704,2867012.5
2025-06-17,EGX:MASR,4.0704,4.08,3.9936,4.0032,4304108.33333333
2025-06-18,EGX:MASR,4.0032,4.0224,3.9168,3.9648,2622111.45833333
2025-06-19,EGX:MASR,3.9648,3.9936,3.8592,3.888,3637381.25
2025-06-22,EGX:MASR,3.888,3.9456,3.7632,3.936,3843528.125
2025-06-23,EGX:MASR,3.936,4.08,3.936,4.0416,4817542.70833333
2025-06-24,EGX:MASR,4.0416,4.2336,4.0416,4.2336,5701608.33333333
2025-06-25,EGX:MASR,4.2336,4.3008,4.2048,4.2912,5875427.08333333
2025-06-29,EGX:MASR,4.2912,4.3776,4.2624,4.368,7188158.33333333
2025-06-30,EGX:MASR,4.368,4.3968,4.2816,4.3584,5218951.04166667
2025-07-01,EGX:MASR,4.3584,4.368,4.2912,4.3584,3826181.25
2025-07-02,EGX:MASR,4.3584,4.4448,4.3296,4.368,6612015.625
2025-07-06,EGX:MASR,4.368,4.3968,4.3488,4.3584,2985982.29166667
2025-07-07,EGX:MASR,4.3584,4.3776,4.3104,4.3584,3675391.66666667
2025-07-09,EGX:MASR,4.3584,4.4448,4.32,4.4448,8554941.66666667
2025-07-10,EGX:MASR,4.4448,4.608,4.4256,4.608,18554071.875
2025-07-13,EGX:MASR,4.608,4.6752,4.5312,4.5984,7327228.125
2025-07-14,EGX:MASR,4.5984,4.608,4.5312,4.5312,3564968.75
2025-07-15,EGX:MASR,4.5696,4.6368,4.5216,4.608,10562181.25
2025-07-16,EGX:MASR,4.608,4.608,4.5216,4.5216,3121154.16666667
2025-07-17,EGX:MASR,4.5216,4.6176,4.5216,4.5984,3854084.375
2025-07-20,EGX:MASR,4.5984,4.6944,4.56,4.6464,6426913.54166667
2025-07-21,EGX:MASR,4.6464,4.704,4.5504,4.5888,7540021.875
2025-07-22,EGX:MASR,4.5888,4.608,4.4448,4.464,9715055.20833333
2025-07-23,EGX:MASR,4.464,4.512,4.416,4.512,4238989.58333333
2025-07-27,EGX:MASR,4.512,4.56,4.4928,4.4928,4360028.125
2025-07-28,EGX:MASR,4.4928,4.512,4.3584,4.368,3561840.625
2025-07-29,EGX:MASR,4.368,4.3968,4.3296,4.3776,1302162.5
2025-07-30,EGX:MASR,4.3776,4.416,4.2912,4.416,2439348.95833333
2025-07-31,EGX:MASR,4.416,4.464,4.3776,4.4064,2048580.20833333
2025-08-03,EGX:MASR,4.4064,4.4352,4.3488,4.3488,1613393.75
2025-08-04,EGX:MASR,4.3488,4.416,4.3488,4.3584,1632322.91666667
2025-08-05,EGX:MASR,4.3584,4.4544,4.3584,4.3872,1953546.875
2025-08-06,EGX:MASR,4.3872,4.4352,4.3392,4.3488,2066277.08333333
2025-08-07,EGX:MASR,4.3488,4.3968,4.3488,4.368,1302736.45833333
2025-08-10,EGX:MASR,4.368,4.4064,4.3392,4.368,2968196.875
2025-08-11,EGX:MASR,4.368,4.3872,4.3392,4.3488,1502636.45833333
2025-08-12,EGX:MASR,4.3488,4.3776,4.3008,4.3392,3020044.79166667
2025-08-13,EGX:MASR,4.3392,4.3584,4.1856,4.2048,6136912.5
2025-08-14,EGX:MASR,4.2048,4.2144,4.0896,4.1376,2844503.125
2025-08-17,EGX:MASR,4.1376,4.1664,4.0224,4.1664,5735470.83333333
2025-08-18,EGX:MASR,4.1664,4.2144,4.1472,4.1472,2632075.0
2025-08-19,EGX:MASR,4.1472,4.176,4.1088,4.1184,1915300.0
2025-08-20,EGX:MASR,4.1184,4.1856,4.1088,4.1088,3386844.79166667
2025-08-21,EGX:MASR,4.1088,4.1472,4.0896,4.0992,2400895.83333333
2025-08-24,EGX:MASR,4.0992,4.128,4.08,4.1088,2173819.79166667
2025-08-25,EGX:MASR,4.1088,4.1664,4.0896,4.1088,3246403.125
2025-08-26,EGX:MASR,4.1088,4.1472,4.08,4.08,2489205.20833333
2025-08-27,EGX:MASR,4.08,4.1088,4.0704,4.0896,1355492.70833333
2025-08-28,EGX:MASR,4.0896,4.1376,4.0608,4.128,4314691.66666667
2025-08-31,EGX:MASR,4.128,4.176,4.0128,4.0416,3536694.79166667
2025-09-01,EGX:MASR,4.0416,4.0896,4.0224,4.08,2568994.79166667
2025-09-02,EGX:MASR,4.08,4.1088,4.032,4.0512,2748762.5
2025-09-03,EGX:MASR,4.0512,4.08,4.0128,4.0224,4540352.08333333
2025-09-07,EGX:MASR,4.0224,4.0704,4.0128,4.0128,2416791.66666667
2025-09-08,EGX:MASR,4.0128,4.0416,3.9648,3.984,4428647.91666667
2025-09-09,EGX:MASR,3.984,4.0128,3.9456,3.9456,3034696.875
2025-09-10,EGX:MASR,3.9456,3.984,3.9264,3.936,2176516.66666667
2025-09-11,EGX:MASR,3.936,3.984,3.936,3.9456,2515133.33333333
2025-09-14,EGX:MASR,3.9456,4.08,3.9456,4.0704,4702988.54166667
2025-09-15,EGX:MASR,4.0704,4.08,3.9744,3.984,3090895.83333333
2025-09-16,EGX:MASR,3.984,4.032,3.9456,3.9552,2600695.83333333
2025-09-17,EGX:MASR,3.9552,3.9648,3.9072,3.9456,2398243.75
2025-09-18,EGX:MASR,3.9456,3.9936,3.8496,3.8496,2680327.08333333
2025-09-21,EGX:MASR,3.8496,3.9648,3.8496,3.8976,2543495.83333333
2025-09-22,EGX:MASR,3.8976,3.9264,3.8784,3.888,917288.54166667
2025-09-23,EGX:MASR,3.888,3.9456,3.8784,3.888,1472657.29166667
2025-09-24,EGX:MASR,3.888,3.9456,3.8688,3.9456,1730711.45833333
2025-09-25,EGX:MASR,3.9456,3.9456,3.9168,3.936,710086.45833333
2025-09-28,EGX:MASR,3.936,3.9936,3.936,3.984,1620308.33333333
2025-09-29,EGX:MASR,3.984,4.0128,3.9744,3.9744,1341673.95833333
2025-09-30,EGX:MASR,3.9744,4.0128,3.9648,3.9744,1463101.04166667
2025-10-01,EGX:MASR,3.9744,4.0128,3.936,3.9552,1906836.45833333
2025-10-02,EGX:MASR,3.9552,3.984,3.936,3.9456,1074970.83333333
2025-10-05,EGX:MASR,3.9456,4.0032,3.9456,3.9936,1514137.5
2025-10-06,EGX:MASR,3.9936,4.0128,3.9648,3.984,1420146.875
2025-10-07,EGX:MASR,3.984,3.9936,3.9648,3.9648,1470826.04166667
2025-10-08,EGX:MASR,3.9648,3.984,3.9456,3.9552,1768000.0
2025-10-12,EGX:MASR,3.9552,3.9744,3.936,3.9648,1662510.41666667
2025-10-13,EGX:MASR,3.9648,4.0032,3.9552,3.9744,2167727.08333333
2025-10-14,EGX:MASR,3.9744,4.0128,3.9552,3.9552,4428414.58333333
2025-10-15,EGX:MASR,3.9552,3.9936,3.9552,3.9936,2632172.91666667
2025-10-16,EGX:MASR,3.9936,4.0512,3.9936,4.0512,4234336.45833333
2025-10-19,EGX:MASR,4.0512,4.1472,4.0512,4.1376,6606917.70833333
2025-10-20,EGX:MASR,4.1376,4.1664,4.0512,4.08,4402758.33333333
2025-10-21,EGX:MASR,4.08,4.0896,4.0512,4.0512,1927177.08333333
2025-10-22,EGX:MASR,4.0512,4.0896,4.0512,4.0608,2356744.79166667
2025-10-23,EGX:MASR,4.0608,4.128,4.0512,4.0896,3112614.58333333
2025-10-26,EGX:MASR,4.0896,4.1568,4.0896,4.128,5218429.16666667
2025-10-27,EGX:MASR,4.128,4.1952,4.128,4.1472,5366608.33333333
2025-10-28,EGX:MASR,4.1472,4.176,4.0992,4.1568,1765041.66666667
2025-10-29,EGX:MASR,4.1568,4.1856,4.1088,4.176,1725383.33333333
2025-10-30,EGX:MASR,4.176,4.176,4.1184,4.128,1281102.08333333
2025-11-02,EGX:MASR,4.128,4.1472,4.0704,4.0896,1646560.41666667
2025-11-03,EGX:MASR,4.0896,4.1664,4.0704,4.0992,3656272.91666667
2025-11-04,EGX:MASR,4.0992,4.1664,4.0992,4.1376,2775651.04166667
2025-11-05,EGX:MASR,4.1376,4.176,4.0896,4.1184,5571902.08333333
2025-11-06,EGX:MASR,4.1184,4.1568,4.0992,4.128,5427778.125
2025-11-09,EGX:MASR,4.128,4.1472,4.1184,4.1184,2879007.29166667
2025-11-10,EGX:MASR,4.1184,4.1376,4.08,4.0992,2758379.16666667
2025-11-11,EGX:MASR,4.0992,4.1856,4.0896,4.1376,5015393.75
2025-11-12,EGX:MASR,4.1376,4.1856,4.1376,4.1664,3921579.16666667
2025-11-13,EGX:MASR,4.1664,4.2528,4.1664,4.2336,8068002.08333333
2025-11-16,EGX:MASR,4.2336,4.3008,4.2144,4.2336,8076409.375
2025-11-17,EGX:MASR,4.2336,4.3296,4.2336,4.272,8251264.58333333
2025-11-18,EGX:MASR,4.272,4.3008,4.1568,4.1568,5099356.25
2025-11-19,EGX:MASR,4.1568,4.2144,4.1568,4.1856,2433997.91666667
2025-11-20,EGX:MASR,4.1856,4.272,4.1856,4.1952,4108177.08333333
2025-11-23,EGX:MASR,4.1952,4.3008,4.176,4.2912,9867660.41666667
2025-11-24,EGX:MASR,4.2912,4.32,4.176,4.176,5780301.04166667
2025-11-25,EGX:MASR,4.176,4.2432,4.1184,4.128,3482012.5
2025-11-26,EGX:MASR,4.128,4.1856,4.1088,4.1088,2419888.54166667
2025-11-27,EGX:MASR,4.1088,4.1472,4.1088,4.1184,4085739.58333333
2025-11-30,EGX:MASR,4.1184,4.2048,4.1184,4.1472,2224634.375
2025-12-01,EGX:MASR,4.1472,4.1952,4.0512,4.0896,5227868.75
2025-12-02,EGX:MASR,4.0896,4.1184,4.032,4.0512,5775352.08333333
2025-12-03,EGX:MASR,4.0512,4.1376,4.0512,4.0608,5960823.95833333
2025-12-04,EGX:MASR,4.0608,4.1088,4.0608,4.0992,4093415.625
2025-12-07,EGX:MASR,4.0992,4.176,4.0992,4.1664,3132143.75
2025-12-08,EGX:MASR,4.1664,4.224,4.1568,4.2048,5097581.25
2025-12-09,EGX:MASR,4.2048,4.2336,4.176,4.1856,2356870.83333333
2025-12-10,EGX:MASR,4.1856,4.2432,4.176,4.176,3126250.0
2025-12-11,EGX:MASR,4.176,4.3392,4.176,4.2624,45240489.58333334
2025-12-14,EGX:MASR,4.2624,4.3872,4.2624,4.2912,22917768.75
2025-12-15,EGX:MASR,4.2912,4.3584,4.2624,4.3008,9166246.875
2025-12-16,EGX:MASR,4.3008,4.32,4.2048,4.2144,6408279.16666667
2025-12-17,EGX:MASR,4.2144,4.2336,4.1376,4.1568,7100337.5
2025-12-18,EGX:MASR,4.1568,4.1568,4.08,4.1088,7564978.125
2025-12-21,EGX:MASR,4.1088,4.1376,4.0416,4.0704,5529908.33333333
2025-12-22,EGX:MASR,4.0704,4.128,4.0608,4.0704,2766717.70833333
2025-12-23,EGX:MASR,4.0704,4.1088,4.0128,4.0416,5278221.875
2025-12-24,EGX:MASR,4.0416,4.0992,4.0416,4.0992,3409783.33333333
2025-12-25,EGX:MASR,4.0992,4.1184,4.0512,4.0704,5390604.16666667
2025-12-28,EGX:MASR,4.0704,4.1184,4.0704,4.1088,2886096.875
2025-12-29,EGX:MASR,4.1088,4.128,4.08,4.0992,2505153.125
2025-12-30,EGX:MASR,4.0992,4.128,4.0512,4.0608,8645334.375
2025-12-31,EGX:MASR,4.0608,4.08,4.0512,4.0608,5168298.95833333
2026-01-04,EGX:MASR,4.0608,4.0704,3.984,4.0224,4369683.33333333
2026-01-05,EGX:MASR,4.0224,4.0416,3.9744,3.984,3745028.125
2026-01-06,EGX:MASR,3.984,4.0128,3.984,3.9936,3517181.25
2026-01-08,EGX:MASR,3.9936,4.032,3.984,3.9936,2109573.95833333
2026-01-11,EGX:MASR,3.9936,4.1568,3.9936,4.1568,9132007.29166667
2026-01-12,EGX:MASR,4.1568,4.176,4.1088,4.1472,9173384.375
2026-01-13,EGX:MASR,4.1472,4.1856,4.08,4.1664,6775464.58333333
2026-01-14,EGX:MASR,4.1664,4.176,4.0992,4.1376,9436453.125
2026-01-15,EGX:MASR,4.1376,4.1568,4.1184,4.1376,6919614.58333333
2026-01-18,EGX:MASR,4.1376,4.1856,4.1088,4.1472,3216694.79166667
2026-01-19,EGX:MASR,4.1472,4.3488,4.1472,4.3488,21909109.375
2026-01-20,EGX:MASR,4.3488,4.6272,4.3296,4.56,25861707.29166667
2026-01-21,EGX:MASR,4.56,4.7136,4.4352,4.656,16671889.58333333
2026-01-22,EGX:MASR,4.656,4.7616,4.608,4.656,11884770.83333333
2026-01-25,EGX:MASR,4.656,4.6752,4.56,4.5792,4892128.125
2026-01-26,EGX:MASR,4.5792,4.7424,4.5792,4.6656,10278172.91666667
2026-01-27,EGX:MASR,4.6656,4.7328,4.5408,4.5408,7079768.75
2026-01-28,EGX:MASR,4.5408,4.7136,4.464,4.6272,10043491.66666667
2026-02-01,EGX:MASR,4.6272,4.6944,4.4928,4.5024,5053002.08333333
2026-02-02,EGX:MASR,4.5024,4.896,4.5024,4.848,18196871.875
2026-02-03,EGX:MASR,4.848,4.9824,4.848,4.9728,18463281.25
2026-02-04,EGX:MASR,4.9728,5.0208,4.8288,4.8384,5461975.0
2026-02-05,EGX:MASR,4.8384,4.992,4.7616,4.9632,10066053.125
2026-02-08,EGX:MASR,4.9632,5.2032,4.9152,5.1072,12087895.83333333
2026-02-09,EGX:MASR,5.1072,5.1648,4.9824,5.0592,15705392.70833333
2026-02-10,EGX:MASR,5.0592,5.28,5.04,5.2128,22884098.95833334
2026-02-11,EGX:MASR,5.2128,5.2896,5.1168,5.2608,18019623.95833334
2026-02-12,EGX:MASR,5.2608,5.4048,5.1648,5.3952,14212619.79166667
2026-02-15,EGX:MASR,5.3952,5.472,5.328,5.4144,8179509.375
2026-02-16,EGX:MASR,5.4144,5.4816,5.3568,5.376,14216223.95833333
2026-02-17,EGX:MASR,5.376,5.5776,5.3088,5.568,11642787.5
2026-02-18,EGX:MASR,5.568,5.6256,5.5296,5.5584,6845977.08333333
2026-02-19,EGX:MASR,5.5584,5.5872,5.2224,5.3088,7754212.5
2026-02-22,EGX:MASR,5.3088,5.328,5.04,5.1168,7796505.20833333
2026-02-23,EGX:MASR,5.1168,5.4336,5.04,5.4144,5454263.54166667
2026-02-24,EGX:MASR,5.4144,5.52,5.328,5.376,5325890.625
2026-02-25,EGX:MASR,5.376,5.4048,5.0016,5.1168,7140932.29166667
2026-02-26,EGX:MASR,4.912128,5.16096,4.801536,5.16096,5449856.25
2026-03-01,EGX:MASR,5.376,5.376,4.9152,5.232,4869214.0
2026-03-02,EGX:MASR,5.232,5.3952,5.1456,5.2032,4033669.79166667
2026-03-03,EGX:MASR,5.2032,5.232,5.0592,5.0784,4491317.70833333
2026-03-04,EGX:MASR,5.29,5.37,5.2,5.3,2978040.0
2026-03-05,EGX:MASR,5.3,5.42,5.29,5.32,1825989.0
2026-03-08,EGX:MASR,5.32,5.54,5.31,5.42,2960067.0
2026-03-09,EGX:MASR,5.42,5.7,5.42,5.5,7731525.0
2026-03-10,EGX:MASR,5.5,5.75,5.5,5.6,13020666.0
2026-03-11,EGX:MASR,5.6,5.75,5.6,5.68,5180196.0
2026-03-12,EGX:MASR,5.68,5.75,5.53,5.58,9866568.0
2026-03-15,EGX:MASR,5.58,5.7,5.42,5.42,5577787.0
2026-03-16,EGX:MASR,5.42,5.47,5.28,5.31,3738964.0
2026-03-17,EGX:MASR,5.31,5.44,5.31,5.41,1655590.0
2026-03-18,EGX:MASR,5.41,5.53,5.41,5.41,3146947.0
2026-03-24,EGX:MASR,5.41,5.59,5.33,5.37,7221942.0
2026-03-25,EGX:MASR,5.37,5.43,5.33,5.34,4504685.0
2026-03-26,EGX:MASR,5.34,5.46,5.33,5.37,7023200.0
2026-03-29,EGX:MASR,5.37,5.42,5.18,5.18,5086792.0
2026-03-30,EGX:MASR,5.18,5.23,5.01,5.16,5401959.0
2026-03-31,EGX:MASR,5.16,5.2,5.08,5.17,5544444.0
2026-04-01,EGX:MASR,5.17,5.32,5.17,5.25,5212944.0
2026-04-02,EGX:MASR,5.25,5.67,5.25,5.66,29035622.0
2026-04-05,EGX:MASR,5.66,5.96,5.6,5.95,27434187.0
2026-04-06,EGX:MASR,5.95,6.0,5.81,5.91,22780526.0
2026-04-07,EGX:MASR,5.91,5.95,5.83,5.85,5786180.0
2026-04-08,EGX:MASR,5.85,6.04,5.85,6.04,15790940.0
2026-04-09,EGX:MASR,6.04,6.16,5.97,6.1,19341659.0
2026-04-14,EGX:MASR,6.1,6.17,6.03,6.07,9031341.0
2026-04-15,EGX:MASR,6.07,6.16,6.04,6.12,6445826.0
2026-04-16,EGX:MASR,6.12,6.14,6.06,6.06,4618680.0
2026-04-19,EGX:MASR,6.06,6.14,6.06,6.07,5112121.0
2026-04-20,EGX:MASR,6.07,6.1,5.94,5.97,4949416.0
2026-04-21,EGX:MASR,5.97,6.04,5.91,6.04,4199150.0
2026-04-22,EGX:MASR,6.04,6.25,6.02,6.15,18105551.0
2026-04-23,EGX:MASR,6.15,6.21,6.06,6.09,4744656.0
2026-04-26,EGX:MASR,6.09,6.17,6.05,6.07,3959106.0
2026-04-27,EGX:MASR,6.07,6.15,6.02,6.15,5320059.0
2026-04-28,EGX:MASR,6.15,6.19,6.09,6.13,5701330.0
2026-04-29,EGX:MASR,6.13,6.25,6.1,6.19,9788530.0
2026-04-30,EGX:MASR,6.19,6.23,6.08,6.11,9989093.0
2026-05-03,EGX:MASR,6.11,6.41,6.11,6.39,19458530.0
2026-05-04,EGX:MASR,6.39,6.56,6.31,6.4,17455735.0
2026-05-05,EGX:MASR,6.4,6.45,6.31,6.34,5505986.0
2026-05-06,EGX:MASR,6.34,6.57,6.34,6.55,10847406.0
2026-05-10,EGX:MASR,6.55,7.03,6.55,6.96,21658967.0
2026-05-11,EGX:MASR,6.96,7.31,6.9,7.29,24265014.0
2026-05-12,EGX:MASR,7.29,7.4,7.15,7.4,7875019.0
2026-05-13,EGX:MASR,7.4,7.48,7.28,7.37,10246346.0
2026-05-14,EGX:MASR,7.37,7.5,7.23,7.4,16596294.0
2026-05-17,EGX:MASR,7.4,7.43,7.12,7.15,9745562.0
2026-05-18,EGX:MASR,7.15,7.15,6.89,7.04,7621660.0
2026-05-19,EGX:MASR,7.04,7.2,7.04,7.05,10295172.0
2026-05-20,EGX:MASR,7.05,7.05,6.71,6.82,7619815.0
2026-05-21,EGX:MASR,6.82,6.91,6.63,6.75,4794287.0
2026-05-24,EGX:MASR,6.75,7.02,6.75,6.9,4979418.0
2026-05-25,EGX:MASR,6.9,7.0,6.88,6.9,3929707.0
2026-06-01,EGX:MASR,6.9,7.13,6.9,7.13,3535331.0
2026-06-02,EGX:MASR,7.13,7.2,7.03,7.14,4446933.0
2026-06-03,EGX:MASR,7.14,7.16,6.97,7.01,3937080.0
2026-06-04,EGX:MASR,7.01,7.06,6.93,6.95,3338507.0
2026-06-07,EGX:MASR,6.95,6.98,6.74,6.78,3745609.0
2026-06-08,EGX:MASR,6.78,6.94,6.7,6.9,3080671.0
2026-06-09,EGX:MASR,6.9,6.99,6.86,6.95,3980778.0
2026-06-10,EGX:MASR,6.95,7.33,6.85,6.85,29048965.0
