date,symbol,open,high,low,close,volume
2016-09-07,EGX:MFPC,3.83393263,3.99451185,2.87684727,3.17084342,2183533.39131366
2016-09-08,EGX:MFPC,3.05660031,3.05660031,2.85447817,2.88403739,998019.32067335
2016-09-14,EGX:MFPC,2.79615829,2.79615829,2.59563396,2.60442156,648827.71643886
2016-09-15,EGX:MFPC,2.38871808,2.75621317,2.35756089,2.57406351,962458.02922157
2016-09-18,EGX:MFPC,2.5964327,2.64037225,2.45662479,2.56287896,403703.89718503
2016-09-19,EGX:MFPC,2.55568868,2.55648758,2.36874553,2.454228,709561.044888
2016-09-20,EGX:MFPC,2.454228,2.51654246,2.42946211,2.47340166,360557.19826413
2016-09-21,EGX:MFPC,2.46860832,2.47659735,2.35756089,2.42546767,465438.59955749
2016-09-22,EGX:MFPC,2.37673455,2.47659735,2.37673455,2.44544023,287481.93621011
2016-09-25,EGX:MFPC,2.44544023,2.47340166,2.36794654,2.3991039,163499.32732949
2016-09-26,EGX:MFPC,2.3991039,2.41428288,2.30004,2.33039821,423318.30890799
2016-09-27,EGX:MFPC,2.33039821,2.33039821,2.1562375,2.1993783,510162.46240761
2016-09-28,EGX:MFPC,2.1993783,2.26888273,2.11709128,2.17541115,440980.04148049
2016-09-29,EGX:MFPC,2.17541115,2.24891017,2.1586342,2.21855188,271172.0584341
2016-10-03,EGX:MFPC,2.21855188,2.30882785,2.20497054,2.24891017,443383.33889645
2016-10-04,EGX:MFPC,2.24891017,2.24891017,2.17141664,2.19458473,261596.42029238
2016-10-05,EGX:MFPC,2.19458473,2.21295964,2.17061774,2.18260127,301125.6559153
2016-10-09,EGX:MFPC,2.18260127,2.20497054,2.1570364,2.17381327,187469.71561888
2016-10-10,EGX:MFPC,2.17381327,2.20097595,2.03879885,2.09711872,158605.11227929
2016-10-11,EGX:MFPC,2.09711872,2.09711872,1.95091959,1.98607137,250193.27474062
2016-10-12,EGX:MFPC,1.98607137,1.98607137,1.87742057,1.90937666,315270.06258215
2016-10-13,EGX:MFPC,1.90937666,1.97568556,1.88860512,1.93334381,509010.8823958
2016-10-16,EGX:MFPC,1.93334381,2.03320661,1.88780622,1.9565119,818235.14991592
2016-10-17,EGX:MFPC,1.9565119,2.02521751,1.89739313,1.93174593,311001.70623401
2016-10-18,EGX:MFPC,1.93174593,1.94532727,1.89499634,1.92136012,208686.32561915
2016-10-19,EGX:MFPC,1.92136012,1.96130524,1.91736569,1.94053394,276704.64936042
2016-10-20,EGX:MFPC,1.94053394,2.01243515,1.94053394,1.98527239,397708.17081917
2016-10-23,EGX:MFPC,1.98527239,2.11229794,1.97888117,2.03480425,419312.81321473
2016-10-24,EGX:MFPC,2.03480425,2.09711872,2.03480425,2.06676051,348715.95162092
2016-10-25,EGX:MFPC,2.06676051,2.12907481,2.05317917,2.08114059,222467.73423879
2016-10-26,EGX:MFPC,2.08114059,2.08513518,2.06995604,2.07634726,96244.55120475
2016-10-27,EGX:MFPC,2.07634726,2.13306941,2.07634726,2.10111315,156689.98465094
2016-10-30,EGX:MFPC,2.10111315,2.11709128,2.0907275,2.10830327,146726.31411394
2016-10-31,EGX:MFPC,2.10830327,2.14585184,2.09392303,2.11389559,135022.75638518
2016-11-01,EGX:MFPC,2.11389559,2.11389559,2.07634726,2.08034185,248353.25015652
2016-11-02,EGX:MFPC,2.08034185,2.08753181,2.07874397,2.08513518,90411.54810143
2016-11-03,EGX:MFPC,2.08513518,2.23692663,2.07794506,2.14025953,536986.76637845
2016-11-06,EGX:MFPC,2.14025953,2.19698152,2.08114059,2.14105827,435159.55555121
2016-11-07,EGX:MFPC,2.14105827,2.26009488,2.14105827,2.21216074,483788.77670226
2016-11-08,EGX:MFPC,2.21216074,2.25210586,2.1570364,2.20576952,288333.10404493
2016-11-09,EGX:MFPC,2.20576952,2.23692663,2.11309685,2.20017721,523630.94167622
2016-11-10,EGX:MFPC,2.20017721,2.31681687,2.20017721,2.29684431,376992.24778056
2016-11-13,EGX:MFPC,2.29684431,2.39670711,2.29684431,2.34557744,503741.15212434
2016-11-14,EGX:MFPC,2.34557744,2.43665223,2.33758833,2.39111479,436962.02861318
2016-11-15,EGX:MFPC,2.39111479,2.43665223,2.37673455,2.41987536,456914.40403526
2016-11-16,EGX:MFPC,2.41987536,2.77299004,2.41987536,2.64756237,1416693.75801196
2016-11-17,EGX:MFPC,2.64756237,2.79056598,2.617204,2.66833407,729801.31531304
2016-11-20,EGX:MFPC,2.66833407,2.69230106,2.52612937,2.62279664,327574.4446649
2016-11-21,EGX:MFPC,2.62279664,2.79615829,2.62279664,2.70907793,504279.39060813
2016-11-22,EGX:MFPC,2.70907793,2.78816943,2.64756237,2.70268688,385478.89178067
2016-11-23,EGX:MFPC,2.70268688,2.7721913,2.65635038,2.74822431,298509.56654064
2016-11-24,EGX:MFPC,2.74822431,2.74822431,2.60601945,2.64836151,176880.18637981
2016-11-27,EGX:MFPC,2.64836151,2.64836151,2.57246571,2.59882933,218950.40833314
2016-11-28,EGX:MFPC,2.59882933,2.63637782,2.59723144,2.61480746,200737.92010283
2016-11-29,EGX:MFPC,2.61480746,2.61480746,2.54849856,2.57486234,276717.16653446
2016-11-30,EGX:MFPC,2.57486234,2.63557908,2.57486234,2.6084164,220427.43487004
2016-12-01,EGX:MFPC,2.6084164,2.71626806,2.6084164,2.66114387,369732.28683652
2016-12-04,EGX:MFPC,2.66114387,2.74263199,2.64436668,2.70668131,252834.39846336
2016-12-05,EGX:MFPC,2.70668131,2.74422948,2.62838896,2.67073062,163411.7071112
2016-12-06,EGX:MFPC,2.67073062,2.67073062,2.60442156,2.62838896,50156.31638411
2016-12-07,EGX:MFPC,2.62838896,2.63637782,2.56607433,2.60761725,283526.50921301
2016-12-08,EGX:MFPC,2.60761725,2.60761725,2.48618425,2.53651502,137426.05380114
2016-12-12,EGX:MFPC,2.53651502,2.55888421,2.50056434,2.54690067,102866.13627268
2016-12-13,EGX:MFPC,2.54690067,2.55249315,2.50056434,2.51734137,262147.17595021
2016-12-14,EGX:MFPC,2.51734137,2.51734137,2.44464125,2.46621169,225997.57731848
2016-12-15,EGX:MFPC,2.46621169,2.51494466,2.46541279,2.49017869,36424.97646064
2016-12-18,EGX:MFPC,2.49017869,2.63637782,2.49017869,2.5964327,272749.22236332
2016-12-19,EGX:MFPC,2.5964327,2.5964327,2.56048201,2.58924258,81874.83540516
2016-12-20,EGX:MFPC,2.58924258,2.62758981,2.57805795,2.59882933,358241.52106646
2016-12-21,EGX:MFPC,2.59882933,2.63238339,2.58045457,2.60202502,198747.68943023
2016-12-22,EGX:MFPC,2.60202502,2.61640526,2.57086782,2.59962839,272911.94562586
2016-12-25,EGX:MFPC,2.59962839,2.60442156,2.5964327,2.59803051,121153.72754725
2016-12-26,EGX:MFPC,2.59803051,2.59803051,2.55648758,2.58205246,266503.15251663
2016-12-27,EGX:MFPC,2.58205246,2.70268688,2.55968327,2.64037225,290536.12667623
2016-12-28,EGX:MFPC,2.64037225,2.67632294,2.6084164,2.63478001,486855.48434242
2016-12-29,EGX:MFPC,2.63478001,2.63637782,2.61400863,2.63318213,207960.32952475
2017-01-02,EGX:MFPC,2.63318213,2.63318213,2.58205246,2.59563396,66904.29525158
2017-01-03,EGX:MFPC,2.59563396,2.63637782,2.56287896,2.61880189,122230.20451482
2017-01-04,EGX:MFPC,2.61880189,2.63637782,2.5964327,2.61081294,38527.8616996
2017-01-05,EGX:MFPC,2.61081294,2.64436668,2.58844384,2.63637782,96494.89468558
2017-01-08,EGX:MFPC,2.63637782,2.66034481,2.63637782,2.64436668,133095.1115828
2017-01-09,EGX:MFPC,2.64436668,2.66034481,2.5964327,2.63557908,45111.89524541
2017-01-10,EGX:MFPC,2.63557908,2.65235595,2.617204,2.63637782,175791.1922382
2017-01-11,EGX:MFPC,2.63637782,2.63717656,2.60522071,2.63238339,366840.81963294
2017-01-12,EGX:MFPC,2.63238339,2.63637782,2.57406351,2.62279664,653922.20627373
2017-01-15,EGX:MFPC,2.62279664,2.63557908,2.58604689,2.60921514,163161.36363038
2017-01-16,EGX:MFPC,2.60921514,2.6843118,2.60921514,2.65475257,405168.40654788
2017-01-17,EGX:MFPC,2.65475257,2.67632294,2.63637782,2.63717656,56715.31558184
2017-01-18,EGX:MFPC,2.63717656,2.63717656,2.53651502,2.58444901,224132.51838631
2017-01-19,EGX:MFPC,2.58444901,2.58444901,2.43665223,2.47340166,55839.11339893
2017-01-22,EGX:MFPC,2.47340166,2.62838896,2.47340166,2.53331933,82588.31432552
2017-01-23,EGX:MFPC,2.53331933,2.62998644,2.53331933,2.60681851,78507.71558801
2017-01-24,EGX:MFPC,2.60681851,2.67632294,2.55648758,2.63557908,338602.07499542
2017-01-26,EGX:MFPC,2.63557908,2.67632294,2.61480746,2.63797562,673048.44820908
2017-01-29,EGX:MFPC,2.63797562,2.67552419,2.62439412,2.63877445,502877.46711548
2017-01-30,EGX:MFPC,2.63877445,2.75621317,2.60442156,2.70588225,230128.24475216
2017-01-31,EGX:MFPC,2.70588225,2.86726052,2.70588225,2.79376167,965637.3914281
2017-02-01,EGX:MFPC,2.79376167,3.16525111,2.79376167,3.1237081,1196053.53118322
2017-02-02,EGX:MFPC,3.1237081,3.43607893,3.1237081,3.43607893,351607.41882449
2017-02-05,EGX:MFPC,3.43607893,3.77960719,3.43607893,3.77960719,112842.32398372
2017-02-06,EGX:MFPC,3.77960719,4.57291732,3.77960719,4.34123548,1762931.30917267
2017-02-07,EGX:MFPC,4.34123548,4.75986048,3.89544779,4.36680035,3000692.06426202
2017-02-08,EGX:MFPC,4.36680035,4.75986048,4.35961023,4.52897745,1306392.42035865
2017-02-09,EGX:MFPC,4.52897745,4.58889513,4.15429232,4.35481666,921652.04184643
2017-02-12,EGX:MFPC,4.35481666,4.63043805,4.27412768,4.4107399,892374.37176346
2017-02-13,EGX:MFPC,4.4107399,4.55374351,4.31407279,4.42352234,643320.15986062
2017-02-14,EGX:MFPC,4.42352234,4.63523155,4.39396303,4.4914292,826471.4504352
2017-02-15,EGX:MFPC,4.4914292,4.57291732,4.36200678,4.47225546,423330.82608203
2017-02-16,EGX:MFPC,4.47225546,4.54575464,4.39396303,4.42991372,300950.41547872
2017-02-19,EGX:MFPC,4.42991372,4.45787514,4.30448605,4.34123548,285616.87727794
2017-02-20,EGX:MFPC,4.34123548,4.36200678,4.19423744,4.2485628,363260.90785709
2017-02-21,EGX:MFPC,4.2485628,4.34922442,4.23418256,4.28371442,318562.07935505
2017-02-22,EGX:MFPC,4.28371442,4.71192617,4.2765243,4.52338514,1983621.60469757
2017-02-23,EGX:MFPC,4.52338514,4.97556388,4.52338514,4.89807051,3490163.6379791
2017-02-26,EGX:MFPC,4.89807051,5.38779774,4.89807051,5.2807445,2145981.8691893
2017-02-27,EGX:MFPC,5.2807445,5.31030413,4.79421296,5.06024761,1354082.8534566
2017-02-28,EGX:MFPC,5.06024761,5.18487654,4.79341422,4.95639038,678906.48566048
2017-03-01,EGX:MFPC,4.95639038,5.03308493,4.79740865,4.90286376,789883.75071202
2017-03-02,EGX:MFPC,4.90286376,5.03308493,4.80939234,4.95239595,430841.13050691
2017-03-05,EGX:MFPC,4.95239595,5.04506862,4.89807051,4.9619827,426547.73981069
2017-03-06,EGX:MFPC,4.9619827,4.9619827,4.85732633,4.88608689,373875.47144424
2017-03-07,EGX:MFPC,4.88608689,5.374216,4.88608689,5.31989056,2537481.52168391
2017-03-08,EGX:MFPC,5.31989056,5.85116079,5.25677783,5.65942407,2123150.54373768
2017-03-09,EGX:MFPC,5.65942407,5.99256683,5.60110459,5.82959067,1550389.69394875
2017-03-12,EGX:MFPC,5.82959067,6.35127384,5.76487982,6.12278768,1429035.69161684
2017-03-13,EGX:MFPC,6.12278768,6.39121896,6.07165801,6.30174165,2034153.43630293
2017-03-14,EGX:MFPC,6.30174165,6.30174165,6.03410952,6.15714056,669756.43143617
2017-03-15,EGX:MFPC,6.15714056,6.37444209,6.15714056,6.30493734,662471.43614405
2017-03-16,EGX:MFPC,6.30493734,6.87056038,6.30493734,6.62609641,1741226.52938478
2017-03-19,EGX:MFPC,6.62609641,7.1341984,6.62609641,6.95764042,1137473.15666921
2017-03-20,EGX:MFPC,6.95764042,6.95764042,6.51105431,6.61331373,765174.84915419
2017-03-21,EGX:MFPC,6.61331373,6.69719872,5.95342022,6.22105299,1448499.8972513
2017-03-22,EGX:MFPC,6.22105299,6.35127384,6.00055578,6.16832511,726509.29854013
2017-03-23,EGX:MFPC,6.16832511,6.47110919,6.16832511,6.37524115,975888.95696806
2017-03-26,EGX:MFPC,6.37524115,6.39121896,6.08124508,6.18829767,974674.79108603
2017-03-27,EGX:MFPC,6.18829767,6.18829767,5.75848844,5.96380635,848288.88478946
2017-03-28,EGX:MFPC,5.96380635,5.96380635,5.79284124,5.8751281,326610.6222637
2017-03-29,EGX:MFPC,5.8751281,6.11160313,5.82799255,5.9749909,359643.44455911
2017-03-30,EGX:MFPC,5.9749909,6.0556802,5.89669823,5.9470294,271760.36561405
2017-04-02,EGX:MFPC,5.9470294,5.97978408,5.87193242,5.91507322,128914.37545295
2017-04-03,EGX:MFPC,5.91507322,6.07165801,5.8319873,5.97898501,619662.70092227
2017-04-04,EGX:MFPC,5.97898501,6.38323009,5.91187753,6.25300861,1104202.50806702
2017-04-05,EGX:MFPC,6.25300861,6.67003572,6.25300861,6.47031013,1318358.83874228
2017-04-06,EGX:MFPC,6.47031013,6.54940186,6.23463417,6.41838132,1150904.08441569
2017-04-09,EGX:MFPC,6.41838132,6.41838132,5.91746985,6.09642382,642068.44245647
2017-04-10,EGX:MFPC,6.09642382,6.15154824,5.99336534,6.09163057,298497.0493666
2017-04-11,EGX:MFPC,6.09163057,6.15154824,6.01573508,6.08843488,193978.64612044
2017-04-12,EGX:MFPC,6.08843488,6.11160313,5.87193242,5.96700196,898870.78509098
2017-04-13,EGX:MFPC,5.96700196,6.06127252,5.8319873,5.91667079,193665.7167694
2017-04-18,EGX:MFPC,5.91667079,6.06366914,5.81600949,5.88231791,478756.8727376
2017-04-19,EGX:MFPC,5.88231791,5.95182265,5.75209706,5.81760705,255062.45544274
2017-04-20,EGX:MFPC,5.81760705,5.81760705,5.44531887,5.54598009,944370.71273167
2017-04-23,EGX:MFPC,5.54598009,5.67300588,5.37741169,5.54038777,328488.19836992
2017-04-24,EGX:MFPC,5.54038777,5.54837672,5.4085688,5.44052498,182838.36122354
2017-04-26,EGX:MFPC,5.44052498,5.56834928,5.43253611,5.47887261,178131.90378396
2017-04-27,EGX:MFPC,5.47887261,5.59231659,5.27275564,5.40217806,234121.22327139
2017-04-30,EGX:MFPC,5.40217806,5.40217806,4.95319469,5.25917446,1190208.01090586
2017-05-02,EGX:MFPC,5.25917446,5.33666807,5.11457273,5.18487654,540065.99119265
2017-05-03,EGX:MFPC,5.18487654,5.18487654,5.03308493,5.09220386,216559.62809123
2017-05-04,EGX:MFPC,5.09220386,5.12895297,4.96917282,5.03388367,438238.78036541
2017-05-07,EGX:MFPC,5.03388367,5.42454725,5.03388367,5.26237015,493764.9644133
2017-05-08,EGX:MFPC,5.26237015,5.35264588,5.11856748,5.21843028,357327.76736144
2017-05-09,EGX:MFPC,5.21843028,5.33586901,5.15292028,5.25597877,368981.25639403
2017-05-10,EGX:MFPC,5.25597877,5.2807445,5.11776842,5.19446297,273237.39215094
2017-05-11,EGX:MFPC,5.19446297,5.25278308,5.15292028,5.1856756,347451.71704273
2017-05-14,EGX:MFPC,5.1856756,5.1928654,5.11617085,5.14732797,187907.81671033
2017-05-15,EGX:MFPC,5.14732797,5.51242635,5.12975203,5.40537375,1278954.77485978
2017-05-16,EGX:MFPC,5.40537375,5.57633878,5.22162597,5.45170961,858640.58772174
2017-05-17,EGX:MFPC,5.45170961,5.51242635,5.42454725,5.43892749,324520.25419878
2017-05-18,EGX:MFPC,5.43892749,5.44451981,5.39259099,5.41815587,337550.63237594
2017-05-21,EGX:MFPC,5.41815587,5.43253611,5.23360958,5.32148876,472147.80484371
2017-05-22,EGX:MFPC,5.32148876,5.32148876,4.95319469,5.06903561,439690.77255422
2017-05-23,EGX:MFPC,5.06903561,5.14732797,4.99393855,5.04027505,205406.82602029
2017-05-24,EGX:MFPC,5.04027505,5.27275564,5.04027505,5.17928422,513930.13179409
2017-05-25,EGX:MFPC,5.17928422,5.23281052,5.08980692,5.13694247,246037.57295885
2017-05-28,EGX:MFPC,5.13694247,5.26476677,5.11297516,5.18966971,24333.38633659
2017-05-29,EGX:MFPC,5.18966971,5.18966971,5.09380135,5.11377423,99836.98015465
2017-05-30,EGX:MFPC,5.11377423,5.11696992,5.02110123,5.06583992,150944.60176591
2017-05-31,EGX:MFPC,5.06583992,5.12096403,5.00911794,5.04666611,68243.63287402
2017-06-01,EGX:MFPC,5.04666611,5.11297516,5.01790586,5.05385623,240780.35986144
2017-06-04,EGX:MFPC,5.05385623,5.1049863,5.00911794,5.04906305,44335.83045484
2017-06-05,EGX:MFPC,5.04906305,5.07303005,4.941211,4.98674843,168506.19694608
2017-06-06,EGX:MFPC,4.98674843,4.98674843,4.59928094,4.85892421,169382.39912898
2017-06-07,EGX:MFPC,4.85892421,4.95239595,4.85892421,4.91245083,166866.44714665
2017-06-08,EGX:MFPC,4.91245083,4.91245083,4.79421296,4.84694052,100012.22059123
2017-06-11,EGX:MFPC,4.84694052,4.93721656,4.80859328,4.88688563,120114.80210181
2017-06-12,EGX:MFPC,4.88688563,5.36063474,4.88688563,5.22881577,1305528.73534979
2017-06-13,EGX:MFPC,5.22881577,5.35264588,5.15292028,5.23440808,607107.97535869
2017-06-14,EGX:MFPC,5.23440808,5.27115807,5.07382879,5.16250735,186893.92561298
2017-06-15,EGX:MFPC,5.16250735,5.31829307,5.15292028,5.23600621,214719.60350713
2017-06-18,EGX:MFPC,5.23600621,5.35264588,5.11776842,5.28154364,253047.19042207
2017-06-19,EGX:MFPC,5.28154364,5.5427844,5.28154364,5.43253611,737561.96321874
2017-06-20,EGX:MFPC,5.43253611,5.59311565,5.43253611,5.5443826,674713.23235659
2017-06-21,EGX:MFPC,5.5443826,5.89989384,5.5443826,5.76168413,1148638.47591419
2017-06-22,EGX:MFPC,5.76168413,6.03171289,5.76168413,5.92785534,844020.52844132
2017-06-28,EGX:MFPC,5.92785534,5.95182265,5.76967299,5.86474261,499610.48469066
2017-07-02,EGX:MFPC,5.86474261,6.03171289,5.79763449,5.91667079,313880.65626354
2017-07-03,EGX:MFPC,5.91667079,5.91667079,5.73611925,5.80881905,661970.74918239
2017-07-04,EGX:MFPC,5.80881905,5.91027997,5.69217938,5.78724892,702050.74046313
2017-07-05,EGX:MFPC,5.78724892,5.8136123,5.67220682,5.74011336,335585.43605143
2017-07-06,EGX:MFPC,5.74011336,6.23143848,5.72413564,6.02771814,848877.1919694
2017-07-09,EGX:MFPC,6.02771814,6.47110919,6.02771814,6.41039245,1860402.54343348
2017-07-10,EGX:MFPC,6.41039245,6.79067014,6.31292628,6.55978744,2751324.92300814
2017-07-11,EGX:MFPC,6.55978744,6.6300906,6.39121896,6.46312033,964698.60337499
2017-07-12,EGX:MFPC,6.46312033,7.01036829,6.46312033,6.79466489,3893880.05233818
2017-07-13,EGX:MFPC,6.79466489,6.98240687,6.73474721,6.872957,842355.74429381
2017-07-16,EGX:MFPC,6.872957,7.07028597,6.71956791,6.88094587,1421575.45588813
2017-07-17,EGX:MFPC,6.88094587,6.99039573,6.63088967,6.73874133,831090.2876565
2017-07-18,EGX:MFPC,6.73874133,6.78987108,6.39361558,6.53582012,1000472.68678547
2017-07-19,EGX:MFPC,6.53582012,6.59014549,6.39121896,6.4519357,809222.78460607
2017-07-20,EGX:MFPC,6.4519357,6.55099943,6.43116407,6.49188081,452358.15268417
2017-07-24,EGX:MFPC,6.49188081,6.79067014,6.49188081,6.72436108,641354.96353611
2017-07-25,EGX:MFPC,6.72436108,6.78987108,6.63168873,6.69959535,357402.87040569
2017-07-26,EGX:MFPC,6.69959535,6.74273616,6.5949393,6.66044929,296056.20042851
2017-07-27,EGX:MFPC,6.66044929,6.83061526,6.59094455,6.70838328,743107.0713191
2017-07-30,EGX:MFPC,6.70838328,6.78268128,6.55099943,6.6300906,479633.0749205
2017-07-31,EGX:MFPC,6.6300906,6.7107799,6.51584757,6.56857536,384702.8269901
2017-08-01,EGX:MFPC,6.56857536,6.67083478,6.53502162,6.58854792,964473.29424225
2017-08-02,EGX:MFPC,6.58854792,7.11023109,6.58854792,6.94405924,2053229.60954211
2017-08-03,EGX:MFPC,6.94405924,6.98560248,6.79067014,6.84100075,716545.62800313
2017-08-06,EGX:MFPC,6.84100075,7.05990048,6.83461001,6.97361886,1059365.99065052
2017-08-07,EGX:MFPC,6.97361886,6.98160773,6.83940326,6.90251663,665162.62856296
2017-08-08,EGX:MFPC,6.90251663,7.02235199,6.79945815,6.94246175,837136.08271852
2017-08-09,EGX:MFPC,6.94246175,7.58477925,6.94246175,7.30196782,3830317.84255566
2017-08-10,EGX:MFPC,7.30196782,7.5656052,7.30196782,7.44257479,3039983.47357815
2017-08-13,EGX:MFPC,7.44257479,7.52566008,7.25403375,7.38585217,2197164.59384481
2017-08-14,EGX:MFPC,7.38585217,7.66866368,7.31395143,7.46414484,2104512.47158995
2017-08-15,EGX:MFPC,7.46414484,7.50968227,7.03034085,7.1605617,2234453.25531431
2017-08-16,EGX:MFPC,7.1605617,7.27001156,7.03113991,7.10383971,1016281.87759983
2017-08-17,EGX:MFPC,7.10383971,7.14857864,6.87215794,6.96163517,1079743.94999001
2017-08-20,EGX:MFPC,6.96163517,7.10463877,6.67083478,6.83461001,1079781.50151214
2017-08-21,EGX:MFPC,6.83461001,6.83461001,6.63088967,6.70518759,240304.70724787
2017-08-22,EGX:MFPC,6.70518759,6.93846692,6.68681259,6.80744701,408623.14658332
2017-08-23,EGX:MFPC,6.80744701,6.93846692,6.67882365,6.76989852,733068.29773786
2017-08-24,EGX:MFPC,6.76989852,6.90651074,6.6948021,6.78507782,647863.89403767
2017-08-27,EGX:MFPC,6.78507782,7.01436304,6.73155152,6.88733725,1172646.4157257
2017-08-28,EGX:MFPC,6.88733725,7.07028597,6.7914692,6.94166261,1269654.51454698
2017-08-29,EGX:MFPC,6.94166261,6.94166261,6.7107799,6.77469233,401238.01389886
2017-08-30,EGX:MFPC,6.77469233,6.83061526,6.73155152,6.77469233,489233.7474103
2017-09-05,EGX:MFPC,6.77469233,6.77469233,6.67083478,6.71317653,308823.7179508
2017-09-06,EGX:MFPC,6.71317653,6.79067014,6.63328629,6.7179697,552483.02784177
2017-09-07,EGX:MFPC,6.7179697,6.86576712,6.67882365,6.77788738,443057.89237137
2017-09-10,EGX:MFPC,6.77788738,6.89053294,6.76350778,6.82102819,572097.43956473
2017-09-11,EGX:MFPC,6.82102819,7.19012132,6.79067014,7.04711772,2377011.35047245
2017-09-12,EGX:MFPC,7.04711772,7.42819447,7.04711772,7.3307283,1802222.7184888
2017-09-13,EGX:MFPC,7.3307283,7.3499018,7.0343356,7.23326213,978404.90895039
2017-09-14,EGX:MFPC,7.23326213,7.34191293,7.10064402,7.18452901,403541.17392249
2017-09-17,EGX:MFPC,7.18452901,7.34830423,7.11981816,7.24524575,885314.68560408
2017-09-18,EGX:MFPC,7.24524575,7.24524575,7.09025853,7.15576852,569431.2814939
2017-09-19,EGX:MFPC,7.15576852,7.54962739,7.15576852,7.41780834,2899365.54039643
2017-09-20,EGX:MFPC,7.41780834,7.74935298,7.41780834,7.61034413,2399066.61113349
2017-09-24,EGX:MFPC,7.61034413,7.61034413,7.39064598,7.45455785,835721.64205183
2017-09-25,EGX:MFPC,7.45455785,7.56161109,7.42979204,7.47053622,1220424.46904193
2017-09-26,EGX:MFPC,7.47053622,7.58877345,7.35070086,7.42819447,690171.94229779
2017-09-27,EGX:MFPC,7.42819447,7.44337322,7.30995668,7.33552156,370508.35162709
2017-09-28,EGX:MFPC,7.33552156,7.66946275,7.33552156,7.5735947,2162129.02370277
2017-10-01,EGX:MFPC,7.5735947,8.06891393,7.5735947,7.91951895,4015221.53749605
2017-10-02,EGX:MFPC,7.91951895,8.06891393,7.60315369,7.8076731,1413451.80993522
2017-10-03,EGX:MFPC,7.8076731,7.90753589,7.58957251,7.73097799,1207081.16151374
2017-10-04,EGX:MFPC,7.73097799,8.1248371,7.73097799,8.00500174,2523962.97371914
2017-10-08,EGX:MFPC,8.00500174,8.30059562,7.91712232,8.12244039,1865922.61718577
2017-10-09,EGX:MFPC,8.12244039,8.14880417,7.92591033,7.99861052,1249639.55325469
2017-10-10,EGX:MFPC,7.99861052,8.02896881,7.87797634,7.9514752,711976.859478
2017-10-11,EGX:MFPC,7.9514752,7.98902369,7.7892981,7.89395415,853608.68375707
2017-10-12,EGX:MFPC,7.89395415,7.98902369,7.74615729,7.82764566,803890.46846441
2017-10-15,EGX:MFPC,7.82764566,8.13202722,7.82764566,8.01618637,1211787.61895333
2017-10-16,EGX:MFPC,8.01618637,8.01618637,7.67825075,7.77491786,697231.62845717
2017-10-17,EGX:MFPC,7.77491786,7.77491786,7.58957251,7.63830563,929700.58475508
2017-10-18,EGX:MFPC,7.63830563,8.14880417,7.63830563,8.03296332,2190956.07552025
2017-10-19,EGX:MFPC,8.03296332,8.15679319,7.87318309,8.05453369,694189.95516509
2017-10-22,EGX:MFPC,8.05453369,8.05453369,7.82924322,7.84841672,431053.92246561
2017-10-23,EGX:MFPC,7.84841672,7.84841672,7.66946275,7.75734185,374676.57058289
2017-10-24,EGX:MFPC,7.75734185,7.90913346,7.61034413,7.71180449,417998.50994037
2017-10-25,EGX:MFPC,7.71180449,7.82924322,7.60714844,7.68863624,698020.21042178
2017-10-26,EGX:MFPC,7.68863624,7.71100543,7.58957251,7.627121,605055.15881589
2017-10-29,EGX:MFPC,7.627121,7.68144644,7.50968227,7.56880089,388357.84181021
2017-10-30,EGX:MFPC,7.56880089,7.66946275,7.44257479,7.51847028,906105.71168694
2017-10-31,EGX:MFPC,7.51847028,7.701419,7.3499018,7.45216122,1478941.66452012
2017-11-01,EGX:MFPC,7.45216122,7.54163853,7.3499018,7.40023241,510537.97762886
2017-11-02,EGX:MFPC,7.40023241,7.61593645,7.40023241,7.5120789,758215.30038714
2017-11-05,EGX:MFPC,7.5120789,7.5120789,7.32992924,7.37946143,1022878.42831968
2017-11-06,EGX:MFPC,7.37946143,7.40981948,7.16615401,7.23805531,659242.00524135
2017-11-07,EGX:MFPC,7.23805531,7.27001156,6.79067014,7.04711772,934119.14719172
2017-11-08,EGX:MFPC,7.04711772,7.19012132,6.95045061,7.01596061,506645.13650196
2017-11-09,EGX:MFPC,7.01596061,7.18612657,7.01596061,7.09025853,250643.89300611
2017-11-12,EGX:MFPC,7.09025853,7.17813763,6.75072502,6.91450025,752995.63881185
2017-11-13,EGX:MFPC,6.91450025,6.91450025,6.68281848,6.74593177,431842.50443022
2017-11-14,EGX:MFPC,6.74593177,7.02954179,6.47110919,6.65565548,1017345.83739336
2017-11-15,EGX:MFPC,6.65565548,6.87056038,6.63088967,6.77229515,301213.27613359
2017-11-16,EGX:MFPC,6.77229515,6.79546339,6.63088967,6.74593177,917208.44506171
2017-11-19,EGX:MFPC,6.74593177,6.79067014,6.63088967,6.67403047,218599.92745998
2017-11-20,EGX:MFPC,6.67403047,6.78268128,6.61091711,6.68761165,397745.7223413
2017-11-21,EGX:MFPC,6.68761165,6.85458257,6.68761165,6.79386583,435998.20621199
2017-11-22,EGX:MFPC,6.79386583,7.2963755,6.79386583,7.1341984,1124179.91783718
2017-11-23,EGX:MFPC,7.1341984,7.42180317,7.1341984,7.34191293,855874.29225858
2017-11-26,EGX:MFPC,7.34191293,7.42899297,7.11901909,7.34670611,359518.27281869
2017-11-27,EGX:MFPC,7.34670611,7.3499018,7.19012132,7.23965351,374651.53623481
2017-11-28,EGX:MFPC,7.23965351,7.66946275,7.23246307,7.52805727,1439099.49954617
2017-11-29,EGX:MFPC,7.52805727,7.54962739,7.34191293,7.39943399,538513.86161151
2017-12-03,EGX:MFPC,7.39943399,7.42979204,7.29397887,7.38105891,1182722.74082907
2017-12-04,EGX:MFPC,7.38105891,7.38984692,7.19012132,7.30116867,2483807.87939415
2017-12-05,EGX:MFPC,7.30116867,7.30116867,7.07028597,7.15177377,289071.61731338
2017-12-06,EGX:MFPC,7.15177377,7.19171889,7.07028597,7.16535551,759467.01779129
2017-12-07,EGX:MFPC,7.16535551,7.16535551,7.04552016,7.05830227,159518.86598431
2017-12-10,EGX:MFPC,7.05830227,7.14937714,7.03193842,7.09105759,282600.23833395
2017-12-11,EGX:MFPC,7.09105759,7.23006644,7.03753065,7.11662247,1043068.63004855
2017-12-12,EGX:MFPC,7.11662247,7.19012132,7.07428072,7.16455645,626947.69621439
2017-12-13,EGX:MFPC,7.16455645,7.49130728,7.16455645,7.3499018,1271970.19174465
2017-12-14,EGX:MFPC,7.3499018,7.73337518,7.27800043,7.61913214,2729845.452353
2017-12-17,EGX:MFPC,7.61913214,7.84522103,7.61913214,7.76612985,1286940.73189823
2017-12-18,EGX:MFPC,7.76612985,7.90993252,7.66946275,7.82604753,950015.95822437
2017-12-19,EGX:MFPC,7.82604753,7.86918834,7.67026181,7.76612985,787918.55438751
2017-12-20,EGX:MFPC,7.76612985,7.76612985,7.59756137,7.67665255,895015.49548621
2017-12-21,EGX:MFPC,7.67665255,7.74935298,7.54163853,7.66227294,284815.77813928
2017-12-24,EGX:MFPC,7.66227294,7.66227294,7.44017753,7.52166597,148190.82347679
2017-12-25,EGX:MFPC,7.52166597,7.59117007,7.42979204,7.54882833,144448.1884384
2017-12-26,EGX:MFPC,7.54882833,7.66946275,7.54882833,7.60235527,252446.36606808
2017-12-27,EGX:MFPC,7.60235527,7.66946275,7.47532947,7.64070218,207835.15778433
2017-12-28,EGX:MFPC,7.64070218,7.74935298,7.50968227,7.64309881,260682.66658736
2017-12-31,EGX:MFPC,7.64309881,7.66546799,7.47932422,7.52805727,135510.9261728
2018-01-02,EGX:MFPC,7.52805727,7.54962739,7.45216122,7.50089427,150105.95110514
2018-01-03,EGX:MFPC,7.50089427,7.54962739,7.31075574,7.43538435,214844.77524755
2018-01-04,EGX:MFPC,7.43538435,7.43538435,7.23805531,7.30196782,77080.75774728
2018-01-08,EGX:MFPC,7.30196782,7.58957251,7.30196782,7.4657424,1015505.81280926
2018-01-09,EGX:MFPC,7.4657424,7.58957251,7.44337322,7.57199658,211027.0371649
2018-01-10,EGX:MFPC,7.57199658,8.06891393,7.46973715,7.91792146,4299586.69736984
2018-01-11,EGX:MFPC,7.91792146,8.22949331,7.91792146,8.1599888,4105583.01690132
2018-01-14,EGX:MFPC,8.1599888,8.2286944,8.03056662,8.17516795,591373.88758858
2018-01-15,EGX:MFPC,8.17516795,8.17516795,7.98902369,8.02257759,705743.30680536
2018-01-16,EGX:MFPC,8.02257759,8.38847488,7.92511126,8.25905269,948689.13777597
2018-01-17,EGX:MFPC,8.25905269,8.54825535,8.14960307,8.41563756,4244623.78615381
2018-01-18,EGX:MFPC,8.41563756,8.58820047,8.40844744,8.47076182,503891.35821284
2018-01-21,EGX:MFPC,8.47076182,8.54825535,8.2286944,8.31976928,368543.15530258
2018-01-22,EGX:MFPC,8.31976928,8.34852976,8.06891393,8.21191746,220615.19248066
2018-01-23,EGX:MFPC,8.21191746,8.2286944,8.11045685,8.18475477,274301.35194446
2018-01-24,EGX:MFPC,8.18475477,8.2286944,8.06891393,8.16638002,255913.62327756
2018-01-28,EGX:MFPC,8.16638002,8.51629926,8.14880417,8.41643646,464887.84389967
2018-01-29,EGX:MFPC,8.41643646,8.90776142,8.38847488,8.70963363,2308717.64890226
2018-01-30,EGX:MFPC,8.70963363,9.10748701,8.70963363,8.97566812,908721.8010616
2018-01-31,EGX:MFPC,8.97566812,8.97566812,8.39087159,8.59299389,3332134.31570573
2018-02-01,EGX:MFPC,8.59299389,8.59299389,8.4300178,8.50671243,194429.26438593
2018-02-04,EGX:MFPC,8.50671243,8.50671243,8.15759209,8.31417696,257991.47416844
2018-02-05,EGX:MFPC,8.31417696,8.54825535,8.31417696,8.45797938,777241.40493015
2018-02-06,EGX:MFPC,8.45797938,8.45797938,7.92111715,8.2606505,1262857.68904247
2018-02-07,EGX:MFPC,8.2606505,8.50831023,8.2286944,8.33175281,468492.79002361
2018-02-08,EGX:MFPC,8.33175281,8.33175281,7.9898226,8.09527771,854985.57290163
2018-02-11,EGX:MFPC,8.09527771,8.14800527,7.99381711,8.03056662,473624.8313806
2018-02-12,EGX:MFPC,8.03056662,8.30858464,8.02976771,8.12004368,505418.4534459
2018-02-13,EGX:MFPC,8.12004368,8.30858464,8.06971283,8.20792294,1136922.40101138
2018-02-14,EGX:MFPC,8.20792294,8.41643646,8.12963051,8.37808915,872734.92569242
2018-02-15,EGX:MFPC,8.37808915,8.54825535,8.35332317,8.50511462,377993.62170388
2018-02-18,EGX:MFPC,8.50511462,8.78792606,8.47315853,8.69045997,1356473.63369852
2018-02-19,EGX:MFPC,8.69045997,8.98525495,8.69045997,8.91495154,2603071.51366114
2018-02-20,EGX:MFPC,8.91495154,9.26806639,8.91495154,9.15622006,2783018.4076811
2018-02-21,EGX:MFPC,9.15622006,9.15622006,8.71282924,8.88059874,1200659.85123048
2018-02-22,EGX:MFPC,8.88059874,9.06674299,8.80869753,8.94131532,314819.44431665
2018-02-25,EGX:MFPC,8.94131532,9.02759677,8.88778886,8.94690763,898032.1344302
2018-02-26,EGX:MFPC,8.94690763,9.10668811,8.82787118,8.90935922,259268.22592067
2018-02-27,EGX:MFPC,8.90935922,9.05875397,8.78872497,8.97327141,481836.0975518
2018-02-28,EGX:MFPC,8.97327141,8.97327141,8.82787118,8.83665911,51783.5490095
2018-03-01,EGX:MFPC,8.83665911,9.02759677,8.82867008,8.9013702,188771.50171919
2018-03-04,EGX:MFPC,8.9013702,9.1050903,8.78792606,8.8670174,116710.13076253
2018-03-05,EGX:MFPC,8.8670174,8.8678163,8.78792606,8.81668655,270583.75125415
2018-03-06,EGX:MFPC,8.81668655,9.02759677,8.7000468,8.91575044,542494.32295669
2018-03-07,EGX:MFPC,8.91575044,9.18737725,8.78872497,9.06754189,1312876.31651213
2018-03-08,EGX:MFPC,9.06754189,9.33117967,8.91974495,9.24330041,1209922.56002115
2018-03-11,EGX:MFPC,9.24330041,9.26566968,9.02759677,9.12506286,235085.04567258
2018-03-12,EGX:MFPC,9.12506286,9.3072126,9.10668811,9.23051798,816094.71315483
2018-03-13,EGX:MFPC,9.23051798,9.46699308,9.10748701,9.33437528,1011199.904939
2018-03-14,EGX:MFPC,9.33437528,9.33437528,9.01561324,9.10828591,580095.91377722
2018-03-15,EGX:MFPC,9.10828591,9.17938822,8.94770654,9.11228043,219651.37007947
2018-03-18,EGX:MFPC,9.11228043,9.18737725,8.79671399,8.99883629,204017.41970169
2018-03-19,EGX:MFPC,8.99883629,8.99883629,8.55145096,8.72321497,1073961.01558286
2018-03-20,EGX:MFPC,8.72321497,8.72321497,8.18874929,8.45957719,816845.74359732
2018-03-21,EGX:MFPC,8.45957719,8.66809071,8.23748233,8.4955278,565801.30102188
2018-03-22,EGX:MFPC,8.4955278,8.54026633,8.2286944,8.30299233,334208.54690687
2018-03-25,EGX:MFPC,8.30299233,8.70803583,8.20472733,8.50511462,944721.19360483
2018-03-26,EGX:MFPC,8.50511462,8.64811815,8.10885905,8.23348782,812427.18116068
2018-03-27,EGX:MFPC,8.23348782,8.23348782,7.99861052,8.12883161,905830.33385803
2018-03-28,EGX:MFPC,8.12883161,8.37649134,7.98902369,8.00819735,2089279.0707815
2018-03-29,EGX:MFPC,8.00819735,8.38847488,7.99861052,8.21191746,590359.99649122
2018-04-01,EGX:MFPC,8.21191746,8.35492098,8.14880417,8.24627026,815982.05858846
2018-04-02,EGX:MFPC,8.24627026,8.61216754,8.17357014,8.40285512,308848.75229888
2018-04-03,EGX:MFPC,8.40285512,8.54186413,8.2606505,8.38288256,331279.52818117
2018-04-04,EGX:MFPC,8.38288256,8.46037609,8.11125576,8.29740001,115984.13466813
2018-04-05,EGX:MFPC,8.29740001,8.29740001,8.06891393,8.16797782,1645970.83492931
2018-04-10,EGX:MFPC,8.16797782,8.30858464,8.06971283,8.19673831,197107.9396308
2018-04-11,EGX:MFPC,8.19673831,8.20472733,8.06891393,8.11045685,202452.77294651
2018-04-12,EGX:MFPC,8.11045685,8.21111855,7.99701272,8.03376223,87682.8041604
2018-04-15,EGX:MFPC,8.03376223,8.14880417,7.9906215,8.03536003,91513.05941708
2018-04-16,EGX:MFPC,8.03536003,8.2286944,8.03536003,8.17516795,53110.3694579
2018-04-17,EGX:MFPC,8.17516795,8.30858464,8.11045685,8.21830867,378193.89648854
2018-04-18,EGX:MFPC,8.21830867,8.30858464,8.14880417,8.21351526,884238.20863652
2018-04-19,EGX:MFPC,8.21351526,8.30858464,8.14880417,8.28222086,398722.06191653
2018-04-22,EGX:MFPC,8.28222086,8.62814559,8.28222086,8.46596841,676140.19019731
2018-04-23,EGX:MFPC,8.46596841,8.60977084,8.39326829,8.48913658,140242.41796047
2018-04-24,EGX:MFPC,8.48913658,8.48913658,8.22949331,8.33175281,280284.56113628
2018-04-26,EGX:MFPC,8.33175281,8.33175281,8.14880417,8.21990648,238201.8220089
2018-04-29,EGX:MFPC,8.21990648,8.40844744,8.15679319,8.38288256,354811.8153791
2018-04-30,EGX:MFPC,8.38288256,8.38847488,8.30858464,8.34932866,70271.41506873
2018-05-02,EGX:MFPC,8.34932866,8.54585865,8.22949331,8.31257915,125459.63541751
2018-05-03,EGX:MFPC,8.31257915,8.31257915,8.06891393,8.15679319,202602.979035
2018-05-06,EGX:MFPC,8.15679319,8.2278955,8.06891393,8.12164149,111891.01875657
2018-05-07,EGX:MFPC,8.12164149,8.18874929,7.90913346,7.98662707,143546.95190741
2018-05-08,EGX:MFPC,7.98662707,8.06891393,7.82924322,7.88995996,176830.11768365
2018-05-09,EGX:MFPC,7.88995996,8.2286944,7.75015205,7.97464345,159994.51859789
2018-05-10,EGX:MFPC,7.97464345,7.97464345,7.67026181,7.7741188,202039.70620314
2018-05-13,EGX:MFPC,7.7741188,7.7741188,7.63750649,7.74535823,68794.38853184
2018-05-14,EGX:MFPC,7.74535823,8.07770186,7.50968227,7.75973847,314331.27452904
2018-05-15,EGX:MFPC,7.75973847,8.70803583,7.75973847,8.26784062,730176.83053428
2018-05-16,EGX:MFPC,8.26784062,8.46037609,8.2286944,8.31018245,233708.15652802
2018-05-17,EGX:MFPC,8.31018245,8.37888805,8.2286944,8.31817147,85054.19761169
2018-05-20,EGX:MFPC,8.31817147,8.66729181,8.14880417,8.42442549,833005.41528484
2018-05-21,EGX:MFPC,8.42442549,8.91575044,8.42442549,8.73759521,1623089.44078152
2018-05-22,EGX:MFPC,8.73759521,9.18737725,8.70803583,8.90776142,1967887.51692746
2018-05-23,EGX:MFPC,8.90776142,9.08351994,8.8670174,8.94051642,673862.06452177
2018-05-24,EGX:MFPC,8.94051642,8.94770654,8.54825535,8.77194802,908796.90410585
2018-05-27,EGX:MFPC,8.77194802,8.77194802,8.51789706,8.72960619,459943.56015329
2018-05-28,EGX:MFPC,8.72960619,8.78792606,8.62814559,8.72401387,736009.8336376
2018-05-29,EGX:MFPC,8.72401387,8.78792606,8.45718048,8.77993704,726959.91680563
2018-05-30,EGX:MFPC,8.77993704,8.78393155,8.48434316,8.72161717,478907.0788261
2018-05-31,EGX:MFPC,8.72161717,8.78792606,8.31737257,8.65211266,4419864.22273419
2018-06-03,EGX:MFPC,8.65211266,8.65211266,8.55145096,8.65211266,1439.47501477
2018-06-04,EGX:MFPC,8.65211266,8.78792606,8.50910914,8.61855876,439415.3947253
2018-06-05,EGX:MFPC,8.61855876,8.70803583,8.34932866,8.67128632,348503.15966221
2018-06-06,EGX:MFPC,8.67128632,8.67128632,8.10885905,8.20312953,60933.60323381
2018-06-07,EGX:MFPC,8.20312953,8.62814559,8.14880417,8.47954975,311264.56688888
2018-06-10,EGX:MFPC,8.47954975,8.47954975,8.16877673,8.47954975,1251.71740415
2018-06-11,EGX:MFPC,8.47954975,8.47954975,8.15279868,8.18795038,17473.97496187
2018-06-12,EGX:MFPC,8.18795038,8.26464501,7.98902369,8.07290844,83276.75889781
2018-06-13,EGX:MFPC,8.07290844,8.18874929,8.07290844,8.07290844,2253.09132746
2018-06-14,EGX:MFPC,8.07290844,8.14880417,7.98902369,8.05373479,85179.36935211
2018-06-19,EGX:MFPC,8.05373479,8.14880417,7.98902369,8.08009856,163311.56971887
2018-06-20,EGX:MFPC,8.08009856,8.14880417,8.06891393,8.09847332,68068.39243744
2018-06-21,EGX:MFPC,8.09847332,8.30858464,8.07770186,8.28861208,142357.82037348
2018-06-24,EGX:MFPC,8.28861208,8.28861208,8.14880417,8.14880417,28814.53464343
2018-06-25,EGX:MFPC,8.14880417,8.62574888,8.14880417,8.4627728,694102.3349468
2018-06-26,EGX:MFPC,8.4627728,8.4627728,8.07290844,8.29180769,206983.98994951
2018-06-27,EGX:MFPC,8.29180769,8.29180769,8.06891393,8.21671087,296544.37021613
2018-06-28,EGX:MFPC,8.21671087,8.21671087,7.42979204,7.83723208,605743.60338817
2018-07-02,EGX:MFPC,7.83723208,8.30858464,7.83723208,8.28541647,86418.56958221
2018-07-03,EGX:MFPC,8.28541647,8.38847488,8.07290844,8.31577476,554448.22416628
2018-07-04,EGX:MFPC,8.31577476,8.31577476,8.00100723,8.07051174,47903.22505665
2018-07-05,EGX:MFPC,8.07051174,8.14880417,7.9914204,8.14800527,369757.3211846
2018-07-08,EGX:MFPC,8.14800527,8.14800527,7.90194366,7.97464345,39679.44171141
2018-07-09,EGX:MFPC,7.97464345,8.18874929,7.91073102,8.10885905,42996.4928324
2018-07-10,EGX:MFPC,8.10885905,8.10885905,7.98902369,8.05613149,351532.31578024
2018-07-11,EGX:MFPC,8.05613149,8.06891393,7.75734185,7.98343138,255387.90196782
2018-07-12,EGX:MFPC,7.98343138,7.98822463,7.78130924,7.95067614,23269.42654307
2018-07-15,EGX:MFPC,7.95067614,7.98902369,7.79329285,7.95387183,123632.12800746
2018-07-16,EGX:MFPC,7.95387183,7.95387183,7.68544055,7.74376067,54249.43229567
2018-07-17,EGX:MFPC,7.74376067,7.90513871,7.58957251,7.65667999,62761.11064386
2018-07-18,EGX:MFPC,7.65667999,7.65667999,7.52965483,7.58238271,156702.50182498
2018-07-19,EGX:MFPC,7.58238271,7.58238271,7.50968227,7.52965483,37902.00299753
2018-07-22,EGX:MFPC,7.52965483,7.52965483,7.29397887,7.37626574,11666.00620664
2018-07-24,EGX:MFPC,7.37626574,7.59037157,7.21009388,7.44576984,212666.78696433
2018-07-25,EGX:MFPC,7.44576984,7.44576984,7.19012132,7.19251795,58667.9947323
2018-07-26,EGX:MFPC,7.19251795,7.3499018,6.96722748,7.24444669,11603.42033643
2018-07-29,EGX:MFPC,7.24444669,7.65907726,7.19012132,7.50888321,71548.16682096
2018-07-30,EGX:MFPC,7.50888321,7.50968227,7.42979204,7.49210634,102014.96843786
2018-07-31,EGX:MFPC,7.49210634,7.74136412,7.23805531,7.52645914,113305.45942326
2018-08-01,EGX:MFPC,7.52645914,7.52645914,7.44656891,7.52645914,1439.47501477
2018-08-02,EGX:MFPC,7.52645914,7.66147388,7.41141704,7.4313896,7773.16507974
2018-08-05,EGX:MFPC,7.4313896,7.4313896,7.38984692,7.4313896,3680.04916819
2018-08-06,EGX:MFPC,7.4313896,7.4313896,7.23006644,7.30276688,28852.08616556
2018-08-07,EGX:MFPC,7.30276688,7.30276688,7.22287664,7.26441925,260207.01397378
2018-08-08,EGX:MFPC,7.26441925,7.42899297,7.19092039,7.29078318,192126.1043623
2018-08-09,EGX:MFPC,7.29078318,7.32513598,7.13819251,7.19811019,320715.03329018
2018-08-12,EGX:MFPC,7.19811019,7.19811019,7.03912886,7.05510666,14482.37036596
2018-08-13,EGX:MFPC,7.05510666,7.19012132,7.00637354,7.06788934,54337.05251396
2018-08-14,EGX:MFPC,7.06788934,7.11023109,6.89053294,6.94246175,64976.6504492
2018-08-15,EGX:MFPC,6.94246175,7.11023109,6.9105055,7.03034085,192101.07001422
2018-08-16,EGX:MFPC,7.03034085,7.19012132,7.03034085,7.1605617,31380.55532193
2018-08-19,EGX:MFPC,7.1605617,7.1605617,6.95045061,7.0686884,17674.24974654
2018-08-26,EGX:MFPC,7.0686884,7.0686884,6.95045061,6.95284724,30178.90661395
2018-08-27,EGX:MFPC,6.95284724,6.9536463,6.92328825,6.94885305,13518.54796477
2018-08-28,EGX:MFPC,6.94885305,6.99039573,6.87934838,6.92488574,587230.70298085
2018-08-29,EGX:MFPC,6.92488574,7.18852376,6.92488574,7.03912886,113017.5644203
2018-08-30,EGX:MFPC,7.03912886,7.57918702,7.03912886,7.3315268,146964.14042073
2018-09-02,EGX:MFPC,7.3315268,7.3315268,7.19012132,7.24524575,37889.48582349
2018-09-03,EGX:MFPC,7.24524575,7.46973715,7.19171889,7.38745029,67617.77417194
2018-09-04,EGX:MFPC,7.38745029,7.61673487,7.38745029,7.52006776,491561.94178201
2018-09-05,EGX:MFPC,7.52006776,7.52006776,7.31155425,7.40902041,86681.43023708
2018-09-06,EGX:MFPC,7.40902041,7.50968227,7.39144448,7.50329089,44999.24067903
2018-09-09,EGX:MFPC,7.50329089,7.57758881,7.42979204,7.45375935,84052.82368838
2018-09-10,EGX:MFPC,7.45375935,7.58957251,7.28279432,7.46973715,110226.23460906
2018-09-13,EGX:MFPC,7.31395143,7.31395143,7.20689819,7.26282176,16397.49799431
2018-09-16,EGX:MFPC,7.26282176,7.26282176,6.95045061,7.01356398,18562.96910348
2018-09-17,EGX:MFPC,7.01356398,7.10064402,6.40799583,6.82422388,89860.79244361
2018-09-18,EGX:MFPC,6.82422388,7.03034085,6.82422388,6.92888049,78357.50949951
2018-09-19,EGX:MFPC,6.92888049,6.92888049,6.24022649,6.45592989,270583.75125415
2018-09-20,EGX:MFPC,6.45592989,6.79067014,6.39121896,6.5486028,162898.50297551
2018-09-23,EGX:MFPC,6.5486028,6.83061526,6.39121896,6.76830095,33858.95578214
2018-09-24,EGX:MFPC,6.76830095,6.87056038,6.61491186,6.76830095,40117.54280287
2018-09-25,EGX:MFPC,6.76830095,6.79067014,6.76830095,6.76830095,3579.91177586
2018-09-26,EGX:MFPC,6.76830095,6.97042317,6.75072502,6.78587689,81048.70191843
2018-09-27,EGX:MFPC,6.78587689,6.95045061,6.63088967,6.80185469,17348.80322146
2018-09-30,EGX:MFPC,6.80185469,6.95045061,6.79067014,6.93367374,70621.89594189
2018-10-01,EGX:MFPC,6.93367374,7.07028597,6.75072502,6.99279236,106032.98130517
2018-10-02,EGX:MFPC,6.99279236,7.19012132,6.99279236,7.17973583,124570.91606057
2018-10-03,EGX:MFPC,7.17973583,7.2692125,6.99279236,7.17973583,4005.49569327
2018-10-04,EGX:MFPC,7.17973583,7.19012132,6.88254407,7.15097527,44435.96784717
2018-10-08,EGX:MFPC,7.15097527,7.18932226,6.6956006,6.80744701,44010.38392976
2018-10-09,EGX:MFPC,6.80744701,7.11023109,6.73954047,6.95284724,69032.21483863
2018-10-10,EGX:MFPC,6.95284724,7.20609913,6.7107799,7.07987304,419513.08799939
2018-10-11,EGX:MFPC,7.07987304,7.11023109,6.71317653,6.97441792,116710.13076253
2018-10-14,EGX:MFPC,6.97441792,7.09425328,6.83381095,6.97042317,144435.67126436
2018-10-15,EGX:MFPC,6.97042317,7.03034085,6.81543595,6.95923862,137939.25793684
2018-10-16,EGX:MFPC,6.95923862,6.95923862,6.83141432,6.95923862,813.61631269
2018-10-17,EGX:MFPC,6.95923862,7.07028597,6.94965155,7.0255476,104430.78302787
2018-10-18,EGX:MFPC,7.0255476,7.03034085,6.81463745,6.97521643,66315.98807163
2018-10-21,EGX:MFPC,6.97521643,7.10943203,6.8106427,6.98959667,32632.27272608
2018-10-22,EGX:MFPC,6.98959667,7.10783446,6.83860412,6.91210306,40580.6782424
2018-10-23,EGX:MFPC,6.91210306,7.08147052,6.83940326,6.9264833,30466.8016169
2018-10-24,EGX:MFPC,6.9264833,7.03034085,6.75951303,6.79706152,27963.36680861
2018-10-25,EGX:MFPC,6.79706152,6.86177237,6.71157897,6.78028465,22055.26066105
2018-10-28,EGX:MFPC,6.78028465,6.87056038,6.7107799,6.78028465,1276.75175223
2018-10-29,EGX:MFPC,6.78028465,6.86257151,6.64367242,6.78987108,78783.09341692
2018-10-30,EGX:MFPC,6.78987108,6.87056038,6.7107799,6.84179981,77719.1336234
2018-10-31,EGX:MFPC,6.84179981,6.86976131,6.79067014,6.82022977,299936.52438136
2018-11-01,EGX:MFPC,6.82022977,6.98959667,6.71557316,6.83061526,126010.39107533
2018-11-04,EGX:MFPC,6.83061526,7.11262771,6.83061526,7.04552016,855548.8457335
2018-11-05,EGX:MFPC,7.04552016,7.23006644,6.99039573,7.15496946,409299.07398156
2018-11-06,EGX:MFPC,7.15496946,7.34910274,7.11023109,7.2692125,800072.73038177
2018-11-07,EGX:MFPC,7.2692125,7.50968227,7.19012132,7.42419972,361245.64283641
2018-11-08,EGX:MFPC,7.42419972,7.50968227,7.42419972,7.42419972,54887.80817178
2018-11-11,EGX:MFPC,7.42419972,7.50169341,7.42419972,7.46015009,4431.07961068
2018-11-12,EGX:MFPC,7.46015009,7.46015009,7.15177377,7.21728369,71798.51030179
2018-11-13,EGX:MFPC,7.21728369,7.23006644,7.15017621,7.18612657,94830.11053807
2018-11-14,EGX:MFPC,7.18612657,7.19012132,7.03034085,7.0998456,7360.09833638
2018-11-15,EGX:MFPC,7.0998456,7.0998456,6.96722748,6.98720004,234884.77088792
2018-11-18,EGX:MFPC,6.98720004,7.18932226,6.95124968,6.96003768,47264.84918054
2018-11-19,EGX:MFPC,6.96003768,6.99039573,6.84419644,6.95764042,43997.86675572
2018-11-22,EGX:MFPC,6.89452769,7.10064402,6.77309421,6.80105563,29778.35704462
2018-11-25,EGX:MFPC,6.80105563,6.99039573,6.7107799,6.75551828,21579.60804747
2018-11-26,EGX:MFPC,6.75551828,6.75551828,6.7107799,6.71237747,80798.3584376
2018-11-27,EGX:MFPC,6.71237747,6.71237747,6.55898829,6.62689491,240304.70724787
2018-11-28,EGX:MFPC,6.62689491,6.67243235,6.55099943,6.59973255,131280.12134679
2018-11-29,EGX:MFPC,6.59973255,6.59973255,6.12758093,6.27937246,3741884.00795278
2018-12-02,EGX:MFPC,6.27937246,6.27937246,6.15154824,6.18829767,74001.53293309
2018-12-03,EGX:MFPC,6.18829767,6.18829767,6.07165801,6.13077662,163674.56776608
2018-12-04,EGX:MFPC,6.13077662,6.43116407,5.79603693,5.93504578,110814.54178901
2018-12-05,EGX:MFPC,5.93504578,5.93504578,5.59231659,5.74730381,231505.13389672
2018-12-06,EGX:MFPC,5.74730381,5.74730381,5.71215194,5.71614669,6984.58311513
2018-12-09,EGX:MFPC,5.71614669,5.71614669,5.6426472,5.6977717,28751.94877322
2018-12-10,EGX:MFPC,5.6977717,5.91187753,5.6977717,5.77526531,87019.3939362
2018-12-11,EGX:MFPC,5.77526531,6.06686475,5.75209706,5.97019765,80873.46148185
2018-12-12,EGX:MFPC,5.97019765,6.31052966,5.97019765,6.20187885,117761.57338202
2018-12-13,EGX:MFPC,6.20187885,6.33929014,6.20187885,6.31292628,82500.69410723
2018-12-16,EGX:MFPC,6.31292628,6.41119151,6.07725032,6.28416636,27312.47375846
2018-12-17,EGX:MFPC,6.28416636,6.45113663,6.15714056,6.23543323,49442.83746375
2018-12-18,EGX:MFPC,6.23543323,6.36725164,6.15234731,6.20108043,340654.89153822
2018-12-19,EGX:MFPC,6.20108043,6.23143848,6.19149336,6.20028137,160482.6883855
2018-12-20,EGX:MFPC,6.20028137,6.26259559,5.99176777,6.21945479,148954.37109332
2018-12-23,EGX:MFPC,6.21945479,6.21945479,6.08763582,6.19149336,58993.44125738
2018-12-24,EGX:MFPC,6.19149336,6.21306349,6.03171289,6.14995068,68982.14614246
2018-12-25,EGX:MFPC,6.14995068,6.14995068,5.97578996,6.02931626,89072.210479
2018-12-26,EGX:MFPC,6.02931626,6.155543,6.02931626,6.12917906,25071.89960504
2018-12-27,EGX:MFPC,6.12917906,6.23143848,6.0476907,6.18270536,54787.67077945
2018-12-30,EGX:MFPC,6.18270536,6.18270536,6.18270536,6.18270536,0.0
2018-12-31,EGX:MFPC,6.18270536,6.21146592,6.11240219,6.16672755,7572.89029508
2019-01-02,EGX:MFPC,6.16672755,6.1715208,6.09163057,6.16193374,65514.88893298
2019-01-03,EGX:MFPC,6.16193374,6.21546067,6.03331045,6.12438588,5707.8313629
2019-01-06,EGX:MFPC,6.12438588,6.22185141,6.12438588,6.19229243,22330.63848996
2019-01-08,EGX:MFPC,6.19229243,6.36325753,6.15154824,6.17471649,87545.11524594
2019-01-09,EGX:MFPC,6.17471649,6.17471649,6.06366914,6.08763582,70559.31007169
2019-01-10,EGX:MFPC,6.08763582,6.08763582,5.99176777,6.06207094,772860.39401564
2019-01-13,EGX:MFPC,6.06207094,6.06207094,6.01174033,6.02612057,8411.54095586
2019-01-14,EGX:MFPC,6.02612057,6.15474393,5.91187753,5.9126766,4155038.37153911
2019-01-15,EGX:MFPC,5.9126766,6.11080406,5.9126766,6.00375147,21028.85238965
2019-01-16,EGX:MFPC,6.00375147,6.11000556,5.95182265,5.99336534,38815.75670255
2019-01-17,EGX:MFPC,5.99336534,5.99336534,5.99176777,5.99336534,3755.15221244
2019-01-20,EGX:MFPC,5.99336534,5.99336534,5.9198664,5.99096871,268117.86796798
2019-01-21,EGX:MFPC,5.99096871,6.11160313,5.87432904,5.9558174,12504.65686741
2019-01-22,EGX:MFPC,5.9558174,5.99176777,5.87352998,5.9198664,81924.90410133
2019-01-23,EGX:MFPC,5.9198664,5.99176777,5.91187753,5.9134751,28689.36290302
2019-01-27,EGX:MFPC,5.9134751,6.0908315,5.91187753,5.94383379,172737.00177209
2019-01-28,EGX:MFPC,5.94383379,6.17072174,5.94383379,6.14116275,139891.93708731
2019-01-29,EGX:MFPC,6.14116275,6.15154824,5.91187753,6.02452309,1181145.57689985
2019-01-30,EGX:MFPC,6.02452309,6.07165801,5.99176777,6.02931626,197796.38420308
2019-01-31,EGX:MFPC,6.02931626,6.08683731,5.87193242,5.96140972,329677.32990386
2019-02-03,EGX:MFPC,5.96140972,6.03171289,5.78724892,5.85515555,294867.06889457
2019-02-04,EGX:MFPC,5.85515555,5.95182265,5.8319873,5.83518299,111715.77831999
2019-02-05,EGX:MFPC,5.83518299,5.8407753,5.80083018,5.83118823,70359.03528702
2019-02-06,EGX:MFPC,5.83118823,5.89510066,5.79284124,5.83757961,63412.00369401
2019-02-07,EGX:MFPC,5.83757961,6.19149336,5.83757961,6.09642382,332668.93449977
2019-02-10,EGX:MFPC,6.09642382,6.19149336,6.08044601,6.15234731,65677.61219552
2019-02-11,EGX:MFPC,6.15234731,6.21865572,6.07165801,6.15793962,205632.13515303
2019-02-12,EGX:MFPC,6.15793962,6.46312033,6.11320069,6.30493734,470145.05699708
2019-02-13,EGX:MFPC,6.30493734,6.63088967,6.30493734,6.54620617,496318.46791776
2019-02-14,EGX:MFPC,6.54620617,6.63088967,6.47110919,6.56218398,135010.23921114
2019-02-17,EGX:MFPC,6.56218398,6.69719872,6.56218398,6.62769398,50544.3487794
2019-02-18,EGX:MFPC,6.62769398,6.71876877,6.57177105,6.68201934,122305.30755906
2019-02-19,EGX:MFPC,6.68201934,6.6948021,6.40480014,6.45113663,173938.65048007
2019-02-20,EGX:MFPC,6.45113663,6.58934698,6.43116407,6.52703212,56540.07514526
2019-02-21,EGX:MFPC,6.52703212,6.6300906,6.39361558,6.43915294,113480.69985984
2019-02-24,EGX:MFPC,6.43915294,6.43915294,6.35526859,6.3712464,54637.46469095
2019-02-25,EGX:MFPC,6.3712464,6.46631594,6.35127384,6.37284396,87444.97785361
2019-02-26,EGX:MFPC,6.37284396,6.39920782,6.19149336,6.35686615,289021.54861721
2019-02-27,EGX:MFPC,6.35686615,6.35686615,6.1898958,6.19149336,171597.93893432
2019-02-28,EGX:MFPC,6.19149336,6.19149336,5.95182265,6.0820435,449929.82092013
2019-03-03,EGX:MFPC,6.0820435,6.0820435,5.87672567,5.94862696,96607.54925196
2019-03-04,EGX:MFPC,5.94862696,5.99176777,5.81201474,5.91427416,272974.53149607
2019-03-05,EGX:MFPC,5.91427416,5.91427416,5.84397099,5.87592717,43146.6989209
2019-03-06,EGX:MFPC,5.87592717,5.91187753,5.8319873,5.86314441,75541.14534019
2019-03-07,EGX:MFPC,5.86314441,5.99176777,5.81680799,5.85275892,205118.93101734
2019-03-10,EGX:MFPC,5.85275892,5.9821807,5.85195986,5.8663401,12141.65882021
2019-03-11,EGX:MFPC,5.8663401,5.97578996,5.8319873,5.86953579,344197.25179195
2019-03-12,EGX:MFPC,5.86953579,6.0556802,5.86953579,5.98937114,1858049.31471369
2019-03-13,EGX:MFPC,5.98937114,5.98937114,5.83118823,5.89190497,436874.40839489
2019-03-14,EGX:MFPC,5.89190497,5.96620289,5.89190497,5.93025253,230316.00236279
2019-03-17,EGX:MFPC,5.93025253,5.93025253,5.83997616,5.85435648,60896.05171168
2019-03-18,EGX:MFPC,5.85435648,5.87193242,5.81840612,5.84956323,78207.30341102
2019-03-19,EGX:MFPC,5.84956323,5.84956323,5.68019569,5.75689031,263749.37422751
2019-03-20,EGX:MFPC,5.75689031,5.75689031,5.67300588,5.72253743,100775.76820776
2019-03-21,EGX:MFPC,5.72253743,5.79124312,5.70815719,5.73691775,133132.66310492
2019-03-24,EGX:MFPC,5.73691775,5.79204218,5.67140776,5.68898369,149029.47413757
2019-03-25,EGX:MFPC,5.68898369,5.68898369,5.52201342,5.57633878,142620.68102835
2019-03-26,EGX:MFPC,5.57633878,5.57633878,5.44851392,5.4820683,167179.37649768
2019-03-27,EGX:MFPC,5.4820683,6.03011532,5.43253611,5.87352998,1677476.56199165
2019-03-28,EGX:MFPC,5.87352998,6.4607237,5.87352998,6.15394487,1516868.70186573
2019-03-31,EGX:MFPC,6.15394487,6.29455185,5.92306209,6.11959199,713616.60927743
2019-04-01,EGX:MFPC,6.11959199,6.15953711,6.00375147,6.08843488,265601.91598565
2019-04-02,EGX:MFPC,6.08843488,6.35127384,6.08843488,6.23463417,347188.85638786
2019-04-03,EGX:MFPC,6.23463417,6.23463417,5.97578996,6.04129996,430916.23355116
2019-04-04,EGX:MFPC,6.04129996,6.07964687,5.96859952,6.02452309,274038.49128959
2019-04-07,EGX:MFPC,6.02452309,6.06287,5.91187753,5.93504578,93202.87791268
2019-04-08,EGX:MFPC,5.93504578,5.99176777,5.86394355,5.95901245,134759.89573031
2019-04-09,EGX:MFPC,5.95901245,5.99176777,5.91187753,5.95981152,50506.79725727
2019-04-10,EGX:MFPC,5.95981152,6.03171289,5.91187753,5.96300721,122067.48125228
2019-04-11,EGX:MFPC,5.96300721,6.15154824,5.96300721,6.0748537,214369.12263397
2019-04-14,EGX:MFPC,6.0748537,6.15154824,6.03251195,6.10441332,184540.69689318
2019-04-15,EGX:MFPC,6.10441332,6.10441332,5.88231791,5.99496346,111991.1561489
2019-04-16,EGX:MFPC,5.99496346,5.99496346,5.88391611,5.97179521,91713.33420175
2019-04-17,EGX:MFPC,5.97179521,5.99176777,5.91187753,5.96061066,61797.28824267
2019-04-18,EGX:MFPC,5.96061066,6.07964687,5.96061066,6.06127252,104718.67803082
2019-04-21,EGX:MFPC,6.06127252,6.06127252,5.93264915,5.9821807,27838.1950682
2019-04-22,EGX:MFPC,5.9821807,6.07165801,5.9821807,5.99656102,74802.63207174
2019-04-23,EGX:MFPC,5.99656102,6.07165801,5.95182265,6.02931626,125071.60302223
2019-04-24,EGX:MFPC,6.02931626,6.02931626,5.75529275,5.86394355,219363.47507651
2019-04-30,EGX:MFPC,5.86394355,5.86394355,5.77206962,5.80562336,14995.57450166
2019-05-02,EGX:MFPC,5.80562336,5.8319873,5.59311565,5.7441082,112416.74006631
2019-05-05,EGX:MFPC,5.7441082,5.8200036,5.55237147,5.64983764,28201.1931154
2019-05-06,EGX:MFPC,5.64983764,5.69217938,5.43333517,5.51562204,18775.76106218
2019-05-07,EGX:MFPC,5.51562204,5.6322617,5.39259099,5.46688891,137150.67597223
2019-05-08,EGX:MFPC,5.46688891,5.51162729,5.15371934,5.39418856,78845.67928713
2019-05-09,EGX:MFPC,5.39418856,5.43253611,5.27115807,5.39099343,53698.67663785
2019-05-12,EGX:MFPC,5.39099343,5.42454725,5.31270076,5.35424344,12429.55382317
2019-05-13,EGX:MFPC,5.35424344,5.47088367,5.27275564,5.374216,8198.74899715
2019-05-14,EGX:MFPC,5.374216,5.37661319,5.2735547,5.32388531,41619.60368784
2019-05-15,EGX:MFPC,5.32388531,5.32388531,5.23281052,5.27275564,199749.06335355
2019-05-16,EGX:MFPC,5.27275564,5.27275564,5.1928654,5.20644658,57616.55211282
2019-05-19,EGX:MFPC,5.20644658,5.20644658,4.97316725,5.17289284,87369.87480936
2019-05-20,EGX:MFPC,5.17289284,5.17289284,4.6863613,5.17289284,6008.2435399
2019-05-21,EGX:MFPC,5.17289284,5.17289284,5.03228618,5.03628062,88834.38417221
2019-05-22,EGX:MFPC,5.03628062,5.03628062,4.92203758,4.949999,31693.48467297
2019-05-23,EGX:MFPC,4.949999,5.03308493,4.83335933,4.89966839,219901.71356029
2019-05-26,EGX:MFPC,4.89966839,5.03148712,4.87330445,4.87969583,162022.3007926
2019-05-27,EGX:MFPC,4.87969583,4.91324957,4.80539791,4.87969583,3592.4289499
2019-05-28,EGX:MFPC,4.87969583,4.91324957,4.80779446,4.81818027,134021.38246187
2019-05-29,EGX:MFPC,4.81818027,4.91324957,4.81818027,4.8621199,42145.32499758
2019-05-30,EGX:MFPC,4.8621199,4.87330445,4.82616921,4.85812539,36675.31994147
2019-06-02,EGX:MFPC,4.85812539,4.91245083,4.8413482,4.87809795,55025.49708624
2019-06-03,EGX:MFPC,4.87809795,5.01630806,4.87809795,4.96837376,36687.83711551
2019-06-09,EGX:MFPC,4.96837376,5.11297516,4.96837376,5.09699704,128914.37545295
2019-06-10,EGX:MFPC,5.09699704,5.19046877,5.09699704,5.17129528,107409.87044973
2019-06-11,EGX:MFPC,5.17129528,5.45250867,5.17129528,5.35584156,316559.33150842
2019-06-12,EGX:MFPC,5.35584156,5.39738425,5.27914702,5.37102087,24521.14394721
2019-06-13,EGX:MFPC,5.37102087,5.37102087,5.20085427,5.27515227,40380.40345774
2019-06-16,EGX:MFPC,5.27515227,5.27515227,5.12655634,5.16090915,24007.93981151
2019-06-17,EGX:MFPC,5.16090915,5.16090915,5.1393391,5.16090915,5319.79896762
2019-06-18,EGX:MFPC,5.16090915,5.26476677,5.05465529,5.13214866,324858.2178979
2019-06-19,EGX:MFPC,5.13214866,5.15371934,5.07702448,5.11696992,105832.70652051
2019-06-20,EGX:MFPC,5.11696992,5.15292028,5.06504118,5.10658379,75228.21598915
2019-06-23,EGX:MFPC,5.10658379,5.1928654,5.0586498,5.13374679,175791.1922382
2019-06-24,EGX:MFPC,5.13374679,5.15132272,5.08900817,5.11297516,82250.35062641
2019-06-25,EGX:MFPC,5.11297516,5.11297516,5.07303005,5.08900817,40956.19346364
2019-06-26,EGX:MFPC,5.08900817,5.19206634,5.07862236,5.11297516,357528.0421461
2019-06-27,EGX:MFPC,5.11297516,5.12096403,5.0930026,5.11297516,131167.46678041
2019-07-02,EGX:MFPC,5.11297516,5.19126784,5.11297516,5.15531691,16122.12016539
2019-07-03,EGX:MFPC,5.15531691,5.15531691,5.03787842,5.10738285,37676.69386478
2019-07-04,EGX:MFPC,5.10738285,5.18807215,5.10738285,5.11377423,82650.90019573
2019-07-07,EGX:MFPC,5.11377423,5.1928654,5.11297516,5.11696992,158167.01118783
2019-07-08,EGX:MFPC,5.11696992,5.15292028,5.11297516,5.11297516,160044.58729405
2019-07-09,EGX:MFPC,5.11297516,5.11776842,5.11297516,5.11617085,62235.38933412
2019-07-10,EGX:MFPC,5.11617085,5.23281052,5.11297516,5.13534435,46926.88548142
2019-07-11,EGX:MFPC,5.13534435,5.13534435,5.11297516,5.11297516,141794.54754161
2019-07-14,EGX:MFPC,5.11297516,5.11377423,4.95319469,5.00352562,40280.2660654
2019-07-15,EGX:MFPC,5.00352562,5.00352562,4.91324957,4.98515094,17448.94061379
2019-07-16,EGX:MFPC,4.98515094,4.98515094,4.69754585,4.85093527,85579.91892143
2019-07-17,EGX:MFPC,4.85093527,4.95319469,4.71751841,4.8069954,63462.07239018
2019-07-18,EGX:MFPC,4.8069954,4.97236851,4.79341422,4.917244,19964.89259612
2019-07-21,EGX:MFPC,4.917244,4.917244,4.79501202,4.79581084,25935.5846139
2019-07-22,EGX:MFPC,4.79581084,4.94360794,4.7550669,4.8069954,82801.10628423
2019-07-24,EGX:MFPC,4.8069954,4.95319469,4.79421296,4.91484738,382011.63457119
2019-07-25,EGX:MFPC,4.91484738,5.03308493,4.88129332,4.97077062,110413.99221968
2019-07-28,EGX:MFPC,4.97077062,5.10418716,4.95319469,5.01391111,32281.79185291
2019-07-29,EGX:MFPC,5.01391111,5.01391111,4.89327701,4.96917282,33808.88708597
2019-07-30,EGX:MFPC,4.96917282,4.96917282,4.89167921,4.93961351,28188.67594136
2019-07-31,EGX:MFPC,4.93961351,4.93961351,4.81738121,4.87170665,173976.20200219
2019-08-01,EGX:MFPC,4.87170665,4.94520583,4.8413482,4.89008132,52284.23597116
2019-08-04,EGX:MFPC,4.89008132,4.91324957,4.8157834,4.86931002,149680.36718773
2019-08-05,EGX:MFPC,4.86931002,4.86931002,4.71352398,4.74787678,90899.71788905
2019-08-06,EGX:MFPC,4.74787678,4.83335933,4.74787678,4.78862072,13130.51556949
2019-08-07,EGX:MFPC,4.78862072,5.03308493,4.67997024,4.84534303,52259.20162308
2019-08-08,EGX:MFPC,4.84534303,4.90526071,4.79740865,4.85253315,57491.38037241
2019-08-14,EGX:MFPC,4.85253315,5.05305749,4.85253315,5.03787842,145825.07758296
2019-08-15,EGX:MFPC,5.03787842,5.12735541,4.99313981,5.08341586,114306.83334657
2019-08-18,EGX:MFPC,5.08341586,5.1049863,5.03628062,5.07542667,14219.50971109
2019-08-19,EGX:MFPC,5.07542667,5.11297516,5.03308493,5.08820911,90486.65114568
2019-08-20,EGX:MFPC,5.08820911,5.14413228,5.03308493,5.10898073,241769.21661072
2019-08-21,EGX:MFPC,5.10898073,5.52041521,5.10898073,5.41975335,659066.76480477
2019-08-22,EGX:MFPC,5.41975335,5.41975335,5.25997288,5.28314113,30316.59552841
2019-08-25,EGX:MFPC,5.28314113,5.32867856,5.16889809,5.20644658,60370.33040194
2019-08-26,EGX:MFPC,5.20644658,5.23281052,5.12495886,5.14253479,9162.57139835
2019-08-27,EGX:MFPC,5.14253479,5.15451785,5.04107379,5.11696992,43622.35153447
2019-08-28,EGX:MFPC,5.11696992,5.59231659,5.04666611,5.5164211,570983.41107505
2019-08-29,EGX:MFPC,5.5164211,5.62826695,5.43653086,5.56834928,185842.48299349
2019-09-01,EGX:MFPC,5.56834928,5.59231659,5.37261843,5.43812843,706506.85442189
2019-09-02,EGX:MFPC,5.43812843,5.59071902,5.2735547,5.45969847,67905.6691749
2019-09-03,EGX:MFPC,5.45969847,5.51242635,5.27275564,5.30071706,216772.42004993
2019-09-04,EGX:MFPC,5.30071706,5.30071706,5.1928654,5.26157108,594653.38718744
2019-09-05,EGX:MFPC,5.26157108,5.42374811,5.23201146,5.32548351,115683.72249113
2019-09-08,EGX:MFPC,5.32548351,5.85755217,5.32548351,5.76328161,1545645.68498704
2019-09-09,EGX:MFPC,5.76328161,5.91187753,5.72014081,5.85675311,247539.63384383
2019-09-10,EGX:MFPC,5.85675311,5.95182265,5.7321245,5.87752473,363210.83916092
2019-09-11,EGX:MFPC,5.87752473,5.87752473,5.68419052,5.74810231,232869.50586724
2019-09-12,EGX:MFPC,5.74810231,5.751298,5.64104971,5.67220682,94654.87010149
2019-09-15,EGX:MFPC,5.67220682,5.751298,5.59231659,5.63385927,170796.83979566
2019-09-16,EGX:MFPC,5.63385927,5.91187753,5.52041521,5.72573312,186230.51538878
2019-09-17,EGX:MFPC,5.72573312,5.94623034,5.51242635,5.79443881,355212.36494843
2019-09-18,EGX:MFPC,5.79443881,5.81600949,5.44372067,5.75209706,128063.20761813
2019-09-19,EGX:MFPC,5.75209706,5.75209706,5.59231659,5.61308821,45049.3093752
2019-09-22,EGX:MFPC,5.61308821,5.61308821,5.08101891,5.13454529,367954.84812263
2019-09-23,EGX:MFPC,5.13454529,5.35264588,4.99313981,5.12735541,280009.18330736
2019-09-24,EGX:MFPC,5.12735541,5.12735541,4.79341422,4.8741032,140380.10687493
2019-09-25,EGX:MFPC,4.8741032,5.25278308,4.8741032,5.1840774,104956.50433761
2019-09-26,EGX:MFPC,5.1840774,5.51162729,5.07303005,5.19126784,337175.11715469
2019-09-29,EGX:MFPC,5.19126784,5.59151752,5.19126784,5.48126924,664549.28703493
2019-09-30,EGX:MFPC,5.48126924,5.51242635,5.26077194,5.43093855,14019.23492643
2019-10-01,EGX:MFPC,5.43093855,5.55157241,5.33187425,5.4165583,24032.9741596
2019-10-02,EGX:MFPC,5.4165583,5.4165583,5.11297516,5.20165341,133658.38441466
2019-10-03,EGX:MFPC,5.20165341,5.47168217,5.0171068,5.35184681,73400.7085791
2019-10-07,EGX:MFPC,5.35184681,5.70416308,5.20884321,5.56834928,111903.53593061
2019-10-08,EGX:MFPC,5.56834928,5.56834928,5.27275564,5.39898237,112742.18659139
2019-10-09,EGX:MFPC,5.39898237,5.47248123,5.27275564,5.33826563,99010.84666791
2019-10-10,EGX:MFPC,5.33826563,5.50363834,5.33826563,5.38300393,70872.23942272
2019-10-13,EGX:MFPC,5.38300393,5.67060926,5.38300393,5.56755077,471597.04918589
2019-10-14,EGX:MFPC,5.56755077,5.56755077,5.31270076,5.39019437,75103.04424873
2019-10-15,EGX:MFPC,5.39019437,5.43173705,5.27675039,5.36143388,79721.88147003
2019-10-16,EGX:MFPC,5.36143388,5.83118823,5.36143388,5.62906601,1431964.71034254
2019-10-17,EGX:MFPC,5.62906601,5.79204218,5.62906601,5.73132544,217147.93527117
2019-10-20,EGX:MFPC,5.73132544,5.75209706,5.59631134,5.62826695,28789.50029535
2019-10-21,EGX:MFPC,5.62826695,5.75209706,5.51242635,5.56275696,58818.2008208
2019-10-22,EGX:MFPC,5.56275696,5.6698102,5.52041521,5.52441004,7072.20333342
2019-10-23,EGX:MFPC,5.52441004,5.52441004,5.46449237,5.46848648,17236.14865508
2019-10-24,EGX:MFPC,5.46848648,5.6514352,5.46848648,5.57074646,13055.41252524
2019-10-27,EGX:MFPC,5.57074646,5.63146264,5.51242635,5.52281184,15946.87972881
2019-10-28,EGX:MFPC,5.52281184,5.73452113,5.52281184,5.63625646,58417.65125147
2019-10-29,EGX:MFPC,5.63625646,5.70576056,5.55237147,5.62666939,34860.32970545
2019-10-30,EGX:MFPC,5.62666939,5.75209706,5.48845904,5.60909346,206733.64646868
2019-10-31,EGX:MFPC,5.60909346,5.67220682,5.52121435,5.63865308,73938.94706288
2019-11-03,EGX:MFPC,5.63865308,5.75209706,5.6162839,5.70815719,125271.87780689
2019-11-04,EGX:MFPC,5.70815719,5.751298,5.58272952,5.60190365,81123.80496267
2019-11-05,EGX:MFPC,5.60190365,5.89190497,5.59231659,5.75848844,619712.76961843
2019-11-06,EGX:MFPC,5.75848844,5.99176777,5.75848844,5.90149204,445185.81195841
2019-11-07,EGX:MFPC,5.90149204,5.9478279,5.76807487,5.83438392,193477.95915878
2019-11-11,EGX:MFPC,5.83438392,5.92705684,5.75369462,5.81680799,81937.42127537
2019-11-12,EGX:MFPC,5.81680799,5.81680799,5.75209706,5.75609181,164175.25472773
2019-11-13,EGX:MFPC,5.75609181,5.75609181,5.73691775,5.74890137,114544.65965336
2019-11-14,EGX:MFPC,5.74890137,5.74890137,5.59231659,5.62187621,242144.73183196
2019-11-17,EGX:MFPC,5.62187621,5.70815719,5.51242635,5.55636622,123219.06126409
2019-11-18,EGX:MFPC,5.55636622,5.59231659,5.48845904,5.50683403,98034.50709268
2019-11-19,EGX:MFPC,5.50683403,5.51242635,5.45330773,5.48126924,27162.26766996
2019-11-20,EGX:MFPC,5.48126924,5.59071902,5.48047009,5.53879029,31418.10684405
2019-11-21,EGX:MFPC,5.53879029,5.53879029,5.43173705,5.44212318,79847.05321045
2019-11-24,EGX:MFPC,5.44212318,5.5084316,5.37661319,5.42055242,67117.08721029
2019-11-25,EGX:MFPC,5.42055242,5.43253611,5.32867856,5.35903725,193215.09850391
2019-11-26,EGX:MFPC,5.35903725,5.35903725,5.2735547,5.32228782,76692.725352
2019-11-27,EGX:MFPC,5.32228782,5.32228782,5.2807445,5.28713588,34710.12361696
2019-11-28,EGX:MFPC,5.28713588,5.36782518,5.24319601,5.31909214,126886.59325824
2019-12-01,EGX:MFPC,5.31909214,5.327081,5.23281052,5.27275564,70496.72420148
2019-12-02,EGX:MFPC,5.27275564,5.35184681,5.07303005,5.16490398,67067.01851412
2019-12-03,EGX:MFPC,5.16490398,5.18487654,5.08261679,5.11297516,156977.8796539
2019-12-04,EGX:MFPC,5.11297516,5.27275564,5.11297516,5.21763121,180948.26794328
2019-12-05,EGX:MFPC,5.21763121,5.27275564,5.07702448,5.13614341,209925.52584925
2019-12-08,EGX:MFPC,5.13614341,5.13614341,5.03548155,5.0498618,23757.59633068
2019-12-09,EGX:MFPC,5.0498618,5.0498618,4.96118355,5.02349818,38978.47996509
2019-12-10,EGX:MFPC,5.02349818,5.03308493,4.95319469,4.97955863,468192.37784661
2019-12-11,EGX:MFPC,4.97955863,4.97955863,4.86531559,4.90126588,90686.92593035
2019-12-12,EGX:MFPC,4.90126588,4.90126588,4.83335933,4.84694052,28789.50029535
2019-12-15,EGX:MFPC,4.84694052,5.0171068,4.82537047,4.87490226,50994.96704489
2019-12-16,EGX:MFPC,4.87490226,4.87490226,4.79341422,4.86931002,351457.21273599
2019-12-17,EGX:MFPC,4.86931002,5.01630806,4.86531559,4.87650014,938024.50549265
2019-12-18,EGX:MFPC,4.87650014,4.98754749,4.87650014,4.92203758,125422.08389539
2019-12-19,EGX:MFPC,4.92203758,4.92203758,4.8413482,4.89167921,70271.41506873
2019-12-22,EGX:MFPC,4.89167921,4.91085294,4.83495714,4.87090783,26010.68765815
2019-12-23,EGX:MFPC,4.87090783,4.95319469,4.80619665,4.85812539,117260.88642036
2019-12-24,EGX:MFPC,4.85812539,4.91324957,4.80939234,4.83176153,44360.86480292
2019-12-25,EGX:MFPC,4.83176153,4.89487482,4.80619665,4.81738121,18663.10649581
2019-12-26,EGX:MFPC,4.81738121,4.87330445,4.81738121,4.83655502,60107.46974707
2019-12-29,EGX:MFPC,4.83655502,4.87330445,4.81418552,4.83256059,40392.92063178
2019-12-30,EGX:MFPC,4.83256059,4.83256059,4.7534691,4.78862072,225609.5449232
2019-12-31,EGX:MFPC,4.78862072,5.0722313,4.78862072,4.94680331,430177.72028271
2020-01-02,EGX:MFPC,4.94680331,4.94680331,4.89886933,4.90845608,8261.33486736
2020-01-05,EGX:MFPC,4.90845608,4.90845608,4.47465201,4.59288988,173200.13721162
2020-01-06,EGX:MFPC,4.59288988,4.59368862,4.41793002,4.52018977,495842.81530419
2020-01-08,EGX:MFPC,4.52018977,4.59368862,4.27412768,4.48104339,67667.84286811
2020-01-09,EGX:MFPC,4.48104339,4.71352398,4.48104339,4.6583998,67780.49743448
2020-01-12,EGX:MFPC,4.6583998,4.71352398,4.59368862,4.6743776,92589.53638465
2020-01-13,EGX:MFPC,4.6743776,4.6743776,4.59368862,4.6743776,312.92935104
2020-01-14,EGX:MFPC,4.6743776,4.6743776,4.55374351,4.56492806,37989.62321582
2020-01-15,EGX:MFPC,4.56492806,4.85732633,4.55614013,4.67038317,44260.72741059
2020-01-16,EGX:MFPC,4.67038317,4.67357886,4.55614013,4.58330281,49380.25159354
2020-01-19,EGX:MFPC,4.58330281,4.71112735,4.52178725,4.61046549,70471.6898534
2020-01-20,EGX:MFPC,4.61046549,4.61046549,4.39316429,4.39715872,246726.01753113
2020-01-21,EGX:MFPC,4.39715872,4.43390815,4.33883885,4.39875653,192138.62153635
2020-01-22,EGX:MFPC,4.39875653,4.47225546,4.39396303,4.40035441,192251.27610272
2020-01-23,EGX:MFPC,4.40035441,4.61765562,4.40035441,4.50021721,114544.65965336
2020-01-26,EGX:MFPC,4.50021721,4.57691175,4.43390815,4.45388071,45499.92764069
2020-01-27,EGX:MFPC,4.45388071,4.51379839,4.39396303,4.4243214,126210.66586
2020-01-28,EGX:MFPC,4.4243214,4.53696664,4.39396303,4.4019519,165214.18017317
2020-01-29,EGX:MFPC,4.4019519,4.55134688,4.4019519,4.49861932,41632.12086188
2020-01-30,EGX:MFPC,4.49861932,4.56892257,4.47385327,4.52578208,59193.71604204
2020-02-02,EGX:MFPC,4.52578208,4.55374351,4.41952791,4.48184213,72987.64183573
2020-02-03,EGX:MFPC,4.48184213,4.54096107,4.47545107,4.52578208,6771.79115643
2020-02-04,EGX:MFPC,4.52578208,4.52578208,4.41872909,4.47225546,146726.31411394
2020-02-05,EGX:MFPC,4.47225546,4.47225546,4.35401791,4.38916954,48328.80897406
2020-02-06,EGX:MFPC,4.38916954,4.54175981,4.38916954,4.44429396,277468.19697695
2020-02-09,EGX:MFPC,4.44429396,4.75267036,4.44429396,4.63363374,673236.2058197
2020-02-10,EGX:MFPC,4.63363374,4.63363374,4.53776538,4.60806887,413655.05054799
2020-02-11,EGX:MFPC,4.60806887,4.63203594,4.40354978,4.46985884,160920.78947695
2020-02-12,EGX:MFPC,4.46985884,4.51379839,4.39316429,4.4227236,95318.28032569
2020-02-13,EGX:MFPC,4.4227236,4.49861932,4.35481666,4.41153896,85292.02391848
2020-02-16,EGX:MFPC,4.41153896,4.47385327,4.25495386,4.31886629,94967.79945252
2020-02-17,EGX:MFPC,4.31886629,4.42591929,4.29170361,4.31487154,111215.09135833
2020-02-18,EGX:MFPC,4.31487154,4.39076734,4.19583524,4.24936162,29165.01551659
2020-02-19,EGX:MFPC,4.24936162,4.28930674,4.05682615,4.15828675,198384.69138303
2020-02-20,EGX:MFPC,4.15828675,4.23258475,4.01847884,4.08239095,219551.23268713
2020-02-23,EGX:MFPC,4.08239095,4.21021557,4.01847884,4.1471022,210401.17846283
2020-02-24,EGX:MFPC,4.1471022,4.1471022,3.99850628,4.05922302,80522.98060868
2020-02-25,EGX:MFPC,4.05922302,4.18624858,4.04244583,4.09277684,600311.14985418
2020-02-26,EGX:MFPC,4.09277684,4.15429232,3.83473137,4.00649554,175753.64071608
2020-02-27,EGX:MFPC,4.00649554,4.05682615,3.91621941,4.02167453,214294.01958972
2020-03-01,EGX:MFPC,4.02167453,4.02167453,3.61982672,3.64139716,324970.87246427
2020-03-02,EGX:MFPC,3.64139716,3.77081926,3.37536251,3.64379379,282925.68485902
2020-03-03,EGX:MFPC,3.64379379,3.91462161,3.52395843,3.72288488,206495.8201619
2020-03-04,EGX:MFPC,3.72288488,3.72288488,3.60464741,3.61183753,10514.42619482
2020-03-05,EGX:MFPC,3.61183753,3.87467649,3.61183753,3.82754125,159956.96707576
2020-03-08,EGX:MFPC,3.82754125,3.82754125,3.82754125,3.82754125,0.0
2020-03-09,EGX:MFPC,3.82754125,3.82754125,3.44486694,3.44806263,110276.30330523
2020-03-10,EGX:MFPC,3.44806263,3.44806263,3.10373555,3.17803355,224220.1386046
2020-03-11,EGX:MFPC,3.17803355,3.27549971,3.15566436,3.22197342,85855.29675034
2020-03-15,EGX:MFPC,3.22197342,3.22197342,2.90001552,2.93277052,183201.35927075
2020-03-16,EGX:MFPC,2.93277052,2.95514002,2.63957351,2.64436668,228638.70104123
2020-03-17,EGX:MFPC,2.64436668,2.90321121,2.37993024,2.3999028,80272.63712786
2020-03-18,EGX:MFPC,2.3999028,2.46860832,2.16023209,2.19458473,240091.91528916
2020-03-19,EGX:MFPC,2.19458473,2.41348398,1.97568556,2.24491566,340529.7197978
2020-03-22,EGX:MFPC,2.24491566,2.46940722,2.24491566,2.46780934,157503.60096364
2020-03-23,EGX:MFPC,2.46780934,2.71387143,2.46780934,2.71387143,92201.50398936
2020-03-24,EGX:MFPC,2.71387143,3.19720728,2.71387143,3.05899725,2166071.93352583
2020-03-25,EGX:MFPC,3.05899725,3.20359834,3.05180713,3.19401167,1710521.90146109
2020-03-26,EGX:MFPC,3.19401167,3.35538995,3.19401167,3.2371524,588507.45473308
2020-03-29,EGX:MFPC,3.2371524,3.27230403,3.101339,3.20359834,86831.63632558
2020-03-30,EGX:MFPC,3.20359834,3.20359834,2.96792246,3.07976855,75265.76751127
2020-03-31,EGX:MFPC,3.07976855,3.23235891,2.99588389,3.16285448,237588.48048087
2020-04-01,EGX:MFPC,3.16285448,3.20359834,3.11731705,3.19161505,156740.05334711
2020-04-02,EGX:MFPC,3.19161505,3.2355546,3.19161505,3.19560948,159268.52250348
2020-04-05,EGX:MFPC,3.19560948,3.27310309,3.1356918,3.21238635,178432.31596095
2020-04-06,EGX:MFPC,3.21238635,3.25472841,3.15566436,3.19560948,48141.05136344
2020-04-07,EGX:MFPC,3.19560948,3.31544483,3.19560948,3.30426028,83339.34476801
2020-04-08,EGX:MFPC,3.30426028,3.43528019,3.27629846,3.33861308,151745.70090457
2020-04-09,EGX:MFPC,3.33861308,3.43448145,3.19560948,3.28029321,116835.30250295
2020-04-12,EGX:MFPC,3.28029321,3.35538995,3.27549971,3.31784146,29415.35899742
2020-04-13,EGX:MFPC,3.31784146,3.42729132,3.31784146,3.37056902,31092.66031898
2020-04-14,EGX:MFPC,3.37056902,3.50718156,3.37056902,3.43687799,114331.86769466
2020-04-15,EGX:MFPC,3.43687799,3.50718156,3.36337882,3.40731877,70208.82919853
2020-04-16,EGX:MFPC,3.40731877,3.42729132,3.35538995,3.35618869,2313374.03764568
2020-04-21,EGX:MFPC,3.35618869,3.47522531,3.33941182,3.36977019,210513.8330292
2020-04-22,EGX:MFPC,3.36977019,3.36977019,3.15965879,3.20919066,116409.71858554
2020-04-23,EGX:MFPC,3.20919066,3.35219426,3.18841936,3.20919066,238927.81810331
2020-04-26,EGX:MFPC,3.20919066,3.27549971,3.20359834,3.2371524,190461.32021479
2020-04-27,EGX:MFPC,3.2371524,3.2371524,3.1892181,3.19960391,44511.07089142
2020-04-28,EGX:MFPC,3.19960391,3.31544483,3.19640822,3.27549971,64838.96153474
2020-04-29,EGX:MFPC,3.27549971,3.27549971,3.21957647,3.24833703,142157.54558881
2020-04-30,EGX:MFPC,3.24833703,3.39453633,3.22037553,3.3306239,216972.69483459
2020-05-03,EGX:MFPC,3.3306239,3.35538995,3.18043041,3.29547227,441943.86388168
2020-05-04,EGX:MFPC,3.29547227,3.29547227,3.18762061,3.21478329,131905.98004886
2020-05-05,EGX:MFPC,3.21478329,3.35538995,3.21478329,3.28748341,93991.45987729
2020-05-06,EGX:MFPC,3.28748341,3.35538995,3.2371524,3.34021089,236036.35089973
2020-05-07,EGX:MFPC,3.34021089,3.34021089,3.03982344,3.13489306,269657.48037508
2020-05-10,EGX:MFPC,3.13489306,3.13489306,3.035829,3.03982344,302189.61570882
2020-05-11,EGX:MFPC,3.03982344,3.03982344,2.88403739,2.95034645,180960.78511733
2020-05-12,EGX:MFPC,2.95034645,3.11172481,2.95034645,3.06458957,119977.11318735
2020-05-13,EGX:MFPC,3.06458957,3.06458957,2.87604853,2.91040133,287794.86556115
2020-05-14,EGX:MFPC,2.91040133,2.95593877,2.85687471,2.89042877,103967.64758833
2020-05-17,EGX:MFPC,2.89042877,2.94715076,2.83850004,2.88004296,178494.90183116
2020-05-18,EGX:MFPC,2.88004296,2.88004296,2.75621317,2.8065441,253285.01672886
2020-05-19,EGX:MFPC,2.8065441,3.01186201,2.8065441,2.93197178,157253.25748281
2020-05-20,EGX:MFPC,2.93197178,2.93197178,2.85288028,2.88243991,22092.81218317
2020-05-21,EGX:MFPC,2.88243991,3.03103551,2.88243991,2.99508514,99110.98406025
2020-05-31,EGX:MFPC,2.99508514,3.15406655,2.99508514,3.07257843,169019.40108178
2020-06-01,EGX:MFPC,3.07257843,3.10213806,2.99508514,3.04222038,37664.17669074
2020-06-02,EGX:MFPC,3.04222038,3.1237081,3.02624226,3.11651798,60820.94866743
2020-06-03,EGX:MFPC,3.11651798,3.11651798,3.035829,3.06938274,105169.29629631
2020-06-04,EGX:MFPC,3.06938274,3.36977019,3.06938274,3.2307611,476991.95119775
2020-06-07,EGX:MFPC,3.2307611,3.39453633,3.2307611,3.29547227,434683.90293763
2020-06-08,EGX:MFPC,3.29547227,3.29547227,3.16365322,3.25792378,116059.23771238
2020-06-09,EGX:MFPC,3.25792378,3.25792378,3.11731705,3.17803355,151470.32307566
2020-06-10,EGX:MFPC,3.17803355,3.2355546,3.15566436,3.19880517,33495.95773494
2020-06-11,EGX:MFPC,3.19880517,3.19880517,3.03822563,3.10613249,325997.28073567
2020-06-14,EGX:MFPC,3.10613249,3.11571924,3.01186201,3.07737193,1087930.18181313
2020-06-15,EGX:MFPC,3.07737193,3.07737193,2.9343684,2.95833539,1514565.5418421
2020-06-16,EGX:MFPC,2.95833539,3.15166993,2.87604853,2.97511258,22329511.94429331
2020-06-17,EGX:MFPC,2.97511258,3.25392935,2.97511258,3.16045785,4748302.35240794
2020-06-18,EGX:MFPC,3.16045785,3.26751085,3.08456213,3.14208318,4394229.05029729
2020-06-21,EGX:MFPC,3.14208318,3.14607761,2.99588389,3.11252355,2671064.80305432
2020-06-22,EGX:MFPC,3.11252355,3.15566436,3.0478127,3.09015436,1213690.22940763
2020-06-23,EGX:MFPC,3.09015436,3.09015436,2.95753657,3.02784014,3110692.98973833
2020-06-24,EGX:MFPC,3.02784014,3.09894237,3.01985088,3.04222038,1882958.49105619
2020-06-25,EGX:MFPC,3.04222038,3.06139388,2.95753657,3.01186201,1525180.10542926
2020-06-28,EGX:MFPC,3.01186201,3.07577412,3.00467189,3.0406225,457702.98599987
2020-06-29,EGX:MFPC,3.0406225,3.15566436,3.00467189,3.06698612,3110592.852346
2020-06-30,EGX:MFPC,3.06698612,3.11731705,3.06059506,3.09654542,571183.68585971
2020-07-05,EGX:MFPC,3.09654542,3.34340626,3.04381787,3.2027996,2462528.68352367
2020-07-06,EGX:MFPC,3.2027996,3.41930206,3.2027996,3.31544483,1683972.97531917
2020-07-07,EGX:MFPC,3.31544483,3.64698948,3.31544483,3.5455288,3566731.19159069
2020-07-08,EGX:MFPC,3.5455288,3.89704568,3.52475717,3.75883557,2281655.51862464
2020-07-09,EGX:MFPC,3.75883557,3.75883557,3.39693287,3.60624522,2509217.7426983
2020-07-12,EGX:MFPC,3.60624522,3.81475881,3.60624522,3.75883557,2118206.25999131
2020-07-13,EGX:MFPC,3.75883557,3.91621941,3.73886301,3.84272024,1275750.37830517
2020-07-14,EGX:MFPC,3.84272024,3.84272024,3.59506066,3.67175521,316283.9536795
2020-07-15,EGX:MFPC,3.67175521,3.72368402,3.30505902,3.41450889,1253269.53372671
2020-07-16,EGX:MFPC,3.41450889,3.43607893,3.27390191,3.36258007,573874.87827862
2020-07-19,EGX:MFPC,3.36258007,3.36258007,3.19560948,3.28748341,393264.57403446
2020-07-20,EGX:MFPC,3.28748341,3.46723644,3.28748341,3.42649218,322780.36700702
2020-07-21,EGX:MFPC,3.42649218,3.61583196,3.42649218,3.53514298,441806.17496722
2020-07-22,EGX:MFPC,3.53514298,3.53514298,3.45125832,3.46084506,118237.22599559
2020-07-26,EGX:MFPC,3.46084506,3.51517043,3.35538995,3.41850332,295367.75585623
2020-07-27,EGX:MFPC,3.41850332,3.7372652,3.37935694,3.59026717,687005.0972653
2020-07-28,EGX:MFPC,3.59026717,3.67095647,3.55511554,3.59106623,2623098.99212746
2020-07-29,EGX:MFPC,3.59106623,3.64299464,3.55591429,3.62302209,4467179.14061089
2020-08-04,EGX:MFPC,3.62302209,3.6749509,3.59506066,3.63021229,248853.93711818
2020-08-05,EGX:MFPC,3.63021229,3.6749509,3.58307697,3.62062554,288182.89795644
2020-08-06,EGX:MFPC,3.62062554,3.62062554,3.56709924,3.59346286,881797.35969843
2020-08-09,EGX:MFPC,3.59346286,3.83473137,3.59346286,3.76043345,2575383.52468144
2020-08-10,EGX:MFPC,3.76043345,4.13591757,3.72687971,4.00649554,4735271.97423079
2020-08-11,EGX:MFPC,4.00649554,4.23418256,3.99451185,4.09996696,477054.53706796
2020-08-12,EGX:MFPC,4.09996696,4.15429232,3.92420836,4.01448441,233520.3989174
2020-08-13,EGX:MFPC,4.01448441,4.15429232,4.01448441,4.12553176,273362.56389135
2020-08-16,EGX:MFPC,4.12553176,4.21261219,4.03445697,4.10875489,460168.86928604
2020-08-17,EGX:MFPC,4.10875489,4.14949883,3.92740405,4.03525571,401150.39368057
2020-08-18,EGX:MFPC,4.03525571,4.10396139,3.99451185,4.0264681,222655.49184941
2020-08-19,EGX:MFPC,4.0264681,4.08239095,3.94737661,3.99291404,477192.22598242
2020-08-23,EGX:MFPC,3.99291404,4.23338382,3.99291404,4.13831419,700673.85131857
2020-08-24,EGX:MFPC,4.13831419,4.23418256,4.07440208,4.1678735,823242.0195325
2020-08-25,EGX:MFPC,4.1678735,4.1678735,4.03445697,4.07599989,646587.14228544
2020-08-26,EGX:MFPC,4.07599989,4.07839652,4.01847884,4.03525571,275089.93390907
2020-08-27,EGX:MFPC,4.03525571,4.19423744,4.02327241,4.11594501,1411799.54296175
2020-08-30,EGX:MFPC,4.11594501,4.39396303,4.11594501,4.26454093,2687086.78582739
2020-08-31,EGX:MFPC,4.26454093,4.27412768,4.07440208,4.15828675,1033104.95951155
2020-09-01,EGX:MFPC,4.15828675,4.19263963,4.0384514,4.12872745,964736.15489712
2020-09-02,EGX:MFPC,4.12872745,4.15429232,4.01847884,4.07839652,2777873.84915007
2020-09-03,EGX:MFPC,4.07839652,4.07839652,3.83632918,3.99610965,2248822.9711139
2020-09-06,EGX:MFPC,3.99610965,3.99610965,3.79079182,3.84751381,771959.15748466
2020-09-07,EGX:MFPC,3.84751381,3.91462161,3.76203126,3.84991044,900047.39945087
2020-09-08,EGX:MFPC,3.84991044,3.84991044,3.6749509,3.71809171,781497.24410425
2020-09-09,EGX:MFPC,3.71809171,3.86668763,3.6749509,3.80756869,508272.36912735
2020-09-10,EGX:MFPC,3.80756869,3.94418092,3.80756869,3.84351938,73963.98141096
2020-09-13,EGX:MFPC,3.89944254,3.91462161,3.83473137,3.85869836,401350.66846524
2020-09-14,EGX:MFPC,3.85869836,3.85869836,3.69492346,3.77721032,321929.1991722
2020-09-15,EGX:MFPC,3.77721032,3.82274768,3.73167289,3.7700202,84052.82368838
2020-09-16,EGX:MFPC,3.7700202,3.93139848,3.73646638,3.8626928,753033.19033398
2020-09-17,EGX:MFPC,3.8626928,3.91382287,3.82115019,3.86109531,491737.18221859
2020-09-20,EGX:MFPC,3.86109531,3.92181173,3.83073694,3.91142592,249292.03820963
2020-09-21,EGX:MFPC,3.91142592,4.03445697,3.75484114,3.88825767,1240702.29098909
2020-09-22,EGX:MFPC,3.88825767,4.15349358,3.79478625,3.91701824,5283899.71246779
2020-09-23,EGX:MFPC,3.91701824,4.05043509,3.84751381,3.93459417,741279.56390905
2020-09-24,EGX:MFPC,3.93459417,4.07440208,3.91062718,3.96734917,678881.45131239
2020-09-27,EGX:MFPC,3.96734917,3.99451185,3.87547523,3.90183917,281986.89680591
2020-09-28,EGX:MFPC,3.90183917,3.95456673,3.81715544,3.84991044,369682.21814035
2020-09-29,EGX:MFPC,3.84991044,3.87467649,3.79478625,3.79878069,618123.08851517
2020-09-30,EGX:MFPC,3.79878069,3.87467649,3.76283,3.82514462,191362.55674578
2020-10-01,EGX:MFPC,3.82514462,3.99211522,3.82514462,3.91462161,247301.80753704
2020-10-04,EGX:MFPC,3.91462161,3.96655042,3.83473137,3.8507095,543608.35144638
2020-10-05,EGX:MFPC,3.8507095,3.87467649,3.76522695,3.8179545,253022.15607399
2020-10-06,EGX:MFPC,3.8179545,3.89864348,3.80676995,3.83632918,208548.63670469
2020-10-07,EGX:MFPC,3.83632918,3.87467649,3.77880813,3.81475881,207309.43647459
2020-10-11,EGX:MFPC,3.81475881,3.83473137,3.75643894,3.78999276,348878.67488345
2020-10-12,EGX:MFPC,3.78999276,3.89065462,3.76283,3.81955231,478118.49686148
2020-10-13,EGX:MFPC,3.81955231,3.81955231,3.71489602,3.75643894,471346.70570506
2020-10-14,EGX:MFPC,3.75643894,3.84991044,3.75643894,3.81555756,178119.38660992
2020-10-15,EGX:MFPC,3.81555756,3.83473137,3.76682483,3.78759613,216121.52699977
2020-10-18,EGX:MFPC,3.78759613,3.78759613,3.69172777,3.73167289,315858.36976209
2020-10-19,EGX:MFPC,3.73167289,3.75484114,3.64299464,3.68613545,272836.84258161
2020-10-20,EGX:MFPC,3.68613545,3.80277512,3.61503322,3.71889045,814742.85835835
2020-10-21,EGX:MFPC,3.71889045,3.73007508,3.55591429,3.67095647,570320.00085085
2020-10-22,EGX:MFPC,3.67095647,3.67095647,3.39533507,3.4991923,495642.54051952
2020-10-25,EGX:MFPC,3.4991923,3.63500578,3.43528019,3.56310441,294103.52127804
2020-10-26,EGX:MFPC,3.56310441,3.59506066,3.47522531,3.51357262,472573.38876112
2020-10-27,EGX:MFPC,3.51357262,3.74685227,3.51357262,3.66536415,265188.84924228
2020-10-28,EGX:MFPC,3.66536415,3.79478625,3.56310441,3.71090159,1077753.71931742
2020-11-01,EGX:MFPC,3.71090159,3.71090159,3.59665847,3.64858696,561282.60119292
2020-11-02,EGX:MFPC,3.64858696,3.90663275,3.64858696,3.77241707,1504676.97434935
2020-11-03,EGX:MFPC,3.77241707,3.82674251,3.71489602,3.78919394,281448.65832213
2020-11-04,EGX:MFPC,3.78919394,3.89624686,3.77081926,3.82913906,299949.0415554
2020-11-05,EGX:MFPC,3.82913906,3.83233475,3.74365658,3.76922138,209562.52780205
2020-11-08,EGX:MFPC,3.76922138,3.83473137,3.72687971,3.76762357,98585.26275051
2020-11-09,EGX:MFPC,3.76762357,3.83473137,3.71649382,3.76522695,282650.30703011
2020-11-10,EGX:MFPC,3.76522695,3.91222498,3.76522695,3.82354682,329401.95207495
2020-11-11,EGX:MFPC,3.82354682,3.82354682,3.77081926,3.79159057,210939.41694661
2020-11-12,EGX:MFPC,3.79159057,3.83393263,3.75484114,3.76442788,505042.93822466
2020-11-15,EGX:MFPC,3.76442788,3.85470393,3.73966207,3.76762357,70058.62311003
2020-11-16,EGX:MFPC,3.76762357,3.83393263,3.74285744,3.75484114,556864.03875628
2020-11-17,EGX:MFPC,3.75484114,3.80996532,3.72687971,3.76123251,650054.39949492
2020-11-18,EGX:MFPC,3.76123251,3.84351938,3.75484114,3.79638406,557064.31354095
2020-11-19,EGX:MFPC,3.79638406,3.9385886,3.79638406,3.88586104,1367776.64185795
2020-11-22,EGX:MFPC,3.88586104,3.91462161,3.75723776,3.84671507,456301.06250723
2020-11-23,EGX:MFPC,3.84671507,4.17825931,3.84671507,4.01368566,3425524.95122903
2020-11-24,EGX:MFPC,4.01368566,4.29809467,4.01368566,4.1934387,2910630.99703374
2020-11-25,EGX:MFPC,4.1934387,4.2022263,3.99451185,4.08558664,763898.09740196
2020-11-26,EGX:MFPC,4.08558664,4.35401791,4.04084834,4.2094165,1726381.16097162
2020-11-29,EGX:MFPC,4.2094165,4.40994116,4.17426488,4.29090455,4989458.22749063
2020-11-30,EGX:MFPC,4.29090455,4.29090455,4.12712964,4.17346614,993287.82888568
2020-12-01,EGX:MFPC,4.17346614,4.22140012,4.13112407,4.17666151,1099258.22432064
2020-12-02,EGX:MFPC,4.17666151,4.23418256,4.12233607,4.15269452,1000597.85852589
2020-12-03,EGX:MFPC,4.15269452,4.23418256,4.13032533,4.17346614,958227.22439556
2020-12-06,EGX:MFPC,4.17346614,4.3020891,4.14310777,4.20622113,1004928.80074423
2020-12-07,EGX:MFPC,4.20622113,4.40594673,4.19823187,4.33803979,1097017.65016722
2020-12-08,EGX:MFPC,4.33803979,4.47305453,4.27892117,4.40035441,1928583.59043729
2020-12-09,EGX:MFPC,4.40035441,4.51379839,4.31487154,4.42032697,2309381.05912646
2020-12-10,EGX:MFPC,4.42032697,4.62484574,4.39396303,4.56972163,3968519.96114738
2020-12-13,EGX:MFPC,4.56972163,4.72950211,4.55374351,4.67917118,1939673.80663802
2020-12-14,EGX:MFPC,4.67917118,4.78462621,4.64242175,4.73030085,1476575.91862628
2020-12-15,EGX:MFPC,4.73030085,4.73669223,4.61366118,4.70473597,1389281.14686117
2020-12-16,EGX:MFPC,4.70473597,4.70473597,4.48184213,4.56093363,448477.82873132
2020-12-17,EGX:MFPC,4.56093363,4.63363374,4.47385327,4.60487318,2639884.52251706
2020-12-20,EGX:MFPC,4.60487318,5.57154496,4.60487318,5.52121435,4186443.96120912
2020-12-21,EGX:MFPC,5.52121435,5.75609181,4.96917282,5.44372067,2696574.80375081
2020-12-22,EGX:MFPC,5.44372067,5.7441082,5.31349982,5.48606241,2127957.1385696
2020-12-23,EGX:MFPC,5.48606241,5.48606241,5.11696992,5.2112404,1392222.68276091
2020-12-24,EGX:MFPC,5.2112404,5.39019437,5.11297516,5.19845772,563398.00360592
2020-12-27,EGX:MFPC,5.19845772,5.27275564,5.03308493,5.11457273,609636.44451506
2020-12-28,EGX:MFPC,5.11457273,5.1928654,4.91324957,5.06743773,2677748.97399246
2020-12-29,EGX:MFPC,5.06743773,5.06743773,4.68156772,4.80539791,2220596.74365041
2020-12-30,EGX:MFPC,4.80539791,4.80939234,4.6536063,4.70393723,638225.67002575
2020-12-31,EGX:MFPC,4.70393723,4.78542535,4.64322049,4.69275268,556200.62853209
2021-01-03,EGX:MFPC,4.69275268,4.87330445,4.64242175,4.79660991,557702.68941706
2021-01-04,EGX:MFPC,4.79660991,4.82457133,4.55374351,4.63922606,862358.18841205
2021-01-05,EGX:MFPC,4.63922606,4.79341422,4.55374351,4.66798654,1059979.33217856
2021-01-06,EGX:MFPC,4.66798654,4.89327701,4.66798654,4.8413482,1344194.28596385
2021-01-10,EGX:MFPC,4.8413482,4.99313981,4.81818027,4.9484012,916645.17222985
2021-01-11,EGX:MFPC,4.9484012,5.08022017,4.93721656,5.02669355,416483.93188136
2021-01-12,EGX:MFPC,5.02669355,5.42854136,4.95399343,5.2000552,25906870.2166452
2021-01-13,EGX:MFPC,5.2000552,5.43253611,5.1928654,5.35104831,3258983.95060746
2021-01-14,EGX:MFPC,5.35104831,5.35424344,5.24878833,5.32628194,1141478.65236247
2021-01-17,EGX:MFPC,5.32628194,5.59231659,5.32628194,5.46928554,4407910.3215246
2021-01-18,EGX:MFPC,5.46928554,5.59231659,5.35264588,5.48686147,1405703.67920356
2021-01-19,EGX:MFPC,5.48686147,5.48686147,5.35743913,5.46129668,2666032.89908966
2021-01-20,EGX:MFPC,5.46129668,5.56834928,5.44851392,5.50603497,595429.45197801
2021-01-21,EGX:MFPC,5.50603497,5.51242635,5.4085688,5.50204086,3292830.38921555
2021-01-24,EGX:MFPC,5.50204086,5.55237147,5.48766054,5.51242635,777366.57667057
2021-01-25,EGX:MFPC,5.51242635,5.64344626,5.47328029,5.55317053,2013787.99413748
2021-01-26,EGX:MFPC,5.55317053,5.67220682,5.55237147,5.6170824,2858809.89650212
2021-01-27,EGX:MFPC,5.6170824,5.67220682,5.57633878,5.64584288,725232.5467879
2021-01-31,EGX:MFPC,5.64584288,5.67220682,5.5084316,5.60829439,2309080.64694946
2021-02-01,EGX:MFPC,5.60829439,6.15154824,5.60829439,5.86713916,12366292.02556003
2021-02-02,EGX:MFPC,5.86713916,6.39121896,5.86713916,6.09242963,3981362.58171391
2021-02-03,EGX:MFPC,6.09242963,6.09242963,5.97259427,6.03970175,571346.40912225
2021-02-04,EGX:MFPC,6.03970175,6.03970175,5.83358486,5.92386123,580871.9785678
2021-02-07,EGX:MFPC,5.92386123,6.14355938,5.91187753,6.05887525,3513633.33930683
2021-02-08,EGX:MFPC,6.05887525,6.31132872,5.95342022,6.14915162,5435545.27598003
2021-02-09,EGX:MFPC,6.14915162,6.15154824,5.99336534,6.06926138,196582.21832106
2021-02-10,EGX:MFPC,6.06926138,6.23143848,6.06926138,6.1092065,942768.51445436
2021-02-11,EGX:MFPC,6.1092065,6.22344962,6.07325557,6.13317325,2535115.77579007
2021-02-14,EGX:MFPC,6.13317325,6.47110919,6.13317325,6.30653546,2148297.54638697
2021-02-15,EGX:MFPC,6.30653546,6.31132872,6.19948223,6.2370308,628474.79144745
2021-02-16,EGX:MFPC,6.2370308,6.29774754,6.19229243,6.24981348,2419194.22699215
2021-02-17,EGX:MFPC,6.24981348,6.47110919,6.23143848,6.3336979,1386477.29987589
2021-02-18,EGX:MFPC,6.3336979,6.38163189,6.2713836,6.31372535,168168.23324696
2021-02-21,EGX:MFPC,6.31372535,6.3800344,6.28816047,6.31132872,777241.40493015
2021-02-22,EGX:MFPC,6.31132872,6.39121896,6.19149336,6.35686615,1530800.31657387
2021-02-23,EGX:MFPC,6.35686615,6.37923526,6.19788474,6.30893209,2155344.71537231
2021-02-24,EGX:MFPC,6.30893209,6.31052966,6.07245707,6.1627328,493376.93201802
2021-02-25,EGX:MFPC,6.1627328,6.30413892,6.14355938,6.20507454,694452.81581996
2021-02-28,EGX:MFPC,6.20507454,6.31532347,6.07165801,6.16752605,1157024.98252196
2021-03-01,EGX:MFPC,6.16752605,6.19149336,6.07565276,6.11000556,183564.35731795
2021-03-02,EGX:MFPC,6.11000556,6.38323009,6.11000556,6.25380767,2606150.73847533
2021-03-03,EGX:MFPC,6.25380767,6.2713836,5.99176777,6.07325557,2355344.12220669
2021-03-04,EGX:MFPC,6.07325557,6.07325557,5.99176777,5.99576252,295104.89520136
2021-03-07,EGX:MFPC,5.99576252,6.19788474,5.99576252,6.12758093,633681.9358487
2021-03-08,EGX:MFPC,6.12758093,6.12758093,5.9558174,6.06047345,299423.32024566
2021-03-09,EGX:MFPC,6.06047345,6.15074918,5.96780046,6.01893013,762571.27695357
2021-03-10,EGX:MFPC,6.01893013,6.01893013,5.8319873,5.91107847,548439.98062638
2021-03-11,EGX:MFPC,5.91107847,5.99176777,5.87193242,5.97419184,39854.682148
2021-03-14,EGX:MFPC,5.97419184,6.15394487,5.8943016,6.03890269,811951.52854711
2021-03-15,EGX:MFPC,6.03890269,6.07165801,5.94303465,6.04529407,2584233.16672874
2021-03-16,EGX:MFPC,6.04529407,6.34328497,5.95342022,6.07085895,945997.94535706
2021-03-17,EGX:MFPC,6.07085895,6.14995068,5.59631134,5.9198664,112454.29158844
2021-03-18,EGX:MFPC,5.9198664,5.9198664,5.67220682,5.81760705,62610.90455536
2021-03-21,EGX:MFPC,5.81760705,5.87832379,5.59391415,5.72173901,571171.16868567
2021-03-22,EGX:MFPC,5.72173901,5.72173901,5.59231659,5.60030545,1708256.29295959
2021-03-23,EGX:MFPC,5.60030545,5.751298,5.47248123,5.60829439,882310.56383413
2021-03-24,EGX:MFPC,5.60829439,5.67220682,5.59231659,5.60350114,8689960.45806236
2021-03-25,EGX:MFPC,5.60350114,5.70016825,5.59231659,5.61947895,101689.52191279
2021-03-28,EGX:MFPC,5.61947895,5.87193242,5.61947895,5.82080274,461145.20886127
2021-03-29,EGX:MFPC,5.82080274,5.93185009,5.75209706,5.86314441,196757.45875764
2021-03-30,EGX:MFPC,5.86314441,5.86314441,5.70256487,5.778461,22105.32935721
2021-03-31,EGX:MFPC,5.778461,5.94383379,5.59231659,5.73771682,92990.08595397
2021-04-01,EGX:MFPC,5.73771682,5.76008592,5.61228915,5.74570568,217335.6928818
2021-04-04,EGX:MFPC,5.74570568,5.74570568,5.51242635,5.58592521,169182.12434432
2021-04-05,EGX:MFPC,5.58592521,5.58592521,5.11696992,5.44931298,341994.22916065
2021-04-06,EGX:MFPC,5.44931298,5.46449237,5.17688759,5.35184681,470220.16004133
2021-04-07,EGX:MFPC,5.35184681,5.58352858,5.35184681,5.35184681,10326.6685842
2021-04-08,EGX:MFPC,5.35184681,5.75209706,5.35184681,5.58432772,390147.79769813
2021-04-11,EGX:MFPC,5.58432772,5.74810231,5.27515227,5.69537507,2008155.26581883
2021-04-12,EGX:MFPC,5.69537507,5.81201474,5.67220682,5.72413564,132894.83679814
2021-04-13,EGX:MFPC,5.72413564,5.80003104,5.59231659,5.62187621,27963.36680861
2021-04-14,EGX:MFPC,5.62187621,5.75049949,5.43253611,5.50603497,492763.59048999
2021-04-15,EGX:MFPC,5.50603497,5.67220682,5.50603497,5.56275696,193978.64612044
2021-04-18,EGX:MFPC,5.56275696,5.76008592,5.56275696,5.73691775,212203.6515248
2021-04-19,EGX:MFPC,5.73691775,5.93185009,5.73691775,5.86554104,79258.7460305
2021-04-20,EGX:MFPC,5.86554104,5.97578996,5.75209706,5.86394355,39641.89018929
2021-04-21,EGX:MFPC,5.86394355,5.91187753,5.86394355,5.91107847,76392.313175
2021-04-22,EGX:MFPC,5.91107847,5.91187753,5.8319873,5.91107847,13631.20253115
2021-04-25,EGX:MFPC,5.91107847,5.91107847,5.79204218,5.80482494,565575.99188914
2021-04-26,EGX:MFPC,5.80482494,5.80482494,5.52520911,5.55157241,88346.21438459
2021-04-27,EGX:MFPC,5.55157241,5.85595461,5.51562204,5.76088507,197696.24681075
2021-04-28,EGX:MFPC,5.76088507,5.82080274,5.67300588,5.76088507,3417.18851332
2021-05-04,EGX:MFPC,5.76088507,6.23143848,5.76088507,5.96780046,1117871.26212029
2021-05-05,EGX:MFPC,5.96780046,5.99096871,5.83278636,5.90948091,68231.11569998
2021-05-06,EGX:MFPC,5.90948091,5.99176777,5.87193242,5.94862696,240429.87898828
2021-05-09,EGX:MFPC,5.94862696,5.99176777,5.91187753,5.95342022,1435156.58972311
2021-05-10,EGX:MFPC,5.95342022,5.97099615,5.8319873,5.94303465,85517.33305123
2021-05-11,EGX:MFPC,5.94303465,5.94303465,5.87193242,5.94303465,2065.33371684
2021-05-17,EGX:MFPC,5.94303465,6.15154824,5.94303465,6.11719544,1405065.30332745
2021-05-18,EGX:MFPC,6.11719544,6.35127384,6.11719544,6.20028137,1666924.5842747
2021-05-19,EGX:MFPC,6.20028137,6.35047477,6.20028137,6.28176909,277055.13023358
2021-05-20,EGX:MFPC,6.28176909,6.3712464,5.75449369,6.29774754,350843.87120796
2021-05-23,EGX:MFPC,6.29774754,6.39121896,6.2713836,6.31931758,346375.24007516
2021-05-24,EGX:MFPC,6.31931758,6.39121896,6.01094127,6.29614941,762446.10521315
2021-05-25,EGX:MFPC,6.29614941,6.29614941,5.83997616,6.16752605,141156.1716655
2021-05-26,EGX:MFPC,6.16752605,6.16752605,6.00295232,6.03171289,192626.79132396
2021-05-27,EGX:MFPC,6.03171289,6.15154824,5.67220682,5.86154692,3043288.00752509
2021-05-30,EGX:MFPC,5.86154692,5.86154692,5.69217938,5.73611925,35260.87927478
2021-05-31,EGX:MFPC,5.73611925,5.95182265,5.73611925,5.82559592,451644.67376381
2021-06-01,EGX:MFPC,5.82559592,5.91187753,5.73611925,5.88631266,524444.55798891
2021-06-02,EGX:MFPC,5.88631266,5.88711172,5.75209706,5.84956323,546687.57626058
2021-06-03,EGX:MFPC,5.84956323,5.84956323,5.51242635,5.65223426,128964.44414912
2021-06-06,EGX:MFPC,5.65223426,5.91107847,5.51242635,5.71614669,392087.95967456
2021-06-07,EGX:MFPC,5.71614669,5.99176777,5.71614669,5.92705684,121792.10342336
2021-06-08,EGX:MFPC,5.92705684,5.92705684,5.60030545,5.69217938,136987.95270969
2021-06-09,EGX:MFPC,5.69217938,6.07165801,5.69217938,5.94862696,600761.76811967
2021-06-10,EGX:MFPC,5.94862696,6.23143848,5.93824147,6.12758093,404141.99827648
2021-06-13,EGX:MFPC,6.12758093,6.15074918,5.81441136,6.0476907,419262.74451856
2021-06-14,EGX:MFPC,6.0476907,6.0476907,5.8319873,5.98377891,140217.38361239
2021-06-15,EGX:MFPC,5.98377891,6.03091383,5.79363974,5.98377891,16021.98277306
2021-06-16,EGX:MFPC,5.98377891,6.15154824,5.91187753,6.04449565,354511.40320211
2021-06-17,EGX:MFPC,6.04449565,6.07165801,5.94303465,6.05967431,218937.8911591
2021-06-20,EGX:MFPC,6.05967431,6.15154824,5.95262171,6.10281512,95118.00554102
2021-06-21,EGX:MFPC,6.10281512,6.10281512,5.94623034,6.04609313,442557.20540971
2021-06-22,EGX:MFPC,6.04609313,6.12758093,5.99176777,6.04609313,529776.87413057
2021-06-23,EGX:MFPC,6.04609313,6.07165801,5.83278636,6.03570764,361107.95392196
2021-06-24,EGX:MFPC,6.03570764,6.11160313,5.83358486,6.06846232,356088.56713133
2021-06-27,EGX:MFPC,6.06846232,6.07165801,5.99256683,6.03570764,37664.17669074
2021-06-28,EGX:MFPC,6.03570764,6.15154824,5.92785534,6.07405463,547138.19452607
2021-06-29,EGX:MFPC,6.07405463,6.15154824,5.93185009,6.05088639,130716.84851492
2021-06-30,EGX:MFPC,6.05088639,6.15154824,5.96460541,6.07884781,583675.82555308
2021-07-04,EGX:MFPC,6.07884781,6.55099943,6.07884781,6.30813303,1424654.68070233
2021-07-05,EGX:MFPC,6.30813303,6.30813303,6.13157569,6.20747117,69520.38462625
2021-07-06,EGX:MFPC,6.20747117,6.20747117,5.9941644,6.05328301,349254.1901047
2021-07-07,EGX:MFPC,6.05328301,6.15154824,6.03251195,6.14036369,336549.25845262
2021-07-08,EGX:MFPC,6.14036369,6.15154824,5.9941644,6.11959199,562133.76902774
2021-07-11,EGX:MFPC,6.11959199,6.15154824,5.99496346,6.13157569,33858.95578214
2021-07-12,EGX:MFPC,6.13157569,6.23143848,6.03251195,6.14755349,107610.14523439
2021-07-13,EGX:MFPC,6.14755349,6.31132872,6.03331045,6.17791218,567791.53169447
2021-07-14,EGX:MFPC,6.17791218,6.31132872,6.17791218,6.26259559,389209.00964502
2021-07-15,EGX:MFPC,6.26259559,6.31132872,6.13157569,6.24981348,762771.55173823
2021-07-18,EGX:MFPC,6.24981348,6.38323009,6.23143848,6.30413892,298083.98262323
2021-07-25,EGX:MFPC,6.30413892,6.39121896,6.27697592,6.3784362,409774.72659514
2021-07-26,EGX:MFPC,6.3784362,6.39041989,6.1715208,6.24342218,64663.72109816
2021-07-27,EGX:MFPC,6.24342218,6.31132872,6.1715208,6.23543323,224858.51448071
2021-07-28,EGX:MFPC,6.23543323,6.23543323,6.12119019,6.14995068,453584.83574023
2021-07-29,EGX:MFPC,6.14995068,6.15154824,6.03970175,6.06526663,132481.77005477
2021-08-01,EGX:MFPC,6.06526663,6.31132872,6.06526663,6.23303605,152609.38591343
2021-08-02,EGX:MFPC,6.23303605,6.24022649,6.08843488,6.15474393,426860.66916172
2021-08-03,EGX:MFPC,6.15474393,6.23143848,6.11160313,6.19948223,107459.9391459
2021-08-04,EGX:MFPC,6.19948223,6.31132872,6.16752605,6.24342218,483776.25952822
2021-08-05,EGX:MFPC,6.24342218,6.34727909,6.18430356,6.25380767,21754.84848405
2021-08-08,EGX:MFPC,6.25380767,6.31132872,6.15234731,6.21386255,152984.90113467
2021-08-09,EGX:MFPC,6.21386255,6.2713836,6.15154824,6.20906929,494428.3746375
2021-08-10,EGX:MFPC,6.20906929,6.20986836,6.20906929,6.20906929,8424.0581299
2021-08-11,EGX:MFPC,6.20906929,6.23143848,6.20906929,6.23143848,25660.20678498
2021-08-15,EGX:MFPC,6.23143848,6.26259559,6.08763582,6.22344962,463135.43953386
2021-08-16,EGX:MFPC,6.22344962,6.26259559,6.15074918,6.16113531,398809.68213482
2021-08-17,EGX:MFPC,6.16113531,6.16113531,6.07964687,6.13796706,122518.09951777
2021-08-18,EGX:MFPC,6.13796706,6.13796706,6.07165801,6.090033,159318.59119965
2021-08-19,EGX:MFPC,6.090033,6.22344962,5.99256683,6.03091383,136462.23139995
2021-08-22,EGX:MFPC,6.03091383,6.15154824,5.91187753,6.03650614,38277.51821877
2021-08-23,EGX:MFPC,6.03650614,6.07165801,5.9286544,6.02452309,295104.89520136
2021-08-24,EGX:MFPC,6.02452309,6.22344962,5.92785534,6.02532151,238064.13309445
2021-08-25,EGX:MFPC,6.02532151,6.07165801,5.95182265,6.03490858,1038149.38065026
2021-08-26,EGX:MFPC,6.03490858,6.63807947,6.03490858,6.56537967,7035740.80543973
2021-08-29,EGX:MFPC,6.56537967,6.95045061,6.56537967,6.68361754,1927457.04477356
2021-08-30,EGX:MFPC,6.68361754,6.70678515,6.39201802,6.46471781,942443.06792929
2021-08-31,EGX:MFPC,6.46471781,6.63088967,6.39840876,6.58535223,404054.37805819
2021-09-01,EGX:MFPC,6.58535223,6.6229008,6.4950765,6.54221142,342394.77872998
2021-09-02,EGX:MFPC,6.54221142,6.63088967,6.47590245,6.55739081,243997.2735901
2021-09-05,EGX:MFPC,6.55739081,6.65086223,6.43116407,6.4862885,349930.11750294
2021-09-06,EGX:MFPC,6.4862885,6.59094455,6.39121896,6.45513138,303115.88658789
2021-09-07,EGX:MFPC,6.45513138,6.55099943,6.39121896,6.53422256,340379.51370931
2021-09-08,EGX:MFPC,6.53422256,6.67083478,6.53422256,6.61491186,3768608.17453129
2021-09-09,EGX:MFPC,6.61491186,6.63088967,6.49587501,6.55259699,90436.58244952
2021-09-12,EGX:MFPC,6.55259699,6.7107799,6.53901573,6.7107799,67079.53568816
2021-09-13,EGX:MFPC,6.7107799,6.95045061,6.67482954,6.86896281,220602.67530662
2021-09-14,EGX:MFPC,6.86896281,6.86976131,6.66124772,6.83061526,56427.42057888
2021-09-15,EGX:MFPC,6.83061526,6.87056038,6.63967767,6.7914692,2340786.64879647
2021-09-16,EGX:MFPC,6.7914692,6.83061526,6.67083478,6.7914692,11753.62642493
2021-09-19,EGX:MFPC,6.7914692,7.18213246,6.60292824,7.03193842,1491020.73747012
2021-09-20,EGX:MFPC,7.03193842,7.03193842,6.67882365,6.9105055,248878.97146626
2021-09-21,EGX:MFPC,6.9105055,6.95045061,6.63168873,6.7914692,256827.37698259
2021-09-22,EGX:MFPC,6.7914692,7.10863352,6.71876877,7.10863352,353059.4110133
2021-09-23,EGX:MFPC,7.10863352,7.23006644,6.79067014,7.14937714,7139570.76411361
2021-09-26,EGX:MFPC,7.14937714,7.30995668,6.79067014,7.27400631,379220.30475994
2021-09-27,EGX:MFPC,7.27400631,7.27400631,7.04791678,7.18053426,914917.80221212
2021-09-28,EGX:MFPC,7.18053426,7.19012132,6.99039573,7.1341984,845898.10454754
2021-09-29,EGX:MFPC,7.1341984,7.1341984,6.96243431,7.0726826,323556.43179759
2021-09-30,EGX:MFPC,7.0726826,7.11023109,7.01436304,7.02874329,831966.4898394
2021-10-03,EGX:MFPC,7.02874329,7.42979204,7.02874329,7.08945947,1733115.40060592
2021-10-04,EGX:MFPC,7.08945947,7.23006644,7.08945947,7.11023109,191199.83348324
2021-10-05,EGX:MFPC,7.11023109,7.46973715,7.11023109,7.12061658,1518858.93253832
2021-10-06,EGX:MFPC,7.12061658,7.2692125,7.12061658,7.22687075,166415.82888115
2021-10-10,EGX:MFPC,7.22687075,7.42979204,7.19012132,7.42979204,1658462.97462268
2021-10-11,EGX:MFPC,7.42979204,7.58797494,7.40822191,7.50089427,882160.35774563
2021-10-12,EGX:MFPC,7.50089427,7.58957251,7.4305911,7.57758881,2179290.06931361
2021-10-13,EGX:MFPC,7.57758881,7.82924322,7.42979204,7.78849904,2248935.62568027
2021-10-14,EGX:MFPC,7.78849904,7.86918834,7.62951763,7.74376067,1056136.55974783
2021-10-17,EGX:MFPC,7.74376067,7.82924322,7.48651402,7.74935298,116259.51249704
2021-10-18,EGX:MFPC,7.74935298,7.74935298,7.5656052,7.599958,364700.38287185
2021-10-19,EGX:MFPC,7.599958,7.82844416,7.35389655,7.55282308,1297768.08744409
2021-10-20,EGX:MFPC,7.55282308,8.14880417,7.49370446,7.98902369,1392447.99189366
2021-10-24,EGX:MFPC,7.98902369,8.30858464,7.98902369,8.28142196,4047490.81217492
2021-10-25,EGX:MFPC,8.28142196,8.38847488,7.98902369,8.30858464,1621086.69293489
2021-10-26,EGX:MFPC,8.30858464,8.46836512,8.00580064,8.22390099,1342942.5685597
2021-10-27,EGX:MFPC,8.22390099,8.30459013,7.98902369,8.14880417,224570.61947776
2021-10-28,EGX:MFPC,8.14880417,8.14960307,7.94188877,8.14081514,619437.39178952
2021-10-31,EGX:MFPC,8.14081514,8.2286944,7.58957251,7.90833439,1855646.01729773
2021-11-01,EGX:MFPC,7.90833439,8.06811503,7.62152876,7.66946275,1273897.83654703
2021-11-02,EGX:MFPC,7.66946275,8.02896881,7.50968227,7.74535823,1819296.14388134
2021-11-03,EGX:MFPC,7.74535823,7.84921578,7.56959995,7.74056498,613391.5967275
2021-11-04,EGX:MFPC,7.74056498,7.74056498,7.19012132,7.34510854,388495.53072466
2021-11-07,EGX:MFPC,7.34510854,7.58957251,7.19012132,7.25563132,731791.54598563
2021-11-08,EGX:MFPC,7.25563132,7.34191293,7.11901909,7.19411608,1308082.23885425
2021-11-09,EGX:MFPC,7.19411608,7.50968227,6.95124968,7.03513411,925820.26080223
2021-11-10,EGX:MFPC,7.03513411,7.42899297,6.91529875,7.19012132,1629648.43997925
2021-11-11,EGX:MFPC,7.19012132,7.27001156,6.95045061,7.27001156,607120.49253273
2021-11-14,EGX:MFPC,7.27001156,7.58957251,7.23406119,7.34910274,8688821.39522458
2021-11-15,EGX:MFPC,7.34910274,7.50968227,7.21888189,7.37227098,62673.49042557
2021-11-16,EGX:MFPC,7.37227098,7.50968227,7.27001156,7.42260223,195092.67461013
2021-11-17,EGX:MFPC,7.42260223,7.50968227,6.87056038,7.47772602,156965.36247985
2021-11-18,EGX:MFPC,7.47772602,7.47772602,7.19411608,7.27879957,302740.37136665
2021-11-21,EGX:MFPC,7.27879957,8.38607817,7.19811019,7.27081062,2922697.55280971
2021-11-22,EGX:MFPC,7.27081062,7.42979204,7.23805531,7.34191293,992148.76604791
2021-11-23,EGX:MFPC,7.34191293,7.41381423,7.19092039,7.41381423,390272.96943855
2021-11-24,EGX:MFPC,7.41381423,7.46973715,7.28199526,7.42819447,331404.69992158
2021-11-25,EGX:MFPC,7.42819447,7.66147388,7.28678843,7.4122161,423656.27260711
2021-11-28,EGX:MFPC,7.4122161,7.49370446,7.19012132,7.49370446,203491.69839195
2021-11-29,EGX:MFPC,7.49370446,7.98822463,7.29397887,7.58557776,396231.14428228
2021-11-30,EGX:MFPC,7.58557776,7.66147388,7.39783578,7.64949019,3245690.71177543
2021-12-01,EGX:MFPC,7.64949019,7.7892981,7.3499018,7.66387043,1309646.88560943
2021-12-02,EGX:MFPC,7.66387043,7.82924322,7.4377809,7.52406252,102941.23931693
2021-12-05,EGX:MFPC,7.52406252,7.74535823,7.48012265,7.66946275,163524.36167758
2021-12-06,EGX:MFPC,7.66946275,7.66946275,7.56161109,7.65348494,321453.54655862
2021-12-07,EGX:MFPC,7.65348494,7.94907858,7.40582472,7.58797494,848689.43435878
2021-12-08,EGX:MFPC,7.58797494,7.58797494,7.40582472,7.41860748,1356048.04978111
2021-12-09,EGX:MFPC,7.41860748,7.58797494,7.30995668,7.3690753,867465.19542097
2021-12-12,EGX:MFPC,7.3690753,7.58957251,7.27001156,7.36268456,4600236.70067156
2021-12-13,EGX:MFPC,7.36268456,7.38984692,5.89030741,7.18692564,750504.7211776
2021-12-14,EGX:MFPC,7.18692564,7.27081062,7.03832971,7.06629122,341455.99067687
2021-12-15,EGX:MFPC,7.06629122,7.27001156,7.06229711,7.18452901,733118.36643402
2021-12-16,EGX:MFPC,7.18452901,7.42020497,7.03034085,7.42020497,629876.71494009
2021-12-19,EGX:MFPC,7.42020497,7.42020497,7.15017621,7.3499018,411426.99356861
2021-12-20,EGX:MFPC,7.3499018,7.3499018,7.08626378,7.23006644,837912.14750909
2021-12-21,EGX:MFPC,7.23006644,7.27001156,7.1341984,7.14937714,384076.96828803
2021-12-22,EGX:MFPC,7.14937714,7.50169341,7.11023109,7.41301517,2905811.88502778
2021-12-23,EGX:MFPC,7.41301517,7.41301517,7.23805531,7.27879957,80385.29169423
2021-12-26,EGX:MFPC,7.27879957,7.42020497,7.19012132,7.31794554,216296.76743636
2021-12-27,EGX:MFPC,7.31794554,7.42819447,7.27081062,7.42180317,296143.8206468
2021-12-28,EGX:MFPC,7.42180317,7.82924322,7.27959863,7.57678975,4346776.44350613
2021-12-29,EGX:MFPC,7.57678975,7.58957251,7.50968227,7.58557776,897481.37877238
2021-12-30,EGX:MFPC,7.58557776,7.78849904,7.45615597,7.78849904,3826212.20947007
2022-01-02,EGX:MFPC,7.78849904,7.90913346,7.37307005,7.45296028,753608.98033988
2022-01-03,EGX:MFPC,7.45296028,7.51048133,7.41780834,7.43218866,346325.171379
2022-01-04,EGX:MFPC,7.43218866,7.54962739,7.39224354,7.40662379,352308.38057081
2022-01-05,EGX:MFPC,7.40662379,7.58957251,7.38984692,7.54962739,3161099.64960327
2022-01-09,EGX:MFPC,7.54962739,7.58877345,7.38984692,7.40742285,235485.59524191
2022-01-10,EGX:MFPC,7.40742285,7.54563264,7.39144448,7.54083938,358504.38172133
2022-01-11,EGX:MFPC,7.54083938,7.54083938,7.3499018,7.35948887,402126.73325581
2022-01-12,EGX:MFPC,7.35948887,7.47932422,7.35948887,7.46174829,1540300.85167134
2022-01-13,EGX:MFPC,7.46174829,7.46174829,7.31075574,7.3499018,526272.06539897
2022-01-16,EGX:MFPC,7.3499018,7.3499018,7.28598937,7.30196782,1274836.62460014
2022-01-17,EGX:MFPC,7.30196782,7.31474993,7.20210502,7.25243563,794590.20815161
2022-01-18,EGX:MFPC,7.25243563,7.42499878,7.12221478,7.3499018,679519.82718851
2022-01-19,EGX:MFPC,7.3499018,7.3499018,7.19811019,7.2692125,1097906.36952417
2022-01-20,EGX:MFPC,7.2692125,7.27001156,7.11023109,7.22527319,1131289.67269273
2022-01-23,EGX:MFPC,7.22527319,7.22527319,7.11422584,7.15017621,33070.37381753
2022-01-24,EGX:MFPC,7.22527319,7.22527319,7.09025853,7.15097527,110113.58004269
2022-01-25,EGX:MFPC,7.15097527,7.19012132,7.11103015,7.15017621,145311.87344726
2022-01-26,EGX:MFPC,7.15017621,7.22607169,7.11262771,7.11262771,1111737.84683997
2022-01-30,EGX:MFPC,7.15976327,7.19012132,7.05430816,7.15976327,26336.13418322
2022-01-31,EGX:MFPC,7.15976327,7.17733857,7.05430816,7.07827483,14494.88754001
2022-02-01,EGX:MFPC,7.15976327,7.19012132,7.1262089,7.19012132,163536.87885162
2022-02-02,EGX:MFPC,7.19012132,7.19012132,7.14218734,7.14378483,711513.72403847
2022-02-03,EGX:MFPC,7.14378483,7.14378483,7.08626378,7.11262771,58467.71994764
2022-02-06,EGX:MFPC,7.11262771,7.19012132,7.02874329,7.03193842,672522.72689933
2022-02-07,EGX:MFPC,7.03193842,7.04631866,6.99039573,7.03034085,1027522.29988906
2022-02-08,EGX:MFPC,7.02954179,7.18932226,6.99039573,7.03513411,1787039.38637651
2022-02-09,EGX:MFPC,7.03513411,7.18213246,7.03113991,7.03753065,1577301.61813788
2022-02-10,EGX:MFPC,7.03753065,7.11262771,7.03034085,7.11023109,679457.2413183
2022-02-13,EGX:MFPC,7.11023109,7.11023109,6.99039573,7.02235199,314581.61800987
2022-02-14,EGX:MFPC,7.02235199,7.08546527,6.95045061,6.96243431,227324.39776688
2022-02-15,EGX:MFPC,7.03034085,7.11023109,6.96323337,6.96722748,193703.26829153
2022-02-16,EGX:MFPC,6.97042317,7.02954179,6.88414156,7.02794422,34685.08926887
2022-02-17,EGX:MFPC,6.97042317,7.01356398,6.89532619,6.95045061,400123.98540917
2022-02-20,EGX:MFPC,6.95045061,6.98799911,6.91130456,6.91130456,9074.95118006
2022-02-21,EGX:MFPC,6.95045061,6.95045061,6.79067014,6.79306677,1008383.54077967
2022-02-22,EGX:MFPC,6.79306677,6.79306677,6.57496674,6.7107799,315245.02823406
2022-02-23,EGX:MFPC,6.7107799,6.9264833,6.7107799,6.80185469,2012586.3454295
2022-02-24,EGX:MFPC,6.80185469,7.21009388,6.39121896,6.87056038,2005376.45318162
2022-02-27,EGX:MFPC,6.87056038,7.14777958,6.87056038,7.14777958,975363.23565831
2022-02-28,EGX:MFPC,7.14777958,7.54962739,7.03034085,7.10064402,1358413.79567494
2022-03-01,EGX:MFPC,7.10064402,7.27001156,7.10064402,7.18852376,2324839.76906766
2022-03-02,EGX:MFPC,7.14378483,7.30995668,7.04072634,7.04232455,632830.76801388
2022-03-03,EGX:MFPC,7.1262089,7.19012132,7.03034085,7.11023109,106671.35718129
2022-03-06,EGX:MFPC,7.10543783,7.19491458,7.10543783,7.19251795,1649025.02539542
2022-03-07,EGX:MFPC,7.19251795,7.3499018,7.19012132,7.23006644,1365523.55053049
2022-03-08,EGX:MFPC,7.23006644,7.23006644,7.09425328,7.19012132,1229862.41826919
2022-03-09,EGX:MFPC,7.1877247,7.42979204,7.1877247,7.268414,778155.15863518
2022-03-10,EGX:MFPC,7.268414,7.38585217,7.11023109,7.19012132,2181668.33238149
2022-03-13,EGX:MFPC,7.19012132,7.38984692,7.03113991,7.3379181,719286.88911821
2022-03-14,EGX:MFPC,7.3379181,7.36747773,7.27001156,7.28678843,257816.23373186
2022-03-15,EGX:MFPC,7.28678843,7.90833439,7.19092039,7.90833439,6966533.35016452
2022-03-16,EGX:MFPC,7.90833439,8.30778574,7.60555032,8.14880417,23039022.92048515
2022-03-17,EGX:MFPC,8.14880417,8.34054074,7.78370579,8.14640746,3315549.0601008
2022-03-20,EGX:MFPC,8.14640746,8.2286944,7.95067614,8.2286944,2577173.48056936
2022-03-21,EGX:MFPC,8.2286944,8.70803583,8.2286944,8.55224986,3521431.53873466
2022-03-22,EGX:MFPC,8.55224986,8.62814559,8.31018245,8.50351682,2054956.97955983
2022-03-23,EGX:MFPC,8.50351682,8.62734669,8.42842,8.54825535,3610228.37138475
2022-03-24,EGX:MFPC,8.54825535,8.78792606,8.38847488,8.70324241,4443246.30384363
2022-03-27,EGX:MFPC,8.70324241,8.70324241,8.4292189,8.4300178,774425.04077083
2022-03-28,EGX:MFPC,8.51709816,8.62574888,8.06891393,8.10806015,2400756.42962909
2022-03-29,EGX:MFPC,8.10806015,8.30858464,8.06891393,8.2278955,1674272.16543704
2022-03-30,EGX:MFPC,8.2278955,8.42842,8.11285356,8.14880417,343183.36069459
2022-03-31,EGX:MFPC,8.14880417,8.14880417,7.83163985,7.98103483,5071583.40637662
2022-04-03,EGX:MFPC,7.98103483,8.62814559,7.98103483,8.62814559,1202637.56472903
2022-04-04,EGX:MFPC,8.62814559,8.62814559,8.4292189,8.48434316,970106.0225609
2022-04-05,EGX:MFPC,8.48434316,8.58820047,8.35012757,8.46676731,1035195.32757647
2022-04-06,EGX:MFPC,8.46676731,8.54825535,8.30858464,8.34693196,2382130.8746554
2022-04-07,EGX:MFPC,8.34693196,8.34693196,7.31794554,7.48970971,2430397.09775925
2022-04-10,EGX:MFPC,7.48970971,7.49050878,7.38984692,7.42979204,371534.75989849
2022-04-11,EGX:MFPC,7.4313896,7.72538567,7.3499018,7.58398019,640428.69265704
2022-04-12,EGX:MFPC,7.58398019,7.82924322,7.48571496,7.77332029,2948370.27676873
2022-04-13,EGX:MFPC,7.77332029,7.98822463,7.66866368,7.96825207,2694534.50438205
2022-04-14,EGX:MFPC,7.96825207,7.98902369,7.67026181,7.8012818,1138850.04581377
2022-04-17,EGX:MFPC,7.8012818,7.82924322,7.47053622,7.82924322,810274.22722555
2022-04-18,EGX:MFPC,7.82924322,7.82924322,7.59516483,7.74935298,116998.02576549
2022-04-19,EGX:MFPC,7.66786518,7.7892981,7.64549544,7.7892981,422204.2804183
2022-04-20,EGX:MFPC,7.78770054,7.78770054,7.51767114,7.66946275,198121.83072816
2022-04-21,EGX:MFPC,7.66946275,7.74136412,7.53444809,7.60954507,195343.01809096
2022-04-26,EGX:MFPC,7.60954507,7.97304589,7.59037157,7.90753589,1009547.63796553
2022-04-27,EGX:MFPC,7.90753589,8.50831023,7.90753589,8.4643706,1637772.08593215
2022-04-28,EGX:MFPC,8.4643706,9.10748701,8.38048586,8.78792606,3312244.52615385
2022-05-08,EGX:MFPC,8.78792606,8.8678163,8.30858464,8.38847488,2846292.72246066
2022-05-09,EGX:MFPC,8.43321341,8.51230475,8.30858464,8.38767598,1072008.33643239
2022-05-10,EGX:MFPC,8.38767598,8.38847488,8.20472733,8.2286944,1000410.10091527
2022-05-11,EGX:MFPC,8.26464501,8.78632826,8.16478222,8.65930278,1654632.71936599
2022-05-12,EGX:MFPC,8.65930278,8.65930278,8.06891393,8.46836512,3887446.22488087
2022-05-15,EGX:MFPC,8.46836512,8.8678163,8.30858464,8.30858464,1901208.53080863
2022-05-16,EGX:MFPC,8.38448037,8.38847488,8.14880417,8.20632514,972058.70171137
2022-05-17,EGX:MFPC,8.20632514,8.54745645,8.14800527,8.24467245,1293962.86653549
2022-05-18,EGX:MFPC,8.24467245,8.24467245,8.16158661,8.21671087,1421663.07610642
2022-05-19,EGX:MFPC,8.21671087,8.34852976,7.98822463,8.30858464,2716376.97308439
2022-05-22,EGX:MFPC,8.30858464,8.34773086,8.13282612,8.15040197,1544143.62410206
2022-05-23,EGX:MFPC,8.15040197,8.30858464,7.96505638,8.30858464,999246.00372941
2022-05-24,EGX:MFPC,8.30858464,8.30858464,8.16957563,8.17436904,178682.65944178
2022-05-25,EGX:MFPC,8.2254988,8.30858464,7.98902369,8.2286944,1792847.35513175
2022-05-26,EGX:MFPC,8.22070538,8.22070538,8.04095235,8.21191746,341180.61284796
2022-05-29,EGX:MFPC,8.21191746,8.21910758,8.04574576,8.13442393,137050.5385799
2022-05-30,EGX:MFPC,8.13442393,8.21271636,8.06092491,8.07051174,296531.85304209
2022-05-31,EGX:MFPC,8.07131064,8.46836512,8.06891393,8.14880417,2839921.48087356
2022-06-01,EGX:MFPC,8.14880417,8.14880417,7.98103483,7.99301821,688469.60662815
2022-06-02,EGX:MFPC,7.99301821,8.14880417,7.98902369,8.05293588,404855.47719684
2022-06-05,EGX:MFPC,8.05293588,8.06891393,7.90913346,7.96265976,435547.58794649
2022-06-06,EGX:MFPC,7.96265976,8.14800527,7.90913346,8.14800527,347902.33530822
2022-06-07,EGX:MFPC,8.14800527,8.30858464,8.00580064,8.30858464,544797.48298032
2022-06-08,EGX:MFPC,8.30858464,8.46037609,8.14880417,8.38687707,319363.1784937
2022-06-09,EGX:MFPC,8.38687707,8.38687707,8.16877673,8.27263404,196457.04658065
2022-06-12,EGX:MFPC,8.27263404,8.27263404,8.14800527,8.2286944,170258.60131188
2022-06-13,EGX:MFPC,8.21830867,8.21830867,8.00899625,8.02816991,325834.55747313
2022-06-14,EGX:MFPC,8.02816991,8.10566344,7.9898226,8.01139296,11165.31924498
2022-06-15,EGX:MFPC,8.02816991,8.13921734,8.01059406,8.06891393,220903.08748361
2022-06-16,EGX:MFPC,8.06412052,8.14480966,7.97224682,8.14480966,448377.69133899
2022-06-19,EGX:MFPC,8.14480966,8.14480966,7.94907858,7.98902369,62335.52672645
2022-06-20,EGX:MFPC,7.96425788,8.13682063,7.82924322,7.97224682,166215.55409649
2022-06-21,EGX:MFPC,7.97224682,8.14880417,7.82924322,7.95706744,752620.12359061
2022-06-22,EGX:MFPC,7.95706744,7.98822463,7.77332029,7.82924322,778217.74450539
2022-06-23,EGX:MFPC,7.82924322,7.82924322,7.66866368,7.82045521,409073.76484882
2022-06-26,EGX:MFPC,7.82045521,7.97224682,7.71420112,7.73337518,96419.79164133
2022-06-27,EGX:MFPC,7.73337518,7.73337518,7.58957251,7.58957251,220114.505519
2022-06-28,EGX:MFPC,7.61114263,7.66466949,7.3499018,7.58637682,112091.29354124
2022-06-29,EGX:MFPC,7.49610109,7.58318113,7.42979204,7.5376437,842806.3625593
2022-07-03,EGX:MFPC,7.51127984,7.67026181,7.35070086,7.66946275,432593.53487271
2022-07-04,EGX:MFPC,7.66866368,7.66866368,7.48251991,7.54563264,284502.84878825
2022-07-05,EGX:MFPC,7.51287796,7.5735947,7.4305911,7.50968227,271960.64039871
2022-07-06,EGX:MFPC,7.50968227,7.58158365,7.50968227,7.52965483,497332.35901512
2022-07-07,EGX:MFPC,7.52965483,7.5735947,7.50968227,7.55042645,483801.29387631
2022-07-17,EGX:MFPC,7.55042645,7.58717588,7.42979204,7.42979204,1039038.1000072
2022-07-18,EGX:MFPC,7.42979204,7.53364958,7.38984692,7.50968227,925469.77992907
2022-07-19,EGX:MFPC,7.51447553,7.78849904,7.51048133,7.78130924,829287.81459453
2022-07-20,EGX:MFPC,7.67745161,7.90913346,7.67745161,7.85161241,154699.75397835
2022-07-21,EGX:MFPC,7.85161241,7.98902369,7.82924322,7.92271464,153009.93548275
2022-07-24,EGX:MFPC,7.92271464,7.98103483,7.90673683,7.90913346,29653.18530421
2022-07-25,EGX:MFPC,7.92271464,7.98343138,7.90913346,7.91153008,435447.45055416
2022-07-26,EGX:MFPC,7.91153008,8.02896881,7.75095055,7.98902369,1195940.87661685
2022-07-27,EGX:MFPC,7.98902369,8.06891393,7.75814099,7.90913346,430365.47789333
2022-07-28,EGX:MFPC,7.79728697,7.98822463,7.7549453,7.90913346,207634.88299967
2022-07-31,EGX:MFPC,7.93230171,8.06891393,7.84122692,7.91872053,2153692.44839883
2022-08-01,EGX:MFPC,7.91872053,8.06891393,7.91153008,7.91153008,3353350.92570599
2022-08-02,EGX:MFPC,7.94029057,8.30059562,7.94029057,8.29979672,222342.56249838
2022-08-03,EGX:MFPC,8.19673831,8.38847488,8.1607877,8.1927438,250656.41018015
2022-08-04,EGX:MFPC,8.1927438,8.46836512,8.1927438,8.46756621,14531099.72450768
2022-08-07,EGX:MFPC,8.46756621,8.54745645,8.3621111,8.42842,11162953.49908468
2022-08-08,EGX:MFPC,8.43161561,8.50831023,8.31018245,8.38847488,3298212.77405338
2022-08-09,EGX:MFPC,8.37968695,8.78792606,8.37968695,8.4627728,5254546.93934058
2022-08-10,EGX:MFPC,8.4627728,8.69205778,8.40125732,8.46836512,230178.31344833
2022-08-11,EGX:MFPC,8.43321341,8.54825535,8.30858464,8.38927378,492275.42070237
2022-08-14,EGX:MFPC,8.38927378,8.54825535,8.31018245,8.38368146,148941.85391928
2022-08-15,EGX:MFPC,8.38368146,8.46836512,8.27742745,8.30858464,327311.58401003
2022-08-16,EGX:MFPC,8.30858464,8.38767598,8.27263404,8.27662855,184052.52710557
2022-08-17,EGX:MFPC,8.30139452,8.45957719,8.27662855,8.28861208,822891.53865934
2022-08-18,EGX:MFPC,8.28861208,8.70643802,8.28861208,8.47635414,296969.95413354
2022-08-21,EGX:MFPC,8.54905426,8.62814559,8.46836512,8.55544547,249917.89691171
2022-08-22,EGX:MFPC,8.55544547,8.62814559,8.50112011,8.62814559,2135267.16820981
2022-08-23,EGX:MFPC,8.62654778,8.62814559,8.54505974,8.59459169,157553.6696598
2022-08-24,EGX:MFPC,8.59459169,8.59459169,8.38847488,8.45718048,247439.4964515
2022-08-25,EGX:MFPC,8.45718048,8.56742901,8.43321341,8.46836512,188821.57041536
2022-08-28,EGX:MFPC,8.46596841,8.54825535,8.39246939,8.48034865,78445.1297178
2022-08-29,EGX:MFPC,8.48034865,8.54745645,8.40365402,8.46836512,286230.21880597
2022-08-30,EGX:MFPC,8.46676731,8.58021145,8.40445293,8.57222242,355725.56908413
2022-08-31,EGX:MFPC,8.55464657,9.18737725,8.47235963,9.18737725,482186.57842496
2022-09-01,EGX:MFPC,9.18737725,9.18737725,8.54905426,8.70803583,184991.31515867
2022-09-04,EGX:MFPC,8.70803583,8.94610873,8.58899937,8.78792606,231605.27128906
2022-09-05,EGX:MFPC,8.78792606,8.8678163,8.66888961,8.70803583,31267.90075556
2022-09-06,EGX:MFPC,8.78792606,9.02759677,8.70803583,8.94770654,167166.85932364
2022-09-07,EGX:MFPC,8.94451093,9.02759677,8.86382179,9.02520007,94066.56292154
2022-09-08,EGX:MFPC,8.968478,9.02360226,8.79671399,8.82787118,121979.86103399
2022-09-11,EGX:MFPC,8.83586021,8.94530983,8.62814559,8.632939,3182879.53243541
2022-09-12,EGX:MFPC,8.632939,8.85183825,8.632939,8.68806327,307659.62076494
2022-09-13,EGX:MFPC,8.69205778,8.88778886,8.62814559,8.66809071,47828.1220124
2022-09-14,EGX:MFPC,8.6664929,8.6664929,8.47395743,8.47395743,1009697.84405403
2022-09-15,EGX:MFPC,8.48194646,8.79591509,8.48194646,8.70803583,2097465.30260461
2022-09-18,EGX:MFPC,8.70803583,8.78792606,8.39246939,8.39246939,190674.1121735
2022-09-19,EGX:MFPC,8.60897193,8.62814559,8.39806171,8.45238707,410575.82573379
2022-09-20,EGX:MFPC,8.43720792,8.54825535,8.10885905,8.54825535,561795.80532862
2022-09-21,EGX:MFPC,8.54825535,8.54825535,8.40605073,8.42842,68356.28744039
2022-09-22,EGX:MFPC,8.42842,8.54825535,8.26624282,8.5314784,40743.40150494
2022-09-25,EGX:MFPC,8.5314784,8.61855876,8.33414952,8.54825535,13581.13383498
2022-09-26,EGX:MFPC,8.5314784,8.60737413,8.30858464,8.42442549,196281.80614407
2022-09-27,EGX:MFPC,8.42442549,8.54745645,8.42442549,8.42442549,5933.14049565
2022-09-28,EGX:MFPC,8.42442549,8.45877829,8.27662855,8.30858464,512978.82656694
2022-09-29,EGX:MFPC,8.30379123,8.46836512,8.14081514,8.38847488,747688.35701828
2022-10-02,EGX:MFPC,8.38847488,8.38847488,8.11365246,8.11365246,309875.16057028
2022-10-03,EGX:MFPC,8.14800527,8.2278955,8.07131064,8.14880417,809961.29787452
2022-10-04,EGX:MFPC,8.14880417,8.78792606,8.14880417,8.47315853,725445.33874661
2022-10-05,EGX:MFPC,8.58660267,8.7000468,8.43800683,8.62814559,945960.39383493
2022-10-09,EGX:MFPC,8.62814559,8.6664929,8.50831023,8.62255327,52797.44010686
2022-10-10,EGX:MFPC,8.5314784,8.77993704,8.51629926,8.77993704,1392873.57581107
2022-10-11,EGX:MFPC,8.68646546,8.74798095,8.52508718,8.52508718,1242730.07318381
2022-10-12,EGX:MFPC,8.5298806,8.62814559,8.47235963,8.62814559,114732.41726398
2022-10-13,EGX:MFPC,8.5314784,8.62814559,8.44599585,8.62814559,1527996.46958859
2022-10-16,EGX:MFPC,8.62814559,8.70803583,8.54745645,8.54905426,42971.45848432
2022-10-17,EGX:MFPC,8.56902681,8.70723692,8.55864108,8.62814559,48241.18875577
2022-10-18,EGX:MFPC,8.62974339,8.78473045,8.5634345,8.77194802,119000.77361212
2022-10-19,EGX:MFPC,8.77274692,9.02759677,8.67288412,8.92613617,1869715.32092033
2022-10-20,EGX:MFPC,8.95489666,9.02679787,8.91575044,8.95729337,436498.89317364
2022-10-23,EGX:MFPC,8.95729337,8.95729337,8.78792606,8.94850544,379570.7856331
2022-10-24,EGX:MFPC,8.94770654,9.09071006,8.90776142,8.94770654,604103.85358874
2022-10-25,EGX:MFPC,8.98046153,9.01161873,8.87340862,8.87740313,338814.86695412
2022-10-26,EGX:MFPC,8.88778886,8.94770654,8.78792606,8.78792606,204568.17535951
2022-10-27,EGX:MFPC,8.78792606,9.3391687,8.78792606,9.01721104,735859.6275491
2022-10-30,EGX:MFPC,9.0028308,9.26167517,8.95170105,9.02759677,570032.10584789
2022-10-31,EGX:MFPC,8.97806483,9.10748701,8.94850544,9.02759677,524995.31364674
2022-11-01,EGX:MFPC,9.0683408,9.18737725,9.03079238,9.08751445,666927.5501028
2022-11-02,EGX:MFPC,9.08192214,9.15142664,8.87820203,8.94770654,179546.34445064
2022-11-03,EGX:MFPC,8.94770654,9.09150896,8.8686152,8.94770654,122743.40865051
2022-11-06,EGX:MFPC,8.94690763,9.02280336,8.70803583,8.76236119,252483.9175902
2022-11-07,EGX:MFPC,8.76236119,8.94770654,8.71602485,8.8997724,501926.16188833
2022-11-08,EGX:MFPC,8.93172849,9.02759677,8.91175593,8.92853288,1148300.51221507
2022-11-09,EGX:MFPC,8.92853288,9.04357482,8.8678163,8.94770654,3001793.57557767
2022-11-10,EGX:MFPC,8.94770654,9.62677355,7.27160913,9.18737725,9523454.04313481
2022-11-13,EGX:MFPC,9.18737725,9.5069382,9.18737725,9.32478846,863096.7016805
2022-11-14,EGX:MFPC,9.32478846,9.58682843,9.28724004,9.28724004,1541377.3286389
2022-11-15,EGX:MFPC,9.28724004,9.37911382,9.02759677,9.24330041,1462055.9967382
2022-11-16,EGX:MFPC,9.24330041,9.58682843,9.11148152,9.46619418,1865722.3424011
2022-11-17,EGX:MFPC,9.46619418,9.58682843,9.46619418,9.57804051,1534079.81617273
2022-11-20,EGX:MFPC,9.57804051,10.54551128,9.57085039,9.92076962,4038340.75795062
2022-11-21,EGX:MFPC,9.92076962,10.10451717,9.86724316,9.9463345,1047324.46922264
2022-11-22,EGX:MFPC,9.97589389,10.34578568,9.97030157,10.29785074,4385179.13346531
2022-11-23,EGX:MFPC,10.29785074,10.77719216,10.08614241,10.63898285,1994561.61480981
2022-11-24,EGX:MFPC,10.63898285,10.69330901,10.42967043,10.56069042,535997.90962918
2022-11-27,EGX:MFPC,10.56069042,10.66534663,10.46562104,10.60143444,848739.50305495
2022-11-28,EGX:MFPC,10.62460341,10.73165553,10.42647402,10.62380371,586467.15536433
2022-11-29,EGX:MFPC,10.62380371,10.77639406,10.38652891,10.52394091,1885036.34194707
2022-11-30,EGX:MFPC,10.52394091,10.62540151,10.34338898,10.60942347,4278570.36215424
2022-12-01,EGX:MFPC,10.60942347,10.80116003,10.60942347,10.74523687,1283310.75142621
2022-12-04,EGX:MFPC,10.77399735,11.50419412,10.77399735,11.17983976,1705101.96510114
2022-12-05,EGX:MFPC,11.17983976,11.57609453,11.10474293,11.18383507,1320086.20876001
2022-12-06,EGX:MFPC,11.12950891,11.42430388,10.86507222,11.0248527,1722037.70157923
2022-12-07,EGX:MFPC,11.0248527,11.51218394,11.0248527,11.27890285,1709820.93971477
2022-12-08,EGX:MFPC,11.27890285,11.69592989,11.1934211,11.50339602,2070015.1399317
2022-12-11,EGX:MFPC,11.50339602,11.66317649,11.30846304,11.42510199,717271.62409754
2022-12-12,EGX:MFPC,11.37077742,11.44028193,11.22457829,11.36838072,757939.92255823
2022-12-13,EGX:MFPC,11.41072254,11.50019961,11.38435876,11.48422156,1018272.10827242
2022-12-14,EGX:MFPC,11.46824351,11.62083466,11.40592913,11.62003496,1248200.07823993
2022-12-15,EGX:MFPC,11.59447009,11.67835404,11.23256811,11.58408436,1087779.97572463
2022-12-18,EGX:MFPC,11.58408436,11.66317649,11.11832428,11.24934426,1432678.1892629
2022-12-19,EGX:MFPC,11.24934426,11.42350578,11.18463317,11.26452341,1892847.05854894
2022-12-20,EGX:MFPC,11.26452341,11.38435876,10.79317181,10.79317181,2565294.68240402
2022-12-21,EGX:MFPC,10.79317181,11.18463317,10.79317181,11.0248527,960029.69745753
2022-12-22,EGX:MFPC,11.00008672,11.34441365,11.00008672,11.30047402,1276238.54809279
2022-12-25,EGX:MFPC,11.30047402,11.38356066,11.0256508,11.34441365,287769.83121307
2022-12-26,EGX:MFPC,11.34521175,11.4634509,11.34441365,11.42430388,241956.97422134
2022-12-27,EGX:MFPC,11.42430388,11.45625918,11.18543128,11.35320157,609148.27472744
2022-12-28,EGX:MFPC,11.30207182,11.41471705,11.23256811,11.38276096,126548.62955912
2022-12-29,EGX:MFPC,11.32603889,11.44028193,11.20061122,11.37557084,819486.86732007
2023-01-02,EGX:MFPC,11.37557084,11.64799655,11.37557084,11.52896009,447188.55980505
2023-01-03,EGX:MFPC,11.52896009,12.1401212,11.52896009,12.06422388,1180870.19907093
2023-01-04,EGX:MFPC,12.05863236,12.70254767,11.58408436,12.43811099,2667522.44280059
2023-01-05,EGX:MFPC,12.43811099,13.08602081,12.43811099,12.66659707,2211246.41464145
2023-01-09,EGX:MFPC,12.66659707,12.99814155,12.66659707,12.79202474,1115492.99905241
2023-01-10,EGX:MFPC,12.86392595,12.9821635,12.48284952,12.53957239,524557.21255529
2023-01-11,EGX:MFPC,12.53957239,13.20186165,12.53957239,13.1818891,1625480.22102344
2023-01-12,EGX:MFPC,13.1818891,13.1818891,12.74249279,13.00932618,623931.0572704
2023-01-15,EGX:MFPC,12.82957315,13.10040105,12.53318037,12.7105375,364537.65960932
2023-01-16,EGX:MFPC,12.7105375,12.86232815,12.64662451,12.69615645,283213.57986198
2023-01-17,EGX:MFPC,12.69615645,12.78243791,12.52758805,12.54995732,437688.02470758
2023-01-18,EGX:MFPC,12.54995732,12.58271232,12.22480406,12.24717332,1413614.53319776
2023-01-19,EGX:MFPC,12.24717332,12.35822075,11.94438853,12.30229839,1413476.84428331
2023-01-22,EGX:MFPC,12.19764058,12.45888245,12.06342578,12.19125096,835371.16117867
2023-01-23,EGX:MFPC,12.19125096,12.30309649,11.94438853,11.94438853,945146.77752224
2023-01-24,EGX:MFPC,12.03067078,12.22320625,11.98353554,12.22160845,333895.61755583
2023-01-25,EGX:MFPC,12.21601613,12.49403416,12.14411412,12.46287696,942142.65575229
2023-01-29,EGX:MFPC,12.39656807,12.78084011,12.34304161,12.58271232,1341715.88550364
2023-01-30,EGX:MFPC,12.58271232,12.7800412,12.22320625,12.26794478,385503.92612875
2023-01-31,EGX:MFPC,12.26794478,12.46207886,12.06342578,12.22400436,662746.81397296
2023-02-01,EGX:MFPC,12.22720076,12.26315137,11.82535287,12.06342578,752795.36402719
2023-02-02,EGX:MFPC,12.06502358,12.38298673,11.78301185,11.97554572,1084099.92655644
2023-02-05,EGX:MFPC,11.97314981,11.98353554,11.66397459,11.7334791,614981.27783076
2023-02-06,EGX:MFPC,11.7334791,11.98193774,11.66397459,11.67196442,570908.3080308
2023-02-07,EGX:MFPC,11.67196442,11.86370019,11.40033681,11.74226703,1899343.47187645
2023-02-08,EGX:MFPC,11.74226703,12.13532619,11.53934582,12.09138816,1684123.18140766
2023-02-09,EGX:MFPC,12.09138816,12.79841596,12.0019103,12.72891145,1245333.64538443
2023-02-12,EGX:MFPC,12.72891145,12.86232815,12.22160845,12.26075466,990834.46277355
2023-02-13,EGX:MFPC,12.26075466,12.37979192,12.06342578,12.14491382,238176.78766082
2023-02-14,EGX:MFPC,12.14491382,12.45888245,12.11136072,12.45888245,727660.87855195
2023-02-15,EGX:MFPC,12.45888245,12.5419691,12.14731053,12.19524387,285879.73793281
2023-02-16,EGX:MFPC,12.19524387,12.42133404,12.16009376,12.27513411,986328.28011863
2023-02-19,EGX:MFPC,12.36620898,12.45488714,12.14331601,12.15130584,196507.11527681
2023-02-20,EGX:MFPC,12.15130584,12.28232583,11.74386483,11.79100007,339540.86304853
2023-02-21,EGX:MFPC,11.79100007,12.04505102,11.75185465,11.9036453,201138.46967215
2023-02-22,EGX:MFPC,11.90045049,12.06342578,11.79179977,12.02108395,149041.99131161
2023-02-23,EGX:MFPC,11.84212982,12.26315137,11.82375507,12.06342578,272135.88083529
2023-02-26,EGX:MFPC,12.19764058,12.3749969,12.14331601,12.21441833,703177.28612686
2023-02-27,EGX:MFPC,12.21441833,12.30309649,12.16009376,12.17527131,366427.75288958
2023-02-28,EGX:MFPC,12.18405924,12.24477662,11.42510199,11.42510199,606845.11470382
2023-03-01,EGX:MFPC,11.42510199,11.95557316,11.42510199,11.82375507,762521.2082574
2023-03-02,EGX:MFPC,11.82375507,11.98353554,11.82295696,11.83014629,206107.78776661
2023-03-05,EGX:MFPC,11.83014629,11.96356298,11.79259787,11.86370019,222142.28771372
2023-03-06,EGX:MFPC,11.84612433,11.90444341,11.58408436,11.58408436,1114867.14035034
2023-03-07,EGX:MFPC,11.58408436,11.70391971,11.11432976,11.44187973,1054359.12103394
2023-03-08,EGX:MFPC,11.44187973,11.53934582,11.14948147,11.2621267,177180.59855681
2023-03-09,EGX:MFPC,11.2621267,11.47623174,11.23256811,11.4290973,365163.51831139
2023-03-12,EGX:MFPC,11.4290973,11.464249,11.0248527,11.18463317,868266.29455962
2023-03-13,EGX:MFPC,11.18463317,11.20860024,10.78518199,11.0248527,1047912.77640259
2023-03-14,EGX:MFPC,11.0248527,11.14788286,10.78598009,11.10474293,1278641.84550875
2023-03-15,EGX:MFPC,11.02884721,11.50419412,10.86507222,10.91300717,1456448.30276762
2023-03-16,EGX:MFPC,11.01925958,11.18463317,10.78518199,11.10474293,557915.48137577
2023-03-19,EGX:MFPC,11.07278764,11.10474293,10.62540151,11.03284252,974799.96282645
2023-03-20,EGX:MFPC,11.0600044,11.26452341,11.0248527,11.06479782,795942.06294809
2023-03-21,EGX:MFPC,11.06399971,11.34521175,11.06399971,11.25893029,520689.40577648
2023-03-22,EGX:MFPC,11.25893029,11.33083231,10.95454929,11.0248527,348728.46879496
2023-03-23,EGX:MFPC,11.04802007,11.66317649,11.0248527,11.58408436,1194451.33290591
2023-03-26,EGX:MFPC,11.58408436,12.06342578,11.50419412,11.98353554,798044.94818705
2023-03-27,EGX:MFPC,11.97874213,12.14331601,11.89565548,12.06422388,1124192.43501122
2023-03-28,EGX:MFPC,12.06422388,12.90227327,11.99551828,12.64023329,1564621.72083388
2023-03-29,EGX:MFPC,12.7768448,13.09400904,12.64103219,13.02450533,1507380.68394231
2023-03-30,EGX:MFPC,13.06285184,13.1818891,12.66340066,12.70973779,455387.3088022
2023-04-02,EGX:MFPC,12.70973779,12.78243791,12.58351042,12.64183189,567153.15581836
2023-04-03,EGX:MFPC,12.64183189,12.86232815,12.62265744,12.73210706,1380556.67655428
2023-04-04,EGX:MFPC,12.69935286,12.94142028,12.59869037,12.89428344,650955.63602591
2023-04-05,EGX:MFPC,12.89428344,12.94221838,12.70254767,12.75128072,443858.99151002
2023-04-06,EGX:MFPC,12.75128072,12.86232815,12.64023329,12.66579737,637487.1567573
2023-04-09,EGX:MFPC,12.66579737,12.82238303,12.66579737,12.78243791,388445.4620285
2023-04-10,EGX:MFPC,12.7800412,13.06205374,12.7784434,12.86232815,333132.0699393
2023-04-11,EGX:MFPC,12.86632266,13.09241203,12.86632266,13.04367899,664461.66681664
2023-04-12,EGX:MFPC,13.04367899,13.16111843,13.04367899,13.12996124,1024443.07507486
2023-04-13,EGX:MFPC,13.12996124,14.02073658,13.12996124,13.58134028,1791858.49838247
2023-04-18,EGX:MFPC,13.63406784,14.37784594,13.63406784,14.05508859,1351729.62473681
2023-04-19,EGX:MFPC,14.05508859,14.21966407,13.91687928,14.0606817,601650.48747661
2023-04-26,EGX:MFPC,14.0606817,14.53762642,14.02952451,14.53762642,940590.52617115
2023-04-27,EGX:MFPC,14.53762642,14.6998036,14.34429204,14.49448489,1477276.88037261
2023-04-30,EGX:MFPC,14.49448489,14.73974872,14.23803803,14.23803803,1109534.82420868
2023-05-01,EGX:MFPC,14.23803803,14.38024265,13.90090123,14.1956962,1143932.0184746
2023-05-02,EGX:MFPC,14.05828499,14.21646766,13.83059782,13.98079146,2677861.62855883
2023-05-03,EGX:MFPC,13.9256672,14.14856176,13.90010312,14.14856176,1030200.97513393
2023-05-07,EGX:MFPC,14.14856176,14.54002312,14.14856176,14.45054606,925895.36384648
2023-05-08,EGX:MFPC,14.45054606,15.33892549,14.38024265,15.01936454,2839533.44847828
2023-05-09,EGX:MFPC,15.01936454,15.41801763,15.01936454,15.25823715,2884783.03263814
2023-05-10,EGX:MFPC,15.25823715,15.25823715,13.98079146,14.34029753,2062504.83550683
2023-05-11,EGX:MFPC,14.34029753,14.46013289,13.96481342,14.0606817,1074937.35515809
2023-05-14,EGX:MFPC,14.0606817,14.28197766,13.98079146,14.0598836,556200.62853209
2023-05-15,EGX:MFPC,14.0598836,14.14057194,13.98079146,13.98478598,579645.29551173
2023-05-16,EGX:MFPC,13.98478598,14.05109487,13.1818891,13.3528542,2416089.96782987
2023-05-17,EGX:MFPC,13.3528542,13.58134028,13.27056726,13.34166957,422279.38346255
2023-05-18,EGX:MFPC,13.31051238,13.42155981,12.63304317,13.10199886,1572607.67787233
2023-05-21,EGX:MFPC,13.10199886,13.32169701,12.90387107,12.95020821,1088681.21225561
2023-05-22,EGX:MFPC,12.95579972,13.12996124,12.91825131,12.95899613,370458.28293092
2023-05-23,EGX:MFPC,12.96938106,13.02131052,12.70254767,12.79122584,484890.28801791
2023-05-24,EGX:MFPC,12.79122584,13.5214226,12.79122584,13.42635322,829137.60850603
2023-05-25,EGX:MFPC,13.45511371,13.5214226,13.26177933,13.50145004,321653.82134329
2023-05-28,EGX:MFPC,13.3872078,13.58134028,13.34166957,13.35365231,394929.35818197
2023-05-29,EGX:MFPC,13.35365231,13.49026541,13.19067702,13.419962,291462.3975553
2023-05-30,EGX:MFPC,13.31131128,13.58134028,13.20985148,13.34007176,3250359.6176929
2023-05-31,EGX:MFPC,13.34007176,13.50145004,12.94221838,12.94221838,1199245.41056379
2023-06-01,EGX:MFPC,12.94221838,13.22183421,12.94221838,12.97177777,325434.00790381
2023-06-04,EGX:MFPC,12.97177777,13.18109099,12.79921566,12.82557784,14198580.99609641
2023-06-05,EGX:MFPC,12.82557784,13.16591105,12.21521643,13.14034617,2084910.57704103
2023-06-06,EGX:MFPC,13.14034617,13.14034617,12.39337246,12.70334578,1246034.60713075
2023-06-07,EGX:MFPC,12.70334578,12.78163981,12.38298673,12.38298673,782786.51303052
2023-06-08,EGX:MFPC,12.38298673,12.81439321,12.35103143,12.78243791,2551638.44552479
2023-06-11,EGX:MFPC,12.78243791,13.69318581,12.78243791,13.67880637,3790388.05736342
2023-06-12,EGX:MFPC,13.67880637,16.41424888,13.58134028,16.41424888,6731035.23774857
2023-06-13,EGX:MFPC,16.41424888,19.69693792,16.41424888,19.69693792,17450117.2281492
2023-06-14,EGX:MFPC,19.69693792,21.57036397,17.33777922,18.6136271,12183991.90282027
2023-06-15,EGX:MFPC,18.6136271,18.76302105,17.73723041,18.3747545,4491011.83998582
2023-06-18,EGX:MFPC,18.3747545,18.57448009,18.13588189,18.1750289,1234969.42527811
2023-06-19,EGX:MFPC,18.1750289,20.69157137,18.1750289,20.69077167,4311665.77031984
2023-06-20,EGX:MFPC,20.69077167,20.69077167,19.33583405,19.86231071,2793169.83582872
2023-06-21,EGX:MFPC,19.86231071,19.97255924,19.2535471,19.36299673,2168650.47137837
2023-06-22,EGX:MFPC,19.36299673,19.53236483,18.82214062,19.01387639,1302724.88836451
2023-06-25,EGX:MFPC,19.01387639,19.65299829,18.83012885,19.0162731,699559.82282888
2023-06-26,EGX:MFPC,19.0162731,19.40374075,18.21497402,18.5105679,1113878.28360106
2023-07-04,EGX:MFPC,18.5105679,19.17365687,18.3747545,18.89563884,1115017.34643884
2023-07-05,EGX:MFPC,18.89563884,19.33343734,18.77420568,18.94037737,1115217.6212235
2023-07-06,EGX:MFPC,18.94037737,19.09376663,18.38593913,18.51376431,917458.78854254
2023-07-09,EGX:MFPC,18.51376431,18.77180897,14.85958407,15.19512307,2867621.9870273
2023-07-10,EGX:MFPC,15.19512307,18.23334878,15.19512307,18.23334878,1792496.87425859
2023-07-11,EGX:MFPC,18.23334878,18.76621586,17.65574236,18.73505867,1536170.18423766
2023-07-12,EGX:MFPC,18.73505867,18.73505867,17.37612653,18.13188897,1113264.94207303
2023-07-13,EGX:MFPC,18.13188897,18.35078743,18.05599165,18.14946323,688469.60662815
2023-07-16,EGX:MFPC,18.14946323,18.60643538,17.7356326,18.04960043,1352468.13800525
2023-07-17,EGX:MFPC,18.04960043,18.3747545,17.89621118,18.09274196,904265.68710285
2023-07-18,EGX:MFPC,18.09274196,18.45464473,17.93535819,18.16863769,931528.09216514
2023-07-19,EGX:MFPC,18.16863769,18.6463805,18.05599165,18.21497402,1132328.59813817
2023-07-24,EGX:MFPC,18.21497402,18.79018373,18.21497402,18.61442521,1158577.1121031
2023-07-25,EGX:MFPC,18.61442521,19.09296853,18.53533307,18.77420568,1835380.71252461
2023-07-26,EGX:MFPC,18.77420568,19.4532727,18.77420568,19.29029741,1235420.0435436
2023-07-27,EGX:MFPC,19.29029741,19.49321781,18.7821955,18.85090111,957088.16155779
2023-07-30,EGX:MFPC,18.85090111,18.93158945,18.30445109,18.38354242,860643.33556837
2023-07-31,EGX:MFPC,18.38354242,18.60963179,18.19180665,18.35877645,1116844.85384889
2023-08-01,EGX:MFPC,18.35877645,18.85409592,18.05519355,18.07995952,689170.56837447
2023-08-02,EGX:MFPC,18.07995952,18.36516767,17.7356326,17.7356326,668367.02511757
2023-08-03,EGX:MFPC,17.7356326,18.19100695,17.69568748,18.02004184,602013.48552381
2023-08-06,EGX:MFPC,18.02004184,18.37395639,17.82750557,18.21337622,585941.43405458
2023-08-07,EGX:MFPC,18.21337622,18.36516767,18.06398147,18.29086975,324682.97746132
2023-08-08,EGX:MFPC,18.29086975,18.33480938,17.97530331,17.97530331,483438.2958291
2023-08-09,EGX:MFPC,17.97530331,18.20938091,17.74841504,17.74841504,516608.80703896
2023-08-10,EGX:MFPC,17.74841504,18.09513867,17.74841504,18.02323825,499472.79577621
2023-08-13,EGX:MFPC,18.02323825,18.52494814,18.02323825,18.36596657,666401.82879306
2023-08-14,EGX:MFPC,18.32202694,18.65357222,18.30365219,18.3747545,964172.88206525
2023-08-15,EGX:MFPC,18.3747545,19.18883601,18.3747545,18.80775958,10438371.84534694
2023-08-16,EGX:MFPC,18.80775958,19.18963491,18.80775958,18.96514335,795729.27098938
2023-08-17,EGX:MFPC,18.96514335,19.07379407,18.54731741,18.66315825,552595.68240815
2023-08-20,EGX:MFPC,18.66315825,18.79417824,18.29805907,18.44026529,286868.59468208
2023-08-21,EGX:MFPC,18.44026529,18.6783374,18.30365219,18.32442365,483338.15843677
2023-08-22,EGX:MFPC,18.32442365,19.59308061,18.29486426,19.34941539,1289832.19910181
2023-08-23,EGX:MFPC,19.34941539,19.62104299,19.05461961,19.05621822,992987.41670868
2023-08-24,EGX:MFPC,19.05621822,19.17205906,18.90203086,19.02665883,283614.1294313
2023-08-27,EGX:MFPC,19.02665883,19.33343734,19.00588657,19.17285876,222617.94032729
2023-08-28,EGX:MFPC,19.17285876,19.40853416,18.93478426,19.01307829,382937.90545026
2023-08-29,EGX:MFPC,18.9483656,19.24555728,18.85409592,18.85409592,243346.38053994
2023-08-30,EGX:MFPC,18.86128604,19.09376663,18.8149489,18.84530799,385654.13221725
2023-08-31,EGX:MFPC,18.84530799,19.09136992,18.714288,19.09136992,184065.04427961
2023-09-03,EGX:MFPC,19.09136992,19.09376663,18.73426056,18.83012885,179671.51619106
2023-09-04,EGX:MFPC,18.81894421,18.85409592,18.3755526,18.57448009,125397.0495473
2023-09-05,EGX:MFPC,18.63120296,19.05382151,18.57448009,19.05382151,738801.16344884
2023-09-06,EGX:MFPC,19.05382151,19.36459453,18.90282896,19.2535471,892612.19807025
2023-09-07,EGX:MFPC,19.2535471,19.9278207,19.2535471,19.49321781,1816805.22624709
2023-09-10,EGX:MFPC,19.49321781,20.21222995,19.49321781,20.05244947,1440939.52413026
2023-09-11,EGX:MFPC,20.05244947,20.14831776,19.73288852,19.97255924,703540.28417406
2023-09-12,EGX:MFPC,19.97255924,20.05244947,19.81677327,20.05244947,1238649.47444629
2023-09-13,EGX:MFPC,20.05244947,20.13233971,19.97255924,20.05324758,587756.4242906
2023-09-14,EGX:MFPC,20.05404728,20.45190066,20.05404728,20.07401984,1003964.97834304
2023-09-17,EGX:MFPC,20.07401984,21.08942555,20.07401984,21.05107743,2012799.13738821
2023-09-18,EGX:MFPC,21.05107743,22.33731105,21.05107743,22.32612482,2318631.2507431
2023-09-19,EGX:MFPC,22.32612482,26.62981188,22.32612482,26.6034489,7097725.85129302
2023-09-20,EGX:MFPC,26.6034489,27.80180246,25.16542464,25.24531487,5784386.39934136
2023-09-21,EGX:MFPC,25.24531487,26.20399772,25.0855344,26.02264768,3088237.17950796
2023-09-24,EGX:MFPC,26.02264768,27.88169269,26.02264768,27.2425708,3850820.97363557
2023-09-25,EGX:MFPC,27.2425708,27.88009569,27.20661939,27.25135792,2089241.51925938
2023-09-26,EGX:MFPC,27.25135792,29.47949743,27.25135792,29.00015601,4218400.30653696
2023-09-27,EGX:MFPC,29.00015601,30.43818027,29.00015601,29.31971696,3165868.69291307
2023-10-01,EGX:MFPC,29.31971696,29.65525675,27.96238263,28.20125364,1449726.58030736
2023-10-02,EGX:MFPC,28.20125364,29.08004625,25.97231683,27.41034109,2512459.69077504
2023-10-03,EGX:MFPC,27.41034109,28.28114388,25.96832072,26.1640526,1787740.34812283
2023-10-04,EGX:MFPC,26.1640526,27.55414192,26.1640526,27.08279032,1627658.20930666
2023-10-08,EGX:MFPC,27.08279032,27.24097379,24.04696132,25.99388639,1903524.2080063
2023-10-09,EGX:MFPC,25.99388639,26.35978448,25.16542464,25.63358063,1369278.70274293
2023-10-10,EGX:MFPC,25.63358063,28.75649159,25.2892537,28.41695808,5113278.11310871
2023-10-11,EGX:MFPC,28.41695808,29.55459425,28.36103411,29.51145273,4348053.19525836
2023-10-12,EGX:MFPC,29.51145273,30.67705128,29.39960719,30.13619518,3713407.43700847
2023-10-15,EGX:MFPC,30.13619518,35.54316562,30.13619518,35.16129108,5588680.3832032
2023-10-16,EGX:MFPC,35.16129108,42.19323054,35.16129108,42.19323054,6770489.37032724
2023-10-17,EGX:MFPC,42.19323054,50.25095904,42.19323054,49.21238596,8122068.78897555
2023-10-18,EGX:MFPC,49.21238596,50.89008093,47.45560044,49.85150785,4660869.89172838
2023-10-19,EGX:MFPC,49.85150785,50.65041022,44.81842292,44.82481574,3386521.43691585
2023-10-22,EGX:MFPC,44.82481574,47.45480074,41.22336226,47.45480074,4310026.02052041
2023-10-23,EGX:MFPC,47.45480074,56.94576009,47.45480074,56.94576009,7404884.7850963
2023-10-24,EGX:MFPC,56.94576009,64.71109192,50.33084927,54.32536112,10854705.5711398
2023-10-25,EGX:MFPC,54.32536112,56.56228775,49.69172738,50.96997117,8829163.95057739
2023-10-26,EGX:MFPC,50.96997117,51.12975164,45.53743506,47.93414216,7649382.74564806
2023-10-29,EGX:MFPC,47.93414216,49.03662664,45.53743506,45.54622218,3393430.91698673
2023-10-30,EGX:MFPC,45.54622218,51.76887354,44.01952055,50.57051998,7101618.69241991
2023-10-31,EGX:MFPC,50.57051998,52.48788567,43.93963032,43.93963032,6489291.05548594
2023-11-01,EGX:MFPC,43.93963032,45.43917166,39.54566729,41.9431741,7158346.52517579
2023-11-02,EGX:MFPC,41.9431741,42.98094747,40.98369155,42.14289969,5053621.26162713
2023-11-05,EGX:MFPC,42.14289969,44.73453897,41.31363823,41.4710204,4361834.603878
2023-11-06,EGX:MFPC,41.4710204,42.02226463,39.62555752,40.90380131,3415924.27873923
2023-11-07,EGX:MFPC,40.90380131,44.01952055,40.04897498,43.90767262,4007448.3724163
2023-11-08,EGX:MFPC,43.90767262,46.17575725,42.66138653,45.70520296,6475033.99425272
2023-11-09,EGX:MFPC,45.70520296,47.1352398,44.89831316,45.53743506,4978155.2193312
2023-11-12,EGX:MFPC,45.53743506,46.29639231,43.4602889,43.4602889,2588501.52307688
2023-11-13,EGX:MFPC,43.4602889,43.77984984,41.7426488,41.78419332,1999418.27833789
2023-11-14,EGX:MFPC,41.78419332,43.61208194,41.62281345,41.81055391,2784457.88269587
2023-11-15,EGX:MFPC,41.81055391,42.80518815,41.81055391,42.50160605,1503024.70737588
2023-11-16,EGX:MFPC,42.50160605,43.35004037,42.34182558,42.46964836,1868038.01959877
2023-11-19,EGX:MFPC,42.46964836,45.05010621,42.46964836,44.88872633,3741934.07664894
2023-11-20,EGX:MFPC,44.88872633,46.48413277,44.49886198,44.65864245,4867190.47145369
2023-11-21,EGX:MFPC,44.65864245,46.65589837,44.02750798,46.57600814,4396394.52140646
2023-11-22,EGX:MFPC,46.57600814,48.69229971,46.57600814,48.17381288,5628021.8612155
2023-11-23,EGX:MFPC,48.17381288,49.45285637,48.17381288,48.79296221,3178385.86695452
2023-11-26,EGX:MFPC,48.79296221,49.51596806,47.1352398,47.1352398,2616902.99097694
2023-11-27,EGX:MFPC,47.1352398,47.76637426,46.4969176,46.65589837,1540138.1284088
2023-11-28,EGX:MFPC,46.65589837,47.04736213,44.57875221,44.73853269,2073958.04975476
2023-11-29,EGX:MFPC,44.73853269,45.37765458,43.14152765,43.14152765,2318067.97791123
2023-11-30,EGX:MFPC,43.14152765,45.21787411,43.14152765,44.25919127,1483510.43304525
2023-12-03,EGX:MFPC,44.25919127,44.73853269,42.58149629,42.58948372,1200659.85123048
2023-12-04,EGX:MFPC,42.58948372,43.93963032,42.58948372,42.86111212,1042605.49460901
2023-12-05,EGX:MFPC,42.86111212,43.4602889,41.55890206,41.86248416,1755308.35018142
2023-12-06,EGX:MFPC,41.86248416,42.26193534,40.4276563,40.6641306,1837984.28472524
2023-12-07,EGX:MFPC,40.6641306,40.6641306,38.82665515,39.62555752,2976008.19705227
2023-12-10,EGX:MFPC,39.62555752,40.50435013,35.63104568,35.63663879,2883431.17784166
2023-12-11,EGX:MFPC,35.63663879,36.10159997,33.9533507,34.48062706,2209494.01027564
2023-12-12,EGX:MFPC,34.48062706,35.71093591,34.27291165,34.43269212,1744405.89159131
2023-12-13,EGX:MFPC,34.43269212,41.31923134,34.43269212,41.31923134,6640110.48551144
2023-12-14,EGX:MFPC,41.31923134,43.92365147,41.20578881,41.20578881,6089242.17312102
2023-12-17,EGX:MFPC,41.20578881,41.94237439,40.11688168,40.90380131,2304962.49668983
2023-12-18,EGX:MFPC,40.90380131,42.97934807,40.42525959,41.82253904,4621428.27632375
2023-12-19,EGX:MFPC,41.82253904,43.45948919,41.14347202,41.22496166,5010850.07792748
2023-12-20,EGX:MFPC,41.22496166,41.7418491,40.51233995,40.5962231,1941601.45144041
2023-12-21,EGX:MFPC,40.5962231,41.93358727,40.5962231,41.3040522,3281151.86583488
2023-12-24,EGX:MFPC,41.3040522,46.16856953,41.3040522,43.69995961,8521166.36611333
2023-12-31,EGX:MFPC,43.6984186,50.01975669,43.6984186,46.57636764,9234947.26019628
2024-01-02,EGX:MFPC,46.57636764,47.09831365,45.98192995,46.21390564,2377075.35718123
2024-01-03,EGX:MFPC,46.21390564,46.75759864,45.14826662,45.23525967,2308716.46808884
2024-01-04,EGX:MFPC,45.23525967,46.35164047,44.66981677,45.12651962,3006905.50999959
2024-01-08,EGX:MFPC,45.12651962,46.01817615,45.12651962,45.24250746,1837803.66165552
2024-01-09,EGX:MFPC,45.24250746,46.28639659,45.22800826,46.28639659,2332556.20820174
2024-01-10,EGX:MFPC,46.28639659,48.32343741,46.28639659,47.12006065,5233245.06798995
2024-01-11,EGX:MFPC,47.12006065,47.66375366,46.40963295,47.16355464,2375733.14753363
2024-01-14,EGX:MFPC,47.16355464,49.94726574,47.16355464,49.51231206,5232889.16861783
2024-01-15,EGX:MFPC,49.51231206,50.3822187,48.7148913,49.0773533,2213125.75920889
2024-01-16,EGX:MFPC,49.0773533,50.012506,48.93962136,50.012506,2432856.37621521
2024-01-17,EGX:MFPC,50.012506,51.39711376,50.012506,50.37496801,5066896.59789307
2024-01-18,EGX:MFPC,50.37496801,51.02740034,50.23723607,50.5634497,2204213.10090143
2024-01-21,EGX:MFPC,50.5634497,56.52232578,50.5634497,56.00037977,7721254.81124567
2024-01-22,EGX:MFPC,56.00037977,62.96690023,56.00037977,61.64028785,9537567.94453532
2024-01-23,EGX:MFPC,61.64028785,62.34346486,60.27743288,60.27743288,4196666.0753863
2024-01-24,EGX:MFPC,60.27743288,61.25607885,58.86382744,59.44376882,2790358.6749734
2024-01-28,EGX:MFPC,59.44376882,64.36600357,59.44376882,64.16302557,5296632.40151199
2024-01-29,EGX:MFPC,64.16302557,64.48198851,62.37246255,62.74942086,4939026.643634
2024-01-30,EGX:MFPC,62.74942086,63.78606219,59.98746183,61.47355822,2805565.78612978
2024-01-31,EGX:MFPC,61.47355822,62.74217524,54.00683874,56.90653479,4213169.87417757
2024-02-01,EGX:MFPC,56.90653479,60.13244445,52.33951135,59.79898014,3478165.93907546
2024-02-04,EGX:MFPC,59.79898014,60.16869283,56.54407278,57.84893817,2488278.7369672
2024-02-05,EGX:MFPC,57.84893817,57.84893817,56.54407278,56.54407278,2039583.43164824
2024-02-06,EGX:MFPC,56.54407278,57.98667011,52.92670342,53.65162743,3407718.55521795
2024-02-07,EGX:MFPC,53.65162743,55.01448239,52.51349673,53.49939411,3569158.92467129
2024-02-08,EGX:MFPC,53.49939411,56.25410173,53.49939411,55.98588347,3234210.71403057
2024-02-11,EGX:MFPC,55.98588347,57.05151741,54.44904312,55.44943608,1992877.84660354
2024-02-12,EGX:MFPC,55.44943608,55.44943608,52.57148703,54.2605607,1617286.75533867
2024-02-13,EGX:MFPC,54.2605607,54.80425371,53.57188579,54.58678013,1572548.2730252
2024-02-14,EGX:MFPC,54.58678013,55.89163972,54.36930075,54.60127643,1767265.23377257
2024-02-15,EGX:MFPC,54.60127643,55.01448239,53.94884337,54.2968098,1562234.08850812
2024-02-18,EGX:MFPC,54.2968098,56.18161077,54.2968098,55.41319277,2297989.82654748
2024-02-19,EGX:MFPC,55.41319277,55.9641314,54.36930075,55.16671571,1054284.29663959
2024-02-20,EGX:MFPC,55.16671571,55.81914877,54.96373844,55.03622939,1645851.12858933
2024-02-21,EGX:MFPC,55.03622939,55.42043839,54.6230227,54.75350975,1775529.54826258
2024-02-22,EGX:MFPC,54.75350975,55.72491082,54.75350975,55.09422476,1893885.4018644
2024-02-25,EGX:MFPC,55.09422476,55.09422476,44.59007441,44.65531757,5793116.16399628
2024-02-26,EGX:MFPC,44.65531757,46.74310234,44.65531757,45.63396715,2081139.51143652
2024-02-27,EGX:MFPC,45.63396715,47.48252266,45.03952947,45.03952947,2440335.78084964
2024-02-28,EGX:MFPC,45.03952947,46.37338964,44.25661009,44.26386078,1886069.41022687
2024-02-29,EGX:MFPC,44.26386078,45.98917847,41.35691405,45.70645811,2525652.30940551
2024-03-03,EGX:MFPC,45.70645811,45.70645811,42.78501507,43.20546955,1887533.01190838
2024-03-04,EGX:MFPC,43.20546955,45.65571415,43.20546955,45.46723463,3852734.85423665
2024-03-05,EGX:MFPC,45.46723463,46.25015111,44.58282661,44.72781214,2219999.58312872
2024-03-06,EGX:MFPC,44.72781214,52.19452872,44.72781214,45.23525967,5327507.36177162
2024-03-07,EGX:MFPC,45.23525967,47.64925735,43.42294965,44.57557882,2883584.99810208
2024-03-10,EGX:MFPC,44.57557882,46.01817615,44.57557882,45.38024158,2145713.17619898
2024-03-11,EGX:MFPC,45.38024158,46.75759864,45.06127646,45.30775063,1911044.44174776
2024-03-12,EGX:MFPC,45.30775063,45.88044132,43.58968145,44.36535014,1132706.30945166
2024-03-13,EGX:MFPC,44.36535014,44.93079014,40.95820657,41.17568304,2028313.28486416
2024-03-14,EGX:MFPC,41.17568304,41.61063962,39.18214202,40.81322104,1422360.11744183
2024-03-17,EGX:MFPC,40.81322104,41.66138358,39.13864875,39.13864875,914444.81194657
2024-03-18,EGX:MFPC,39.13864875,39.13864875,34.79635248,35.01382896,2700368.55311221
2024-03-19,EGX:MFPC,35.01382896,36.60866251,34.50638143,36.49992245,1334392.27650909
2024-03-20,EGX:MFPC,36.49992245,40.59574456,36.49992245,37.22484646,1150571.63025956
2024-03-21,EGX:MFPC,37.22484646,39.48661155,37.11611004,39.29088207,1357602.98517358
2024-03-24,EGX:MFPC,39.29088207,40.1607916,38.43547101,38.93566785,860684.69438611
2024-03-25,EGX:MFPC,38.93566785,39.72583502,38.5007149,39.10240037,603747.4189881
2024-03-26,EGX:MFPC,39.10240037,39.87082055,39.10240037,39.16764354,687153.4024649
2024-03-27,EGX:MFPC,39.16764354,39.16764354,37.710547,37.89902652,498783.31385382
2024-03-28,EGX:MFPC,37.89902652,38.05126273,37.05086688,37.59455988,405174.88170933
2024-03-31,EGX:MFPC,37.59455988,37.76853947,35.52852428,36.08671649,637935.82999134
2024-04-01,EGX:MFPC,36.08671649,39.07340559,36.08671649,39.06615417,823353.88505066
2024-04-02,EGX:MFPC,39.06615417,40.19703708,39.06615417,39.71858723,1213963.10214639
2024-04-03,EGX:MFPC,39.71858723,39.71858723,36.97112451,37.76129168,799109.96464305
2024-04-04,EGX:MFPC,37.76129168,38.08025752,37.44957436,37.80478857,739030.56404491
2024-04-07,EGX:MFPC,37.80478857,39.87082055,37.80478857,39.14589654,1853194.24031769
2024-04-08,EGX:MFPC,39.14589654,39.85632207,38.60945132,39.37062371,736434.42986528
2024-04-15,EGX:MFPC,39.37062371,41.66863209,39.37062371,41.28442309,2308352.29198713
2024-04-16,EGX:MFPC,41.28442309,41.48740109,39.89256755,40.30577351,1159749.14391372
2024-04-17,EGX:MFPC,40.30577351,42.58928559,40.1607916,41.19018225,2311447.78885169
2024-04-18,EGX:MFPC,41.19018225,42.0093471,36.97112451,38.05851052,2499201.26110873
2024-04-21,EGX:MFPC,38.05851052,39.1386473,37.87727952,38.13100293,930600.98809529
2024-04-22,EGX:MFPC,38.13100293,38.78343454,36.40568378,37.18860171,812987.28124621
2024-04-23,EGX:MFPC,37.18860099,37.65980304,35.23130544,35.26755454,1041797.47060661
2024-04-24,EGX:MFPC,35.26755454,36.20995502,33.71621426,34.33964963,1287347.34555143
2024-04-28,EGX:MFPC,34.33964963,34.79635248,32.11413292,32.25911845,1260979.0645505
2024-04-29,EGX:MFPC,32.25911845,33.70896646,32.25911845,33.56398094,967669.7009939
2024-04-30,EGX:MFPC,33.56398094,33.78145742,30.22933194,30.41056294,1503512.07156182
2024-05-01,EGX:MFPC,30.41056294,31.31671796,29.08395056,30.44680842,1919184.60529401
2024-05-02,EGX:MFPC,30.44680842,31.70817765,30.30907358,31.49794896,1426684.70864967
2024-05-07,EGX:MFPC,31.49794896,31.86041096,30.37431747,31.09924148,1165146.95105767
2024-05-08,EGX:MFPC,31.09924148,31.53419443,30.37431747,30.49030459,760979.07144778
2024-05-09,EGX:MFPC,30.49030459,31.51244744,30.30907358,30.8455159,1255153.62637803
2024-05-12,EGX:MFPC,30.8455159,31.17173243,28.9969604,29.12019603,951321.7806098
2024-05-13,EGX:MFPC,29.12019603,29.31592624,27.55436017,28.78673171,1111720.66159045
2024-05-14,EGX:MFPC,28.78673171,29.1781914,28.27203639,28.33727955,654999.68748449
2024-05-15,EGX:MFPC,28.33727955,28.41702192,27.56161086,27.83708343,689385.36054282
2024-05-16,EGX:MFPC,27.83708343,32.62158045,27.83708343,31.89665644,3066119.99235616
2024-05-19,EGX:MFPC,31.89665644,38.275987,31.89665644,37.5655622,6126418.68490464
2024-05-20,EGX:MFPC,37.5655622,38.78343454,36.60866251,36.89863356,4051289.45860132
2024-05-21,EGX:MFPC,36.89863356,39.7620805,36.84063819,39.14589654,15204545.3702106
2024-05-22,EGX:MFPC,39.14589654,39.14589654,37.62355757,38.23974153,4084767.45031524
2024-05-23,EGX:MFPC,38.23974153,38.6601989,34.99933048,35.52127649,7644559.87600687
2024-05-26,EGX:MFPC,35.52127649,35.88373849,34.55712611,34.963085,4133144.93473599
2024-05-27,EGX:MFPC,34.963085,35.43428633,33.58573083,33.78145742,4546756.56280167
2024-05-28,EGX:MFPC,33.78145742,33.96268842,32.65782593,33.69446798,3964110.66588897
2024-05-29,EGX:MFPC,33.69446798,35.41978785,33.69446798,34.79635248,24974083.83535262
2024-05-30,EGX:MFPC,34.79635248,35.12256901,31.89665644,31.89665644,7669843.90543224
2024-06-02,EGX:MFPC,31.89665644,32.5128404,30.6642849,30.81651822,6098939.94268448
2024-06-03,EGX:MFPC,30.81651822,31.14998543,29.7508821,29.7508821,4969385.68774953
2024-06-04,EGX:MFPC,29.7508821,31.75167091,29.7508821,30.67153559,8383704.93481103
2024-06-05,EGX:MFPC,30.67153559,30.67153559,28.77948392,29.95386009,7570690.06446621
2024-06-06,EGX:MFPC,29.95386009,30.57729474,29.9103632,30.15683737,4750903.47745552
2024-06-09,EGX:MFPC,30.15683737,30.36706605,28.69974156,28.69974156,3463282.9998278
2024-06-10,EGX:MFPC,28.69974156,30.22933194,28.19954544,30.22933194,17611741.12580435
2024-06-11,EGX:MFPC,30.22933194,31.38920891,30.22933194,30.44680842,4274820.47394181
2024-06-12,EGX:MFPC,30.44680842,30.79477194,30.08434642,30.08434642,1369136.60784942
2024-06-13,EGX:MFPC,30.08434642,31.15723395,30.08434642,31.15723395,2080532.55126699
2024-06-23,EGX:MFPC,31.15723395,31.80966628,31.15723395,31.7589216,1460586.19302732
2024-06-24,EGX:MFPC,31.7589216,32.9115515,31.7589216,32.84630762,3710101.9733089
2024-06-25,EGX:MFPC,32.84630762,32.98404246,31.96914739,32.6940714,2668289.32869805
2024-06-26,EGX:MFPC,32.6940714,32.6940714,31.17173243,32.15762981,2729476.43160557
2024-06-27,EGX:MFPC,32.15762981,32.83905693,31.91840344,32.62158045,2006887.59088004
2024-07-01,EGX:MFPC,32.62158045,34.43389048,32.62158045,33.16527346,3579079.96453311
2024-07-02,EGX:MFPC,33.16527346,33.52048767,32.80281145,32.9115515,2197495.15538877
2024-07-03,EGX:MFPC,32.9115515,33.45524451,32.77381377,32.77381377,2401978.65704572
2024-07-04,EGX:MFPC,32.77381377,33.02028793,31.58493912,32.18662749,2532464.05785346
2024-07-07,EGX:MFPC,32.18662749,32.44759724,31.38920891,31.62118459,1633184.97341535
2024-07-08,EGX:MFPC,31.62118459,31.9618996,30.88901279,31.03399759,1734365.23367463
2024-07-09,EGX:MFPC,31.03399759,31.51969595,30.59179395,30.6642849,1587040.82652746
2024-07-10,EGX:MFPC,30.6642849,31.14998543,30.27282521,30.37431747,1843449.770687
2024-07-14,EGX:MFPC,30.37431747,30.80202263,29.83787225,30.08434642,1328732.3729283
2024-07-15,EGX:MFPC,30.08434642,30.72952806,29.93936089,29.94661158,3506448.90352025
2024-07-16,EGX:MFPC,29.94661158,30.41781073,29.94661158,29.97560636,1994184.19042294
2024-07-17,EGX:MFPC,29.97560636,31.09924148,29.97560636,30.92525827,3270523.48562714
2024-07-18,EGX:MFPC,30.92525827,31.45445207,30.88176138,30.88176138,3006385.45549071
2024-07-21,EGX:MFPC,30.88176138,31.70817765,30.63528721,31.57043991,5063220.35050267
2024-07-22,EGX:MFPC,31.57043991,32.12138361,30.91801048,31.11373706,3916431.18566317
2024-07-23,EGX:MFPC,31.11373706,31.80241559,31.11373706,31.75167091,3116907.3845409
2024-07-24,EGX:MFPC,31.75167091,32.07788744,31.38920891,31.49794896,2298251.92298431
2024-07-28,EGX:MFPC,31.49794896,31.88215796,31.32396575,31.47619906,1784952.60489441
2024-07-29,EGX:MFPC,31.47619906,32.04164197,31.46170348,31.49069827,2736277.14441407
2024-07-30,EGX:MFPC,31.49069827,32.9115515,31.20073012,32.26636624,25881413.41876647
2024-07-31,EGX:MFPC,32.26636624,33.47699078,31.89665644,33.27401351,5852791.38429972
2024-08-01,EGX:MFPC,33.27401351,33.70896646,32.74481608,32.78106446,3634843.05065299
2024-08-04,EGX:MFPC,32.78106446,32.78106446,31.25872259,31.25872259,2281537.06758864
2024-08-05,EGX:MFPC,31.25872259,31.25872259,29.3666702,30.16408878,3189366.01368742
2024-08-06,EGX:MFPC,30.16408878,31.17173243,30.16408878,30.62079163,1235997.13575496
2024-08-07,EGX:MFPC,30.62079163,31.06299238,30.4830539,30.88176138,2018770.21565336
2024-08-08,EGX:MFPC,30.88176138,31.09924148,30.57729474,30.88176138,1290827.71034167
2024-08-11,EGX:MFPC,30.88176138,32.36060708,30.88176138,32.07788744,2845597.5682196
2024-08-12,EGX:MFPC,32.07788744,32.78831297,32.07788744,32.30261461,3019345.43456493
2024-08-13,EGX:MFPC,32.30261461,32.93329777,32.00539649,32.13588281,2058859.93485028
2024-08-14,EGX:MFPC,32.13588281,35.44878554,32.13588281,35.44878554,10086631.01115936
2024-08-15,EGX:MFPC,35.44878554,35.85474081,34.50638143,34.68761243,4730448.91974264
2024-08-18,EGX:MFPC,34.68761243,36.0649695,34.50638143,34.53537911,3883700.85852171
2024-08-19,EGX:MFPC,34.53537911,35.88373849,34.50638143,35.81124754,3639308.34626377
2024-08-20,EGX:MFPC,35.81124754,36.13021266,35.52127649,36.02872402,2370067.72613312
2024-08-21,EGX:MFPC,36.02872402,36.52167235,35.80399613,35.88373849,3896738.08707205
2024-08-22,EGX:MFPC,35.88373849,36.2462005,34.55712611,35.07907212,3646956.04439974
2024-08-25,EGX:MFPC,35.07907212,35.84749302,35.07907212,35.5140287,2465806.03669066
2024-08-26,EGX:MFPC,35.5140287,35.99972634,34.65136695,34.65136695,3603561.1511888
2024-08-27,EGX:MFPC,34.65136695,34.65136695,31.91115492,32.18662749,3704686.23325085
2024-08-28,EGX:MFPC,32.18662749,32.3316094,31.91115492,32.04164197,1725909.17494925
2024-08-29,EGX:MFPC,32.04164197,32.15037839,31.60668539,32.07063965,3824454.64870173
2024-09-01,EGX:MFPC,32.07063965,33.27401351,32.07063965,32.6940714,4817075.9304827
2024-09-02,EGX:MFPC,32.6940714,33.19427114,32.5490895,32.5490895,2169792.94146982
2024-09-03,EGX:MFPC,32.54908805,33.62922482,32.54908805,33.1000303,5046698.6187973
2024-09-04,EGX:MFPC,33.1000303,33.1000303,32.26636769,32.55633729,1926730.22376511
2024-09-05,EGX:MFPC,32.55633729,32.76656598,32.29536392,32.40410397,1727879.03659033
2024-09-08,EGX:MFPC,32.40410397,32.60708197,31.90390423,31.91115492,1428079.33758464
2024-09-09,EGX:MFPC,31.91115492,32.034392,31.68642848,31.68642848,1413230.88471025
2024-09-10,EGX:MFPC,31.68642848,31.89665644,31.09924003,31.21522787,1572955.21222976
2024-09-11,EGX:MFPC,31.21522787,31.46170203,30.7512765,31.02674763,1746841.02406816
2024-09-12,EGX:MFPC,31.02674763,31.44720355,30.77302422,30.91800903,3310044.86939259
2024-09-16,EGX:MFPC,30.91800903,31.05574459,30.5337993,30.5337993,1805735.47288081
2024-09-17,EGX:MFPC,30.5337993,30.91800903,30.5337993,30.59179322,872510.76150726
2024-09-18,EGX:MFPC,30.59179322,30.87451359,30.54104854,30.68603334,988911.92747223
2024-09-19,EGX:MFPC,30.68603334,31.24422483,30.6062917,30.84551663,3421936.59718899
2024-09-22,EGX:MFPC,30.84551663,31.45445279,30.84551663,31.28047103,3520998.01467467
2024-09-23,EGX:MFPC,31.28047103,31.60668684,31.02674763,31.24422483,4114418.83405131
2024-09-24,EGX:MFPC,31.24422483,31.45445279,31.09924003,31.17173243,1651150.9944332
2024-09-25,EGX:MFPC,31.17173243,31.35296343,31.17173243,31.24422483,1170685.46260456
2024-09-26,EGX:MFPC,31.24422483,31.61393608,31.24422483,31.24422483,1881831.72467967
2024-09-29,EGX:MFPC,31.24422483,31.6356838,31.20797863,31.24422483,2083426.64771167
2024-09-30,EGX:MFPC,31.24422483,31.42545583,31.17173243,31.30946799,2016786.55946297
2024-10-01,EGX:MFPC,31.30946799,31.41820659,31.18623091,31.20797863,1646587.75752234
2024-10-02,EGX:MFPC,31.20797863,31.20797863,30.09159566,30.09159566,3230134.42471025
2024-10-03,EGX:MFPC,30.09159566,30.43230994,29.88861693,30.12059262,1826485.23394887
2024-10-07,EGX:MFPC,30.12059262,30.30182362,29.91036465,29.94661085,1649981.21665194
2024-10-08,EGX:MFPC,29.94661085,30.15683882,28.55475675,29.24343456,2513387.57561637
2024-10-09,EGX:MFPC,29.24343456,29.69288745,29.00420964,29.18544064,1377937.53030749
2024-10-10,EGX:MFPC,29.18544064,29.46091177,28.90996952,29.0694528,2426186.71162513
2024-10-13,EGX:MFPC,29.0694528,31.10648927,29.0694528,29.73638289,5790074.46587402
2024-10-14,EGX:MFPC,29.73638289,30.15683882,29.3594224,29.72188441,1764234.57128976
2024-10-15,EGX:MFPC,29.72188441,30.64978714,29.72188441,30.04810021,2244196.60206868
2024-10-16,EGX:MFPC,30.04810021,30.59179322,30.01185401,30.07709717,2727793.49659008
2024-10-17,EGX:MFPC,30.07709717,30.44680842,29.72913365,29.88136769,2012515.76699743
2024-10-20,EGX:MFPC,29.88136769,30.01185401,29.43916405,29.45366253,1889049.03287725
2024-10-21,EGX:MFPC,29.45366253,29.64939201,29.01870812,29.56965037,1191813.19432364
2024-10-22,EGX:MFPC,29.56965037,30.04085097,29.56965037,29.93936161,1360272.23046454
2024-10-23,EGX:MFPC,29.93936161,30.95425523,29.93936161,30.63528866,4458395.57721367
2024-10-24,EGX:MFPC,30.63528866,31.24422483,30.6062917,31.09924003,2484241.07238495
2024-10-27,EGX:MFPC,31.09924003,31.87490872,31.09924003,31.49794823,3260777.63654152
2024-10-28,EGX:MFPC,31.49794823,31.69367772,31.17898167,31.17898167,1596550.78881992
2024-10-29,EGX:MFPC,31.17898167,31.38196039,30.70778106,30.73677802,1072360.67405189
2024-10-30,EGX:MFPC,30.73677802,31.01224915,30.38156526,30.44680842,769573.07566623
2024-10-31,EGX:MFPC,30.44680842,30.88901207,30.37431602,30.80202118,907441.31926324
2024-11-03,EGX:MFPC,30.80202118,31.57044064,30.80202118,31.21522787,1309024.10033294
2024-11-04,EGX:MFPC,31.21522787,31.46170203,31.04124611,31.30221875,1215309.45015878
2024-11-05,EGX:MFPC,31.30221875,31.32396647,30.97600295,31.02674763,1119518.72031387
2024-11-06,EGX:MFPC,31.02674763,31.38920963,31.02674763,31.16448319,654562.40027144
2024-11-07,EGX:MFPC,31.16448319,31.65743152,31.16448319,31.22972635,3618599.96884363
2024-11-10,EGX:MFPC,31.22972635,31.46170203,31.04849535,31.13548623,1560629.78242368
2024-11-11,EGX:MFPC,31.13548623,31.29496951,31.05574459,31.10648927,1251692.57395682
2024-11-12,EGX:MFPC,31.10648927,31.32396647,30.88176283,30.92525827,1149266.66589509
2024-11-13,EGX:MFPC,30.92525827,31.65743152,30.92525827,31.57044064,3878996.91720792
2024-11-14,EGX:MFPC,31.57044064,31.853161,31.35296343,31.35296343,2177748.25805535
2024-11-17,EGX:MFPC,31.35296343,31.40370811,30.95425523,31.01224915,1069481.75161146
2024-11-18,EGX:MFPC,31.01224915,31.17173243,30.56279626,30.5700455,975258.08256785
2024-11-19,EGX:MFPC,30.5700455,30.63528866,30.30182362,30.32357134,863502.92080959
2024-11-20,EGX:MFPC,30.32357134,30.48305462,30.16408806,30.2800759,1236797.21961478
2024-11-21,EGX:MFPC,30.2800759,30.44680842,30.23658046,30.41056222,654442.38769247
2024-11-24,EGX:MFPC,30.41056222,30.44680842,29.94661085,29.94661085,768465.37335686
2024-11-25,EGX:MFPC,29.94661085,30.14958958,29.07670204,29.3594224,1194001.00984378
2024-11-26,EGX:MFPC,29.3594224,29.57689961,29.2144376,29.28693,920834.44718571
2024-11-27,EGX:MFPC,29.28693,29.64939201,29.09120052,29.105699,633778.15283012
2024-11-28,EGX:MFPC,29.105699,29.42466557,28.9969604,29.42466557,642897.72937718
2024-12-01,EGX:MFPC,29.42466557,29.99735553,29.42466557,29.64214277,524657.74998955
2024-12-02,EGX:MFPC,29.64214277,29.93936161,29.64214277,29.72188441,635401.77128359
2024-12-03,EGX:MFPC,29.72188441,29.88136769,29.61314581,29.67838897,354470.25682044
2024-12-04,EGX:MFPC,29.67838897,29.83062301,29.62764429,29.62764429,574039.47759987
2024-12-05,EGX:MFPC,29.62764429,30.01185401,29.62764429,29.93936161,813438.36300856
2024-12-08,EGX:MFPC,29.93936161,30.26557742,29.93936161,30.11334338,470878.32006006
2024-12-09,EGX:MFPC,30.11334338,30.2438297,29.79437681,29.79437681,540710.46701847
2024-12-10,EGX:MFPC,29.79437681,30.04810021,29.50440721,29.50440721,481254.58004902
2024-12-11,EGX:MFPC,29.50440721,29.70013669,29.45366253,29.47541025,211724.26058836
2024-12-12,EGX:MFPC,29.47541025,29.64214277,29.36667165,29.47541025,454622.82315632
2024-12-15,EGX:MFPC,29.47541025,29.62039505,29.28693,29.3594224,436380.91115233
2024-12-16,EGX:MFPC,29.3594224,29.49715797,29.15644368,29.15644368,502062.27822417
2024-12-17,EGX:MFPC,29.15644368,29.28693,29.01145888,29.09120052,460067.53176792
2024-12-18,EGX:MFPC,29.09120052,29.27243152,28.41702119,28.48226435,872107.96066749
2024-12-19,EGX:MFPC,28.48226435,28.9969604,28.27928563,28.64174764,973558.59409319
2024-12-22,EGX:MFPC,28.64174764,29.01870812,28.48226435,28.48951359,985122.56477751
2024-12-23,EGX:MFPC,28.48951359,28.63449839,28.12705159,28.14155007,615170.68526948
2024-12-24,EGX:MFPC,28.14155007,28.27203639,27.67034946,28.05455919,726735.4822473
2024-12-25,EGX:MFPC,28.05455919,28.40977195,27.8588297,27.98206679,1062053.38680947
2024-12-26,EGX:MFPC,27.98206679,28.12705159,27.69934642,27.72834338,1026737.96112782
2024-12-29,EGX:MFPC,27.72834338,27.8225835,27.05416405,27.11215797,1106597.36597771
2024-12-30,EGX:MFPC,27.11215797,27.32963518,26.09726436,26.177006,1925735.63676005
2024-12-31,EGX:MFPC,26.177006,27.03966557,26.177006,26.96717317,1357511.94114815
2025-01-02,EGX:MFPC,26.96717317,27.8588297,26.96717317,27.72834338,1071058.46859728
2025-01-05,EGX:MFPC,27.72834338,28.24303943,27.72834338,27.83708198,707173.4318746
2025-01-06,EGX:MFPC,27.83708198,28.01831299,27.40212758,27.54711238,537246.6556874
2025-01-08,EGX:MFPC,27.54711238,27.58335858,27.09041025,27.32963518,590001.15060336
2025-01-09,EGX:MFPC,27.32963518,27.4238753,27.12665645,27.18465037,469286.42906999
2025-01-12,EGX:MFPC,27.18465037,27.83708198,26.57571421,27.69209718,1781407.40572243
2025-01-13,EGX:MFPC,27.69209718,28.62724915,27.22089658,27.43112454,2606197.30335598
2025-01-14,EGX:MFPC,27.43112454,27.91682363,26.74969597,27.59785706,1116450.81254792
2025-01-15,EGX:MFPC,27.59785706,28.63449839,27.54711238,28.60550143,1913343.99311729
2025-01-16,EGX:MFPC,28.60550143,29.30867772,28.60550143,29.00420964,3066307.59822674
2025-01-19,EGX:MFPC,29.00420964,29.49715797,29.00420964,29.43191481,1005757.83108632
2025-01-20,EGX:MFPC,29.43191481,29.55515189,28.80123092,29.1419452,798760.96254558
2025-01-21,EGX:MFPC,29.17094216,29.2144376,28.69974156,28.7069908,827474.31692875
2025-01-22,EGX:MFPC,28.7069908,30.04810021,28.7069908,29.93936161,2888404.81363005
2025-01-23,EGX:MFPC,29.93936161,30.44680842,29.75088137,29.75088137,2041222.22410594
2025-01-26,EGX:MFPC,29.75088137,30.20033426,29.75088137,29.79437681,1320908.10456119
2025-01-27,EGX:MFPC,29.79437681,30.06984793,28.91721876,29.01870812,859040.38410867
2025-01-28,EGX:MFPC,29.01870812,29.31592696,28.8882218,28.91721876,392368.02213242
2025-01-29,EGX:MFPC,28.91721876,29.50440721,28.91721876,29.41741633,852704.54761182
2025-01-30,EGX:MFPC,29.41741633,30.00460477,29.41741633,29.64214277,1004593.57112479
2025-02-02,EGX:MFPC,29.64214277,29.77987833,29.1781914,29.51165645,523490.73111815
2025-02-03,EGX:MFPC,29.51165645,29.71463517,29.0694528,29.27968076,430376.14383886
2025-02-04,EGX:MFPC,29.27968076,29.43191481,28.8882218,29.01145888,628740.38342308
2025-02-05,EGX:MFPC,29.01145888,29.20718836,28.61999991,28.8157294,631517.22619865
2025-02-06,EGX:MFPC,28.8157294,29.1781914,28.8157294,29.01870812,488110.47105475
2025-02-09,EGX:MFPC,29.01870812,29.53340417,29.01870812,29.15644368,486216.47943486
2025-02-10,EGX:MFPC,29.15644368,29.48990873,29.15644368,29.18544064,517844.62208667
2025-02-11,EGX:MFPC,29.18544064,29.3231762,28.7794832,28.7794832,801398.48037314
2025-02-12,EGX:MFPC,28.7794832,28.8519756,28.00381451,28.46776587,933078.48915088
2025-02-13,EGX:MFPC,28.46776587,28.97521268,28.46776587,28.60550143,425458.3870108
2025-02-16,EGX:MFPC,28.60550143,29.1419452,28.60550143,29.01145888,862229.68390852
2025-02-17,EGX:MFPC,29.01145888,29.61314581,29.01145888,29.34492392,781167.39435903
2025-02-18,EGX:MFPC,29.34492392,29.48990873,29.105699,29.25793304,646573.97676758
2025-02-19,EGX:MFPC,29.25793304,29.98285705,29.25793304,29.64939201,1552933.80336513
2025-02-20,EGX:MFPC,29.64939201,30.22208198,29.64939201,29.84512149,1746623.07018911
2025-02-23,EGX:MFPC,29.84512149,29.93211237,29.43191481,29.84512149,776331.02537189
2025-02-24,EGX:MFPC,29.84512149,29.84512149,29.44641329,29.51165645,386588.10597265
2025-02-25,EGX:MFPC,29.51165645,29.70013669,29.23618532,29.35217316,472042.58002159
2025-02-26,EGX:MFPC,29.35217316,29.39566861,28.9969604,29.105699,625611.77964019
2025-02-27,EGX:MFPC,29.105699,29.31592696,28.9969604,29.07670204,636085.98092923
2025-03-02,EGX:MFPC,29.07670204,29.12019748,28.86647408,28.86647408,515649.90929187
2025-03-03,EGX:MFPC,28.86647408,29.35217316,28.86647408,29.30867772,416639.53163863
2025-03-04,EGX:MFPC,29.30867772,29.70013669,29.30867772,29.57689961,814714.35881949
2025-03-05,EGX:MFPC,29.57689961,29.92486313,29.43916405,29.54065341,634400.28700388
2025-03-06,EGX:MFPC,29.54065341,30.04810021,29.54065341,29.82337377,1227494.17556193
2025-03-09,EGX:MFPC,29.82337377,30.62079018,29.30867772,30.52655006,3083284.55005925
2025-03-10,EGX:MFPC,30.52655006,31.66468076,30.52655006,31.28772027,3706570.56868623
2025-03-11,EGX:MFPC,31.28772027,31.31671723,30.88176283,31.17173243,1459230.18883041
2025-03-12,EGX:MFPC,31.17173243,31.35296343,30.99050143,31.08474155,640967.87192909
2025-03-13,EGX:MFPC,31.08474155,31.17173243,30.96150447,30.99050143,770552.48866705
2025-03-16,EGX:MFPC,30.99050143,31.09924003,30.81651967,30.85276587,658704.90342843
2025-03-17,EGX:MFPC,30.85276587,31.38920963,30.81651967,30.81651967,928090.38012136
2025-03-18,EGX:MFPC,30.81651967,30.83101815,30.2800759,30.51930082,994844.96312931
2025-03-19,EGX:MFPC,30.51930082,30.51930082,29.70013669,29.78712757,1117515.75175445
2025-03-20,EGX:MFPC,29.78712757,30.07709717,29.72913365,29.83787225,373817.11222394
2025-03-23,EGX:MFPC,29.83787225,30.34531906,29.72188441,30.00460477,937760.35918579
2025-03-24,EGX:MFPC,30.00460477,30.07709717,29.43191481,29.51890569,909498.08656496
2025-03-25,EGX:MFPC,29.51890569,29.64939201,29.2144376,29.25793304,556101.04568064
2025-03-26,EGX:MFPC,29.25793304,29.27968076,29.04770508,29.19268988,774074.23710521
2025-03-27,EGX:MFPC,29.19268988,29.72188441,29.19268988,29.55515189,412354.94462378
2025-04-03,EGX:MFPC,29.55515189,29.70013669,29.41016709,29.57689961,404514.12279751
2025-04-06,EGX:MFPC,29.57689961,29.57689961,28.27928563,28.7794832,1156592.95103221
2025-04-07,EGX:MFPC,28.7794832,28.8157294,28.12705159,28.77223396,742396.4340759
2025-04-08,EGX:MFPC,28.77223396,29.46816101,28.77223396,29.30867772,504240.43755979
2025-04-09,EGX:MFPC,29.30867772,29.30867772,28.7794832,28.98971116,560301.48594471
2025-04-10,EGX:MFPC,28.98971116,29.72188441,28.98971116,29.51165645,605326.89488378
2025-04-13,EGX:MFPC,29.51165645,30.29457438,29.51165645,30.12059262,1096999.11856968
2025-04-14,EGX:MFPC,30.12059262,30.38156526,30.04810021,30.30182362,744966.35861185
2025-04-15,EGX:MFPC,30.30182362,30.37431602,30.21483274,30.23658046,476655.47730996
2025-04-16,EGX:MFPC,30.23658046,30.30182362,29.94661085,30.08434642,736181.98961295
2025-04-17,EGX:MFPC,30.08434642,30.22933122,29.99010629,30.00460477,457027.21310058
2025-04-22,EGX:MFPC,30.00460477,30.37431602,30.00460477,30.0988449,443463.0327667
2025-04-23,EGX:MFPC,30.0988449,30.37431602,30.0988449,30.37431602,312939.00722091
2025-04-27,EGX:MFPC,30.37431602,30.72952878,30.37431602,30.66428562,924222.38849559
2025-04-28,EGX:MFPC,30.66428562,31.15723395,30.66428562,31.15723395,1394478.57438189
2025-04-29,EGX:MFPC,31.15723395,31.35296343,31.02674763,31.35296343,1949535.37267996
2025-04-30,EGX:MFPC,31.35296343,31.46170203,31.10648927,31.25147407,1892090.73099952
2025-05-04,EGX:MFPC,31.25147407,31.28772027,30.99050143,31.20797863,2434640.01144065
2025-05-05,EGX:MFPC,28.99696,29.19994,28.71424004,29.08395128,2023712.80267017
2025-05-06,EGX:MFPC,29.08395128,29.1419452,28.8519756,28.87372332,808101.25188156
2025-05-07,EGX:MFPC,28.87372332,28.94621572,28.63449839,28.63449839,574771.96816808
2025-05-08,EGX:MFPC,28.63449839,28.66349536,28.27203639,28.56200599,651057.20529246
2025-05-11,EGX:MFPC,28.56200599,28.69974156,28.27928563,28.38077499,396127.03681866
2025-05-12,EGX:MFPC,28.38077499,28.55475675,28.27203639,28.27203639,443176.10614111
2025-05-13,EGX:MFPC,28.27203639,28.33727955,27.83708198,27.91682363,811696.11143105
2025-05-14,EGX:MFPC,27.91682363,27.98206679,27.48911846,27.83708198,1019626.8709599
2025-05-15,EGX:MFPC,27.83708198,28.55475675,27.76458958,28.55475675,600658.81939819
2025-05-18,EGX:MFPC,28.55475675,28.55475675,28.12705159,28.14155007,330933.9967923
2025-05-19,EGX:MFPC,28.14155007,28.27203639,27.8588297,27.95306983,332691.42237405
2025-05-20,EGX:MFPC,27.95306983,28.05455919,27.54711238,27.72109414,576110.03945089
2025-05-21,EGX:MFPC,27.68484794,27.86607894,27.19914886,27.76458958,517150.75625651
2025-05-22,EGX:MFPC,27.76458958,27.83708198,27.44562302,27.47461998,472192.94060904
2025-05-25,EGX:MFPC,27.47461998,27.57610934,27.35863214,27.36588138,294215.66544609
2025-05-26,EGX:MFPC,27.36588138,27.8225835,27.36588138,27.59060782,388484.85650241
2025-05-27,EGX:MFPC,27.59060782,27.77908806,27.54711238,27.61960478,296782.83107218
2025-05-28,EGX:MFPC,27.61960478,27.72109414,27.4963677,27.51086618,432079.77067831
2025-05-29,EGX:MFPC,27.51086618,27.54711238,27.17015189,27.18465037,710256.51364479
2025-06-01,EGX:MFPC,27.18465037,27.4238753,27.18465037,27.24989354,193318.19344761
2025-06-02,EGX:MFPC,27.24989354,27.50361694,27.22089658,27.40212758,262129.54375728
2025-06-03,EGX:MFPC,27.40212758,27.5326139,27.22089658,27.34413366,447691.06212939
2025-06-04,EGX:MFPC,27.34413366,27.43837378,27.25714278,27.3876291,460651.04120362
2025-06-10,EGX:MFPC,27.3876291,27.88782666,27.3876291,27.83708198,576812.18201064
2025-06-11,EGX:MFPC,27.83708198,28.02556223,27.83708198,27.84433122,534396.70180051
2025-06-12,EGX:MFPC,27.90957439,27.90957439,27.37313062,27.40212758,543147.96388107
2025-06-15,EGX:MFPC,27.40212758,27.40212758,23.19756832,25.72755311,726397.51578928
2025-06-16,EGX:MFPC,25.72755311,26.09726436,25.37234035,25.37234035,848726.1995916
2025-06-17,EGX:MFPC,25.37234035,25.66230995,25.08961999,25.12586619,437007.18369088
2025-06-18,EGX:MFPC,25.14761391,25.14761391,24.28495434,24.65466558,505957.85894855
2025-06-19,EGX:MFPC,24.65466558,25.00987834,24.64741634,24.74165646,435784.98662225
2025-06-22,EGX:MFPC,24.74165646,25.37234035,23.94424005,25.02437683,450038.8944215
2025-06-23,EGX:MFPC,25.02437683,25.26360175,24.90113974,25.03887531,557655.69138757
2025-06-24,EGX:MFPC,25.03887531,26.45972636,25.03887531,26.37998472,675411.48209452
2025-06-25,EGX:MFPC,26.37998472,26.74244673,26.37998472,26.74244673,493831.0706525
2025-06-29,EGX:MFPC,26.74244673,27.32238594,26.74244673,27.25714278,426145.3555663
2025-06-30,EGX:MFPC,27.25714278,27.32963518,27.07591177,27.23539506,328369.59007607
2025-07-01,EGX:MFPC,27.23539506,27.30788746,26.86568381,27.12665645,392047.98858849
2025-07-02,EGX:MFPC,27.12665645,27.72834338,27.12665645,27.54711238,472620.57163757
2025-07-06,EGX:MFPC,27.54711238,27.90957439,27.26439202,27.28613974,554607.09599065
2025-07-07,EGX:MFPC,27.28613974,27.68484794,27.09041025,27.2788905,1536439.66075837
2025-07-09,EGX:MFPC,27.2788905,27.82983274,27.14840417,27.6775987,723293.74219513
2025-07-10,EGX:MFPC,27.6775987,27.80083578,27.55436162,27.64860174,443210.59251438
2025-07-13,EGX:MFPC,27.64860174,28.12705159,27.64860174,27.80083578,667918.28291078
2025-07-14,EGX:MFPC,27.80083578,28.01106375,27.80083578,27.81533426,479415.76662635
2025-07-15,EGX:MFPC,27.8950759,28.34452879,27.81533426,28.12705159,1197548.96792562
2025-07-16,EGX:MFPC,28.12705159,28.41702119,28.12705159,28.17779627,591293.69987345
2025-07-17,EGX:MFPC,28.17779627,28.27203639,28.12705159,28.27203639,459877.16698748
2025-07-20,EGX:MFPC,28.27203639,28.72873852,28.27203639,28.7069908,630584.71466547
2025-07-21,EGX:MFPC,28.7069908,29.2144376,28.56200599,28.61999991,1433877.1866585
2025-07-22,EGX:MFPC,28.61999991,28.86647408,28.56200599,28.56200599,958773.59614562
2025-07-23,EGX:MFPC,28.56,29.0,28.45,28.5,510618.0
2025-07-27,EGX:MFPC,28.5,28.61,28.22,28.25,442409.0
2025-07-28,EGX:MFPC,28.25,28.35,27.16,27.25,988161.0
2025-07-29,EGX:MFPC,27.25,27.6,27.0,27.01,518322.0
2025-07-30,EGX:MFPC,27.01,27.27,26.55,26.9,422209.0
2025-07-31,EGX:MFPC,26.72,27.2,26.72,26.95,272759.0
2025-08-03,EGX:MFPC,26.95,28.22,26.21,28.19,1247476.0
2025-08-04,EGX:MFPC,28.19,28.25,27.86,28.12,383173.0
2025-08-05,EGX:MFPC,28.12,28.12,27.81,28.03,299458.0
2025-08-06,EGX:MFPC,28.03,28.19,27.98,28.09,322057.0
2025-08-07,EGX:MFPC,28.09,28.97,28.01,28.63,1261628.0
2025-08-10,EGX:MFPC,28.63,29.19,28.63,29.13,843949.0
2025-08-11,EGX:MFPC,29.13,29.55,28.81,29.5,1323442.0
2025-08-12,EGX:MFPC,29.5,29.79,29.31,29.74,764803.0
2025-08-13,EGX:MFPC,29.74,29.93,29.2,29.21,545654.0
2025-08-14,EGX:MFPC,29.21,29.48,29.02,29.25,582944.0
2025-08-17,EGX:MFPC,29.25,29.49,29.25,29.34,140609.0
2025-08-18,EGX:MFPC,29.34,29.61,29.34,29.44,575383.0
2025-08-19,EGX:MFPC,29.44,29.6,29.41,29.57,447261.0
2025-08-20,EGX:MFPC,29.57,29.7,29.1,29.14,725728.0
2025-08-21,EGX:MFPC,29.14,29.35,28.79,28.91,199160.0
2025-08-24,EGX:MFPC,28.91,29.0,28.6,28.61,208720.0
2025-08-25,EGX:MFPC,28.61,28.85,28.4,28.42,256598.0
2025-08-26,EGX:MFPC,28.42,28.65,27.95,27.97,394938.0
2025-08-27,EGX:MFPC,27.97,28.0,27.37,27.5,443348.0
2025-08-28,EGX:MFPC,27.5,27.8,27.41,27.51,469146.0
2025-08-31,EGX:MFPC,27.51,27.87,27.4,27.44,281852.0
2025-09-01,EGX:MFPC,27.44,28.0,27.39,27.94,582512.0
2025-09-02,EGX:MFPC,27.78,28.6,27.7,28.26,660609.0
2025-09-03,EGX:MFPC,28.26,28.3,27.82,27.9,239301.0
2025-09-07,EGX:MFPC,27.9,28.2,27.7,27.8,124144.0
2025-09-08,EGX:MFPC,27.83,28.0,27.63,27.68,268279.0
2025-09-09,EGX:MFPC,27.68,27.89,27.07,27.1,634909.0
2025-09-10,EGX:MFPC,27.1,27.5,27.0,27.24,255149.0
2025-09-11,EGX:MFPC,27.24,27.45,27.12,27.16,466881.0
2025-09-14,EGX:MFPC,27.16,27.4,27.1,27.12,560996.0
2025-09-15,EGX:MFPC,27.12,27.31,27.11,27.21,235845.0
2025-09-16,EGX:MFPC,27.21,27.4,26.9,27.18,446256.0
2025-09-17,EGX:MFPC,27.18,27.4,27.02,27.3,426958.0
2025-09-18,EGX:MFPC,27.3,27.53,27.26,27.49,438429.0
2025-09-21,EGX:MFPC,27.49,27.64,27.3,27.3,182889.0
2025-09-22,EGX:MFPC,27.3,27.5,26.7,26.79,350060.0
2025-09-23,EGX:MFPC,26.79,27.19,26.7,26.71,322521.0
2025-09-24,EGX:MFPC,26.71,28.72,26.71,28.45,1881287.0
2025-09-25,EGX:MFPC,28.45,28.6,27.89,28.02,898025.0
2025-09-28,EGX:MFPC,28.02,28.5,28.0,28.49,425220.0
2025-09-29,EGX:MFPC,28.49,29.27,28.49,29.25,1556380.0
2025-09-30,EGX:MFPC,29.25,30.22,29.1,30.1,2307682.0
2025-10-01,EGX:MFPC,30.1,30.25,29.8,30.05,902419.0
2025-10-02,EGX:MFPC,30.05,30.05,29.33,29.65,765848.0
2025-10-05,EGX:MFPC,29.65,29.85,29.56,29.73,265811.0
2025-10-06,EGX:MFPC,29.73,29.9,29.66,29.7,206486.0
2025-10-07,EGX:MFPC,29.7,29.78,29.4,29.53,189807.0
2025-10-08,EGX:MFPC,29.41,29.53,29.04,29.45,439520.0
2025-10-12,EGX:MFPC,29.45,29.45,29.06,29.24,190200.0
2025-10-13,EGX:MFPC,29.24,29.24,28.6,28.63,746226.0
2025-10-14,EGX:MFPC,28.63,29.2,28.63,29.02,280459.0
2025-10-15,EGX:MFPC,29.02,29.2,28.81,29.0,216144.0
2025-10-16,EGX:MFPC,29.0,29.39,28.8,29.31,511978.0
2025-10-19,EGX:MFPC,29.31,30.48,29.11,30.38,1486358.0
2025-10-20,EGX:MFPC,30.38,30.5,30.12,30.28,863533.0
2025-10-21,EGX:MFPC,30.28,30.3,29.55,29.8,469720.0
2025-10-22,EGX:MFPC,29.8,30.0,29.62,29.84,374266.0
2025-10-23,EGX:MFPC,29.8,29.98,29.71,29.78,147754.0
2025-10-26,EGX:MFPC,29.78,29.86,29.36,29.51,505235.0
2025-10-27,EGX:MFPC,29.51,29.95,29.5,29.55,464708.0
2025-10-28,EGX:MFPC,29.55,29.9,29.3,29.39,440683.0
2025-10-29,EGX:MFPC,29.39,29.88,29.01,29.41,505785.0
2025-10-30,EGX:MFPC,29.43,29.69,29.31,29.45,609925.0
2025-11-02,EGX:MFPC,29.45,29.67,29.22,29.46,233315.0
2025-11-03,EGX:MFPC,29.46,29.52,28.9,28.95,555946.0
2025-11-04,EGX:MFPC,28.95,29.3,28.92,29.0,405244.0
2025-11-05,EGX:MFPC,29.0,29.15,28.39,28.5,630183.0
2025-11-06,EGX:MFPC,28.5,28.87,28.45,28.67,188250.0
2025-11-09,EGX:MFPC,28.67,28.95,28.61,28.65,333331.0
2025-11-10,EGX:MFPC,28.63,29.43,28.63,29.42,1337791.0
2025-11-11,EGX:MFPC,29.42,29.52,29.01,29.02,852576.0
2025-11-12,EGX:MFPC,29.02,29.42,29.02,29.2,378638.0
2025-11-13,EGX:MFPC,29.2,29.44,28.93,28.99,367687.0
2025-11-16,EGX:MFPC,28.99,29.2,28.6,28.69,486249.0
2025-11-17,EGX:MFPC,28.69,28.97,28.52,28.91,812736.0
2025-11-18,EGX:MFPC,28.91,29.2,28.64,28.69,871279.0
2025-11-19,EGX:MFPC,28.69,28.99,28.5,28.52,466656.0
2025-11-20,EGX:MFPC,28.59,28.89,28.5,28.62,231731.0
2025-11-23,EGX:MFPC,28.54,28.75,28.5,28.56,225438.0
2025-11-24,EGX:MFPC,28.56,28.69,28.4,28.45,310890.0
2025-11-25,EGX:MFPC,28.41,28.59,28.16,28.18,228926.0
2025-11-26,EGX:MFPC,28.18,28.58,28.03,28.05,196240.0
2025-11-27,EGX:MFPC,28.05,28.25,28.03,28.14,167825.0
2025-11-30,EGX:MFPC,28.14,28.35,27.9,28.05,337363.0
2025-12-01,EGX:MFPC,28.05,28.22,27.91,28.08,226015.0
2025-12-02,EGX:MFPC,28.08,28.42,28.08,28.21,324450.0
2025-12-03,EGX:MFPC,28.21,28.4,28.0,28.1,196242.0
2025-12-04,EGX:MFPC,28.1,28.28,28.0,28.04,442982.0
2025-12-07,EGX:MFPC,28.04,28.25,28.03,28.1,342989.0
2025-12-08,EGX:MFPC,28.1,28.8,28.1,28.39,733702.0
2025-12-09,EGX:MFPC,28.39,28.59,28.35,28.37,394333.0
2025-12-10,EGX:MFPC,28.37,28.53,28.36,28.4,498454.0
2025-12-11,EGX:MFPC,28.4,28.96,28.36,28.69,842119.0
2025-12-14,EGX:MFPC,28.69,29.41,28.69,29.12,667717.0
2025-12-15,EGX:MFPC,29.12,29.56,29.12,29.45,979642.0
2025-12-16,EGX:MFPC,29.25,29.5,28.85,28.91,392556.0
2025-12-17,EGX:MFPC,28.98,29.78,28.7,29.37,2955535.0
2025-12-18,EGX:MFPC,29.37,30.3,29.37,29.64,3577428.0
2025-12-21,EGX:MFPC,29.64,30.05,29.64,29.71,674047.0
2025-12-22,EGX:MFPC,29.71,30.89,29.71,30.76,2482518.0
2025-12-23,EGX:MFPC,30.76,31.4,30.76,31.27,2483485.0
2025-12-24,EGX:MFPC,31.27,31.7,31.2,31.24,1645212.0
2025-12-25,EGX:MFPC,31.24,31.25,30.8,30.96,1017721.0
2025-12-28,EGX:MFPC,30.96,31.5,30.95,31.08,767201.0
2025-12-29,EGX:MFPC,31.08,31.4,30.86,30.86,510143.0
2025-12-30,EGX:MFPC,30.86,30.86,30.41,30.42,601141.0
2025-12-31,EGX:MFPC,30.42,30.61,30.4,30.5,368957.0
2026-01-04,EGX:MFPC,30.5,30.56,29.81,29.82,696411.0
2026-01-05,EGX:MFPC,29.82,30.0,29.05,29.16,843939.0
2026-01-06,EGX:MFPC,29.16,30.08,29.16,30.0,589582.0
2026-01-08,EGX:MFPC,30.0,30.97,30.0,30.22,912579.0
2026-01-11,EGX:MFPC,30.22,30.5,30.06,30.15,774495.0
2026-01-12,EGX:MFPC,30.15,31.35,30.03,30.9,3209754.0
2026-01-13,EGX:MFPC,30.9,31.0,29.51,29.51,1217983.0
2026-01-14,EGX:MFPC,29.51,29.84,28.71,29.04,760543.0
2026-01-15,EGX:MFPC,29.04,29.6,29.0,29.27,737937.0
2026-01-18,EGX:MFPC,29.27,29.79,29.25,29.49,667809.0
2026-01-19,EGX:MFPC,29.49,29.9,29.4,29.86,854492.0
2026-01-20,EGX:MFPC,29.86,30.17,29.33,29.54,1596219.0
2026-01-21,EGX:MFPC,29.54,30.38,29.25,30.3,2065052.0
2026-01-22,EGX:MFPC,30.3,31.47,30.3,31.33,3623033.0
2026-01-25,EGX:MFPC,31.33,33.39,31.33,32.54,5507707.0
2026-01-26,EGX:MFPC,32.54,33.2,32.13,32.15,2413030.0
2026-01-27,EGX:MFPC,32.15,33.25,31.61,33.0,4473421.0
2026-01-28,EGX:MFPC,33.0,34.4,32.7,33.4,6239534.0
2026-02-01,EGX:MFPC,33.4,33.73,32.6,33.0,2144272.0
2026-02-02,EGX:MFPC,33.0,33.2,32.46,32.71,1832908.0
2026-02-03,EGX:MFPC,32.71,33.5,32.71,32.98,2874943.0
2026-02-04,EGX:MFPC,32.98,33.24,32.11,32.39,1739117.0
2026-02-05,EGX:MFPC,32.39,32.62,31.9,32.01,1415978.0
2026-02-08,EGX:MFPC,32.01,33.0,32.0,33.0,1868232.0
2026-02-09,EGX:MFPC,33.0,33.48,32.62,32.7,991687.0
2026-02-10,EGX:MFPC,32.7,33.0,32.51,32.59,832871.0
2026-02-11,EGX:MFPC,32.59,33.0,32.08,32.2,1082257.0
2026-02-12,EGX:MFPC,32.2,32.59,32.01,32.4,893976.0
2026-02-15,EGX:MFPC,32.4,33.65,32.4,33.65,2084298.0
2026-02-16,EGX:MFPC,33.65,35.37,33.65,35.02,6151759.0
2026-02-17,EGX:MFPC,35.02,38.25,34.82,37.57,9787802.0
2026-02-18,EGX:MFPC,37.57,38.28,36.25,37.01,3501387.0
2026-02-19,EGX:MFPC,37.01,37.3,35.52,35.66,1322546.0
2026-02-22,EGX:MFPC,35.66,36.07,34.85,35.25,1319806.0
2026-02-23,EGX:MFPC,35.25,37.25,35.25,37.2,2792839.0
2026-02-24,EGX:MFPC,37.2,37.83,36.04,36.21,1294780.0
2026-02-25,EGX:MFPC,36.21,36.59,35.3,35.5,1136227.0
2026-02-26,EGX:MFPC,35.5,36.8,35.16,36.51,2119241.0
2026-03-01,EGX:MFPC,36.51,36.51,34.75,36.0,2610328.0
2026-03-02,EGX:MFPC,36.0,36.51,35.61,36.01,1607829.0
2026-03-03,EGX:MFPC,36.01,39.0,35.63,38.5,6266159.0
2026-03-04,EGX:MFPC,38.5,42.0,38.5,40.53,8394686.0
2026-03-05,EGX:MFPC,40.53,40.55,39.6,39.65,3150284.0
2026-03-08,EGX:MFPC,39.65,45.0,39.65,43.56,7071815.0
2026-03-09,EGX:MFPC,43.56,45.45,42.2,43.3,3855436.0
2026-03-10,EGX:MFPC,43.3,43.3,40.76,41.9,2443190.0
2026-03-11,EGX:MFPC,41.9,43.97,41.9,43.51,2451584.0
2026-03-12,EGX:MFPC,43.51,45.4,43.51,44.5,5133142.0
2026-03-15,EGX:MFPC,44.5,46.03,44.0,44.63,4490130.0
2026-03-16,EGX:MFPC,44.63,45.08,42.84,43.2,2336611.0
2026-03-17,EGX:MFPC,43.2,43.69,42.84,42.88,2897683.0
2026-03-18,EGX:MFPC,42.88,43.62,42.8,43.19,1606900.0
2026-03-24,EGX:MFPC,43.19,45.52,43.19,45.52,3943838.0
2026-03-25,EGX:MFPC,45.52,45.99,43.5,43.79,2543047.0
2026-03-26,EGX:MFPC,43.79,44.46,41.9,41.98,4123789.0
2026-03-29,EGX:MFPC,41.98,42.69,40.32,40.35,8145697.0
2026-03-30,EGX:MFPC,40.35,40.8,38.8,39.9,7368509.0
2026-03-31,EGX:MFPC,39.9,40.86,39.02,40.75,2910693.0
2026-04-01,EGX:MFPC,40.75,41.35,40.0,40.44,3605552.0
2026-04-02,EGX:MFPC,40.44,41.08,40.44,40.6,1498777.0
2026-04-05,EGX:MFPC,40.6,41.79,40.6,41.5,1742274.0
2026-04-06,EGX:MFPC,41.5,42.58,41.42,42.14,2420580.0
2026-04-07,EGX:MFPC,42.14,44.6,42.14,44.0,9945039.0
2026-04-08,EGX:MFPC,44.0,44.0,40.6,42.8,4997073.0
2026-04-09,EGX:MFPC,42.8,43.93,42.6,43.5,4429204.0
2026-04-14,EGX:MFPC,43.5,45.25,43.5,44.8,5073790.0
2026-04-15,EGX:MFPC,44.8,45.05,44.06,44.32,2052614.0
2026-04-16,EGX:MFPC,44.32,45.22,43.02,44.0,5401160.0
2026-04-19,EGX:MFPC,44.0,44.23,43.3,43.95,6205981.0
2026-04-20,EGX:MFPC,43.95,45.0,43.8,43.8,4189634.0
2026-04-21,EGX:MFPC,43.8,44.7,43.55,43.83,4569324.0
2026-04-22,EGX:MFPC,43.83,46.5,43.83,46.5,12166157.0
2026-04-23,EGX:MFPC,46.5,48.66,46.5,46.5,10547081.0
2026-04-26,EGX:MFPC,46.5,48.0,46.41,47.1,3559939.0
2026-04-27,EGX:MFPC,47.1,47.5,46.96,47.5,2981329.0
2026-04-28,EGX:MFPC,47.5,48.25,47.5,47.52,5322950.0
2026-04-29,EGX:MFPC,47.52,48.12,47.52,47.8,2592409.0
2026-04-30,EGX:MFPC,47.8,50.5,47.8,50.49,7667115.0
2026-05-03,EGX:MFPC,50.49,52.0,50.42,50.5,3430250.0
2026-05-04,EGX:MFPC,50.5,50.5,45.4,45.4,4574463.0
2026-05-05,EGX:MFPC,45.4,45.85,43.7,44.25,5510114.0
2026-05-06,EGX:MFPC,44.25,44.75,43.0,43.5,3306660.0
2026-05-10,EGX:MFPC,43.5,44.16,43.44,43.77,2197084.0
2026-05-11,EGX:MFPC,43.77,45.3,43.77,45.15,2926111.0
2026-05-12,EGX:MFPC,45.15,46.6,45.15,45.7,2503967.0
2026-05-13,EGX:MFPC,45.7,45.95,44.72,44.74,1767568.0
2026-05-14,EGX:MFPC,44.74,45.39,44.21,44.46,1134362.0
2026-05-17,EGX:MFPC,44.46,46.09,44.46,46.0,3850237.0
2026-05-18,EGX:MFPC,46.0,46.6,45.26,45.26,3833177.0
2026-05-19,EGX:MFPC,45.26,45.78,44.5,44.51,1978950.0
2026-05-20,EGX:MFPC,44.51,44.88,43.5,43.5,1458152.0
2026-05-21,EGX:MFPC,43.5,43.9,43.1,43.22,1365348.0
2026-05-24,EGX:MFPC,43.22,45.1,43.22,44.44,1910743.0
2026-05-25,EGX:MFPC,44.44,44.74,43.14,44.0,1877044.0
2026-06-01,EGX:MFPC,44.0,44.0,43.2,43.52,1628127.0
2026-06-02,EGX:MFPC,43.52,43.84,42.55,42.8,1808879.0
2026-06-03,EGX:MFPC,42.8,43.3,42.63,42.89,1030015.0
2026-06-04,EGX:MFPC,42.89,43.2,42.85,42.99,1033588.0
2026-06-07,EGX:MFPC,42.99,43.1,42.3,42.39,807365.0
2026-06-08,EGX:MFPC,42.39,43.33,42.39,42.56,1565977.0
2026-06-09,EGX:MFPC,42.56,42.84,42.01,42.15,927477.0
2026-06-10,EGX:MFPC,42.15,42.48,41.05,41.2,1254395.0
