date,symbol,open,high,low,close,volume
2008-03-06,EGX:PHDC,0.74489682,0.74489682,0.74489682,0.74489682,108429782.4316619
2008-03-16,EGX:PHDC,6.30696688,6.30696688,6.30696688,6.30696688,39280608.07921886
2008-03-18,EGX:PHDC,6.496841,6.496841,6.496841,6.496841,59068583.5777727
2008-05-08,EGX:PHDC,8.56631386,9.31121071,8.04488606,8.18641646,42173132.69449766
2008-05-11,EGX:PHDC,8.11937537,8.15289573,7.78417216,7.85121287,5134235.65065
2008-05-12,EGX:PHDC,7.52345863,7.7804473,6.95361216,7.29254023,10890294.3034491
2008-05-13,EGX:PHDC,7.24039782,7.2999892,6.89029593,7.0392753,3185834.3571248
2008-05-14,EGX:PHDC,7.1882543,7.1882543,6.7487659,6.90891798,2595057.26392033
2008-05-15,EGX:PHDC,6.89029593,7.08024463,6.0746335,6.75248964,3146784.65551702
2008-05-18,EGX:PHDC,6.70407171,6.89402041,6.70407171,6.72641825,1631718.52363836
2008-05-19,EGX:PHDC,6.7077962,6.85305109,6.70407171,6.73759207,1353371.26252187
2008-05-20,EGX:PHDC,6.87167388,6.94616319,6.76738795,6.8679494,706202.46945023
2008-05-21,EGX:PHDC,6.96478599,6.96478599,6.73386759,6.76366346,954843.60442615
2008-05-22,EGX:PHDC,6.77111243,7.40799887,6.70407171,7.00203008,4215461.46944984
2008-05-25,EGX:PHDC,7.33723442,7.40055065,7.08396911,7.27019333,1910728.96381819
2008-05-26,EGX:PHDC,7.25901987,7.41172373,7.09514219,7.27019333,1354217.01719778
2008-05-27,EGX:PHDC,7.26274436,7.41544821,7.26274436,7.33350993,4219037.80350798
2008-05-28,EGX:PHDC,7.41172373,7.56070273,7.41172373,7.45269306,2181408.04920643
2008-05-29,EGX:PHDC,7.41172373,7.41172373,7.27019333,7.37075477,317466.77104673
2008-06-01,EGX:PHDC,7.41172373,7.48248893,7.28881575,7.38937682,613964.19600182
2008-06-02,EGX:PHDC,7.2999892,7.37447851,7.07652014,7.14356086,1678369.27758742
2008-06-03,EGX:PHDC,7.29254023,7.33350993,7.07652014,7.12493807,1012395.19642029
2008-06-04,EGX:PHDC,7.1510102,7.22549951,7.07652014,7.08396911,1566590.04372226
2008-06-05,EGX:PHDC,7.25529539,7.2999892,7.07652014,7.08024463,430381.73261955
2008-06-08,EGX:PHDC,7.07652014,7.1882543,7.07652014,7.08024463,859944.55991798
2008-06-09,EGX:PHDC,7.16963225,7.42662204,7.11748984,7.28136641,1067079.27732277
2008-06-10,EGX:PHDC,7.39310131,7.44896857,7.16963225,7.25529539,509482.6167688
2008-06-11,EGX:PHDC,7.12121433,7.31861162,7.11376499,7.16590777,302302.25546087
2008-06-12,EGX:PHDC,7.28509089,7.28881575,7.07652014,7.08024463,2333692.21970904
2008-06-15,EGX:PHDC,7.09141845,7.23294848,7.08769397,7.15473394,408341.09727176
2008-06-16,EGX:PHDC,7.12121433,7.2999892,7.07652014,7.14728572,1682442.32470919
2008-06-17,EGX:PHDC,7.08396911,7.09514219,7.07652014,7.07652014,2823553.3279967
2008-06-18,EGX:PHDC,7.01320391,7.16963225,7.00203008,7.08769397,1915884.03993803
2008-06-19,EGX:PHDC,7.18080608,7.18080608,6.96478599,6.99458186,517902.57443121
2008-06-22,EGX:PHDC,7.0392753,7.05417361,6.67055136,6.73759207,1212930.34241749
2008-06-23,EGX:PHDC,6.64820445,6.90519424,6.64820445,6.88284696,533255.0355006
2008-06-24,EGX:PHDC,6.95361216,6.95361216,6.68544967,6.87167388,5232039.79534654
2008-06-25,EGX:PHDC,6.88284696,7.0392753,6.35024533,6.74131656,16304093.49098763
2008-06-26,EGX:PHDC,6.63330614,6.79718382,6.37259299,6.70034723,936526.97458785
2008-06-29,EGX:PHDC,6.70407171,6.74131656,6.38749055,6.56254168,641812.34679087
2008-06-30,EGX:PHDC,6.70407171,6.70407171,6.44708193,6.57371476,594447.40000437
2008-07-02,EGX:PHDC,6.70407171,6.70407171,6.4768778,6.56626542,1335564.77042459
2008-07-03,EGX:PHDC,6.69289789,6.70407171,6.48060266,6.57371476,1249265.57425592
2008-07-06,EGX:PHDC,6.51412302,6.55509234,6.33162329,6.38004121,326190.12641827
2008-07-07,EGX:PHDC,6.42473539,6.42845988,6.26085771,6.36141916,281563.81382044
2008-07-08,EGX:PHDC,6.23478669,6.53646955,6.23478669,6.38749055,225317.10046913
2008-07-09,EGX:PHDC,6.50667367,6.5178475,6.3055519,6.35769468,121563.13875094
2008-07-10,EGX:PHDC,6.33162329,6.33162329,6.1677456,6.31300124,208718.82933745
2008-07-13,EGX:PHDC,6.249685,6.33162329,6.14539907,6.17147046,549692.21050354
2008-07-14,EGX:PHDC,6.18264391,6.23106221,6.14539907,6.1565729,863918.26442702
2008-07-15,EGX:PHDC,6.14539907,6.24596015,6.14539907,6.17891943,39253.75670419
2008-07-16,EGX:PHDC,6.11187871,6.17519495,5.59045091,5.76550167,245784.36362618
2008-07-17,EGX:PHDC,5.95545037,6.07090901,5.62397127,5.93310347,457700.95111922
2008-07-20,EGX:PHDC,5.95917486,6.10815423,5.72453235,5.94427692,750554.91862919
2008-07-21,EGX:PHDC,5.97034868,6.05228696,5.77295064,5.93682795,995920.43232064
2008-07-22,EGX:PHDC,5.94055244,5.95917486,5.79902203,5.94055244,760314.65909566
2008-07-24,EGX:PHDC,5.81019549,6.03366492,5.81019549,5.96662383,205985.56501974
2008-07-27,EGX:PHDC,5.95917486,6.08953181,5.89958311,5.98152139,387234.81947069
2008-07-28,EGX:PHDC,5.95917486,5.95917486,5.77295064,5.92937898,209731.05001306
2008-07-29,EGX:PHDC,5.72080786,5.95545037,5.66866508,5.90330759,405124.54456782
2008-07-30,EGX:PHDC,5.78039961,5.92193001,5.62397127,5.82509342,194147.68449246
2008-07-31,EGX:PHDC,5.77295064,5.92193001,5.63514472,5.72453235,563178.64141498
2008-08-03,EGX:PHDC,5.91075656,5.91820553,5.49361432,5.74687925,1183170.51756734
2008-08-04,EGX:PHDC,5.76550167,5.81019549,5.67983854,5.77295064,1005935.24165762
2008-08-05,EGX:PHDC,5.81019549,5.88468517,5.62397127,5.73943028,1308978.53931072
2008-08-06,EGX:PHDC,5.66866508,5.81019549,5.66866508,5.77667513,1365254.78695229
2008-08-07,EGX:PHDC,5.77295064,5.82881791,5.6872875,5.76922616,1696323.44113605
2008-08-10,EGX:PHDC,5.77295064,5.77295064,5.6165223,5.74687925,806946.61849637
2008-08-11,EGX:PHDC,5.76922616,5.88468517,5.21800248,5.69846096,1978864.57147087
2008-08-12,EGX:PHDC,5.62397127,5.88468517,5.40050221,5.72080786,732219.49424254
2008-08-13,EGX:PHDC,5.51223674,5.77295064,5.40050221,5.66121611,1844612.42764578
2008-08-14,EGX:PHDC,5.76922616,5.77295064,5.55320607,5.5941754,2341559.08066275
2008-08-17,EGX:PHDC,5.75060374,5.75432822,5.58672643,5.62769576,849059.83148578
2008-08-18,EGX:PHDC,5.7357058,6.01504212,5.7357058,5.89958311,1251800.15334817
2008-08-19,EGX:PHDC,5.77295064,5.94427692,5.58300194,5.70218544,661901.03404537
2008-08-20,EGX:PHDC,5.55320607,5.58300194,5.4042267,5.4749919,319305.9518499
2008-08-21,EGX:PHDC,5.70963441,5.95917486,5.49361432,5.69846096,655908.25805605
2008-08-24,EGX:PHDC,5.81019549,5.95545037,5.7357058,5.8772362,636493.48960681
2008-08-25,EGX:PHDC,5.90330759,5.92937898,5.74315477,5.87351172,452913.71116001
2008-08-26,EGX:PHDC,5.75432822,5.76550167,5.65004266,5.69846096,567036.89369842
2008-08-27,EGX:PHDC,5.64631818,5.93682795,5.64631818,5.82136894,392789.95097691
2008-08-28,EGX:PHDC,5.69846096,5.95917486,5.69846096,5.9256545,3820327.56979969
2008-08-31,EGX:PHDC,5.77295064,5.97779691,5.77295064,5.93310347,1024396.85801179
2008-09-01,EGX:PHDC,5.95917486,6.33162329,5.83254239,5.97407317,314027.36869802
2008-09-02,EGX:PHDC,6.18264391,6.20126634,5.79529755,5.94055244,490022.20441641
2008-09-03,EGX:PHDC,5.95917486,5.98524625,5.88468517,5.9480014,497625.94169317
2008-09-04,EGX:PHDC,5.82881791,5.9964197,5.82881791,5.95917486,167942.71421662
2008-09-07,EGX:PHDC,5.77667513,5.96289934,5.77667513,5.95172589,102202.06901128
2008-09-08,EGX:PHDC,5.95917486,6.14539907,5.84744033,6.01504212,651032.41522604
2008-09-09,EGX:PHDC,5.95917486,6.10815423,5.95917486,6.01131726,758102.2722609
2008-09-10,EGX:PHDC,6.08580732,6.08953181,5.92937898,6.02249109,42824.72089137
2008-09-11,EGX:PHDC,5.95917486,6.03366492,5.95917486,5.97034868,40958.69073341
2008-09-14,EGX:PHDC,5.95917486,6.14539907,5.95917486,6.03366492,81571.02479001
2008-09-15,EGX:PHDC,5.77667513,5.86606275,5.77667513,5.81019549,78459.18456975
2008-09-16,EGX:PHDC,5.78039961,5.78039961,5.67983854,5.70963441,450349.59777749
2008-09-17,EGX:PHDC,5.7357058,5.806471,5.7357058,5.77295064,115033.37566582
2008-09-18,EGX:PHDC,5.73943028,5.73943028,5.25152284,5.38560428,985352.52627497
2008-09-21,EGX:PHDC,5.58672643,5.66866508,5.58672643,5.62024679,250982.39871369
2008-09-22,EGX:PHDC,5.59045091,5.77295064,5.59045091,5.65004266,256741.58531632
2008-09-23,EGX:PHDC,5.59045091,5.60534885,5.214278,5.49361432,394014.28155538
2008-09-24,EGX:PHDC,5.58300194,5.84371584,5.214278,5.25524733,395013.07755359
2008-09-25,EGX:PHDC,5.214278,5.58672643,5.214278,5.49733881,233318.2081968
2008-09-28,EGX:PHDC,5.2850432,5.40050221,5.214278,5.22917594,263499.56791717
2008-09-29,EGX:PHDC,5.43402257,5.51223674,5.24034939,5.38560428,36899.06828903
2008-10-07,EGX:PHDC,5.23290042,5.23290042,3.76172913,4.32040177,999276.60166949
2008-10-08,EGX:PHDC,3.85484124,4.61836051,3.44887245,3.78780052,5683457.99744471
2008-10-09,EGX:PHDC,4.61836051,4.61836051,4.61836051,4.61836051,4027.40321862
2008-10-12,EGX:PHDC,4.46938114,4.46938114,3.9107085,4.02616751,483409.20833143
2008-10-13,EGX:PHDC,4.08948375,4.09693271,3.6499946,3.72820877,1999084.82056384
2008-10-14,EGX:PHDC,3.9814737,4.09693271,3.9107085,3.97402473,396699.21703446
2008-10-15,EGX:PHDC,3.9107085,4.75616643,3.71703532,4.10438168,4069535.2261617
2008-10-16,EGX:PHDC,3.9107085,4.28315693,3.87718814,4.03361648,755409.28197538
2008-10-19,EGX:PHDC,4.09693271,4.09693271,3.84366778,3.94422886,413310.91284354
2008-10-20,EGX:PHDC,4.04851442,4.04851442,3.79897397,3.8622902,100784.42307832
2008-10-21,EGX:PHDC,3.87718814,3.93677989,3.75800464,3.83621881,450894.63967974
2008-10-22,EGX:PHDC,3.72448429,3.72448429,3.47121935,3.54570941,826441.93500999
2008-10-23,EGX:PHDC,3.35203586,3.7207598,3.07642402,3.43397451,290625.47106234
2008-10-26,EGX:PHDC,2.98703677,3.01683227,2.7486694,3.01310779,2024317.84419626
2008-10-27,EGX:PHDC,2.75611837,2.97213846,2.75611837,2.82315909,804430.83395247
2008-10-28,EGX:PHDC,2.97586294,3.10249541,2.70397559,2.94606707,510878.78321793
2008-10-29,EGX:PHDC,3.10249541,3.10249541,2.78963873,2.92372016,328375.66389824
2008-10-30,EGX:PHDC,2.7486694,2.97958743,2.62948591,2.7970877,920720.75942249
2008-11-02,EGX:PHDC,2.97958743,3.16581164,2.79336321,2.98331191,949975.81640258
2008-11-03,EGX:PHDC,2.97958743,3.31479101,2.86040393,3.11366886,953809.90426671
2008-11-04,EGX:PHDC,3.15091371,3.25519927,2.97958743,3.07269954,1241326.22004427
2008-11-05,EGX:PHDC,3.16208716,3.18443406,2.90509774,3.02055676,3076546.74338422
2008-11-06,EGX:PHDC,2.88647532,3.03545469,2.88647532,3.01683227,243308.85311447
2008-11-09,EGX:PHDC,3.08387299,3.09132196,2.83060806,2.9162712,618047.98286551
2008-11-10,EGX:PHDC,3.08014888,3.16208716,2.96096501,3.0578016,1165756.02605001
2008-11-11,EGX:PHDC,3.09132196,3.09132196,2.88647532,3.00193433,1943989.94453307
2008-11-12,EGX:PHDC,2.97213846,2.97213846,2.68907765,2.82688357,939864.34938835
2008-11-13,EGX:PHDC,2.66673075,2.8194346,2.59224106,2.66673075,2145346.68078687
2008-11-16,EGX:PHDC,2.79336321,2.79336321,2.60341452,2.63693487,1796493.01398966
2008-11-17,EGX:PHDC,2.61458797,2.63321039,2.38739443,2.51402689,1611398.93193267
2008-11-18,EGX:PHDC,2.42091479,2.53264931,2.30918026,2.37994546,1052591.36547764
2008-11-19,EGX:PHDC,2.51030241,2.51775138,2.2756599,2.39111891,757167.91471417
2008-11-20,EGX:PHDC,2.24213954,2.36132304,2.14530295,2.27193541,848192.59732603
2008-11-23,EGX:PHDC,2.34270062,2.34270062,2.14157846,2.20861918,446045.64620452
2008-11-24,EGX:PHDC,2.14530295,2.23096609,1.90321147,2.014946,492846.75654041
2008-11-25,EGX:PHDC,2.04101739,2.12295604,2.014946,2.04846636,717951.74710669
2008-11-26,EGX:PHDC,2.06336429,2.30173129,1.90321147,2.1341295,1680377.60932578
2008-11-27,EGX:PHDC,2.33525165,2.39856788,2.10060914,2.25703748,1317226.66110246
2008-11-30,EGX:PHDC,2.36504752,2.52892483,2.30918026,2.43208824,2461151.47677205
2008-12-01,EGX:PHDC,2.33525165,2.51030241,2.33152716,2.40974133,1638876.5616256
2008-12-02,EGX:PHDC,2.33152716,2.40974133,2.09316017,2.33897613,1635072.00805174
2008-12-03,EGX:PHDC,2.44698618,2.44698618,2.2756599,2.36504752,1574867.69980427
2008-12-04,EGX:PHDC,2.40974133,2.40974133,2.28310887,2.35387407,1960770.79127733
2008-12-10,EGX:PHDC,2.4171903,2.43581272,2.33897613,2.37622097,648605.23355295
2008-12-11,EGX:PHDC,2.37622097,2.37994546,2.30545577,2.33525165,1007468.33981617
2008-12-14,EGX:PHDC,2.35759855,2.35759855,2.23841506,2.27938438,737643.06391029
2008-12-15,EGX:PHDC,2.23841506,2.33525165,2.23469057,2.30545577,776236.32648662
2008-12-16,EGX:PHDC,2.30545577,2.33152716,2.16764985,2.25331299,1424943.58758777
2008-12-17,EGX:PHDC,2.2272416,2.26821093,2.10805811,2.17882331,2059315.9781661
2008-12-18,EGX:PHDC,2.24213954,2.24586402,2.14157846,2.16764985,1406173.20365351
2008-12-21,EGX:PHDC,2.16392537,2.17882331,2.12295604,2.15275192,824173.16453016
2008-12-22,EGX:PHDC,2.15275192,2.18254779,2.10433362,2.13785398,959050.89832188
2008-12-23,EGX:PHDC,2.12295604,2.17137434,2.0857112,2.1341295,755597.22745891
2008-12-24,EGX:PHDC,2.09688465,2.28310887,2.09316017,2.2272416,1747331.84536766
2008-12-25,EGX:PHDC,2.26821093,2.2980068,2.19744573,2.24958851,1345013.05837548
2008-12-28,EGX:PHDC,2.21606815,2.27193541,2.17137434,2.24586402,707273.75870638
2008-12-30,EGX:PHDC,2.25331299,2.32407819,2.23469057,2.28310887,653760.30967279
2008-12-31,EGX:PHDC,2.27193541,2.35759855,2.23469057,2.29428232,1434918.12289256
2009-01-04,EGX:PHDC,2.37249649,2.49912896,2.33152716,2.4171903,1271005.49683005
2009-01-05,EGX:PHDC,2.42091479,2.79336321,2.42091479,2.66300626,5223654.74184537
2009-01-06,EGX:PHDC,2.78218976,2.84550599,2.64438384,2.74494492,1701830.24380365
2009-01-08,EGX:PHDC,2.68162869,2.71887353,2.61458797,2.66673075,3469076.25561966
2009-01-11,EGX:PHDC,2.73749595,2.87902635,2.64438384,2.81198564,2554611.39586343
2009-01-12,EGX:PHDC,2.81198564,2.92372016,2.75611837,2.82315909,2590812.3809279
2009-01-13,EGX:PHDC,2.82315909,2.96468949,2.75611837,2.83433254,3193733.43730426
2009-01-14,EGX:PHDC,2.80826115,2.94234259,2.75611837,2.8678529,3685801.56255573
2009-01-15,EGX:PHDC,2.90137326,3.14718922,2.77474079,2.94606707,7144385.09032314
2009-01-18,EGX:PHDC,3.15836267,3.34458689,3.05407711,3.20305649,4105824.81409698
2009-01-19,EGX:PHDC,3.21050545,3.31479101,2.90509774,3.07269954,5013477.99254278
2009-01-20,EGX:PHDC,2.92744465,2.97958743,2.79336321,2.88275084,3758651.91690968
2009-01-21,EGX:PHDC,2.83060806,2.83060806,2.61086348,2.73004698,3561011.13135893
2009-01-22,EGX:PHDC,2.82688357,2.9386181,2.73749595,2.80826115,2843062.06918772
2009-01-25,EGX:PHDC,2.68162869,2.7486694,2.53264931,2.65183281,4391504.63400685
2009-01-26,EGX:PHDC,2.6779042,2.93116913,2.61086348,2.77101631,3037671.56258258
2009-01-27,EGX:PHDC,2.93116913,3.00565882,2.84178151,2.9386181,2530495.30539031
2009-01-28,EGX:PHDC,2.94979155,3.05035263,2.88647532,2.97213846,2614724.41630461
2009-01-29,EGX:PHDC,3.03545469,3.07269954,2.92372016,2.96841398,1931794.96758707
2009-02-01,EGX:PHDC,2.87157738,2.9386181,2.73749595,2.82688357,1894095.78852528
2009-02-02,EGX:PHDC,2.75239389,2.89392429,2.55499622,2.69652662,2874983.26709853
2009-02-03,EGX:PHDC,2.57734313,2.73004698,2.57734313,2.68162869,1624297.36197418
2009-02-04,EGX:PHDC,2.75239389,2.80453667,2.607139,2.6779042,1569395.8012979
2009-02-05,EGX:PHDC,2.67045523,2.67417972,2.33897613,2.52147586,1701153.64006292
2009-02-08,EGX:PHDC,2.67417972,2.73377147,2.50657792,2.59969003,1229657.49045218
2009-02-09,EGX:PHDC,2.44698618,2.56616967,2.42463927,2.49167999,1731721.63049228
2009-02-10,EGX:PHDC,2.58106761,2.63693487,2.51030241,2.57734313,1086537.00473968
2009-02-11,EGX:PHDC,2.48050653,2.67045523,2.48050653,2.58106761,2420101.49823235
2009-02-12,EGX:PHDC,2.66673075,2.68162869,2.59969003,2.62948591,987991.81785091
2009-02-15,EGX:PHDC,2.66300626,2.69280214,2.57734313,2.66300626,1472042.72576184
2009-02-16,EGX:PHDC,2.63321039,2.6779042,2.57361864,2.62576142,1103930.01677318
2009-02-17,EGX:PHDC,2.57734313,2.607139,2.48050653,2.53264931,850176.76464508
2009-02-18,EGX:PHDC,2.56244519,2.56244519,2.38366994,2.45071066,591075.12104264
2009-02-19,EGX:PHDC,2.42836375,2.52520035,2.42091479,2.46933308,1036495.17728054
2009-02-22,EGX:PHDC,2.40229236,2.42091479,2.28310887,2.36504752,828114.64981345
2009-02-23,EGX:PHDC,2.34270062,2.55127174,2.33152716,2.46933308,1402406.23917635
2009-02-24,EGX:PHDC,2.4171903,2.45815963,2.33897613,2.3948434,727832.30966972
2009-02-25,EGX:PHDC,2.42091479,2.48423102,2.38366994,2.42836375,748726.47756794
2009-02-26,EGX:PHDC,2.43953721,2.47678205,2.32780268,2.40229236,996551.39215822
2009-03-01,EGX:PHDC,2.37622097,2.47305757,2.35387407,2.42463927,856561.54121433
2009-03-02,EGX:PHDC,2.42091479,2.43953721,2.31290474,2.36877201,948977.02040436
2009-03-03,EGX:PHDC,2.28683335,2.38366994,2.25331299,2.31290474,1119456.99864871
2009-03-04,EGX:PHDC,2.36132304,2.4171903,2.31662923,2.38366994,1221634.90324068
2009-03-05,EGX:PHDC,2.39111891,2.45071066,2.34270062,2.39856788,1278185.01430112
2009-03-08,EGX:PHDC,2.38366994,2.49540447,2.35387407,2.43208824,1477267.61020414
2009-03-10,EGX:PHDC,2.46933308,2.51775138,2.42091479,2.47678205,2625066.78777004
2009-03-11,EGX:PHDC,2.53264931,2.60341452,2.43208824,2.4879555,912319.59630844
2009-03-12,EGX:PHDC,2.47678205,2.49540447,2.42091479,2.45443514,825545.16655997
2009-03-15,EGX:PHDC,2.51402689,2.64438384,2.4656086,2.54382277,2312792.68193986
2009-03-16,EGX:PHDC,2.69652662,3.09132196,2.6555573,2.84550599,8944862.54856377
2009-03-17,EGX:PHDC,3.06525057,3.18443406,2.97958743,3.07642402,4028165.7403
2009-03-18,EGX:PHDC,3.09877093,3.29989308,3.05035263,3.18443406,6549588.64870649
2009-03-19,EGX:PHDC,3.1285668,3.55688249,3.1285668,3.38183173,5524697.76256655
2009-03-22,EGX:PHDC,3.50101523,3.67979047,3.38555622,3.54943352,4703770.6850306
2009-03-23,EGX:PHDC,3.64254563,3.71703532,3.437699,3.54198456,3401074.89474094
2009-03-24,EGX:PHDC,3.68351496,3.9107085,3.48239281,3.64254563,3013343.36220662
2009-03-25,EGX:PHDC,3.61647424,3.67979047,3.46749487,3.59040285,2847613.03482476
2009-03-26,EGX:PHDC,3.61274976,3.83621881,3.57550491,3.76172913,4802009.78927476
2009-03-29,EGX:PHDC,3.75800464,3.87346366,3.65744357,3.76545361,6156444.28624634
2009-03-30,EGX:PHDC,3.72448429,3.72448429,3.27754617,3.50101523,4490790.86308785
2009-03-31,EGX:PHDC,3.49729074,3.68723944,3.36693379,3.55315801,4144597.96735042
2009-04-01,EGX:PHDC,3.67234151,3.67606599,3.44514796,3.52708662,1292208.43230836
2009-04-02,EGX:PHDC,3.53453559,3.60902527,3.50101523,3.54198456,2368062.07877677
2009-04-05,EGX:PHDC,3.59785182,3.94795334,3.59412734,3.81014742,10948114.38899114
2009-04-06,EGX:PHDC,4.08575926,4.09693271,3.78407603,3.92560644,5480154.68296857
2009-04-07,EGX:PHDC,3.83621881,3.9814737,3.66861702,3.80269846,5309003.47085445
2009-04-08,EGX:PHDC,3.67979047,3.81014742,3.63882152,3.70586186,1714167.52233003
2009-04-09,EGX:PHDC,3.72820877,3.791525,3.46377039,3.58295388,3327456.64883997
2009-04-12,EGX:PHDC,3.64627012,3.71331083,3.53826007,3.60902527,2698029.90941411
2009-04-13,EGX:PHDC,3.62392321,3.62392321,3.35576034,3.42280106,3462039.03972899
2009-04-14,EGX:PHDC,3.45632142,3.78407603,3.40417864,3.60530079,3899380.12511032
2009-04-15,EGX:PHDC,3.62764769,3.78780052,3.44514796,3.6499946,3602880.01521975
2009-04-16,EGX:PHDC,3.57550491,3.75800464,3.53826007,3.64254563,3513756.26692708
2009-04-21,EGX:PHDC,3.53826007,3.69096393,3.53826007,3.62019873,2465033.8934748
2009-04-22,EGX:PHDC,3.62392321,3.83249433,3.61274976,3.75055568,6595423.18226991
2009-04-23,EGX:PHDC,3.81759639,3.96285128,3.72448429,3.83621881,10213285.13746294
2009-04-26,EGX:PHDC,3.98892267,4.24591209,3.94795334,4.10438168,9681847.80328168
2009-04-27,EGX:PHDC,4.15279998,4.1714224,3.86973917,3.98892267,8513090.01936605
2009-04-28,EGX:PHDC,3.93305541,3.96657576,3.77290258,3.88836159,4744364.22453885
2009-04-29,EGX:PHDC,3.88463711,4.07458581,3.88091263,3.97030025,5015934.70850614
2009-04-30,EGX:PHDC,4.04106545,4.20494276,3.98519819,4.08575926,8009006.80784568
2009-05-03,EGX:PHDC,4.18632034,4.19004482,3.98519819,4.07086132,5695379.11097184
2009-05-04,EGX:PHDC,4.09693271,4.09693271,3.98892267,4.06341236,3656439.10815649
2009-05-05,EGX:PHDC,4.11183065,4.18632034,4.02244303,4.09320823,7782838.58282968
2009-05-06,EGX:PHDC,4.0522389,4.31667729,4.04851442,4.19004482,8613801.94918644
2009-05-07,EGX:PHDC,4.34647316,4.53642186,4.26453451,4.40234043,19673555.95539784
2009-05-10,EGX:PHDC,4.49172805,4.61836051,4.43586078,4.51035047,11639740.34372544
2009-05-11,EGX:PHDC,4.54014634,4.54014634,4.30177935,4.40606491,11515833.25630125
2009-05-12,EGX:PHDC,4.35764661,4.46565666,4.33157522,4.39116697,10741626.74103682
2009-05-13,EGX:PHDC,4.37626904,4.45820769,3.92188195,4.19004482,12159629.77041116
2009-05-14,EGX:PHDC,3.9814737,4.07831029,3.76172913,3.92560644,7329559.72044451
2009-05-17,EGX:PHDC,3.85484124,4.25336105,3.81759639,4.05968787,12689241.34846664
2009-05-18,EGX:PHDC,4.2421876,4.35764661,4.13417756,4.28315693,11706337.4833486
2009-05-19,EGX:PHDC,4.46938114,4.84927854,4.4321363,4.59601361,28453952.7811904
2009-05-20,EGX:PHDC,4.72637056,4.76733989,4.40978939,4.57739119,9077697.0464559
2009-05-21,EGX:PHDC,4.2906059,4.52152392,3.6499946,4.18632034,15611680.85015796
2009-05-24,EGX:PHDC,4.35764661,4.54014634,4.03361648,4.30550383,8731735.05516967
2009-05-25,EGX:PHDC,4.48427908,4.71147262,4.39861594,4.55876877,11787307.08259129
2009-05-26,EGX:PHDC,4.65932984,4.74871746,4.54759531,4.65188087,6275580.24332419
2009-05-27,EGX:PHDC,4.65932984,4.68167675,4.37626904,4.49545253,9884015.39005017
2009-05-28,EGX:PHDC,4.37626904,4.50662599,4.20866724,4.37999352,7767445.8477281
2009-05-31,EGX:PHDC,4.46193217,4.67422778,4.45448321,4.60346258,7536995.15062296
2009-06-01,EGX:PHDC,4.74871746,4.86790096,4.63698294,4.77478885,12136109.7356144
2009-06-02,EGX:PHDC,4.87907441,4.96101307,4.67050329,4.8343806,11004702.08914829
2009-06-03,EGX:PHDC,4.6928502,4.91259477,4.63698294,4.8120337,7829688.0220042
2009-06-04,EGX:PHDC,4.87907441,4.96101307,4.8120337,4.89769684,7971221.71084855
2009-06-07,EGX:PHDC,4.93494168,5.0243293,4.80086024,4.87907441,4867844.40722186
2009-06-08,EGX:PHDC,4.89024787,4.91631926,4.78223782,4.82693163,6506218.88591287
2009-06-09,EGX:PHDC,4.8343806,4.84182957,4.59973809,4.73381953,8626147.28251926
2009-06-10,EGX:PHDC,4.85300302,5.03922724,4.82693163,4.90887029,13106998.51446355
2009-06-11,EGX:PHDC,5.02805379,5.17330867,4.90887029,5.02060482,12470867.49114642
2009-06-14,EGX:PHDC,5.20310455,5.35953289,5.12116589,5.24034939,10424006.92866778
2009-06-15,EGX:PHDC,5.34091047,5.35953289,5.17703316,5.25152284,8739518.68312353
2009-06-16,EGX:PHDC,5.20682903,5.30366562,5.13978831,5.23290042,7580904.58544788
2009-06-17,EGX:PHDC,5.214278,5.28876769,5.13978831,5.214278,7824460.45262642
2009-06-18,EGX:PHDC,5.27945291,5.39118737,5.02246367,5.17889247,5893913.48024174
2009-06-21,EGX:PHDC,5.19006535,5.19006535,4.9051425,5.02246367,3607632.09921736
2009-06-22,EGX:PHDC,4.92748939,4.94424955,4.39116401,4.6090462,6229195.91929891
2009-06-23,EGX:PHDC,4.46379141,4.56435241,4.190042,4.35764368,4772751.68638479
2009-06-24,EGX:PHDC,4.36881712,4.46379141,4.07272082,4.25149594,3327829.41436079
2009-06-25,EGX:PHDC,4.07830754,4.24590922,3.92187931,4.05037393,3814642.55422796
2009-06-28,EGX:PHDC,4.05037393,4.18445527,3.86601208,4.00568015,3589387.05535329
2009-06-29,EGX:PHDC,4.16210838,4.29618973,4.12300132,4.190042,4667491.40487098
2009-06-30,EGX:PHDC,4.190042,4.28501628,4.15093494,4.22356233,3095976.1295857
2009-07-02,EGX:PHDC,4.30177645,4.4135109,4.23473578,4.32971006,4849707.35898832
2009-07-05,EGX:PHDC,4.24590922,4.27384284,4.11182788,4.18445527,2031164.00961129
2009-07-06,EGX:PHDC,4.17886855,4.17886855,3.92746603,4.01126687,3345422.9134425
2009-07-07,EGX:PHDC,4.03361376,4.18445527,3.92746603,4.05037393,3280178.93729758
2009-07-08,EGX:PHDC,3.9945067,4.02244032,3.91629259,3.96098637,3229600.08863017
2009-07-09,EGX:PHDC,3.98333326,4.01685359,3.83249175,3.91629259,3094997.02245398
2009-07-12,EGX:PHDC,3.88277225,3.91070586,3.65371662,3.74869091,2679021.47808572
2009-07-13,EGX:PHDC,3.66489007,3.79897141,3.63136973,3.69282368,2217987.31611812
2009-07-14,EGX:PHDC,3.79897141,3.88835897,3.74310418,3.8213183,4160584.19432609
2009-07-15,EGX:PHDC,3.86042536,4.00568015,3.79338469,3.92746603,4488744.38973221
2009-07-16,EGX:PHDC,4.02244032,4.19562872,4.00568015,4.10065443,4665361.35462098
2009-07-19,EGX:PHDC,4.190042,4.2403225,4.10624116,4.16210838,2349717.49939409
2009-07-20,EGX:PHDC,4.09506771,4.18445527,4.0671341,4.13976149,2738480.30934997
2009-07-21,EGX:PHDC,4.190042,4.20121544,4.08389426,4.12858805,1619153.22264113
2009-07-22,EGX:PHDC,4.06154737,4.11182788,3.98333326,4.03920048,2894879.69644569
2009-07-26,EGX:PHDC,4.23473578,4.32412334,4.17328183,4.22356233,11584818.85199304
2009-07-27,EGX:PHDC,4.26825611,4.3632304,4.23473578,4.290603,2496055.5314854
2009-07-28,EGX:PHDC,4.32412334,4.35205695,4.21797561,4.28501628,2746069.73208947
2009-07-29,EGX:PHDC,4.22356233,4.26825611,4.16210838,4.22914905,1553404.47828571
2009-07-30,EGX:PHDC,4.24590922,4.32412334,4.20680216,4.26825611,2247072.34680066
2009-08-02,EGX:PHDC,4.32971006,4.59787275,4.32971006,4.46379141,7923779.7701629
2009-08-03,EGX:PHDC,4.58111258,4.64256653,4.49731174,4.56993914,3936737.39254953
2009-08-04,EGX:PHDC,4.64815325,4.66491342,4.4135109,4.54200552,5644932.08551519
2009-08-05,EGX:PHDC,4.46937813,4.9051425,4.44703124,4.73195409,8439853.35661556
2009-08-06,EGX:PHDC,4.8325151,4.93866283,4.77106115,4.85486199,4521957.06400845
2009-08-09,EGX:PHDC,4.93866283,4.98335661,4.79899477,4.87162216,6211484.28297644
2009-08-10,EGX:PHDC,4.80458149,4.86044871,4.71519393,4.79340804,4479193.17281289
2009-08-11,EGX:PHDC,4.79899477,4.80458149,4.62580636,4.69843376,2719893.38347099
2009-08-12,EGX:PHDC,4.62580636,4.68167359,4.49172502,4.59228603,3555368.89989007
2009-08-13,EGX:PHDC,4.72078065,4.77664787,4.67050014,4.72078065,3584208.70630014
2009-08-16,EGX:PHDC,4.62580636,4.73754082,4.61463292,4.69843376,2191782.32816855
2009-08-17,EGX:PHDC,4.64256653,4.6593267,4.44144452,4.50289846,3504865.22946678
2009-08-18,EGX:PHDC,4.44144452,4.58111258,4.44144452,4.50289846,3455879.44359139
2009-08-19,EGX:PHDC,4.53083208,4.58111258,4.34088351,4.41909762,3234867.93559298
2009-08-20,EGX:PHDC,4.49731174,4.54759225,4.43585779,4.49172502,2513357.26738161
2009-08-23,EGX:PHDC,4.58111258,4.7096072,4.56435241,4.62580636,2609128.98051286
2009-08-24,EGX:PHDC,4.68726031,4.7096072,4.6202202,4.67608687,2269192.65015317
2009-08-25,EGX:PHDC,4.63697981,4.9051425,4.6202202,4.79899477,8135422.6369777
2009-08-26,EGX:PHDC,4.89955633,4.955423,4.78782132,4.87162216,7378819.83838714
2009-08-27,EGX:PHDC,4.79340804,4.86044871,4.74312754,4.80458149,2458290.99352366
2009-08-30,EGX:PHDC,4.86044871,5.11743796,4.79899477,4.955423,10783762.44167247
2009-08-31,EGX:PHDC,5.0392244,5.15654502,4.92190266,5.0392244,9241894.24394243
2009-09-01,EGX:PHDC,4.94424955,5.00011678,4.80458149,4.88838233,4209104.59107123
2009-09-02,EGX:PHDC,4.80458149,4.96100972,4.75430098,4.87720888,2873709.86089381
2009-09-03,EGX:PHDC,4.91072922,4.97218317,4.86603544,4.89955633,2261463.61067461
2009-09-06,EGX:PHDC,4.94983628,5.0057035,4.84368855,4.92190266,2403715.16821066
2009-09-07,EGX:PHDC,4.97218317,4.97218317,4.78782132,4.84927527,1695494.93958437
2009-09-08,EGX:PHDC,4.86044871,4.88279561,4.78782132,4.82134166,1456320.72579878
2009-09-09,EGX:PHDC,4.87162216,4.89396905,4.80458149,4.86044871,2654359.43409876
2009-09-10,EGX:PHDC,4.86044871,4.91631594,4.78782132,4.83810182,1579181.66622708
2009-09-13,EGX:PHDC,4.84368855,4.92748939,4.84368855,4.88279561,1671527.3993764
2009-09-14,EGX:PHDC,4.84368855,4.84368855,4.7822346,4.80458149,1220694.20915227
2009-09-15,EGX:PHDC,4.82692838,4.86044871,4.79899477,4.81575493,999729.24006689
2009-09-16,EGX:PHDC,4.87162216,4.89396905,4.82134166,4.86044871,1650724.50525414
2009-09-17,EGX:PHDC,4.87720888,5.02805039,4.86044871,4.96100972,4339100.30485792
2009-09-22,EGX:PHDC,5.03363712,5.10067779,4.94424955,5.04481056,4374965.6971766
2009-09-23,EGX:PHDC,5.0783309,5.13978485,5.02805039,5.08391762,6706957.24058268
2009-09-24,EGX:PHDC,5.02805039,5.15095829,5.00011678,5.08391762,7740516.69050249
2009-09-27,EGX:PHDC,5.0783309,5.16213174,4.98894334,5.06715745,7225683.54507777
2009-09-28,EGX:PHDC,5.01129023,5.02805039,4.91631594,4.955423,3008590.37058995
2009-09-29,EGX:PHDC,5.00011678,5.05039729,4.89396905,4.97218317,2752896.63263862
2009-09-30,EGX:PHDC,4.91631594,4.98335661,4.88838233,4.94983628,1936455.53164684
2009-10-01,EGX:PHDC,4.97218317,4.99453006,4.89396905,4.93307611,2810905.59776632
2009-10-04,EGX:PHDC,4.86044871,4.955423,4.77664787,4.85486199,2627986.19007903
2009-10-05,EGX:PHDC,4.86044871,4.94424955,4.79340804,4.85486199,1740353.08186607
2009-10-07,EGX:PHDC,4.86044871,4.92748939,4.81016821,4.87720888,1091471.75730508
2009-10-08,EGX:PHDC,4.86044871,4.92190266,4.81575493,4.87720888,1927036.77163382
2009-10-11,EGX:PHDC,4.92748939,4.99453006,4.87720888,4.94424955,1534062.19004916
2009-10-12,EGX:PHDC,4.94424955,5.01129023,4.92748939,4.97776989,2655377.92031073
2009-10-13,EGX:PHDC,5.01687695,5.05598401,4.93307611,5.00011678,4100149.8358465
2009-10-14,EGX:PHDC,5.01129023,5.24593258,5.0057035,5.17330518,9525343.0736387
2009-10-15,EGX:PHDC,5.23475913,5.29062636,5.08391762,5.17889247,6052806.27910069
2009-10-18,EGX:PHDC,5.08391762,5.17889247,5.02246367,5.07274418,2943145.91912738
2009-10-19,EGX:PHDC,5.09509107,5.20682552,5.09509107,5.15095829,5607414.56178412
2009-10-20,EGX:PHDC,5.20682552,5.23475913,5.08950434,5.17330518,3004312.37050802
2009-10-21,EGX:PHDC,5.11185123,5.12302468,5.00011678,5.04481056,3833700.23911177
2009-10-22,EGX:PHDC,5.02805039,5.10626451,4.97218317,5.06157073,1617123.41004996
2009-10-25,EGX:PHDC,5.05598401,5.08391762,4.94424955,5.02246367,2433507.23237955
2009-10-26,EGX:PHDC,5.02805039,5.08950434,4.94983628,5.02805039,2368146.90895207
2009-10-27,EGX:PHDC,4.97776989,4.98335661,4.89396905,4.93307611,1664659.3297888
2009-10-28,EGX:PHDC,4.97218317,5.00011678,4.82134166,4.88838233,2185823.55734313
2009-10-29,EGX:PHDC,4.82692838,4.94983628,4.75988827,4.84368855,3201891.53579825
2009-11-01,EGX:PHDC,4.8325151,4.8325151,4.67608687,4.72636737,1903606.21888383
2009-11-02,EGX:PHDC,4.74871426,4.8325151,4.58111258,4.68726031,2013541.87119848
2009-11-03,EGX:PHDC,4.64256653,4.64815325,4.34088351,4.46937813,1747690.12050031
2009-11-04,EGX:PHDC,4.41909762,4.55317897,4.41909762,4.49172502,1683112.00880328
2009-11-05,EGX:PHDC,4.51965863,4.53083208,4.26266939,4.43027107,2359678.61673968
2009-11-08,EGX:PHDC,4.5364188,4.58111258,4.46937813,4.51965863,1214214.56049261
2009-11-09,EGX:PHDC,4.53083208,4.70402048,4.46937813,4.59228603,2084417.05581945
2009-11-10,EGX:PHDC,4.74312754,4.74871426,4.59228603,4.67050014,2128777.58972342
2009-11-11,EGX:PHDC,4.63697981,4.69284703,4.55317897,4.62580636,2176972.21407738
2009-11-12,EGX:PHDC,4.59228603,4.6202202,4.49731174,4.54759225,1655258.46935771
2009-11-15,EGX:PHDC,4.53083208,4.55876569,4.38557729,4.49731174,829557.91463211
2009-11-16,EGX:PHDC,4.51965863,4.68167359,4.44703124,4.55876569,6045472.82038283
2009-11-17,EGX:PHDC,4.57552586,4.63697981,4.40233746,4.50289846,1331671.61713541
2009-11-18,EGX:PHDC,4.4135109,4.59787275,4.31294989,4.49172502,3109322.05787477
2009-11-19,EGX:PHDC,4.48055213,4.53083208,4.41909762,4.50289846,854816.01469743
2009-11-22,EGX:PHDC,4.5364188,4.59787275,4.45261796,4.51965863,489344.14075246
2009-11-23,EGX:PHDC,4.56435241,4.57552586,4.45261796,4.49731174,722643.71174771
2009-11-24,EGX:PHDC,4.49731174,4.55317897,4.47496485,4.51407191,847604.27313672
2009-11-25,EGX:PHDC,4.50289846,4.54759225,4.4861383,4.50289846,606629.3614087
2009-11-30,EGX:PHDC,4.47496485,4.47496485,3.91070586,4.12858805,2095434.24849907
2009-12-01,EGX:PHDC,4.190042,4.27942956,4.06154737,4.22356233,1285297.380264
2009-12-02,EGX:PHDC,4.21797561,4.30177645,4.190042,4.22914905,1012889.01270386
2009-12-03,EGX:PHDC,4.27384284,4.29618973,4.21797561,4.25149594,580223.89814149
2009-12-06,EGX:PHDC,4.28501628,4.28501628,4.13417477,4.18445527,1031953.85742044
2009-12-07,EGX:PHDC,4.16210838,4.16210838,3.96657309,4.07830754,992245.4248608
2009-12-08,EGX:PHDC,4.12858805,4.18445527,4.06154737,4.12300132,690168.5002471
2009-12-09,EGX:PHDC,3.97774653,4.07830754,3.88277225,3.96657309,2462894.76599676
2009-12-10,EGX:PHDC,3.96657309,4.08948099,3.93305275,4.00009343,1294716.14027702
2009-12-13,EGX:PHDC,4.190042,4.32971006,4.02244032,4.20680216,1506704.46902313
2009-12-14,EGX:PHDC,4.32971006,4.37999057,4.21797561,4.30177645,1146052.95249265
2009-12-15,EGX:PHDC,4.20680216,4.25708267,4.13417477,4.20121544,320132.23290928
2009-12-16,EGX:PHDC,4.25708267,4.25708267,4.08389426,4.17886855,1392173.99402634
2009-12-17,EGX:PHDC,4.07830754,4.22356233,4.07830754,4.17886855,1466584.34607903
2009-12-20,EGX:PHDC,4.22356233,4.25149594,4.10624116,4.17328183,501805.82969405
2009-12-21,EGX:PHDC,4.18445527,4.18445527,4.07272082,4.10065443,391832.58825735
2009-12-22,EGX:PHDC,4.1676951,4.190042,4.12300132,4.13417477,837122.2779569
2009-12-23,EGX:PHDC,4.11182788,4.32971006,4.08389426,4.22914905,2301537.19470568
2009-12-24,EGX:PHDC,4.29618973,4.32971006,4.190042,4.26825611,2637961.62709016
2009-12-27,EGX:PHDC,4.32412334,4.35205695,4.03361376,4.17886855,799597.59439305
2009-12-28,EGX:PHDC,4.03361376,4.11182788,3.93863948,4.01685359,1335643.53436629
2009-12-29,EGX:PHDC,4.0671341,4.190042,4.02244032,4.10065443,777661.65673445
2009-12-30,EGX:PHDC,4.15093494,4.17328183,4.0671341,4.13417477,911606.01829551
2009-12-31,EGX:PHDC,4.09506771,4.30177645,4.09506771,4.21797561,1133106.18488068
2010-01-03,EGX:PHDC,4.21797561,4.35764368,4.21238889,4.31853662,557926.38892785
2010-01-04,EGX:PHDC,4.26825611,4.51965863,4.26825611,4.42468435,3185382.75138166
2010-01-05,EGX:PHDC,4.51965863,4.68726031,4.49172502,4.57552586,1934968.07638823
2010-01-06,EGX:PHDC,4.57552586,4.63697981,4.48055213,4.54200552,2308897.50279643
2010-01-10,EGX:PHDC,4.55317897,4.68167359,4.51407191,4.59228603,1753298.05951984
2010-01-11,EGX:PHDC,4.56435241,4.65373998,4.54759225,4.60345947,1376443.84142383
2010-01-12,EGX:PHDC,4.56435241,4.66491342,4.56435241,4.63139309,1989085.67240375
2010-01-13,EGX:PHDC,4.6090462,4.72078065,4.59787275,4.67608687,3615704.81066903
2010-01-14,EGX:PHDC,4.69284703,4.91072922,4.68167359,4.81575493,3529038.61486698
2010-01-17,EGX:PHDC,4.91631594,5.00011678,4.78782132,4.84368855,2173506.8550152
2010-01-18,EGX:PHDC,4.86044871,4.87720888,4.79340804,4.83810182,1983329.16685417
2010-01-19,EGX:PHDC,4.86044871,4.96659645,4.8325151,4.92748939,6047271.72836707
2010-01-20,EGX:PHDC,4.94424955,5.07274418,4.91072922,4.97776989,3303450.18376836
2010-01-21,EGX:PHDC,4.96659645,4.99453006,4.88838233,4.93307611,1135209.38575778
2010-01-24,EGX:PHDC,4.86044871,4.86044871,4.5866993,4.72078065,3019983.45449016
2010-01-26,EGX:PHDC,4.74312754,4.85486199,4.56435241,4.74312754,3048477.79896892
2010-01-27,EGX:PHDC,4.82692838,4.92748939,4.75988827,4.87720888,1882712.03689372
2010-01-28,EGX:PHDC,4.91631594,5.0057035,4.88838233,4.955423,2040733.12611254
2010-01-31,EGX:PHDC,4.91631594,4.91631594,4.74871426,4.83810182,1155187.10915294
2010-02-01,EGX:PHDC,4.86603544,4.94424955,4.84927527,4.9051425,1245043.01045541
2010-02-02,EGX:PHDC,4.91631594,5.02805039,4.89955633,4.98894334,1438539.28110678
2010-02-03,EGX:PHDC,4.94983628,5.10067779,4.94983628,5.05039729,2542592.65455239
2010-02-04,EGX:PHDC,4.97218317,5.05598401,4.97218317,5.02805039,4708227.27343356
2010-02-07,EGX:PHDC,4.97218317,4.97776989,4.87162216,4.93866283,521325.32379173
2010-02-08,EGX:PHDC,5.0057035,5.04481056,4.91631594,5.02246367,6025299.99154461
2010-02-09,EGX:PHDC,5.02805039,5.17330518,4.98335661,5.10626451,5267089.81049649
2010-02-10,EGX:PHDC,5.13419813,5.15654502,5.04481056,5.08391762,1453791.51487168
2010-02-11,EGX:PHDC,5.04481056,5.2012388,5.02246367,5.10067779,9217026.35476324
2010-02-14,EGX:PHDC,5.1286114,5.22358569,5.12302468,5.16771846,916565.99244908
2010-02-15,EGX:PHDC,5.11185123,5.18447863,5.0783309,5.13419813,2840153.51464446
2010-02-16,EGX:PHDC,5.13419813,5.2515193,5.13419813,5.22358569,2353487.15134913
2010-02-17,EGX:PHDC,5.25710602,5.26827947,5.02805039,5.15654502,2319170.07286764
2010-02-18,EGX:PHDC,5.05039729,5.13419813,5.00011678,5.06157073,905693.78638312
2010-02-21,EGX:PHDC,5.03363712,5.09509107,4.91631594,5.0057035,492788.02031633
2010-02-22,EGX:PHDC,4.98894334,5.01687695,4.89396905,4.96659645,277371.9216301
2010-02-23,EGX:PHDC,5.02805039,5.02805039,4.75430098,4.86044871,1448056.48882043
2010-02-24,EGX:PHDC,4.91072922,5.01129023,4.8325151,4.93307611,702352.74566873
2010-02-25,EGX:PHDC,5.02246367,5.05598401,4.94424955,5.02246367,2229865.4786887
2010-02-28,EGX:PHDC,5.02805039,5.05039729,4.91072922,4.97218317,438350.02178421
2010-03-01,EGX:PHDC,4.97218317,4.97218317,4.87162216,4.91631594,1161541.46073907
2010-03-02,EGX:PHDC,4.91072922,5.02246367,4.88279561,4.93866283,1571561.8141983
2010-03-03,EGX:PHDC,4.97218317,4.98894334,4.91631594,4.93866283,2595074.22877925
2010-03-04,EGX:PHDC,4.93866283,5.01129023,4.9051425,4.955423,2968881.93803031
2010-03-07,EGX:PHDC,5.34701,5.34701,4.977991,5.083425,849747.70946753
2010-03-08,EGX:PHDC,5.075894,5.12108,4.962929,4.993053,841829.77028283
2010-03-09,EGX:PHDC,4.910212,5.008115,4.684282,4.827371,1322884.07913956
2010-03-10,EGX:PHDC,4.962929,4.962929,4.812309,4.857495,257997.60987917
2010-03-11,EGX:PHDC,4.865026,4.910212,4.691813,4.782185,239179.39184703
2010-03-14,EGX:PHDC,4.66922,4.676751,4.548724,4.59391,315958.04010092
2010-03-15,EGX:PHDC,4.548724,4.548724,4.300201,4.44329,1183687.42530872
2010-03-16,EGX:PHDC,4.5186,4.608972,4.465883,4.526131,1084790.86442704
2010-03-17,EGX:PHDC,4.646627,4.774654,4.480945,4.661689,2121122.02894702
2010-03-18,EGX:PHDC,4.480945,4.736999,4.480945,4.706875,1601095.47204886
2010-03-21,EGX:PHDC,4.706875,4.706875,4.601441,4.661689,837311.11406188
2010-03-22,EGX:PHDC,4.601441,4.706875,4.563786,4.691813,966578.14367282
2010-03-23,EGX:PHDC,4.624034,5.12108,4.624034,4.910212,6162549.46222281
2010-03-24,EGX:PHDC,5.12108,5.12108,4.759592,4.872557,1291732.83760457
2010-03-25,EGX:PHDC,4.89515,5.04577,4.842433,4.955398,641376.9751693
2010-03-28,EGX:PHDC,5.030708,5.030708,4.89515,4.947867,787277.91793918
2010-03-29,EGX:PHDC,4.940336,4.993053,4.880088,4.932805,1326153.23330235
2010-03-30,EGX:PHDC,4.89515,5.04577,4.89515,4.97046,1880956.04833355
2010-03-31,EGX:PHDC,4.925274,4.977991,4.89515,4.947867,1682278.58186164
2010-04-01,EGX:PHDC,4.97046,5.023177,4.947867,5.000584,1070482.0077015
2010-04-06,EGX:PHDC,4.977991,5.083425,4.977991,5.04577,2418580.53379365
2010-04-07,EGX:PHDC,5.008115,5.106018,5.000584,5.053301,8951540.30009295
2010-04-08,EGX:PHDC,5.04577,5.04577,4.97046,5.023177,1243954.32213517
2010-04-11,EGX:PHDC,5.030708,5.060832,4.97046,5.023177,1466331.16451998
2010-04-12,EGX:PHDC,4.97046,5.038239,4.947867,4.985522,1748654.89310849
2010-04-13,EGX:PHDC,4.902681,5.04577,4.865026,4.940336,1564942.23874651
2010-04-14,EGX:PHDC,5.023177,5.12108,4.97046,5.053301,9781884.21192405
2010-04-15,EGX:PHDC,5.106018,5.158735,5.000584,5.075894,3296125.34855929
2010-04-18,EGX:PHDC,5.008115,5.04577,4.955398,4.977991,1003739.21126012
2010-04-19,EGX:PHDC,4.947867,4.977991,4.81984,4.910212,1932837.60456779
2010-04-20,EGX:PHDC,4.925274,4.977991,4.834902,4.910212,4369456.91143275
2010-04-21,EGX:PHDC,4.89515,4.962929,4.488476,4.842433,2450386.40286815
2010-04-22,EGX:PHDC,4.608972,4.880088,4.608972,4.767123,1828044.08445094
2010-04-26,EGX:PHDC,4.849964,4.932805,4.81984,4.887619,1096060.28415881
2010-04-27,EGX:PHDC,4.925274,5.12108,4.782185,5.000584,2754357.98698712
2010-04-28,EGX:PHDC,4.955398,5.038239,4.797247,4.902681,2162613.19877838
2010-04-29,EGX:PHDC,4.917743,4.932805,4.714406,4.81984,1325320.67454521
2010-05-02,EGX:PHDC,4.834902,4.834902,4.556255,4.646627,1363779.04660736
2010-05-03,EGX:PHDC,4.66922,4.797247,4.578848,4.691813,1721015.8013544
2010-05-04,EGX:PHDC,4.706875,4.767123,4.526131,4.578848,2174474.837339
2010-05-05,EGX:PHDC,4.526131,4.624034,4.480945,4.548724,1606193.06864958
2010-05-06,EGX:PHDC,4.5186,4.601441,4.5186,4.548724,602759.26171823
2010-05-09,EGX:PHDC,4.420697,4.450821,4.307732,4.375511,2565610.1447351
2010-05-10,EGX:PHDC,4.450821,4.571317,4.390573,4.465883,1571561.54561147
2010-05-11,EGX:PHDC,4.503538,4.541193,4.330325,4.450821,1938868.67613863
2010-05-12,EGX:PHDC,4.390573,4.435759,4.307732,4.36798,1072792.45784092
2010-05-13,EGX:PHDC,4.465883,4.480945,4.36798,4.405635,671274.73111141
2010-05-16,EGX:PHDC,4.307732,4.307732,4.074271,4.157112,1103879.96282034
2010-05-17,EGX:PHDC,4.06674,4.209829,3.923651,4.059209,1948965.60881689
2010-05-18,EGX:PHDC,3.998961,4.134519,3.998961,4.044147,2195635.37378834
2010-05-19,EGX:PHDC,4.036616,4.036616,3.7655,3.885996,3854385.87173018
2010-05-20,EGX:PHDC,3.931182,4.06674,3.84081,3.953775,2645987.25268888
2010-05-23,EGX:PHDC,3.99143,4.164643,3.953775,4.029085,1741973.17753286
2010-05-24,EGX:PHDC,4.202298,4.209829,4.044147,4.096864,3981068.91515071
2010-05-25,EGX:PHDC,4.021554,4.051678,3.893527,3.961306,1702877.43991502
2010-05-26,EGX:PHDC,3.998961,4.202298,3.983899,4.096864,4295267.5607489
2010-05-27,EGX:PHDC,4.14205,4.255015,4.059209,4.202298,1985373.78834152
2010-05-30,EGX:PHDC,4.209829,4.270077,4.044147,4.126988,1182643.73921126
2010-05-31,EGX:PHDC,4.089333,4.322794,4.051678,4.194767,1683205.41760722
2010-06-01,EGX:PHDC,4.164643,4.21736,3.998961,4.06674,994486.78794317
2010-06-02,EGX:PHDC,4.06674,4.111926,3.99143,4.051678,1577903.33289072
2010-06-03,EGX:PHDC,4.134519,4.21736,4.059209,4.134519,5284044.6155889
2010-06-06,EGX:PHDC,4.119457,4.172174,4.044147,4.119457,2032501.65980613
2010-06-07,EGX:PHDC,4.044147,4.119457,4.029085,4.06674,1186651.17514274
2010-06-08,EGX:PHDC,4.111926,4.111926,3.923651,4.006492,2468025.49462223
2010-06-09,EGX:PHDC,4.021554,4.14205,3.99143,4.044147,1811025.09626876
2010-06-10,EGX:PHDC,3.961306,4.036616,3.931182,3.99143,797522.2414022
2010-06-13,EGX:PHDC,3.99143,3.998961,3.953775,3.968837,181260.12481742
2010-06-14,EGX:PHDC,4.006492,4.051678,3.961306,4.006492,1044165.4494755
2010-06-15,EGX:PHDC,4.006492,4.029085,3.946244,3.976368,246036.38295047
2010-06-16,EGX:PHDC,4.036616,4.06674,3.901058,3.968837,736726.86230248
2010-06-17,EGX:PHDC,3.99143,4.126988,3.961306,4.044147,2189642.80971983
2010-06-20,EGX:PHDC,4.104395,4.14205,4.051678,4.111926,1032558.75713717
2010-06-21,EGX:PHDC,4.119457,4.126988,4.029085,4.081802,1690419.59899084
2010-06-22,EGX:PHDC,4.081802,4.081802,3.84081,3.976368,3212022.30779445
2010-06-23,EGX:PHDC,3.91612,3.931182,3.885996,3.91612,1904217.2354269
2010-06-24,EGX:PHDC,3.923651,3.938713,3.855872,3.885996,630489.97477095
2010-06-27,EGX:PHDC,3.855872,3.885996,3.833279,3.848341,541762.05019254
2010-06-28,EGX:PHDC,3.848341,3.878465,3.750438,3.795624,417393.44044616
2010-06-29,EGX:PHDC,3.803155,3.938713,3.61488,3.727845,2397892.71013146
2010-06-30,EGX:PHDC,3.712783,3.757969,3.629942,3.682659,1419687.95644669
2010-07-04,EGX:PHDC,3.712783,3.720314,3.577225,3.629942,209051.91873589
2010-07-05,EGX:PHDC,3.577225,3.592287,3.411543,3.501915,1393168.23794981
2010-07-06,EGX:PHDC,3.53957,3.607349,3.501915,3.547101,686035.05510556
2010-07-07,EGX:PHDC,3.524508,3.53957,3.298578,3.366357,2706773.33687425
2010-07-08,EGX:PHDC,3.426605,3.486853,3.343764,3.396481,1702020.97994954
2010-07-11,EGX:PHDC,3.441667,3.471791,3.351295,3.404012,2337813.03943699
2010-07-12,EGX:PHDC,3.38895,3.404012,3.200675,3.275985,6542609.21524366
2010-07-13,EGX:PHDC,3.230799,3.38895,3.223268,3.328702,3547044.21723543
2010-07-14,EGX:PHDC,3.38895,3.562163,3.366357,3.46426,7746961.89085115
2010-07-15,EGX:PHDC,3.46426,3.532039,3.419074,3.46426,2775490.6386934
2010-07-18,EGX:PHDC,3.426605,3.629942,3.396481,3.547101,3626846.36834418
2010-07-19,EGX:PHDC,3.554632,3.652535,3.532039,3.584756,2731118.0454123
2010-07-20,EGX:PHDC,3.577225,3.577225,3.351295,3.456729,2005757.53551985
2010-07-21,EGX:PHDC,3.449198,3.501915,3.366357,3.449198,1768893.90519187
2010-07-22,EGX:PHDC,3.404012,3.516977,3.404012,3.471791,2408069.31350418
2010-07-25,EGX:PHDC,3.524508,3.645004,3.479322,3.577225,2946486.52237419
2010-07-26,EGX:PHDC,3.577225,3.675128,3.532039,3.584756,3578384.01274731
2010-07-27,EGX:PHDC,3.607349,3.607349,3.509446,3.554632,2866048.33355464
2010-07-28,EGX:PHDC,3.569694,3.592287,3.486853,3.554632,2229861.9041296
2010-07-29,EGX:PHDC,3.509446,3.592287,3.509446,3.562163,2218244.589032
2010-08-01,EGX:PHDC,3.61488,3.622411,3.547101,3.584756,1068905.85579604
2010-08-02,EGX:PHDC,3.599818,3.742907,3.554632,3.667597,2376175.80666578
2010-08-03,EGX:PHDC,3.69019,3.825748,3.675128,3.750438,4446064.26769353
2010-08-04,EGX:PHDC,3.69019,3.803155,3.69019,3.757969,1330114.19466206
2010-08-05,EGX:PHDC,3.795624,3.99143,3.795624,3.938713,2905128.13703359
2010-08-08,EGX:PHDC,4.021554,4.06674,3.946244,4.006492,2060525.82658346
2010-08-09,EGX:PHDC,3.976368,4.021554,3.946244,3.983899,1453176.20501925
2010-08-10,EGX:PHDC,4.021554,4.096864,3.953775,4.006492,3347805.07236755
2010-08-11,EGX:PHDC,3.968837,3.976368,3.878465,3.923651,399203.29305537
2010-08-12,EGX:PHDC,3.91612,3.968837,3.855872,3.938713,2420946.7534192
2010-08-15,EGX:PHDC,3.99143,4.014023,3.855872,3.91612,872775.19585712
2010-08-16,EGX:PHDC,3.91612,3.953775,3.878465,3.931182,693610.41030408
2010-08-17,EGX:PHDC,3.938713,4.014023,3.91612,3.976368,1008769.08777055
2010-08-18,EGX:PHDC,4.006492,4.014023,3.923651,3.953775,803769.751693
2010-08-19,EGX:PHDC,3.931182,4.036616,3.931182,3.998961,813136.36967202
2010-08-22,EGX:PHDC,4.006492,4.029085,3.91612,3.99143,696482.53883946
2010-08-23,EGX:PHDC,3.99143,4.014023,3.968837,3.99143,786231.57615191
2010-08-24,EGX:PHDC,3.976368,3.99143,3.901058,3.938713,785673.88129067
2010-08-25,EGX:PHDC,3.923651,3.931182,3.855872,3.878465,1132445.89032001
2010-08-26,EGX:PHDC,3.870934,3.953775,3.870934,3.91612,2195430.88567255
2010-08-29,EGX:PHDC,3.961306,3.983899,3.893527,3.931182,792641.08352144
2010-08-30,EGX:PHDC,3.923651,3.961306,3.908589,3.938713,936989.77559421
2010-08-31,EGX:PHDC,3.885996,3.931182,3.878465,3.901058,997309.78621697
2010-09-01,EGX:PHDC,3.946244,3.953775,3.908589,3.923651,624132.25335281
2010-09-02,EGX:PHDC,3.968837,4.06674,3.953775,4.014023,2695887.66432081
2010-09-05,EGX:PHDC,4.081802,4.209829,4.06674,4.134519,3071444.69525959
2010-09-06,EGX:PHDC,4.179705,4.232422,4.044147,4.149581,3809433.01022441
2010-09-07,EGX:PHDC,4.089333,4.104395,4.021554,4.044147,2229496.74677998
2010-09-08,EGX:PHDC,4.06674,4.104395,4.036616,4.059209,1190442.17235427
2010-09-13,EGX:PHDC,4.074271,4.149581,4.044147,4.081802,908723.94104369
2010-09-14,EGX:PHDC,4.081802,4.126988,3.99143,4.06674,1699272.34099057
2010-09-15,EGX:PHDC,3.998961,4.029085,3.720314,3.870934,6191744.78820874
2010-09-16,EGX:PHDC,3.848341,3.99143,3.803155,3.885996,6842501.65980613
2010-09-19,EGX:PHDC,3.901058,4.074271,3.870934,3.998961,2768711.99043952
2010-09-20,EGX:PHDC,3.938713,4.021554,3.938713,3.976368,1351070.24299562
2010-09-21,EGX:PHDC,4.036616,4.081802,3.976368,4.029085,1944785.5530474
2010-09-22,EGX:PHDC,3.99143,4.179705,3.99143,4.096864,4947613.86270084
2010-09-23,EGX:PHDC,4.179705,4.428228,4.179705,4.315263,7968710.66259461
2010-09-26,EGX:PHDC,4.480945,4.556255,4.307732,4.465883,2314012.74731111
2010-09-27,EGX:PHDC,4.473414,4.473414,4.262546,4.383042,2526477.22745983
2010-09-28,EGX:PHDC,4.300201,4.390573,4.300201,4.360449,1199058.55796043
2010-09-29,EGX:PHDC,4.398104,4.44329,4.255015,4.375511,1997518.25786748
2010-09-30,EGX:PHDC,4.307732,4.44329,4.277608,4.352918,1044384.54388527
2010-10-03,EGX:PHDC,4.435759,4.5186,4.390573,4.450821,2106880.89231178
2010-10-04,EGX:PHDC,4.503538,4.5186,4.398104,4.450821,752581.3305006
2010-10-05,EGX:PHDC,4.44329,4.44329,4.345387,4.405635,594198.64559819
2010-10-07,EGX:PHDC,4.383042,4.480945,4.383042,4.428228,588689.41707609
2010-10-10,EGX:PHDC,4.398104,4.435759,4.375511,4.390573,369729.11963883
2010-10-11,EGX:PHDC,4.398104,4.405635,4.322794,4.36798,1221137.96308591
2010-10-12,EGX:PHDC,4.307732,4.405635,4.307732,4.360449,6182286.54893108
2010-10-13,EGX:PHDC,4.398104,4.44329,4.352918,4.398104,10701929.35865091
2010-10-14,EGX:PHDC,4.405635,4.44329,4.375511,4.420697,1767562.07674944
2010-10-17,EGX:PHDC,4.413166,4.44329,4.360449,4.405635,548494.22387465
2010-10-18,EGX:PHDC,4.420697,4.428228,4.36798,4.383042,519591.02376842
2010-10-19,EGX:PHDC,4.36798,4.405635,4.300201,4.383042,1353938.38799628
2010-10-20,EGX:PHDC,4.330325,4.330325,4.255015,4.29267,599418.40393042
2010-10-21,EGX:PHDC,4.345387,4.435759,4.307732,4.360449,1565397.68954986
2010-10-24,EGX:PHDC,4.383042,4.405635,4.307732,4.36798,258973.57588634
2010-10-25,EGX:PHDC,4.390573,4.435759,4.337856,4.383042,614201.30128801
2010-10-26,EGX:PHDC,4.36798,4.375511,4.29267,4.330325,995628.7345638
2010-10-27,EGX:PHDC,4.29267,4.330325,4.179705,4.239953,1667803.74452264
2010-10-28,EGX:PHDC,4.277608,4.330325,4.157112,4.277608,1683986.19041296
2010-10-31,EGX:PHDC,4.322794,4.322794,4.239953,4.277608,90824.59168769
2010-11-01,EGX:PHDC,4.232422,4.307732,4.157112,4.224891,378479.61758067
2010-11-02,EGX:PHDC,4.21736,4.330325,4.21736,4.285139,1137524.89709202
2010-11-03,EGX:PHDC,4.270077,4.345387,4.14205,4.247484,1578689.41707609
2010-11-04,EGX:PHDC,4.300201,4.322794,4.232422,4.270077,641524.36595406
2010-11-07,EGX:PHDC,4.29267,4.684282,4.29267,4.511069,5434178.72792458
2010-11-08,EGX:PHDC,4.706875,4.74453,4.571317,4.646627,4913477.6258133
2010-11-09,EGX:PHDC,4.661689,4.691813,4.548724,4.59391,1332971.71690347
2010-11-10,EGX:PHDC,4.608972,4.654158,4.44329,4.533662,1871615.98725269
2010-11-11,EGX:PHDC,4.526131,4.526131,4.413166,4.473414,920821.93599788
2010-11-14,EGX:PHDC,4.450821,4.556255,4.337856,4.44329,1900638.69340061
2010-11-18,EGX:PHDC,4.503538,4.59391,4.465883,4.5186,667191.60802018
2010-11-21,EGX:PHDC,4.5186,4.556255,4.480945,4.5186,1258924.44562475
2010-11-22,EGX:PHDC,4.548724,4.586379,4.480945,4.5186,771136.635241
2010-11-23,EGX:PHDC,4.465883,4.646627,4.398104,4.578848,1925993.89191342
2010-11-24,EGX:PHDC,4.608972,4.624034,4.458352,4.548724,1622196.25547736
2010-11-25,EGX:PHDC,4.631565,4.639096,4.5186,4.563786,645762.84689948
2010-11-28,EGX:PHDC,4.563786,4.571317,4.435759,4.480945,716766.69764971
2010-11-29,EGX:PHDC,4.480945,4.5186,4.435759,4.458352,1334245.12016996
2010-11-30,EGX:PHDC,4.458352,4.458352,4.383042,4.405635,446260.78873988
2010-12-01,EGX:PHDC,4.375511,4.458352,4.375511,4.428228,162143.14168105
2010-12-02,EGX:PHDC,4.44329,4.503538,4.428228,4.450821,809686.62860178
2010-12-05,EGX:PHDC,4.44329,4.511069,4.44329,4.473414,421435.40034524
2010-12-06,EGX:PHDC,4.488476,4.571317,4.473414,4.5186,3340215.11087505
2010-12-08,EGX:PHDC,4.571317,4.706875,4.556255,4.654158,4859156.8184836
2010-12-09,EGX:PHDC,4.661689,4.691813,4.571317,4.624034,3508349.48877971
2010-12-12,EGX:PHDC,4.661689,4.721937,4.59391,4.661689,1203079.27234099
2010-12-13,EGX:PHDC,4.654158,4.654158,4.59391,4.624034,1569905.72301155
2010-12-14,EGX:PHDC,4.646627,4.691813,4.533662,4.616503,2233739.21126012
2010-12-15,EGX:PHDC,4.608972,4.608972,4.44329,4.496007,2770602.8415881
2010-12-16,EGX:PHDC,4.5186,4.556255,4.405635,4.473414,1136345.77081397
2010-12-19,EGX:PHDC,4.428228,4.465883,4.413166,4.435759,961909.44097729
2010-12-20,EGX:PHDC,4.420697,4.59391,4.420697,4.5186,4817273.93440446
2010-12-21,EGX:PHDC,4.586379,4.66922,4.541193,4.624034,3642779.17939185
2010-12-22,EGX:PHDC,4.646627,4.646627,4.511069,4.541193,1377864.82538839
2010-12-23,EGX:PHDC,4.586379,4.66922,4.548724,4.631565,2484452.26397557
2010-12-26,EGX:PHDC,4.661689,4.684282,4.59391,4.631565,1002845.57163723
2010-12-27,EGX:PHDC,4.601441,4.74453,4.601441,4.699344,3155724.33939716
2010-12-28,EGX:PHDC,4.706875,4.804778,4.706875,4.752061,2799735.75886336
2010-12-29,EGX:PHDC,4.736999,4.797247,4.736999,4.759592,850845.83720621
2010-12-30,EGX:PHDC,4.676751,4.812309,4.676751,4.774654,863804.2756606
2011-01-02,EGX:PHDC,4.721937,4.834902,4.721937,4.797247,597264.63949011
2011-01-03,EGX:PHDC,4.81984,4.81984,4.66922,4.736999,1351673.08458372
2011-01-04,EGX:PHDC,4.752061,4.797247,4.691813,4.74453,1169061.21365025
2011-01-05,EGX:PHDC,4.729468,4.729468,4.661689,4.691813,1902787.14646129
2011-01-06,EGX:PHDC,4.684282,4.714406,4.624034,4.66922,1361136.635241
2011-01-10,EGX:PHDC,4.654158,4.691813,4.586379,4.631565,819520.64798831
2011-01-11,EGX:PHDC,4.601441,4.639096,4.563786,4.586379,1213735.2277254
2011-01-12,EGX:PHDC,4.646627,4.646627,4.563786,4.586379,337311.11406188
2011-01-13,EGX:PHDC,4.631565,4.639096,4.571317,4.608972,1114133.58119772
2011-01-16,EGX:PHDC,4.59391,4.691813,4.571317,4.631565,1804435.00199177
2011-01-17,EGX:PHDC,4.654158,4.706875,4.390573,4.533662,3088437.12654362
2011-01-18,EGX:PHDC,4.44329,4.59391,4.187236,4.450821,2029832.69154163
2011-01-19,EGX:PHDC,4.413166,4.511069,4.337856,4.458352,660414.28761121
2011-01-20,EGX:PHDC,4.458352,4.488476,4.420697,4.458352,168265.83455052
2011-01-23,EGX:PHDC,4.435759,4.465883,4.352918,4.405635,458677.46647192
2011-01-24,EGX:PHDC,4.420697,4.488476,4.390573,4.450821,271957.24339397
2011-01-26,EGX:PHDC,4.360449,4.360449,3.931182,4.134519,1967211.5256938
2011-01-27,EGX:PHDC,4.14205,4.14205,3.351295,3.667597,2704011.41946621
2011-03-23,EGX:PHDC,3.306109,3.306109,3.306109,3.306109,735449.47550126
2011-03-24,EGX:PHDC,2.982276,2.982276,2.982276,2.982276,645975.30208472
2011-03-27,EGX:PHDC,2.688567,2.688567,2.688567,2.688567,1432315.76151905
2011-03-28,EGX:PHDC,2.424982,2.424982,2.424982,2.424982,1050355.86243527
2011-03-29,EGX:PHDC,2.18399,2.394858,2.18399,2.191521,14049515.33660868
2011-03-30,EGX:PHDC,2.18399,2.191521,1.973122,2.003246,7987300.49130262
2011-03-31,EGX:PHDC,1.80744,2.10868,1.80744,1.942998,16642445.89032001
2011-04-03,EGX:PHDC,2.131273,2.131273,2.063494,2.101149,7511906.78528748
2011-04-04,EGX:PHDC,1.897812,2.304486,1.897812,2.040901,4620195.19320143
2011-04-05,EGX:PHDC,2.018308,2.063494,1.965591,2.025839,2863809.58704023
2011-04-06,EGX:PHDC,2.03337,2.048432,1.920405,1.973122,4367685.56632585
2011-04-07,EGX:PHDC,1.935467,1.935467,1.867688,1.897812,3672123.22400744
2011-04-10,EGX:PHDC,1.897812,1.897812,1.792378,1.830033,2809000.13278449
2011-04-11,EGX:PHDC,2.010777,2.010777,1.73213,1.792378,1480823.26384278
2011-04-12,EGX:PHDC,1.769785,1.784847,1.619165,1.65682,5541667.77320409
2011-04-13,EGX:PHDC,1.65682,1.702006,1.619165,1.679413,1986479.88314965
2011-04-14,EGX:PHDC,1.649289,1.747192,1.649289,1.664351,1999772.93852078
2011-04-17,EGX:PHDC,1.65682,1.65682,1.498669,1.536324,4367854.20262913
2011-04-18,EGX:PHDC,1.536324,1.536324,1.400766,1.43089,4208243.26118709
2011-04-19,EGX:PHDC,1.476076,1.558917,1.468545,1.521262,3580848.49289603
2011-04-20,EGX:PHDC,1.5062,1.5062,1.445952,1.461014,3155689.81542956
2011-04-21,EGX:PHDC,1.468545,1.483607,1.438421,1.461014,1654129.59766299
2011-04-26,EGX:PHDC,1.468545,1.468545,1.35558,1.415828,3097145.13344841
2011-04-27,EGX:PHDC,1.43089,1.483607,1.385704,1.438421,2589170.09693268
2011-04-28,EGX:PHDC,1.468545,1.498669,1.453483,1.476076,1404897.09201965
2011-05-02,EGX:PHDC,1.498669,1.5062,1.43089,1.468545,4267281.90147391
2011-05-03,EGX:PHDC,1.445952,1.453483,1.378173,1.423359,3349440.97729385
2011-05-04,EGX:PHDC,1.393235,1.43089,1.287801,1.317925,8428050.72367547
2011-05-05,EGX:PHDC,1.302863,1.302863,1.235084,1.257677,3429257.73469659
2011-05-08,EGX:PHDC,1.242615,1.257677,1.189898,1.220022,4398300.35851812
2011-05-09,EGX:PHDC,1.235084,1.257677,1.220022,1.235084,4816725.53445758
2011-05-10,EGX:PHDC,1.235084,1.242615,1.197429,1.212491,3700956.04833355
2011-05-11,EGX:PHDC,1.220022,1.227553,1.189898,1.20496,3060674.54521312
2011-05-12,EGX:PHDC,1.084464,1.20496,1.084464,1.182367,3566517.06280706
2011-05-15,EGX:PHDC,1.20496,1.295332,1.182367,1.257677,11904610.27751958
2011-05-16,EGX:PHDC,1.302863,1.363111,1.265208,1.302863,13398083.91979817
2011-05-17,EGX:PHDC,1.302863,1.43089,1.302863,1.415828,19521839.06519718
2011-05-18,EGX:PHDC,1.423359,1.513731,1.423359,1.476076,20619714.51334484
2011-05-19,EGX:PHDC,1.491138,1.491138,1.438421,1.461014,9205100.25229053
2011-05-22,EGX:PHDC,1.483607,1.604103,1.468545,1.551386,18019099.72115256
2011-05-23,EGX:PHDC,1.558917,1.619165,1.528793,1.566448,12847883.4152171
2011-05-24,EGX:PHDC,1.551386,1.641758,1.528793,1.596572,9519989.37724074
2011-05-25,EGX:PHDC,1.596572,1.634227,1.543855,1.589041,10815132.12056831
2011-05-26,EGX:PHDC,1.626696,1.679413,1.596572,1.634227,14406527.68556632
2011-05-29,EGX:PHDC,1.65682,1.792378,1.65682,1.754723,18169544.54919666
2011-05-30,EGX:PHDC,1.799909,1.799909,1.649289,1.717068,15578726.5967335
2011-05-31,EGX:PHDC,1.58151,1.686944,1.58151,1.649289,13209176.73615722
2011-06-01,EGX:PHDC,1.686944,1.709537,1.634227,1.671882,7259934.93559952
2011-06-02,EGX:PHDC,1.694475,1.702006,1.604103,1.641758,13706211.65847829
2011-06-05,EGX:PHDC,1.702006,1.73213,1.664351,1.694475,6159613.59713185
2011-06-06,EGX:PHDC,1.686944,1.694475,1.65682,1.679413,3804028.68145001
2011-06-07,EGX:PHDC,1.679413,1.702006,1.634227,1.664351,7799305.53711327
2011-06-08,EGX:PHDC,1.664351,1.664351,1.626696,1.649289,5358255.21179126
2011-06-09,EGX:PHDC,1.65682,1.724599,1.649289,1.686944,11200151.37431948
2011-06-12,EGX:PHDC,1.717068,1.769785,1.702006,1.747192,12817376.17846235
2011-06-13,EGX:PHDC,1.769785,1.905343,1.762254,1.845095,24239707.8741203
2011-06-14,EGX:PHDC,2.025839,2.025839,1.799909,1.905343,14720791.39556499
2011-06-15,EGX:PHDC,1.88275,1.88275,1.799909,1.845095,13703513.47762581
2011-06-16,EGX:PHDC,1.845095,1.965591,1.80744,1.905343,13866190.41295977
2011-06-19,EGX:PHDC,1.965591,2.03337,1.942998,1.995715,12460884.34470854
2011-06-20,EGX:PHDC,2.03337,2.03337,1.897812,1.942998,13364812.10994555
2011-06-21,EGX:PHDC,1.905343,1.973122,1.88275,1.927936,9209718.49687956
2011-06-22,EGX:PHDC,1.912874,1.935467,1.875219,1.897812,7085041.82711459
2011-06-23,EGX:PHDC,1.875219,1.95806,1.875219,1.927936,7752075.42159076
2011-06-26,EGX:PHDC,1.927936,1.95806,1.852626,1.897812,9698002.9212588
2011-06-27,EGX:PHDC,1.920405,1.920405,1.837564,1.867688,8957329.70389058
2011-06-28,EGX:PHDC,1.875219,1.905343,1.80744,1.860157,10653234.63019519
2011-06-29,EGX:PHDC,1.822502,1.822502,1.679413,1.739661,10819033.32890718
2011-06-30,EGX:PHDC,1.724599,1.784847,1.694475,1.754723,8122058.15960696
2011-07-03,EGX:PHDC,1.80744,1.830033,1.769785,1.799909,7632676.93533395
2011-07-04,EGX:PHDC,1.814971,1.814971,1.739661,1.762254,4238646.92603904
2011-07-05,EGX:PHDC,1.747192,1.935467,1.747192,1.890281,31191991.76736157
2011-07-06,EGX:PHDC,1.95806,1.95806,1.799909,1.837564,9267369.53923781
2011-07-07,EGX:PHDC,1.799909,1.860157,1.777316,1.830033,7795065.72832293
2011-07-10,EGX:PHDC,2.010777,2.010777,1.754723,1.799909,5434603.63829505
2011-07-11,EGX:PHDC,1.769785,1.769785,1.686944,1.717068,5173311.64519984
2011-07-12,EGX:PHDC,1.694475,1.694475,1.551386,1.604103,12720966.67109282
2011-07-13,EGX:PHDC,1.762254,1.762254,1.58151,1.671882,6780448.81157881
2011-07-14,EGX:PHDC,1.686944,1.709537,1.641758,1.671882,7564083.12309123
2011-07-17,EGX:PHDC,1.702006,1.762254,1.702006,1.73213,7779722.48041429
2011-07-18,EGX:PHDC,1.73213,1.73213,1.671882,1.702006,6651404.85991236
2011-07-19,EGX:PHDC,1.686944,1.694475,1.649289,1.671882,5471744.78820874
2011-07-20,EGX:PHDC,1.686944,1.702006,1.641758,1.65682,6181683.70734298
2011-07-21,EGX:PHDC,1.664351,1.671882,1.611634,1.641758,4985922.18828841
2011-07-25,EGX:PHDC,1.611634,1.619165,1.58151,1.604103,2999899.08378701
2011-07-26,EGX:PHDC,1.604103,1.611634,1.551386,1.573979,4140604.16943301
2011-07-27,EGX:PHDC,1.58151,1.596572,1.536324,1.558917,4546775.99256407
2011-07-28,EGX:PHDC,1.566448,1.589041,1.536324,1.551386,6756053.64493427
2011-07-31,EGX:PHDC,1.589041,1.604103,1.558917,1.58151,6193034.12561413
2011-08-01,EGX:PHDC,1.604103,1.611634,1.573979,1.589041,5596530.34125614
2011-08-02,EGX:PHDC,1.589041,1.589041,1.536324,1.551386,3375599.52197583
2011-08-03,EGX:PHDC,1.536324,1.566448,1.491138,1.528793,3934486.78794317
2011-08-04,EGX:PHDC,1.558917,1.596572,1.558917,1.573979,4228352.14446953
2011-08-07,EGX:PHDC,1.558917,1.558917,1.453483,1.498669,5169804.80679857
2011-08-08,EGX:PHDC,1.498669,1.521262,1.370642,1.415828,7341772.6729518
2011-08-09,EGX:PHDC,1.370642,1.400766,1.295332,1.340518,5791192.40472713
2011-08-10,EGX:PHDC,1.35558,1.43089,1.35558,1.393235,4230568.3176205
2011-08-11,EGX:PHDC,1.43089,1.43089,1.325456,1.340518,4824242.46448015
2011-08-14,EGX:PHDC,1.370642,1.378173,1.325456,1.340518,3565259.59367946
2011-08-15,EGX:PHDC,1.340518,1.363111,1.325456,1.340518,2655499.93360775
2011-08-16,EGX:PHDC,1.363111,1.370642,1.325456,1.348049,3317401.4075156
2011-08-17,EGX:PHDC,1.340518,1.408297,1.340518,1.385704,7348074.62488381
2011-08-18,EGX:PHDC,1.378173,1.408297,1.370642,1.385704,4079861.9041296
2011-08-21,EGX:PHDC,1.332987,1.348049,1.325456,1.332987,1669296.24219891
2011-08-22,EGX:PHDC,1.325456,1.35558,1.310394,1.325456,5556560.88168902
2011-08-23,EGX:PHDC,1.317925,1.35558,1.302863,1.325456,4468119.77161068
2011-08-24,EGX:PHDC,1.35558,1.363111,1.325456,1.340518,1730241.6677732
2011-08-25,EGX:PHDC,1.348049,1.348049,1.325456,1.332987,2776112.07011021
2011-08-28,EGX:PHDC,1.332987,1.332987,1.287801,1.302863,2716645.86376311
2011-08-29,EGX:PHDC,1.302863,1.325456,1.295332,1.310394,1590305.40432877
2011-09-04,EGX:PHDC,1.325456,1.332987,1.302863,1.317925,3102151.1087505
2011-09-05,EGX:PHDC,1.302863,1.370642,1.287801,1.340518,10711365.02456513
2011-09-06,EGX:PHDC,1.340518,1.363111,1.325456,1.340518,4556478.55530474
2011-09-07,EGX:PHDC,1.332987,1.363111,1.325456,1.348049,8322892.046209
2011-09-08,EGX:PHDC,1.340518,1.348049,1.325456,1.340518,3779800.82326384
2011-09-11,EGX:PHDC,1.325456,1.325456,1.302863,1.317925,3542123.22400744
2011-09-12,EGX:PHDC,1.310394,1.317925,1.257677,1.287801,4165547.73602443
2011-09-13,EGX:PHDC,1.272739,1.272739,1.227553,1.250146,3438435.79869871
2011-09-14,EGX:PHDC,1.242615,1.257677,1.174836,1.212491,5839824.72447218
2011-09-15,EGX:PHDC,1.20496,1.212491,1.122119,1.159774,13278897.8887266
2011-09-18,EGX:PHDC,1.167305,1.167305,1.076933,1.114588,4910937.45850485
2011-09-19,EGX:PHDC,1.099526,1.159774,1.084464,1.12965,6469591.02376843
2011-09-20,EGX:PHDC,1.12965,1.152243,1.114588,1.12965,3494622.22812375
2011-09-21,EGX:PHDC,1.114588,1.159774,1.107057,1.12965,3910646.66047006
2011-09-22,EGX:PHDC,1.107057,1.107057,1.076933,1.091995,4219325.45478688
2011-09-25,EGX:PHDC,1.091995,1.091995,0.994092,1.031747,5111997.0787412
2011-09-26,EGX:PHDC,1.009154,1.039278,0.97903,1.016685,3800629.39848626
2011-09-27,EGX:PHDC,1.031747,1.05434,0.971499,1.016685,7015118.84211924
2011-09-28,EGX:PHDC,1.001623,1.001623,0.918782,0.956437,6148349.48877971
2011-09-29,EGX:PHDC,0.941375,0.956437,0.918782,0.941375,6660787.41203027
2011-10-02,EGX:PHDC,0.963968,1.001623,0.963968,0.97903,7424854.60098261
2011-10-03,EGX:PHDC,0.986561,0.986561,0.941375,0.948906,4076150.57761253
2011-10-04,EGX:PHDC,0.948906,0.948906,0.896189,0.918782,7734538.57389457
2011-10-05,EGX:PHDC,0.918782,0.918782,0.858534,0.881127,6187433.27579339
2011-10-09,EGX:PHDC,0.881127,0.896189,0.866065,0.873596,3693115.1241535
2011-10-10,EGX:PHDC,0.790755,0.873596,0.790755,0.851003,4239196.65383083
2011-10-11,EGX:PHDC,0.873596,0.911251,0.866065,0.881127,10268308.32558757
2011-10-12,EGX:PHDC,0.90372,0.918782,0.888658,0.896189,3004508.03346169
2011-10-13,EGX:PHDC,0.896189,0.948906,0.888658,0.926313,7318207.40937459
2011-10-16,EGX:PHDC,0.948906,0.971499,0.941375,0.956437,5660851.14858584
2011-10-17,EGX:PHDC,0.948906,0.963968,0.926313,0.941375,4087289.86854335
2011-10-18,EGX:PHDC,0.933844,0.963968,0.918782,0.948906,4124509.3613066
2011-10-19,EGX:PHDC,0.948906,1.001623,0.948906,0.97903,6756612.66764042
2011-10-20,EGX:PHDC,0.986561,1.009154,0.971499,0.994092,5959065.19718497
2011-10-23,EGX:PHDC,1.016685,1.05434,1.001623,1.024216,10787344.31018457
2011-10-24,EGX:PHDC,1.016685,1.039278,0.994092,1.009154,4538808.92311778
2011-10-25,EGX:PHDC,1.016685,1.031747,0.97903,1.001623,5982866.81715576
2011-10-26,EGX:PHDC,0.986561,1.039278,0.97903,1.001623,7675659.27499668
2011-10-27,EGX:PHDC,1.024216,1.069402,1.024216,1.046809,10543935.73230646
2011-10-30,EGX:PHDC,1.05434,1.084464,1.046809,1.061871,5062990.30673218
2011-10-31,EGX:PHDC,1.05434,1.061871,1.031747,1.039278,3430258.929757
2011-11-01,EGX:PHDC,1.024216,1.039278,1.009154,1.024216,4885198.5128137
2011-11-02,EGX:PHDC,1.009154,1.05434,1.009154,1.039278,4567774.53193467
2011-11-09,EGX:PHDC,1.061871,1.061871,1.016685,1.039278,2335117.51427433
2011-11-10,EGX:PHDC,1.024216,1.039278,1.024216,1.031747,1296773.33687425
2011-11-13,EGX:PHDC,1.031747,1.031747,0.963968,0.97903,5980422.25468065
2011-11-14,EGX:PHDC,0.956437,0.956437,0.90372,0.918782,2521637.23277121
2011-11-15,EGX:PHDC,0.881127,0.956437,0.881127,0.933844,2883615.72168371
2011-11-16,EGX:PHDC,0.926313,0.956437,0.918782,0.941375,4098117.11592086
2011-11-17,EGX:PHDC,0.941375,0.956437,0.918782,0.933844,1919187.35891648
2011-11-20,EGX:PHDC,0.843472,0.941375,0.843472,0.90372,2707567.38812907
2011-11-21,EGX:PHDC,0.888658,0.888658,0.820879,0.858534,4585991.23622361
2011-11-22,EGX:PHDC,0.835941,0.866065,0.783224,0.813348,6697173.01819147
2011-11-23,EGX:PHDC,0.813348,0.881127,0.813348,0.858534,4170821.93599787
2011-11-24,EGX:PHDC,0.866065,0.888658,0.851003,0.873596,3960471.38494224
2011-11-29,EGX:PHDC,0.90372,0.956437,0.90372,0.941375,8045021.90944098
2011-11-30,EGX:PHDC,0.97903,0.97903,0.941375,0.963968,6833436.46262117
2011-12-01,EGX:PHDC,0.97903,1.001623,0.963968,0.986561,6037782.49900412
2011-12-04,EGX:PHDC,1.016685,1.016685,0.941375,0.963968,4156624.61824459
2011-12-05,EGX:PHDC,0.941375,0.971499,0.933844,0.956437,2343261.18709335
2011-12-06,EGX:PHDC,0.956437,0.994092,0.941375,0.97903,5558905.85579604
2011-12-07,EGX:PHDC,0.986561,1.001623,0.948906,0.97903,5948998.80493958
2011-12-08,EGX:PHDC,0.963968,0.971499,0.948906,0.963968,1593675.47470456
2011-12-11,EGX:PHDC,0.97903,0.994092,0.948906,0.963968,2871973.17753286
2011-12-12,EGX:PHDC,0.956437,0.956437,0.911251,0.926313,4649637.49834019
2011-12-13,EGX:PHDC,0.918782,0.941375,0.911251,0.926313,2572198.91116718
2011-12-14,EGX:PHDC,0.926313,0.941375,0.926313,0.933844,1127578.01088833
2011-12-15,EGX:PHDC,0.926313,0.933844,0.918782,0.926313,1727016.33249236
2011-12-18,EGX:PHDC,0.911251,0.911251,0.873596,0.888658,4619609.61359713
2011-12-19,EGX:PHDC,0.881127,0.90372,0.873596,0.888658,3995146.7268623
2011-12-20,EGX:PHDC,0.888658,0.888658,0.835941,0.851003,3792157.74797504
2011-12-21,EGX:PHDC,0.851003,0.866065,0.82841,0.843472,4060932.14712522
2011-12-22,EGX:PHDC,0.835941,0.851003,0.813348,0.82841,2695823.92776524
2011-12-25,EGX:PHDC,0.851003,0.873596,0.843472,0.858534,2208070.64134909
2011-12-26,EGX:PHDC,0.851003,0.851003,0.82841,0.835941,1675085.64599655
2011-12-27,EGX:PHDC,0.82841,0.843472,0.805817,0.820879,2040468.72925242
2011-12-28,EGX:PHDC,0.813348,0.835941,0.790755,0.813348,2568429.15947417
2011-12-29,EGX:PHDC,0.82841,0.835941,0.813348,0.820879,2997203.55862435
2012-01-02,EGX:PHDC,0.835941,0.851003,0.82841,0.835941,2325017.92590625
2012-01-03,EGX:PHDC,0.835941,0.835941,0.820879,0.82841,1683449.74107024
2012-01-04,EGX:PHDC,0.82841,0.835941,0.820879,0.82841,726514.40711725
2012-01-05,EGX:PHDC,0.835941,0.835941,0.813348,0.820879,976400.21245519
2012-01-09,EGX:PHDC,0.813348,0.820879,0.798286,0.805817,1174020.71438056
2012-01-10,EGX:PHDC,0.813348,0.851003,0.813348,0.835941,3339790.20050458
2012-01-11,EGX:PHDC,0.843472,0.888658,0.843472,0.866065,5855638.02947816
2012-01-12,EGX:PHDC,0.888658,0.918782,0.866065,0.896189,4963909.17540831
2012-01-15,EGX:PHDC,0.911251,0.918782,0.896189,0.90372,4567940.51254813
2012-01-16,EGX:PHDC,0.90372,0.948906,0.888658,0.911251,11018060.01858983
2012-01-17,EGX:PHDC,0.896189,0.956437,0.896189,0.933844,9037543.48692073
2012-01-18,EGX:PHDC,0.933844,0.963968,0.918782,0.941375,7792038.24193334
2012-01-19,EGX:PHDC,0.918782,0.933844,0.888658,0.90372,7901406.18775727
2012-01-23,EGX:PHDC,0.873596,0.941375,0.873596,0.918782,10799017.39476829
2012-01-24,EGX:PHDC,0.926313,0.963968,0.926313,0.948906,9006530.34125614
2012-01-26,EGX:PHDC,1.009154,1.031747,0.971499,1.009154,16520771.47789138
2012-01-29,EGX:PHDC,1.039278,1.039278,0.971499,0.994092,13915444.16412163
2012-01-30,EGX:PHDC,0.986561,1.031747,0.956437,1.001623,9570949.40910902
2012-01-31,EGX:PHDC,1.001623,1.076933,1.001623,1.046809,17062625.14938255
2012-02-01,EGX:PHDC,1.076933,1.12965,1.05434,1.099526,16320967.99893772
2012-02-02,EGX:PHDC,0.994092,1.099526,0.994092,1.061871,17237332.3595804
2012-02-06,EGX:PHDC,1.016685,1.05434,1.016685,1.031747,7079111.67175674
2012-02-07,EGX:PHDC,1.031747,1.091995,1.031747,1.069402,8727418.6694994
2012-02-08,EGX:PHDC,1.069402,1.159774,1.069402,1.122119,16131455.31801885
2012-02-09,EGX:PHDC,1.152243,1.189898,1.12965,1.159774,16345549.06386934
2012-02-12,EGX:PHDC,1.182367,1.272739,1.182367,1.235084,14264762.97968397
2012-02-13,EGX:PHDC,1.35558,1.35558,1.272739,1.310394,21402428.62833621
2012-02-14,EGX:PHDC,1.317925,1.370642,1.257677,1.310394,17455472.04886469
2012-02-15,EGX:PHDC,1.310394,1.348049,1.257677,1.310394,18688297.7028283
2012-02-16,EGX:PHDC,1.272739,1.415828,1.265208,1.35558,20699025.36183774
2012-02-19,EGX:PHDC,1.400766,1.491138,1.393235,1.461014,18193319.61226928
2012-02-20,EGX:PHDC,1.461014,1.551386,1.408297,1.476076,2664152.17102642
2012-02-21,EGX:PHDC,1.476076,1.528793,1.415828,1.468545,2087021.643872
2012-02-22,EGX:PHDC,1.468545,1.498669,1.423359,1.461014,12196517.06280706
2012-02-23,EGX:PHDC,1.461014,1.604103,1.461014,1.573979,28572857.52224139
2012-02-26,EGX:PHDC,1.724599,1.724599,1.604103,1.694475,23440824.5916877
2012-02-27,EGX:PHDC,1.694475,1.830033,1.641758,1.724599,3781950.60416943
2012-02-28,EGX:PHDC,1.769785,1.799909,1.634227,1.709537,24693107.15708406
2012-02-29,EGX:PHDC,1.694475,1.73213,1.65682,1.694475,17139421.05962024
2012-03-01,EGX:PHDC,1.717068,1.754723,1.686944,1.724599,16057161.0675873
2012-03-05,EGX:PHDC,1.686944,1.754723,1.641758,1.702006,1978739.87518258
2012-03-06,EGX:PHDC,1.702006,1.792378,1.702006,1.762254,1732536.18377374
2012-03-07,EGX:PHDC,1.762254,1.762254,1.671882,1.717068,1576505.11220289
2012-03-08,EGX:PHDC,1.717068,1.717068,1.619165,1.664351,1392589.29757004
2012-03-12,EGX:PHDC,1.619165,1.619165,1.461014,1.528793,2215863.76311247
2012-03-13,EGX:PHDC,1.528793,1.528793,1.378173,1.43089,1618318.94834683
2012-03-14,EGX:PHDC,1.43089,1.528793,1.385704,1.461014,1567674.94356659
2012-03-15,EGX:PHDC,1.461014,1.558917,1.461014,1.521262,12043935.73230647
2012-03-19,EGX:PHDC,1.476076,1.5062,1.385704,1.438421,11791851.01580135
2012-03-20,EGX:PHDC,1.438421,1.513731,1.332987,1.453483,1469559.15549064
2012-03-21,EGX:PHDC,1.453483,1.513731,1.415828,1.453483,11606044.35001992
2012-03-22,EGX:PHDC,1.453483,1.468545,1.408297,1.43089,7279483.4683309
2012-03-25,EGX:PHDC,1.43089,1.43089,1.287801,1.340518,11845740.27353605
2012-03-26,EGX:PHDC,1.340518,1.340518,1.242615,1.302863,12003680.78608418
2012-03-27,EGX:PHDC,1.302863,1.340518,1.28027,1.317925,10781299.96016465
2012-03-28,EGX:PHDC,1.317925,1.400766,1.265208,1.332987,1376624.61824459
2012-03-29,EGX:PHDC,1.332987,1.35558,1.28027,1.310394,10452262.64772275
2012-04-01,EGX:PHDC,1.310394,1.310394,1.212491,1.250146,7086575.487983
2012-04-02,EGX:PHDC,1.250146,1.265208,1.197429,1.227553,7590422.25468065
2012-04-03,EGX:PHDC,1.227553,1.348049,1.197429,1.272739,1578435.79869871
2012-04-04,EGX:PHDC,1.272739,1.340518,1.265208,1.295332,7024681.9811446
2012-04-05,EGX:PHDC,1.295332,1.348049,1.272739,1.295332,6276296.64055238
2012-04-08,EGX:PHDC,1.295332,1.332987,1.250146,1.287801,4737847.56340459
2012-04-09,EGX:PHDC,1.287801,1.287801,1.167305,1.220022,1348843.44708538
2012-04-17,EGX:PHDC,1.250146,1.257677,1.197429,1.212491,5409981.41017129
2012-04-18,EGX:PHDC,1.212491,1.235084,1.20496,1.220022,4555223.74186695
2012-04-19,EGX:PHDC,1.220022,1.257677,1.212491,1.242615,8849745.05377772
2012-04-22,EGX:PHDC,1.242615,1.348049,1.242615,1.317925,1381423.44974107
2012-04-23,EGX:PHDC,1.317925,1.385704,1.295332,1.340518,1625008.6309919
2012-04-24,EGX:PHDC,1.340518,1.370642,1.302863,1.332987,12361144.60231045
2012-04-26,EGX:PHDC,1.332987,1.453483,1.332987,1.400766,2679043.95166645
2012-04-29,EGX:PHDC,1.400766,1.483607,1.393235,1.453483,13103757.80108883
2012-04-30,EGX:PHDC,1.453483,1.498669,1.393235,1.438421,1610654.6275395
2012-05-02,EGX:PHDC,1.438421,1.5062,1.310394,1.348049,1343376.70960032
2012-05-03,EGX:PHDC,1.348049,1.415828,1.302863,1.370642,12662175.00995884
2012-05-06,EGX:PHDC,1.370642,1.476076,1.363111,1.445952,1734802.8150312
2012-05-07,EGX:PHDC,1.445952,1.468545,1.415828,1.445952,1380424.91037047
2012-05-08,EGX:PHDC,1.445952,1.483607,1.43089,1.461014,12853291.72752623
2012-05-09,EGX:PHDC,1.461014,1.521262,1.453483,1.491138,12802164.38719957
2012-05-10,EGX:PHDC,1.491138,1.5062,1.476076,1.491138,10361561.54561147
2012-05-13,EGX:PHDC,1.491138,1.551386,1.491138,1.536324,10883747.17832957
2012-05-14,EGX:PHDC,1.536324,1.536324,1.453483,1.491138,1755753.55198513
2012-05-15,EGX:PHDC,1.491138,1.491138,1.408297,1.43089,11583878.63497544
2012-05-16,EGX:PHDC,1.43089,1.445952,1.400766,1.43089,11707435.9314832
2012-05-17,EGX:PHDC,1.43089,1.43089,1.340518,1.370642,11767366.883548
2012-05-20,EGX:PHDC,1.370642,1.370642,1.317925,1.332987,7727898.02151109
2012-05-21,EGX:PHDC,1.332987,1.393235,1.332987,1.370642,10432488.38135706
2012-05-22,EGX:PHDC,1.370642,1.400766,1.348049,1.370642,9951700.96932678
2012-05-23,EGX:PHDC,1.370642,1.43089,1.340518,1.393235,1405805.33793653
2012-05-24,EGX:PHDC,1.393235,1.438421,1.393235,1.415828,6492877.43991502
2012-05-27,EGX:PHDC,1.415828,1.415828,1.28027,1.332987,12065940.77811712
2012-05-28,EGX:PHDC,1.332987,1.332987,1.257677,1.295332,12812220.1566857
2012-05-29,EGX:PHDC,1.295332,1.302863,1.257677,1.28027,7293529.41176471
2012-05-30,EGX:PHDC,1.28027,1.302863,1.235084,1.28027,10358851.41415482
2012-05-31,EGX:PHDC,1.28027,1.28027,1.227553,1.257677,8987718.76244855
2012-06-03,EGX:PHDC,1.257677,1.257677,1.174836,1.227553,4649249.76762714
2012-06-04,EGX:PHDC,1.227553,1.250146,1.189898,1.220022,6818380.02921259
2012-06-05,EGX:PHDC,1.220022,1.220022,1.152243,1.174836,8309710.52981012
2012-06-06,EGX:PHDC,1.174836,1.20496,1.167305,1.189898,5299475.50126145
2012-06-07,EGX:PHDC,1.189898,1.20496,1.182367,1.197429,4293007.56871597
2012-06-10,EGX:PHDC,1.197429,1.212491,1.182367,1.197429,5004859.91236224
2012-06-11,EGX:PHDC,1.197429,1.197429,1.114588,1.144712,8912866.81715576
2012-06-12,EGX:PHDC,1.144712,1.189898,1.122119,1.159774,10817818.35081662
2012-06-13,EGX:PHDC,1.159774,1.174836,1.12965,1.144712,7201167.17567388
2012-06-14,EGX:PHDC,1.144712,1.197429,1.122119,1.167305,8539849.95352543
2012-06-18,EGX:PHDC,1.167305,1.197429,1.114588,1.137181,11574777.58597796
2012-06-19,EGX:PHDC,1.137181,1.144712,1.039278,1.091995,7909486.12402071
2012-06-20,EGX:PHDC,1.091995,1.114588,1.069402,1.099526,4642757.93387332
2012-06-21,EGX:PHDC,1.099526,1.107057,1.05434,1.076933,7337597.92856194
2012-06-24,EGX:PHDC,1.076933,1.182367,1.076933,1.167305,7747669.63218696
2012-06-25,EGX:PHDC,1.167305,1.28027,1.144712,1.265208,10161997.0787412
2012-06-26,EGX:PHDC,1.265208,1.385704,1.265208,1.35558,2042321.07289869
2012-06-27,EGX:PHDC,1.35558,1.453483,1.340518,1.408297,11591322.53352808
2012-06-28,EGX:PHDC,1.408297,1.483607,1.400766,1.445952,10589377.24073828
2012-07-02,EGX:PHDC,1.445952,1.589041,1.445952,1.551386,2452694.19731775
2012-07-03,EGX:PHDC,1.551386,1.619165,1.528793,1.58151,2022030.2748639
2012-07-04,EGX:PHDC,1.58151,1.58151,1.521262,1.543855,1399539.23781702
2012-07-05,EGX:PHDC,1.543855,1.611634,1.536324,1.589041,12454828.04408445
2012-07-08,EGX:PHDC,1.589041,1.596572,1.476076,1.528793,1844894.43632984
2012-07-09,EGX:PHDC,1.528793,1.528793,1.378173,1.445952,1743456.38029478
2012-07-10,EGX:PHDC,1.445952,1.498669,1.43089,1.468545,7181039.70256274
2012-07-11,EGX:PHDC,1.468545,1.5062,1.453483,1.483607,7199994.68862037
2012-07-12,EGX:PHDC,1.483607,1.543855,1.483607,1.513731,1447157.08405258
2012-07-15,EGX:PHDC,1.513731,1.513731,1.438421,1.461014,5032200.23901208
2012-07-16,EGX:PHDC,1.461014,1.476076,1.423359,1.445952,4066649.84729783
2012-07-17,EGX:PHDC,1.445952,1.483607,1.43089,1.468545,4737153.10051786
2012-07-18,EGX:PHDC,1.468545,1.491138,1.445952,1.468545,3441483.20276192
2012-07-19,EGX:PHDC,1.468545,1.513731,1.468545,1.498669,8131372.99163458
2012-07-22,EGX:PHDC,1.498669,1.513731,1.483607,1.498669,4284942.23874651
2012-07-24,EGX:PHDC,1.498669,1.513731,1.445952,1.476076,12692745.98326916
2012-07-25,EGX:PHDC,1.476076,1.491138,1.445952,1.461014,5932056.83176205
2012-07-26,EGX:PHDC,1.461014,1.476076,1.438421,1.461014,4064506.70561678
2012-07-29,EGX:PHDC,1.461014,1.483607,1.445952,1.461014,4823237.28588501
2012-07-30,EGX:PHDC,1.461014,1.468545,1.445952,1.453483,6073164.25441509
2012-07-31,EGX:PHDC,1.453483,1.521262,1.453483,1.498669,11173378.03744522
2012-08-01,EGX:PHDC,1.498669,1.536324,1.498669,1.513731,7104342.05284823
2012-08-02,EGX:PHDC,1.513731,1.521262,1.491138,1.5062,7254954.18935068
2012-08-05,EGX:PHDC,1.5062,1.58151,1.498669,1.543855,12315256.93798964
2012-08-06,EGX:PHDC,1.543855,1.611634,1.43089,1.58151,1603675.47470455
2012-08-07,EGX:PHDC,1.58151,1.626696,1.566448,1.589041,7445071.03970256
2012-08-08,EGX:PHDC,1.589041,1.596572,1.513731,1.551386,1460990.57230116
2012-08-09,EGX:PHDC,1.551386,1.551386,1.491138,1.528793,9298730.58026822
2012-08-12,EGX:PHDC,1.528793,1.558917,1.491138,1.528793,4652715.44283628
2012-08-13,EGX:PHDC,1.528793,1.596572,1.513731,1.558917,9822654.36197052
2012-08-14,EGX:PHDC,1.558917,1.596572,1.558917,1.58151,7410120.8338866
2012-08-15,EGX:PHDC,1.58151,1.589041,1.558917,1.58151,9597421.32518922
2012-08-16,EGX:PHDC,1.58151,1.649289,1.58151,1.619165,1960813.96892843
2012-08-21,EGX:PHDC,1.619165,1.664351,1.604103,1.634227,10238407.91395564
2012-08-22,EGX:PHDC,1.634227,1.649289,1.604103,1.626696,8305081.66246183
2012-08-23,EGX:PHDC,1.626696,1.709537,1.58151,1.679413,1492078.07728057
2012-08-26,EGX:PHDC,1.679413,1.724599,1.671882,1.694475,10507887.39875183
2012-08-27,EGX:PHDC,1.694475,1.724599,1.671882,1.702006,12627686.89417076
2012-08-28,EGX:PHDC,1.702006,1.73213,1.679413,1.709537,10037821.00650644
2012-08-29,EGX:PHDC,1.709537,1.709537,1.649289,1.671882,8914466.87026955
2012-08-30,EGX:PHDC,1.671882,1.73213,1.664351,1.702006,11605985.92484397
2012-09-02,EGX:PHDC,1.702006,1.792378,1.702006,1.762254,1867746.64719161
2012-09-03,EGX:PHDC,1.762254,1.912874,1.73213,1.822502,2789597.66299296
2012-09-04,EGX:PHDC,1.822502,1.927936,1.822502,1.897812,12999571.10609481
2012-09-05,EGX:PHDC,1.897812,1.935467,1.845095,1.890281,11445908.90983933
2012-09-06,EGX:PHDC,1.890281,1.988184,1.890281,1.950529,1563587.83694065
2012-09-09,EGX:PHDC,1.950529,2.003246,1.875219,1.935467,1997238.08259195
2012-09-10,EGX:PHDC,1.935467,2.040901,1.867688,1.965591,2246971.1857655
2012-09-11,EGX:PHDC,1.965591,2.161397,1.965591,2.093618,1903526.75607489
2012-09-12,EGX:PHDC,2.093618,2.236707,2.093618,2.153866,2373097.8621697
2012-09-13,EGX:PHDC,2.153866,2.274362,2.086087,2.18399,2650100.91621299
2012-09-16,EGX:PHDC,2.18399,2.402389,2.18399,2.357203,2218722.61319878
2012-09-17,EGX:PHDC,2.357203,2.477699,2.251769,2.372265,3190208.47165051
2012-09-18,EGX:PHDC,2.372265,2.568071,2.2593,2.432513,2558754.48147656
2012-09-19,EGX:PHDC,2.432513,2.575602,2.402389,2.48523,1953177.53286416
2012-09-20,EGX:PHDC,2.48523,2.56054,2.364734,2.455106,2008163.59049263
2012-09-23,EGX:PHDC,2.455106,2.492761,2.364734,2.424982,1464732.4392511
2012-09-24,EGX:PHDC,2.424982,2.462637,2.357203,2.40992,1704486.78794317
2012-09-25,EGX:PHDC,2.40992,2.507823,2.387327,2.455106,2137894.03797636
2012-09-26,EGX:PHDC,2.455106,2.455106,2.274362,2.394858,2174970.12348958
2012-09-27,EGX:PHDC,2.394858,2.424982,2.199052,2.274362,2616935.33395299
2012-09-30,EGX:PHDC,2.274362,2.281893,2.146335,2.206583,2109321.47125216
2012-10-01,EGX:PHDC,2.206583,2.251769,1.988184,2.063494,2693785.68583189
2012-10-02,EGX:PHDC,2.063494,2.093618,1.965591,2.03337,1867672.28787678
2012-10-03,EGX:PHDC,2.03337,2.093618,1.995715,2.055963,1857895.36582127
2012-10-04,EGX:PHDC,2.055963,2.138804,2.010777,2.063494,2274489.44363298
2012-10-08,EGX:PHDC,2.063494,2.078556,1.88275,1.95806,1877421.32518922
2012-10-09,EGX:PHDC,1.95806,2.018308,1.860157,1.950529,2163087.23941044
2012-10-10,EGX:PHDC,1.950529,2.063494,1.950529,2.018308,1787607.2234763
2012-10-11,EGX:PHDC,2.018308,2.048432,1.942998,1.988184,1885653.96361705
2012-10-14,EGX:PHDC,1.988184,2.03337,1.942998,1.980653,11010649.31615987
2012-10-15,EGX:PHDC,1.980653,2.176459,1.920405,1.965591,13133132.38613729
2012-10-16,EGX:PHDC,1.965591,1.988184,1.905343,1.950529,1852910.63603771
2012-10-17,EGX:PHDC,1.950529,2.018308,1.950529,2.003246,1525679.1926703
2012-10-18,EGX:PHDC,2.003246,2.025839,1.965591,1.988184,1528046.74014075
2012-10-21,EGX:PHDC,1.988184,1.995715,1.912874,1.950529,9964241.13663524
2012-10-22,EGX:PHDC,1.950529,1.965591,1.905343,1.927936,8924519.98406586
2012-10-23,EGX:PHDC,1.927936,2.040901,1.897812,1.980653,2291566.8569911
2012-10-24,EGX:PHDC,1.980653,2.138804,1.980653,2.093618,2580246.97915283
2012-10-29,EGX:PHDC,2.093618,2.296955,1.995715,2.161397,1606045.67786483
2012-10-30,EGX:PHDC,2.161397,2.2593,1.950529,2.116211,2659190.01460629
2012-10-31,EGX:PHDC,2.116211,2.131273,2.03337,2.071025,1494044.6155889
2012-11-01,EGX:PHDC,2.071025,2.086087,1.950529,2.010777,1902910.63603771
2012-11-04,EGX:PHDC,2.010777,2.010777,1.830033,1.905343,1446912.76058956
2012-11-05,EGX:PHDC,1.905343,1.973122,1.814971,1.897812,1917847.56340459
2012-11-06,EGX:PHDC,1.897812,1.988184,1.897812,1.942998,1435592.88275129
2012-11-07,EGX:PHDC,1.942998,2.003246,1.890281,1.95806,2160227.06147922
2012-11-08,EGX:PHDC,1.95806,2.003246,1.942998,1.973122,1550731.64254415
2012-11-11,EGX:PHDC,1.973122,1.995715,1.927936,1.965591,10367879.43168238
2012-11-12,EGX:PHDC,1.965591,1.988184,1.927936,1.95806,11757273.93440446
2012-11-13,EGX:PHDC,1.95806,2.010777,1.95806,1.988184,12396155.88899217
2012-11-14,EGX:PHDC,1.988184,2.003246,1.942998,1.965591,1755687.15973974
2012-11-18,EGX:PHDC,1.965591,1.965591,1.814971,1.860157,1390519.18735892
2012-11-19,EGX:PHDC,1.860157,1.897812,1.694475,1.822502,2291762.05019254
2012-11-20,EGX:PHDC,1.822502,1.867688,1.641758,1.784847,2303516.13331563
2012-11-21,EGX:PHDC,1.784847,1.88275,1.739661,1.784847,1747718.76244855
2012-11-22,EGX:PHDC,1.784847,1.95806,1.747192,1.80744,2428054.7072102
2012-11-25,EGX:PHDC,1.80744,1.80744,1.626696,1.634227,2912455.18523436
2012-11-26,EGX:PHDC,1.634227,1.65682,1.476076,1.596572,2091104.76696322
2012-11-27,EGX:PHDC,1.596572,1.619165,1.536324,1.589041,7982480.41428761
2012-11-28,EGX:PHDC,1.589041,1.589041,1.43089,1.461014,2336802.54946222
2012-11-29,EGX:PHDC,1.461014,1.476076,1.35558,1.438421,10760788.73987518
2012-12-02,EGX:PHDC,1.438421,1.58151,1.302863,1.468545,13180082.32638428
2012-12-03,EGX:PHDC,1.468545,1.476076,1.393235,1.43089,8393899.88049396
2012-12-04,EGX:PHDC,1.43089,1.558917,1.423359,1.498669,2424397.82233435
2012-12-05,EGX:PHDC,1.498669,1.58151,1.35558,1.513731,1463396.62727393
2012-12-06,EGX:PHDC,1.513731,1.521262,1.363111,1.461014,1690489.97477095
2012-12-09,EGX:PHDC,1.461014,1.573979,1.461014,1.528793,1491759.39450272
2012-12-10,EGX:PHDC,1.528793,1.528793,1.476076,1.5062,11009561.81118045
2012-12-11,EGX:PHDC,1.5062,1.536324,1.5062,1.521262,9562010.35719028
2012-12-12,EGX:PHDC,1.521262,1.664351,1.521262,1.604103,2397640.41959899
2012-12-13,EGX:PHDC,1.604103,1.762254,1.604103,1.679413,2220205.8159607
2012-12-16,EGX:PHDC,1.679413,1.799909,1.671882,1.754723,3033607.75461426
2012-12-17,EGX:PHDC,1.754723,1.792378,1.717068,1.747192,3219636.17049528
2012-12-18,EGX:PHDC,1.747192,1.912874,1.702006,1.822502,4584696.58743859
2012-12-19,EGX:PHDC,1.822502,1.950529,1.822502,1.905343,3228381.3570575
2012-12-20,EGX:PHDC,1.905343,1.935467,1.860157,1.897812,2023817.55410968
2012-12-23,EGX:PHDC,1.897812,2.018308,1.754723,1.845095,3828122.42730049
2012-12-24,EGX:PHDC,1.845095,1.875219,1.769785,1.830033,1925659.27499668
2012-12-25,EGX:PHDC,1.830033,1.837564,1.739661,1.777316,2751914.75235692
2012-12-26,EGX:PHDC,1.777316,1.830033,1.65682,1.762254,3180901.60669234
2012-12-27,EGX:PHDC,1.762254,1.890281,1.762254,1.852626,2732732.70482008
2012-12-30,EGX:PHDC,1.852626,1.927936,1.822502,1.852626,2232234.76297968
2012-12-31,EGX:PHDC,1.852626,1.867688,1.792378,1.837564,1930873.72194928
2013-01-02,EGX:PHDC,1.837564,1.942998,1.837564,1.912874,2641122.02894702
2013-01-03,EGX:PHDC,1.912874,1.965591,1.905343,1.935467,2976098.79166113
2013-01-06,EGX:PHDC,1.935467,1.995715,1.912874,1.942998,3426891.51507104
2013-01-08,EGX:PHDC,1.942998,2.025839,1.920405,1.988184,3641609.34802815
2013-01-09,EGX:PHDC,1.988184,2.048432,1.980653,2.018308,3293186.82777852
2013-01-10,EGX:PHDC,2.018308,2.018308,1.935467,1.973122,3004703.22666313
2013-01-13,EGX:PHDC,1.973122,1.980653,1.912874,1.942998,2254464.21457974
2013-01-14,EGX:PHDC,1.942998,1.973122,1.88275,1.942998,2205507.9006772
2013-01-15,EGX:PHDC,1.942998,1.942998,1.830033,1.867688,2528060.01858983
2013-01-16,EGX:PHDC,1.867688,1.950529,1.80744,1.905343,3613039.43699376
2013-01-17,EGX:PHDC,1.905343,1.95806,1.860157,1.905343,2304273.00491303
2013-01-20,EGX:PHDC,1.905343,1.935467,1.784847,1.852626,2186451.99840659
2013-01-21,EGX:PHDC,1.852626,1.852626,1.762254,1.792378,1919727.79179392
2013-01-22,EGX:PHDC,1.799909,1.860157,1.799909,1.837564,19901487.18629664
2013-01-23,EGX:PHDC,1.830033,1.875219,1.814971,1.845095,22135865.09095737
2013-01-27,EGX:PHDC,1.664351,1.867688,1.664351,1.814971,16616651.17514274
2013-01-28,EGX:PHDC,1.845095,1.845095,1.777316,1.799909,18906440.04780241
2013-01-29,EGX:PHDC,1.784847,1.784847,1.694475,1.747192,23185513.21205682
2013-01-30,EGX:PHDC,1.694475,1.799909,1.694475,1.769785,15509587.0402337
2013-01-31,EGX:PHDC,1.73213,1.837564,1.73213,1.792378,29575209.13557297
2013-02-03,EGX:PHDC,1.845095,1.905343,1.830033,1.867688,25716385.6061612
2013-02-04,EGX:PHDC,1.867688,1.920405,1.867688,1.890281,29676855.66325853
2013-02-05,EGX:PHDC,1.905343,1.935467,1.88275,1.905343,25054839.99468862
2013-02-06,EGX:PHDC,1.912874,1.920405,1.837564,1.867688,26118483.60111539
2013-02-07,EGX:PHDC,1.860157,1.897812,1.845095,1.875219,14771544.28362767
2013-02-10,EGX:PHDC,1.88275,1.905343,1.852626,1.88275,13975023.23728589
2013-02-11,EGX:PHDC,1.860157,1.875219,1.852626,1.867688,9630508.56459965
2013-02-12,EGX:PHDC,1.867688,1.935467,1.867688,1.912874,26321418.13836144
2013-02-13,EGX:PHDC,1.920405,1.920405,1.867688,1.890281,19523874.65144071
2013-02-14,EGX:PHDC,1.875219,1.897812,1.875219,1.88275,9989859.24843978
2013-02-17,EGX:PHDC,1.897812,1.912874,1.890281,1.897812,11451015.8013544
2013-02-18,EGX:PHDC,1.897812,1.912874,1.860157,1.88275,13284357.98698712
2013-02-19,EGX:PHDC,1.867688,1.875219,1.792378,1.830033,33329146.19572434
2013-02-20,EGX:PHDC,1.649289,1.830033,1.649289,1.784847,14239304.20926836
2013-02-21,EGX:PHDC,1.769785,1.799909,1.762254,1.784847,11804087.10662595
2013-02-24,EGX:PHDC,1.792378,1.792378,1.709537,1.739661,15534006.10808657
2013-02-25,EGX:PHDC,1.73213,1.769785,1.709537,1.747192,17346129.33209401
2013-02-26,EGX:PHDC,1.694475,1.777316,1.694475,1.747192,9983488.24857257
2013-02-27,EGX:PHDC,1.754723,1.762254,1.717068,1.739661,11860062.40871066
2013-02-28,EGX:PHDC,1.73213,1.747192,1.694475,1.717068,19155902.27061479
2013-03-03,EGX:PHDC,1.709537,1.73213,1.694475,1.709537,13118745.18656221
2013-03-04,EGX:PHDC,1.679413,1.694475,1.543855,1.596572,27137139.82206878
2013-03-05,EGX:PHDC,1.58151,1.611634,1.521262,1.573979,14458889.92165715
2013-03-06,EGX:PHDC,1.611634,1.611634,1.543855,1.58151,21125428.22998274
2013-03-07,EGX:PHDC,1.58151,1.619165,1.58151,1.596572,13522427.3004913
2013-03-10,EGX:PHDC,1.754723,1.754723,1.573979,1.619165,15251573.49621564
2013-03-11,EGX:PHDC,1.634227,1.664351,1.626696,1.649289,11006177.13451069
2013-03-12,EGX:PHDC,1.65682,1.679413,1.634227,1.65682,13393227.99097066
2013-03-13,EGX:PHDC,1.641758,1.641758,1.596572,1.619165,10072801.75275528
2013-03-14,EGX:PHDC,1.619165,1.626696,1.596572,1.611634,12703663.52410039
2013-03-17,EGX:PHDC,1.566448,1.702006,1.566448,1.641758,10455634.04594343
2013-03-18,EGX:PHDC,1.634227,1.634227,1.589041,1.611634,11980917.54083123
2013-03-19,EGX:PHDC,1.619165,1.641758,1.611634,1.626696,9785333.95299429
2013-03-20,EGX:PHDC,1.611634,1.619165,1.573979,1.596572,8287365.55570309
2013-03-21,EGX:PHDC,1.596572,1.619165,1.589041,1.604103,18264519.98406586
2013-03-24,EGX:PHDC,1.596572,1.619165,1.58151,1.604103,9861565.52914619
2013-03-25,EGX:PHDC,1.604103,1.611634,1.573979,1.589041,7045850.48466339
2013-03-26,EGX:PHDC,1.573979,1.573979,1.528793,1.543855,29453631.65582259
2013-03-27,EGX:PHDC,1.543855,1.551386,1.521262,1.536324,13583800.29212588
2013-03-28,EGX:PHDC,1.536324,1.551386,1.513731,1.528793,10446794.58239278
2013-03-31,EGX:PHDC,1.521262,1.521262,1.445952,1.483607,13559128.93374054
2013-04-01,EGX:PHDC,1.340518,1.543855,1.340518,1.453483,14622188.28840792
2013-04-02,EGX:PHDC,1.461014,1.476076,1.445952,1.461014,11130669.23383349
2013-04-03,EGX:PHDC,1.445952,1.445952,1.393235,1.415828,15108086.57548798
2013-04-04,EGX:PHDC,1.400766,1.445952,1.385704,1.423359,11633598.45969991
2013-04-07,EGX:PHDC,1.43089,1.445952,1.415828,1.43089,8043403.26649847
2013-04-08,EGX:PHDC,1.43089,1.476076,1.423359,1.453483,12749159.47417342
2013-04-09,EGX:PHDC,1.461014,1.491138,1.461014,1.476076,10867628.46899482
2013-04-10,EGX:PHDC,1.468545,1.551386,1.461014,1.513731,21928668.17155756
2013-04-11,EGX:PHDC,1.536324,1.626696,1.536324,1.604103,26426012.48174213
2013-04-14,EGX:PHDC,1.611634,1.649289,1.604103,1.626696,19863709.99867215
2013-04-15,EGX:PHDC,1.641758,1.649289,1.589041,1.611634,41414008.76377638
2013-04-16,EGX:PHDC,1.604103,1.641758,1.596572,1.619165,22085924.84397822
2013-04-17,EGX:PHDC,1.604103,1.604103,1.566448,1.589041,12930549.72779179
2013-04-18,EGX:PHDC,1.589041,1.671882,1.58151,1.634227,27377254.01673084
2013-04-21,EGX:PHDC,1.634227,1.709537,1.634227,1.671882,22482552.11791262
2013-04-22,EGX:PHDC,1.649289,1.664351,1.626696,1.641758,13940459.43433807
2013-04-23,EGX:PHDC,1.626696,1.664351,1.58151,1.619165,21495020.58159607
2013-04-24,EGX:PHDC,1.5062,1.634227,1.5062,1.611634,22823423.18417209
2013-04-28,EGX:PHDC,1.641758,1.65682,1.619165,1.634227,11712112.60124817
2013-04-29,EGX:PHDC,1.634227,1.641758,1.611634,1.619165,8700998.5393706
2013-04-30,EGX:PHDC,1.619165,1.649289,1.611634,1.626696,14386801.22161732
2013-05-02,EGX:PHDC,1.626696,1.649289,1.619165,1.634227,14273150.97596601
2013-05-07,EGX:PHDC,1.641758,1.739661,1.641758,1.694475,40216677.7320409
2013-05-08,EGX:PHDC,1.717068,1.739661,1.694475,1.717068,15674890.45279511
2013-05-09,EGX:PHDC,1.702006,1.73213,1.694475,1.709537,11411690.34656752
2013-05-12,EGX:PHDC,1.702006,1.717068,1.679413,1.694475,14217992.29849953
2013-05-13,EGX:PHDC,1.686944,1.686944,1.649289,1.664351,20666963.21869606
2013-05-14,EGX:PHDC,1.671882,1.762254,1.65682,1.717068,35892670.29610941
2013-05-15,EGX:PHDC,1.724599,1.814971,1.724599,1.784847,40498074.62488382
2013-05-16,EGX:PHDC,1.784847,1.784847,1.747192,1.762254,20472287.87677599
2013-05-19,EGX:PHDC,1.762254,1.792378,1.762254,1.777316,7238476.96189085
2013-05-20,EGX:PHDC,1.777316,1.777316,1.739661,1.747192,13475554.37524897
2013-05-21,EGX:PHDC,1.73213,1.769785,1.73213,1.754723,8090228.38932413
2013-05-22,EGX:PHDC,1.762254,1.777316,1.739661,1.762254,7082140.48599124
2013-05-23,EGX:PHDC,1.747192,1.747192,1.717068,1.724599,11110553.71132652
2013-05-26,EGX:PHDC,1.724599,1.724599,1.671882,1.686944,9800415.61545611
2013-05-27,EGX:PHDC,1.671882,1.709537,1.649289,1.679413,11004104.36860974
2013-05-28,EGX:PHDC,1.702006,1.709537,1.679413,1.694475,7775596.86628602
2013-05-29,EGX:PHDC,1.679413,1.679413,1.626696,1.649289,16157774.53193467
2013-05-30,EGX:PHDC,1.641758,1.702006,1.634227,1.671882,42802190.94409774
2013-06-02,EGX:PHDC,1.679413,1.686944,1.641758,1.65682,11614114.99136901
2013-06-03,EGX:PHDC,1.65682,1.664351,1.58151,1.619165,13605776.12534855
2013-06-04,EGX:PHDC,1.573979,1.604103,1.536324,1.558917,15789350.68384013
2013-06-05,EGX:PHDC,1.543855,1.566448,1.43089,1.483607,18954680.6532997
2013-06-06,EGX:PHDC,1.468545,1.491138,1.43089,1.468545,12842877.43991502
2013-06-09,EGX:PHDC,1.476076,1.491138,1.340518,1.415828,14568476.96189085
2013-06-10,EGX:PHDC,1.35558,1.378173,1.287801,1.317925,14768437.12654362
2013-06-11,EGX:PHDC,1.340518,1.370642,1.310394,1.340518,9845584.91568185
2013-06-12,EGX:PHDC,1.332987,1.332987,1.212491,1.227553,16210516.5316691
2013-06-13,EGX:PHDC,1.189898,1.242615,1.152243,1.212491,12401152.5693799
2013-06-16,EGX:PHDC,1.242615,1.242615,1.167305,1.197429,10357813.03943699
2013-06-17,EGX:PHDC,1.197429,1.220022,1.159774,1.220022,22198990.83787014
2013-06-18,EGX:PHDC,1.212491,1.235084,1.182367,1.20496,7956197.0521843
2013-06-19,EGX:PHDC,1.20496,1.20496,1.167305,1.174836,8607315.0975966
2013-06-20,EGX:PHDC,1.174836,1.189898,1.152243,1.174836,17140007.96706945
2013-06-23,EGX:PHDC,1.167305,1.174836,1.107057,1.12965,9474881.15788076
2013-06-24,EGX:PHDC,1.099526,1.182367,1.099526,1.144712,11162337.00703757
2013-06-25,EGX:PHDC,1.174836,1.220022,1.159774,1.197429,12219490.10755544
2013-06-26,EGX:PHDC,1.20496,1.227553,1.174836,1.182367,12468575.22241402
2013-06-27,EGX:PHDC,1.197429,1.235084,1.174836,1.220022,11792495.0205816
2013-06-30,EGX:PHDC,1.212491,1.227553,1.189898,1.212491,11553368.74253087
2013-07-02,EGX:PHDC,1.332987,1.332987,1.212491,1.325456,26926968.53007569
2013-07-03,EGX:PHDC,1.197429,1.445952,1.197429,1.378173,32891528.34948878
2013-07-04,EGX:PHDC,1.453483,1.513731,1.453483,1.513731,749022.70614792
2013-07-07,EGX:PHDC,1.664351,1.664351,1.5062,1.649289,49679298.89788873
2013-07-08,EGX:PHDC,1.671882,1.679413,1.573979,1.619165,30931921.39158146
2013-07-09,EGX:PHDC,1.634227,1.777316,1.634227,1.747192,30830420.92683574
2013-07-10,EGX:PHDC,1.845095,1.912874,1.747192,1.830033,41801938.65356526
2013-07-11,EGX:PHDC,1.649289,2.010777,1.649289,1.852626,33081689.01872261
2013-07-14,EGX:PHDC,1.860157,1.860157,1.784847,1.822502,23848001.59341389
2013-07-15,EGX:PHDC,1.73213,1.822502,1.73213,1.792378,27801314.56645863
2013-07-16,EGX:PHDC,1.837564,1.875219,1.80744,1.852626,25349077.14778914
2013-07-17,EGX:PHDC,1.860157,1.912874,1.799909,1.845095,33971942.63709998
2013-07-18,EGX:PHDC,1.88275,1.88275,1.784847,1.822502,13523635.63935732
2013-07-21,EGX:PHDC,1.822502,1.88275,1.822502,1.860157,20424033.99282963
2013-07-22,EGX:PHDC,1.860157,1.890281,1.845095,1.867688,38439131.58943034
2013-07-24,EGX:PHDC,1.830033,1.852626,1.702006,1.784847,27730301.42079405
2013-07-25,EGX:PHDC,1.709537,1.822502,1.709537,1.784847,19020010.62275926
2013-07-28,EGX:PHDC,1.724599,1.845095,1.724599,1.814971,15001619.97078741
2013-07-29,EGX:PHDC,1.814971,1.837564,1.792378,1.80744,11545920.8604435
2013-07-30,EGX:PHDC,1.80744,1.822502,1.784847,1.799909,11097461.16053645
2013-07-31,EGX:PHDC,1.784847,1.799909,1.754723,1.777316,17547191.60802018
2013-08-01,EGX:PHDC,1.769785,1.799909,1.769785,1.792378,8528499.53525428
2013-08-04,EGX:PHDC,1.965591,1.965591,1.792378,1.845095,32119957.50896295
2013-08-05,EGX:PHDC,1.845095,1.912874,1.845095,1.890281,28237976.36436064
2013-08-06,EGX:PHDC,1.867688,1.890281,1.845095,1.875219,12057680.25494622
2013-08-07,EGX:PHDC,1.860157,1.88275,1.80744,1.845095,23059314.83202762
2013-08-12,EGX:PHDC,1.822502,1.837564,1.799909,1.822502,14952874.7842252
2013-08-13,EGX:PHDC,1.845095,1.860157,1.822502,1.837564,15756167.83959633
2013-08-14,EGX:PHDC,1.830033,1.837564,1.754723,1.799909,19594144.20395698
2013-08-18,EGX:PHDC,1.784847,1.784847,1.717068,1.747192,13329278.98021511
2013-08-19,EGX:PHDC,1.724599,1.777316,1.724599,1.762254,24354919.66538308
2013-08-20,EGX:PHDC,1.792378,1.845095,1.792378,1.80744,15428548.66551587
2013-08-21,EGX:PHDC,1.822502,1.822502,1.777316,1.792378,13362820.34258398
2013-08-22,EGX:PHDC,1.792378,1.837564,1.792378,1.814971,12196429.42504315
2013-08-25,EGX:PHDC,1.830033,1.852626,1.822502,1.830033,10358374.71783296
2013-08-26,EGX:PHDC,1.830033,1.830033,1.792378,1.80744,12137389.45691143
2013-08-27,EGX:PHDC,1.784847,1.792378,1.709537,1.747192,21159274.99668038
2013-08-28,EGX:PHDC,1.58151,1.739661,1.58151,1.671882,23253817.55410968
2013-08-29,EGX:PHDC,1.837564,1.837564,1.649289,1.702006,13316491.83375382
2013-09-01,EGX:PHDC,1.702006,1.754723,1.686944,1.724599,20747390.78475634
2013-09-02,EGX:PHDC,1.671882,1.724599,1.641758,1.671882,14209387.86349754
2013-09-03,EGX:PHDC,1.679413,1.694475,1.604103,1.641758,16262900.01327845
2013-09-04,EGX:PHDC,1.573979,1.671882,1.573979,1.611634,14902456.51307927
2013-09-05,EGX:PHDC,1.58151,1.65682,1.58151,1.596572,10787868.80892312
2013-09-08,EGX:PHDC,1.604103,1.634227,1.58151,1.611634,9535408.31230912
2013-09-09,EGX:PHDC,1.604103,1.664351,1.596572,1.634227,17039171.42477759
2013-09-10,EGX:PHDC,1.65682,1.747192,1.65682,1.717068,30730620.1035719
2013-09-11,EGX:PHDC,1.686944,1.747192,1.686944,1.724599,49206161.20037178
2013-09-12,EGX:PHDC,1.717068,1.739661,1.686944,1.717068,13407011.02111274
2013-09-15,EGX:PHDC,1.58151,1.769785,1.58151,1.747192,24726331.16451998
2013-09-16,EGX:PHDC,1.762254,1.784847,1.73213,1.754723,14125507.9006772
2013-09-17,EGX:PHDC,1.747192,1.769785,1.717068,1.739661,14717341.65449475
2013-09-18,EGX:PHDC,1.739661,1.762254,1.709537,1.73213,11539954.85327314
2013-09-19,EGX:PHDC,1.905343,1.905343,1.694475,1.754723,16683123.09122294
2013-09-22,EGX:PHDC,1.784847,1.814971,1.769785,1.792378,16757296.50776789
2013-09-23,EGX:PHDC,1.777316,1.837564,1.762254,1.792378,19971464.61293321
2013-09-24,EGX:PHDC,1.792378,1.830033,1.784847,1.80744,14061532.3330235
2013-09-25,EGX:PHDC,1.799909,1.814971,1.784847,1.799909,10742213.51746116
2013-09-26,EGX:PHDC,1.80744,1.852626,1.799909,1.830033,26740658.61107423
2013-09-29,EGX:PHDC,1.852626,1.860157,1.777316,1.80744,14664891.78064002
2013-09-30,EGX:PHDC,1.814971,1.814971,1.747192,1.769785,21037020.31602709
2013-10-01,EGX:PHDC,1.792378,1.80744,1.762254,1.792378,14183933.07661665
2013-10-02,EGX:PHDC,1.784847,1.792378,1.754723,1.769785,8774431.01845704
2013-10-03,EGX:PHDC,1.762254,1.822502,1.762254,1.799909,13361744.78820874
2013-10-07,EGX:PHDC,1.799909,1.837564,1.784847,1.814971,10850107.55543753
2013-10-08,EGX:PHDC,1.799909,1.80744,1.777316,1.799909,7547092.0196521
2013-10-09,EGX:PHDC,1.792378,1.822502,1.777316,1.80744,11305343.24790864
2013-10-10,EGX:PHDC,1.80744,1.845095,1.799909,1.822502,20985566.32585314
2013-10-13,EGX:PHDC,1.830033,1.837564,1.80744,1.822502,14107980.34789537
2013-10-20,EGX:PHDC,1.837564,1.852626,1.80744,1.822502,16598074.62488382
2013-10-21,EGX:PHDC,1.814971,1.927936,1.799909,1.875219,62023330.23502854
2013-10-22,EGX:PHDC,1.897812,1.988184,1.897812,1.95806,52710596.20236355
2013-10-23,EGX:PHDC,1.905343,1.988184,1.905343,1.95806,33923768.42384809
2013-10-24,EGX:PHDC,1.942998,2.040901,1.942998,1.995715,37900809.9853937
2013-10-27,EGX:PHDC,2.063494,2.086087,2.003246,2.048432,26998034.78953659
2013-10-28,EGX:PHDC,2.025839,2.025839,1.897812,1.942998,27915243.65954057
2013-10-29,EGX:PHDC,1.75510993,2.01600464,1.75510993,1.97647514,13018466.28507115
2013-10-30,EGX:PHDC,1.98438104,2.02391055,1.96066334,1.99228694,13333281.77997085
2013-10-31,EGX:PHDC,1.98438104,2.00019284,1.95275744,1.96856924,8923350.2738353
2013-11-03,EGX:PHDC,1.95275744,1.97647514,1.94485154,1.95275744,7175498.79495212
2013-11-04,EGX:PHDC,1.94485154,2.00019284,1.93694564,1.96856924,13132343.25484021
2013-11-06,EGX:PHDC,1.97647514,2.03181645,1.97647514,2.00809874,24626467.06987047
2013-11-07,EGX:PHDC,2.07925185,2.07925185,2.00019284,2.02391055,15626948.37033758
2013-11-10,EGX:PHDC,2.01600464,2.03181645,1.98438104,2.00809874,14553674.05745922
2013-11-11,EGX:PHDC,1.81835713,2.00809874,1.81835713,1.98438104,13969894.8965405
2013-11-12,EGX:PHDC,1.81835713,2.02391055,1.81835713,1.98438104,7738317.66190168
2013-11-13,EGX:PHDC,1.96856924,1.98438104,1.93694564,1.96066334,13441226.47174128
2013-11-14,EGX:PHDC,1.98438104,1.98438104,1.93694564,1.95275744,5032662.58623719
2013-11-17,EGX:PHDC,1.97647514,1.98438104,1.94485154,1.96856924,5555983.10669138
2013-11-18,EGX:PHDC,1.96066334,1.99228694,1.95275744,1.97647514,8853249.46808643
2013-11-19,EGX:PHDC,1.96856924,2.13459315,1.96066334,2.04762825,49057459.88773481
2013-11-20,EGX:PHDC,2.03972235,2.18202856,2.03972235,2.14249905,30927115.49953514
2013-11-21,EGX:PHDC,2.07134595,2.15831086,2.07134595,2.12668725,34805294.80821461
2013-11-24,EGX:PHDC,2.13459315,2.14249905,2.07925185,2.11087545,12560552.60796648
2013-11-25,EGX:PHDC,2.15831086,2.15831086,2.02391055,2.05553415,22917085.59163769
2013-11-26,EGX:PHDC,2.03972235,2.06344005,2.03181645,2.04762825,17723635.50383288
2013-11-27,EGX:PHDC,2.04762825,2.05553415,1.96066334,2.00809874,15641127.65314455
2013-11-28,EGX:PHDC,1.98438104,2.00809874,1.95275744,1.98438104,14214522.30910671
2013-12-01,EGX:PHDC,1.97647514,2.08715775,1.97647514,2.04762825,24297813.80923408
2013-12-02,EGX:PHDC,2.24527576,2.24527576,2.01600464,2.08715775,35388593.31547885
2013-12-03,EGX:PHDC,2.07134595,2.07134595,2.01600464,2.03181645,10307221.71335635
2013-12-04,EGX:PHDC,2.03972235,2.05553415,2.01600464,2.03181645,8728007.56914516
2013-12-05,EGX:PHDC,1.99228694,2.04762825,1.99228694,2.02391055,9330952.16209698
2013-12-08,EGX:PHDC,2.02391055,2.07925185,2.00019284,2.03972235,19038514.17076641
2013-12-09,EGX:PHDC,2.02391055,2.03972235,1.96856924,2.00019284,14350724.37624802
2013-12-10,EGX:PHDC,1.99228694,2.01600464,1.97647514,2.00019284,7726117.91322433
2013-12-11,EGX:PHDC,2.00019284,2.00809874,1.98438104,2.00019284,5771328.59267584
2013-12-12,EGX:PHDC,2.01600464,2.07134595,2.01600464,2.04762825,20375199.33507658
2013-12-15,EGX:PHDC,2.06344005,2.09506365,2.03181645,2.06344005,15513210.53715272
2013-12-16,EGX:PHDC,2.07134595,2.07134595,2.02391055,2.03972235,5352392.13231486
2013-12-17,EGX:PHDC,2.05553415,2.11087545,2.04762825,2.07925185,18264687.08462499
2013-12-18,EGX:PHDC,2.07134595,2.11087545,2.06344005,2.08715775,18057044.70589248
2013-12-19,EGX:PHDC,2.07134595,2.12668725,2.07134595,2.11087545,23823977.84738596
2013-12-22,EGX:PHDC,2.11878135,2.18993446,2.10296955,2.14249905,30376792.36272385
2013-12-23,EGX:PHDC,2.11087545,2.14249905,2.10296955,2.11878135,13536686.81727577
2013-12-24,EGX:PHDC,2.11878135,2.12668725,2.08715775,2.11087545,10582278.29688483
2013-12-25,EGX:PHDC,2.11087545,2.16621676,2.11087545,2.15040495,18853766.08452329
2013-12-26,EGX:PHDC,2.16621676,2.16621676,2.11878135,2.12668725,11216609.57347377
2013-12-29,EGX:PHDC,2.11087545,2.13459315,2.07134595,2.09506365,8890199.08533506
2013-12-30,EGX:PHDC,2.07925185,2.11087545,2.07925185,2.09506365,4671789.08733659
2013-12-31,EGX:PHDC,2.11087545,2.11087545,2.05553415,2.07134595,11522257.23235341
2014-01-02,EGX:PHDC,2.07925185,2.10296955,2.07925185,2.09506365,5778542.19212706
2014-01-05,EGX:PHDC,2.10296955,2.11878135,2.07925185,2.10296955,15487634.70322258
2014-01-06,EGX:PHDC,2.10296955,2.11878135,2.05553415,2.07925185,13294867.43395412
2014-01-08,EGX:PHDC,2.08715775,2.15040495,2.06344005,2.11878135,17473050.51570728
2014-01-09,EGX:PHDC,2.11878135,2.26108756,2.11878135,2.17412266,35541820.64101282
2014-01-12,EGX:PHDC,2.22946396,2.28480526,2.19784036,2.24527576,29179623.24601478
2014-01-14,EGX:PHDC,2.26899346,2.34014657,2.24527576,2.29271116,44733044.25599833
2014-01-15,EGX:PHDC,2.26108756,2.30061707,2.22946396,2.26108756,25137920.50457131
2014-01-16,EGX:PHDC,2.26899346,2.26899346,2.19784036,2.22946396,12022204.07154177
2014-01-19,EGX:PHDC,2.21365216,2.22946396,2.13459315,2.17412266,10731736.2858653
2014-01-20,EGX:PHDC,2.16621676,2.19784036,2.13459315,2.16621676,9892786.95393291
2014-01-21,EGX:PHDC,2.18202856,2.21365216,2.15040495,2.18202856,15387937.01626049
2014-01-22,EGX:PHDC,2.21365216,2.28480526,2.20574626,2.24527576,19604129.6830582
2014-01-23,EGX:PHDC,2.35595837,2.35595837,2.22946396,2.26108756,17601865.69510615
2014-01-26,EGX:PHDC,2.26108756,2.27689936,2.20574626,2.23736986,17571394.78316862
2014-01-27,EGX:PHDC,2.24527576,2.32433477,2.22155806,2.27689936,14906043.78130975
2014-01-28,EGX:PHDC,2.31642887,2.37177017,2.30061707,2.34014657,48075180.9009165
2014-01-29,EGX:PHDC,2.35595837,2.43501738,2.32433477,2.39548787,68742035.81401539
2014-01-30,EGX:PHDC,2.41129967,2.49826458,2.41129967,2.45873508,41670255.92579184
2014-02-02,EGX:PHDC,2.45873508,2.50617048,2.41129967,2.46664098,22481094.78068916
2014-02-03,EGX:PHDC,2.45082918,2.45873508,2.40339377,2.42711147,16499537.13369291
2014-02-04,EGX:PHDC,2.42711147,2.43501738,2.34014657,2.37967607,13308819.03871423
2014-02-05,EGX:PHDC,2.37177017,2.43501738,2.37177017,2.41129967,13223237.3906572
2014-02-06,EGX:PHDC,2.45873508,2.50617048,2.42711147,2.47454688,21953235.8778343
2014-02-09,EGX:PHDC,2.49035868,2.55360588,2.45082918,2.51407638,26252809.30490276
2014-02-10,EGX:PHDC,2.52988818,2.56151178,2.49035868,2.52988818,14426819.43901938
2014-02-11,EGX:PHDC,2.52198228,2.56151178,2.48245278,2.54569998,15413639.33799444
2014-02-12,EGX:PHDC,2.54569998,2.56151178,2.47454688,2.51407638,17712137.76246666
2014-02-13,EGX:PHDC,2.48245278,2.49826458,2.44292328,2.46664098,21523657.99853889
2014-02-16,EGX:PHDC,2.48245278,2.49826458,2.38758197,2.43501738,13905234.33123345
2014-02-17,EGX:PHDC,2.33224067,2.55360588,2.33224067,2.46664098,57134730.71213702
2014-02-18,EGX:PHDC,2.52198228,2.56941768,2.49035868,2.53779408,27468572.12877173
2014-02-19,EGX:PHDC,2.51407638,2.60104129,2.49826458,2.55360588,31596387.76704823
2014-02-20,EGX:PHDC,2.56151178,2.68010029,2.56151178,2.63266489,29286556.03535473
2014-02-23,EGX:PHDC,2.64847669,2.69591209,2.61685309,2.66428849,27309678.14962713
2014-02-24,EGX:PHDC,2.64847669,2.7433475,2.60104129,2.67219439,23285987.27144604
2014-02-25,EGX:PHDC,2.68800619,2.7354416,2.61685309,2.67219439,21189540.46477796
2014-02-26,EGX:PHDC,2.55360588,2.7196298,2.55360588,2.66428849,24814655.62437718
2014-02-27,EGX:PHDC,2.68800619,2.7512534,2.68800619,2.71172389,19216166.29121586
2014-03-02,EGX:PHDC,2.67219439,2.7512534,2.61685309,2.68010029,22000352.58475309
2014-03-03,EGX:PHDC,2.66428849,2.67219439,2.53779408,2.59313539,20319873.56969062
2014-03-04,EGX:PHDC,2.58522949,2.71172389,2.58522949,2.65638259,17553054.05161634
2014-03-05,EGX:PHDC,2.7196298,2.7591593,2.68800619,2.7354416,30266128.18317154
2014-03-06,EGX:PHDC,2.7275357,2.7354416,2.68800619,2.71172389,10762088.29926725
2014-03-09,EGX:PHDC,2.70381799,2.7275357,2.64847669,2.68800619,11536296.11369814
2014-03-10,EGX:PHDC,2.68010029,2.7354416,2.64057079,2.70381799,10850074.48047469
2014-03-11,EGX:PHDC,2.7196298,2.86984191,2.7196298,2.7986888,35067921.43526282
2014-03-12,EGX:PHDC,2.8382183,2.95680681,2.8303124,2.91727731,39004032.1580867
2014-03-13,EGX:PHDC,2.94890091,3.04377172,2.91727731,2.99633632,30334912.25088276
2014-03-16,EGX:PHDC,3.03586582,3.09911302,2.96471271,3.02795992,35267392.70186927
2014-03-17,EGX:PHDC,3.00424222,3.09120712,3.00424222,3.04377172,11838475.47699735
2014-03-18,EGX:PHDC,3.08330122,3.22560743,3.08330122,3.16236023,34439264.40155274
2014-03-19,EGX:PHDC,3.22560743,3.24932513,3.13864253,3.18607793,24951350.99395334
2014-03-20,EGX:PHDC,3.16236023,3.26513693,3.15445433,3.23351333,28897618.68742309
2014-03-23,EGX:PHDC,3.26513693,3.29676054,3.19398383,3.25723103,16781971.75081756
2014-03-24,EGX:PHDC,3.21770153,3.30466644,3.21770153,3.26513693,11631331.46021185
2014-03-25,EGX:PHDC,3.27304284,3.38372544,3.27304284,3.33629004,19155173.87221927
2014-03-26,EGX:PHDC,3.33629004,3.38372544,3.28094874,3.33629004,10333445.16484198
2014-03-27,EGX:PHDC,3.33629004,3.38372544,3.02005402,3.17026613,44135060.51471186
2014-03-30,EGX:PHDC,3.08330122,3.16236023,3.04377172,3.10701892,13669296.63078891
2014-03-31,EGX:PHDC,3.12283072,3.14654843,2.7986888,2.90937141,22510553.79019622
2014-04-01,EGX:PHDC,2.91727731,3.02795992,2.86984191,2.97261861,10714755.29820396
2014-04-02,EGX:PHDC,3.00424222,3.08330122,2.89355961,2.97261861,21711441.79207343
2014-04-03,EGX:PHDC,2.92518321,2.93308911,2.7275357,2.8065947,16568030.27945538
2014-04-06,EGX:PHDC,2.87774781,2.91727731,2.56151178,2.7354416,18974043.33716507
2014-04-07,EGX:PHDC,2.64847669,2.7512534,2.58522949,2.68800619,19089703.78496783
2014-04-08,EGX:PHDC,2.7512534,2.8224065,2.70381799,2.7670652,12123298.18385791
2014-04-09,EGX:PHDC,2.7275357,2.86984191,2.69591209,2.8065947,10959170.21125977
2014-04-10,EGX:PHDC,2.86984191,3.01214812,2.8065947,2.93308911,20541341.06537943
2014-04-13,EGX:PHDC,2.96471271,2.99633632,2.8224065,2.89355961,10164467.57797774
2014-04-14,EGX:PHDC,2.8461242,2.96471271,2.8382183,2.90146551,8756459.73573391
2014-04-15,EGX:PHDC,2.90937141,3.05167762,2.88565371,3.01214812,18915378.29375856
2014-04-16,EGX:PHDC,3.04377172,3.08330122,3.00424222,3.04377172,15145700.22318627
2014-04-17,EGX:PHDC,3.03586582,3.21770153,2.99633632,3.13864253,17389087.91153901
2014-04-22,EGX:PHDC,3.22560743,3.31257234,3.20188973,3.24141923,12689522.102486
2014-04-23,EGX:PHDC,3.24932513,3.32838414,3.21770153,3.27304284,22310867.4943233
2014-04-27,EGX:PHDC,3.23351333,3.29676054,3.17817203,3.23351333,9672908.14505994
2014-04-28,EGX:PHDC,3.20188973,3.22560743,3.02005402,3.13073663,25638685.71985032
2014-04-29,EGX:PHDC,3.04377172,3.19398383,3.04377172,3.13864253,16710442.89776369
2014-04-30,EGX:PHDC,3.14654843,3.28885464,3.14654843,3.23351333,25030342.62743194
2014-05-04,EGX:PHDC,3.21770153,3.34419594,3.21770153,3.31257234,15459845.33272578
2014-05-05,EGX:PHDC,3.28094874,3.33629004,3.26513693,3.30466644,11158256.95494266
2014-05-06,EGX:PHDC,3.32838414,3.45487855,3.29676054,3.36791364,61101767.70299217
2014-05-07,EGX:PHDC,3.39953724,3.44697265,3.29676054,3.37581954,22960508.85468524
2014-05-08,EGX:PHDC,3.36000774,3.37581954,3.29676054,3.33629004,29067175.58842876
2014-05-11,EGX:PHDC,3.39953724,3.39953724,3.30466644,3.34419594,10332702.68143362
2014-05-12,EGX:PHDC,3.32838414,3.37581954,3.32047824,3.34419594,8969329.85539784
2014-05-13,EGX:PHDC,3.35210184,3.43116085,3.35210184,3.40744314,15628213.24837567
2014-05-14,EGX:PHDC,3.43116085,3.57346706,3.42325495,3.50231395,27120907.75122288
2014-05-15,EGX:PHDC,3.50231395,3.59718476,3.50231395,3.57346706,22356934.35247045
2014-05-18,EGX:PHDC,3.58927886,3.65252606,3.47859625,3.54184345,13561377.23657924
2014-05-19,EGX:PHDC,3.54184345,3.68414966,3.51021985,3.59718476,30777037.72031602
2014-05-20,EGX:PHDC,3.67624376,3.69205557,3.55765526,3.62880836,21498145.40851066
2014-05-21,EGX:PHDC,3.58927886,3.67624376,3.57346706,3.62880836,16514918.05063606
2014-05-22,EGX:PHDC,3.66833786,3.69205557,3.61299656,3.65252606,14671788.36865587
2014-05-25,EGX:PHDC,3.63671426,3.72367917,3.62090246,3.67624376,14567638.31099971
2014-05-26,EGX:PHDC,3.68414966,3.73949097,3.54184345,3.65252606,40028975.48112972
2014-05-28,EGX:PHDC,3.59718476,3.59718476,3.50231395,3.54974936,25275083.87902156
2014-05-29,EGX:PHDC,3.58137296,3.61299656,3.20979563,3.43906675,35433660.91997593
2014-06-01,EGX:PHDC,3.29676054,3.34419594,3.12283072,3.21770153,18722661.47587548
2014-06-02,EGX:PHDC,3.33629004,3.37581954,3.19398383,3.27304284,18978065.64932619
2014-06-03,EGX:PHDC,3.28885464,3.36000774,3.16236023,3.25723103,17948897.63363595
2014-06-04,EGX:PHDC,3.24141923,3.48650215,3.18607793,3.38372544,29487684.29219109
2014-06-05,EGX:PHDC,3.43906675,3.60509066,3.43906675,3.55765526,24686675.26448344
2014-06-09,EGX:PHDC,3.55765526,3.60509066,3.48650215,3.54184345,25404847.716949
2014-06-10,EGX:PHDC,3.50231395,3.53393755,3.46278445,3.49440805,17815781.86890758
2014-06-11,EGX:PHDC,3.49440805,3.59718476,3.48650215,3.55765526,21486027.87690577
2014-06-12,EGX:PHDC,3.59718476,3.65252606,3.51021985,3.58927886,16540923.94309915
2014-06-15,EGX:PHDC,3.53393755,3.55765526,3.47859625,3.50231395,12538871.33351562
2014-06-16,EGX:PHDC,3.51812575,3.52603165,3.38372544,3.43906675,11985382.206975
2014-06-17,EGX:PHDC,3.42325495,3.47859625,3.23351333,3.36791364,19264965.2859253
2014-06-18,EGX:PHDC,3.36000774,3.43116085,3.27304284,3.36791364,13320430.61910388
2014-06-19,EGX:PHDC,3.23351333,3.39163134,3.23351333,3.35210184,5903947.26033525
2014-06-22,EGX:PHDC,3.39953724,3.43906675,3.27304284,3.32047824,8487948.89605253
2014-06-23,EGX:PHDC,3.32047824,3.38372544,3.27304284,3.32838414,8367012.6419529
2014-06-24,EGX:PHDC,3.31257234,3.32047824,3.12283072,3.21770153,22002490.22863745
2014-06-25,EGX:PHDC,3.12283072,3.17817203,3.05167762,3.11492482,16733084.21464547
2014-06-26,EGX:PHDC,3.08330122,3.20188973,3.08330122,3.13864253,12331526.20112206
2014-06-29,EGX:PHDC,3.12283072,3.13864253,3.05167762,3.09911302,2233846.71331144
2014-06-30,EGX:PHDC,3.12283072,3.19398383,3.12283072,3.15445433,7148249.52737759
2014-07-02,EGX:PHDC,3.17817203,3.24932513,3.05167762,3.14654843,19772687.33041379
2014-07-03,EGX:PHDC,3.25723103,3.29676054,3.18607793,3.23351333,11856649.24464859
2014-07-06,EGX:PHDC,3.18607793,3.26513693,3.14654843,3.22560743,10464045.0871526
2014-07-07,EGX:PHDC,3.23351333,3.30466644,3.20188973,3.25723103,11754543.22990199
2014-07-08,EGX:PHDC,3.24141923,3.32838414,3.24141923,3.29676054,17474138.31082003
2014-07-09,EGX:PHDC,3.31257234,3.39163134,3.30466644,3.33629004,16965872.36877517
2014-07-10,EGX:PHDC,3.32047824,3.34419594,3.24932513,3.29676054,15450067.82549137
2014-07-13,EGX:PHDC,3.24932513,3.28094874,3.23351333,3.24932513,5535202.42540363
2014-07-14,EGX:PHDC,3.24932513,3.31257234,3.24932513,3.28885464,5439558.67255361
2014-07-15,EGX:PHDC,3.31257234,3.37581954,3.30466644,3.34419594,16571015.39162526
2014-07-16,EGX:PHDC,3.36000774,3.38372544,3.28885464,3.33629004,12472429.81993094
2014-07-17,EGX:PHDC,3.29676054,3.36000774,3.29676054,3.34419594,8851086.5266413
2014-07-20,EGX:PHDC,3.33629004,3.33629004,3.20979563,3.27304284,9861283.90151629
2014-07-21,EGX:PHDC,3.27304284,3.27304284,3.20188973,3.22560743,11445023.77934776
2014-07-22,EGX:PHDC,3.22560743,3.28094874,3.21770153,3.24141923,7835244.00108232
2014-07-24,EGX:PHDC,3.28094874,3.33629004,3.25723103,3.31257234,16521735.74326136
2014-07-27,EGX:PHDC,3.29676054,3.33629004,3.28094874,3.29676054,3535235.45596876
2014-07-31,EGX:PHDC,3.31257234,3.35210184,3.28885464,3.31257234,12238892.85800269
2014-08-03,EGX:PHDC,3.32047824,3.32838414,3.23351333,3.28094874,14746454.1192442
2014-08-04,EGX:PHDC,3.27304284,3.32838414,3.26513693,3.29676054,8717324.40923547
2014-08-05,EGX:PHDC,3.30466644,3.37581954,3.28885464,3.33629004,22348307.88425069
2014-08-06,EGX:PHDC,3.31257234,3.37581954,3.28885464,3.33629004,15107273.22838916
2014-08-07,EGX:PHDC,3.38372544,3.43906675,3.34419594,3.40744314,20908737.54032245
2014-08-10,EGX:PHDC,3.38372544,3.41534905,3.34419594,3.38372544,7469868.80124417
2014-08-11,EGX:PHDC,3.38372544,3.42325495,3.36791364,3.39953724,8893934.27018153
2014-08-12,EGX:PHDC,3.38372544,3.47859625,3.33629004,3.42325495,25457934.64820756
2014-08-13,EGX:PHDC,3.48650215,3.60509066,3.46278445,3.53393755,37252884.40703626
2014-08-14,EGX:PHDC,3.50231395,3.56556116,3.50231395,3.52603165,15646111.27261461
2014-08-17,EGX:PHDC,3.52603165,3.54974936,3.44697265,3.49440805,9918625.88249497
2014-08-18,EGX:PHDC,3.46278445,3.49440805,3.39953724,3.44697265,12002579.48878084
2014-08-19,EGX:PHDC,3.41534905,3.54184345,3.41534905,3.49440805,30950427.20177711
2014-08-20,EGX:PHDC,3.51021985,3.58927886,3.43906675,3.53393755,24859837.06789768
2014-08-21,EGX:PHDC,3.47859625,3.49440805,3.43906675,3.46278445,7573042.37305492
2014-08-24,EGX:PHDC,3.47069035,3.54974936,3.46278445,3.51021985,11396949.55975415
2014-08-25,EGX:PHDC,3.52603165,3.54974936,3.39953724,3.46278445,17428564.75510773
2014-08-26,EGX:PHDC,3.43906675,3.47069035,3.39953724,3.43906675,8730662.5481471
2014-08-27,EGX:PHDC,3.47069035,3.48650215,3.41534905,3.44697265,7637920.49738453
2014-08-28,EGX:PHDC,3.43906675,3.47859625,3.42325495,3.44697265,5504248.33005554
2014-08-31,EGX:PHDC,3.45487855,3.48650215,3.40744314,3.44697265,8483405.45413972
2014-09-01,EGX:PHDC,3.45487855,3.47069035,3.42325495,3.44697265,4734156.42876059
2014-09-02,EGX:PHDC,3.45487855,3.57346706,3.45487855,3.51812575,27623102.27868493
2014-09-03,EGX:PHDC,3.52603165,3.56556116,3.50231395,3.53393755,8827137.32586814
2014-09-04,EGX:PHDC,3.53393755,3.59718476,3.49440805,3.54974936,13549297.6513155
2014-09-07,EGX:PHDC,3.55765526,3.65252606,3.55765526,3.61299656,16245802.59925248
2014-09-08,EGX:PHDC,3.62090246,3.66833786,3.51812575,3.60509066,16508581.01166524
2014-09-09,EGX:PHDC,3.53393755,3.59718476,3.48650215,3.54974936,9229789.74636679
2014-09-10,EGX:PHDC,3.57346706,3.58927886,3.41534905,3.50231395,19448650.87461642
2014-09-11,EGX:PHDC,3.47069035,3.47069035,3.28094874,3.37581954,23922360.06118844
2014-09-14,EGX:PHDC,3.43116085,3.47859625,3.36000774,3.42325495,6899103.97045934
2014-09-15,EGX:PHDC,3.36000774,3.44697265,3.34419594,3.42325495,6744604.17761905
2014-09-16,EGX:PHDC,3.45487855,3.48650215,3.36791364,3.43116085,9562412.19428669
2014-09-17,EGX:PHDC,3.39953724,3.52603165,3.36000774,3.46278445,11365204.91563226
2014-09-18,EGX:PHDC,3.51812575,3.55765526,3.47859625,3.52603165,16720688.4098722
2014-09-21,EGX:PHDC,3.53393755,3.54974936,3.46278445,3.50231395,7253947.79575237
2014-09-22,EGX:PHDC,3.49440805,3.52603165,3.43906675,3.48650215,9336351.92644158
2014-09-23,EGX:PHDC,3.45487855,3.52603165,3.45487855,3.49440805,7288793.92082366
2014-09-24,EGX:PHDC,3.50231395,3.51021985,3.38372544,3.43906675,9119248.25998417
2014-09-25,EGX:PHDC,3.43906675,3.47859625,3.37581954,3.43906675,5424846.87609261
2014-09-28,EGX:PHDC,3.38372544,3.42325495,3.34419594,3.37581954,5075445.82099747
2014-09-29,EGX:PHDC,3.37581954,3.46278445,3.37581954,3.43116085,7108591.80624942
2014-09-30,EGX:PHDC,3.44697265,3.46278445,3.39953724,3.42325495,10675934.92633701
2014-10-01,EGX:PHDC,3.41534905,3.44697265,3.36791364,3.38372544,4957105.096632
2014-10-02,EGX:PHDC,3.42325495,3.45487855,3.37581954,3.41534905,6869214.90241932
2014-10-08,EGX:PHDC,3.43906675,3.43906675,3.33629004,3.36791364,8569572.74072838
2014-10-09,EGX:PHDC,3.37581954,3.40744314,3.35210184,3.38372544,6526228.04385532
2014-10-12,EGX:PHDC,3.36000774,3.36791364,3.08330122,3.24141923,15731149.02311526
2014-10-13,EGX:PHDC,3.09911302,3.22560743,3.09911302,3.18607793,14400876.7904582
2014-10-14,EGX:PHDC,3.16236023,3.17817203,2.96471271,3.06748942,22998923.20070198
2014-10-15,EGX:PHDC,3.12283072,3.17817203,3.00424222,3.09911302,15661390.99931471
2014-10-16,EGX:PHDC,3.01214812,3.09120712,2.8461242,2.97261861,12996090.59257738
2014-10-19,EGX:PHDC,3.01214812,3.06748942,2.86984191,2.96471271,11352261.4186685
2014-10-20,EGX:PHDC,2.96471271,3.01214812,2.86193601,2.95680681,13268988.02929484
2014-10-21,EGX:PHDC,2.98843041,3.09120712,2.95680681,3.04377172,12304727.23012909
2014-10-22,EGX:PHDC,3.11492482,3.12283072,3.07539532,3.09911302,9291105.97414114
2014-10-23,EGX:PHDC,3.07539532,3.13073663,3.02005402,3.06748942,16495160.65568113
2014-10-26,EGX:PHDC,3.05958352,3.10701892,2.94099501,3.02795992,10011020.16366514
2014-10-27,EGX:PHDC,3.00424222,3.02005402,2.89355961,2.94099501,9856591.20399499
2014-10-28,EGX:PHDC,2.92518321,3.08330122,2.92518321,3.01214812,10212372.30391424
2014-10-29,EGX:PHDC,3.06748942,3.13073663,3.05167762,3.08330122,12662124.84418102
2014-10-30,EGX:PHDC,3.09911302,3.28094874,3.08330122,3.19398383,31103856.90779717
2014-11-02,EGX:PHDC,3.27304284,3.41534905,3.27304284,3.32838414,16032177.34739981
2014-11-03,EGX:PHDC,3.39163134,3.46278445,3.39163134,3.43116085,12544947.80761059
2014-11-04,EGX:PHDC,3.43116085,3.51812575,3.32838414,3.44697265,24938196.26235724
2014-11-05,EGX:PHDC,3.36791364,3.41534905,3.34419594,3.39163134,8627019.70658422
2014-11-06,EGX:PHDC,3.39163134,3.47859625,3.34419594,3.41534905,16286025.72086367
2014-11-09,EGX:PHDC,3.43906675,3.44697265,3.33629004,3.38372544,7215099.59656858
2014-11-10,EGX:PHDC,3.39163134,3.51021985,3.36000774,3.45487855,15243260.26626399
2014-11-11,EGX:PHDC,3.51812575,3.57346706,3.47069035,3.53393755,24435774.05684833
2014-11-12,EGX:PHDC,3.52603165,3.54184345,3.38372544,3.45487855,15937589.7677116
2014-11-13,EGX:PHDC,3.39953724,3.44697265,3.36000774,3.42325495,6362000.0740241
2014-11-16,EGX:PHDC,3.43906675,3.45487855,3.37581954,3.40744314,4668639.54102175
2014-11-17,EGX:PHDC,3.39953724,3.39953724,3.30466644,3.33629004,12462050.23075039
2014-11-18,EGX:PHDC,3.36000774,3.39163134,3.32838414,3.35210184,4830947.42599115
2014-11-19,EGX:PHDC,3.36000774,3.39953724,3.32838414,3.36791364,4966237.516067
2014-11-20,EGX:PHDC,3.39953724,3.47069035,3.37581954,3.43116085,8880469.64346608
2014-11-23,EGX:PHDC,3.41534905,3.48650215,3.40744314,3.44697265,8736541.70126814
2014-11-24,EGX:PHDC,3.43116085,3.43116085,3.32047824,3.37581954,6034693.90849828
2014-11-25,EGX:PHDC,3.33629004,3.37581954,3.31257234,3.35210184,7327067.86537816
2014-11-26,EGX:PHDC,3.36000774,3.41534905,3.36000774,3.39953724,4969536.31799033
2014-11-27,EGX:PHDC,3.39953724,3.43116085,3.36791364,3.39953724,5404199.00699886
2014-11-30,EGX:PHDC,3.38372544,3.42325495,3.36000774,3.38372544,6708663.93304482
2014-12-01,EGX:PHDC,3.39953724,3.42325495,3.36791364,3.39163134,4544042.7298799
2014-12-02,EGX:PHDC,3.40744314,3.41534905,3.32838414,3.36000774,3659430.0358945
2014-12-03,EGX:PHDC,3.36000774,3.44697265,3.34419594,3.40744314,4794651.75068822
2014-12-04,EGX:PHDC,3.45487855,3.51812575,3.43906675,3.47859625,10359265.12023347
2014-12-07,EGX:PHDC,3.47069035,3.52603165,3.46278445,3.49440805,6035321.28800517
2014-12-08,EGX:PHDC,3.45487855,3.52603165,3.43906675,3.49440805,6994551.66721345
2014-12-09,EGX:PHDC,3.47859625,3.51812575,3.39163134,3.44697265,7884833.54456556
2014-12-10,EGX:PHDC,3.41534905,3.43906675,3.35210184,3.39163134,7602807.48304721
2014-12-11,EGX:PHDC,3.35210184,3.36791364,3.24932513,3.29676054,12259744.37246056
2014-12-14,EGX:PHDC,3.26513693,3.26513693,2.97261861,3.06748942,10094548.91466635
2014-12-15,EGX:PHDC,3.05167762,3.13073663,2.96471271,3.05958352,7117310.61056596
2014-12-16,EGX:PHDC,3.02795992,3.02795992,2.7591593,2.88565371,6268278.93579198
2014-12-17,EGX:PHDC,2.96471271,3.02795992,2.60104129,2.66428849,13809824.58082048
2014-12-18,EGX:PHDC,2.7670652,2.8303124,2.68800619,2.7670652,8574829.57385467
2014-12-21,EGX:PHDC,2.91727731,3.04377172,2.87774781,3.00424222,14397158.04902622
2014-12-22,EGX:PHDC,3.04377172,3.19398383,3.01214812,3.14654843,13250090.75140581
2014-12-23,EGX:PHDC,3.16236023,3.21770153,3.02795992,3.08330122,11797718.57685408
2014-12-24,EGX:PHDC,3.12283072,3.16236023,3.06748942,3.09911302,7666053.91470768
2014-12-25,EGX:PHDC,3.09120712,3.16236023,3.09120712,3.12283072,3838618.98316023
2014-12-28,EGX:PHDC,3.14654843,3.25723103,3.13073663,3.21770153,17775546.09851601
2014-12-29,EGX:PHDC,3.24141923,3.39163134,3.20979563,3.30466644,10467340.09444181
2014-12-30,EGX:PHDC,3.34419594,3.38372544,3.25723103,3.31257234,12364916.4515715
2014-12-31,EGX:PHDC,3.31257234,3.35210184,3.20979563,3.26513693,6890267.53248526
2015-01-04,EGX:PHDC,3.31257234,3.31257234,3.20979563,3.24932513,1590289.41631268
2015-01-05,EGX:PHDC,3.23351333,3.29676054,3.20979563,3.25723103,3574084.9200306
2015-01-06,EGX:PHDC,3.16236023,3.16236023,3.02005402,3.10701892,5139800.28581931
2015-01-08,EGX:PHDC,3.23351333,3.24141923,3.14654843,3.18607793,6470142.08676847
2015-01-11,EGX:PHDC,3.20188973,3.26513693,3.17817203,3.22560743,4500699.15414874
2015-01-12,EGX:PHDC,3.21770153,3.33629004,3.19398383,3.29676054,10621383.26631035
2015-01-13,EGX:PHDC,3.29676054,3.38372544,3.24932513,3.33629004,8765072.29029525
2015-01-14,EGX:PHDC,3.36000774,3.41534905,3.29676054,3.34419594,8006056.92597983
2015-01-15,EGX:PHDC,3.34419594,3.43906675,3.31257234,3.38372544,13863796.92670568
2015-01-18,EGX:PHDC,3.38372544,3.43116085,3.34419594,3.38372544,5339538.44169181
2015-01-19,EGX:PHDC,3.35210184,3.49440805,3.35210184,3.42325495,12790105.20407476
2015-01-20,EGX:PHDC,3.48650215,3.65252606,3.47859625,3.57346706,23561819.22521187
2015-01-21,EGX:PHDC,3.55765526,3.62880836,3.53393755,3.57346706,11757658.62450979
2015-01-22,EGX:PHDC,3.62880836,3.62880836,3.51021985,3.55765526,11007644.13231342
2015-01-26,EGX:PHDC,3.49440805,3.56556116,3.47069035,3.51812575,7574861.2676737
2015-01-27,EGX:PHDC,3.51021985,3.58137296,3.48650215,3.53393755,5882373.50051762
2015-01-28,EGX:PHDC,3.52603165,3.55765526,3.47069035,3.51812575,6790972.07673928
2015-01-29,EGX:PHDC,3.51812575,3.51812575,3.46278445,3.48650215,1693480.69641597
2015-02-01,EGX:PHDC,3.49440805,3.52603165,3.39953724,3.44697265,5042079.60323075
2015-02-02,EGX:PHDC,3.44697265,3.49440805,3.41534905,3.44697265,9591471.50233372
2015-02-03,EGX:PHDC,3.47069035,3.52603165,3.46278445,3.49440805,9171225.89320331
2015-02-04,EGX:PHDC,3.51812575,3.52603165,3.45487855,3.49440805,4427300.81135457
2015-02-05,EGX:PHDC,3.49440805,3.50231395,3.43906675,3.46278445,5651615.47563905
2015-02-08,EGX:PHDC,3.46278445,3.50231395,3.44697265,3.46278445,2812662.4928087
2015-02-09,EGX:PHDC,3.45487855,3.48650215,3.39953724,3.43116085,8048351.91781741
2015-02-10,EGX:PHDC,3.45487855,3.46278445,3.36000774,3.39953724,4484258.26940967
2015-02-11,EGX:PHDC,3.39163134,3.39953724,3.27304284,3.33629004,3582932.74190702
2015-02-12,EGX:PHDC,3.31257234,3.35210184,3.26513693,3.32047824,3925523.6936451
2015-02-15,EGX:PHDC,3.34419594,3.36791364,3.32838414,3.34419594,1822693.04751881
2015-02-16,EGX:PHDC,3.32047824,3.34419594,3.16236023,3.21770153,6096780.44699783
2015-02-17,EGX:PHDC,3.23351333,3.28885464,3.11492482,3.20188973,5450278.51392641
2015-02-18,EGX:PHDC,3.29676054,3.32047824,3.23351333,3.27304284,3172478.55366945
2015-02-19,EGX:PHDC,3.25723103,3.28885464,3.12283072,3.18607793,6732008.52211577
2015-02-22,EGX:PHDC,3.25723103,3.25723103,3.15445433,3.20188973,2786655.33546757
2015-02-23,EGX:PHDC,3.21770153,3.28885464,3.19398383,3.22560743,6857999.22885559
2015-02-24,EGX:PHDC,3.22560743,3.27304284,3.20979563,3.23351333,3526936.59116087
2015-02-25,EGX:PHDC,3.24141923,3.24932513,3.17026613,3.19398383,2120989.23524108
2015-02-26,EGX:PHDC,3.21770153,3.21770153,3.00424222,3.07539532,13511174.22724754
2015-03-01,EGX:PHDC,3.08330122,3.16236023,3.05958352,3.12283072,3772073.74957642
2015-03-02,EGX:PHDC,3.16236023,3.24141923,3.14654843,3.19398383,7805165.20133659
2015-03-03,EGX:PHDC,3.22560743,3.28094874,3.21770153,3.25723103,6115948.40878701
2015-03-04,EGX:PHDC,3.25723103,3.28094874,3.23351333,3.26513693,3169280.94198917
2015-03-05,EGX:PHDC,3.27304284,3.31257234,3.27304284,3.28885464,3319825.46120435
2015-03-08,EGX:PHDC,3.31257234,3.35210184,3.28094874,3.31257234,2724866.04330698
2015-03-09,EGX:PHDC,3.29676054,3.35210184,3.28094874,3.32047824,6086825.85683808
2015-03-10,EGX:PHDC,3.35210184,3.38372544,3.20188973,3.30466644,8428928.42191731
2015-03-11,EGX:PHDC,3.26513693,3.27304284,3.18607793,3.21770153,6971140.03960649
2015-03-12,EGX:PHDC,3.23351333,3.28094874,3.17817203,3.23351333,5439222.21499548
2015-03-15,EGX:PHDC,3.36791364,3.43906675,3.31257234,3.36000774,18776456.73883535
2015-03-16,EGX:PHDC,3.34419594,3.34419594,3.25723103,3.30466644,7802097.87209423
2015-03-17,EGX:PHDC,3.28094874,3.36791364,3.25723103,3.31257234,6609861.7797337
2015-03-18,EGX:PHDC,3.29676054,3.31257234,3.22560743,3.28094874,4484320.24843354
2015-03-19,EGX:PHDC,3.32047824,3.36000774,3.28885464,3.32838414,7459538.5423071
2015-03-22,EGX:PHDC,3.31257234,3.31257234,3.19398383,3.24932513,6246066.41256512
2015-03-23,EGX:PHDC,3.24141923,3.32047824,3.22560743,3.28094874,6421493.61254557
2015-03-24,EGX:PHDC,3.32047824,3.33629004,3.26513693,3.29676054,9817325.59505862
2015-03-25,EGX:PHDC,3.27304284,3.29676054,3.19398383,3.23351333,23298964.92011681
2015-03-26,EGX:PHDC,3.17817203,3.24141923,3.13864253,3.20188973,7388384.09315251
2015-03-29,EGX:PHDC,3.26513693,3.27304284,3.16236023,3.19398383,4708344.06263733
2015-03-30,EGX:PHDC,3.17817203,3.22560743,3.16236023,3.20188973,6838952.69535807
2015-03-31,EGX:PHDC,3.21770153,3.23351333,3.11492482,3.17817203,10444023.3326877
2015-04-01,EGX:PHDC,3.16236023,3.22560743,3.08330122,3.16236023,12075258.11597133
2015-04-02,EGX:PHDC,3.13073663,3.16236023,3.01214812,3.08330122,7136789.73235252
2015-04-05,EGX:PHDC,3.05958352,3.09911302,2.8382183,2.90937141,10601133.8337986
2015-04-06,EGX:PHDC,2.92518321,3.00424222,2.7670652,2.88565371,14373138.01508293
2015-04-07,EGX:PHDC,3.00424222,3.00424222,2.89355961,2.93308911,8795902.4275956
2015-04-08,EGX:PHDC,2.86984191,2.97261861,2.782877,2.91727731,6048158.53521373
2015-04-09,EGX:PHDC,2.92518321,2.94099501,2.90146551,2.92518321,5289423.97382277
2015-04-14,EGX:PHDC,2.93308911,2.96471271,2.88565371,2.90937141,2814638.23230419
2015-04-15,EGX:PHDC,2.92518321,2.93308911,2.7907829,2.86193601,7103089.58678374
2015-04-16,EGX:PHDC,2.8461242,2.87774781,2.7670652,2.8303124,7000719.21252717
2015-04-19,EGX:PHDC,2.87774781,2.88565371,2.70381799,2.782877,16170947.11695843
2015-04-20,EGX:PHDC,2.66359834,2.82360248,2.65418633,2.7388944,4248258.06315653
2015-04-21,EGX:PHDC,2.7294824,2.81419047,2.69183436,2.74830641,5229090.18108571
2015-04-22,EGX:PHDC,2.7294824,2.7388944,2.62595031,2.69183436,5755997.92071497
2015-04-23,EGX:PHDC,2.7294824,2.7388944,2.68242236,2.71065838,3584515.55205106
2015-04-26,EGX:PHDC,2.69183436,2.71065838,2.58830227,2.63536231,4510462.46530501
2015-04-27,EGX:PHDC,2.60712629,2.63536231,2.40947412,2.49418219,7810621.06347351
2015-04-28,EGX:PHDC,2.40006211,2.44712215,2.26829399,2.36241407,12802219.95288242
2015-04-29,EGX:PHDC,2.40006211,2.56006625,2.31535403,2.41888612,10203018.02778761
2015-04-30,EGX:PHDC,2.52241821,2.59771428,2.47535817,2.54124223,10733755.98079822
2015-05-03,EGX:PHDC,2.52241821,2.59771428,2.48477018,2.51300621,7011455.80685128
2015-05-04,EGX:PHDC,2.53183022,2.66359834,2.53183022,2.59771428,10336768.44158114
2015-05-05,EGX:PHDC,2.67301035,2.76713043,2.67301035,2.72007039,8545323.98825836
2015-05-06,EGX:PHDC,2.72007039,2.78595445,2.63536231,2.69183436,7600127.19815464
2015-05-07,EGX:PHDC,2.66359834,2.7294824,2.65418633,2.65418633,5931430.19336122
2015-05-10,EGX:PHDC,2.70124637,2.72007039,2.63536231,2.66359834,10060194.09879941
2015-05-11,EGX:PHDC,2.68242236,2.7294824,2.54124223,2.64477432,11964502.88140787
2015-05-12,EGX:PHDC,2.60712629,2.60712629,2.46594617,2.53183022,11249745.75296373
2015-05-13,EGX:PHDC,2.54124223,2.56006625,2.40006211,2.44712215,4586350.62646365
2015-05-14,EGX:PHDC,2.42829813,2.45653416,2.30594202,2.36241407,9926258.81478997
2015-05-17,EGX:PHDC,2.35300207,2.40947412,2.26829399,2.35300207,18564273.9668772
2015-05-18,EGX:PHDC,2.36241407,2.58830227,2.36241407,2.57889026,19676502.05952832
2015-05-19,EGX:PHDC,2.69183436,2.72007039,2.57889026,2.64477432,13793262.43158687
2015-05-20,EGX:PHDC,2.58830227,2.67301035,2.56947826,2.6165383,9013225.1923646
2015-05-21,EGX:PHDC,2.66359834,2.80477846,2.65418633,2.7388944,14685186.85027831
2015-05-24,EGX:PHDC,2.77654244,3.01184264,2.77654244,2.89889855,16312416.61566506
2015-05-25,EGX:PHDC,3.00243064,3.00243064,2.89889855,2.93654658,13953440.78647552
2015-05-26,EGX:PHDC,2.9647826,3.04949068,2.92713457,2.97419461,11144114.73649365
2015-05-27,EGX:PHDC,2.9647826,2.99301863,2.88007453,2.92713457,12491606.11597809
2015-05-28,EGX:PHDC,2.88948654,2.9553706,2.8518385,2.89889855,10458557.53991077
2015-06-02,EGX:PHDC,2.89889855,2.94595859,2.88007453,2.91772256,7711154.51247878
2015-06-03,EGX:PHDC,2.93654658,2.9647826,2.87066252,2.88007453,7831031.160299
2015-06-04,EGX:PHDC,2.91772256,2.91772256,2.8518385,2.88948654,4810066.96211012
2015-06-07,EGX:PHDC,2.86125051,2.86125051,2.75771842,2.81419047,6316949.40435684
2015-06-08,EGX:PHDC,2.79536645,2.82360248,2.65418633,2.74830641,5595685.69429066
2015-06-09,EGX:PHDC,2.67301035,2.75771842,2.64477432,2.72007039,6774466.00219695
2015-06-10,EGX:PHDC,2.77654244,2.78595445,2.62595031,2.70124637,7156895.54314736
2015-06-11,EGX:PHDC,2.63536231,2.68242236,2.59771428,2.62595031,4359086.6951222
2015-06-14,EGX:PHDC,2.62595031,2.67301035,2.57889026,2.60712629,3070752.72225652
2015-06-15,EGX:PHDC,2.58830227,2.63536231,2.57889026,2.6165383,6378204.13170093
2015-06-16,EGX:PHDC,2.63536231,2.69183436,2.62595031,2.65418633,5186151.4172593
2015-06-17,EGX:PHDC,2.67301035,2.68242236,2.63536231,2.63536231,3753328.62098971
2015-06-18,EGX:PHDC,2.63536231,2.65418633,2.6165383,2.63536231,6250447.12530941
2015-06-21,EGX:PHDC,2.63536231,2.64477432,2.59771428,2.6165383,1898173.00389076
2015-06-22,EGX:PHDC,2.6165383,2.6165383,2.51300621,2.56006625,8254321.2688556
2015-06-23,EGX:PHDC,2.54124223,2.56006625,2.5035942,2.52241821,4760758.67561485
2015-06-24,EGX:PHDC,2.55065424,2.58830227,2.46594617,2.54124223,6301546.74044851
2015-06-25,EGX:PHDC,2.5035942,2.57889026,2.44712215,2.52241821,8878096.75173179
2015-06-28,EGX:PHDC,2.57889026,2.6165383,2.55065424,2.58830227,5437436.78947151
2015-06-29,EGX:PHDC,2.58830227,2.58830227,2.5035942,2.55065424,6313053.31768016
2015-07-02,EGX:PHDC,2.52241821,2.56006625,2.49418219,2.52241821,6283728.01406327
2015-07-05,EGX:PHDC,2.56947826,2.59771428,2.3906501,2.55065424,9802004.7802482
2015-07-06,EGX:PHDC,2.49418219,2.49418219,2.34359006,2.3906501,6046730.77210141
2015-07-07,EGX:PHDC,2.42829813,2.45653416,2.30594202,2.37182608,7770499.97673098
2015-07-08,EGX:PHDC,2.37182608,2.38123809,2.26829399,2.30594202,7761291.52752814
2015-07-09,EGX:PHDC,2.30594202,2.36241407,2.29653002,2.31535403,3707944.04545626
2015-07-12,EGX:PHDC,2.35300207,2.37182608,2.29653002,2.34359006,5447063.85284141
2015-07-13,EGX:PHDC,2.34359006,2.34359006,2.21182194,2.24946998,8593491.17928302
2015-07-14,EGX:PHDC,2.25888198,2.29653002,2.24005797,2.26829399,5027373.40113254
2015-07-15,EGX:PHDC,2.30594202,2.38123809,2.28711801,2.34359006,8156303.930358
2015-07-16,EGX:PHDC,2.3906501,2.48477018,2.3906501,2.42829813,14125486.95924759
2015-07-21,EGX:PHDC,2.46594617,2.46594617,2.40947412,2.43771014,5252875.75306032
2015-07-22,EGX:PHDC,2.44712215,2.44712215,2.40947412,2.42829813,7577783.40136962
2015-07-26,EGX:PHDC,2.42829813,2.44712215,2.26829399,2.36241407,6329608.76425667
2015-07-27,EGX:PHDC,2.24946998,2.277706,2.20240993,2.24946998,24884179.1697436
2015-07-28,EGX:PHDC,2.22123395,2.31535403,2.20240993,2.26829399,8235167.01453129
2015-07-29,EGX:PHDC,2.30594202,2.36241407,2.29653002,2.33417805,8814486.5228436
2015-07-30,EGX:PHDC,2.32476604,2.40006211,2.32476604,2.36241407,11866776.66037671
2015-08-02,EGX:PHDC,2.36241407,2.40006211,2.31535403,2.32476604,10494953.59804997
2015-08-03,EGX:PHDC,2.32476604,2.35300207,2.28711801,2.31535403,8456740.34313472
2015-08-04,EGX:PHDC,2.35300207,2.3906501,2.34359006,2.36241407,5322889.50373753
2015-08-05,EGX:PHDC,2.37182608,2.38123809,2.31535403,2.34359006,5025319.64177993
2015-08-09,EGX:PHDC,2.36241407,2.36241407,2.24005797,2.28711801,5089568.41664376
2015-08-10,EGX:PHDC,2.24005797,2.35300207,2.24005797,2.29653002,5342731.17777272
2015-08-11,EGX:PHDC,2.34359006,2.35300207,2.28711801,2.32476604,7081756.42510491
2015-08-12,EGX:PHDC,2.277706,2.29653002,2.23064596,2.26829399,4541557.8481156
2015-08-13,EGX:PHDC,2.29653002,2.32476604,2.26829399,2.29653002,6780297.91377816
2015-08-16,EGX:PHDC,2.28711801,2.29653002,2.09887784,2.17417391,11062049.36018959
2015-08-17,EGX:PHDC,2.15534989,2.18358592,2.09887784,2.14593788,18820319.21591285
2015-08-18,EGX:PHDC,2.13652588,2.14593788,2.00475776,2.06122981,15047659.97016296
2015-08-19,EGX:PHDC,2.04240579,2.07064182,1.96710973,2.01416977,29807942.37711101
2015-08-20,EGX:PHDC,1.99534575,2.01416977,1.94828571,1.98593374,17558473.74507509
2015-08-23,EGX:PHDC,1.91063768,1.91063768,1.78828157,1.8259296,19897336.96974061
2015-08-24,EGX:PHDC,1.78828157,1.8165176,1.66592546,1.73180952,12930694.12821497
2015-08-25,EGX:PHDC,1.72239751,1.88240165,1.72239751,1.80710559,16274454.47305315
2015-08-26,EGX:PHDC,1.85416563,1.86357764,1.80710559,1.83534161,8989047.56803556
2015-08-27,EGX:PHDC,1.92946169,1.94828571,1.89181366,1.92004969,16931763.71313945
2015-08-30,EGX:PHDC,1.92946169,1.95769772,1.85416563,1.90122567,12838747.75761227
2015-08-31,EGX:PHDC,1.87298964,2.02358178,1.84475362,1.94828571,20685914.68784822
2015-09-01,EGX:PHDC,2.00475776,2.00475776,1.91063768,1.92004969,14898095.71560158
2015-09-02,EGX:PHDC,1.90122567,1.94828571,1.89181366,1.91063768,21565036.31285161
2015-09-03,EGX:PHDC,1.94828571,1.96710973,1.92004969,1.9388737,10585314.75967487
2015-09-06,EGX:PHDC,1.91063768,1.92946169,1.89181366,1.91063768,4819518.71751666
2015-09-07,EGX:PHDC,1.91063768,1.9388737,1.78828157,1.84475362,19447486.11102575
2015-09-08,EGX:PHDC,1.83534161,1.83534161,1.7035735,1.76004555,15592740.23952169
2015-09-09,EGX:PHDC,1.8165176,1.8259296,1.76945755,1.80710559,13938768.04117827
2015-09-10,EGX:PHDC,1.80710559,1.80710559,1.76004555,1.78828157,7484396.31804983
2015-09-13,EGX:PHDC,1.78828157,1.8165176,1.76945755,1.79769358,6370966.5689953
2015-09-14,EGX:PHDC,1.80710559,1.86357764,1.79769358,1.83534161,16105160.10406962
2015-09-15,EGX:PHDC,1.84475362,1.86357764,1.8259296,1.84475362,6684535.14193667
2015-09-16,EGX:PHDC,1.86357764,1.89181366,1.84475362,1.87298964,11897928.35423009
2015-09-17,EGX:PHDC,1.86357764,1.87298964,1.8259296,1.85416563,14739436.69639541
2015-09-20,EGX:PHDC,1.83534161,1.84475362,1.79769358,1.8259296,4451003.31649476
2015-09-21,EGX:PHDC,1.8259296,1.86357764,1.8259296,1.84475362,6372152.28831114
2015-09-22,EGX:PHDC,1.85416563,1.87298964,1.8259296,1.8259296,3595618.38973072
2015-09-28,EGX:PHDC,1.84475362,1.90122567,1.8259296,1.87298964,9435032.08930389
2015-09-29,EGX:PHDC,1.86357764,1.88240165,1.83534161,1.85416563,4768792.0302269
2015-09-30,EGX:PHDC,1.86357764,1.90122567,1.84475362,1.87298964,15376580.20833242
2015-10-01,EGX:PHDC,1.90122567,1.91063768,1.88240165,1.89181366,5846987.00359045
2015-10-04,EGX:PHDC,1.89181366,1.89181366,1.85416563,1.87298964,2974595.77311558
2015-10-05,EGX:PHDC,1.87298964,1.88240165,1.84475362,1.86357764,2885330.02064358
2015-10-07,EGX:PHDC,1.87298964,1.94828571,1.86357764,1.92004969,17438764.9679107
2015-10-08,EGX:PHDC,1.94828571,1.97652174,1.92946169,1.95769772,14187577.8524533
2015-10-11,EGX:PHDC,1.96710973,2.02358178,1.92946169,1.98593374,16943790.90189867
2015-10-12,EGX:PHDC,2.02358178,2.08005383,2.01416977,2.04240579,12086729.71840966
2015-10-13,EGX:PHDC,2.02358178,2.0518178,1.99534575,2.02358178,11287474.15162449
2015-10-15,EGX:PHDC,2.02358178,2.09887784,1.98593374,2.03299379,17853841.10152935
2015-10-18,EGX:PHDC,2.02358178,2.0518178,2.00475776,2.02358178,8445359.13765868
2015-10-19,EGX:PHDC,2.02358178,2.09887784,2.00475776,2.0518178,11443094.49946569
2015-10-20,EGX:PHDC,2.08946583,2.11770186,2.04240579,2.08005383,14252250.55384672
2015-10-21,EGX:PHDC,2.0518178,2.13652588,2.0518178,2.10828985,18059482.65491683
2015-10-22,EGX:PHDC,2.10828985,2.10828985,2.04240579,2.06122981,9735574.74933113
2015-10-25,EGX:PHDC,2.06122981,2.10828985,2.06122981,2.08946583,9420480.46587224
2015-10-26,EGX:PHDC,2.08946583,2.10828985,2.03299379,2.0518178,9177497.2538159
2015-10-27,EGX:PHDC,2.0518178,2.06122981,2.01416977,2.03299379,12367445.57901678
2015-10-28,EGX:PHDC,2.02358178,2.04240579,1.97652174,2.00475776,10707215.41761755
2015-10-29,EGX:PHDC,2.03299379,2.04240579,1.96710973,2.00475776,12392934.29441728
2015-11-01,EGX:PHDC,1.97652174,1.99534575,1.91063768,1.95769772,5995663.03113747
2015-11-02,EGX:PHDC,1.90122567,1.96710973,1.90122567,1.95769772,6340220.73963892
2015-11-03,EGX:PHDC,1.97652174,1.99534575,1.94828571,1.96710973,15565052.20603537
2015-11-04,EGX:PHDC,1.96710973,2.04240579,1.96710973,2.00475776,15909484.5427812
2015-11-05,EGX:PHDC,2.07064182,2.1647619,2.04240579,2.10828985,29017452.20849398
2015-11-08,EGX:PHDC,2.08005383,2.09887784,1.96710973,2.04240579,17943471.28207064
2015-11-09,EGX:PHDC,2.00475776,2.01416977,1.91063768,1.95769772,20451033.89111677
2015-11-10,EGX:PHDC,1.92946169,1.9388737,1.79769358,1.86357764,13897788.47665151
2015-11-11,EGX:PHDC,1.84475362,1.92946169,1.8165176,1.88240165,17921053.11221027
2015-11-12,EGX:PHDC,1.92946169,1.94828571,1.91063768,1.92004969,10365350.01444436
2015-11-15,EGX:PHDC,1.85416563,1.85416563,1.75063354,1.78828157,12137898.39426159
2015-11-16,EGX:PHDC,1.78828157,1.83534161,1.73180952,1.79769358,40006445.95922389
2015-11-17,EGX:PHDC,1.83534161,1.87298964,1.76004555,1.8165176,13375519.49198009
2015-11-18,EGX:PHDC,1.77886956,1.89181366,1.77886956,1.84475362,11088547.42447006
2015-11-19,EGX:PHDC,1.90122567,1.96710973,1.89181366,1.9388737,14561355.67979362
2015-11-22,EGX:PHDC,1.96710973,2.02358178,1.94828571,1.99534575,10952604.06742574
2015-11-23,EGX:PHDC,2.01416977,2.04240579,1.95769772,1.99534575,21185627.38123358
2015-11-24,EGX:PHDC,1.97652174,2.01416977,1.9388737,1.98593374,10704782.35558057
2015-11-25,EGX:PHDC,2.01416977,2.07064182,1.99534575,2.04240579,12743571.47059366
2015-11-26,EGX:PHDC,2.07064182,2.07064182,2.00475776,2.03299379,6987293.05713731
2015-11-29,EGX:PHDC,2.03299379,2.04240579,2.00475776,2.02358178,2857604.80061957
2015-11-30,EGX:PHDC,2.02358178,2.02358178,1.95769772,1.98593374,10389808.13151478
2015-12-01,EGX:PHDC,1.98593374,2.02358178,1.95769772,2.00475776,5170857.12554649
2015-12-02,EGX:PHDC,2.03299379,2.15534989,2.03299379,2.08946583,16338192.19864197
2015-12-03,EGX:PHDC,2.13652588,2.22123395,2.12711387,2.1647619,19248676.25584689
2015-12-06,EGX:PHDC,2.1647619,2.25888198,2.12711387,2.21182194,15589319.07805485
2015-12-07,EGX:PHDC,2.23064596,2.24005797,2.08005383,2.15534989,21010351.2920456
2015-12-08,EGX:PHDC,2.08946583,2.12711387,2.07064182,2.09887784,14301283.65996314
2015-12-09,EGX:PHDC,2.11770186,2.15534989,2.08005383,2.12711387,9187479.18300255
2015-12-10,EGX:PHDC,2.12711387,2.17417391,2.08946583,2.13652588,7058442.59092262
2015-12-13,EGX:PHDC,2.08005383,2.08005383,2.01416977,2.0518178,5244043.41912433
2015-12-14,EGX:PHDC,2.08946583,2.13652588,2.06122981,2.09887784,6232874.8925454
2015-12-15,EGX:PHDC,2.09887784,2.23064596,2.08946583,2.17417391,14483476.44516017
2015-12-16,EGX:PHDC,2.24946998,2.277706,2.21182194,2.24005797,10751095.5320836
2015-12-17,EGX:PHDC,2.277706,2.29653002,2.24005797,2.26829399,19758142.44683028
2015-12-20,EGX:PHDC,2.24946998,2.35300207,2.21182194,2.30594202,11900297.66791676
2015-12-21,EGX:PHDC,2.29653002,2.35300207,2.277706,2.32476604,13255513.22251423
2015-12-22,EGX:PHDC,2.34359006,2.38123809,2.32476604,2.35300207,11758797.57967007
2015-12-24,EGX:PHDC,2.37182608,2.38123809,2.277706,2.34359006,13340564.14655798
2015-12-27,EGX:PHDC,2.30594202,2.33417805,2.26829399,2.29653002,6733585.24761317
2015-12-28,EGX:PHDC,2.28711801,2.31535403,2.25888198,2.28711801,4828233.11700457
2015-12-29,EGX:PHDC,2.28711801,2.34359006,2.24946998,2.30594202,12595717.79676569
2015-12-30,EGX:PHDC,2.34359006,2.3906501,2.34359006,2.37182608,15105129.10797091
2015-12-31,EGX:PHDC,2.37182608,2.40947412,2.29653002,2.36241407,11501902.35263024
2016-01-03,EGX:PHDC,2.32476604,2.38123809,2.31535403,2.36241407,8865003.90304983
2016-01-04,EGX:PHDC,2.37182608,2.37182608,2.25888198,2.30594202,9266632.32216976
2016-01-05,EGX:PHDC,2.31535403,2.33417805,2.24005797,2.29653002,10309593.58231484
2016-01-06,EGX:PHDC,2.28711801,2.28711801,2.18358592,2.22123395,13786993.84380601
2016-01-10,EGX:PHDC,2.1647619,2.21182194,2.15534989,2.17417391,11878357.61068373
2016-01-11,EGX:PHDC,2.17417391,2.19299793,2.08005383,2.11770186,18088849.39496142
2016-01-12,EGX:PHDC,2.09887784,2.11770186,2.04240579,2.08005383,20652170.56108207
2016-01-13,EGX:PHDC,2.09887784,2.11770186,1.88240165,1.99534575,33335659.21150491
2016-01-14,EGX:PHDC,1.91063768,1.91063768,1.79769358,1.84475362,14411929.54665791
2016-01-17,EGX:PHDC,1.73180952,1.89181366,1.69416149,1.79769358,13692391.29194023
2016-01-18,EGX:PHDC,1.87298964,1.97652174,1.84475362,1.92946169,17708654.23368951
2016-01-19,EGX:PHDC,2.03299379,2.04240579,1.98593374,2.01416977,12276115.44246712
2016-01-20,EGX:PHDC,1.97652174,1.97652174,1.8165176,1.87298964,26562365.11648123
2016-01-21,EGX:PHDC,1.83534161,1.92946169,1.78828157,1.88240165,14316742.63491425
2016-01-24,EGX:PHDC,1.97652174,2.02358178,1.96710973,1.99534575,15442995.36463442
2016-01-26,EGX:PHDC,1.97652174,2.08005383,1.94828571,2.01416977,22800500.59138449
2016-01-27,EGX:PHDC,2.07064182,2.08005383,2.01416977,2.0518178,13514809.63741589
2016-01-28,EGX:PHDC,2.04240579,2.09887784,2.03299379,2.07064182,11906576.88042267
2016-01-31,EGX:PHDC,2.12711387,2.13652588,1.92946169,2.03299379,26031925.71824459
2016-02-01,EGX:PHDC,1.97652174,2.01416977,1.92946169,1.97652174,9465523.98773152
2016-02-02,EGX:PHDC,2.01416977,2.10828985,2.01416977,2.07064182,24950573.07659549
2016-02-03,EGX:PHDC,2.07064182,2.12711387,2.06122981,2.09887784,13915064.27958657
2016-02-04,EGX:PHDC,2.15534989,2.25888198,2.14593788,2.20240993,35537973.46979812
2016-02-07,EGX:PHDC,2.23064596,2.24946998,2.14593788,2.18358592,29242632.63125268
2016-02-08,EGX:PHDC,2.23064596,2.25888198,2.13652588,2.20240993,33852382.08969902
2016-02-09,EGX:PHDC,2.14593788,2.1647619,2.09887784,2.13652588,14441041.29330125
2016-02-10,EGX:PHDC,2.13652588,2.15534989,2.08946583,2.12711387,10509309.72654065
2016-02-11,EGX:PHDC,2.10828985,2.12711387,1.96710973,2.01416977,21518776.25997385
2016-02-14,EGX:PHDC,2.04240579,2.07064182,2.00475776,2.04240579,16757188.85580492
2016-02-15,EGX:PHDC,2.08005383,2.10828985,2.06122981,2.08946583,11199968.91609365
2016-02-16,EGX:PHDC,2.11770186,2.14593788,2.09887784,2.11770186,10399358.6968643
2016-02-17,EGX:PHDC,2.11770186,2.22123395,2.08005383,2.1647619,24561856.88583162
2016-02-18,EGX:PHDC,2.22123395,2.23064596,2.1647619,2.18358592,11434180.3551468
2016-02-21,EGX:PHDC,2.1647619,2.21182194,2.1647619,2.19299793,7686666.64617822
2016-02-22,EGX:PHDC,2.20240993,2.24005797,2.19299793,2.22123395,11840565.46367266
2016-02-23,EGX:PHDC,2.22123395,2.24946998,2.18358592,2.22123395,8920370.40776992
2016-02-24,EGX:PHDC,2.18358592,2.20240993,2.14593788,2.1647619,9512731.76608395
2016-02-25,EGX:PHDC,2.1647619,2.17417391,2.11770186,2.14593788,12516510.47150071
2016-02-28,EGX:PHDC,2.1647619,2.21182194,2.14593788,2.18358592,10573739.12173037
2016-02-29,EGX:PHDC,2.20240993,2.20240993,2.10828985,2.14593788,13588194.61335221
2016-03-01,EGX:PHDC,2.13652588,2.14593788,2.11770186,2.12711387,5587011.66875795
2016-03-02,EGX:PHDC,2.15534989,2.1647619,2.08005383,2.11770186,11636421.99651755
2016-03-03,EGX:PHDC,2.09887784,2.12711387,2.08946583,2.10828985,6310267.51477144
2016-03-06,EGX:PHDC,2.12711387,2.1647619,2.11770186,2.13652588,8867466.71431695
2016-03-07,EGX:PHDC,2.13652588,2.18358592,2.10828985,2.14593788,12854004.86278739
2016-03-08,EGX:PHDC,2.18358592,2.20240993,2.14593788,2.17417391,12102050.57193509
2016-03-09,EGX:PHDC,2.14593788,2.20240993,2.13652588,2.17417391,10242572.81668486
2016-03-10,EGX:PHDC,2.20240993,2.24005797,2.18358592,2.21182194,23985295.55614289
2016-03-13,EGX:PHDC,2.21182194,2.21182194,2.13652588,2.17417391,14734347.45309535
2016-03-14,EGX:PHDC,2.22123395,2.43771014,2.21182194,2.33417805,60020495.53366414
2016-03-15,EGX:PHDC,2.37182608,2.40006211,2.30594202,2.34359006,38919015.97484486
2016-03-16,EGX:PHDC,2.37182608,2.42829813,2.34359006,2.3906501,37932000.26693525
2016-03-17,EGX:PHDC,2.3906501,2.62595031,2.3906501,2.51300621,63244844.59363939
2016-03-20,EGX:PHDC,2.56947826,2.58830227,2.46594617,2.53183022,24866797.11955801
2016-03-21,EGX:PHDC,2.49418219,2.56006625,2.46594617,2.52241821,20441110.3979179
2016-03-22,EGX:PHDC,2.54124223,2.56947826,2.44712215,2.49418219,23353634.40233288
2016-03-23,EGX:PHDC,2.48477018,2.55065424,2.46594617,2.51300621,14955405.48253374
2016-03-24,EGX:PHDC,2.54124223,2.65418633,2.53183022,2.57889026,27044153.89870335
2016-03-27,EGX:PHDC,2.63536231,2.66359834,2.56006625,2.60712629,19173293.83160074
2016-03-28,EGX:PHDC,2.58830227,2.69183436,2.58830227,2.64477432,18618651.30969493
2016-03-29,EGX:PHDC,2.63536231,2.74830641,2.62595031,2.70124637,27721798.86253977
2016-03-30,EGX:PHDC,2.72007039,2.7388944,2.64477432,2.69183436,10897833.60978107
2016-03-31,EGX:PHDC,2.7388944,2.77654244,2.69183436,2.7294824,33445773.86194707
2016-04-03,EGX:PHDC,2.76713043,2.77654244,2.72007039,2.74830641,12351529.74088842
2016-04-04,EGX:PHDC,2.75771842,2.78595445,2.72007039,2.75771842,17870915.03468841
2016-04-05,EGX:PHDC,2.65418633,2.68242236,2.63536231,2.66359834,32304901.51055492
2016-04-06,EGX:PHDC,2.63536231,2.66359834,2.47535817,2.56006625,20944021.13354402
2016-04-07,EGX:PHDC,2.54124223,2.56006625,2.48477018,2.53183022,16054586.41282062
2016-04-10,EGX:PHDC,2.57889026,2.58830227,2.49418219,2.52241821,13583477.23542898
2016-04-11,EGX:PHDC,2.49418219,2.52241821,2.41888612,2.47535817,13022173.01091537
2016-04-12,EGX:PHDC,2.42829813,2.51300621,2.42829813,2.47535817,11335731.65281209
2016-04-13,EGX:PHDC,2.51300621,2.54124223,2.45653416,2.49418219,14322235.6177663
2016-04-14,EGX:PHDC,2.49418219,2.57889026,2.47535817,2.54124223,19231623.57213793
2016-04-17,EGX:PHDC,2.56006625,2.65418633,2.55065424,2.60712629,14313480.84432319
2016-04-18,EGX:PHDC,2.63536231,2.65418633,2.60712629,2.63536231,14026273.27670911
2016-04-19,EGX:PHDC,2.65418633,2.69183436,2.62595031,2.66359834,23549448.08504697
2016-04-20,EGX:PHDC,2.66359834,2.67301035,2.55065424,2.59771428,24339056.40148466
2016-04-21,EGX:PHDC,2.58830227,2.60712629,2.5035942,2.55065424,11328496.21505146
2016-04-24,EGX:PHDC,2.49418219,2.54124223,2.48477018,2.51300621,6159475.04199401
2016-04-26,EGX:PHDC,2.54124223,2.58830227,2.52241821,2.54124223,10674969.37708379
2016-04-27,EGX:PHDC,2.55065424,2.57889026,2.44712215,2.5035942,13843549.25525946
2016-04-28,EGX:PHDC,2.44712215,2.48477018,2.44712215,2.46594617,7103684.79514037
2016-05-03,EGX:PHDC,2.48477018,2.48477018,2.28711801,2.35300207,18408345.50200948
2016-05-04,EGX:PHDC,2.33417805,2.40006211,2.277706,2.34359006,13287451.14602148
2016-05-05,EGX:PHDC,2.40006211,2.41888612,2.35300207,2.3906501,13311399.27628939
2016-05-08,EGX:PHDC,2.40947412,2.44712215,2.35300207,2.40947412,9502383.28388299
2016-05-09,EGX:PHDC,2.44712215,2.47535817,2.41888612,2.43771014,14573276.62130231
2016-05-10,EGX:PHDC,2.43771014,2.44712215,2.33417805,2.40006211,9831465.01787325
2016-05-11,EGX:PHDC,2.35300207,2.36241407,2.31535403,2.34359006,6984472.19263593
2016-05-12,EGX:PHDC,2.35300207,2.38123809,2.29653002,2.33417805,10127341.29865751
2016-05-15,EGX:PHDC,2.31535403,2.32476604,2.22123395,2.277706,7681663.46315108
2016-05-16,EGX:PHDC,2.25888198,2.29653002,2.24946998,2.26829399,13017763.75001866
2016-05-17,EGX:PHDC,2.28711801,2.44712215,2.277706,2.34359006,15157562.12610407
2016-05-18,EGX:PHDC,2.42829813,2.43771014,2.37182608,2.40006211,11593604.35455674
2016-05-19,EGX:PHDC,2.35300207,2.38123809,2.31535403,2.34359006,10680345.48796025
2016-05-22,EGX:PHDC,2.37182608,2.40947412,2.34359006,2.37182608,6659660.5356442
2016-05-23,EGX:PHDC,2.37182608,2.37182608,2.31535403,2.32476604,6109145.71942121
2016-05-24,EGX:PHDC,2.34359006,2.3906501,2.33417805,2.36241407,7690853.85032133
2016-05-25,EGX:PHDC,2.37182608,2.40006211,2.35300207,2.37182608,7474275.20496499
2016-05-26,EGX:PHDC,2.38123809,2.40006211,2.33417805,2.37182608,8554147.82241431
2016-05-29,EGX:PHDC,2.37182608,2.38123809,2.32476604,2.35300207,4769215.95675649
2016-05-30,EGX:PHDC,2.34359006,2.35300207,2.31535403,2.33417805,3894106.22793284
2016-05-31,EGX:PHDC,2.33417805,2.36241407,2.29653002,2.32476604,9072267.8519528
2016-06-01,EGX:PHDC,2.30594202,2.36241407,2.30594202,2.34359006,9120750.59731151
2016-06-02,EGX:PHDC,2.35300207,2.37182608,2.31535403,2.34359006,12837717.15928219
2016-06-05,EGX:PHDC,2.34359006,2.3906501,2.33417805,2.36241407,11411464.69298496
2016-06-06,EGX:PHDC,2.35300207,2.38123809,2.35300207,2.36241407,7606770.83872985
2016-06-07,EGX:PHDC,2.36241407,2.51300621,2.36241407,2.43771014,20692544.51628086
2016-06-08,EGX:PHDC,2.51300621,2.54124223,2.47535817,2.51300621,18816674.93521991
2016-06-09,EGX:PHDC,2.49418219,2.56947826,2.48477018,2.52241821,11308606.72975353
2016-06-12,EGX:PHDC,2.5035942,2.52241821,2.48477018,2.5035942,3562800.73898914
2016-06-13,EGX:PHDC,2.52241821,2.52241821,2.43771014,2.47535817,12235624.61529275
2016-06-14,EGX:PHDC,2.49418219,2.49418219,2.3906501,2.42829813,7005175.53187286
2016-06-15,EGX:PHDC,2.40006211,2.41888612,2.37182608,2.40006211,4997555.11027323
2016-06-16,EGX:PHDC,2.40947412,2.44712215,2.3906501,2.41888612,4247785.2628917
2016-06-19,EGX:PHDC,2.43771014,2.44712215,2.34359006,2.40006211,3842250.13237003
2016-06-20,EGX:PHDC,2.37182608,2.40006211,2.25888198,2.34359006,9327006.25980702
2016-06-21,EGX:PHDC,2.37182608,2.3906501,2.26829399,2.32476604,8388872.78691807
2016-06-22,EGX:PHDC,2.31535403,2.31535403,2.25888198,2.277706,6572459.16724986
2016-06-23,EGX:PHDC,2.32241563,2.32241563,2.27300254,2.31253301,7591898.9234194
2016-06-26,EGX:PHDC,2.18405896,2.22358944,2.12476324,2.17417634,12671437.69257738
2016-06-27,EGX:PHDC,2.21370682,2.21370682,2.1544111,2.17417634,5867089.05661668
2016-06-28,EGX:PHDC,2.16429372,2.2038242,2.16429372,2.19394158,5768491.71828192
2016-06-29,EGX:PHDC,2.2038242,2.22358944,2.17417634,2.19394158,4931459.61183811
2016-07-03,EGX:PHDC,2.21370682,2.29276777,2.2038242,2.2532373,6399655.33458939
2016-07-04,EGX:PHDC,2.30265039,2.45088969,2.30265039,2.37182873,10462337.20887146
2016-07-10,EGX:PHDC,2.46077231,2.56948113,2.43112445,2.51018541,23553784.9917197
2016-07-11,EGX:PHDC,2.53983327,2.54971589,2.40147659,2.46077231,25248366.03170169
2016-07-12,EGX:PHDC,2.42124183,2.45088969,2.35206349,2.41135921,19074173.18211228
2016-07-13,EGX:PHDC,2.46077231,2.49042017,2.43112445,2.46077231,20417086.33452383
2016-07-14,EGX:PHDC,2.48053755,2.50030279,2.44100707,2.47065493,17070230.85057563
2016-07-17,EGX:PHDC,2.47065493,2.54971589,2.44100707,2.49042017,25412785.99789643
2016-07-18,EGX:PHDC,2.55959851,2.56948113,2.49042017,2.52006803,14965384.10012741
2016-07-19,EGX:PHDC,2.51018541,2.55959851,2.48053755,2.52995065,15894368.54571833
2016-07-20,EGX:PHDC,2.52995065,2.52995065,2.41135921,2.47065493,13797384.08302525
2016-07-21,EGX:PHDC,2.42124183,2.47065493,2.42124183,2.45088969,14184993.85747635
2016-07-24,EGX:PHDC,2.48053755,2.49042017,2.44100707,2.46077231,4504405.84266588
2016-07-25,EGX:PHDC,2.45088969,2.51018541,2.45088969,2.48053755,14244461.89497567
2016-07-26,EGX:PHDC,2.51018541,2.52995065,2.43112445,2.47065493,12508353.40461131
2016-07-27,EGX:PHDC,2.55959851,2.6584247,2.52995065,2.57936375,42359942.19471942
2016-07-28,EGX:PHDC,2.57936375,2.62877685,2.53983327,2.57936375,21934376.32719841
2016-07-31,EGX:PHDC,2.57936375,2.57936375,2.51018541,2.53983327,11971987.526829
2016-08-01,EGX:PHDC,2.53983327,2.58924637,2.50030279,2.52995065,21236180.88948303
2016-08-02,EGX:PHDC,2.58924637,2.61889423,2.56948113,2.58924637,23590212.57977442
2016-08-03,EGX:PHDC,2.61889423,2.6584247,2.60901161,2.63865946,15282142.21581208
2016-08-04,EGX:PHDC,2.66830732,2.68807256,2.61889423,2.6584247,21519132.17969803
2016-08-07,EGX:PHDC,2.60901161,2.64854208,2.60901161,2.62877685,5819789.85728252
2016-08-08,EGX:PHDC,2.64854208,2.67818994,2.63865946,2.6584247,11852636.58207751
2016-08-09,EGX:PHDC,2.63865946,2.63865946,2.55959851,2.58924637,19024368.57422192
2016-08-10,EGX:PHDC,2.56948113,2.63865946,2.56948113,2.60901161,22346938.99946698
2016-08-11,EGX:PHDC,2.60901161,2.62877685,2.55959851,2.59912899,17637995.28550621
2016-08-14,EGX:PHDC,2.57936375,2.63865946,2.55959851,2.60901161,10447169.16595645
2016-08-15,EGX:PHDC,2.63865946,2.64854208,2.56948113,2.60901161,7634222.72135175
2016-08-16,EGX:PHDC,2.57936375,2.59912899,2.51018541,2.54971589,12486345.07016158
2016-08-17,EGX:PHDC,2.52995065,2.55959851,2.51018541,2.52995065,9522243.36080129
2016-08-18,EGX:PHDC,2.53983327,2.54971589,2.49042017,2.52006803,18267818.16419778
2016-08-21,EGX:PHDC,2.52006803,2.53983327,2.50030279,2.52006803,13788995.61899821
2016-08-22,EGX:PHDC,2.53983327,2.53983327,2.43112445,2.48053755,10472203.01396961
2016-08-23,EGX:PHDC,2.47065493,2.49042017,2.44100707,2.47065493,7517989.37101128
2016-08-24,EGX:PHDC,2.47065493,2.49042017,2.45088969,2.48053755,8363387.68017832
2016-08-25,EGX:PHDC,2.46077231,2.47065493,2.41135921,2.44100707,5445855.60651364
2016-08-28,EGX:PHDC,2.43112445,2.44100707,2.40147659,2.41135921,4865056.16632415
2016-08-29,EGX:PHDC,2.43112445,2.44100707,2.37182873,2.40147659,5199715.40590537
2016-08-30,EGX:PHDC,2.40147659,2.45088969,2.39159397,2.43112445,6189189.88521604
2016-08-31,EGX:PHDC,2.44100707,2.46077231,2.41135921,2.43112445,9152476.02135489
2016-09-01,EGX:PHDC,2.43112445,2.48053755,2.42124183,2.46077231,17072092.7050762
2016-09-04,EGX:PHDC,2.48053755,2.48053755,2.45088969,2.46077231,18537058.51501996
2016-09-05,EGX:PHDC,2.47065493,2.49042017,2.43112445,2.46077231,9954396.99230118
2016-09-06,EGX:PHDC,2.44100707,2.45088969,2.38171135,2.41135921,9250539.08839818
2016-09-07,EGX:PHDC,2.39159397,2.47065493,2.38171135,2.43112445,12046775.38886023
2016-09-08,EGX:PHDC,2.44100707,2.46077231,2.42124183,2.44100707,7905341.11671365
2016-09-14,EGX:PHDC,2.42124183,2.44100707,2.40147659,2.43112445,6598064.26419407
2016-09-15,EGX:PHDC,2.41135921,2.41135921,2.38171135,2.40147659,6476478.08216445
2016-09-18,EGX:PHDC,2.40147659,2.41135921,2.32241563,2.36194611,7311740.41495526
2016-09-19,EGX:PHDC,2.37182873,2.42124183,2.36194611,2.38171135,29522060.78105537
2016-09-20,EGX:PHDC,2.42124183,2.42124183,2.37182873,2.39159397,12001524.2294767
2016-09-21,EGX:PHDC,2.39159397,2.39159397,2.33229825,2.36194611,15983646.49277576
2016-09-22,EGX:PHDC,2.36194611,2.37182873,2.32241563,2.35206349,6080292.64635881
2016-09-25,EGX:PHDC,2.35206349,2.36194611,2.31253301,2.33229825,3933556.19340256
2016-09-26,EGX:PHDC,2.33229825,2.37182873,2.33229825,2.35206349,8826601.90175953
2016-09-27,EGX:PHDC,2.35206349,2.36194611,2.32241563,2.34218087,21799260.33183879
2016-09-28,EGX:PHDC,2.34218087,2.38171135,2.33229825,2.37182873,17366609.75449857
2016-09-29,EGX:PHDC,2.37182873,2.37182873,2.31253301,2.33229825,7440382.4184156
2016-10-03,EGX:PHDC,2.33229825,2.44100707,2.33229825,2.42124183,29213984.57385707
2016-10-04,EGX:PHDC,2.42124183,2.44100707,2.36194611,2.38171135,14787576.99532256
2016-10-05,EGX:PHDC,2.38171135,2.46077231,2.37182873,2.41135921,33665132.27090952
2016-10-09,EGX:PHDC,2.41135921,2.48053755,2.38171135,2.43112445,18351955.77382971
2016-10-10,EGX:PHDC,2.43112445,2.47065493,2.36194611,2.40147659,19742406.92865266
2016-10-11,EGX:PHDC,2.40147659,2.40147659,2.35206349,2.37182873,7539565.63379158
2016-10-12,EGX:PHDC,2.37182873,2.39159397,2.35206349,2.37182873,4176687.07048653
2016-10-13,EGX:PHDC,2.37182873,2.44100707,2.37182873,2.42124183,18212832.74378408
2016-10-16,EGX:PHDC,2.42124183,2.43112445,2.35206349,2.38171135,6871545.3933923
2016-10-17,EGX:PHDC,2.38171135,2.38171135,2.22358944,2.26311992,33190976.6185051
2016-10-18,EGX:PHDC,2.26311992,2.30265039,2.2532373,2.27300254,3807987.26174562
2016-10-19,EGX:PHDC,2.27300254,2.29276777,2.17417634,2.23347206,18841906.83316564
2016-10-20,EGX:PHDC,2.23347206,2.29276777,2.23347206,2.26311992,9344604.22765247
2016-10-23,EGX:PHDC,2.26311992,2.27300254,2.22358944,2.24335468,5071895.04693116
2016-10-24,EGX:PHDC,2.24335468,2.24335468,2.2038242,2.22358944,7203947.13439158
2016-10-25,EGX:PHDC,2.22358944,2.26311992,2.21370682,2.22358944,6536186.94649591
2016-10-26,EGX:PHDC,2.22358944,2.24335468,2.19394158,2.22358944,6855808.67535266
2016-10-27,EGX:PHDC,2.22358944,2.32241563,2.22358944,2.28288515,24826868.48158525
2016-10-30,EGX:PHDC,2.28288515,2.32241563,2.24335468,2.27300254,14851062.18628236
2016-10-31,EGX:PHDC,2.27300254,2.29276777,2.24335468,2.26311992,9792332.67680064
2016-11-01,EGX:PHDC,2.26311992,2.32241563,2.26311992,2.29276777,23665253.41116713
2016-11-02,EGX:PHDC,2.29276777,2.38171135,2.29276777,2.33229825,20302137.05666228
2016-11-03,EGX:PHDC,2.33229825,2.55959851,2.27300254,2.36194611,31270089.18773319
2016-11-06,EGX:PHDC,2.36194611,2.55959851,2.32241563,2.46077231,35671189.42630824
2016-11-07,EGX:PHDC,2.46077231,2.6584247,2.46077231,2.57936375,45219497.73824012
2016-11-08,EGX:PHDC,2.57936375,2.64854208,2.50030279,2.57936375,37204305.1822377
2016-11-09,EGX:PHDC,2.57936375,2.71772042,2.45088969,2.64854208,57012858.53953304
2016-11-10,EGX:PHDC,2.64854208,2.9054902,2.64854208,2.79678138,56617295.40835666
2016-11-13,EGX:PHDC,2.79678138,2.94502068,2.79678138,2.86595972,43101101.94879046
2016-11-14,EGX:PHDC,2.86595972,2.9054902,2.79678138,2.8560771,34312490.98573965
2016-11-15,EGX:PHDC,2.8560771,3.02408163,2.806664,2.92525544,59099926.60325566
2016-11-16,EGX:PHDC,2.92525544,3.11302521,2.92525544,3.05372949,42604462.3795367
2016-11-17,EGX:PHDC,3.05372949,3.19208617,2.91537282,3.07349473,42877679.40872152
2016-11-20,EGX:PHDC,3.07349473,3.13279045,2.99443377,3.08337735,19268504.24560973
2016-11-21,EGX:PHDC,3.08337735,3.26126451,3.07349473,3.16243831,45057769.36605165
2016-11-22,EGX:PHDC,3.16243831,3.3600907,3.15255569,3.24149927,44957117.91650158
2016-11-23,EGX:PHDC,3.24149927,3.29091237,3.14267307,3.23161665,24301451.11776828
2016-11-24,EGX:PHDC,3.23161665,3.27114713,3.07349473,3.15255569,26316301.48817243
2016-11-27,EGX:PHDC,3.15255569,3.15255569,3.03396425,3.08337735,13082856.94333201
2016-11-28,EGX:PHDC,3.08337735,3.14267307,2.96478592,3.04384687,38239121.88990202
2016-11-29,EGX:PHDC,3.04384687,3.09325997,2.97466854,3.04384687,31248566.55445753
2016-11-30,EGX:PHDC,3.04384687,3.11302521,3.04384687,3.08337735,17388810.34566303
2016-12-01,EGX:PHDC,3.08337735,3.14267307,3.08337735,3.11302521,26535059.27321546
2016-12-04,EGX:PHDC,3.11302521,3.18220355,3.10314259,3.15255569,29239139.84716374
2016-12-05,EGX:PHDC,3.15255569,3.20196879,2.99443377,3.09325997,23360283.66772795
2016-12-06,EGX:PHDC,3.09325997,3.09325997,3.00431639,3.05372949,16165369.5632965
2016-12-07,EGX:PHDC,3.05372949,3.13279045,2.97466854,3.05372949,28162664.14504906
2016-12-08,EGX:PHDC,3.05372949,3.07349473,2.98455115,3.03396425,14650791.4021771
2016-12-12,EGX:PHDC,3.03396425,3.17232093,3.01419901,3.09325997,22754543.47225033
2016-12-13,EGX:PHDC,3.09325997,3.18220355,3.06361211,3.13279045,30095835.76801498
2016-12-14,EGX:PHDC,3.13279045,3.14267307,3.03396425,3.08337735,9890812.63735167
2016-12-15,EGX:PHDC,3.08337735,3.13279045,3.05372949,3.09325997,14400726.12895594
2016-12-18,EGX:PHDC,3.09325997,3.12290783,3.02408163,3.06361211,16727437.12820629
2016-12-19,EGX:PHDC,3.06361211,3.18220355,3.02408163,3.11302521,46940073.90980894
2016-12-20,EGX:PHDC,3.11302521,3.22173403,3.11302521,3.18220355,56521146.81344114
2016-12-21,EGX:PHDC,3.18220355,3.27114713,3.18220355,3.23161665,49383464.49735342
2016-12-22,EGX:PHDC,3.23161665,3.32056023,3.15255569,3.24149927,57747562.51549882
2016-12-25,EGX:PHDC,3.24149927,3.24149927,3.09325997,3.15255569,19765174.17118686
2016-12-26,EGX:PHDC,3.15255569,3.15255569,3.07349473,3.10314259,19001641.80678556
2016-12-27,EGX:PHDC,3.10314259,3.15255569,3.06361211,3.11302521,18777946.05980623
2016-12-28,EGX:PHDC,3.11302521,3.12290783,3.05372949,3.08337735,12631266.15797259
2016-12-29,EGX:PHDC,3.08337735,3.11302521,2.97466854,3.06361211,30062120.01151545
2017-01-02,EGX:PHDC,3.06361211,3.12290783,3.04384687,3.08337735,12129243.40070632
2017-01-03,EGX:PHDC,3.08337735,3.19208617,3.08337735,3.15255569,19346054.53306844
2017-01-04,EGX:PHDC,3.15255569,3.43915166,3.15255569,3.29091237,66370174.98353917
2017-01-05,EGX:PHDC,3.29091237,3.54786048,3.29091237,3.4589169,46983017.98861566
2017-01-08,EGX:PHDC,3.4589169,3.52809524,3.38973856,3.44903428,18847967.97906696
2017-01-09,EGX:PHDC,3.44903428,3.44903428,3.35020808,3.39962118,17438442.93438758
2017-01-10,EGX:PHDC,3.39962118,3.46879952,3.37985594,3.41938642,19526968.1016324
2017-01-11,EGX:PHDC,3.41938642,3.42926904,3.35020808,3.39962118,14618117.87944691
2017-01-12,EGX:PHDC,3.39962118,3.52809524,3.39962118,3.47868214,24345467.78666773
2017-01-15,EGX:PHDC,3.47868214,3.53797786,3.4095038,3.44903428,32425471.09308417
2017-01-16,EGX:PHDC,3.44903428,3.44903428,3.32056023,3.3600907,17524401.92342225
2017-01-17,EGX:PHDC,3.3600907,3.41938642,3.34032546,3.36997332,24725367.05498057
2017-01-18,EGX:PHDC,3.36997332,3.41938642,3.20196879,3.33044285,19100431.40183506
2017-01-19,EGX:PHDC,3.33044285,3.33044285,3.01419901,3.12290783,15679041.02521712
2017-01-22,EGX:PHDC,3.12290783,3.12290783,2.96478592,3.03396425,14257009.17530563
2017-01-23,EGX:PHDC,3.03396425,3.13279045,3.00431639,3.06361211,9620147.56308557
2017-01-24,EGX:PHDC,3.06361211,3.12290783,3.01419901,3.08337735,16842295.3370977
2017-01-26,EGX:PHDC,3.08337735,3.15255569,3.07349473,3.11302521,9915227.2163679
2017-01-29,EGX:PHDC,3.11302521,3.13279045,3.04384687,3.08337735,8085166.9170232
2017-01-30,EGX:PHDC,3.08337735,3.08337735,2.8560771,2.93513806,21455839.24545296
2017-01-31,EGX:PHDC,2.93513806,2.93513806,2.76713352,2.83631186,12640777.80596466
2017-02-01,EGX:PHDC,2.83631186,2.83631186,2.73748566,2.78689876,9676588.06326657
2017-02-02,EGX:PHDC,2.78689876,2.87584234,2.78689876,2.84619448,8804294.0515858
2017-02-05,EGX:PHDC,2.84619448,2.9054902,2.78689876,2.82642924,14885891.00797245
2017-02-06,EGX:PHDC,2.82642924,2.82642924,2.74736828,2.78689876,8566954.14912508
2017-02-07,EGX:PHDC,2.78689876,3.05372949,2.78689876,2.92525544,26234531.67176405
2017-02-08,EGX:PHDC,2.92525544,3.05372949,2.9054902,2.96478592,12696775.10382432
2017-02-09,EGX:PHDC,2.96478592,3.01419901,2.91537282,2.9549033,7329396.66450989
2017-02-12,EGX:PHDC,2.9549033,2.99443377,2.88572496,2.94502068,7321533.36487731
2017-02-13,EGX:PHDC,2.94502068,2.94502068,2.81654662,2.8560771,9893189.53747224
2017-02-14,EGX:PHDC,2.8560771,2.9054902,2.78689876,2.84619448,6621332.38606402
2017-02-15,EGX:PHDC,2.84619448,2.84619448,2.7572509,2.79678138,20733490.29310241
2017-02-16,EGX:PHDC,2.79678138,2.83631186,2.79678138,2.81654662,11554911.88115143
2017-02-19,EGX:PHDC,2.81654662,2.87584234,2.77701614,2.806664,10167091.60768799
2017-02-20,EGX:PHDC,2.806664,2.94502068,2.7572509,2.86595972,16933121.45664746
2017-02-21,EGX:PHDC,2.86595972,3.04384687,2.86595972,2.98455115,20936776.47199665
2017-02-22,EGX:PHDC,2.98455115,3.06361211,2.9549033,3.00431639,19055888.55666371
2017-02-23,EGX:PHDC,3.00431639,3.11302521,2.94502068,3.04384687,26724654.75026579
2017-02-26,EGX:PHDC,3.04384687,3.12290783,3.04384687,3.08337735,9782757.28052948
2017-02-27,EGX:PHDC,3.08337735,3.11302521,2.9549033,3.01419901,20890867.59227324
2017-02-28,EGX:PHDC,3.01419901,3.03396425,2.92525544,2.99443377,14900472.1619688
2017-03-01,EGX:PHDC,2.99443377,3.04384687,2.99443377,3.01419901,6358122.82481979
2017-03-02,EGX:PHDC,3.01419901,3.15255569,3.01419901,3.10314259,16874877.79085775
2017-03-05,EGX:PHDC,3.10314259,3.26126451,3.10314259,3.20196879,21595528.92686834
2017-03-06,EGX:PHDC,3.20196879,3.3600907,3.19208617,3.30079499,25561309.36941508
2017-03-07,EGX:PHDC,3.30079499,3.3600907,3.17232093,3.26126451,18379215.75222399
2017-03-08,EGX:PHDC,3.26126451,3.29091237,3.23161665,3.26126451,9532598.91458329
2017-03-09,EGX:PHDC,3.26126451,3.28102975,3.16243831,3.22173403,12067255.78836654
2017-03-12,EGX:PHDC,3.22173403,3.24149927,3.17232093,3.21185141,12297134.10654072
2017-03-13,EGX:PHDC,3.21185141,3.24149927,3.14267307,3.17232093,8864721.34890389
2017-03-14,EGX:PHDC,3.17232093,3.21185141,3.04384687,3.11302521,26257025.70738784
2017-03-15,EGX:PHDC,3.11302521,3.11302521,3.03396425,3.06361211,20879231.00164465
2017-03-16,EGX:PHDC,3.06361211,3.12290783,3.06361211,3.09325997,14900765.60642813
2017-03-19,EGX:PHDC,3.09325997,3.21185141,3.09325997,3.15255569,13865240.58455162
2017-03-20,EGX:PHDC,3.15255569,3.28102975,3.15255569,3.23161665,18491271.06059008
2017-03-21,EGX:PHDC,3.23161665,3.23161665,3.15255569,3.18220355,6815140.30892191
2017-03-22,EGX:PHDC,3.18220355,3.18220355,3.12290783,3.15255569,4061115.48799571
2017-03-23,EGX:PHDC,3.15255569,3.20196879,3.15255569,3.18220355,18796119.37873575
2017-03-26,EGX:PHDC,3.18220355,3.30079499,3.18220355,3.25138189,13946069.35493525
2017-03-27,EGX:PHDC,3.25138189,3.27114713,3.19208617,3.21185141,6230011.04514113
2017-03-28,EGX:PHDC,3.21185141,3.23161665,3.18220355,3.21185141,4575769.51141996
2017-03-29,EGX:PHDC,3.21185141,3.23161665,3.18220355,3.21185141,6549989.96673631
2017-03-30,EGX:PHDC,3.21185141,3.25138189,3.17232093,3.20196879,5318827.54757962
2017-04-02,EGX:PHDC,3.20196879,3.22173403,3.12290783,3.15255569,4807884.07874972
2017-04-03,EGX:PHDC,3.15255569,3.17232093,3.12290783,3.15255569,8603716.66861441
2017-04-04,EGX:PHDC,3.15255569,3.21185141,3.15255569,3.19208617,8204879.1020229
2017-04-05,EGX:PHDC,3.19208617,3.22173403,3.14267307,3.19208617,5552653.1996705
2017-04-06,EGX:PHDC,3.19208617,3.19208617,3.12290783,3.15255569,4755275.55845659
2017-04-09,EGX:PHDC,3.15255569,3.17232093,3.08337735,3.11302521,4981249.04156678
2017-04-10,EGX:PHDC,3.11302521,3.13279045,3.07349473,3.10314259,4392608.56304852
2017-04-11,EGX:PHDC,3.10314259,3.14267307,3.10314259,3.13279045,1827680.36359179
2017-04-12,EGX:PHDC,3.13279045,3.16243831,3.11302521,3.13279045,2951906.56238153
2017-04-13,EGX:PHDC,3.13279045,3.18220355,3.10314259,3.14267307,3453451.71349331
2017-04-18,EGX:PHDC,3.14267307,3.22173403,3.08337735,3.14267307,14880275.08814735
2017-04-19,EGX:PHDC,3.14267307,3.14267307,3.07349473,3.10314259,4836796.45301326
2017-04-20,EGX:PHDC,3.10314259,3.14267307,3.04384687,3.08337735,3732547.75063919
2017-04-23,EGX:PHDC,3.08337735,3.09325997,2.86595972,2.93513806,13015263.52994159
2017-04-24,EGX:PHDC,2.93513806,2.96478592,2.89560758,2.92525544,6477213.71706766
2017-04-26,EGX:PHDC,2.92525544,2.98455115,2.92525544,2.96478592,4954918.97854535
2017-04-27,EGX:PHDC,2.96478592,2.99443377,2.86595972,2.92525544,8230032.35157468
2017-04-30,EGX:PHDC,2.92525544,2.98455115,2.8560771,2.91537282,15397010.54347795
2017-05-02,EGX:PHDC,2.91537282,2.99443377,2.91537282,2.97466854,7437492.49642992
2017-05-03,EGX:PHDC,2.97466854,2.99443377,2.93513806,2.97466854,2410064.40386167
2017-05-04,EGX:PHDC,2.97466854,3.02408163,2.97466854,3.00431639,6807473.31351384
2017-05-07,EGX:PHDC,3.00431639,3.01419901,2.97466854,2.99443377,5230582.72739452
2017-05-08,EGX:PHDC,2.99443377,3.04384687,2.98455115,3.01419901,8592519.23279737
2017-05-09,EGX:PHDC,3.01419901,3.13279045,2.99443377,3.07349473,14422309.47487836
2017-05-10,EGX:PHDC,3.07349473,3.16243831,3.07349473,3.11302521,14818115.45664176
2017-05-11,EGX:PHDC,3.11302521,3.12290783,3.06361211,3.08337735,4124454.9686033
2017-05-14,EGX:PHDC,3.08337735,3.12290783,3.07349473,3.09325997,2293256.30713188
2017-05-15,EGX:PHDC,3.09325997,3.10314259,3.07349473,3.09325997,2738995.40522129
2017-05-16,EGX:PHDC,3.09325997,3.18220355,3.09325997,3.15255569,8244565.94733107
2017-05-17,EGX:PHDC,3.15255569,3.23161665,3.15255569,3.19208617,9831861.66922724
2017-05-18,EGX:PHDC,3.19208617,3.21185141,3.12290783,3.16243831,3853522.75869146
2017-05-21,EGX:PHDC,3.16243831,3.21185141,3.14267307,3.18220355,5613491.31923166
2017-05-22,EGX:PHDC,3.18220355,3.18220355,2.86595972,2.96478592,30385414.85550104
2017-05-23,EGX:PHDC,2.96478592,2.96478592,2.88572496,2.93513806,13851519.52638435
2017-05-24,EGX:PHDC,2.93513806,2.99443377,2.93513806,2.96478592,13307898.48731448
2017-05-25,EGX:PHDC,2.96478592,3.02408163,2.96478592,2.99443377,6042911.86974999
2017-05-28,EGX:PHDC,2.99443377,3.03396425,2.97466854,3.00431639,13065331.22596791
2017-05-29,EGX:PHDC,3.00431639,3.04384687,2.98455115,3.02408163,11298765.22448002
2017-05-30,EGX:PHDC,3.02408163,3.02408163,2.98455115,3.00431639,6081700.16788614
2017-05-31,EGX:PHDC,3.00431639,3.01419901,2.92525544,2.98455115,11550328.07632121
2017-06-01,EGX:PHDC,2.98455115,3.07349473,2.98455115,3.04384687,14000548.83662597
2017-06-04,EGX:PHDC,3.04384687,3.09325997,3.02408163,3.07349473,12935406.16190609
2017-06-05,EGX:PHDC,3.07349473,3.10314259,3.01419901,3.05372949,8117874.84358655
2017-06-06,EGX:PHDC,3.05372949,3.09325997,3.03396425,3.07349473,14707355.35140651
2017-06-07,EGX:PHDC,3.07349473,3.10314259,3.06361211,3.08337735,5976231.16981584
2017-06-08,EGX:PHDC,3.08337735,3.11302521,3.06361211,3.09325997,8703988.66412224
2017-06-11,EGX:PHDC,3.09325997,3.10314259,3.06361211,3.09325997,3582008.71924819
2017-06-12,EGX:PHDC,3.09325997,3.09325997,2.98455115,3.04384687,7657189.30374281
2017-06-13,EGX:PHDC,3.04384687,3.07349473,3.01419901,3.05372949,8197160.50086508
2017-06-14,EGX:PHDC,3.05372949,3.05372949,2.99443377,3.01419901,3369202.79734232
2017-06-15,EGX:PHDC,3.01419901,3.15255569,3.01419901,3.11302521,25987208.58642146
2017-06-18,EGX:PHDC,3.11302521,3.17232093,3.11302521,3.14267307,17453519.90833245
2017-06-19,EGX:PHDC,3.14267307,3.16243831,3.06361211,3.10314259,7528684.91561512
2017-06-20,EGX:PHDC,3.10314259,3.10314259,3.05372949,3.07349473,3866743.94940043
2017-06-21,EGX:PHDC,3.07349473,3.07349473,3.03396425,3.05372949,4706910.85217183
2017-06-22,EGX:PHDC,3.05372949,3.08337735,2.98455115,3.02408163,25337573.1473379
2017-06-28,EGX:PHDC,3.02408163,3.05372949,2.99443377,3.03396425,9887548.32071099
2017-07-02,EGX:PHDC,3.03396425,3.08337735,3.03396425,3.07349473,11235057.42048211
2017-07-03,EGX:PHDC,3.07349473,3.08337735,3.02408163,3.07349473,14998674.86809964
2017-07-04,EGX:PHDC,3.07349473,3.07349473,3.03396425,3.06361211,6361602.67135646
2017-07-05,EGX:PHDC,3.06361211,3.07349473,3.04384687,3.05372949,2961016.49502755
2017-07-06,EGX:PHDC,3.05372949,3.08337735,3.04384687,3.06361211,11265595.88180131
2017-07-09,EGX:PHDC,3.06361211,3.06361211,2.98455115,3.00431639,11128081.73689476
2017-07-10,EGX:PHDC,3.00431639,3.05372949,3.00431639,3.02408163,17984624.02339574
2017-07-11,EGX:PHDC,3.02408163,3.09325997,3.02408163,3.06361211,32199781.94753628
2017-07-12,EGX:PHDC,3.06361211,3.18220355,3.06361211,3.13279045,38530198.55600812
2017-07-13,EGX:PHDC,3.13279045,3.24149927,3.13279045,3.21185141,30196284.84207586
2017-07-16,EGX:PHDC,3.21185141,3.32056023,3.21185141,3.28102975,18063307.61359393
2017-07-17,EGX:PHDC,3.28102975,3.29091237,3.22173403,3.23161665,8467283.20882015
2017-07-18,EGX:PHDC,3.23161665,3.28102975,3.16243831,3.22173403,22750708.45673012
2017-07-19,EGX:PHDC,3.22173403,3.26126451,3.20196879,3.23161665,7140817.11241531
2017-07-20,EGX:PHDC,3.23161665,3.24149927,3.17232093,3.19208617,2120230.32325921
2017-07-24,EGX:PHDC,3.19208617,3.21185141,3.13279045,3.16243831,4903901.12959727
2017-07-25,EGX:PHDC,3.16243831,3.18220355,3.13279045,3.15255569,7740286.70336029
2017-07-26,EGX:PHDC,3.15255569,3.21185141,3.15255569,3.19208617,5126062.87036852
2017-07-27,EGX:PHDC,3.19208617,3.19208617,3.10314259,3.12290783,6786740.95652347
2017-07-30,EGX:PHDC,3.12290783,3.16243831,3.08337735,3.11302521,5826848.71434557
2017-07-31,EGX:PHDC,3.11302521,3.17232093,3.09325997,3.12290783,8310376.43266169
2017-08-01,EGX:PHDC,3.12290783,3.15255569,3.08337735,3.11302521,6448621.09607705
2017-08-02,EGX:PHDC,3.11302521,3.15255569,3.03396425,3.08337735,6431962.55768414
2017-08-03,EGX:PHDC,3.08337735,3.08337735,3.03396425,3.04384687,15664328.3271528
2017-08-06,EGX:PHDC,3.04384687,3.09325997,3.04384687,3.08337735,11674586.62668563
2017-08-07,EGX:PHDC,3.08337735,3.10314259,3.03396425,3.06361211,9610322.23308526
2017-08-08,EGX:PHDC,3.06361211,3.07349473,3.02408163,3.05372949,8769207.20114698
2017-08-09,EGX:PHDC,3.05372949,3.07349473,3.03396425,3.05372949,8020361.22599641
2017-08-10,EGX:PHDC,3.05372949,3.09325997,3.01419901,3.04384687,12527933.23319072
2017-08-13,EGX:PHDC,3.04384687,3.05372949,3.00431639,3.02408163,4434712.78357509
2017-08-14,EGX:PHDC,3.02408163,3.05372949,2.9549033,2.98455115,9755028.80287772
2017-08-15,EGX:PHDC,2.98455115,3.00431639,2.87584234,2.91537282,12062752.933732
2017-08-16,EGX:PHDC,2.91537282,2.93513806,2.88572496,2.9054902,5927055.94969686
2017-08-17,EGX:PHDC,2.9054902,2.91537282,2.81654662,2.87584234,6324980.80283212
2017-08-20,EGX:PHDC,2.87584234,2.89560758,2.79678138,2.84619448,5024999.58669794
2017-08-21,EGX:PHDC,2.84619448,2.86595972,2.82642924,2.8560771,6387624.11175688
2017-08-22,EGX:PHDC,2.8560771,2.87584234,2.78689876,2.82642924,5177222.38215903
2017-08-23,EGX:PHDC,2.82642924,2.82642924,2.7572509,2.77701614,3644304.95420898
2017-08-24,EGX:PHDC,2.77701614,2.77701614,2.72760304,2.7572509,2877997.00997341
2017-08-27,EGX:PHDC,2.7572509,2.78689876,2.72760304,2.7572509,2581021.09835734
2017-08-28,EGX:PHDC,2.7572509,2.78689876,2.7572509,2.77701614,5320521.43042416
2017-08-29,EGX:PHDC,2.77701614,2.84619448,2.77701614,2.81654662,4751677.32225874
2017-08-30,EGX:PHDC,2.81654662,2.86595972,2.806664,2.84619448,5869754.34180935
2017-09-05,EGX:PHDC,2.84619448,2.93513806,2.84619448,2.91537282,10723280.16463673
2017-09-06,EGX:PHDC,2.91537282,2.93513806,2.87584234,2.89560758,5129342.36517089
2017-09-07,EGX:PHDC,2.89560758,2.99443377,2.88572496,2.9549033,10757167.94030208
2017-09-10,EGX:PHDC,2.9549033,3.02408163,2.9549033,3.00431639,6026869.56472168
2017-09-11,EGX:PHDC,3.00431639,3.06361211,3.00431639,3.02408163,10438092.62526615
2017-09-12,EGX:PHDC,3.02408163,3.09325997,3.00431639,3.04384687,11736442.69495743
2017-09-13,EGX:PHDC,3.04384687,3.04384687,2.96478592,3.00431639,6065743.87244073
2017-09-14,EGX:PHDC,3.00431639,3.09325997,3.00431639,3.06361211,13826607.1036647
2017-09-17,EGX:PHDC,3.06361211,3.12290783,3.06361211,3.10314259,11503235.29998603
2017-09-18,EGX:PHDC,3.10314259,3.15255569,3.05372949,3.11302521,17065525.62045189
2017-09-19,EGX:PHDC,3.11302521,3.20196879,3.11302521,3.16243831,22643773.24824061
2017-09-20,EGX:PHDC,3.16243831,3.18220355,3.09325997,3.12290783,9303046.42094672
2017-09-24,EGX:PHDC,3.12290783,3.13279045,3.08337735,3.11302521,2902591.70317501
2017-09-25,EGX:PHDC,3.11302521,3.15255569,3.10314259,3.14267307,9738829.65684528
2017-09-26,EGX:PHDC,3.14267307,3.15255569,3.05372949,3.10314259,8458811.77084254
2017-09-27,EGX:PHDC,3.10314259,3.15255569,3.08337735,3.13279045,11174881.06877061
2017-09-28,EGX:PHDC,3.13279045,3.24149927,3.13279045,3.20196879,32963273.83683974
2017-10-01,EGX:PHDC,3.20196879,3.24149927,3.19208617,3.21185141,5946065.07939675
2017-10-02,EGX:PHDC,3.21185141,3.27114713,3.09325997,3.19208617,13045781.75371188
2017-10-03,EGX:PHDC,3.19208617,3.19208617,3.05372949,3.13279045,5138233.73228858
2017-10-04,EGX:PHDC,3.13279045,3.17232093,3.09325997,3.13279045,4723474.27408482
2017-10-08,EGX:PHDC,3.13279045,3.39962118,3.13279045,3.27114713,26425999.12208942
2017-10-09,EGX:PHDC,3.27114713,3.39962118,3.26126451,3.34032546,20446511.73065247
2017-10-10,EGX:PHDC,3.34032546,3.35020808,3.26126451,3.30079499,10531944.25837934
2017-10-11,EGX:PHDC,3.30079499,3.32056023,3.26126451,3.29091237,4300439.68212796
2017-10-12,EGX:PHDC,3.29091237,3.31067761,3.21185141,3.25138189,4323121.9269567
2017-10-15,EGX:PHDC,3.25138189,3.28102975,3.19208617,3.24149927,5116588.66184196
2017-10-16,EGX:PHDC,3.24149927,3.24149927,3.11302521,3.16243831,5971209.22205152
2017-10-17,EGX:PHDC,3.16243831,3.42926904,3.11302521,3.33044285,19097709.45150542
2017-10-18,EGX:PHDC,3.33044285,3.6071562,3.33044285,3.53797786,49493708.54509125
2017-10-19,EGX:PHDC,3.53797786,3.67633454,3.50833,3.58739096,22007454.11634595
2017-10-22,EGX:PHDC,3.58739096,3.64668668,3.46879952,3.57750834,7818815.47630924
2017-10-23,EGX:PHDC,3.57750834,3.88386955,3.57750834,3.76527811,28449824.84543928
2017-10-24,EGX:PHDC,3.76527811,3.95304789,3.76527811,3.84433907,13917291.56037203
2017-10-25,EGX:PHDC,3.84433907,3.96293051,3.78504335,3.90363479,8626374.62838444
2017-10-26,EGX:PHDC,3.90363479,3.95304789,3.87398693,3.91351741,33198009.16675455
2017-10-29,EGX:PHDC,3.91351741,4.09140456,3.87398693,4.03210885,19345315.86253288
2017-10-30,EGX:PHDC,4.03210885,4.08152194,4.01234361,4.05187408,5634516.1088039
2017-10-31,EGX:PHDC,4.05187408,4.15070028,4.01234361,4.08152194,12205549.07890649
2017-11-01,EGX:PHDC,4.08152194,4.14081766,3.95304789,4.05187408,9356728.54321002
2017-11-02,EGX:PHDC,4.05187408,4.08152194,3.90363479,3.96293051,17352716.67716549
2017-11-05,EGX:PHDC,3.96293051,4.05187408,3.79492597,3.92340003,8658485.54725468
2017-11-06,EGX:PHDC,3.92340003,4.05187408,3.85422169,3.94316527,14686854.71435127
2017-11-07,EGX:PHDC,3.94316527,4.02222623,3.85422169,3.96293051,6823135.15262247
2017-11-08,EGX:PHDC,3.96293051,4.10128718,3.95304789,4.04199146,20603413.4474237
2017-11-09,EGX:PHDC,4.04199146,4.05187408,3.95304789,3.96293051,15216643.38873481
2017-11-12,EGX:PHDC,3.96293051,4.05187408,3.95304789,3.99257837,5648464.83939652
2017-11-13,EGX:PHDC,3.99257837,3.99257837,3.95304789,3.96293051,8016676.98021566
2017-11-14,EGX:PHDC,3.96293051,4.00246099,3.92340003,3.97281313,5178137.11937018
2017-11-15,EGX:PHDC,3.97281313,4.05187408,3.87398693,3.98269575,9500507.22138453
2017-11-16,EGX:PHDC,3.98269575,3.98269575,3.95304789,3.97281313,5547732.43965077
2017-11-19,EGX:PHDC,3.97281313,3.99257837,3.86410431,3.95304789,4436502.794777
2017-11-20,EGX:PHDC,3.95304789,3.96293051,3.84433907,3.93328265,7932305.62689371
2017-11-21,EGX:PHDC,3.93328265,4.02222623,3.93328265,3.97281313,5679075.14401439
2017-11-22,EGX:PHDC,3.97281313,4.01234361,3.95304789,3.99257837,5002258.65297734
2017-11-23,EGX:PHDC,3.99257837,4.1605829,3.98269575,4.1111698,17504204.8496008
2017-11-26,EGX:PHDC,4.1111698,4.22976124,4.08152194,4.1605829,9708942.84460128
2017-11-27,EGX:PHDC,4.1605829,4.19023076,4.1111698,4.1605829,3933968.02752307
2017-11-28,EGX:PHDC,4.1605829,4.22976124,4.10128718,4.17046552,9903947.81847773
2017-11-29,EGX:PHDC,4.17046552,4.17046552,4.00246099,4.08152194,10029224.31755279
2017-12-03,EGX:PHDC,4.08152194,4.10128718,4.01234361,4.05187408,7800395.25928291
2017-12-04,EGX:PHDC,4.05187408,4.0617567,3.92340003,3.97281313,9866817.98747552
2017-12-05,EGX:PHDC,3.97281313,4.05187408,3.93328265,4.01234361,9946641.96355531
2017-12-06,EGX:PHDC,4.01234361,4.01234361,3.93328265,3.95304789,7371337.97276767
2017-12-07,EGX:PHDC,3.95304789,3.97281313,3.90363479,3.95304789,5403532.82045874
2017-12-10,EGX:PHDC,3.95304789,4.02222623,3.94316527,3.97281313,3878017.27602592
2017-12-11,EGX:PHDC,3.97281313,4.01234361,3.93328265,3.97281313,3869413.28210288
2017-12-12,EGX:PHDC,3.97281313,4.05187408,3.97281313,4.02222623,7680157.90988875
2017-12-13,EGX:PHDC,4.02222623,4.04199146,3.93328265,3.96293051,4804375.89964456
2017-12-14,EGX:PHDC,3.96293051,3.99257837,3.94316527,3.96293051,9304102.8210003
2017-12-17,EGX:PHDC,3.96293051,4.04199146,3.95304789,4.00246099,5479470.17526858
2017-12-18,EGX:PHDC,4.00246099,4.03210885,3.95304789,3.97281313,5116566.40053815
2017-12-19,EGX:PHDC,3.97281313,3.99257837,3.83445645,3.91351741,10341286.31001074
2017-12-20,EGX:PHDC,3.91351741,3.91351741,3.75539549,3.81469121,7913773.09147087
2017-12-21,EGX:PHDC,3.81469121,3.82457383,3.76527811,3.79492597,2653231.70853369
2017-12-24,EGX:PHDC,3.79492597,3.88386955,3.79492597,3.85422169,4966350.15805241
2017-12-25,EGX:PHDC,3.85422169,3.94316527,3.84433907,3.89375217,5709846.33714616
2017-12-26,EGX:PHDC,3.89375217,3.91351741,3.84433907,3.86410431,4623743.63301058
2017-12-27,EGX:PHDC,3.86410431,3.92340003,3.85422169,3.88386955,5444283.14896261
2017-12-28,EGX:PHDC,3.88386955,3.91351741,3.87398693,3.89375217,4768299.43306359
2017-12-31,EGX:PHDC,3.89375217,3.90363479,3.80480859,3.85422169,2806014.0722224
2018-01-02,EGX:PHDC,3.85422169,3.88386955,3.83445645,3.85422169,4232298.84303928
2018-01-03,EGX:PHDC,3.85422169,3.86410431,3.76527811,3.81469121,3471215.22205722
2018-01-04,EGX:PHDC,3.81469121,3.86410431,3.67633454,3.77516073,8466330.02026605
2018-01-08,EGX:PHDC,3.77516073,4.10128718,3.69609977,3.90363479,32676487.53110454
2018-01-09,EGX:PHDC,3.90363479,4.05187408,3.90363479,3.96293051,14653452.63985999
2018-01-10,EGX:PHDC,3.96293051,4.02222623,3.90363479,3.95304789,5413773.0202119
2018-01-11,EGX:PHDC,3.95304789,3.97281313,3.90363479,3.94316527,12582179.98306886
2018-01-14,EGX:PHDC,3.94316527,3.95304789,3.88386955,3.91351741,17951029.69218973
2018-01-15,EGX:PHDC,3.91351741,3.93328265,3.81469121,3.86410431,21395430.16192889
2018-01-16,EGX:PHDC,3.86410431,3.90363479,3.82457383,3.87398693,11651475.3458198
2018-01-17,EGX:PHDC,3.87398693,3.96293051,3.87398693,3.93328265,8118590.24094085
2018-01-18,EGX:PHDC,3.93328265,3.95304789,3.87398693,3.92340003,9103841.14379206
2018-01-21,EGX:PHDC,3.92340003,3.95304789,3.84433907,3.87398693,10704014.01806557
2018-01-22,EGX:PHDC,3.87398693,3.95304789,3.85422169,3.89375217,9432217.63631129
2018-01-23,EGX:PHDC,3.89375217,3.94316527,3.86410431,3.89375217,2557099.3036573
2018-01-24,EGX:PHDC,3.89375217,3.90363479,3.72574763,3.81469121,17370515.60144
2018-01-28,EGX:PHDC,3.81469121,3.85422169,3.74551287,3.77516073,14325766.2477589
2018-01-29,EGX:PHDC,3.77516073,3.81469121,3.73563025,3.77516073,15756500.24370569
2018-01-30,EGX:PHDC,3.77516073,3.80480859,3.71586501,3.75539549,9971588.79010811
2018-01-31,EGX:PHDC,3.75539549,3.75539549,3.64668668,3.68621715,9575915.36429013
2018-02-01,EGX:PHDC,3.68621715,3.72574763,3.67633454,3.69609977,5014568.1421075
2018-02-04,EGX:PHDC,3.69609977,3.69609977,3.6071562,3.63680406,6351809.72143441
2018-02-05,EGX:PHDC,3.63680406,3.6565693,3.6071562,3.62692144,3775281.35893716
2018-02-06,EGX:PHDC,3.62692144,3.62692144,3.39962118,3.52809524,18157193.65054028
2018-02-07,EGX:PHDC,3.52809524,3.77516073,3.52809524,3.69609977,25700028.66035977
2018-02-08,EGX:PHDC,3.69609977,3.73563025,3.6071562,3.6565693,8983886.10820533
2018-02-11,EGX:PHDC,3.6565693,3.6565693,3.5577431,3.61703882,7039524.1325645
2018-02-12,EGX:PHDC,3.61703882,3.81469121,3.61703882,3.73563025,12964069.61431792
2018-02-13,EGX:PHDC,3.73563025,3.73563025,3.59727358,3.6565693,4375978.35722409
2018-02-14,EGX:PHDC,3.6565693,3.80480859,3.6071562,3.73563025,14216793.11809322
2018-02-15,EGX:PHDC,3.73563025,3.99257837,3.73563025,3.93328265,28341292.89434004
2018-02-18,EGX:PHDC,3.93328265,4.09140456,3.93328265,4.05187408,24179089.83761504
2018-02-19,EGX:PHDC,4.05187408,4.09140456,4.01234361,4.0617567,14521696.07762097
2018-02-20,EGX:PHDC,4.0617567,4.08152194,3.97281313,4.01234361,9177598.91458329
2018-02-21,EGX:PHDC,4.01234361,4.1111698,3.95304789,4.04199146,9811008.8988208
2018-02-22,EGX:PHDC,4.04199146,4.04199146,3.90363479,3.97281313,9171037.90122366
2018-02-25,EGX:PHDC,3.97281313,4.05187408,3.93328265,3.98269575,8578331.69912751
2018-02-26,EGX:PHDC,3.98269575,4.1111698,3.98269575,4.04199146,24435499.5824224
2018-02-27,EGX:PHDC,4.04199146,4.14081766,4.04199146,4.10128718,15236678.5621649
2018-02-28,EGX:PHDC,4.10128718,4.12105242,3.96293051,4.0617567,6654827.55328034
2018-03-01,EGX:PHDC,4.0617567,4.1111698,3.94316527,4.05187408,6389970.65555407
2018-03-04,EGX:PHDC,4.05187408,4.10128718,4.04199146,4.08152194,9003428.49731924
2018-03-05,EGX:PHDC,4.08152194,4.17046552,4.0617567,4.12105242,11627262.13041533
2018-03-06,EGX:PHDC,4.12105242,4.209996,4.1111698,4.1605829,17488311.29055704
2018-03-07,EGX:PHDC,4.1605829,4.19023076,4.01234361,4.1111698,9724106.8400065
2018-03-08,EGX:PHDC,4.1111698,4.1111698,4.00246099,4.03210885,14585881.48777338
2018-03-11,EGX:PHDC,4.03210885,4.20011338,4.02222623,4.14081766,19756966.83322264
2018-03-12,EGX:PHDC,4.14081766,4.40764839,4.14081766,4.31870482,24140109.28276416
2018-03-13,EGX:PHDC,4.31870482,4.42741363,4.2594091,4.31870482,13643458.29782261
2018-03-14,EGX:PHDC,4.31870482,4.33847006,4.20011338,4.23964386,7524370.27018553
2018-03-15,EGX:PHDC,4.23964386,4.3088222,4.20011338,4.26929172,6568711.72324154
2018-03-18,EGX:PHDC,4.26929172,4.39776577,4.23964386,4.3088222,15269631.36307018
2018-03-19,EGX:PHDC,4.3088222,4.40764839,4.20011338,4.29893958,12921127.55926609
2018-03-20,EGX:PHDC,4.29893958,4.29893958,4.1605829,4.209996,5793202.77738981
2018-03-21,EGX:PHDC,4.209996,4.34835268,4.18034814,4.26929172,11153248.14085334
2018-03-22,EGX:PHDC,4.26929172,4.29893958,4.1605829,4.21987862,8965224.05246941
2018-03-25,EGX:PHDC,4.21987862,4.21987862,4.14081766,4.18034814,3057820.78652806
2018-03-26,EGX:PHDC,4.18034814,4.28905696,4.14081766,4.19023076,6621500.35772005
2018-03-27,EGX:PHDC,4.19023076,4.53612245,4.19023076,4.37800054,26316777.07057203
2018-03-28,EGX:PHDC,4.37800054,5.06978392,4.37800054,4.73377485,33371617.99203609
2018-03-29,EGX:PHDC,4.73377485,5.19825797,4.73377485,5.05001868,21395933.06501954
2018-04-01,EGX:PHDC,5.05001868,5.34649727,5.03025344,5.15872749,10213846.41695621
2018-04-02,EGX:PHDC,5.15872749,5.15872749,4.99072296,5.06978392,11238247.87006923
2018-04-03,EGX:PHDC,5.06978392,5.06978392,4.79307056,4.92154462,11920845.21695507
2018-04-04,EGX:PHDC,4.92154462,5.09943177,4.77330532,4.95119248,17607198.79543828
2018-04-05,EGX:PHDC,4.95119248,5.14884487,4.83260104,5.03025344,11030710.7940245
2018-04-10,EGX:PHDC,5.03025344,5.30696679,5.03025344,5.22790583,12228792.91571773
2018-04-11,EGX:PHDC,5.22790583,5.74180206,5.22790583,5.54414966,26387484.03086368
2018-04-12,EGX:PHDC,5.54414966,5.63309324,5.23778845,5.38602775,16898948.33154235
2018-04-15,EGX:PHDC,5.38602775,5.45520608,5.25755369,5.34649727,6310275.18790992
2018-04-16,EGX:PHDC,5.34649727,5.43544085,5.33661465,5.38602775,3640595.41149208
2018-04-17,EGX:PHDC,5.38602775,5.43544085,5.27731893,5.36626251,3172211.50803944
2018-04-18,EGX:PHDC,5.36626251,5.36626251,5.06978392,5.18837535,7822275.08529699
2018-04-19,EGX:PHDC,5.18837535,5.19825797,5.04013606,5.08954915,5052694.67239399
2018-04-22,EGX:PHDC,5.08954915,5.21802321,5.08954915,5.13896225,2514236.17504625
2018-04-23,EGX:PHDC,5.13896225,5.39591037,5.13896225,5.27731893,9669290.40312627
2018-04-24,EGX:PHDC,5.27731893,5.35637989,5.12907963,5.21802321,4073963.29592712
2018-04-26,EGX:PHDC,5.21802321,5.36626251,5.21802321,5.22790583,34791347.82075802
2018-04-29,EGX:PHDC,5.22790583,5.35637989,5.19825797,5.25755369,1481492.8042687
2018-04-30,EGX:PHDC,5.25755369,5.27731893,5.08954915,5.15872749,1865084.41338187
2018-05-02,EGX:PHDC,5.15872749,5.17849273,4.95119248,5.03025344,2915144.0428922
2018-05-03,EGX:PHDC,5.03025344,5.03025344,4.79307056,4.8622489,5111987.65509516
2018-05-06,EGX:PHDC,4.8622489,4.99072296,4.74365746,4.87213152,4466981.55532689
2018-05-07,EGX:PHDC,4.87213152,5.33661465,4.79307056,4.9610751,7324758.21829759
2018-05-08,EGX:PHDC,4.9610751,5.10931439,4.9610751,5.04013606,8732963.77478743
2018-05-09,EGX:PHDC,5.04013606,5.06978392,4.65471389,4.84248366,8747612.72457266
2018-05-10,EGX:PHDC,4.84248366,4.87213152,4.67447913,4.75354008,10837424.99992874
2018-05-13,EGX:PHDC,4.75354008,4.911662,4.70412699,4.80295318,6954708.56504377
2018-05-14,EGX:PHDC,4.80295318,4.80295318,4.50647459,4.58553555,8056512.57150838
2018-05-15,EGX:PHDC,4.58553555,4.71400961,4.58553555,4.65471389,3668996.7876454
2018-05-16,EGX:PHDC,4.65471389,4.79307056,4.58553555,4.71400961,4125550.83187727
2018-05-17,EGX:PHDC,4.71400961,4.74365746,4.64483127,4.69424437,2562741.53229599
2018-05-20,EGX:PHDC,4.69424437,4.72389223,4.54600507,4.61518341,2596293.36464928
2018-05-21,EGX:PHDC,4.61518341,4.65471389,4.55588769,4.58553555,2831832.12525618
2018-05-22,EGX:PHDC,4.58553555,4.63494865,4.51635721,4.55588769,4471519.82567204
2018-05-23,EGX:PHDC,4.55588769,4.63494865,4.55588769,4.59541817,3291629.23670236
2018-05-24,EGX:PHDC,4.59541817,4.64483127,4.55588769,4.58553555,3793522.47365556
2018-05-27,EGX:PHDC,4.58553555,4.69424437,4.58553555,4.64483127,2144716.7455741
2018-05-28,EGX:PHDC,4.64483127,4.94130986,4.64483127,4.82271842,10213428.51157103
2018-05-29,EGX:PHDC,4.82271842,5.04013606,4.82271842,4.95119248,5394924.77902592
2018-05-30,EGX:PHDC,4.95119248,4.95119248,4.82271842,4.85236628,6346297.0131088
2018-05-31,EGX:PHDC,4.85236628,4.88201414,4.60530079,4.75354008,8788960.06076965
2018-06-03,EGX:PHDC,4.75354008,4.95119248,4.75354008,4.84248366,5340265.18314982
2018-06-04,EGX:PHDC,4.84248366,4.87213152,4.64483127,4.72389223,5709152.18921823
2018-06-05,EGX:PHDC,4.72389223,4.78318794,4.55588769,4.68436175,6021008.77055465
2018-06-06,EGX:PHDC,4.68436175,4.7634227,4.36811792,4.53612245,3311627.9825444
2018-06-07,EGX:PHDC,4.53612245,4.60530079,4.42741363,4.48670935,2866006.26223873
2018-06-10,EGX:PHDC,4.49659197,4.72389223,4.49659197,4.63494865,4814501.75724633
2018-06-11,EGX:PHDC,4.63494865,4.67447913,4.45706149,4.54600507,2611842.88536141
2018-06-12,EGX:PHDC,4.54600507,4.54600507,4.39776577,4.47682673,5316306.96086172
2018-06-13,EGX:PHDC,4.47682673,4.61518341,4.43729625,4.53612245,6080411.03601999
2018-06-14,EGX:PHDC,4.53612245,4.62506603,4.47682673,4.51635721,4119350.04688841
2018-06-19,EGX:PHDC,4.51635721,4.53612245,4.38788315,4.44717887,2379419.69541064
2018-06-20,EGX:PHDC,4.44717887,4.66459651,4.44717887,4.58553555,5827237.27528482
2018-06-21,EGX:PHDC,4.58553555,4.74365746,4.57565293,4.65471389,4854684.42250301
2018-06-24,EGX:PHDC,4.65471389,4.72389223,4.60530079,4.65471389,3230300.35657991
2018-06-25,EGX:PHDC,4.65471389,4.66459651,4.47682673,4.56577031,3410105.91934054
2018-06-26,EGX:PHDC,4.56577031,4.56577031,4.41753101,4.45706149,1616899.2084553
2018-06-27,EGX:PHDC,4.45706149,4.49659197,4.36811792,4.42741363,3800119.91460324
2018-06-28,EGX:PHDC,4.42741363,4.51635721,4.36811792,4.42741363,3954918.95004176
2018-07-02,EGX:PHDC,4.42741363,4.49659197,4.38788315,4.42741363,2287858.95283511
2018-07-03,EGX:PHDC,4.42741363,4.54600507,4.39776577,4.48670935,7525432.74150379
2018-07-04,EGX:PHDC,4.48670935,4.59541817,4.3088222,4.42741363,12732669.43246502
2018-07-05,EGX:PHDC,4.42741363,4.42741363,4.19023076,4.23964386,14836190.62345902
2018-07-08,EGX:PHDC,4.23964386,4.26929172,3.90363479,4.02222623,9120796.16227664
2018-07-09,EGX:PHDC,4.02222623,4.18034814,3.89375217,4.05187408,15168283.74183728
2018-07-10,EGX:PHDC,4.05187408,4.17046552,4.05187408,4.10128718,3692637.28041547
2018-07-11,EGX:PHDC,4.10128718,4.13093504,4.00246099,4.07163932,10736493.26032614
2018-07-12,EGX:PHDC,4.07163932,4.13093504,4.07163932,4.10128718,4861951.72631993
2018-07-15,EGX:PHDC,4.10128718,4.1605829,3.97281313,4.05187408,4535654.64195215
2018-07-16,EGX:PHDC,4.05187408,4.05187408,3.92340003,3.97281313,3571785.72141161
2018-07-17,EGX:PHDC,3.97281313,4.0617567,3.94316527,3.99257837,7271722.68572227
2018-07-18,EGX:PHDC,3.99257837,4.10128718,3.99257837,4.04199146,6562893.42792725
2018-07-19,EGX:PHDC,4.04199146,4.09140456,3.96293051,4.00246099,4154207.20114698
2018-07-22,EGX:PHDC,4.00246099,4.00246099,3.90363479,3.95304789,3402211.25150713
2018-07-24,EGX:PHDC,3.95304789,4.04199146,3.87398693,3.95304789,4307932.63461533
2018-07-25,EGX:PHDC,3.95304789,3.95304789,3.72574763,3.81469121,3186423.32676801
2018-07-26,EGX:PHDC,3.81469121,3.86410431,3.71586501,3.81469121,2160272.33755091
2018-07-29,EGX:PHDC,3.81469121,3.86410431,3.78504335,3.82457383,2788066.40196333
2018-07-30,EGX:PHDC,3.82457383,3.82457383,3.72574763,3.75539549,1862428.23508621
2018-07-31,EGX:PHDC,3.75539549,3.98269575,3.75539549,3.89375217,8014853.57705803
2018-08-01,EGX:PHDC,3.89375217,4.01234361,3.82457383,3.91351741,7718841.98464797
2018-08-02,EGX:PHDC,3.91351741,3.91351741,3.52809524,3.64668668,31222135.3036915
2018-08-05,EGX:PHDC,3.64668668,3.64668668,3.36997332,3.4589169,11892821.27108909
2018-08-06,EGX:PHDC,3.4589169,3.5577431,3.4095038,3.48856476,8324200.70232846
2018-08-07,EGX:PHDC,3.48856476,3.58739096,3.48856476,3.54786048,3873849.35282599
2018-08-08,EGX:PHDC,3.54786048,3.5577431,3.44903428,3.47868214,6665456.31397274
2018-08-09,EGX:PHDC,3.47868214,3.51821262,3.23161665,3.3600907,11801225.11280296
2018-08-12,EGX:PHDC,3.3600907,3.3600907,3.08337735,3.15255569,15682233.49855914
2018-08-13,EGX:PHDC,3.15255569,3.16243831,2.87584234,2.99443377,14312661.42295622
2018-08-14,EGX:PHDC,2.99443377,3.07349473,2.94502068,3.01419901,9099667.14932746
2018-08-15,EGX:PHDC,3.01419901,3.04384687,2.97466854,3.01419901,4277335.48440426
2018-08-16,EGX:PHDC,3.01419901,3.05372949,2.92525544,2.99443377,4843107.53264374
2018-08-19,EGX:PHDC,2.99443377,2.99443377,2.92525544,2.9549033,2205448.61800344
2018-08-26,EGX:PHDC,2.9549033,3.01419901,2.94502068,2.98455115,2957161.24195842
2018-08-27,EGX:PHDC,2.98455115,3.01419901,2.93513806,2.97466854,2771497.92066311
2018-08-28,EGX:PHDC,2.97466854,3.19208617,2.97466854,3.11302521,14849489.72873133
2018-08-29,EGX:PHDC,3.11302521,3.23161665,3.11302521,3.18220355,4979062.37440606
2018-08-30,EGX:PHDC,3.18220355,3.24149927,3.14267307,3.19208617,6271721.64534123
2018-09-02,EGX:PHDC,3.19208617,3.19208617,3.07349473,3.12290783,3495178.50373254
2018-09-03,EGX:PHDC,3.12290783,3.12290783,2.96478592,3.03396425,9114421.33436706
2018-09-04,EGX:PHDC,3.03396425,3.17232093,3.03396425,3.14267307,9276282.26250096
2018-09-05,EGX:PHDC,3.14267307,3.16243831,3.05372949,3.10314259,4116342.747119
2018-09-06,EGX:PHDC,3.10314259,3.11302521,3.07349473,3.09325997,831191.5498257
2018-09-09,EGX:PHDC,3.09325997,3.10314259,3.01419901,3.05372949,1890189.09281624
2018-09-10,EGX:PHDC,3.05372949,3.05372949,2.99443377,3.01419901,2801566.87084738
2018-09-13,EGX:PHDC,2.89560758,2.89560758,2.74736828,2.806664,8077275.28482212
2018-09-16,EGX:PHDC,2.806664,2.806664,2.53983327,2.64854208,5490765.76319787
2018-09-17,EGX:PHDC,2.64854208,2.64854208,2.50030279,2.57936375,3487720.96695579
2018-09-18,EGX:PHDC,2.57936375,2.66830732,2.44100707,2.54971589,8822196.1873598
2018-09-19,EGX:PHDC,2.54971589,2.54971589,2.30265039,2.34218087,10526870.70486528
2018-09-20,EGX:PHDC,2.34218087,2.43112445,2.13464586,2.30265039,10615958.41896287
2018-09-23,EGX:PHDC,2.30265039,2.37182873,2.27300254,2.32241563,4423749.09144807
2018-09-24,EGX:PHDC,2.32241563,2.42124183,2.27300254,2.34218087,7586518.77103921
2018-09-25,EGX:PHDC,2.34218087,2.45088969,2.34218087,2.40147659,10386628.5383644
2018-09-26,EGX:PHDC,2.40147659,2.51018541,2.40147659,2.46077231,17135916.8749804
2018-09-27,EGX:PHDC,2.46077231,2.46077231,2.39159397,2.42124183,3186433.44554247
2018-09-30,EGX:PHDC,2.42124183,2.47065493,2.35206349,2.38171135,5058819.56657441
2018-10-01,EGX:PHDC,2.38171135,2.38171135,2.33229825,2.36194611,1734344.78797605
2018-10-02,EGX:PHDC,2.36194611,2.48053755,2.36194611,2.43112445,4704176.75931284
2018-10-03,EGX:PHDC,2.43112445,2.52006803,2.42124183,2.48053755,5561041.66369754
2018-10-04,EGX:PHDC,2.48053755,2.48053755,2.36194611,2.38171135,4601268.82305826
2018-10-08,EGX:PHDC,2.38171135,2.39159397,2.17417634,2.23347206,8670137.31604496
2018-10-09,EGX:PHDC,2.23347206,2.24335468,2.1544111,2.19394158,4485776.16700823
2018-10-10,EGX:PHDC,2.19394158,2.22358944,2.02593704,2.06546752,45128913.45739995
2018-10-11,EGX:PHDC,2.06546752,2.06546752,1.93699346,2.01605442,14788530.18387666
2018-10-14,EGX:PHDC,2.01605442,2.13464586,2.01605442,2.104998,12434945.74341638
2018-10-15,EGX:PHDC,2.1,2.13,2.04,2.1,4982808.0
2018-10-16,EGX:PHDC,2.1,2.19,2.1,2.16,6004123.0
2018-10-17,EGX:PHDC,2.16,2.18,2.12,2.15,5552828.0
2018-10-18,EGX:PHDC,2.15,2.16,2.09,2.12,4560994.0
2018-10-21,EGX:PHDC,2.12,2.12,2.06,2.1,3460930.0
2018-10-22,EGX:PHDC,2.1,2.16,2.09,2.14,6442090.0
2018-10-23,EGX:PHDC,2.14,2.24,2.13,2.2,12932751.0
2018-10-24,EGX:PHDC,2.2,2.28,2.18,2.23,11556996.0
2018-10-25,EGX:PHDC,2.23,2.25,2.16,2.2,14513607.0
2018-10-28,EGX:PHDC,2.2,2.33,2.2,2.29,15102283.0
2018-10-29,EGX:PHDC,2.29,2.44,2.29,2.38,12999441.0
2018-10-30,EGX:PHDC,2.38,2.44,2.33,2.37,6419643.0
2018-10-31,EGX:PHDC,2.37,2.41,2.3,2.35,9708030.0
2018-11-01,EGX:PHDC,2.35,2.37,2.31,2.34,4211783.0
2018-11-04,EGX:PHDC,2.34,2.37,2.31,2.35,5389392.0
2018-11-05,EGX:PHDC,2.35,2.5,2.3,2.39,20260498.0
2018-11-06,EGX:PHDC,2.39,2.57,2.39,2.51,29886371.0
2018-11-07,EGX:PHDC,2.51,2.56,2.43,2.49,15080721.0
2018-11-08,EGX:PHDC,2.49,2.51,2.41,2.46,16038064.0
2018-11-11,EGX:PHDC,2.46,2.51,2.42,2.46,14779224.0
2018-11-12,EGX:PHDC,2.46,2.53,2.44,2.48,19005468.0
2018-11-13,EGX:PHDC,2.48,2.54,2.35,2.45,28168175.0
2018-11-14,EGX:PHDC,2.45,2.45,2.33,2.36,12935066.0
2018-11-15,EGX:PHDC,2.36,2.58,2.36,2.5,33678016.0
2018-11-18,EGX:PHDC,2.5,2.68,2.5,2.63,23853406.0
2018-11-19,EGX:PHDC,2.63,2.66,2.57,2.62,17302777.0
2018-11-22,EGX:PHDC,2.6,2.66,2.54,2.6,15346642.0
2018-11-25,EGX:PHDC,2.6,2.6,2.44,2.49,11488867.0
2018-11-26,EGX:PHDC,2.49,2.51,2.43,2.48,9872066.0
2018-11-27,EGX:PHDC,2.48,2.55,2.48,2.5,10625864.0
2018-11-28,EGX:PHDC,2.5,2.58,2.5,2.54,15357556.0
2018-11-29,EGX:PHDC,2.54,2.58,2.49,2.53,29639755.0
2018-12-02,EGX:PHDC,2.53,2.53,2.43,2.46,6405388.0
2018-12-03,EGX:PHDC,2.46,2.48,2.3,2.37,14728332.0
2018-12-04,EGX:PHDC,2.37,2.37,2.27,2.31,7209234.0
2018-12-05,EGX:PHDC,2.31,2.31,2.19,2.24,16705967.0
2018-12-06,EGX:PHDC,2.24,2.29,2.17,2.23,10090311.0
2018-12-09,EGX:PHDC,2.23,2.23,2.12,2.17,7373152.0
2018-12-10,EGX:PHDC,2.17,2.26,2.17,2.24,8008321.0
2018-12-11,EGX:PHDC,2.24,2.3,2.24,2.28,15806806.0
2018-12-12,EGX:PHDC,2.28,2.34,2.28,2.31,30342199.0
2018-12-13,EGX:PHDC,2.31,2.37,2.3,2.34,13806572.0
2018-12-16,EGX:PHDC,2.34,2.34,2.27,2.31,8035873.0
2018-12-17,EGX:PHDC,2.31,2.4,2.3,2.36,17274747.0
2018-12-18,EGX:PHDC,2.36,2.36,2.29,2.32,9359882.0
2018-12-19,EGX:PHDC,2.32,2.32,2.25,2.28,7923696.0
2018-12-20,EGX:PHDC,2.28,2.28,2.19,2.23,13540133.0
2018-12-23,EGX:PHDC,2.23,2.23,2.16,2.2,5736325.0
2018-12-24,EGX:PHDC,2.2,2.2,2.14,2.16,9451320.0
2018-12-25,EGX:PHDC,2.16,2.17,2.11,2.14,8737087.0
2018-12-26,EGX:PHDC,2.14,2.19,2.14,2.17,4535901.0
2018-12-27,EGX:PHDC,2.17,2.21,2.16,2.18,10559624.0
2018-12-30,EGX:PHDC,2.18,2.21,2.15,2.18,21540909.0
2018-12-31,EGX:PHDC,2.18,2.21,2.15,2.18,18955538.0
2019-01-02,EGX:PHDC,2.18,2.2,2.17,2.19,7493752.0
2019-01-03,EGX:PHDC,2.19,2.26,2.18,2.23,27269238.0
2019-01-06,EGX:PHDC,2.23,2.3,2.23,2.27,17798463.0
2019-01-08,EGX:PHDC,2.27,2.29,2.22,2.25,16304419.0
2019-01-09,EGX:PHDC,2.25,2.27,2.19,2.23,25902543.0
2019-01-10,EGX:PHDC,2.23,2.23,2.2,2.22,9421311.0
2019-01-13,EGX:PHDC,2.22,2.24,2.2,2.22,7410884.0
2019-01-14,EGX:PHDC,2.22,2.22,2.19,2.2,6854723.0
2019-01-15,EGX:PHDC,2.2,2.22,2.2,2.21,6873763.0
2019-01-16,EGX:PHDC,2.21,2.28,2.21,2.25,25709183.0
2019-01-17,EGX:PHDC,2.25,2.25,2.19,2.22,7772894.0
2019-01-20,EGX:PHDC,2.22,2.23,2.18,2.2,6390904.0
2019-01-21,EGX:PHDC,2.2,2.21,2.18,2.19,5656408.0
2019-01-22,EGX:PHDC,2.19,2.2,2.13,2.16,8514918.0
2019-01-23,EGX:PHDC,2.16,2.17,2.11,2.14,7241984.0
2019-01-27,EGX:PHDC,2.14,2.2,2.14,2.18,10442445.0
2019-01-28,EGX:PHDC,2.18,2.25,2.17,2.21,27547891.0
2019-01-29,EGX:PHDC,2.21,2.26,2.21,2.24,18909406.0
2019-01-30,EGX:PHDC,2.24,2.27,2.22,2.25,14781502.0
2019-01-31,EGX:PHDC,2.25,2.4,2.24,2.33,80032328.0
2019-02-03,EGX:PHDC,2.33,2.45,2.33,2.39,28412676.0
2019-02-04,EGX:PHDC,2.39,2.42,2.32,2.38,28622006.0
2019-02-05,EGX:PHDC,2.38,2.55,2.38,2.48,72926170.0
2019-02-06,EGX:PHDC,2.48,2.56,2.45,2.52,29345214.0
2019-02-07,EGX:PHDC,2.52,2.59,2.52,2.56,25117365.0
2019-02-10,EGX:PHDC,2.56,2.58,2.52,2.55,9859368.0
2019-02-11,EGX:PHDC,2.55,2.55,2.49,2.52,14211211.0
2019-02-12,EGX:PHDC,2.52,2.61,2.52,2.59,20810878.0
2019-02-13,EGX:PHDC,2.59,2.65,2.59,2.63,14571286.0
2019-02-14,EGX:PHDC,2.63,2.65,2.55,2.6,14103178.0
2019-02-17,EGX:PHDC,2.6,2.87,2.6,2.77,56363398.0
2019-02-18,EGX:PHDC,2.77,2.84,2.73,2.78,12916151.0
2019-02-19,EGX:PHDC,2.78,2.85,2.73,2.81,19461729.0
2019-02-20,EGX:PHDC,2.81,2.89,2.79,2.83,16457960.0
2019-02-21,EGX:PHDC,2.83,2.83,2.78,2.81,10428443.0
2019-02-24,EGX:PHDC,2.81,2.83,2.73,2.77,9447542.0
2019-02-25,EGX:PHDC,2.77,2.88,2.73,2.83,14310639.0
2019-02-26,EGX:PHDC,2.83,2.91,2.81,2.84,16886523.0
2019-02-27,EGX:PHDC,2.84,2.84,2.76,2.79,9866918.0
2019-02-28,EGX:PHDC,2.79,2.82,2.72,2.77,12150684.0
2019-03-03,EGX:PHDC,2.77,2.83,2.72,2.75,7097244.0
2019-03-04,EGX:PHDC,2.75,2.78,2.67,2.72,21696423.0
2019-03-05,EGX:PHDC,2.72,2.8,2.71,2.75,9325288.0
2019-03-06,EGX:PHDC,2.75,2.83,2.75,2.81,9879953.0
2019-03-07,EGX:PHDC,2.81,2.94,2.81,2.89,36089482.0
2019-03-10,EGX:PHDC,2.89,2.98,2.89,2.94,13899611.0
2019-03-11,EGX:PHDC,2.94,3.0,2.91,2.95,19412133.0
2019-03-12,EGX:PHDC,2.95,2.95,2.88,2.91,22559915.0
2019-03-13,EGX:PHDC,2.91,2.93,2.83,2.88,17555852.0
2019-03-14,EGX:PHDC,2.88,2.88,2.82,2.85,11587620.0
2019-03-17,EGX:PHDC,2.85,2.86,2.82,2.84,2906044.0
2019-03-18,EGX:PHDC,2.84,2.87,2.79,2.82,9040259.0
2019-03-19,EGX:PHDC,2.82,2.82,2.65,2.72,19794252.0
2019-03-20,EGX:PHDC,2.72,2.75,2.66,2.71,23818714.0
2019-03-21,EGX:PHDC,2.71,2.81,2.7,2.76,10378672.0
2019-03-24,EGX:PHDC,2.76,2.87,2.76,2.84,13664338.0
2019-03-25,EGX:PHDC,2.84,2.85,2.7,2.74,14710036.0
2019-03-26,EGX:PHDC,2.74,2.77,2.68,2.72,10144179.0
2019-03-27,EGX:PHDC,2.72,2.8,2.65,2.7,11998819.0
2019-03-28,EGX:PHDC,2.7,2.77,2.65,2.74,14270077.0
2019-03-31,EGX:PHDC,2.74,2.75,2.68,2.72,17054482.0
2019-04-01,EGX:PHDC,2.72,2.74,2.68,2.71,8717887.0
2019-04-02,EGX:PHDC,2.71,2.74,2.67,2.7,9953143.0
2019-04-03,EGX:PHDC,2.7,2.72,2.64,2.67,11939761.0
2019-04-04,EGX:PHDC,2.67,2.71,2.66,2.68,4945279.0
2019-04-07,EGX:PHDC,2.68,2.7,2.64,2.67,5187481.0
2019-04-08,EGX:PHDC,2.67,2.69,2.56,2.62,9312800.0
2019-04-09,EGX:PHDC,2.62,2.62,2.47,2.52,22086073.0
2019-04-10,EGX:PHDC,2.52,2.53,2.49,2.52,5406845.0
2019-04-11,EGX:PHDC,2.52,2.56,2.51,2.54,6157888.0
2019-04-14,EGX:PHDC,2.54,2.58,2.51,2.55,6735435.0
2019-04-15,EGX:PHDC,2.55,2.59,2.55,2.57,6812838.0
2019-04-16,EGX:PHDC,2.57,2.61,2.49,2.54,11271898.0
2019-04-17,EGX:PHDC,2.54,2.54,2.44,2.49,5935445.0
2019-04-18,EGX:PHDC,2.49,2.54,2.49,2.51,5346944.0
2019-04-21,EGX:PHDC,2.51,2.53,2.49,2.51,2635935.0
2019-04-22,EGX:PHDC,2.51,2.55,2.51,2.52,4943903.0
2019-04-23,EGX:PHDC,2.52,2.53,2.45,2.47,3899988.0
2019-04-24,EGX:PHDC,2.47,2.51,2.45,2.48,6293510.0
2019-04-30,EGX:PHDC,2.48,2.48,2.4,2.43,4610324.0
2019-05-02,EGX:PHDC,2.43,2.44,2.36,2.4,7683223.0
2019-05-05,EGX:PHDC,2.4,2.41,2.32,2.38,5998923.0
2019-05-06,EGX:PHDC,2.38,2.38,2.31,2.35,3818301.0
2019-05-07,EGX:PHDC,2.35,2.4,2.32,2.36,2034452.0
2019-05-08,EGX:PHDC,2.36,2.36,2.27,2.31,9245953.0
2019-05-09,EGX:PHDC,2.31,2.41,2.29,2.35,10473831.0
2019-05-12,EGX:PHDC,2.35,2.43,2.35,2.4,4154078.0
2019-05-13,EGX:PHDC,2.4,2.42,2.33,2.38,6455988.0
2019-05-14,EGX:PHDC,2.38,2.43,2.37,2.4,2521785.0
2019-05-15,EGX:PHDC,2.4,2.41,2.36,2.37,4398992.0
2019-05-16,EGX:PHDC,2.37,2.4,2.33,2.38,4229190.0
2019-05-19,EGX:PHDC,2.38,2.39,2.34,2.35,1184609.0
2019-05-20,EGX:PHDC,2.35,2.36,2.32,2.34,3536297.0
2019-05-21,EGX:PHDC,2.34,2.42,2.34,2.4,8155430.0
2019-05-22,EGX:PHDC,2.4,2.44,2.39,2.42,3718489.0
2019-05-23,EGX:PHDC,2.42,2.47,2.42,2.45,4816043.0
2019-05-26,EGX:PHDC,2.45,2.54,2.42,2.5,5392836.0
2019-05-27,EGX:PHDC,2.5,2.52,2.47,2.5,3210970.0
2019-05-28,EGX:PHDC,2.5,2.67,2.5,2.6,14211495.0
2019-05-29,EGX:PHDC,2.6,2.65,2.53,2.58,8916467.0
2019-05-30,EGX:PHDC,2.58,2.58,2.45,2.49,7914583.0
2019-06-02,EGX:PHDC,2.49,2.49,2.4,2.42,6344698.0
2019-06-03,EGX:PHDC,2.42,2.45,2.38,2.41,5564179.0
2019-06-09,EGX:PHDC,2.41,2.48,2.41,2.45,7835170.0
2019-06-10,EGX:PHDC,2.45,2.52,2.45,2.49,11270738.0
2019-06-11,EGX:PHDC,2.49,2.57,2.48,2.53,25795492.0
2019-06-12,EGX:PHDC,2.53,2.53,2.46,2.49,11423218.0
2019-06-13,EGX:PHDC,2.49,2.5,2.45,2.48,4132861.0
2019-06-16,EGX:PHDC,2.48,2.5,2.44,2.47,6247626.0
2019-06-17,EGX:PHDC,2.47,2.53,2.47,2.5,8482542.0
2019-06-18,EGX:PHDC,2.5,2.5,2.44,2.45,2626093.0
2019-06-19,EGX:PHDC,2.45,2.49,2.39,2.43,5264656.0
2019-06-20,EGX:PHDC,2.43,2.43,2.36,2.39,5423122.0
2019-06-23,EGX:PHDC,2.39,2.41,2.37,2.38,1232696.0
2019-06-24,EGX:PHDC,2.38,2.39,2.3,2.33,2870829.0
2019-06-25,EGX:PHDC,2.33,2.34,2.29,2.32,5105293.0
2019-06-26,EGX:PHDC,2.32,2.39,2.32,2.36,6537834.0
2019-06-27,EGX:PHDC,2.36,2.44,2.36,2.4,12250714.0
2019-07-02,EGX:PHDC,2.4,2.43,2.38,2.41,11638572.0
2019-07-03,EGX:PHDC,2.41,2.49,2.41,2.45,20396605.0
2019-07-04,EGX:PHDC,2.45,2.45,2.38,2.41,8122734.0
2019-07-07,EGX:PHDC,2.41,2.41,2.34,2.37,7733735.0
2019-07-08,EGX:PHDC,2.37,2.39,2.34,2.37,13044533.0
2019-07-09,EGX:PHDC,2.37,2.43,2.34,2.39,14571859.0
2019-07-10,EGX:PHDC,2.39,2.39,2.29,2.33,14795955.0
2019-07-11,EGX:PHDC,2.33,2.36,2.3,2.32,19727551.0
2019-07-14,EGX:PHDC,2.32,2.33,2.18,2.25,18468471.0
2019-07-15,EGX:PHDC,2.25,2.31,2.19,2.26,18369154.0
2019-07-16,EGX:PHDC,2.26,2.32,2.19,2.26,24396896.0
2019-07-17,EGX:PHDC,2.26,2.26,2.15,2.17,10932423.0
2019-07-18,EGX:PHDC,2.17,2.21,2.17,2.19,8905352.0
2019-07-21,EGX:PHDC,2.19,2.2,2.14,2.17,22558632.0
2019-07-22,EGX:PHDC,2.17,2.2,2.15,2.17,13695507.0
2019-07-24,EGX:PHDC,2.17,2.18,2.04,2.09,31600266.0
2019-07-25,EGX:PHDC,2.09,2.09,2.04,2.06,9112174.0
2019-07-28,EGX:PHDC,2.06,2.08,2.03,2.06,9848752.0
2019-07-29,EGX:PHDC,2.06,2.06,2.02,2.04,6641707.0
2019-07-30,EGX:PHDC,2.04,2.08,1.98,2.02,15150543.0
2019-07-31,EGX:PHDC,2.02,2.04,1.94,1.99,10607621.0
2019-08-01,EGX:PHDC,1.97,2.14,1.97,2.04,53089063.0
2019-08-04,EGX:PHDC,2.04,2.14,2.04,2.05,17668344.0
2019-08-05,EGX:PHDC,2.08,2.09,2.04,2.06,15982752.0
2019-08-06,EGX:PHDC,2.06,2.06,2.03,2.05,11756917.0
2019-08-07,EGX:PHDC,2.05,2.17,2.05,2.11,21661199.0
2019-08-08,EGX:PHDC,2.11,2.3,2.11,2.25,32165681.0
2019-08-14,EGX:PHDC,2.25,2.38,2.25,2.34,13752065.0
2019-08-15,EGX:PHDC,2.34,2.34,2.27,2.3,13203744.0
2019-08-18,EGX:PHDC,2.3,2.36,2.3,2.34,11838127.0
2019-08-19,EGX:PHDC,2.34,2.44,2.32,2.39,30509379.0
2019-08-20,EGX:PHDC,2.39,2.48,2.39,2.46,15437689.0
2019-08-21,EGX:PHDC,2.46,2.48,2.41,2.43,11057913.0
2019-08-22,EGX:PHDC,2.43,2.48,2.42,2.45,12382774.0
2019-08-25,EGX:PHDC,2.45,2.54,2.34,2.42,40091505.0
2019-08-26,EGX:PHDC,2.42,2.42,2.28,2.34,13679575.0
2019-08-27,EGX:PHDC,2.34,2.4,2.33,2.36,6703115.0
2019-08-28,EGX:PHDC,2.36,2.42,2.35,2.39,11249050.0
2019-08-29,EGX:PHDC,2.39,2.42,2.36,2.38,9506995.0
2019-09-01,EGX:PHDC,2.38,2.39,2.33,2.36,5523598.0
2019-09-02,EGX:PHDC,2.36,2.38,2.31,2.34,5005347.0
2019-09-03,EGX:PHDC,2.34,2.36,2.3,2.32,3846473.0
2019-09-04,EGX:PHDC,2.32,2.37,2.3,2.34,7022388.0
2019-09-05,EGX:PHDC,2.34,2.39,2.34,2.36,11379935.0
2019-09-08,EGX:PHDC,2.36,2.38,2.33,2.35,7713443.0
2019-09-09,EGX:PHDC,2.35,2.36,2.3,2.32,10346096.0
2019-09-10,EGX:PHDC,2.32,2.37,2.32,2.35,11588444.0
2019-09-11,EGX:PHDC,2.35,2.4,2.35,2.38,10662797.0
2019-09-12,EGX:PHDC,2.38,2.43,2.38,2.4,16555868.0
2019-09-15,EGX:PHDC,2.4,2.41,2.36,2.38,6903620.0
2019-09-16,EGX:PHDC,2.38,2.38,2.3,2.33,13344523.0
2019-09-17,EGX:PHDC,2.33,2.34,2.11,2.2,29144525.0
2019-09-18,EGX:PHDC,2.2,2.2,2.09,2.13,14242032.0
2019-09-19,EGX:PHDC,2.13,2.2,2.13,2.18,11261003.0
2019-09-22,EGX:PHDC,2.18,2.18,1.97,2.01,24152570.0
2019-09-23,EGX:PHDC,2.01,2.02,1.81,1.89,25940893.0
2019-09-24,EGX:PHDC,1.89,1.89,1.72,1.8,27673335.0
2019-09-25,EGX:PHDC,1.8,1.98,1.8,1.91,33703127.0
2019-09-26,EGX:PHDC,1.91,2.06,1.91,2.0,34058232.0
2019-09-29,EGX:PHDC,2.0,2.19,2.0,2.14,47266139.0
2019-09-30,EGX:PHDC,2.14,2.17,2.11,2.13,16846949.0
2019-10-01,EGX:PHDC,2.13,2.18,2.12,2.15,9582656.0
2019-10-02,EGX:PHDC,2.15,2.15,2.06,2.1,11174640.0
2019-10-03,EGX:PHDC,2.1,2.1,2.03,2.07,12451847.0
2019-10-07,EGX:PHDC,2.07,2.13,2.07,2.1,10087550.0
2019-10-08,EGX:PHDC,2.1,2.11,2.03,2.06,5649818.0
2019-10-09,EGX:PHDC,2.06,2.06,2.0,2.03,11079672.0
2019-10-10,EGX:PHDC,2.03,2.06,1.99,2.02,8771762.0
2019-10-13,EGX:PHDC,2.02,2.03,1.99,2.01,7005000.0
2019-10-14,EGX:PHDC,2.01,2.04,1.98,2.02,8384807.0
2019-10-15,EGX:PHDC,2.02,2.02,1.97,1.98,9386763.0
2019-10-16,EGX:PHDC,1.98,2.08,1.98,2.03,14794115.0
2019-10-17,EGX:PHDC,2.03,2.11,2.03,2.09,20858827.0
2019-10-20,EGX:PHDC,2.09,2.1,2.06,2.07,4480470.0
2019-10-21,EGX:PHDC,2.07,2.09,2.04,2.06,5304653.0
2019-10-22,EGX:PHDC,2.06,2.08,2.04,2.06,5212293.0
2019-10-23,EGX:PHDC,2.06,2.06,1.99,2.02,6496305.0
2019-10-24,EGX:PHDC,2.02,2.06,2.02,2.05,4530426.0
2019-10-27,EGX:PHDC,2.05,2.12,2.05,2.09,9331880.0
2019-10-28,EGX:PHDC,2.09,2.13,2.09,2.11,12296041.0
2019-10-29,EGX:PHDC,2.11,2.14,2.09,2.12,19380392.0
2019-10-30,EGX:PHDC,2.12,2.14,2.08,2.11,4834708.0
2019-10-31,EGX:PHDC,2.11,2.15,2.1,2.13,11258514.0
2019-11-03,EGX:PHDC,2.13,2.15,2.1,2.13,9831090.0
2019-11-04,EGX:PHDC,2.13,2.13,2.08,2.09,9839378.0
2019-11-05,EGX:PHDC,2.09,2.11,2.06,2.09,15441929.0
2019-11-06,EGX:PHDC,2.09,2.09,2.04,2.06,4681530.0
2019-11-07,EGX:PHDC,2.06,2.09,2.05,2.06,3886344.0
2019-11-11,EGX:PHDC,2.06,2.09,2.06,2.08,6904934.0
2019-11-12,EGX:PHDC,2.08,2.17,2.08,2.14,30317836.0
2019-11-13,EGX:PHDC,2.14,2.16,2.12,2.14,9405757.0
2019-11-14,EGX:PHDC,2.14,2.16,2.13,2.14,8157253.0
2019-11-17,EGX:PHDC,2.14,2.16,2.09,2.12,5581628.0
2019-11-18,EGX:PHDC,2.12,2.12,2.04,2.07,5152291.0
2019-11-19,EGX:PHDC,2.07,2.09,2.05,2.06,6804757.0
2019-11-20,EGX:PHDC,2.06,2.07,2.04,2.06,10022688.0
2019-11-21,EGX:PHDC,2.06,2.08,2.05,2.06,6439133.0
2019-11-24,EGX:PHDC,2.06,2.07,2.05,2.06,1448145.0
2019-11-25,EGX:PHDC,2.06,2.07,2.02,2.05,4153195.0
2019-11-26,EGX:PHDC,2.05,2.05,2.01,2.02,7475290.0
2019-11-27,EGX:PHDC,2.02,2.03,1.99,2.01,3349316.0
2019-11-28,EGX:PHDC,2.01,2.04,1.99,2.01,4236731.0
2019-12-01,EGX:PHDC,2.01,2.02,1.92,1.95,5723028.0
2019-12-02,EGX:PHDC,1.95,1.95,1.83,1.87,15899218.0
2019-12-03,EGX:PHDC,1.87,1.96,1.83,1.91,8656766.0
2019-12-04,EGX:PHDC,1.91,1.97,1.91,1.94,2747942.0
2019-12-05,EGX:PHDC,1.94,1.97,1.91,1.93,4775351.0
2019-12-08,EGX:PHDC,1.93,1.94,1.892,1.912,1191734.0
2019-12-09,EGX:PHDC,1.912,1.929,1.881,1.893,2319487.0
2019-12-10,EGX:PHDC,1.893,1.924,1.89,1.909,1734061.0
2019-12-11,EGX:PHDC,1.909,1.922,1.86,1.879,1281844.0
2019-12-12,EGX:PHDC,1.879,1.88,1.85,1.857,3197917.0
2019-12-15,EGX:PHDC,1.857,1.879,1.851,1.864,2333558.0
2019-12-16,EGX:PHDC,1.864,1.885,1.816,1.836,6897008.0
2019-12-17,EGX:PHDC,1.836,1.89,1.821,1.869,9551386.0
2019-12-18,EGX:PHDC,1.869,1.92,1.869,1.897,6420860.0
2019-12-19,EGX:PHDC,1.897,1.9,1.85,1.862,7426661.0
2019-12-22,EGX:PHDC,1.862,1.88,1.851,1.863,2369990.0
2019-12-23,EGX:PHDC,1.863,1.87,1.85,1.856,3879237.0
2019-12-24,EGX:PHDC,1.856,1.856,1.813,1.826,10370781.0
2019-12-25,EGX:PHDC,1.826,1.837,1.82,1.825,4223976.0
2019-12-26,EGX:PHDC,1.825,1.835,1.811,1.82,6093276.0
2019-12-29,EGX:PHDC,1.82,1.834,1.793,1.806,6161530.0
2019-12-30,EGX:PHDC,1.806,1.81,1.737,1.764,25824355.0
2019-12-31,EGX:PHDC,1.764,1.789,1.72,1.748,6984550.0
2020-01-02,EGX:PHDC,1.748,1.768,1.741,1.753,2390823.0
2020-01-05,EGX:PHDC,1.753,1.753,1.578,1.602,16720687.0
2020-01-06,EGX:PHDC,1.602,1.602,1.45,1.537,17586634.0
2020-01-08,EGX:PHDC,1.537,1.677,1.515,1.615,14424470.0
2020-01-09,EGX:PHDC,1.615,1.706,1.615,1.672,12771577.0
2020-01-12,EGX:PHDC,1.672,1.675,1.647,1.658,14473163.0
2020-01-13,EGX:PHDC,1.658,1.67,1.56,1.624,16875218.0
2020-01-14,EGX:PHDC,1.624,1.637,1.6,1.613,5870465.0
2020-01-15,EGX:PHDC,1.613,1.627,1.593,1.612,2701544.0
2020-01-16,EGX:PHDC,1.612,1.63,1.6,1.616,7372773.0
2020-01-19,EGX:PHDC,1.616,1.627,1.58,1.6,6038838.0
2020-01-20,EGX:PHDC,1.6,1.611,1.53,1.564,11004837.0
2020-01-21,EGX:PHDC,1.564,1.6,1.514,1.545,14080279.0
2020-01-22,EGX:PHDC,1.545,1.6,1.545,1.577,15973046.0
2020-01-23,EGX:PHDC,1.577,1.62,1.561,1.586,10324600.0
2020-01-26,EGX:PHDC,1.586,1.618,1.586,1.602,5055680.0
2020-01-27,EGX:PHDC,1.602,1.61,1.561,1.582,3203590.0
2020-01-28,EGX:PHDC,1.582,1.59,1.549,1.56,5726263.0
2020-01-29,EGX:PHDC,1.56,1.6,1.56,1.589,4091721.0
2020-01-30,EGX:PHDC,1.589,1.682,1.589,1.641,28096772.0
2020-02-02,EGX:PHDC,1.641,1.66,1.6,1.632,22585779.0
2020-02-03,EGX:PHDC,1.632,1.632,1.605,1.613,5433396.0
2020-02-04,EGX:PHDC,1.613,1.635,1.605,1.618,3767564.0
2020-02-05,EGX:PHDC,1.618,1.629,1.607,1.613,19512864.0
2020-02-06,EGX:PHDC,1.613,1.642,1.613,1.632,6783064.0
2020-02-09,EGX:PHDC,1.632,1.646,1.618,1.634,3329757.0
2020-02-10,EGX:PHDC,1.634,1.634,1.6,1.608,4336584.0
2020-02-11,EGX:PHDC,1.608,1.63,1.6,1.615,3623700.0
2020-02-12,EGX:PHDC,1.615,1.615,1.575,1.589,4068404.0
2020-02-13,EGX:PHDC,1.589,1.599,1.565,1.577,8240409.0
2020-02-16,EGX:PHDC,1.577,1.577,1.544,1.556,8073767.0
2020-02-17,EGX:PHDC,1.556,1.56,1.53,1.549,6065505.0
2020-02-18,EGX:PHDC,1.549,1.549,1.47,1.504,11212541.0
2020-02-19,EGX:PHDC,1.504,1.507,1.477,1.489,4301284.0
2020-02-20,EGX:PHDC,1.489,1.52,1.484,1.492,11546859.0
2020-02-23,EGX:PHDC,1.492,1.517,1.47,1.49,6873941.0
2020-02-24,EGX:PHDC,1.49,1.49,1.37,1.412,17992469.0
2020-02-25,EGX:PHDC,1.412,1.46,1.38,1.426,10676685.0
2020-02-26,EGX:PHDC,1.426,1.457,1.4,1.424,8481431.0
2020-02-27,EGX:PHDC,1.424,1.459,1.373,1.409,17821768.0
2020-03-01,EGX:PHDC,1.409,1.409,1.269,1.276,17064797.0
2020-03-02,EGX:PHDC,1.276,1.337,1.2,1.31,17900765.0
2020-03-03,EGX:PHDC,1.31,1.41,1.31,1.38,11363191.0
2020-03-04,EGX:PHDC,1.38,1.398,1.32,1.368,13620528.0
2020-03-05,EGX:PHDC,1.368,1.429,1.368,1.413,9240807.0
2020-03-08,EGX:PHDC,1.413,1.413,1.315,1.338,11257311.0
2020-03-09,EGX:PHDC,1.338,1.338,1.209,1.246,24006247.0
2020-03-10,EGX:PHDC,1.246,1.299,1.243,1.266,12671364.0
2020-03-11,EGX:PHDC,1.266,1.294,1.244,1.271,15030874.0
2020-03-15,EGX:PHDC,1.271,1.271,1.144,1.163,22295348.0
2020-03-16,EGX:PHDC,1.163,1.163,1.047,1.061,11768849.0
2020-03-17,EGX:PHDC,1.061,1.061,0.955,0.967,24364412.0
2020-03-18,EGX:PHDC,0.967,0.971,0.871,0.879,20135539.0
2020-03-19,EGX:PHDC,0.879,0.96,0.792,0.873,35472548.0
2020-03-22,EGX:PHDC,0.873,0.96,0.873,0.933,13443749.0
2020-03-23,EGX:PHDC,0.933,1.026,0.933,1.011,15273066.0
2020-03-24,EGX:PHDC,1.011,1.048,0.987,1.019,14194875.0
2020-03-25,EGX:PHDC,1.019,1.048,1.019,1.036,9192049.0
2020-03-26,EGX:PHDC,1.036,1.061,1.03,1.048,10357530.0
2020-03-29,EGX:PHDC,1.048,1.06,1.026,1.047,7593794.0
2020-03-30,EGX:PHDC,1.047,1.055,1.02,1.038,5748963.0
2020-03-31,EGX:PHDC,1.038,1.086,1.038,1.072,9910753.0
2020-04-01,EGX:PHDC,1.072,1.079,1.04,1.051,6370478.0
2020-04-02,EGX:PHDC,1.051,1.1,1.046,1.06,9630387.0
2020-04-05,EGX:PHDC,1.06,1.06,1.025,1.036,3225010.0
2020-04-06,EGX:PHDC,1.036,1.062,1.036,1.057,6961894.0
2020-04-07,EGX:PHDC,1.057,1.162,1.057,1.115,50540593.0
2020-04-08,EGX:PHDC,1.115,1.17,1.115,1.149,30457018.0
2020-04-09,EGX:PHDC,1.149,1.194,1.141,1.163,33205902.0
2020-04-12,EGX:PHDC,1.163,1.17,1.101,1.122,28127576.0
2020-04-13,EGX:PHDC,1.122,1.165,1.122,1.15,22467196.0
2020-04-14,EGX:PHDC,1.15,1.209,1.15,1.19,31107240.0
2020-04-15,EGX:PHDC,1.19,1.21,1.143,1.168,16418576.0
2020-04-16,EGX:PHDC,1.168,1.185,1.142,1.166,6718854.0
2020-04-21,EGX:PHDC,1.166,1.169,1.125,1.151,6038333.0
2020-04-22,EGX:PHDC,1.151,1.161,1.11,1.135,18940826.0
2020-04-23,EGX:PHDC,1.135,1.184,1.135,1.175,9048287.0
2020-04-26,EGX:PHDC,1.175,1.265,1.175,1.265,24141698.0
2020-04-27,EGX:PHDC,1.236,1.287,1.201,1.248,45042073.0
2020-04-28,EGX:PHDC,1.248,1.325,1.248,1.306,27719812.0
2020-04-29,EGX:PHDC,1.306,1.324,1.267,1.292,21480242.0
2020-04-30,EGX:PHDC,1.292,1.304,1.281,1.293,12514038.0
2020-05-03,EGX:PHDC,1.293,1.293,1.164,1.209,19565354.0
2020-05-04,EGX:PHDC,1.209,1.209,1.139,1.175,21353697.0
2020-05-05,EGX:PHDC,1.175,1.218,1.167,1.189,20888219.0
2020-05-06,EGX:PHDC,1.189,1.207,1.184,1.196,14132297.0
2020-05-07,EGX:PHDC,1.196,1.198,1.1,1.135,30700303.0
2020-05-10,EGX:PHDC,1.135,1.135,1.072,1.097,16911519.0
2020-05-11,EGX:PHDC,1.097,1.123,1.051,1.088,14197499.0
2020-05-12,EGX:PHDC,1.088,1.16,1.088,1.143,18874457.0
2020-05-13,EGX:PHDC,1.143,1.158,1.111,1.132,11931804.0
2020-05-14,EGX:PHDC,1.132,1.132,1.085,1.1,11685037.0
2020-05-17,EGX:PHDC,1.1,1.11,1.088,1.098,7489153.0
2020-05-18,EGX:PHDC,1.098,1.099,1.072,1.081,6318730.0
2020-05-19,EGX:PHDC,1.081,1.113,1.081,1.1,11153524.0
2020-05-20,EGX:PHDC,1.1,1.1,1.065,1.071,6568025.0
2020-05-21,EGX:PHDC,1.071,1.09,1.059,1.068,10832215.0
2020-05-31,EGX:PHDC,1.068,1.1,1.068,1.085,8261076.0
2020-06-01,EGX:PHDC,1.085,1.099,1.072,1.08,7467383.0
2020-06-02,EGX:PHDC,1.08,1.111,1.08,1.095,15502092.0
2020-06-03,EGX:PHDC,1.095,1.137,1.095,1.115,20571101.0
2020-06-04,EGX:PHDC,1.115,1.163,1.106,1.14,26860395.0
2020-06-07,EGX:PHDC,1.14,1.2,1.14,1.185,23145814.0
2020-06-08,EGX:PHDC,1.185,1.21,1.178,1.188,23833012.0
2020-06-09,EGX:PHDC,1.188,1.193,1.145,1.167,21182379.0
2020-06-10,EGX:PHDC,1.167,1.174,1.14,1.162,11790202.0
2020-06-11,EGX:PHDC,1.162,1.185,1.147,1.153,10131782.0
2020-06-14,EGX:PHDC,1.153,1.153,1.115,1.131,13122730.0
2020-06-15,EGX:PHDC,1.131,1.149,1.109,1.131,7805076.0
2020-06-16,EGX:PHDC,1.131,1.18,1.131,1.17,15054972.0
2020-06-17,EGX:PHDC,1.17,1.197,1.17,1.183,28699290.0
2020-06-18,EGX:PHDC,1.183,1.183,1.154,1.161,12038164.0
2020-06-21,EGX:PHDC,1.161,1.161,1.124,1.138,16139419.0
2020-06-22,EGX:PHDC,1.138,1.16,1.11,1.126,18134199.0
2020-06-23,EGX:PHDC,1.126,1.154,1.112,1.136,9533817.0
2020-06-24,EGX:PHDC,1.136,1.185,1.136,1.169,20887721.0
2020-06-25,EGX:PHDC,1.169,1.169,1.136,1.148,10710111.0
2020-06-28,EGX:PHDC,1.148,1.169,1.14,1.152,6875349.0
2020-06-29,EGX:PHDC,1.152,1.152,1.136,1.143,6687054.0
2020-06-30,EGX:PHDC,1.143,1.175,1.132,1.159,14451586.0
2020-07-05,EGX:PHDC,1.159,1.25,1.159,1.217,50813554.0
2020-07-06,EGX:PHDC,1.217,1.27,1.217,1.251,30224285.0
2020-07-07,EGX:PHDC,1.251,1.26,1.22,1.242,17371019.0
2020-07-08,EGX:PHDC,1.242,1.308,1.24,1.283,53989742.0
2020-07-09,EGX:PHDC,1.283,1.349,1.242,1.288,50938080.0
2020-07-12,EGX:PHDC,1.288,1.416,1.288,1.392,38909178.0
2020-07-13,EGX:PHDC,1.392,1.465,1.392,1.426,444211670.0
2020-07-14,EGX:PHDC,1.426,1.426,1.36,1.383,37831266.0
2020-07-15,EGX:PHDC,1.383,1.396,1.245,1.299,37208166.0
2020-07-16,EGX:PHDC,1.299,1.299,1.23,1.271,19551438.0
2020-07-19,EGX:PHDC,1.271,1.307,1.236,1.263,10549957.0
2020-07-20,EGX:PHDC,1.263,1.295,1.263,1.283,6809415.0
2020-07-21,EGX:PHDC,1.283,1.35,1.283,1.325,14313855.0
2020-07-22,EGX:PHDC,1.325,1.357,1.321,1.34,12279321.0
2020-07-26,EGX:PHDC,1.34,1.358,1.327,1.339,5439521.0
2020-07-27,EGX:PHDC,1.339,1.384,1.328,1.363,10820947.0
2020-07-28,EGX:PHDC,1.363,1.397,1.36,1.385,13007006.0
2020-07-29,EGX:PHDC,1.385,1.4,1.381,1.391,10628108.0
2020-08-04,EGX:PHDC,1.391,1.424,1.391,1.407,10640686.0
2020-08-05,EGX:PHDC,1.407,1.427,1.401,1.413,10741921.0
2020-08-06,EGX:PHDC,1.413,1.431,1.403,1.418,12629349.0
2020-08-09,EGX:PHDC,1.418,1.47,1.411,1.447,26980657.0
2020-08-10,EGX:PHDC,1.447,1.48,1.444,1.461,9341351.0
2020-08-11,EGX:PHDC,1.461,1.58,1.43,1.51,49449152.0
2020-08-12,EGX:PHDC,1.51,1.548,1.5,1.519,13905041.0
2020-08-13,EGX:PHDC,1.519,1.52,1.5,1.51,5150099.0
2020-08-16,EGX:PHDC,1.51,1.55,1.51,1.532,10749138.0
2020-08-17,EGX:PHDC,1.532,1.55,1.471,1.51,11126025.0
2020-08-18,EGX:PHDC,1.51,1.51,1.467,1.481,9052534.0
2020-08-19,EGX:PHDC,1.481,1.516,1.481,1.501,7125763.0
2020-08-23,EGX:PHDC,1.501,1.554,1.501,1.542,12895875.0
2020-08-24,EGX:PHDC,1.542,1.59,1.52,1.548,30122056.0
2020-08-25,EGX:PHDC,1.548,1.548,1.499,1.51,14200406.0
2020-08-26,EGX:PHDC,1.51,1.53,1.499,1.514,6832031.0
2020-08-27,EGX:PHDC,1.514,1.527,1.485,1.506,9840439.0
2020-08-30,EGX:PHDC,1.506,1.53,1.506,1.521,6946279.0
2020-08-31,EGX:PHDC,1.521,1.578,1.485,1.538,19908616.0
2020-09-01,EGX:PHDC,1.538,1.538,1.461,1.487,10893590.0
2020-09-02,EGX:PHDC,1.487,1.49,1.441,1.467,11569719.0
2020-09-03,EGX:PHDC,1.467,1.481,1.45,1.465,9403827.0
2020-09-06,EGX:PHDC,1.465,1.475,1.43,1.445,10054055.0
2020-09-07,EGX:PHDC,1.445,1.46,1.408,1.432,14908177.0
2020-09-08,EGX:PHDC,1.432,1.432,1.361,1.382,16339501.0
2020-09-09,EGX:PHDC,1.382,1.382,1.336,1.357,14298286.0
2020-09-10,EGX:PHDC,1.357,1.39,1.357,1.38,13070879.0
2020-09-13,EGX:PHDC,1.379,1.4,1.379,1.389,9247282.0
2020-09-14,EGX:PHDC,1.389,1.407,1.37,1.387,8815307.0
2020-09-15,EGX:PHDC,1.387,1.394,1.359,1.373,5180288.0
2020-09-16,EGX:PHDC,1.373,1.429,1.37,1.41,11401417.0
2020-09-17,EGX:PHDC,1.41,1.43,1.385,1.4,6703442.0
2020-09-20,EGX:PHDC,1.4,1.41,1.394,1.403,2979334.0
2020-09-21,EGX:PHDC,1.403,1.433,1.34,1.386,22055258.0
2020-09-22,EGX:PHDC,1.386,1.4,1.353,1.382,7694123.0
2020-09-23,EGX:PHDC,1.382,1.41,1.37,1.384,6329941.0
2020-09-24,EGX:PHDC,1.384,1.388,1.36,1.371,6960917.0
2020-09-27,EGX:PHDC,1.371,1.441,1.371,1.4,9187207.0
2020-09-28,EGX:PHDC,1.4,1.447,1.393,1.432,17624342.0
2020-09-29,EGX:PHDC,1.432,1.475,1.41,1.45,12668755.0
2020-09-30,EGX:PHDC,1.45,1.45,1.399,1.415,9832414.0
2020-10-01,EGX:PHDC,1.415,1.449,1.415,1.44,8092663.0
2020-10-04,EGX:PHDC,1.44,1.46,1.43,1.44,4093112.0
2020-10-05,EGX:PHDC,1.44,1.44,1.4,1.42,4096828.0
2020-10-06,EGX:PHDC,1.42,1.467,1.42,1.453,10040458.0
2020-10-07,EGX:PHDC,1.453,1.514,1.453,1.488,21383067.0
2020-10-11,EGX:PHDC,1.488,1.514,1.48,1.491,7155180.0
2020-10-12,EGX:PHDC,1.491,1.517,1.472,1.496,12053301.0
2020-10-13,EGX:PHDC,1.496,1.496,1.449,1.464,10483041.0
2020-10-14,EGX:PHDC,1.464,1.477,1.457,1.464,4407550.0
2020-10-15,EGX:PHDC,1.464,1.478,1.436,1.447,11526003.0
2020-10-18,EGX:PHDC,1.447,1.459,1.419,1.427,5106182.0
2020-10-19,EGX:PHDC,1.427,1.437,1.4,1.414,8114489.0
2020-10-20,EGX:PHDC,1.414,1.414,1.385,1.4,5231600.0
2020-10-21,EGX:PHDC,1.4,1.408,1.358,1.374,8766017.0
2020-10-22,EGX:PHDC,1.374,1.381,1.302,1.34,16597296.0
2020-10-25,EGX:PHDC,1.34,1.34,1.28,1.321,16674503.0
2020-10-26,EGX:PHDC,1.321,1.346,1.31,1.325,2570743.0
2020-10-27,EGX:PHDC,1.325,1.365,1.325,1.352,6151881.0
2020-10-28,EGX:PHDC,1.352,1.353,1.306,1.326,7440250.0
2020-11-01,EGX:PHDC,1.326,1.34,1.272,1.304,12047629.0
2020-11-02,EGX:PHDC,1.304,1.304,1.222,1.259,11770647.0
2020-11-03,EGX:PHDC,1.259,1.27,1.234,1.251,14837887.0
2020-11-04,EGX:PHDC,1.251,1.27,1.251,1.26,5143068.0
2020-11-05,EGX:PHDC,1.26,1.279,1.247,1.261,9295514.0
2020-11-08,EGX:PHDC,1.261,1.277,1.25,1.264,7116032.0
2020-11-09,EGX:PHDC,1.264,1.3,1.26,1.278,14994247.0
2020-11-10,EGX:PHDC,1.278,1.332,1.278,1.314,19172106.0
2020-11-11,EGX:PHDC,1.314,1.329,1.31,1.316,5208943.0
2020-11-12,EGX:PHDC,1.316,1.347,1.316,1.332,16585418.0
2020-11-15,EGX:PHDC,1.332,1.36,1.327,1.341,7473348.0
2020-11-16,EGX:PHDC,1.341,1.358,1.338,1.349,7417213.0
2020-11-17,EGX:PHDC,1.349,1.39,1.349,1.377,14776393.0
2020-11-18,EGX:PHDC,1.377,1.38,1.343,1.357,4998883.0
2020-11-19,EGX:PHDC,1.357,1.36,1.331,1.343,5310632.0
2020-11-22,EGX:PHDC,1.343,1.348,1.33,1.336,2968832.0
2020-11-23,EGX:PHDC,1.336,1.36,1.336,1.347,6643399.0
2020-11-24,EGX:PHDC,1.347,1.39,1.347,1.38,16322688.0
2020-11-25,EGX:PHDC,1.38,1.43,1.368,1.397,15982040.0
2020-11-26,EGX:PHDC,1.397,1.419,1.355,1.387,10072979.0
2020-11-29,EGX:PHDC,1.387,1.42,1.387,1.406,6701108.0
2020-11-30,EGX:PHDC,1.406,1.419,1.392,1.4,4542893.0
2020-12-01,EGX:PHDC,1.4,1.45,1.393,1.423,15396475.0
2020-12-02,EGX:PHDC,1.423,1.455,1.42,1.439,14537741.0
2020-12-03,EGX:PHDC,1.439,1.439,1.41,1.426,4278875.0
2020-12-06,EGX:PHDC,1.426,1.43,1.42,1.424,2881083.0
2020-12-07,EGX:PHDC,1.424,1.445,1.424,1.435,6205928.0
2020-12-08,EGX:PHDC,1.435,1.462,1.435,1.451,13038984.0
2020-12-09,EGX:PHDC,1.451,1.46,1.418,1.445,5328204.0
2020-12-10,EGX:PHDC,1.445,1.445,1.394,1.406,4944818.0
2020-12-13,EGX:PHDC,1.406,1.415,1.392,1.404,2169876.0
2020-12-14,EGX:PHDC,1.404,1.43,1.402,1.416,3696406.0
2020-12-15,EGX:PHDC,1.416,1.448,1.404,1.429,9785245.0
2020-12-16,EGX:PHDC,1.429,1.429,1.363,1.391,6975413.0
2020-12-17,EGX:PHDC,1.391,1.391,1.352,1.366,4777147.0
2020-12-20,EGX:PHDC,1.366,1.396,1.366,1.389,2643014.0
2020-12-21,EGX:PHDC,1.389,1.389,1.28,1.313,9257676.0
2020-12-22,EGX:PHDC,1.313,1.329,1.271,1.311,2983621.0
2020-12-23,EGX:PHDC,1.311,1.343,1.311,1.329,2664078.0
2020-12-24,EGX:PHDC,1.329,1.355,1.322,1.338,4520987.0
2020-12-27,EGX:PHDC,1.338,1.339,1.29,1.303,8905336.0
2020-12-28,EGX:PHDC,1.303,1.328,1.301,1.311,5181271.0
2020-12-29,EGX:PHDC,1.311,1.326,1.301,1.313,6697536.0
2020-12-30,EGX:PHDC,1.313,1.35,1.313,1.335,12635758.0
2020-12-31,EGX:PHDC,1.335,1.385,1.335,1.364,11849976.0
2021-01-03,EGX:PHDC,1.364,1.418,1.364,1.403,7957294.0
2021-01-04,EGX:PHDC,1.403,1.414,1.362,1.386,8138339.0
2021-01-05,EGX:PHDC,1.386,1.409,1.37,1.392,5526296.0
2021-01-06,EGX:PHDC,1.392,1.426,1.392,1.407,8475696.0
2021-01-10,EGX:PHDC,1.407,1.43,1.407,1.421,8054106.0
2021-01-11,EGX:PHDC,1.421,1.432,1.399,1.413,9036544.0
2021-01-12,EGX:PHDC,1.413,1.448,1.397,1.43,18303241.0
2021-01-13,EGX:PHDC,1.43,1.487,1.43,1.469,32112744.0
2021-01-14,EGX:PHDC,1.469,1.484,1.452,1.469,9951709.0
2021-01-17,EGX:PHDC,1.469,1.476,1.45,1.463,11583231.0
2021-01-18,EGX:PHDC,1.463,1.467,1.437,1.452,7292352.0
2021-01-19,EGX:PHDC,1.452,1.504,1.452,1.491,33926896.0
2021-01-20,EGX:PHDC,1.491,1.533,1.491,1.522,38243992.0
2021-01-21,EGX:PHDC,1.522,1.537,1.508,1.521,16459006.0
2021-01-24,EGX:PHDC,1.521,1.522,1.494,1.507,14652968.0
2021-01-25,EGX:PHDC,1.507,1.565,1.507,1.546,35125579.0
2021-01-26,EGX:PHDC,1.546,1.596,1.546,1.58,30620381.0
2021-01-27,EGX:PHDC,1.58,1.59,1.55,1.571,22323615.0
2021-01-31,EGX:PHDC,1.571,1.571,1.537,1.553,15972453.0
2021-02-01,EGX:PHDC,1.553,1.67,1.553,1.632,53094761.0
2021-02-02,EGX:PHDC,1.632,1.745,1.632,1.715,46865006.0
2021-02-03,EGX:PHDC,1.715,1.739,1.71,1.723,17813315.0
2021-02-04,EGX:PHDC,1.723,1.728,1.685,1.696,8964663.0
2021-02-07,EGX:PHDC,1.696,1.74,1.696,1.716,9581526.0
2021-02-08,EGX:PHDC,1.716,1.74,1.68,1.705,11057905.0
2021-02-09,EGX:PHDC,1.705,1.705,1.66,1.68,5173201.0
2021-02-10,EGX:PHDC,1.68,1.736,1.68,1.709,16748670.0
2021-02-11,EGX:PHDC,1.709,1.778,1.709,1.757,16004839.0
2021-02-14,EGX:PHDC,1.757,1.788,1.727,1.757,11557207.0
2021-02-15,EGX:PHDC,1.757,1.82,1.72,1.778,26347188.0
2021-02-16,EGX:PHDC,1.778,1.83,1.75,1.799,11708425.0
2021-02-17,EGX:PHDC,1.799,1.807,1.742,1.762,7272615.0
2021-02-18,EGX:PHDC,1.762,1.762,1.685,1.706,15883632.0
2021-02-21,EGX:PHDC,1.706,1.719,1.68,1.704,3485497.0
2021-02-22,EGX:PHDC,1.704,1.725,1.679,1.705,9055595.0
2021-02-23,EGX:PHDC,1.705,1.705,1.655,1.674,4220463.0
2021-02-24,EGX:PHDC,1.674,1.674,1.634,1.646,3962047.0
2021-02-25,EGX:PHDC,1.646,1.74,1.64,1.673,16599352.0
2021-02-28,EGX:PHDC,1.673,1.735,1.673,1.692,2897891.0
2021-03-01,EGX:PHDC,1.692,1.719,1.629,1.682,756904.0
2021-03-02,EGX:PHDC,1.682,1.725,1.682,1.71,7588723.0
2021-03-03,EGX:PHDC,1.71,1.725,1.64,1.701,7100816.0
2021-03-04,EGX:PHDC,1.701,1.72,1.673,1.717,9995167.0
2021-03-07,EGX:PHDC,1.717,1.729,1.71,1.717,1102290.0
2021-03-08,EGX:PHDC,1.717,1.72,1.683,1.701,2753172.0
2021-03-09,EGX:PHDC,1.701,1.72,1.69,1.707,4897009.0
2021-03-10,EGX:PHDC,1.707,1.71,1.66,1.678,1415980.0
2021-03-11,EGX:PHDC,1.678,1.719,1.672,1.702,1720559.0
2021-03-14,EGX:PHDC,1.702,1.72,1.673,1.711,5074449.0
2021-03-15,EGX:PHDC,1.711,1.719,1.641,1.677,2776317.0
2021-03-16,EGX:PHDC,1.677,1.677,1.605,1.632,1562207.0
2021-03-17,EGX:PHDC,1.632,1.688,1.632,1.663,1028844.0
2021-03-18,EGX:PHDC,1.663,1.68,1.64,1.67,1819409.0
2021-03-21,EGX:PHDC,1.67,1.69,1.64,1.664,3263681.0
2021-03-22,EGX:PHDC,1.664,1.669,1.601,1.626,3175245.0
2021-03-23,EGX:PHDC,1.626,1.65,1.551,1.6,4669139.0
2021-03-24,EGX:PHDC,1.6,1.66,1.6,1.64,3803743.0
2021-03-25,EGX:PHDC,1.64,1.69,1.614,1.666,3965061.0
2021-03-28,EGX:PHDC,1.666,1.7,1.655,1.678,1116275.0
2021-03-29,EGX:PHDC,1.678,1.689,1.632,1.648,1636653.0
2021-03-30,EGX:PHDC,1.648,1.664,1.634,1.644,1616747.0
2021-03-31,EGX:PHDC,1.644,1.644,1.586,1.606,4719282.0
2021-04-01,EGX:PHDC,1.606,1.635,1.606,1.622,2048015.0
2021-04-04,EGX:PHDC,1.622,1.622,1.571,1.591,1314500.0
2021-04-05,EGX:PHDC,1.591,1.61,1.551,1.586,2722362.0
2021-04-06,EGX:PHDC,1.586,1.62,1.584,1.6,3311206.0
2021-04-07,EGX:PHDC,1.6,1.6,1.581,1.59,3542441.0
2021-04-08,EGX:PHDC,1.59,1.62,1.59,1.604,1360944.0
2021-04-11,EGX:PHDC,1.604,1.649,1.604,1.63,2157589.0
2021-04-12,EGX:PHDC,1.63,1.68,1.63,1.663,4384820.0
2021-04-13,EGX:PHDC,1.663,1.686,1.65,1.654,1575815.0
2021-04-14,EGX:PHDC,1.654,1.684,1.58,1.606,3968374.0
2021-04-15,EGX:PHDC,1.606,1.63,1.58,1.598,2783666.0
2021-04-18,EGX:PHDC,1.598,1.632,1.598,1.622,1710018.0
2021-04-19,EGX:PHDC,1.622,1.67,1.622,1.659,2174036.0
2021-04-20,EGX:PHDC,1.659,1.707,1.659,1.688,5944330.0
2021-04-21,EGX:PHDC,1.688,1.688,1.6,1.62,5774887.0
2021-04-22,EGX:PHDC,1.62,1.625,1.595,1.605,1933661.0
2021-04-25,EGX:PHDC,1.605,1.629,1.598,1.604,2610558.0
2021-04-26,EGX:PHDC,1.604,1.619,1.6,1.608,1682992.0
2021-04-27,EGX:PHDC,1.608,1.619,1.603,1.61,2368407.0
2021-04-28,EGX:PHDC,1.61,1.61,1.59,1.597,2057817.0
2021-05-04,EGX:PHDC,1.597,1.61,1.573,1.586,2557272.0
2021-05-05,EGX:PHDC,1.586,1.6,1.572,1.581,4832713.0
2021-05-06,EGX:PHDC,1.581,1.601,1.576,1.583,1496943.0
2021-05-09,EGX:PHDC,1.583,1.6,1.571,1.581,2273731.0
2021-05-10,EGX:PHDC,1.581,1.62,1.576,1.603,1958680.0
2021-05-11,EGX:PHDC,1.603,1.635,1.603,1.628,1627126.0
2021-05-17,EGX:PHDC,1.628,1.65,1.62,1.638,2775365.0
2021-05-18,EGX:PHDC,1.638,1.69,1.638,1.675,4657394.0
2021-05-19,EGX:PHDC,1.675,1.694,1.66,1.674,4656468.0
2021-05-20,EGX:PHDC,1.674,1.68,1.64,1.658,4245966.0
2021-05-23,EGX:PHDC,1.658,1.68,1.65,1.663,3161424.0
2021-05-24,EGX:PHDC,1.663,1.67,1.64,1.649,2072770.0
2021-05-25,EGX:PHDC,1.649,1.649,1.601,1.615,3576001.0
2021-05-26,EGX:PHDC,1.615,1.677,1.613,1.631,1209978.0
2021-05-27,EGX:PHDC,1.631,1.689,1.631,1.662,4214620.0
2021-05-30,EGX:PHDC,1.662,1.76,1.66,1.727,7826611.0
2021-05-31,EGX:PHDC,1.727,1.78,1.68,1.72,9469838.0
2021-06-01,EGX:PHDC,1.72,1.72,1.659,1.678,3903960.0
2021-06-02,EGX:PHDC,1.678,1.695,1.633,1.658,3972948.0
2021-06-03,EGX:PHDC,1.658,1.67,1.63,1.641,3031137.0
2021-06-06,EGX:PHDC,1.641,1.654,1.62,1.637,2644262.0
2021-06-07,EGX:PHDC,1.637,1.72,1.637,1.692,5403694.0
2021-06-08,EGX:PHDC,1.692,1.73,1.65,1.681,5719229.0
2021-06-09,EGX:PHDC,1.681,1.7,1.681,1.694,999842.0
2021-06-10,EGX:PHDC,1.694,1.7,1.66,1.669,1631205.0
2021-06-13,EGX:PHDC,1.669,1.68,1.654,1.664,1527320.0
2021-06-14,EGX:PHDC,1.664,1.69,1.653,1.668,458995.0
2021-06-15,EGX:PHDC,1.668,1.675,1.65,1.662,2640403.0
2021-06-16,EGX:PHDC,1.662,1.673,1.64,1.659,1499055.0
2021-06-17,EGX:PHDC,1.659,1.66,1.638,1.646,4937815.0
2021-06-20,EGX:PHDC,1.646,1.675,1.631,1.654,2323695.0
2021-06-21,EGX:PHDC,1.654,1.72,1.654,1.7,3958779.0
2021-06-22,EGX:PHDC,1.7,1.837,1.7,1.796,42897652.0
2021-06-23,EGX:PHDC,1.796,1.835,1.781,1.802,4076122.0
2021-06-24,EGX:PHDC,1.802,1.81,1.782,1.79,1594154.0
2021-06-27,EGX:PHDC,1.79,1.87,1.77,1.84,5173558.0
2021-06-28,EGX:PHDC,1.84,1.86,1.771,1.793,3661490.0
2021-06-29,EGX:PHDC,1.793,1.793,1.701,1.749,2455105.0
2021-06-30,EGX:PHDC,1.749,1.799,1.749,1.781,3115240.0
2021-07-04,EGX:PHDC,1.781,1.84,1.771,1.813,3159288.0
2021-07-05,EGX:PHDC,1.813,1.887,1.785,1.84,13390700.0
2021-07-06,EGX:PHDC,1.84,1.852,1.8,1.824,6089102.0
2021-07-07,EGX:PHDC,1.824,1.878,1.824,1.851,4232998.0
2021-07-08,EGX:PHDC,1.851,1.96,1.851,1.908,34927120.0
2021-07-11,EGX:PHDC,1.908,1.96,1.862,1.911,3624221.0
2021-07-12,EGX:PHDC,1.911,1.911,1.84,1.86,3393301.0
2021-07-13,EGX:PHDC,1.86,1.901,1.842,1.883,2425898.0
2021-07-14,EGX:PHDC,1.883,1.929,1.86,1.892,1934085.0
2021-07-15,EGX:PHDC,1.892,1.9,1.86,1.875,1639831.0
2021-07-18,EGX:PHDC,1.875,1.895,1.86,1.871,1200663.0
2021-07-25,EGX:PHDC,1.871,1.919,1.871,1.89,1499940.0
2021-07-26,EGX:PHDC,1.89,1.9,1.85,1.863,2343723.0
2021-07-27,EGX:PHDC,1.863,1.891,1.863,1.882,3307754.0
2021-07-28,EGX:PHDC,1.882,1.89,1.87,1.877,1519467.0
2021-07-29,EGX:PHDC,1.877,1.879,1.853,1.862,5315037.0
2021-08-01,EGX:PHDC,1.862,1.88,1.853,1.864,2985648.0
2021-08-02,EGX:PHDC,1.864,1.883,1.831,1.857,4084256.0
2021-08-03,EGX:PHDC,1.857,1.859,1.79,1.811,2721702.0
2021-08-04,EGX:PHDC,1.811,1.82,1.784,1.8,1767494.0
2021-08-05,EGX:PHDC,1.8,1.819,1.79,1.799,1943125.0
2021-08-08,EGX:PHDC,1.799,1.81,1.764,1.787,3090564.0
2021-08-09,EGX:PHDC,1.787,1.79,1.742,1.761,4360658.0
2021-08-10,EGX:PHDC,1.761,1.8,1.76,1.78,4234834.0
2021-08-11,EGX:PHDC,1.78,1.799,1.735,1.75,3400700.0
2021-08-15,EGX:PHDC,1.75,1.77,1.73,1.745,2960532.0
2021-08-16,EGX:PHDC,1.745,1.765,1.728,1.743,2319390.0
2021-08-17,EGX:PHDC,1.743,1.765,1.73,1.755,1777883.0
2021-08-18,EGX:PHDC,1.755,1.78,1.74,1.755,3143167.0
2021-08-19,EGX:PHDC,1.755,1.805,1.75,1.789,5153866.0
2021-08-22,EGX:PHDC,1.789,1.789,1.75,1.766,771997.0
2021-08-23,EGX:PHDC,1.766,1.798,1.766,1.784,1417232.0
2021-08-24,EGX:PHDC,1.784,1.81,1.764,1.798,3030084.0
2021-08-25,EGX:PHDC,1.798,1.887,1.798,1.859,9665803.0
2021-08-26,EGX:PHDC,1.859,1.899,1.84,1.863,4385705.0
2021-08-29,EGX:PHDC,1.863,1.943,1.83,1.916,6733859.0
2021-08-30,EGX:PHDC,1.916,2.017,1.907,1.97,17144302.0
2021-08-31,EGX:PHDC,1.97,1.975,1.92,1.953,3888231.0
2021-09-01,EGX:PHDC,1.953,2.01,1.95,1.995,7359228.0
2021-09-02,EGX:PHDC,1.995,2.06,1.991,2.025,5553927.0
2021-09-05,EGX:PHDC,2.03,2.03,1.94,1.96,2062913.0
2021-09-06,EGX:PHDC,1.96,2.0,1.87,1.96,3172567.0
2021-09-07,EGX:PHDC,1.96,1.99,1.92,1.95,831950.0
2021-09-08,EGX:PHDC,1.95,1.99,1.94,1.94,363917.0
2021-09-09,EGX:PHDC,1.94,1.97,1.9,1.92,1085286.0
2021-09-12,EGX:PHDC,1.92,1.97,1.9,1.95,15614933.0
2021-09-13,EGX:PHDC,1.95,2.05,1.95,2.035,6831447.0
2021-09-14,EGX:PHDC,2.035,2.099,2.015,2.08,10322162.0
2021-09-15,EGX:PHDC,2.08,2.095,2.032,2.088,7030736.0
2021-09-16,EGX:PHDC,2.088,2.119,2.022,2.041,5530350.0
2021-09-19,EGX:PHDC,2.04,2.05,1.96,1.97,1691489.0
2021-09-20,EGX:PHDC,1.97,2.03,1.93,1.94,2293129.0
2021-09-21,EGX:PHDC,1.94,1.97,1.8,1.91,2488353.0
2021-09-22,EGX:PHDC,1.91,1.99,1.91,1.99,1658077.0
2021-09-23,EGX:PHDC,1.99,2.06,1.98,2.0,3113089.0
2021-09-26,EGX:PHDC,2.0,2.0,1.98,2.0,700658.0
2021-09-27,EGX:PHDC,2.0,2.0,1.92,1.93,391472.0
2021-09-28,EGX:PHDC,1.93,1.99,1.89,1.91,1201273.0
2021-09-29,EGX:PHDC,1.91,1.95,1.9,1.9,720332.0
2021-09-30,EGX:PHDC,1.9,1.95,1.9,1.94,943453.0
2021-10-03,EGX:PHDC,1.94,1.95,1.9,1.901,1285382.0
2021-10-04,EGX:PHDC,1.901,1.945,1.89,1.9,4225985.0
2021-10-05,EGX:PHDC,1.9,1.938,1.9,1.917,1023637.0
2021-10-06,EGX:PHDC,1.917,1.94,1.917,1.921,574974.0
2021-10-10,EGX:PHDC,1.921,1.934,1.9,1.921,1626777.0
2021-10-11,EGX:PHDC,1.921,1.929,1.9,1.919,278833.0
2021-10-12,EGX:PHDC,1.919,1.929,1.9,1.922,1903098.0
2021-10-13,EGX:PHDC,1.922,1.931,1.9,1.929,1756869.0
2021-10-14,EGX:PHDC,1.929,1.935,1.89,1.905,1042734.0
2021-10-17,EGX:PHDC,1.905,1.929,1.905,1.91,457605.0
2021-10-18,EGX:PHDC,1.91,2.06,1.91,1.993,10082023.0
2021-10-19,EGX:PHDC,1.993,2.01,1.967,1.979,2432254.0
2021-10-20,EGX:PHDC,1.979,1.999,1.928,1.964,1135553.0
2021-10-24,EGX:PHDC,1.964,2.04,1.94,1.951,1122949.0
2021-10-25,EGX:PHDC,1.951,1.999,1.92,1.95,864105.0
2021-10-26,EGX:PHDC,1.95,1.989,1.94,1.945,5880757.0
2021-10-27,EGX:PHDC,1.945,1.967,1.9,1.951,16998130.0
2021-10-28,EGX:PHDC,1.951,1.96,1.9,1.92,3258037.0
2021-10-31,EGX:PHDC,1.92,1.921,1.901,1.903,585199.0
2021-11-01,EGX:PHDC,1.903,1.935,1.89,1.901,1057705.0
2021-11-02,EGX:PHDC,1.901,1.979,1.901,1.967,3310671.0
2021-11-03,EGX:PHDC,1.967,1.98,1.913,1.917,1030636.0
2021-11-04,EGX:PHDC,1.917,1.929,1.89,1.906,1639892.0
2021-11-07,EGX:PHDC,1.906,1.936,1.88,1.882,383686.0
2021-11-08,EGX:PHDC,1.882,1.924,1.872,1.878,619524.0
2021-11-09,EGX:PHDC,1.878,1.9,1.85,1.856,843203.0
2021-11-10,EGX:PHDC,1.856,1.879,1.813,1.83,1827555.0
2021-11-11,EGX:PHDC,1.83,1.91,1.825,1.852,4104865.0
2021-11-14,EGX:PHDC,1.852,1.856,1.816,1.828,3082436.0
2021-11-15,EGX:PHDC,1.828,1.828,1.75,1.75,5004871.0
2021-11-16,EGX:PHDC,1.75,1.784,1.702,1.707,1472183.0
2021-11-17,EGX:PHDC,1.707,1.76,1.699,1.712,6259716.0
2021-11-18,EGX:PHDC,1.712,1.729,1.7,1.707,444539.0
2021-11-21,EGX:PHDC,1.707,1.765,1.69,1.697,726751.0
2021-11-22,EGX:PHDC,1.697,1.717,1.65,1.7,2563195.0
2021-11-23,EGX:PHDC,1.7,1.85,1.7,1.788,5458559.0
2021-11-24,EGX:PHDC,1.788,1.8,1.756,1.777,280610.0
2021-11-25,EGX:PHDC,1.777,1.838,1.777,1.825,1192857.0
2021-11-28,EGX:PHDC,1.825,1.825,1.735,1.766,1275584.0
2021-11-29,EGX:PHDC,1.766,1.79,1.751,1.768,2460034.0
2021-11-30,EGX:PHDC,1.768,1.79,1.749,1.79,5676754.0
2021-12-01,EGX:PHDC,1.79,1.85,1.772,1.839,6885544.0
2021-12-02,EGX:PHDC,1.839,1.849,1.782,1.789,1751096.0
2021-12-05,EGX:PHDC,1.789,1.834,1.789,1.823,2967758.0
2021-12-06,EGX:PHDC,1.823,1.93,1.82,1.911,21072537.0
2021-12-07,EGX:PHDC,1.911,1.94,1.841,1.863,11308314.0
2021-12-08,EGX:PHDC,1.863,1.894,1.82,1.828,2599190.0
2021-12-09,EGX:PHDC,1.828,1.87,1.811,1.825,2093923.0
2021-12-12,EGX:PHDC,1.825,1.849,1.79,1.815,7276490.0
2021-12-13,EGX:PHDC,1.815,1.84,1.815,1.835,2016557.0
2021-12-14,EGX:PHDC,1.835,1.87,1.81,1.815,3187179.0
2021-12-15,EGX:PHDC,1.815,1.85,1.815,1.85,2413810.0
2021-12-16,EGX:PHDC,1.85,2.002,1.85,1.983,22861714.0
2021-12-19,EGX:PHDC,1.983,2.0,1.912,1.917,4565563.0
2021-12-20,EGX:PHDC,1.917,1.949,1.871,1.889,2449650.0
2021-12-21,EGX:PHDC,1.889,1.937,1.889,1.908,4041278.0
2021-12-22,EGX:PHDC,1.908,1.936,1.9,1.923,9245149.0
2021-12-23,EGX:PHDC,1.923,1.979,1.923,1.96,6291535.0
2021-12-26,EGX:PHDC,1.96,1.984,1.951,1.97,1372986.0
2021-12-27,EGX:PHDC,1.97,1.971,1.945,1.951,1399770.0
2021-12-28,EGX:PHDC,1.951,2.0,1.937,1.989,10125379.0
2021-12-29,EGX:PHDC,1.989,1.99,1.965,1.974,4844685.0
2021-12-30,EGX:PHDC,1.974,2.0,1.95,1.993,5419984.0
2022-01-02,EGX:PHDC,1.993,1.993,1.95,1.954,3982855.0
2022-01-03,EGX:PHDC,1.954,1.96,1.928,1.934,3008278.0
2022-01-04,EGX:PHDC,1.934,1.979,1.927,1.94,3505466.0
2022-01-05,EGX:PHDC,1.94,1.995,1.94,1.988,5362842.0
2022-01-09,EGX:PHDC,1.988,1.988,1.925,1.932,4257937.0
2022-01-10,EGX:PHDC,1.932,1.95,1.93,1.944,2323859.0
2022-01-11,EGX:PHDC,1.944,1.95,1.89,1.899,6765094.0
2022-01-12,EGX:PHDC,1.899,1.91,1.871,1.88,2964592.0
2022-01-13,EGX:PHDC,1.88,1.89,1.853,1.858,2289531.0
2022-01-16,EGX:PHDC,1.858,1.868,1.811,1.818,2449863.0
2022-01-17,EGX:PHDC,1.818,1.865,1.818,1.858,1958687.0
2022-01-18,EGX:PHDC,1.858,1.88,1.826,1.837,2069069.0
2022-01-19,EGX:PHDC,1.837,1.85,1.78,1.801,10792906.0
2022-01-20,EGX:PHDC,1.801,1.81,1.782,1.794,3557630.0
2022-01-23,EGX:PHDC,1.794,1.8,1.746,1.751,7574489.0
2022-01-24,EGX:PHDC,1.751,1.76,1.73,1.734,1450733.0
2022-01-25,EGX:PHDC,1.734,1.75,1.72,1.73,5814130.0
2022-01-26,EGX:PHDC,1.723,1.757,1.723,1.74,3057519.0
2022-01-30,EGX:PHDC,1.736,1.769,1.692,1.699,1730351.0
2022-01-31,EGX:PHDC,1.699,1.74,1.694,1.73,2076916.0
2022-02-01,EGX:PHDC,1.739,1.815,1.739,1.801,3858216.0
2022-02-02,EGX:PHDC,1.801,1.83,1.8,1.806,1407811.0
2022-02-03,EGX:PHDC,1.808,1.817,1.781,1.791,709176.0
2022-02-06,EGX:PHDC,1.791,1.81,1.78,1.799,744002.0
2022-02-07,EGX:PHDC,1.799,1.815,1.772,1.786,1292281.0
2022-02-08,EGX:PHDC,1.786,1.825,1.786,1.821,1405119.0
2022-02-09,EGX:PHDC,1.821,1.85,1.82,1.82,2429432.0
2022-02-10,EGX:PHDC,1.82,1.848,1.755,1.76,3366217.0
2022-02-13,EGX:PHDC,1.786,1.786,1.695,1.7,6729247.0
2022-02-14,EGX:PHDC,1.7,1.722,1.66,1.669,3327896.0
2022-02-15,EGX:PHDC,1.669,1.718,1.669,1.678,1658800.0
2022-02-16,EGX:PHDC,1.678,1.744,1.678,1.701,4918921.0
2022-02-17,EGX:PHDC,1.702,1.73,1.695,1.702,487855.0
2022-02-20,EGX:PHDC,1.702,1.702,1.602,1.616,5193245.0
2022-02-21,EGX:PHDC,1.616,1.668,1.616,1.659,1390043.0
2022-02-22,EGX:PHDC,1.659,1.659,1.6,1.613,3347260.0
2022-02-23,EGX:PHDC,1.614,1.64,1.611,1.626,675081.0
2022-02-24,EGX:PHDC,1.626,1.626,1.431,1.495,5319368.0
2022-02-27,EGX:PHDC,1.495,1.598,1.495,1.551,2813132.0
2022-02-28,EGX:PHDC,1.551,1.589,1.491,1.507,1828558.0
2022-03-01,EGX:PHDC,1.507,1.58,1.507,1.551,1276530.0
2022-03-02,EGX:PHDC,1.57,1.57,1.516,1.521,2446128.0
2022-03-03,EGX:PHDC,1.521,1.55,1.52,1.53,2320756.0
2022-03-06,EGX:PHDC,1.524,1.549,1.52,1.52,471808.0
2022-03-07,EGX:PHDC,1.522,1.522,1.46,1.473,1571901.0
2022-03-08,EGX:PHDC,1.473,1.489,1.44,1.454,684036.0
2022-03-09,EGX:PHDC,1.454,1.499,1.454,1.48,601475.0
2022-03-10,EGX:PHDC,1.48,1.5,1.475,1.494,1002405.0
2022-03-13,EGX:PHDC,1.494,1.52,1.452,1.459,1734041.0
2022-03-14,EGX:PHDC,1.459,1.48,1.451,1.455,1360636.0
2022-03-15,EGX:PHDC,1.455,1.472,1.433,1.444,979811.0
2022-03-16,EGX:PHDC,1.444,1.508,1.444,1.495,1048499.0
2022-03-17,EGX:PHDC,1.495,1.537,1.495,1.534,1662048.0
2022-03-20,EGX:PHDC,1.534,1.57,1.525,1.557,866971.0
2022-03-21,EGX:PHDC,1.557,1.699,1.557,1.672,6277747.0
2022-03-22,EGX:PHDC,1.672,1.73,1.65,1.656,3297734.0
2022-03-23,EGX:PHDC,1.656,1.729,1.612,1.691,4177109.0
2022-03-24,EGX:PHDC,1.691,1.72,1.665,1.671,620294.0
2022-03-27,EGX:PHDC,1.671,1.671,1.621,1.625,1167415.0
2022-03-28,EGX:PHDC,1.63,1.65,1.592,1.6,1171314.0
2022-03-29,EGX:PHDC,1.597,1.64,1.57,1.581,2455942.0
2022-03-30,EGX:PHDC,1.581,1.63,1.562,1.574,986463.0
2022-03-31,EGX:PHDC,1.574,1.597,1.55,1.576,468088.0
2022-04-03,EGX:PHDC,1.564,1.629,1.56,1.622,814405.0
2022-04-04,EGX:PHDC,1.622,1.695,1.605,1.688,1599823.0
2022-04-05,EGX:PHDC,1.688,1.699,1.621,1.625,2515830.0
2022-04-06,EGX:PHDC,1.625,1.648,1.621,1.627,567363.0
2022-04-07,EGX:PHDC,1.629,1.669,1.592,1.597,840223.0
2022-04-10,EGX:PHDC,1.597,1.62,1.55,1.554,715057.0
2022-04-11,EGX:PHDC,1.554,1.602,1.5,1.501,1933772.0
2022-04-12,EGX:PHDC,1.501,1.535,1.48,1.511,731195.0
2022-04-13,EGX:PHDC,1.526,1.558,1.49,1.55,1068490.0
2022-04-14,EGX:PHDC,1.541,1.541,1.462,1.462,855832.0
2022-04-17,EGX:PHDC,1.471,1.559,1.425,1.44,1108687.0
2022-04-18,EGX:PHDC,1.448,1.46,1.42,1.448,429362.0
2022-04-19,EGX:PHDC,1.448,1.51,1.448,1.492,992403.0
2022-04-20,EGX:PHDC,1.499,1.499,1.45,1.461,1182898.0
2022-04-21,EGX:PHDC,1.466,1.547,1.466,1.536,1201538.0
2022-04-26,EGX:PHDC,1.536,1.542,1.5,1.5,3290312.0
2022-04-27,EGX:PHDC,1.5,1.567,1.5,1.556,12911171.0
2022-04-28,EGX:PHDC,1.556,1.694,1.555,1.667,4304775.0
2022-05-08,EGX:PHDC,1.667,1.667,1.601,1.634,2305095.0
2022-05-09,EGX:PHDC,1.634,1.65,1.595,1.595,2130356.0
2022-05-10,EGX:PHDC,1.599,1.6,1.564,1.576,1260442.0
2022-05-11,EGX:PHDC,1.583,1.6,1.56,1.569,1198845.0
2022-05-12,EGX:PHDC,1.569,1.57,1.479,1.49,6580118.0
2022-05-15,EGX:PHDC,1.49,1.51,1.448,1.45,1517128.0
2022-05-16,EGX:PHDC,1.462,1.488,1.449,1.488,2219403.0
2022-05-17,EGX:PHDC,1.473,1.5,1.473,1.49,801747.0
2022-05-18,EGX:PHDC,1.49,1.5,1.472,1.472,511127.0
2022-05-19,EGX:PHDC,1.486,1.486,1.45,1.458,2439624.0
2022-05-22,EGX:PHDC,1.458,1.471,1.453,1.46,526819.0
2022-05-23,EGX:PHDC,1.46,1.47,1.441,1.448,2013553.0
2022-05-24,EGX:PHDC,1.448,1.452,1.36,1.362,8292936.0
2022-05-25,EGX:PHDC,1.362,1.37,1.28,1.283,14941369.0
2022-05-26,EGX:PHDC,1.283,1.283,1.16,1.169,15443316.0
2022-05-29,EGX:PHDC,1.169,1.194,1.16,1.174,3384333.0
2022-05-30,EGX:PHDC,1.174,1.195,1.17,1.183,4528592.0
2022-05-31,EGX:PHDC,1.183,1.193,1.072,1.072,37218086.0
2022-06-01,EGX:PHDC,1.072,1.165,1.072,1.131,22889077.0
2022-06-02,EGX:PHDC,1.131,1.182,1.126,1.172,8616159.0
2022-06-05,EGX:PHDC,1.172,1.194,1.17,1.19,3809629.0
2022-06-06,EGX:PHDC,1.187,1.22,1.173,1.22,4893199.0
2022-06-07,EGX:PHDC,1.208,1.255,1.208,1.254,7096493.0
2022-06-08,EGX:PHDC,1.249,1.3,1.249,1.3,10126132.0
2022-06-09,EGX:PHDC,1.3,1.32,1.272,1.278,5235707.0
2022-06-12,EGX:PHDC,1.278,1.289,1.251,1.281,3306877.0
2022-06-13,EGX:PHDC,1.281,1.319,1.261,1.27,6697612.0
2022-06-14,EGX:PHDC,1.269,1.284,1.24,1.26,2509899.0
2022-06-15,EGX:PHDC,1.26,1.285,1.24,1.245,11702841.0
2022-06-16,EGX:PHDC,1.245,1.255,1.227,1.233,4932465.0
2022-06-19,EGX:PHDC,1.233,1.259,1.229,1.238,1155258.0
2022-06-20,EGX:PHDC,1.238,1.254,1.224,1.241,3149332.0
2022-06-21,EGX:PHDC,1.241,1.264,1.224,1.227,30899664.0
2022-06-22,EGX:PHDC,1.227,1.24,1.222,1.236,4500211.0
2022-06-23,EGX:PHDC,1.236,1.237,1.22,1.228,1919810.0
2022-06-26,EGX:PHDC,1.228,1.26,1.222,1.252,4719180.0
2022-06-27,EGX:PHDC,1.252,1.28,1.212,1.219,11600396.0
2022-06-28,EGX:PHDC,1.219,1.228,1.17,1.203,3708779.0
2022-06-29,EGX:PHDC,1.194,1.217,1.18,1.197,2467008.0
2022-07-03,EGX:PHDC,1.197,1.217,1.152,1.164,1921749.0
2022-07-04,EGX:PHDC,1.164,1.179,1.105,1.127,1863597.0
2022-07-05,EGX:PHDC,1.127,1.176,1.127,1.15,4175653.0
2022-07-06,EGX:PHDC,1.15,1.17,1.132,1.144,1340609.0
2022-07-07,EGX:PHDC,1.144,1.201,1.144,1.193,3881272.0
2022-07-17,EGX:PHDC,1.193,1.218,1.181,1.199,924447.0
2022-07-18,EGX:PHDC,1.199,1.204,1.192,1.199,8471268.0
2022-07-19,EGX:PHDC,1.199,1.248,1.184,1.24,5389070.0
2022-07-20,EGX:PHDC,1.24,1.274,1.233,1.25,9091710.0
2022-07-21,EGX:PHDC,1.248,1.293,1.248,1.27,9890046.0
2022-07-24,EGX:PHDC,1.27,1.29,1.251,1.256,1668005.0
2022-07-25,EGX:PHDC,1.258,1.269,1.237,1.243,3822183.0
2022-07-26,EGX:PHDC,1.243,1.256,1.237,1.244,7052456.0
2022-07-27,EGX:PHDC,1.244,1.257,1.227,1.229,7930592.0
2022-07-28,EGX:PHDC,1.229,1.239,1.215,1.23,1543538.0
2022-07-31,EGX:PHDC,1.23,1.246,1.23,1.235,1955383.0
2022-08-01,EGX:PHDC,1.235,1.258,1.221,1.228,4110247.0
2022-08-02,EGX:PHDC,1.228,1.245,1.225,1.231,1358800.0
2022-08-03,EGX:PHDC,1.231,1.247,1.231,1.235,1541363.0
2022-08-04,EGX:PHDC,1.235,1.328,1.232,1.317,17425092.0
2022-08-07,EGX:PHDC,1.317,1.36,1.317,1.349,6520935.0
2022-08-08,EGX:PHDC,1.349,1.372,1.336,1.347,4387787.0
2022-08-09,EGX:PHDC,1.347,1.41,1.347,1.384,12251839.0
2022-08-10,EGX:PHDC,1.384,1.399,1.33,1.35,3474581.0
2022-08-11,EGX:PHDC,1.35,1.37,1.336,1.35,3078205.0
2022-08-14,EGX:PHDC,1.35,1.37,1.33,1.34,5952975.0
2022-08-15,EGX:PHDC,1.34,1.35,1.302,1.31,11140885.0
2022-08-16,EGX:PHDC,1.31,1.32,1.282,1.289,4795532.0
2022-08-17,EGX:PHDC,1.289,1.347,1.289,1.305,22917231.0
2022-08-18,EGX:PHDC,1.305,1.327,1.305,1.313,16281069.0
2022-08-21,EGX:PHDC,1.313,1.35,1.313,1.34,11946326.0
2022-08-22,EGX:PHDC,1.34,1.39,1.334,1.39,20508793.0
2022-08-23,EGX:PHDC,1.39,1.391,1.342,1.358,11718365.0
2022-08-24,EGX:PHDC,1.358,1.358,1.325,1.33,8671649.0
2022-08-25,EGX:PHDC,1.33,1.39,1.33,1.387,13378485.0
2022-08-28,EGX:PHDC,1.387,1.4,1.351,1.4,13181388.0
2022-08-29,EGX:PHDC,1.4,1.469,1.4,1.43,25992643.0
2022-08-30,EGX:PHDC,1.43,1.508,1.407,1.483,26274966.0
2022-08-31,EGX:PHDC,1.483,1.569,1.483,1.529,20872114.0
2022-09-01,EGX:PHDC,1.529,1.537,1.459,1.468,8588722.0
2022-09-04,EGX:PHDC,1.468,1.49,1.443,1.474,3047386.0
2022-09-05,EGX:PHDC,1.474,1.543,1.467,1.535,6465574.0
2022-09-06,EGX:PHDC,1.529,1.565,1.515,1.52,12189532.0
2022-09-07,EGX:PHDC,1.52,1.55,1.473,1.484,6814796.0
2022-09-08,EGX:PHDC,1.484,1.497,1.46,1.483,2621234.0
2022-09-11,EGX:PHDC,1.483,1.497,1.463,1.472,2208028.0
2022-09-12,EGX:PHDC,1.472,1.5,1.465,1.474,3336114.0
2022-09-13,EGX:PHDC,1.474,1.49,1.458,1.47,2334011.0
2022-09-14,EGX:PHDC,1.468,1.468,1.425,1.428,2741190.0
2022-09-15,EGX:PHDC,1.428,1.439,1.361,1.361,35274337.0
2022-09-18,EGX:PHDC,1.361,1.39,1.27,1.292,11448701.0
2022-09-19,EGX:PHDC,1.292,1.35,1.286,1.347,6644088.0
2022-09-20,EGX:PHDC,1.332,1.36,1.325,1.351,5199485.0
2022-09-21,EGX:PHDC,1.351,1.374,1.334,1.34,6822688.0
2022-09-22,EGX:PHDC,1.34,1.36,1.32,1.352,1539300.0
2022-09-25,EGX:PHDC,1.352,1.352,1.32,1.326,2658007.0
2022-09-26,EGX:PHDC,1.326,1.35,1.319,1.32,6218092.0
2022-09-27,EGX:PHDC,1.327,1.349,1.321,1.343,3157098.0
2022-09-28,EGX:PHDC,1.343,1.359,1.324,1.328,6949210.0
2022-09-29,EGX:PHDC,1.328,1.345,1.328,1.333,1644870.0
2022-10-02,EGX:PHDC,1.333,1.34,1.284,1.29,4987026.0
2022-10-03,EGX:PHDC,1.29,1.31,1.28,1.294,2375221.0
2022-10-04,EGX:PHDC,1.294,1.342,1.294,1.331,3833382.0
2022-10-05,EGX:PHDC,1.331,1.365,1.331,1.362,10446802.0
2022-10-09,EGX:PHDC,1.362,1.364,1.34,1.35,1487827.0
2022-10-10,EGX:PHDC,1.346,1.366,1.34,1.359,2527714.0
2022-10-11,EGX:PHDC,1.359,1.36,1.328,1.339,2058150.0
2022-10-12,EGX:PHDC,1.339,1.345,1.322,1.324,1750613.0
2022-10-13,EGX:PHDC,1.324,1.39,1.324,1.337,4069063.0
2022-10-16,EGX:PHDC,1.337,1.38,1.337,1.362,3754009.0
2022-10-17,EGX:PHDC,1.362,1.415,1.362,1.402,8314509.0
2022-10-18,EGX:PHDC,1.402,1.42,1.361,1.398,2095039.0
2022-10-19,EGX:PHDC,1.398,1.409,1.37,1.378,3951789.0
2022-10-20,EGX:PHDC,1.378,1.42,1.364,1.41,4155989.0
2022-10-23,EGX:PHDC,1.41,1.424,1.398,1.411,1798812.0
2022-10-24,EGX:PHDC,1.411,1.454,1.411,1.423,8871726.0
2022-10-25,EGX:PHDC,1.423,1.46,1.382,1.45,5809265.0
2022-10-26,EGX:PHDC,1.447,1.488,1.447,1.466,8373811.0
2022-10-27,EGX:PHDC,1.469,1.53,1.468,1.489,9591924.0
2022-10-30,EGX:PHDC,1.489,1.5,1.461,1.462,3182829.0
2022-10-31,EGX:PHDC,1.471,1.489,1.455,1.487,4942907.0
2022-11-01,EGX:PHDC,1.475,1.52,1.45,1.46,13635155.0
2022-11-02,EGX:PHDC,1.46,1.472,1.421,1.428,7529148.0
2022-11-03,EGX:PHDC,1.428,1.45,1.425,1.428,2943338.0
2022-11-06,EGX:PHDC,1.44700003,1.47000003,1.40999997,1.41600001,3353464.0
2022-11-07,EGX:PHDC,1.416,1.433,1.4,1.411,3057279.0
2022-11-08,EGX:PHDC,1.411,1.425,1.39,1.391,3733467.0
2022-11-09,EGX:PHDC,1.391,1.42,1.378,1.393,3857438.0
2022-11-10,EGX:PHDC,1.38,1.417,1.38,1.4,4053628.0
2022-11-13,EGX:PHDC,1.403,1.46,1.403,1.46,6602009.0
2022-11-14,EGX:PHDC,1.46,1.523,1.46,1.512,19606264.0
2022-11-15,EGX:PHDC,1.512,1.523,1.489,1.508,5351421.0
2022-11-16,EGX:PHDC,1.508,1.554,1.508,1.547,11332482.0
2022-11-17,EGX:PHDC,1.547,1.64,1.547,1.628,19742315.0
2022-11-20,EGX:PHDC,1.628,1.65,1.612,1.63,4086583.0
2022-11-21,EGX:PHDC,1.63,1.665,1.61,1.649,8499282.0
2022-11-22,EGX:PHDC,1.649,1.69,1.62,1.685,4683410.0
2022-11-23,EGX:PHDC,1.685,1.749,1.683,1.689,6447782.0
2022-11-24,EGX:PHDC,1.689,1.715,1.65,1.714,7479206.0
2022-11-27,EGX:PHDC,1.714,1.75,1.7,1.747,5765469.0
2022-11-28,EGX:PHDC,1.747,1.8,1.72,1.754,9300336.0
2022-11-29,EGX:PHDC,1.754,1.768,1.73,1.745,7708232.0
2022-11-30,EGX:PHDC,1.745,1.76,1.69,1.7,5123327.0
2022-12-01,EGX:PHDC,1.707,1.73,1.7,1.721,4811201.0
2022-12-04,EGX:PHDC,1.721,1.8,1.703,1.741,16090654.0
2022-12-05,EGX:PHDC,1.741,1.788,1.73,1.757,7236503.0
2022-12-06,EGX:PHDC,1.757,1.8,1.72,1.8,11954996.0
2022-12-07,EGX:PHDC,1.8,1.94,1.8,1.861,43421116.0
2022-12-08,EGX:PHDC,1.861,1.919,1.832,1.832,23811178.0
2022-12-11,EGX:PHDC,1.832,1.88,1.78,1.78,9981421.0
2022-12-12,EGX:PHDC,1.811,1.818,1.694,1.8,11836707.0
2022-12-13,EGX:PHDC,1.8,1.935,1.8,1.919,22114236.0
2022-12-14,EGX:PHDC,1.919,2.06,1.89,2.026,37047824.0
2022-12-15,EGX:PHDC,2.026,2.14,2.01,2.051,43719659.0
2022-12-18,EGX:PHDC,2.05,2.08,1.95,1.96,10936614.0
2022-12-19,EGX:PHDC,1.96,2.02,1.89,1.94,17925707.0
2022-12-20,EGX:PHDC,1.94,2.21,1.94,2.15,53370081.0
2022-12-21,EGX:PHDC,2.15,2.19,2.06,2.15,31237338.0
2022-12-22,EGX:PHDC,2.15,2.26,2.07,2.1,48565328.0
2022-12-25,EGX:PHDC,2.1,2.1,1.93,1.95,14471408.0
2022-12-26,EGX:PHDC,1.95,2.08,1.95,2.06,13555576.0
2022-12-27,EGX:PHDC,2.06,2.1,1.98,1.99,16072735.0
2022-12-28,EGX:PHDC,1.99,2.02,1.96,1.98,18256404.0
2022-12-29,EGX:PHDC,1.98,2.03,1.95,1.96,34050388.0
2023-01-02,EGX:PHDC,1.96,2.028,1.96,2.014,24747334.0
2023-01-03,EGX:PHDC,2.014,2.145,2.014,2.109,44035783.0
2023-01-04,EGX:PHDC,2.109,2.14,1.971,2.12,49028484.0
2023-01-05,EGX:PHDC,2.12,2.169,2.12,2.125,37971158.0
2023-01-09,EGX:PHDC,2.13,2.2,2.07,2.12,32993053.0
2023-01-10,EGX:PHDC,2.12,2.13,1.98,1.98,26861063.0
2023-01-11,EGX:PHDC,1.98,2.13,1.91,1.91,37735959.0
2023-01-12,EGX:PHDC,1.91,1.99,1.86,1.92,19196956.0
2023-01-15,EGX:PHDC,1.92,2.02,1.92,1.954,15689789.0
2023-01-16,EGX:PHDC,1.954,2.04,1.954,1.994,17050495.0
2023-01-17,EGX:PHDC,1.994,2.09,1.994,2.055,27143722.0
2023-01-18,EGX:PHDC,2.055,2.08,1.98,1.982,15571482.0
2023-01-19,EGX:PHDC,1.982,2.17,1.982,2.165,60294314.0
2023-01-22,EGX:PHDC,2.17,2.35,2.17,2.28,89232221.0
2023-01-23,EGX:PHDC,2.28,2.35,2.23,2.24,30362904.0
2023-01-24,EGX:PHDC,2.24,2.27,2.19,2.23,18426528.0
2023-01-25,EGX:PHDC,2.23,2.31,2.23,2.26,8014365.0
2023-01-29,EGX:PHDC,2.26,2.32,2.26,2.3,23288034.0
2023-01-30,EGX:PHDC,2.3,2.4,2.19,2.22,43777019.0
2023-01-31,EGX:PHDC,2.22,2.27,2.11,2.13,20808602.0
2023-02-01,EGX:PHDC,2.13,2.15,2.04,2.12,14476414.0
2023-02-02,EGX:PHDC,2.11,2.19,2.0,2.03,21040779.0
2023-02-05,EGX:PHDC,2.03,2.24,1.97,2.24,28466125.0
2023-02-06,EGX:PHDC,2.24,2.32,2.22,2.27,32251212.0
2023-02-07,EGX:PHDC,2.27,2.34,2.19,2.23,29302439.0
2023-02-08,EGX:PHDC,2.23,2.24,2.14,2.15,21452003.0
2023-02-09,EGX:PHDC,2.15,2.22,2.15,2.21,10141559.0
2023-02-12,EGX:PHDC,2.21,2.24,2.12,2.14,28070421.0
2023-02-13,EGX:PHDC,2.14,2.18,2.08,2.11,15337319.0
2023-02-14,EGX:PHDC,2.11,2.2,2.1,2.19,19185577.0
2023-02-15,EGX:PHDC,2.19,2.23,2.16,2.18,22129974.0
2023-02-16,EGX:PHDC,2.18,2.21,2.15,2.16,11221366.0
2023-02-19,EGX:PHDC,2.16,2.19,2.1,2.12,9852682.0
2023-02-20,EGX:PHDC,2.12,2.14,2.03,2.05,11846145.0
2023-02-21,EGX:PHDC,2.05,2.11,2.0,2.1,15062325.0
2023-02-22,EGX:PHDC,2.1,2.12,1.97,2.0,19714986.0
2023-02-23,EGX:PHDC,2.0,2.06,1.96,2.04,15413416.0
2023-02-26,EGX:PHDC,2.04,2.07,2.04,2.05,7645337.0
2023-02-27,EGX:PHDC,2.05,2.09,2.04,2.05,10005852.0
2023-02-28,EGX:PHDC,2.05,2.07,2.01,2.03,4666367.0
2023-03-01,EGX:PHDC,2.03,2.11,2.03,2.11,12312201.0
2023-03-02,EGX:PHDC,2.11,2.14,2.07,2.07,7648182.0
2023-03-05,EGX:PHDC,2.07,2.1,2.05,2.06,4366283.0
2023-03-06,EGX:PHDC,2.06,2.1,2.05,2.05,6125407.0
2023-03-07,EGX:PHDC,2.05,2.07,1.99,2.0,7021732.0
2023-03-08,EGX:PHDC,2.0,2.0,1.95,1.97,7971214.0
2023-03-09,EGX:PHDC,1.97,2.03,1.97,2.01,6527678.0
2023-03-12,EGX:PHDC,2.01,2.02,1.94,1.95,8160911.0
2023-03-13,EGX:PHDC,1.95,1.97,1.72,1.77,9664772.0
2023-03-14,EGX:PHDC,1.77,1.83,1.73,1.8,10117754.0
2023-03-15,EGX:PHDC,1.8,1.84,1.61,1.66,12228640.0
2023-03-16,EGX:PHDC,1.66,1.73,1.53,1.67,9963422.0
2023-03-19,EGX:PHDC,1.67,1.71,1.57,1.632,5464254.0
2023-03-20,EGX:PHDC,1.632,1.707,1.59,1.666,11961658.0
2023-03-21,EGX:PHDC,1.666,1.75,1.666,1.732,8775012.0
2023-03-22,EGX:PHDC,1.732,1.779,1.676,1.686,7183429.0
2023-03-23,EGX:PHDC,1.686,1.76,1.66,1.76,10871489.0
2023-03-26,EGX:PHDC,1.76,1.845,1.76,1.826,13369089.0
2023-03-27,EGX:PHDC,1.826,1.86,1.75,1.785,13259580.0
2023-03-28,EGX:PHDC,1.785,1.9,1.78,1.857,26412065.0
2023-03-29,EGX:PHDC,1.857,1.886,1.85,1.865,13264624.0
2023-03-30,EGX:PHDC,1.865,1.903,1.801,1.833,17514624.0
2023-04-02,EGX:PHDC,1.833,1.87,1.81,1.87,5667527.0
2023-04-03,EGX:PHDC,1.87,1.951,1.87,1.951,20360071.0
2023-04-04,EGX:PHDC,1.951,2.02,1.922,2.01,27071547.0
2023-04-05,EGX:PHDC,2.01,2.025,1.951,1.957,16624252.0
2023-04-06,EGX:PHDC,1.957,1.974,1.922,1.929,9713381.0
2023-04-09,EGX:PHDC,1.929,1.951,1.902,1.928,5824887.0
2023-04-10,EGX:PHDC,1.928,2.03,1.928,2.03,20352927.0
2023-04-11,EGX:PHDC,2.03,2.06,2.02,2.035,16497972.0
2023-04-12,EGX:PHDC,2.035,2.05,1.99,1.998,10088058.0
2023-04-13,EGX:PHDC,1.998,2.03,1.98,2.02,11353039.0
2023-04-18,EGX:PHDC,2.02,2.06,2.01,2.04,6687812.0
2023-04-19,EGX:PHDC,2.04,2.09,2.02,2.04,13320013.0
2023-04-26,EGX:PHDC,2.04,2.05,2.0,2.01,10053759.0
2023-04-27,EGX:PHDC,2.01,2.07,2.01,2.05,16209848.0
2023-04-30,EGX:PHDC,2.05,2.13,2.03,2.04,31856681.0
2023-05-01,EGX:PHDC,2.04,2.07,1.98,2.0,12100290.0
2023-05-02,EGX:PHDC,2.0,2.01,1.94,1.95,10828259.0
2023-05-03,EGX:PHDC,1.95,1.98,1.92,1.94,8276927.0
2023-05-07,EGX:PHDC,1.94,1.948,1.901,1.931,7413779.0
2023-05-08,EGX:PHDC,1.931,2.012,1.931,2.01,16124493.0
2023-05-09,EGX:PHDC,2.01,2.038,1.97,1.97,16475365.0
2023-05-10,EGX:PHDC,1.97,1.998,1.931,1.996,8520686.0
2023-05-11,EGX:PHDC,1.996,2.018,1.965,1.967,9174740.0
2023-05-14,EGX:PHDC,1.967,1.983,1.95,1.965,4930559.0
2023-05-15,EGX:PHDC,1.965,2.01,1.926,1.935,10987021.0
2023-05-16,EGX:PHDC,1.935,1.94,1.9,1.927,7304381.0
2023-05-17,EGX:PHDC,1.927,1.937,1.86,1.86,8460033.0
2023-05-18,EGX:PHDC,1.86,1.87,1.804,1.855,9490677.0
2023-05-21,EGX:PHDC,1.855,1.87,1.841,1.842,4798450.0
2023-05-22,EGX:PHDC,1.842,1.888,1.84,1.843,4249174.0
2023-05-23,EGX:PHDC,1.843,1.85,1.823,1.846,3937985.0
2023-05-24,EGX:PHDC,1.846,1.897,1.846,1.88,7155816.0
2023-05-25,EGX:PHDC,1.88,1.917,1.867,1.87,9491704.0
2023-05-28,EGX:PHDC,1.87,1.914,1.87,1.9,7995603.0
2023-05-29,EGX:PHDC,1.9,1.974,1.89,1.97,20685817.0
2023-05-30,EGX:PHDC,1.97,2.029,1.97,2.01,32057690.0
2023-05-31,EGX:PHDC,2.01,2.046,1.99,1.997,26308531.0
2023-06-01,EGX:PHDC,1.997,2.088,1.995,2.07,38143433.0
2023-06-04,EGX:PHDC,2.07,2.17,2.07,2.12,68606405.0
2023-06-05,EGX:PHDC,2.12,2.17,2.08,2.1,31475331.0
2023-06-06,EGX:PHDC,2.1,2.21,2.1,2.16,67469927.0
2023-06-07,EGX:PHDC,2.16,2.21,2.1,2.1,30271461.0
2023-06-08,EGX:PHDC,2.1,2.14,2.08,2.1,21725988.0
2023-06-11,EGX:PHDC,2.1,2.25,2.1,2.25,51261176.0
2023-06-12,EGX:PHDC,2.25,2.27,2.19,2.21,16621915.0
2023-06-13,EGX:PHDC,2.21,2.27,2.18,2.21,45761790.0
2023-06-14,EGX:PHDC,2.21,2.26,2.17,2.17,26539013.0
2023-06-15,EGX:PHDC,2.17,2.2,2.14,2.14,18175000.0
2023-06-18,EGX:PHDC,2.14,2.2,2.14,2.18,9002203.0
2023-06-19,EGX:PHDC,2.18,2.19,2.1,2.12,13028889.0
2023-06-20,EGX:PHDC,2.12,2.16,2.1,2.11,15375345.0
2023-06-21,EGX:PHDC,2.11,2.13,2.06,2.07,20002770.0
2023-06-22,EGX:PHDC,2.07,2.09,2.05,2.08,8901696.0
2023-06-25,EGX:PHDC,2.08,2.11,2.02,2.02,7818163.0
2023-06-26,EGX:PHDC,2.02,2.12,2.02,2.12,11123690.0
2023-07-04,EGX:PHDC,2.12,2.16,2.1,2.1,15485262.0
2023-07-05,EGX:PHDC,2.1,2.13,2.09,2.1,8725081.0
2023-07-06,EGX:PHDC,2.1,2.13,2.07,2.08,9358890.0
2023-07-09,EGX:PHDC,2.08,2.1,2.0,2.02,10531127.0
2023-07-10,EGX:PHDC,2.02,2.08,1.99,2.07,6745578.0
2023-07-11,EGX:PHDC,2.07,2.15,2.03,2.12,16226334.0
2023-07-12,EGX:PHDC,2.12,2.13,2.07,2.09,10397308.0
2023-07-13,EGX:PHDC,2.09,2.12,2.06,2.06,8909813.0
2023-07-16,EGX:PHDC,2.06,2.09,2.03,2.05,8541186.0
2023-07-17,EGX:PHDC,2.05,2.12,2.05,2.07,27474776.0
2023-07-18,EGX:PHDC,2.07,2.13,2.07,2.11,13699407.0
2023-07-19,EGX:PHDC,2.11,2.14,2.09,2.09,14379388.0
2023-07-24,EGX:PHDC,2.09,2.12,2.05,2.05,10942615.0
2023-07-25,EGX:PHDC,2.05,2.08,2.0,2.01,12050894.0
2023-07-26,EGX:PHDC,2.01,2.03,1.99,2.0,11776786.0
2023-07-27,EGX:PHDC,2.0,2.02,1.99,2.0,9041681.0
2023-07-30,EGX:PHDC,2.0,2.04,1.99,2.02,8822452.0
2023-07-31,EGX:PHDC,2.02,2.04,2.01,2.04,4910387.0
2023-08-01,EGX:PHDC,2.04,2.05,2.0,2.02,7572251.0
2023-08-02,EGX:PHDC,2.02,2.04,1.94,1.96,9063591.0
2023-08-03,EGX:PHDC,1.96,1.98,1.93,1.96,11093212.0
2023-08-06,EGX:PHDC,1.96,2.01,1.95,1.99,17054918.0
2023-08-07,EGX:PHDC,1.99,2.035,1.99,2.004,16803022.0
2023-08-08,EGX:PHDC,2.004,2.028,1.985,1.99,9105525.0
2023-08-09,EGX:PHDC,1.99,2.033,1.985,2.008,13480800.0
2023-08-10,EGX:PHDC,2.008,2.018,1.975,1.975,6130208.0
2023-08-13,EGX:PHDC,1.975,1.993,1.951,1.983,12561254.0
2023-08-14,EGX:PHDC,1.983,2.015,1.982,1.982,10721161.0
2023-08-15,EGX:PHDC,1.982,1.998,1.97,1.97,5220662.0
2023-08-16,EGX:PHDC,1.97,1.987,1.96,1.96,6545523.0
2023-08-17,EGX:PHDC,1.96,1.975,1.951,1.953,4656587.0
2023-08-20,EGX:PHDC,1.953,1.973,1.941,1.942,5185798.0
2023-08-21,EGX:PHDC,1.942,1.955,1.915,1.937,7105758.0
2023-08-22,EGX:PHDC,1.937,1.964,1.927,1.946,7807153.0
2023-08-23,EGX:PHDC,1.946,2.017,1.946,1.962,22263038.0
2023-08-24,EGX:PHDC,1.962,1.975,1.94,1.95,4360377.0
2023-08-27,EGX:PHDC,1.95,1.972,1.931,1.937,7221825.0
2023-08-28,EGX:PHDC,1.937,2.02,1.937,2.02,21977450.0
2023-08-29,EGX:PHDC,2.02,2.03,1.993,2.011,14421857.0
2023-08-30,EGX:PHDC,2.011,2.03,1.983,1.986,12713821.0
2023-08-31,EGX:PHDC,1.986,2.0,1.962,1.964,7001640.0
2023-09-03,EGX:PHDC,1.964,1.988,1.952,1.962,7095237.0
2023-09-04,EGX:PHDC,1.962,1.975,1.941,1.951,10213316.0
2023-09-05,EGX:PHDC,1.951,1.982,1.948,1.952,11115700.0
2023-09-06,EGX:PHDC,1.952,1.994,1.952,1.961,27356774.0
2023-09-07,EGX:PHDC,1.961,1.98,1.95,1.958,16850251.0
2023-09-10,EGX:PHDC,1.958,2.045,1.958,2.028,47089728.0
2023-09-11,EGX:PHDC,2.028,2.05,2.01,2.014,31409588.0
2023-09-12,EGX:PHDC,2.014,2.03,1.985,2.005,13349280.0
2023-09-13,EGX:PHDC,2.005,2.02,1.991,2.003,5027109.0
2023-09-14,EGX:PHDC,2.003,2.042,2.003,2.04,28432925.0
2023-09-17,EGX:PHDC,2.04,2.13,2.04,2.11,76838082.0
2023-09-18,EGX:PHDC,2.11,2.12,2.07,2.11,20444164.0
2023-09-19,EGX:PHDC,2.11,2.12,2.06,2.06,18683552.0
2023-09-20,EGX:PHDC,2.06,2.08,1.97,2.01,30239103.0
2023-09-21,EGX:PHDC,2.01,2.03,1.98,2.03,9578553.0
2023-09-24,EGX:PHDC,2.03,2.04,2.01,2.02,8227827.0
2023-09-25,EGX:PHDC,2.02,2.18,2.0,2.16,82433457.0
2023-09-26,EGX:PHDC,2.16,2.21,2.06,2.09,52339825.0
2023-09-27,EGX:PHDC,2.09,2.19,2.06,2.15,35948403.0
2023-10-01,EGX:PHDC,2.15,2.2,2.12,2.16,21968178.0
2023-10-02,EGX:PHDC,2.16,2.23,2.09,2.12,41107669.0
2023-10-03,EGX:PHDC,2.12,2.15,2.05,2.07,15280626.0
2023-10-04,EGX:PHDC,2.07,2.13,2.07,2.11,11704095.0
2023-10-08,EGX:PHDC,2.11,2.11,1.92,2.0,18767942.0
2023-10-09,EGX:PHDC,2.0,2.02,1.97,1.98,9810763.0
2023-10-10,EGX:PHDC,1.98,2.02,1.98,1.99,6863784.0
2023-10-11,EGX:PHDC,1.99,2.07,1.99,2.0,21238590.0
2023-10-12,EGX:PHDC,2.0,2.05,2.0,2.0,11751752.0
2023-10-15,EGX:PHDC,2.0,2.05,2.0,2.02,11939515.0
2023-10-16,EGX:PHDC,2.02,2.05,1.99,2.0,13060479.0
2023-10-17,EGX:PHDC,2.0,2.15,2.0,2.12,40828555.0
2023-10-18,EGX:PHDC,2.12,2.17,2.06,2.1,30500764.0
2023-10-19,EGX:PHDC,2.1,2.15,2.07,2.12,19086208.0
2023-10-22,EGX:PHDC,2.12,2.19,2.1,2.16,22995535.0
2023-10-23,EGX:PHDC,2.16,2.19,2.13,2.14,19891696.0
2023-10-24,EGX:PHDC,2.14,2.16,2.08,2.11,17969661.0
2023-10-25,EGX:PHDC,2.11,2.32,2.11,2.31,81013627.0
2023-10-26,EGX:PHDC,2.31,2.48,2.31,2.44,82715599.0
2023-10-29,EGX:PHDC,2.44,2.66,2.44,2.56,59612006.0
2023-10-30,EGX:PHDC,2.56,2.59,2.43,2.47,29036188.0
2023-10-31,EGX:PHDC,2.47,2.5,2.4,2.41,23653204.0
2023-11-01,EGX:PHDC,2.41,2.66,2.41,2.64,47209507.0
2023-11-02,EGX:PHDC,2.64,2.79,2.6,2.64,50286824.0
2023-11-05,EGX:PHDC,2.64,2.69,2.59,2.64,19968897.0
2023-11-06,EGX:PHDC,2.64,2.77,2.64,2.66,33799720.0
2023-11-07,EGX:PHDC,2.66,2.75,2.65,2.7,35532428.0
2023-11-08,EGX:PHDC,2.7,2.79,2.6,2.63,23056985.0
2023-11-09,EGX:PHDC,2.63,2.67,2.55,2.59,24219571.0
2023-11-12,EGX:PHDC,2.59,2.68,2.59,2.63,24695439.0
2023-11-13,EGX:PHDC,2.63,2.65,2.56,2.6,19388079.0
2023-11-14,EGX:PHDC,2.6,2.66,2.51,2.65,28325899.0
2023-11-15,EGX:PHDC,2.65,2.8,2.65,2.8,64579557.0
2023-11-16,EGX:PHDC,2.8,2.97,2.8,2.94,65843361.0
2023-11-19,EGX:PHDC,2.94,2.97,2.87,2.87,30921905.0
2023-11-20,EGX:PHDC,2.87,2.91,2.81,2.84,32944800.0
2023-11-21,EGX:PHDC,2.84,2.89,2.79,2.86,26725889.0
2023-11-22,EGX:PHDC,2.86,3.04,2.86,2.99,35646442.0
2023-11-23,EGX:PHDC,2.99,3.1,2.96,3.03,43171621.0
2023-11-26,EGX:PHDC,3.03,3.07,2.93,2.99,28900513.0
2023-11-27,EGX:PHDC,2.99,3.02,2.97,3.02,22743305.0
2023-11-28,EGX:PHDC,3.02,3.11,3.01,3.03,25038991.0
2023-11-29,EGX:PHDC,3.03,3.06,2.86,2.88,14300469.0
2023-11-30,EGX:PHDC,2.88,2.94,2.83,2.86,13270044.0
2023-12-03,EGX:PHDC,2.86,3.06,2.86,2.97,15868699.0
2023-12-04,EGX:PHDC,2.97,3.18,2.94,3.11,42605873.0
2023-12-05,EGX:PHDC,3.11,3.2,3.06,3.07,19905957.0
2023-12-06,EGX:PHDC,3.07,3.22,3.06,3.14,32674964.0
2023-12-07,EGX:PHDC,3.14,3.14,2.93,3.07,26386739.0
2023-12-10,EGX:PHDC,3.07,3.1,2.9,2.9,18153072.0
2023-12-11,EGX:PHDC,2.9,2.99,2.86,2.95,16639816.0
2023-12-12,EGX:PHDC,2.95,3.0,2.86,2.9,8600054.0
2023-12-13,EGX:PHDC,2.9,2.99,2.9,2.99,5834091.0
2023-12-14,EGX:PHDC,2.99,3.05,2.99,3.0,5081344.0
2023-12-17,EGX:PHDC,3.0,3.05,2.94,3.01,5952996.0
2023-12-18,EGX:PHDC,3.01,3.13,2.99,3.08,19119154.0
2023-12-19,EGX:PHDC,3.08,3.14,3.02,3.02,9761260.0
2023-12-20,EGX:PHDC,3.02,3.07,2.95,2.96,9108565.0
2023-12-21,EGX:PHDC,2.96,3.03,2.79,2.81,19369243.0
2023-12-24,EGX:PHDC,2.81,2.87,2.73,2.74,13180701.0
2023-12-25,EGX:PHDC,2.74,2.75,2.63,2.75,16776915.0
2023-12-26,EGX:PHDC,2.75,2.77,2.64,2.65,11809115.0
2023-12-27,EGX:PHDC,2.65,2.74,2.65,2.69,18753652.0
2023-12-28,EGX:PHDC,2.69,2.73,2.68,2.68,11805707.0
2023-12-31,EGX:PHDC,2.68,2.74,2.66,2.66,15101816.0
2024-01-02,EGX:PHDC,2.66,2.88,2.66,2.88,15446200.0
2024-01-03,EGX:PHDC,2.88,2.95,2.79,2.91,19126730.0
2024-01-04,EGX:PHDC,2.9,3.02,2.89,2.95,20160308.0
2024-01-08,EGX:PHDC,2.95,3.12,2.93,3.1,26769719.0
2024-01-09,EGX:PHDC,3.1,3.17,3.08,3.08,16257511.0
2024-01-10,EGX:PHDC,3.08,3.15,3.05,3.14,15339596.0
2024-01-11,EGX:PHDC,3.14,3.24,3.09,3.2,29554036.0
2024-01-14,EGX:PHDC,3.2,3.36,3.2,3.32,29950400.0
2024-01-15,EGX:PHDC,3.32,3.43,3.29,3.33,24932961.0
2024-01-16,EGX:PHDC,3.33,3.4,3.31,3.35,15873372.0
2024-01-17,EGX:PHDC,3.35,3.38,3.24,3.27,11593508.0
2024-01-18,EGX:PHDC,3.27,3.51,3.25,3.46,25245988.0
2024-01-21,EGX:PHDC,3.46,3.58,3.46,3.58,16398729.0
2024-01-22,EGX:PHDC,3.58,3.59,3.44,3.49,24022192.0
2024-01-23,EGX:PHDC,3.49,3.49,3.37,3.38,21020290.0
2024-01-24,EGX:PHDC,3.38,3.41,3.29,3.3,11403011.0
2024-01-28,EGX:PHDC,3.3,3.35,3.2,3.27,20871960.0
2024-01-29,EGX:PHDC,3.27,3.48,3.27,3.34,21702811.0
2024-01-30,EGX:PHDC,3.34,3.55,3.34,3.5,24934780.0
2024-01-31,EGX:PHDC,3.5,3.53,3.0,3.13,24654754.0
2024-02-01,EGX:PHDC,3.13,3.25,2.91,3.22,17736843.0
2024-02-04,EGX:PHDC,3.22,3.51,3.05,3.46,27834808.0
2024-02-05,EGX:PHDC,3.46,3.67,3.44,3.61,47175986.0
2024-02-06,EGX:PHDC,3.61,3.67,3.36,3.65,59436262.0
2024-02-07,EGX:PHDC,3.65,3.72,3.53,3.55,37181992.0
2024-02-08,EGX:PHDC,3.55,3.6,3.47,3.56,18932739.0
2024-02-11,EGX:PHDC,3.56,3.82,3.54,3.54,43056996.0
2024-02-12,EGX:PHDC,3.54,3.72,3.51,3.65,38347512.0
2024-02-13,EGX:PHDC,3.65,3.75,3.6,3.65,30715761.0
2024-02-14,EGX:PHDC,3.65,3.72,3.62,3.69,22531750.0
2024-02-15,EGX:PHDC,3.69,3.78,3.65,3.76,20489611.0
2024-02-18,EGX:PHDC,3.76,3.79,3.7,3.71,17915594.0
2024-02-19,EGX:PHDC,3.71,3.86,3.68,3.85,40478096.0
2024-02-20,EGX:PHDC,3.85,4.31,3.85,4.24,96309780.0
2024-02-21,EGX:PHDC,4.24,4.34,4.11,4.24,68196623.0
2024-02-22,EGX:PHDC,4.24,4.48,4.16,4.48,44086340.0
2024-02-25,EGX:PHDC,4.48,5.32,4.3,4.94,135192231.0
2024-02-26,EGX:PHDC,4.94,5.44,4.76,5.06,82064457.0
2024-02-27,EGX:PHDC,5.06,5.48,5.06,5.1,64105682.0
2024-02-28,EGX:PHDC,5.1,5.25,4.65,4.83,38843582.0
2024-02-29,EGX:PHDC,4.83,4.94,4.64,4.77,24562563.0
2024-03-03,EGX:PHDC,4.77,5.06,4.71,4.84,50307476.0
2024-03-04,EGX:PHDC,4.84,5.13,4.84,4.98,59721956.0
2024-03-05,EGX:PHDC,4.98,5.1,4.79,4.86,37902554.0
2024-03-06,EGX:PHDC,4.86,4.86,4.3,4.3,42193792.0
2024-03-07,EGX:PHDC,4.3,4.43,3.96,4.3,50523850.0
2024-03-10,EGX:PHDC,4.3,4.5,4.2,4.21,22149855.0
2024-03-11,EGX:PHDC,4.21,4.28,3.98,4.04,28674529.0
2024-03-12,EGX:PHDC,4.04,4.1,3.81,3.9,32311544.0
2024-03-13,EGX:PHDC,3.9,3.95,3.53,3.66,40370038.0
2024-03-14,EGX:PHDC,3.66,3.79,3.58,3.74,15568176.0
2024-03-17,EGX:PHDC,3.74,3.83,3.57,3.6,11346882.0
2024-03-18,EGX:PHDC,3.6,3.61,3.22,3.28,22258145.0
2024-03-19,EGX:PHDC,3.28,3.34,3.13,3.3,12129429.0
2024-03-20,EGX:PHDC,3.3,3.4,3.17,3.2,17622071.0
2024-03-21,EGX:PHDC,3.2,3.34,3.19,3.3,25939106.0
2024-03-24,EGX:PHDC,3.3,3.36,3.26,3.27,13994169.0
2024-03-25,EGX:PHDC,3.27,3.72,3.26,3.64,38603617.0
2024-03-26,EGX:PHDC,3.64,3.74,3.48,3.49,19926404.0
2024-03-27,EGX:PHDC,3.49,3.59,3.28,3.3,22849388.0
2024-03-28,EGX:PHDC,3.3,3.41,3.24,3.38,23375033.0
2024-03-31,EGX:PHDC,3.38,3.46,3.17,3.29,15104702.0
2024-04-01,EGX:PHDC,3.29,3.61,3.29,3.6,25856135.0
2024-04-02,EGX:PHDC,3.6,3.7,3.52,3.58,27683174.0
2024-04-03,EGX:PHDC,3.58,3.61,3.46,3.56,16355441.0
2024-04-04,EGX:PHDC,3.56,3.68,3.56,3.61,16990990.0
2024-04-07,EGX:PHDC,3.61,3.67,3.49,3.52,53832387.0
2024-04-08,EGX:PHDC,3.52,3.67,3.5,3.65,9665223.0
2024-04-15,EGX:PHDC,3.65,3.88,3.6,3.85,26912588.0
2024-04-16,EGX:PHDC,3.85,3.9,3.78,3.87,17193675.0
2024-04-17,EGX:PHDC,3.87,4.13,3.85,4.07,56822302.0
2024-04-18,EGX:PHDC,4.07,4.22,3.78,3.86,74388334.0
2024-04-21,EGX:PHDC,3.86,4.06,3.86,3.94,28347063.0
2024-04-22,EGX:PHDC,3.94,4.12,3.78,3.84,22270566.0
2024-04-23,EGX:PHDC,3.84,3.86,3.64,3.68,23245580.0
2024-04-24,EGX:PHDC,3.68,3.68,3.34,3.43,30669803.0
2024-04-28,EGX:PHDC,3.43,3.51,3.19,3.2,29203844.0
2024-04-29,EGX:PHDC,3.2,3.38,3.19,3.36,21699465.0
2024-04-30,EGX:PHDC,3.36,3.41,3.02,3.1,17247310.0
2024-05-01,EGX:PHDC,3.1,3.22,3.0,3.2,14106789.0
2024-05-02,EGX:PHDC,3.2,3.32,3.12,3.26,17684875.0
2024-05-07,EGX:PHDC,3.26,3.3,3.18,3.27,10472744.0
2024-05-08,EGX:PHDC,3.27,3.42,3.22,3.25,17518397.0
2024-05-09,EGX:PHDC,3.25,3.28,3.14,3.22,5607952.0
2024-05-12,EGX:PHDC,3.22,3.27,3.02,3.07,12915907.0
2024-05-13,EGX:PHDC,3.07,3.1,2.93,3.07,16044283.0
2024-05-14,EGX:PHDC,3.07,3.13,2.94,3.02,24820967.0
2024-05-15,EGX:PHDC,3.02,3.08,2.95,3.0,23236082.0
2024-05-16,EGX:PHDC,3.0,3.15,3.0,3.15,24930081.0
2024-05-19,EGX:PHDC,3.15,3.32,3.15,3.32,33193301.0
2024-05-20,EGX:PHDC,3.32,3.42,3.26,3.32,23839862.0
2024-05-21,EGX:PHDC,3.32,3.58,3.32,3.5,56424324.0
2024-05-22,EGX:PHDC,3.5,3.62,3.47,3.57,38047801.0
2024-05-23,EGX:PHDC,3.57,3.64,3.5,3.55,17288679.0
2024-05-26,EGX:PHDC,3.55,3.8,3.51,3.75,35806688.0
2024-05-27,EGX:PHDC,3.75,3.77,3.6,3.63,17136771.0
2024-05-28,EGX:PHDC,3.63,3.82,3.53,3.76,49804954.0
2024-05-29,EGX:PHDC,3.76,3.87,3.73,3.77,20865174.0
2024-05-30,EGX:PHDC,3.77,3.79,3.65,3.73,11228152.0
2024-06-02,EGX:PHDC,3.73,3.8,3.6,3.7,10471962.0
2024-06-03,EGX:PHDC,3.7,3.77,3.64,3.7,8773429.0
2024-06-04,EGX:PHDC,3.7,3.94,3.7,3.85,27350776.0
2024-06-05,EGX:PHDC,3.85,4.0,3.76,3.92,61201490.0
2024-06-06,EGX:PHDC,3.92,3.98,3.77,3.79,27024666.0
2024-06-09,EGX:PHDC,3.79,4.1,3.73,4.05,66895026.0
2024-06-10,EGX:PHDC,4.05,4.09,3.93,3.95,18529406.0
2024-06-11,EGX:PHDC,3.95,4.22,3.95,4.12,87529728.0
2024-06-12,EGX:PHDC,4.12,4.16,4.0,4.04,28504498.0
2024-06-13,EGX:PHDC,4.04,4.1,3.97,4.01,36070953.0
2024-06-23,EGX:PHDC,4.01,4.19,4.01,4.12,37519885.0
2024-06-24,EGX:PHDC,4.12,4.15,4.04,4.04,24358126.0
2024-06-25,EGX:PHDC,4.04,4.13,3.98,4.11,14983366.0
2024-06-26,EGX:PHDC,4.11,4.39,4.11,4.31,62494803.0
2024-06-27,EGX:PHDC,4.31,4.39,4.19,4.21,35967557.0
2024-07-01,EGX:PHDC,4.21,4.48,4.21,4.43,49497330.0
2024-07-02,EGX:PHDC,4.43,4.5,4.33,4.37,44749563.0
2024-07-03,EGX:PHDC,4.37,4.47,4.35,4.38,23179090.0
2024-07-04,EGX:PHDC,4.38,4.4,4.27,4.3,18947360.0
2024-07-07,EGX:PHDC,4.3,4.6,4.3,4.48,63837889.0
2024-07-08,EGX:PHDC,4.48,4.65,4.46,4.56,40673593.0
2024-07-09,EGX:PHDC,4.56,4.64,4.54,4.6,19332076.0
2024-07-10,EGX:PHDC,4.6,4.68,4.56,4.57,17457006.0
2024-07-14,EGX:PHDC,4.57,4.61,4.53,4.53,11379781.0
2024-07-15,EGX:PHDC,4.53,4.61,4.53,4.57,9745117.0
2024-07-16,EGX:PHDC,4.57,4.77,4.54,4.77,14617753.0
2024-07-17,EGX:PHDC,4.77,4.95,4.68,4.9,23127781.0
2024-07-18,EGX:PHDC,4.9,4.96,4.72,4.75,31016774.0
2024-07-21,EGX:PHDC,4.75,4.8,4.66,4.8,24652590.0
2024-07-22,EGX:PHDC,4.8,4.84,4.7,4.7,15159344.0
2024-07-23,EGX:PHDC,4.7,4.77,4.69,4.72,13064572.0
2024-07-24,EGX:PHDC,4.72,4.8,4.57,4.65,24850892.0
2024-07-28,EGX:PHDC,4.65,4.71,4.58,4.61,11967018.0
2024-07-29,EGX:PHDC,4.61,4.7,4.58,4.65,22414944.0
2024-07-30,EGX:PHDC,4.65,4.79,4.65,4.72,35009955.0
2024-07-31,EGX:PHDC,4.72,4.74,4.63,4.63,11641534.0
2024-08-01,EGX:PHDC,4.63,4.66,4.39,4.42,47315102.0
2024-08-04,EGX:PHDC,4.42,4.42,4.21,4.27,21065003.0
2024-08-05,EGX:PHDC,4.27,4.27,3.86,4.03,37061026.0
2024-08-06,EGX:PHDC,4.03,4.18,4.03,4.16,25610425.0
2024-08-07,EGX:PHDC,4.16,4.23,4.07,4.19,17891689.0
2024-08-08,EGX:PHDC,4.19,4.2,4.1,4.13,14814385.0
2024-08-11,EGX:PHDC,4.13,4.4,4.13,4.38,47002979.0
2024-08-12,EGX:PHDC,4.38,4.48,4.36,4.43,45323926.0
2024-08-13,EGX:PHDC,4.43,4.47,4.33,4.36,6099990.0
2024-08-14,EGX:PHDC,4.36,4.43,4.32,4.42,19516258.0
2024-08-15,EGX:PHDC,4.42,4.73,4.42,4.67,33790432.0
2024-08-18,EGX:PHDC,4.67,4.89,4.67,4.74,32808053.0
2024-08-19,EGX:PHDC,4.74,5.05,4.72,5.04,38260345.0
2024-08-20,EGX:PHDC,5.04,5.16,5.01,5.02,40140937.0
2024-08-21,EGX:PHDC,5.02,5.27,4.96,5.2,25842322.0
2024-08-22,EGX:PHDC,5.2,5.42,5.19,5.36,20898969.0
2024-08-25,EGX:PHDC,5.36,6.4,5.36,5.99,56884141.0
2024-08-26,EGX:PHDC,5.99,6.13,5.78,5.91,24592936.0
2024-08-27,EGX:PHDC,5.91,6.1,5.78,5.92,27253454.0
2024-08-28,EGX:PHDC,5.92,6.33,5.88,6.3,31563399.0
2024-08-29,EGX:PHDC,6.3,6.61,6.18,6.37,40821917.0
2024-09-01,EGX:PHDC,6.37,7.01,6.37,6.89,79459149.0
2024-09-02,EGX:PHDC,6.89,6.94,6.56,6.58,37477153.0
2024-09-03,EGX:PHDC,6.58,6.76,6.4,6.47,30482389.0
2024-09-04,EGX:PHDC,6.47,6.57,6.33,6.41,22096488.0
2024-09-05,EGX:PHDC,6.41,6.57,6.4,6.44,10518494.0
2024-09-08,EGX:PHDC,6.44,6.47,6.12,6.31,31707342.0
2024-09-09,EGX:PHDC,6.31,6.61,6.28,6.54,27829169.0
2024-09-10,EGX:PHDC,6.54,6.74,6.32,6.35,39597197.0
2024-09-11,EGX:PHDC,6.35,6.56,6.26,6.53,31697461.0
2024-09-12,EGX:PHDC,6.53,6.68,6.39,6.42,16223829.0
2024-09-16,EGX:PHDC,6.42,6.5,6.25,6.28,11666296.0
2024-09-17,EGX:PHDC,6.28,6.32,6.03,6.06,39413320.0
2024-09-18,EGX:PHDC,6.06,6.1,5.89,5.94,41867535.0
2024-09-19,EGX:PHDC,5.94,6.43,5.94,6.37,40520158.0
2024-09-22,EGX:PHDC,6.37,6.57,6.32,6.45,27565265.0
2024-09-23,EGX:PHDC,6.45,6.52,6.32,6.35,16678720.0
2024-09-24,EGX:PHDC,6.35,6.44,6.32,6.33,10173257.0
2024-09-25,EGX:PHDC,6.33,6.58,6.31,6.47,30360689.0
2024-09-26,EGX:PHDC,6.47,6.63,6.46,6.52,31895624.0
2024-09-29,EGX:PHDC,6.52,6.65,6.43,6.51,23053847.0
2024-09-30,EGX:PHDC,6.51,6.65,6.46,6.65,31195934.0
2024-10-01,EGX:PHDC,6.65,6.75,6.56,6.56,50159476.0
2024-10-02,EGX:PHDC,6.56,6.9,6.52,6.74,45031110.0
2024-10-03,EGX:PHDC,6.74,6.89,6.7,6.77,49040248.0
2024-10-07,EGX:PHDC,6.77,6.88,6.46,6.46,22411449.0
2024-10-08,EGX:PHDC,6.46,6.5,6.09,6.23,23623047.0
2024-10-09,EGX:PHDC,6.23,6.38,6.16,6.27,17608516.0
2024-10-10,EGX:PHDC,6.27,6.33,6.06,6.09,20772180.0
2024-10-13,EGX:PHDC,6.09,6.16,5.66,5.71,25178208.0
2024-10-14,EGX:PHDC,5.71,5.88,5.62,5.84,23397040.0
2024-10-15,EGX:PHDC,5.84,5.95,5.82,5.9,12263726.0
2024-10-16,EGX:PHDC,5.9,5.97,5.66,5.66,18192283.0
2024-10-17,EGX:PHDC,5.66,5.7,5.35,5.35,18473783.0
2024-10-20,EGX:PHDC,5.35,5.65,5.09,5.14,30647899.0
2024-10-21,EGX:PHDC,5.14,5.6,5.14,5.6,29768970.0
2024-10-22,EGX:PHDC,5.6,5.76,5.6,5.75,12626939.0
2024-10-23,EGX:PHDC,5.75,6.03,5.75,5.79,42061734.0
2024-10-24,EGX:PHDC,5.79,6.14,5.75,5.89,22711754.0
2024-10-27,EGX:PHDC,5.89,6.09,5.85,5.95,10255217.0
2024-10-28,EGX:PHDC,5.95,6.02,5.87,5.89,6418193.0
2024-10-29,EGX:PHDC,5.89,5.94,5.63,5.65,12027867.0
2024-10-30,EGX:PHDC,5.65,5.73,5.6,5.67,5940394.0
2024-10-31,EGX:PHDC,5.67,5.75,5.62,5.65,5683471.0
2024-11-03,EGX:PHDC,5.65,5.86,5.65,5.74,8660747.0
2024-11-04,EGX:PHDC,5.74,5.88,5.71,5.76,7776704.0
2024-11-05,EGX:PHDC,5.76,5.8,5.63,5.69,5820492.0
2024-11-06,EGX:PHDC,5.69,5.76,5.64,5.72,14204099.0
2024-11-07,EGX:PHDC,5.72,5.9,5.72,5.81,20154970.0
2024-11-10,EGX:PHDC,5.81,5.92,5.8,5.8,8602384.0
2024-11-11,EGX:PHDC,5.8,5.86,5.8,5.81,4997753.0
2024-11-12,EGX:PHDC,5.81,5.95,5.81,5.89,12911294.0
2024-11-13,EGX:PHDC,5.89,5.98,5.72,5.76,16410388.0
2024-11-14,EGX:PHDC,5.76,5.84,5.73,5.78,5129580.0
2024-11-17,EGX:PHDC,5.78,5.8,5.69,5.7,6015185.0
2024-11-18,EGX:PHDC,5.7,5.74,5.46,5.47,11235086.0
2024-11-19,EGX:PHDC,5.47,5.5,5.39,5.41,4252995.0
2024-11-20,EGX:PHDC,5.41,5.62,5.41,5.6,10790618.0
2024-11-21,EGX:PHDC,5.6,5.66,5.53,5.58,4321077.0
2024-11-24,EGX:PHDC,5.58,5.6,5.44,5.45,4105045.0
2024-11-25,EGX:PHDC,5.45,5.55,5.4,5.41,4805406.0
2024-11-26,EGX:PHDC,5.41,5.49,5.37,5.38,4766366.0
2024-11-27,EGX:PHDC,5.38,5.43,5.27,5.28,5865203.0
2024-11-28,EGX:PHDC,5.28,5.55,5.2,5.45,8196863.0
2024-12-01,EGX:PHDC,5.45,5.98,5.45,5.91,39783089.0
2024-12-02,EGX:PHDC,5.91,6.18,5.89,6.18,45915245.0
2024-12-03,EGX:PHDC,6.18,6.24,5.96,5.96,15274498.0
2024-12-04,EGX:PHDC,5.96,6.35,5.96,6.23,45722394.0
2024-12-05,EGX:PHDC,6.23,6.3,6.13,6.17,14224504.0
2024-12-08,EGX:PHDC,6.17,6.45,6.17,6.45,20778106.0
2024-12-09,EGX:PHDC,6.45,6.65,6.32,6.5,50724007.0
2024-12-10,EGX:PHDC,6.5,6.62,6.34,6.46,20988728.0
2024-12-11,EGX:PHDC,6.46,6.68,6.45,6.56,14676394.0
2024-12-12,EGX:PHDC,6.56,6.65,6.51,6.64,7443826.0
2024-12-15,EGX:PHDC,6.64,6.77,6.6,6.73,11091418.0
2024-12-16,EGX:PHDC,6.73,6.82,6.66,6.66,11044835.0
2024-12-17,EGX:PHDC,6.66,6.7,6.46,6.48,7862381.0
2024-12-18,EGX:PHDC,6.48,6.54,6.28,6.35,7474011.0
2024-12-19,EGX:PHDC,6.35,6.45,6.19,6.37,18232851.0
2024-12-22,EGX:PHDC,6.37,6.48,6.37,6.39,2417996.0
2024-12-23,EGX:PHDC,6.39,6.44,6.15,6.2,10796591.0
2024-12-24,EGX:PHDC,6.2,6.3,6.05,6.13,14191456.0
2024-12-25,EGX:PHDC,6.13,6.32,6.13,6.26,6744338.0
2024-12-26,EGX:PHDC,6.26,6.37,6.25,6.3,5653069.0
2024-12-29,EGX:PHDC,6.3,6.5,6.27,6.5,12422292.0
2024-12-30,EGX:PHDC,6.5,6.52,6.34,6.4,9153870.0
2024-12-31,EGX:PHDC,6.4,6.56,6.37,6.54,7606774.0
2025-01-02,EGX:PHDC,6.54,6.98,6.54,6.94,24347034.0
2025-01-05,EGX:PHDC,6.94,7.23,6.94,7.06,27955860.0
2025-01-06,EGX:PHDC,7.06,7.16,6.9,7.15,19561217.0
2025-01-08,EGX:PHDC,7.15,7.22,7.02,7.11,12615818.0
2025-01-09,EGX:PHDC,7.11,7.15,7.0,7.01,13340021.0
2025-01-12,EGX:PHDC,7.01,7.01,6.83,6.83,11594300.0
2025-01-13,EGX:PHDC,6.83,6.95,6.52,6.52,14360920.0
2025-01-14,EGX:PHDC,6.52,6.8,6.13,6.56,26079912.0
2025-01-15,EGX:PHDC,6.56,6.72,6.54,6.61,9940141.0
2025-01-16,EGX:PHDC,6.61,6.68,6.59,6.6,8858828.0
2025-01-19,EGX:PHDC,6.6,6.93,6.6,6.78,20149019.0
2025-01-20,EGX:PHDC,6.78,6.85,6.64,6.74,11334841.0
2025-01-21,EGX:PHDC,6.74,6.93,6.69,6.81,11412118.0
2025-01-22,EGX:PHDC,6.81,7.0,6.78,6.9,15742388.0
2025-01-23,EGX:PHDC,6.9,7.08,6.84,6.88,11899301.0
2025-01-26,EGX:PHDC,6.88,6.94,6.67,6.7,10805939.0
2025-01-27,EGX:PHDC,6.7,6.75,6.61,6.61,9969522.0
2025-01-28,EGX:PHDC,6.61,6.74,6.6,6.6,10875205.0
2025-01-29,EGX:PHDC,6.6,6.71,6.56,6.64,16936876.0
2025-01-30,EGX:PHDC,6.64,6.71,6.55,6.55,11979195.0
2025-02-02,EGX:PHDC,6.55,6.61,6.5,6.51,8032745.0
2025-02-03,EGX:PHDC,6.51,6.52,6.29,6.34,12182982.0
2025-02-04,EGX:PHDC,6.34,6.5,6.34,6.4,6719110.0
2025-02-05,EGX:PHDC,6.4,6.46,6.33,6.43,6198293.0
2025-02-06,EGX:PHDC,6.43,6.48,6.4,6.48,3246645.0
2025-02-09,EGX:PHDC,6.48,6.56,6.38,6.4,5240930.0
2025-02-10,EGX:PHDC,6.4,6.47,6.34,6.44,4254460.0
2025-02-11,EGX:PHDC,6.44,6.45,6.05,6.1,15666326.0
2025-02-12,EGX:PHDC,6.1,6.34,5.93,6.29,11259539.0
2025-02-13,EGX:PHDC,6.29,6.33,6.1,6.19,9142065.0
2025-02-16,EGX:PHDC,6.19,6.46,6.19,6.45,11732085.0
2025-02-17,EGX:PHDC,6.45,6.5,6.36,6.37,7959552.0
2025-02-18,EGX:PHDC,6.37,6.42,6.29,6.35,6656774.0
2025-02-19,EGX:PHDC,6.35,6.54,6.34,6.36,16868251.0
2025-02-20,EGX:PHDC,6.36,6.65,6.36,6.65,31682256.0
2025-02-23,EGX:PHDC,6.65,6.69,6.54,6.54,11483850.0
2025-02-24,EGX:PHDC,6.54,6.59,6.45,6.47,5406346.0
2025-02-25,EGX:PHDC,6.47,6.54,6.31,6.37,13813021.0
2025-02-26,EGX:PHDC,6.37,6.41,6.28,6.28,5243805.0
2025-02-27,EGX:PHDC,6.28,6.44,6.25,6.25,21647445.0
2025-03-02,EGX:PHDC,6.25,6.42,6.25,6.4,11539226.0
2025-03-03,EGX:PHDC,6.4,6.52,6.4,6.46,11753812.0
2025-03-04,EGX:PHDC,6.46,6.51,6.38,6.4,5565788.0
2025-03-05,EGX:PHDC,6.4,6.5,6.39,6.5,7168641.0
2025-03-06,EGX:PHDC,6.5,6.58,6.49,6.54,11258309.0
2025-03-09,EGX:PHDC,6.54,6.76,6.5,6.76,17252349.0
2025-03-10,EGX:PHDC,6.76,6.88,6.68,6.68,13919414.0
2025-03-11,EGX:PHDC,6.68,6.85,6.62,6.84,13613700.0
2025-03-12,EGX:PHDC,6.84,7.11,6.84,6.94,28989175.0
2025-03-13,EGX:PHDC,6.94,7.04,6.79,6.81,21255835.0
2025-03-16,EGX:PHDC,6.81,6.97,6.81,6.85,6678280.0
2025-03-17,EGX:PHDC,6.85,6.9,6.73,6.73,6141375.0
2025-03-18,EGX:PHDC,6.73,7.2,6.7,7.2,25746838.0
2025-03-19,EGX:PHDC,7.2,7.49,7.2,7.35,23476471.0
2025-03-20,EGX:PHDC,7.35,7.41,7.21,7.28,8653634.0
2025-03-23,EGX:PHDC,7.28,7.55,7.23,7.48,17767136.0
2025-03-24,EGX:PHDC,7.48,7.54,7.21,7.27,9881658.0
2025-03-25,EGX:PHDC,7.27,7.34,7.0,7.02,11192139.0
2025-03-26,EGX:PHDC,7.02,7.11,6.89,6.96,10897294.0
2025-03-27,EGX:PHDC,6.96,7.1,6.92,7.07,8706688.0
2025-04-03,EGX:PHDC,7.07,7.16,6.88,7.1,7122451.0
2025-04-06,EGX:PHDC,7.1,7.1,6.67,6.77,18460939.0
2025-04-07,EGX:PHDC,6.77,6.77,6.35,6.65,15802160.0
2025-04-08,EGX:PHDC,6.65,6.79,6.62,6.66,8457010.0
2025-04-09,EGX:PHDC,6.66,6.66,6.28,6.29,15578796.0
2025-04-10,EGX:PHDC,6.29,6.64,6.29,6.41,27431637.0
2025-04-13,EGX:PHDC,6.41,6.55,6.38,6.53,18933676.0
2025-04-14,EGX:PHDC,6.53,6.63,6.49,6.52,20194248.0
2025-04-15,EGX:PHDC,6.52,6.72,6.52,6.66,18390123.0
2025-04-16,EGX:PHDC,6.66,6.69,6.53,6.54,13333191.0
2025-04-17,EGX:PHDC,6.54,6.57,6.47,6.52,12667442.0
2025-04-22,EGX:PHDC,6.52,6.59,6.5,6.53,12649730.0
2025-04-23,EGX:PHDC,6.53,6.66,6.53,6.62,15612192.0
2025-04-27,EGX:PHDC,6.62,6.9,6.62,6.86,30424570.0
2025-04-28,EGX:PHDC,6.86,6.91,6.81,6.86,10917063.0
2025-04-29,EGX:PHDC,6.86,6.94,6.74,6.76,10149431.0
2025-04-30,EGX:PHDC,6.76,6.8,6.7,6.72,15307188.0
2025-05-04,EGX:PHDC,6.72,7.03,6.71,7.03,36574914.0
2025-05-05,EGX:PHDC,7.03,7.12,6.98,7.08,46507692.0
2025-05-06,EGX:PHDC,7.08,7.2,7.04,7.07,21378702.0
2025-05-07,EGX:PHDC,7.07,7.26,6.93,7.01,24475812.0
2025-05-08,EGX:PHDC,7.01,7.06,6.83,6.9,20831946.0
2025-05-11,EGX:PHDC,6.9,6.95,6.73,6.73,17106795.0
2025-05-12,EGX:PHDC,6.73,6.83,6.73,6.76,10108959.0
2025-05-13,EGX:PHDC,6.76,6.87,6.76,6.84,9145993.0
2025-05-14,EGX:PHDC,6.84,6.91,6.8,6.89,6101920.0
2025-05-15,EGX:PHDC,6.89,6.92,6.82,6.87,5971096.0
2025-05-18,EGX:PHDC,6.87,6.89,6.7,6.79,3304099.0
2025-05-19,EGX:PHDC,6.79,6.8,6.62,6.64,8115961.0
2025-05-20,EGX:PHDC,6.64,6.76,6.62,6.74,14618092.0
2025-05-21,EGX:PHDC,6.74,6.91,6.72,6.82,19767627.0
2025-05-22,EGX:PHDC,6.82,7.08,6.82,7.05,30840718.0
2025-05-25,EGX:PHDC,7.05,7.3,7.05,7.29,37809794.0
2025-05-26,EGX:PHDC,7.29,7.4,7.27,7.36,30151936.0
2025-05-27,EGX:PHDC,7.36,7.8,7.36,7.7,51644405.0
2025-05-28,EGX:PHDC,7.7,7.76,7.63,7.67,21441492.0
2025-05-29,EGX:PHDC,7.67,8.13,7.67,8.02,60422691.0
2025-06-01,EGX:PHDC,8.02,8.21,7.94,7.99,22252306.0
2025-06-02,EGX:PHDC,7.99,8.2,7.81,7.95,28328730.0
2025-06-03,EGX:PHDC,7.95,8.18,7.95,8.04,24498623.0
2025-06-04,EGX:PHDC,8.04,8.29,8.0,8.23,23712719.0
2025-06-10,EGX:PHDC,8.23,8.68,8.23,8.57,29689740.0
2025-06-11,EGX:PHDC,8.57,8.91,8.5,8.5,46691378.0
2025-06-12,EGX:PHDC,8.5,8.5,8.04,8.15,32859266.0
2025-06-15,EGX:PHDC,8.15,8.15,7.56,7.94,28500084.0
2025-06-16,EGX:PHDC,7.94,8.06,7.78,7.83,27953155.0
2025-06-17,EGX:PHDC,7.83,7.92,7.61,7.71,17716471.0
2025-06-18,EGX:PHDC,7.71,7.91,7.63,7.83,9115770.0
2025-06-19,EGX:PHDC,7.83,7.97,7.7,7.75,12716381.0
2025-06-22,EGX:PHDC,7.75,7.96,7.4,7.96,15735057.0
2025-06-23,EGX:PHDC,7.96,8.28,7.96,8.22,16552613.0
2025-06-24,EGX:PHDC,8.22,8.78,8.22,8.67,36666340.0
2025-06-25,EGX:PHDC,8.67,9.22,8.5,9.06,35596285.0
2025-06-29,EGX:PHDC,9.06,9.39,9.03,9.03,23574898.0
2025-06-30,EGX:PHDC,9.03,9.25,8.92,9.0,18316695.0
2025-07-01,EGX:PHDC,9.0,9.05,8.71,8.8,12219281.0
2025-07-02,EGX:PHDC,8.8,9.2,8.8,9.17,19332783.0
2025-07-06,EGX:PHDC,9.17,9.34,9.17,9.2,14187171.0
2025-07-07,EGX:PHDC,9.2,9.29,9.1,9.16,7242342.0
2025-07-09,EGX:PHDC,9.16,9.46,9.01,9.44,11242930.0
2025-07-10,EGX:PHDC,9.44,9.49,9.16,9.16,12132592.0
2025-07-13,EGX:PHDC,9.16,9.25,8.9,8.96,11947029.0
2025-07-14,EGX:PHDC,8.96,9.17,8.93,9.1,9464770.0
2025-07-15,EGX:PHDC,9.15,9.17,8.88,8.92,16997652.0
2025-07-16,EGX:PHDC,8.92,8.98,8.76,8.8,6774672.0
2025-07-17,EGX:PHDC,8.8,8.95,8.79,8.83,8189910.0
2025-07-20,EGX:PHDC,8.83,8.88,8.73,8.77,8753504.0
2025-07-21,EGX:PHDC,8.77,8.86,8.73,8.73,18612000.0
2025-07-22,EGX:PHDC,8.73,8.79,8.5,8.56,17171277.0
2025-07-23,EGX:PHDC,8.56,8.6,8.37,8.6,15383909.0
2025-07-27,EGX:PHDC,8.6,8.72,8.47,8.51,14054471.0
2025-07-28,EGX:PHDC,8.51,8.58,8.13,8.19,22909268.0
2025-07-29,EGX:PHDC,8.19,8.27,8.01,8.07,23765287.0
2025-07-30,EGX:PHDC,8.07,8.33,8.05,8.16,27141468.0
2025-07-31,EGX:PHDC,8.16,8.31,8.16,8.29,20130114.0
2025-08-03,EGX:PHDC,8.29,8.35,8.12,8.15,11294788.0
2025-08-04,EGX:PHDC,8.15,8.27,8.15,8.23,12525591.0
2025-08-05,EGX:PHDC,8.23,8.34,8.23,8.26,8442378.0
2025-08-06,EGX:PHDC,8.26,8.35,8.2,8.28,14005166.0
2025-08-07,EGX:PHDC,8.28,8.31,8.24,8.28,6785749.0
2025-08-10,EGX:PHDC,8.28,8.36,8.27,8.35,15499040.0
2025-08-11,EGX:PHDC,8.35,8.43,8.31,8.31,13732621.0
2025-08-12,EGX:PHDC,8.31,8.35,8.21,8.21,9504333.0
2025-08-13,EGX:PHDC,8.21,8.36,8.15,8.19,5133956.0
2025-08-14,EGX:PHDC,8.19,8.25,8.05,8.08,6671576.0
2025-08-17,EGX:PHDC,8.08,8.25,8.01,8.17,10838222.0
2025-08-18,EGX:PHDC,8.17,8.21,7.84,7.94,22889262.0
2025-08-19,EGX:PHDC,7.94,7.97,7.78,7.96,24338066.0
2025-08-20,EGX:PHDC,7.96,8.05,7.92,7.95,18025591.0
2025-08-21,EGX:PHDC,7.95,7.97,7.85,7.9,12942409.0
2025-08-24,EGX:PHDC,7.9,7.94,7.84,7.85,4174552.0
2025-08-25,EGX:PHDC,7.85,8.01,7.85,7.86,12966181.0
2025-08-26,EGX:PHDC,7.86,7.94,7.77,7.78,10527883.0
2025-08-27,EGX:PHDC,7.78,7.81,7.68,7.75,7065274.0
2025-08-28,EGX:PHDC,7.75,8.1,7.75,8.09,21796398.0
2025-08-31,EGX:PHDC,8.09,8.2,7.71,7.71,31543294.0
2025-09-01,EGX:PHDC,7.71,8.0,7.71,8.0,20825734.0
2025-09-02,EGX:PHDC,8.0,8.05,7.86,7.96,10364693.0
2025-09-03,EGX:PHDC,7.96,7.99,7.71,7.71,13456191.0
2025-09-07,EGX:PHDC,7.71,7.82,7.49,7.52,19448782.0
2025-09-08,EGX:PHDC,7.52,7.66,7.43,7.49,12172569.0
2025-09-09,EGX:PHDC,7.49,7.54,7.22,7.3,14998534.0
2025-09-10,EGX:PHDC,7.3,7.32,7.19,7.26,8551756.0
2025-09-11,EGX:PHDC,7.26,7.32,7.07,7.1,16633207.0
2025-09-14,EGX:PHDC,7.1,7.32,7.1,7.32,15358977.0
2025-09-15,EGX:PHDC,7.32,7.38,7.21,7.21,8559259.0
2025-09-16,EGX:PHDC,7.21,7.21,6.99,7.05,13184510.0
2025-09-17,EGX:PHDC,7.05,7.19,7.0,7.07,9377669.0
2025-09-18,EGX:PHDC,7.07,7.21,7.0,7.17,12703793.0
2025-09-21,EGX:PHDC,7.17,7.28,7.08,7.13,13129358.0
2025-09-22,EGX:PHDC,7.13,7.18,7.05,7.16,7016521.0
2025-09-23,EGX:PHDC,7.16,7.2,7.08,7.08,10739603.0
2025-09-24,EGX:PHDC,7.08,7.31,7.05,7.3,28270125.0
2025-09-25,EGX:PHDC,7.3,7.41,7.24,7.3,19244116.0
2025-09-28,EGX:PHDC,7.3,7.33,7.23,7.29,5687981.0
2025-09-29,EGX:PHDC,7.29,7.45,7.29,7.42,20663701.0
2025-09-30,EGX:PHDC,7.42,7.5,7.38,7.38,24422856.0
2025-10-01,EGX:PHDC,7.38,7.41,7.26,7.36,9702166.0
2025-10-02,EGX:PHDC,7.36,7.51,7.33,7.43,15617366.0
2025-10-05,EGX:PHDC,7.43,7.55,7.43,7.5,10140867.0
2025-10-06,EGX:PHDC,7.5,7.55,7.4,7.41,8493155.0
2025-10-07,EGX:PHDC,7.41,7.46,7.37,7.4,6937979.0
2025-10-08,EGX:PHDC,7.4,7.41,7.26,7.31,8768289.0
2025-10-12,EGX:PHDC,7.31,7.42,7.21,7.41,8343854.0
2025-10-13,EGX:PHDC,7.41,7.55,7.4,7.52,15926567.0
2025-10-14,EGX:PHDC,7.52,7.69,7.52,7.64,23141365.0
2025-10-15,EGX:PHDC,7.64,7.84,7.64,7.75,23380090.0
2025-10-16,EGX:PHDC,7.75,7.83,7.72,7.73,13008159.0
2025-10-19,EGX:PHDC,7.73,7.99,7.73,7.97,23895739.0
2025-10-20,EGX:PHDC,7.97,8.1,7.83,8.03,28337039.0
2025-10-21,EGX:PHDC,8.03,8.14,7.9,8.01,21555595.0
2025-10-22,EGX:PHDC,8.01,8.05,7.93,7.97,3880649.0
2025-10-23,EGX:PHDC,7.97,8.0,7.86,7.93,4081421.0
2025-10-26,EGX:PHDC,7.93,8.1,7.89,8.07,10339691.0
2025-10-27,EGX:PHDC,8.07,8.15,8.0,8.01,15217325.0
2025-10-28,EGX:PHDC,8.01,8.1,7.97,8.0,7620407.0
2025-10-29,EGX:PHDC,8.0,8.04,7.9,8.0,5183716.0
2025-10-30,EGX:PHDC,8.0,8.04,7.83,7.86,12718660.0
2025-11-02,EGX:PHDC,7.86,7.94,7.74,7.77,6063476.0
2025-11-03,EGX:PHDC,7.77,8.13,7.74,8.12,17223180.0
2025-11-04,EGX:PHDC,8.12,8.31,8.12,8.2,43604847.0
2025-11-05,EGX:PHDC,8.2,8.4,8.2,8.35,53069299.0
2025-11-06,EGX:PHDC,8.35,8.46,8.26,8.28,28821163.0
2025-11-09,EGX:PHDC,8.28,8.38,8.21,8.3,10188859.0
2025-11-10,EGX:PHDC,8.3,8.34,8.03,8.07,15424646.0
2025-11-11,EGX:PHDC,8.07,8.11,7.75,7.9,18852195.0
2025-11-12,EGX:PHDC,7.9,8.23,7.88,8.16,26037938.0
2025-11-13,EGX:PHDC,8.16,8.31,8.06,8.18,15301674.0
2025-11-16,EGX:PHDC,8.18,8.22,8.05,8.17,21263840.0
2025-11-17,EGX:PHDC,8.17,8.43,8.17,8.36,37448034.0
2025-11-18,EGX:PHDC,8.36,8.45,8.23,8.23,19272512.0
2025-11-19,EGX:PHDC,8.23,8.34,8.13,8.24,6392191.0
2025-11-20,EGX:PHDC,8.24,8.32,8.14,8.14,4805329.0
2025-11-23,EGX:PHDC,8.14,8.2,8.07,8.09,10831654.0
2025-11-24,EGX:PHDC,8.09,8.13,7.86,7.9,20542185.0
2025-11-25,EGX:PHDC,7.9,8.01,7.88,8.0,10987557.0
2025-11-26,EGX:PHDC,8.0,8.1,7.9,7.92,11391720.0
2025-11-27,EGX:PHDC,7.92,8.2,7.91,8.09,25716940.0
2025-11-30,EGX:PHDC,8.09,8.3,8.09,8.29,16842514.0
2025-12-01,EGX:PHDC,8.29,8.39,8.05,8.16,16280489.0
2025-12-02,EGX:PHDC,8.16,8.2,8.02,8.05,6391075.0
2025-12-03,EGX:PHDC,8.05,8.2,8.05,8.1,5284098.0
2025-12-04,EGX:PHDC,8.1,8.17,8.07,8.08,5488784.0
2025-12-07,EGX:PHDC,8.08,8.65,8.08,8.6,44928207.0
2025-12-08,EGX:PHDC,8.6,8.7,8.43,8.63,19321103.0
2025-12-09,EGX:PHDC,8.63,8.71,8.51,8.6,10855826.0
2025-12-10,EGX:PHDC,8.6,8.65,8.46,8.5,4456628.0
2025-12-11,EGX:PHDC,8.5,8.75,8.5,8.5,15489578.0
2025-12-14,EGX:PHDC,8.5,8.58,8.38,8.43,7228783.0
2025-12-15,EGX:PHDC,8.43,8.81,8.43,8.67,23108407.0
2025-12-16,EGX:PHDC,8.67,8.72,8.52,8.55,7114917.0
2025-12-17,EGX:PHDC,8.55,8.6,8.39,8.45,6459655.0
2025-12-18,EGX:PHDC,8.45,8.51,8.3,8.3,9229398.0
2025-12-21,EGX:PHDC,8.3,8.34,8.22,8.3,6696447.0
2025-12-22,EGX:PHDC,8.3,8.49,8.3,8.37,6617230.0
2025-12-23,EGX:PHDC,8.37,8.42,8.24,8.25,4817750.0
2025-12-24,EGX:PHDC,8.25,8.4,8.25,8.35,6278526.0
2025-12-25,EGX:PHDC,8.35,8.41,8.3,8.4,5048795.0
2025-12-28,EGX:PHDC,8.4,8.57,8.37,8.55,8693802.0
2025-12-29,EGX:PHDC,8.55,8.59,8.42,8.49,4496307.0
2025-12-30,EGX:PHDC,8.49,8.58,8.45,8.51,7734424.0
2025-12-31,EGX:PHDC,8.51,8.67,8.5,8.61,8464156.0
2026-01-04,EGX:PHDC,8.61,8.66,8.45,8.48,4258142.0
2026-01-05,EGX:PHDC,8.48,8.53,8.26,8.4,9054908.0
2026-01-06,EGX:PHDC,8.4,8.49,8.31,8.37,5824182.0
2026-01-08,EGX:PHDC,8.37,8.38,8.19,8.2,7044647.0
2026-01-11,EGX:PHDC,8.2,8.8,8.2,8.79,41382759.0
2026-01-12,EGX:PHDC,8.79,9.09,8.65,8.7,32485849.0
2026-01-13,EGX:PHDC,8.7,8.75,8.38,8.4,15285012.0
2026-01-14,EGX:PHDC,8.4,8.75,8.28,8.44,22197012.0
2026-01-15,EGX:PHDC,8.44,8.58,8.35,8.46,6128406.0
2026-01-18,EGX:PHDC,8.46,8.69,8.35,8.5,8620094.0
2026-01-19,EGX:PHDC,8.5,8.64,8.49,8.57,15485101.0
2026-01-20,EGX:PHDC,8.57,8.89,8.57,8.73,23260960.0
2026-01-21,EGX:PHDC,8.73,9.2,8.65,8.97,36347617.0
2026-01-22,EGX:PHDC,8.97,9.07,8.77,8.8,15887404.0
2026-01-25,EGX:PHDC,8.8,8.93,8.65,8.85,10146032.0
2026-01-26,EGX:PHDC,8.85,8.85,8.65,8.71,9624460.0
2026-01-27,EGX:PHDC,8.71,8.79,8.58,8.7,9715883.0
2026-01-28,EGX:PHDC,8.7,8.78,8.55,8.6,7133018.0
2026-02-01,EGX:PHDC,8.6,8.7,8.52,8.7,6193521.0
2026-02-02,EGX:PHDC,8.7,8.74,8.6,8.7,3837748.0
2026-02-03,EGX:PHDC,8.7,9.09,8.67,9.05,23785341.0
2026-02-04,EGX:PHDC,9.05,9.1,8.83,8.86,14374374.0
2026-02-05,EGX:PHDC,8.86,8.93,8.71,8.83,7849897.0
2026-02-08,EGX:PHDC,8.83,9.05,8.83,8.91,15066528.0
2026-02-09,EGX:PHDC,8.91,9.0,8.83,8.91,3268591.0
2026-02-10,EGX:PHDC,8.91,8.95,8.82,8.89,3602280.0
2026-02-11,EGX:PHDC,8.89,9.1,8.85,8.96,11003115.0
2026-02-12,EGX:PHDC,8.96,8.99,8.79,8.85,12398802.0
2026-02-15,EGX:PHDC,8.85,9.43,8.85,9.3,42186941.0
2026-02-16,EGX:PHDC,9.3,9.7,9.3,9.38,29280808.0
2026-02-17,EGX:PHDC,9.38,9.8,9.23,9.7,25362386.0
2026-02-18,EGX:PHDC,9.7,9.98,9.61,9.74,28188971.0
2026-02-19,EGX:PHDC,9.74,9.79,9.3,9.4,9905430.0
2026-02-22,EGX:PHDC,9.4,9.52,8.9,9.26,10792414.0
2026-02-23,EGX:PHDC,9.26,9.48,9.11,9.44,4315589.0
2026-02-24,EGX:PHDC,9.44,9.49,9.24,9.25,4043126.0
2026-02-25,EGX:PHDC,9.25,9.3,8.91,8.99,8012536.0
2026-02-26,EGX:PHDC,8.99,9.32,8.82,9.05,8449907.0
2026-03-01,EGX:PHDC,9.05,9.05,8.44,8.9,6635019.0
2026-03-02,EGX:PHDC,8.9,8.95,8.72,8.85,4573311.0
2026-03-03,EGX:PHDC,8.85,8.88,8.52,8.72,5805108.0
2026-03-04,EGX:PHDC,8.72,8.75,8.46,8.67,10237409.0
2026-03-05,EGX:PHDC,8.67,9.3,8.67,9.24,23408905.0
2026-03-08,EGX:PHDC,9.24,9.25,8.71,8.75,16868663.0
2026-03-09,EGX:PHDC,8.75,8.84,8.62,8.67,8781089.0
2026-03-10,EGX:PHDC,8.67,8.91,8.67,8.9,7391143.0
2026-03-11,EGX:PHDC,8.9,8.98,8.78,8.8,2972724.0
2026-03-12,EGX:PHDC,8.8,8.85,8.61,8.68,4296821.0
2026-03-15,EGX:PHDC,8.68,8.76,8.55,8.6,2566977.0
2026-03-16,EGX:PHDC,8.6,8.64,8.1,8.2,14947843.0
2026-03-17,EGX:PHDC,8.2,8.62,8.2,8.49,12317696.0
2026-03-18,EGX:PHDC,8.49,8.64,8.46,8.51,12729385.0
2026-03-24,EGX:PHDC,8.51,8.88,8.51,8.66,9890227.0
2026-03-25,EGX:PHDC,8.66,8.86,8.66,8.7,13416763.0
2026-03-26,EGX:PHDC,8.7,8.75,8.63,8.63,4580719.0
2026-03-29,EGX:PHDC,8.63,8.65,8.4,8.46,8173766.0
2026-03-30,EGX:PHDC,8.46,8.57,8.2,8.28,7731313.0
2026-03-31,EGX:PHDC,8.28,8.4,7.99,8.39,28931246.0
2026-04-01,EGX:PHDC,8.39,8.5,8.28,8.35,17734599.0
2026-04-02,EGX:PHDC,8.35,8.63,8.25,8.46,33224812.0
2026-04-05,EGX:PHDC,8.46,8.6,8.38,8.42,15033238.0
2026-04-06,EGX:PHDC,8.42,8.55,8.39,8.46,20621053.0
2026-04-07,EGX:PHDC,8.46,8.48,8.21,8.25,12625724.0
2026-04-08,EGX:PHDC,8.25,8.64,8.25,8.63,31608144.0
2026-04-09,EGX:PHDC,8.63,8.68,8.39,8.43,27762076.0
2026-04-14,EGX:PHDC,8.43,8.63,8.43,8.55,16294443.0
2026-04-15,EGX:PHDC,8.55,9.1,8.55,8.88,64408756.0
2026-04-16,EGX:PHDC,8.88,9.4,8.88,9.3,53052274.0
2026-04-19,EGX:PHDC,9.3,9.85,9.3,9.66,47821792.0
2026-04-20,EGX:PHDC,9.66,9.8,9.44,9.76,40932776.0
2026-04-21,EGX:PHDC,9.76,11.1,9.76,10.97,82964408.0
2026-04-22,EGX:PHDC,10.97,12.0,10.75,11.5,86290759.0
2026-04-23,EGX:PHDC,11.5,11.65,11.0,11.2,46877877.0
2026-04-26,EGX:PHDC,11.2,11.28,10.7,10.97,32485346.0
2026-04-27,EGX:PHDC,10.97,11.23,10.97,11.05,18362819.0
2026-04-28,EGX:PHDC,11.05,11.33,11.02,11.13,17314968.0
2026-04-29,EGX:PHDC,11.13,11.27,11.09,11.16,12441616.0
2026-04-30,EGX:PHDC,11.16,11.75,11.16,11.36,51363652.0
2026-05-03,EGX:PHDC,11.36,12.99,11.36,12.4,56763237.0
2026-05-04,EGX:PHDC,12.4,13.1,12.22,12.54,45368216.0
2026-05-05,EGX:PHDC,12.54,12.93,12.23,12.72,32034348.0
2026-05-06,EGX:PHDC,12.72,13.45,12.7,13.3,43757219.0
2026-05-10,EGX:PHDC,13.3,14.6,13.3,14.41,54492363.0
2026-05-11,EGX:PHDC,14.41,14.99,14.0,14.35,29817100.0
2026-05-12,EGX:PHDC,14.35,14.57,13.85,14.0,24220962.0
2026-05-13,EGX:PHDC,14.0,14.4,13.84,14.3,36076472.0
2026-05-14,EGX:PHDC,14.3,14.4,13.87,13.9,21264087.0
2026-05-17,EGX:PHDC,13.9,13.95,13.47,13.54,21203302.0
2026-05-18,EGX:PHDC,13.54,13.75,13.01,13.47,23178364.0
2026-05-19,EGX:PHDC,13.47,13.94,13.47,13.69,17480531.0
2026-05-20,EGX:PHDC,13.69,13.97,13.4,13.4,20864161.0
2026-05-21,EGX:PHDC,13.4,13.83,13.4,13.77,16086161.0
2026-05-24,EGX:PHDC,13.77,14.5,13.77,14.32,43978838.0
2026-05-25,EGX:PHDC,14.32,15.25,14.32,15.17,43433586.0
2026-06-01,EGX:PHDC,15.17,16.08,15.17,15.96,41534619.0
2026-06-02,EGX:PHDC,15.96,15.99,15.52,15.55,24044445.0
2026-06-03,EGX:PHDC,15.55,15.69,15.15,15.25,26003401.0
2026-06-04,EGX:PHDC,15.25,15.37,15.08,15.1,22705851.0
2026-06-07,EGX:PHDC,15.1,15.1,14.64,14.8,19451123.0
2026-06-08,EGX:PHDC,14.8,15.2,14.6,15.0,20064553.0
2026-06-09,EGX:PHDC,15.0,15.36,15.0,15.07,26540453.0
2026-06-10,EGX:PHDC,15.07,15.21,14.61,14.7,14292522.0
