date,symbol,open,high,low,close,volume
2005-09-25,EGX:VLMR,0.479989,0.491217,0.479989,0.491217,248783.0
2005-09-26,EGX:VLMR,0.496831,0.498234,0.485603,0.489813,203275.0
2005-09-27,EGX:VLMR,0.489813,0.491217,0.481392,0.487006,712826.0
2005-09-28,EGX:VLMR,0.489813,0.489813,0.477182,0.481392,305700.0
2005-09-29,EGX:VLMR,0.491217,0.495427,0.487006,0.491217,365516.0
2005-10-02,EGX:VLMR,0.494024,0.494024,0.481392,0.484199,724040.0
2005-10-03,EGX:VLMR,0.491217,0.491217,0.484199,0.485603,120931.0
2005-10-04,EGX:VLMR,0.491217,0.491217,0.491217,0.491217,4520.0
2005-10-05,EGX:VLMR,0.489813,0.489813,0.484199,0.485603,45889.0
2005-10-09,EGX:VLMR,0.491217,0.491217,0.48841,0.491217,96540.0
2005-10-10,EGX:VLMR,0.484199,0.491217,0.484199,0.48841,121728.0
2005-10-11,EGX:VLMR,0.48841,0.491217,0.482796,0.485603,562820.0
2005-10-12,EGX:VLMR,0.491217,0.49262,0.484199,0.48841,376432.0
2005-10-13,EGX:VLMR,0.491217,0.494024,0.487006,0.489813,1316484.0
2005-10-16,EGX:VLMR,0.48841,0.491217,0.477182,0.481392,1103812.0
2005-10-17,EGX:VLMR,0.479989,0.484199,0.475778,0.478585,2191283.0
2005-10-18,EGX:VLMR,0.484199,0.49262,0.478585,0.487006,861853.0
2005-10-19,EGX:VLMR,0.491217,0.498234,0.489813,0.491217,984351.0
2005-10-20,EGX:VLMR,0.496831,0.510865,0.496831,0.503848,1291824.0
2005-10-23,EGX:VLMR,0.505251,0.529111,0.505251,0.523497,2776637.0
2005-10-24,EGX:VLMR,0.529111,0.529111,0.519286,0.526304,1833600.0
2005-10-25,EGX:VLMR,0.515076,0.526304,0.515076,0.523497,1220331.0
2005-10-26,EGX:VLMR,0.52069,0.531918,0.512269,0.526304,1799250.0
2005-10-27,EGX:VLMR,0.531918,0.538935,0.529111,0.534724,1635207.0
2005-10-30,EGX:VLMR,0.537531,0.540338,0.530514,0.533321,939848.0
2005-10-31,EGX:VLMR,0.533321,0.534724,0.527707,0.533321,2553007.0
2005-11-01,EGX:VLMR,0.540338,0.540338,0.531918,0.533321,682664.0
2005-11-06,EGX:VLMR,0.538935,0.561391,0.529111,0.547356,3017739.0
2005-11-07,EGX:VLMR,0.561391,0.630161,0.561391,0.607705,10078847.0
2005-11-08,EGX:VLMR,0.623144,0.677879,0.610512,0.634371,11779724.0
2005-11-09,EGX:VLMR,0.694721,0.696124,0.666651,0.679283,1811825.0
2005-11-10,EGX:VLMR,0.684896,0.739632,0.624547,0.717176,6011590.0
2005-11-13,EGX:VLMR,0.757877,0.825244,0.721387,0.777526,6136864.0
2005-11-14,EGX:VLMR,0.757877,0.792964,0.701738,0.719983,4391006.0
2005-11-15,EGX:VLMR,0.736825,0.766298,0.71858,0.749456,2727450.0
2005-11-16,EGX:VLMR,0.743842,0.75507,0.717176,0.732615,1677530.0
2005-11-17,EGX:VLMR,0.748053,0.798578,0.736825,0.767702,2556205.0
2005-11-20,EGX:VLMR,0.808402,0.821034,0.777526,0.801385,2729368.0
2005-11-21,EGX:VLMR,0.806999,0.806999,0.785947,0.795771,2330232.0
2005-11-22,EGX:VLMR,0.799982,0.812613,0.771912,0.797175,5986780.0
2005-11-23,EGX:VLMR,0.778929,0.833665,0.778929,0.812613,3964628.0
2005-11-24,EGX:VLMR,0.826648,0.828051,0.811209,0.818227,805630.0
2005-11-27,EGX:VLMR,0.823841,0.823841,0.811209,0.81542,1474840.0
2005-11-28,EGX:VLMR,0.804192,0.816823,0.802788,0.812613,755967.0
2005-11-29,EGX:VLMR,0.811209,0.816823,0.802788,0.812613,1385909.0
2005-11-30,EGX:VLMR,0.830858,0.898225,0.785947,0.808402,795145.0
2005-12-01,EGX:VLMR,0.808402,0.814016,0.785947,0.802788,654447.0
2005-12-04,EGX:VLMR,0.797175,0.836472,0.797175,0.81963,2069588.0
2005-12-05,EGX:VLMR,0.836472,0.931908,0.825244,0.858928,1208736.0
2005-12-06,EGX:VLMR,0.920681,1.010503,0.920681,0.971206,2279537.0
2005-12-07,EGX:VLMR,1.004889,1.0498,0.943136,0.97682,1996168.0
2005-12-08,EGX:VLMR,0.988047,0.999275,0.954364,0.971206,2219766.0
2005-12-11,EGX:VLMR,0.982433,1.004889,0.94875,0.965592,1102032.0
2005-12-12,EGX:VLMR,0.982433,0.982433,0.943136,0.954364,665500.0
2005-12-13,EGX:VLMR,0.937522,0.954364,0.909453,0.926294,777572.0
2005-12-14,EGX:VLMR,0.94875,0.94875,0.909453,0.920681,316449.0
2005-12-15,EGX:VLMR,0.931908,0.931908,0.870155,0.892611,951017.0
2005-12-18,EGX:VLMR,0.915067,0.915067,0.886997,0.898225,683536.0
2005-12-19,EGX:VLMR,0.915067,0.915067,0.853314,0.881383,636253.0
2005-12-20,EGX:VLMR,0.870155,0.881383,0.858928,0.870155,617560.0
2005-12-21,EGX:VLMR,0.881383,0.898225,0.853314,0.881383,1008605.0
2005-12-22,EGX:VLMR,0.898225,0.903839,0.870155,0.881383,722927.0
2005-12-25,EGX:VLMR,0.886997,0.892611,0.864541,0.875769,646735.0
2005-12-26,EGX:VLMR,0.892611,0.937522,0.870155,0.909453,2638177.0
2005-12-27,EGX:VLMR,0.926294,0.926294,0.886997,0.903839,839580.0
2005-12-28,EGX:VLMR,0.926294,0.926294,0.892611,0.903839,831883.0
2005-12-29,EGX:VLMR,0.903839,0.926294,0.898225,0.915067,1526403.0
2006-01-02,EGX:VLMR,0.943136,1.021731,0.931908,0.988047,1678517.0
2006-01-03,EGX:VLMR,1.021731,1.032959,0.97682,0.999275,1259992.0
2006-01-04,EGX:VLMR,0.999275,1.010503,0.97682,0.999275,1553440.0
2006-01-05,EGX:VLMR,0.993661,1.032959,0.993661,1.016117,1668010.0
2006-01-08,EGX:VLMR,1.027345,1.223831,1.027345,1.134009,3948407.0
2006-01-12,EGX:VLMR,1.229445,1.403476,1.229445,1.341723,3639981.0
2006-01-15,EGX:VLMR,1.313654,1.330496,1.20699,1.274357,3622820.0
2006-01-16,EGX:VLMR,1.235059,1.319268,1.229445,1.285584,2639473.0
2006-01-17,EGX:VLMR,1.296812,1.515754,1.296812,1.403476,3811797.0
2006-01-18,EGX:VLMR,1.510141,1.63926,1.510141,1.599963,5689712.0
2006-01-19,EGX:VLMR,1.656102,1.880658,1.650488,1.757152,8382787.0
2006-01-22,EGX:VLMR,1.908728,2.301701,1.908728,2.172581,1607379.0
2006-01-23,EGX:VLMR,3.368343,3.368343,2.464505,2.61608,68663.0
2006-01-24,EGX:VLMR,2.245562,2.526257,1.830133,2.071531,2254386.0
2006-01-25,EGX:VLMR,1.684172,2.442049,1.684172,2.15574,12440382.0
2006-01-26,EGX:VLMR,2.526257,2.700289,2.526257,2.604852,159624.0
2006-01-29,EGX:VLMR,2.806953,3.929734,2.806953,3.239223,544585.0
2006-01-30,EGX:VLMR,3.503077,3.761317,2.806953,3.149401,11346720.0
2006-02-01,EGX:VLMR,3.362729,3.508691,2.952914,3.261679,5849609.0
2006-02-02,EGX:VLMR,3.256065,3.256065,2.464505,2.756428,8627962.0
2006-02-05,EGX:VLMR,2.806953,2.857478,2.38591,2.689061,4048014.0
2006-02-06,EGX:VLMR,2.806953,2.919231,2.750814,2.835022,2729576.0
2006-02-07,EGX:VLMR,2.806953,2.84625,2.627308,2.683447,3012592.0
2006-02-08,EGX:VLMR,2.621694,2.638536,2.245562,2.413979,4770321.0
2006-02-09,EGX:VLMR,2.189423,2.470118,2.189423,2.296087,5072062.0
2006-02-12,EGX:VLMR,2.413979,2.526257,2.262404,2.363454,2864532.0
2006-02-13,EGX:VLMR,2.38591,2.38591,2.004164,2.122056,4460225.0
2006-02-14,EGX:VLMR,2.189423,2.296087,2.021006,2.166968,4470818.0
2006-02-15,EGX:VLMR,2.245562,2.245562,2.099601,2.144512,2054694.0
2006-02-16,EGX:VLMR,2.099601,2.12767,1.79645,1.92557,4404060.0
2006-02-19,EGX:VLMR,1.964867,1.970481,1.790836,1.841361,5675402.0
2006-02-20,EGX:VLMR,1.852589,2.060303,1.852589,1.931183,6981067.0
2006-02-21,EGX:VLMR,2.049076,2.049076,1.908728,1.981709,2266146.0
2006-02-22,EGX:VLMR,2.043462,2.329771,2.021006,2.183809,6823661.0
2006-02-23,EGX:VLMR,2.352226,2.599238,2.352226,2.51503,6220272.0
2006-02-26,EGX:VLMR,2.604852,2.694675,2.279246,2.419593,5664211.0
2006-02-27,EGX:VLMR,2.279246,2.324157,2.054689,2.183809,7125216.0
2006-02-28,EGX:VLMR,2.239948,2.301701,2.166968,2.217493,4162843.0
2006-03-01,EGX:VLMR,2.245562,2.245562,1.992936,2.105215,6146060.0
2006-03-02,EGX:VLMR,2.054689,2.110828,2.02662,2.065917,2652324.0
2006-03-05,EGX:VLMR,2.037848,2.049076,1.846975,1.919956,5269860.0
2006-03-06,EGX:VLMR,1.908728,2.004164,1.908728,1.953639,2676511.0
2006-03-07,EGX:VLMR,1.908728,1.959253,1.858203,1.886272,2388287.0
2006-03-08,EGX:VLMR,1.858203,1.970481,1.79645,1.891886,4567636.0
2006-03-09,EGX:VLMR,1.992936,2.093987,1.953639,1.99855,6223096.0
2006-03-12,EGX:VLMR,2.071531,2.071531,1.953639,1.981709,2636935.0
2006-03-13,EGX:VLMR,1.964867,2.004164,1.830133,1.880658,3527094.0
2006-03-14,EGX:VLMR,1.830133,1.830133,1.122781,1.605577,9100770.0
2006-03-15,EGX:VLMR,1.79645,1.964867,1.628033,1.757152,5683492.0
2006-03-16,EGX:VLMR,1.656102,1.807678,1.628033,1.740311,5271862.0
2006-03-19,EGX:VLMR,1.846975,1.852589,1.734697,1.779608,4087034.0
2006-03-20,EGX:VLMR,1.79645,1.824519,1.740311,1.76838,4085486.0
2006-03-21,EGX:VLMR,1.762766,1.818905,1.689786,1.773994,2927167.0
2006-03-22,EGX:VLMR,1.79645,1.835747,1.762766,1.802064,3858015.0
2006-03-23,EGX:VLMR,1.762766,1.835747,1.757152,1.79645,4111207.0
2006-03-26,EGX:VLMR,1.841361,1.99855,1.841361,1.919956,5937483.0
2006-03-27,EGX:VLMR,2.043462,2.234334,1.964867,2.021006,4930389.0
2006-03-28,EGX:VLMR,2.009778,2.015392,1.886272,1.936797,6682097.0
2006-03-29,EGX:VLMR,1.852589,1.964867,1.852589,1.931183,4064223.0
2006-03-30,EGX:VLMR,1.964867,1.976095,1.869431,1.908728,2870302.0
2006-04-02,EGX:VLMR,1.858203,1.959253,1.858203,1.914342,1516111.0
2006-04-03,EGX:VLMR,1.8975,1.919956,1.869431,1.8975,1980326.0
2006-04-04,EGX:VLMR,1.908728,1.914342,1.886272,1.891886,3007965.0
2006-04-05,EGX:VLMR,1.914342,2.015392,1.914342,1.970481,4348182.0
2006-04-06,EGX:VLMR,2.021006,2.12767,2.021006,2.065917,5129074.0
2006-04-09,EGX:VLMR,2.054689,2.116442,2.043462,2.071531,2437188.0
2006-04-11,EGX:VLMR,2.077145,2.077145,2.009778,2.037848,3668625.0
2006-04-12,EGX:VLMR,2.071531,2.071531,2.009778,2.032234,3436724.0
2006-04-13,EGX:VLMR,2.054689,2.054689,1.936797,1.976095,4370667.0
2006-04-16,EGX:VLMR,1.914342,1.914342,1.824519,1.875044,3834475.0
2006-04-17,EGX:VLMR,1.886272,1.908728,1.830133,1.869431,2533324.0
2006-04-18,EGX:VLMR,1.807678,1.813291,1.712241,1.76838,4453496.0
2006-04-19,EGX:VLMR,1.807678,1.818905,1.76838,1.790836,2143565.0
2006-04-20,EGX:VLMR,1.813291,1.863817,1.790836,1.835747,2537275.0
2006-04-26,EGX:VLMR,1.852589,1.875044,1.76838,1.807678,3046966.0
2006-04-27,EGX:VLMR,1.79645,1.858203,1.79645,1.830133,1622991.0
2006-04-30,EGX:VLMR,1.852589,1.869431,1.841361,1.852589,1104819.0
2006-05-02,EGX:VLMR,1.869431,1.92557,1.858203,1.886272,1652357.0
2006-05-03,EGX:VLMR,1.852589,1.875044,1.79645,1.818905,2140735.0
2006-05-04,EGX:VLMR,1.779608,1.841361,1.779608,1.818905,1399884.0
2006-05-07,EGX:VLMR,1.802064,1.802064,1.729083,1.76838,2257846.0
2006-05-08,EGX:VLMR,1.76838,1.779608,1.734697,1.751539,1914792.0
2006-05-09,EGX:VLMR,1.757152,1.757152,1.605577,1.672944,4136601.0
2006-05-10,EGX:VLMR,1.611191,1.684172,1.526982,1.63926,3133159.0
2006-05-11,EGX:VLMR,1.712241,1.740311,1.599963,1.644874,2571094.0
2006-05-14,EGX:VLMR,1.678558,1.717855,1.599963,1.650488,2575883.0
2006-05-15,EGX:VLMR,1.599963,1.605577,1.431546,1.504527,4297531.0
2006-05-16,EGX:VLMR,1.515754,1.644874,1.515754,1.577507,2402185.0
2006-05-17,EGX:VLMR,1.487685,1.56628,1.487685,1.526982,1228681.0
2006-05-18,EGX:VLMR,1.543824,1.588735,1.515754,1.560666,1901427.0
2006-05-21,EGX:VLMR,1.605577,1.605577,1.431546,1.498913,2839424.0
2006-05-22,EGX:VLMR,1.442774,1.476457,1.285584,1.347337,5565411.0
2006-05-23,EGX:VLMR,1.302426,1.347337,1.038573,1.20699,5653593.0
2006-05-24,EGX:VLMR,1.218217,1.313654,1.122781,1.212604,5190875.0
2006-05-25,EGX:VLMR,1.162078,1.17892,1.038573,1.105939,5592858.0
2006-05-28,EGX:VLMR,1.20699,1.257515,1.094712,1.156465,3006024.0
2006-05-29,EGX:VLMR,1.066642,1.134009,1.066642,1.105939,2760153.0
2006-05-30,EGX:VLMR,1.156465,1.173306,1.122781,1.145237,1867668.0
2006-05-31,EGX:VLMR,1.134009,1.184534,1.117167,1.162078,2626178.0
2006-06-01,EGX:VLMR,1.184534,1.223831,1.167692,1.190148,2971694.0
2006-06-04,EGX:VLMR,1.17892,1.223831,1.17892,1.201376,2003037.0
2006-06-05,EGX:VLMR,1.201376,1.218217,1.145237,1.173306,2464215.0
2006-06-06,EGX:VLMR,1.17892,1.17892,1.134009,1.156465,1123958.0
2006-06-07,EGX:VLMR,1.173306,1.190148,1.162078,1.173306,1181472.0
2006-06-08,EGX:VLMR,1.167692,1.173306,1.145237,1.156465,1493055.0
2006-06-11,EGX:VLMR,1.156465,1.162078,1.100325,1.122781,2355306.0
2006-06-12,EGX:VLMR,1.094712,1.122781,1.055414,1.089098,3305683.0
2006-06-13,EGX:VLMR,1.111553,1.117167,1.055414,1.07787,2756801.0
2006-06-14,EGX:VLMR,1.0498,1.0498,0.999275,1.021731,2388573.0
2006-06-15,EGX:VLMR,1.027345,1.122781,1.010503,1.072256,2759602.0
2006-06-18,EGX:VLMR,1.083484,1.105939,1.066642,1.094712,1457174.0
2006-06-19,EGX:VLMR,1.100325,1.100325,1.066642,1.083484,3337265.0
2006-06-20,EGX:VLMR,1.083484,1.089098,1.0498,1.066642,952687.0
2006-06-21,EGX:VLMR,1.0498,1.066642,1.021731,1.038573,1522563.0
2006-06-22,EGX:VLMR,1.0498,1.055414,1.027345,1.038573,834630.0
2006-06-25,EGX:VLMR,1.072256,1.072256,1.032959,1.044186,447815.0
2006-06-26,EGX:VLMR,1.038573,1.038573,0.999275,1.010503,1687604.0
2006-06-27,EGX:VLMR,1.004889,1.016117,0.988047,0.999275,1681142.0
2006-06-28,EGX:VLMR,1.010503,1.044186,1.010503,1.032959,1167678.0
2006-06-29,EGX:VLMR,1.055414,1.055414,1.027345,1.032959,791256.0
2006-07-02,EGX:VLMR,1.038573,1.072256,1.032959,1.061028,2080780.0
2006-07-03,EGX:VLMR,1.07787,1.094712,1.032959,1.061028,1798742.0
2006-07-04,EGX:VLMR,1.0498,1.066642,1.027345,1.044186,973171.0
2006-07-05,EGX:VLMR,1.066642,1.173306,1.061028,1.105939,4678769.0
2006-07-06,EGX:VLMR,1.156465,1.190148,1.105939,1.162078,4394436.0
2006-07-09,EGX:VLMR,1.17892,1.195762,1.134009,1.167692,2932505.0
2006-07-10,EGX:VLMR,1.173306,1.20699,1.162078,1.190148,2690268.0
2006-07-11,EGX:VLMR,1.218217,1.274357,1.184534,1.229445,4163528.0
2006-07-12,EGX:VLMR,1.201376,1.223831,1.128395,1.17892,4384519.0
2006-07-13,EGX:VLMR,1.134009,1.145237,1.0498,1.083484,5086864.0
2006-07-16,EGX:VLMR,1.004889,1.038573,0.898225,1.004889,4170403.0
2006-07-17,EGX:VLMR,1.044186,1.089098,1.021731,1.055414,2249156.0
2006-07-18,EGX:VLMR,1.061028,1.105939,1.055414,1.083484,2504370.0
2006-07-19,EGX:VLMR,1.07787,1.094712,1.0498,1.072256,1507292.0
2006-07-20,EGX:VLMR,1.0498,1.094712,1.0498,1.072256,1143551.0
2006-07-24,EGX:VLMR,1.105939,1.167692,1.094712,1.139623,3291329.0
2006-07-25,EGX:VLMR,1.162078,1.195762,1.128395,1.150851,2273331.0
2006-07-26,EGX:VLMR,1.134009,1.195762,1.117167,1.162078,4236795.0
2006-07-27,EGX:VLMR,1.201376,1.235059,1.173306,1.20699,4760960.0
2006-07-30,EGX:VLMR,1.257515,1.482071,1.240673,1.352951,8818994.0
2006-07-31,EGX:VLMR,1.392249,1.498913,1.364179,1.442774,5530223.0
2006-08-01,EGX:VLMR,1.543824,1.588735,1.487685,1.53821,6981851.0
2006-08-02,EGX:VLMR,1.56628,1.56628,1.43716,1.487685,4675240.0
2006-08-03,EGX:VLMR,1.487685,1.498913,1.431546,1.454002,3646237.0
2006-08-06,EGX:VLMR,1.448388,1.487685,1.43716,1.459615,1945536.0
2006-08-07,EGX:VLMR,1.465229,1.560666,1.448388,1.521368,4599189.0
2006-08-08,EGX:VLMR,1.571894,1.633646,1.56628,1.599963,4805021.0
2006-08-09,EGX:VLMR,1.611191,1.611191,1.521368,1.549438,4141107.0
2006-08-10,EGX:VLMR,1.543824,1.633646,1.493299,1.577507,5608350.0
2006-08-13,EGX:VLMR,1.63926,1.678558,1.616805,1.63926,5978090.0
2006-08-14,EGX:VLMR,1.5747,1.673505,1.537649,1.636453,4872000.0
2006-08-15,EGX:VLMR,1.636453,1.636453,1.549999,1.587051,2532546.0
2006-08-16,EGX:VLMR,1.556174,1.568525,1.426493,1.494421,4052108.0
2006-08-17,EGX:VLMR,1.438844,1.506772,1.36474,1.414143,5498524.0
2006-08-20,EGX:VLMR,1.531473,1.531473,1.438844,1.475896,1880507.0
2006-08-21,EGX:VLMR,1.46972,1.506772,1.451194,1.482071,2207752.0
2006-08-22,EGX:VLMR,1.500597,1.531473,1.451194,1.488246,2214986.0
2006-08-23,EGX:VLMR,1.475896,1.488246,1.463545,1.475896,1019097.0
2006-08-24,EGX:VLMR,1.463545,1.531473,1.463545,1.512947,2679759.0
2006-08-27,EGX:VLMR,1.519123,1.556174,1.500597,1.519123,1256308.0
2006-08-28,EGX:VLMR,1.525298,1.537649,1.494421,1.519123,1431091.0
2006-08-29,EGX:VLMR,1.537649,1.543824,1.512947,1.525298,1342493.0
2006-08-30,EGX:VLMR,1.512947,1.568525,1.512947,1.549999,2392512.0
2006-08-31,EGX:VLMR,1.56235,1.630278,1.56235,1.605577,3123895.0
2006-09-03,EGX:VLMR,1.611752,1.630278,1.587051,1.605577,2140718.0
2006-09-04,EGX:VLMR,1.605577,1.611752,1.580876,1.593226,1071664.0
2006-09-05,EGX:VLMR,1.593226,1.611752,1.525298,1.56235,2840232.0
2006-09-06,EGX:VLMR,1.525298,1.5747,1.512947,1.537649,2562069.0
2006-09-07,EGX:VLMR,1.543824,1.543824,1.519123,1.525298,998460.0
2006-09-10,EGX:VLMR,1.525298,1.537649,1.494421,1.506772,1862933.0
2006-09-11,EGX:VLMR,1.488246,1.549999,1.488246,1.531473,1185660.0
2006-09-12,EGX:VLMR,1.549999,1.568525,1.525298,1.543824,1229919.0
2006-09-13,EGX:VLMR,1.525298,1.549999,1.519123,1.531473,748954.0
2006-09-14,EGX:VLMR,1.531473,1.648804,1.525298,1.593226,4741024.0
2006-09-17,EGX:VLMR,1.654979,1.692031,1.617927,1.654979,3073466.0
2006-09-18,EGX:VLMR,1.630278,1.636453,1.5747,1.599402,2186812.0
2006-09-19,EGX:VLMR,1.605577,1.636453,1.587051,1.611752,1712698.0
2006-09-20,EGX:VLMR,1.624103,1.654979,1.605577,1.624103,1686018.0
2006-09-21,EGX:VLMR,1.605577,1.617927,1.587051,1.599402,999902.0
2006-09-24,EGX:VLMR,1.599402,1.599402,1.56235,1.5747,690964.0
2006-09-25,EGX:VLMR,1.599402,1.599402,1.5747,1.580876,685124.0
2006-09-26,EGX:VLMR,1.580876,1.587051,1.5747,1.5747,452400.0
2006-09-27,EGX:VLMR,1.593226,1.605577,1.587051,1.599402,380530.0
2006-09-28,EGX:VLMR,1.611752,1.624103,1.587051,1.593226,511074.0
2006-10-01,EGX:VLMR,1.624103,1.624103,1.587051,1.593226,275402.0
2006-10-02,EGX:VLMR,1.599402,1.605577,1.587051,1.593226,419267.0
2006-10-03,EGX:VLMR,1.587051,1.593226,1.543824,1.56235,829874.0
2006-10-04,EGX:VLMR,1.56235,1.580876,1.556174,1.56235,1032817.0
2006-10-08,EGX:VLMR,1.5747,1.593226,1.5747,1.580876,449462.0
2006-10-09,EGX:VLMR,1.587051,1.593226,1.525298,1.537649,1358095.0
2006-10-10,EGX:VLMR,1.525298,1.531473,1.463545,1.488246,1502516.0
2006-10-11,EGX:VLMR,1.463545,1.537649,1.451194,1.494421,1237599.0
2006-10-12,EGX:VLMR,1.543824,1.543824,1.512947,1.531473,1344678.0
2006-10-15,EGX:VLMR,1.531473,1.531473,1.500597,1.512947,593157.0
2006-10-16,EGX:VLMR,1.519123,1.549999,1.519123,1.531473,581563.0
2006-10-17,EGX:VLMR,1.543824,1.624103,1.537649,1.587051,2397249.0
2006-10-18,EGX:VLMR,1.605577,1.685856,1.605577,1.654979,4768016.0
2006-10-19,EGX:VLMR,1.67968,1.698206,1.648804,1.66733,2460264.0
2006-10-22,EGX:VLMR,1.698206,1.698206,1.630278,1.648804,1213612.0
2006-10-29,EGX:VLMR,1.661154,1.692031,1.636453,1.642629,1619667.0
2006-10-30,EGX:VLMR,1.636453,1.642629,1.580876,1.605577,2997555.0
2006-10-31,EGX:VLMR,1.593226,1.698206,1.593226,1.648804,4423562.0
2006-11-01,EGX:VLMR,1.698206,1.747609,1.66733,1.710557,8053650.0
2006-11-02,EGX:VLMR,1.685856,1.729083,1.661154,1.704382,3728731.0
2006-11-05,EGX:VLMR,1.67968,1.747609,1.654979,1.698206,4151943.0
2006-11-06,EGX:VLMR,1.710557,1.710557,1.617927,1.648804,5321283.0
2006-11-07,EGX:VLMR,1.636453,1.654979,1.617927,1.630278,1159528.0
2006-11-08,EGX:VLMR,1.636453,1.642629,1.5747,1.605577,3116574.0
2006-11-09,EGX:VLMR,1.593226,1.617927,1.56235,1.593226,1090073.0
2006-11-12,EGX:VLMR,1.611752,1.648804,1.587051,1.605577,1445475.0
2006-11-13,EGX:VLMR,1.611752,1.611752,1.587051,1.599402,609239.0
2006-11-14,EGX:VLMR,1.611752,1.636453,1.605577,1.617927,694014.0
2006-11-15,EGX:VLMR,1.617927,1.636453,1.593226,1.611752,1092863.0
2006-11-16,EGX:VLMR,1.593226,1.611752,1.56235,1.580876,1714528.0
2006-11-19,EGX:VLMR,1.56235,1.56235,1.506772,1.531473,2974358.0
2006-11-20,EGX:VLMR,1.531473,1.549999,1.519123,1.537649,883481.0
2006-11-21,EGX:VLMR,1.556174,1.599402,1.543824,1.568525,1259015.0
2006-11-22,EGX:VLMR,1.568525,1.587051,1.531473,1.543824,1619013.0
2006-11-23,EGX:VLMR,1.556174,1.568525,1.537649,1.549999,722086.0
2006-11-26,EGX:VLMR,1.56235,1.587051,1.56235,1.5747,1469606.0
2006-11-27,EGX:VLMR,1.56235,1.568525,1.531473,1.543824,1914021.0
2006-11-28,EGX:VLMR,1.543824,1.549999,1.494421,1.519123,1746944.0
2006-11-29,EGX:VLMR,1.494421,1.512947,1.475896,1.488246,1294866.0
2006-11-30,EGX:VLMR,1.506772,1.512947,1.482071,1.500597,1330879.0
2006-12-03,EGX:VLMR,1.506772,1.506772,1.451194,1.46972,1389404.0
2006-12-04,EGX:VLMR,1.482071,1.482071,1.395617,1.432669,1536695.0
2006-12-05,EGX:VLMR,1.432669,1.463545,1.414143,1.432669,955271.0
2006-12-06,EGX:VLMR,1.445019,1.463545,1.432669,1.445019,1078679.0
2006-12-07,EGX:VLMR,1.451194,1.45737,1.407967,1.420318,912673.0
2006-12-10,EGX:VLMR,1.463545,1.463545,1.395617,1.426493,919461.0
2006-12-11,EGX:VLMR,1.414143,1.426493,1.383266,1.401792,1161228.0
2006-12-12,EGX:VLMR,1.401792,1.506772,1.389441,1.451194,2352477.0
2006-12-13,EGX:VLMR,1.475896,1.482071,1.426493,1.451194,913045.0
2006-12-14,EGX:VLMR,1.445019,1.45737,1.401792,1.426493,989354.0
2006-12-17,EGX:VLMR,1.451194,1.451194,1.426493,1.432669,741170.0
2006-12-18,EGX:VLMR,1.451194,1.451194,1.414143,1.432669,763444.0
2006-12-19,EGX:VLMR,1.432669,1.438844,1.401792,1.414143,626378.0
2006-12-20,EGX:VLMR,1.401792,1.475896,1.401792,1.445019,1737657.0
2006-12-21,EGX:VLMR,1.482071,1.488246,1.420318,1.445019,1893916.0
2006-12-24,EGX:VLMR,1.45737,1.506772,1.414143,1.445019,3077901.0
2006-12-25,EGX:VLMR,1.445019,1.451194,1.395617,1.407967,1396608.0
2006-12-26,EGX:VLMR,1.401792,1.463545,1.395617,1.451194,9223365.0
2006-12-27,EGX:VLMR,1.451194,1.46972,1.438844,1.451194,1023362.0
2006-12-28,EGX:VLMR,1.46972,1.482071,1.445019,1.45737,1327115.0
2007-01-03,EGX:VLMR,1.475896,1.482071,1.426493,1.445019,1190130.0
2007-01-04,EGX:VLMR,1.445019,1.445019,1.407967,1.420318,1589319.0
2007-01-08,EGX:VLMR,1.445019,1.445019,1.389441,1.414143,3984843.0
2007-01-09,EGX:VLMR,1.236667,1.442778,1.236667,1.408426,1364228.0
2007-01-10,EGX:VLMR,1.401556,1.401556,1.367204,1.374074,933770.0
2007-01-11,EGX:VLMR,1.387815,1.394685,1.367204,1.380945,582661.0
2007-01-14,EGX:VLMR,1.380945,1.387815,1.332852,1.353463,926284.0
2007-01-15,EGX:VLMR,1.346593,1.353463,1.319111,1.325982,835196.0
2007-01-16,EGX:VLMR,1.332852,1.339722,1.2985,1.312241,731206.0
2007-01-17,EGX:VLMR,1.312241,1.312241,1.271019,1.284759,748431.0
2007-01-18,EGX:VLMR,1.284759,1.284759,1.250407,1.264148,1104417.0
2007-01-22,EGX:VLMR,1.264148,1.277889,1.243537,1.264148,832109.0
2007-01-23,EGX:VLMR,1.264148,1.271019,1.236667,1.250407,574288.0
2007-01-24,EGX:VLMR,1.257278,1.264148,1.229796,1.243537,706020.0
2007-01-25,EGX:VLMR,1.236667,1.236667,1.167963,1.202315,1246264.0
2007-01-28,EGX:VLMR,1.195445,1.195445,1.064907,1.126741,1591799.0
2007-01-29,EGX:VLMR,1.064907,1.154222,1.030556,1.099259,2577661.0
2007-01-30,EGX:VLMR,1.167963,1.195445,1.133611,1.161093,1467742.0
2007-01-31,EGX:VLMR,1.167963,1.167963,1.099259,1.126741,998854.0
2007-02-01,EGX:VLMR,1.099259,1.133611,1.092389,1.113,1101499.0
2007-02-04,EGX:VLMR,1.147352,1.147352,1.113,1.126741,429886.0
2007-02-05,EGX:VLMR,1.11987,1.140482,1.099259,1.10613,874842.0
2007-02-06,EGX:VLMR,1.113,1.133611,1.10613,1.11987,535997.0
2007-02-07,EGX:VLMR,1.11987,1.167963,1.11987,1.154222,1160498.0
2007-02-08,EGX:VLMR,1.161093,1.161093,1.133611,1.147352,685582.0
2007-02-11,EGX:VLMR,1.140482,1.174833,1.133611,1.161093,783432.0
2007-02-12,EGX:VLMR,1.161093,1.161093,1.133611,1.147352,438561.0
2007-02-13,EGX:VLMR,1.140482,1.161093,1.140482,1.154222,380634.0
2007-02-14,EGX:VLMR,1.167963,1.174833,1.154222,1.167963,779506.0
2007-02-15,EGX:VLMR,1.154222,1.174833,1.154222,1.167963,663570.0
2007-02-18,EGX:VLMR,1.174833,1.181704,1.161093,1.167963,797705.0
2007-02-19,EGX:VLMR,1.167963,1.174833,1.140482,1.154222,696996.0
2007-02-20,EGX:VLMR,1.154222,1.161093,1.140482,1.147352,378980.0
2007-02-21,EGX:VLMR,1.154222,1.167963,1.140482,1.147352,467590.0
2007-02-22,EGX:VLMR,1.154222,1.250407,1.140482,1.202315,1961766.0
2007-02-25,EGX:VLMR,1.229796,1.229796,1.195445,1.209185,484476.0
2007-02-26,EGX:VLMR,1.195445,1.222926,1.195445,1.209185,739506.0
2007-02-27,EGX:VLMR,1.216056,1.243537,1.202315,1.229796,993214.0
2007-02-28,EGX:VLMR,1.229796,1.229796,1.154222,1.181704,1870980.0
2007-03-01,EGX:VLMR,1.161093,1.202315,1.147352,1.181704,627441.0
2007-03-04,EGX:VLMR,1.195445,1.195445,1.161093,1.167963,602390.0
2007-03-05,EGX:VLMR,1.167963,1.167963,1.126741,1.140482,1694571.0
2007-03-06,EGX:VLMR,1.154222,1.161093,1.140482,1.154222,700087.0
2007-03-07,EGX:VLMR,1.147352,1.167963,1.147352,1.161093,655711.0
2007-03-08,EGX:VLMR,1.167963,1.188574,1.167963,1.174833,845882.0
2007-03-11,EGX:VLMR,1.188574,1.195445,1.167963,1.181704,892737.0
2007-03-12,EGX:VLMR,1.174833,1.188574,1.161093,1.167963,819238.0
2007-03-13,EGX:VLMR,1.167963,1.216056,1.161093,1.195445,1685847.0
2007-03-14,EGX:VLMR,1.188574,1.209185,1.174833,1.195445,447860.0
2007-03-15,EGX:VLMR,1.195445,1.243537,1.181704,1.222926,1580447.0
2007-03-18,EGX:VLMR,1.202315,1.284759,1.202315,1.257278,1806709.0
2007-03-19,EGX:VLMR,1.257278,1.30537,1.250407,1.277889,2070984.0
2007-03-20,EGX:VLMR,1.277889,1.284759,1.222926,1.243537,1631656.0
2007-03-21,EGX:VLMR,1.216056,1.250407,1.209185,1.229796,953267.0
2007-03-22,EGX:VLMR,1.264148,1.284759,1.243537,1.264148,1808713.0
2007-03-25,EGX:VLMR,1.277889,1.339722,1.271019,1.2985,1668391.0
2007-03-26,EGX:VLMR,1.2985,1.30537,1.264148,1.277889,527734.0
2007-03-27,EGX:VLMR,1.29163,1.374074,1.277889,1.360333,10142017.0
2007-03-28,EGX:VLMR,1.30537,1.312241,1.277889,1.2985,748541.0
2007-03-29,EGX:VLMR,1.284759,1.284759,1.250407,1.271019,1157741.0
2007-04-02,EGX:VLMR,1.284759,1.2985,1.250407,1.264148,520776.0
2007-04-03,EGX:VLMR,1.29163,1.374074,1.264148,1.319111,2965510.0
2007-04-04,EGX:VLMR,1.30537,1.30537,1.284759,1.29163,263465.0
2007-04-05,EGX:VLMR,1.284759,1.30537,1.277889,1.284759,745874.0
2007-04-10,EGX:VLMR,1.284759,1.312241,1.284759,1.29163,802207.0
2007-04-11,EGX:VLMR,1.264148,1.2985,1.236667,1.271019,1363703.0
2007-04-12,EGX:VLMR,1.257278,1.264148,1.236667,1.243537,932153.0
2007-04-15,EGX:VLMR,1.243537,1.243537,1.222926,1.236667,450555.0
2007-04-16,EGX:VLMR,1.243537,1.243537,1.229796,1.236667,480382.0
2007-04-17,EGX:VLMR,1.229796,1.229796,1.188574,1.209185,1200736.0
2007-04-18,EGX:VLMR,1.195445,1.209185,1.188574,1.202315,490268.0
2007-04-19,EGX:VLMR,1.188574,1.202315,1.161093,1.174833,949260.0
2007-04-22,EGX:VLMR,1.174833,1.188574,1.167963,1.174833,505587.0
2007-04-23,EGX:VLMR,1.188574,1.188574,1.167963,1.174833,578320.0
2007-04-24,EGX:VLMR,1.174833,1.188574,1.174833,1.181704,496430.0
2007-04-26,EGX:VLMR,1.202315,1.202315,1.167963,1.181704,879512.0
2007-04-29,EGX:VLMR,1.174833,1.188574,1.161093,1.167963,340993.0
2007-04-30,EGX:VLMR,1.167963,1.167963,1.154222,1.161093,378436.0
2007-05-02,EGX:VLMR,1.147352,1.188574,1.147352,1.167963,912988.0
2007-05-03,EGX:VLMR,1.154222,1.154222,1.113,1.126741,1351557.0
2007-05-06,EGX:VLMR,1.133611,1.174833,1.126741,1.161093,728034.0
2007-05-07,EGX:VLMR,1.161093,1.174833,1.147352,1.161093,684361.0
2007-05-08,EGX:VLMR,1.167963,1.174833,1.147352,1.161093,453617.0
2007-05-09,EGX:VLMR,1.161093,1.181704,1.154222,1.167963,825687.0
2007-05-10,EGX:VLMR,1.167963,1.174833,1.154222,1.161093,340999.0
2007-05-13,EGX:VLMR,1.161093,1.174833,1.154222,1.167963,335342.0
2007-05-14,EGX:VLMR,1.174833,1.236667,1.174833,1.216056,2947334.0
2007-05-15,EGX:VLMR,1.236667,1.243537,1.181704,1.209185,692019.0
2007-05-16,EGX:VLMR,1.195445,1.202315,1.167963,1.174833,857496.0
2007-05-17,EGX:VLMR,1.167963,1.167963,1.140482,1.154222,757873.0
2007-05-20,EGX:VLMR,1.140482,1.167963,1.126741,1.147352,1308525.0
2007-05-21,EGX:VLMR,1.147352,1.154222,1.133611,1.147352,852932.0
2007-05-22,EGX:VLMR,1.133611,1.181704,1.11987,1.154222,1829446.0
2007-05-23,EGX:VLMR,1.188574,1.216056,1.181704,1.202315,1389088.0
2007-05-24,EGX:VLMR,1.195445,1.222926,1.195445,1.202315,1315005.0
2007-05-27,EGX:VLMR,1.222926,1.236667,1.209185,1.222926,1638672.0
2007-05-28,EGX:VLMR,1.209185,1.216056,1.181704,1.195445,614661.0
2007-05-29,EGX:VLMR,1.202315,1.222926,1.202315,1.216056,1428231.0
2007-05-30,EGX:VLMR,1.202315,1.222926,1.202315,1.209185,1081948.0
2007-05-31,EGX:VLMR,1.202315,1.216056,1.181704,1.195445,1090635.0
2007-06-03,EGX:VLMR,1.181704,1.209185,1.174833,1.188574,422608.0
2007-06-04,EGX:VLMR,1.181704,1.202315,1.174833,1.195445,858887.0
2007-06-05,EGX:VLMR,1.202315,1.209185,1.195445,1.202315,1174972.0
2007-06-06,EGX:VLMR,1.195445,1.222926,1.195445,1.209185,1060782.0
2007-06-07,EGX:VLMR,1.195445,1.216056,1.195445,1.202315,936320.0
2007-06-10,EGX:VLMR,1.202315,1.216056,1.195445,1.209185,365056.0
2007-06-11,EGX:VLMR,1.202315,1.222926,1.202315,1.209185,762278.0
2007-06-12,EGX:VLMR,1.202315,1.243537,1.202315,1.229796,2233339.0
2007-06-13,EGX:VLMR,1.236667,1.257278,1.229796,1.243537,1621689.0
2007-06-14,EGX:VLMR,1.236667,1.271019,1.222926,1.243537,1914776.0
2007-06-17,EGX:VLMR,1.243537,1.284759,1.243537,1.271019,1548861.0
2007-06-18,EGX:VLMR,1.250407,1.312241,1.250407,1.2985,2344277.0
2007-06-19,EGX:VLMR,1.29163,1.2985,1.257278,1.271019,1773099.0
2007-06-20,EGX:VLMR,1.271019,1.353463,1.271019,1.325982,3055259.0
2007-06-21,EGX:VLMR,1.332852,1.346593,1.312241,1.325982,1841494.0
2007-06-24,EGX:VLMR,1.367204,1.470259,1.367204,1.429037,6716057.0
2007-06-25,EGX:VLMR,1.394685,1.442778,1.374074,1.408426,2476536.0
2007-06-26,EGX:VLMR,1.422167,1.484,1.408426,1.463389,2832810.0
2007-06-27,EGX:VLMR,1.47713,1.484,1.422167,1.449648,2104712.0
2007-06-28,EGX:VLMR,1.435908,1.463389,1.429037,1.449648,1865664.0
2007-07-02,EGX:VLMR,1.456519,1.504611,1.456519,1.49087,1708012.0
2007-07-03,EGX:VLMR,1.497741,1.504611,1.463389,1.484,1423811.0
2007-07-04,EGX:VLMR,1.463389,1.484,1.422167,1.456519,2534976.0
2007-07-05,EGX:VLMR,1.442778,1.456519,1.429037,1.442778,690109.0
2007-07-08,EGX:VLMR,1.463389,1.463389,1.429037,1.449648,1650483.0
2007-07-09,EGX:VLMR,1.442778,1.484,1.442778,1.463389,1339014.0
2007-07-10,EGX:VLMR,1.449648,1.484,1.449648,1.470259,1027543.0
2007-07-11,EGX:VLMR,1.470259,1.470259,1.422167,1.442778,1443099.0
2007-07-12,EGX:VLMR,1.442778,1.456519,1.422167,1.429037,364233.0
2007-07-15,EGX:VLMR,1.422167,1.442778,1.422167,1.429037,578731.0
2007-07-16,EGX:VLMR,1.442778,1.442778,1.401556,1.415296,1074173.0
2007-07-17,EGX:VLMR,1.422167,1.442778,1.408426,1.429037,1485384.0
2007-07-18,EGX:VLMR,1.435908,1.435908,1.422167,1.429037,480371.0
2007-07-19,EGX:VLMR,1.429037,1.442778,1.415296,1.429037,1565591.0
2007-07-22,EGX:VLMR,1.429037,1.442778,1.415296,1.415296,182398.0
2007-07-24,EGX:VLMR,1.442778,1.449648,1.429037,1.442778,465288.0
2007-07-25,EGX:VLMR,1.442778,1.470259,1.442778,1.456519,974448.0
2007-07-26,EGX:VLMR,1.449648,1.463389,1.449648,1.456519,423335.0
2007-07-29,EGX:VLMR,1.456519,1.463389,1.429037,1.435908,762856.0
2007-07-30,EGX:VLMR,1.429037,1.442778,1.394685,1.422167,1620642.0
2007-07-31,EGX:VLMR,1.422167,1.442778,1.415296,1.429037,787652.0
2007-08-01,EGX:VLMR,1.435908,1.435908,1.408426,1.415296,95191976.0
2007-08-02,EGX:VLMR,1.422167,1.435908,1.408426,1.415296,398935.0
2007-08-05,EGX:VLMR,1.415296,1.415296,1.387815,1.401556,652064.0
2007-08-06,EGX:VLMR,1.394685,1.408426,1.374074,1.387815,1237153.0
2007-08-07,EGX:VLMR,1.394685,1.394685,1.374074,1.380945,683985.0
2007-08-08,EGX:VLMR,1.394685,1.394685,1.380945,1.387815,504516.0
2007-08-09,EGX:VLMR,1.401556,1.408426,1.380945,1.394685,423896.0
2007-08-12,EGX:VLMR,1.387815,1.401556,1.367204,1.380945,642032.0
2007-08-13,EGX:VLMR,1.401556,1.408426,1.367204,1.380945,676430.0
2007-08-14,EGX:VLMR,1.380945,1.401556,1.374074,1.387815,930398.0
2007-08-15,EGX:VLMR,1.374074,1.394685,1.367204,1.380945,748752.0
2007-08-16,EGX:VLMR,1.374074,1.380945,1.319111,1.339722,5281735.0
2007-08-19,EGX:VLMR,1.339722,1.353463,1.332852,1.339722,354292.0
2007-08-20,EGX:VLMR,1.332852,1.339722,1.325982,1.332852,876926.0
2007-08-21,EGX:VLMR,1.332852,1.346593,1.325982,1.332852,753361.0
2007-08-22,EGX:VLMR,1.332852,1.353463,1.332852,1.339722,427402.0
2007-08-23,EGX:VLMR,1.339722,1.353463,1.332852,1.339722,464813.0
2007-08-26,EGX:VLMR,1.339722,1.394685,1.339722,1.380945,779456.0
2007-08-27,EGX:VLMR,1.387815,1.484,1.380945,1.442778,2856227.0
2007-08-28,EGX:VLMR,1.463389,1.49087,1.442778,1.470259,2563763.0
2007-08-29,EGX:VLMR,1.47713,1.47713,1.415296,1.429037,1526679.0
2007-08-30,EGX:VLMR,1.415296,1.511482,1.415296,1.484,5035343.0
2007-09-02,EGX:VLMR,1.511482,1.538963,1.497741,1.518352,1651536.0
2007-09-03,EGX:VLMR,1.497741,1.580185,1.497741,1.552704,5660301.0
2007-09-04,EGX:VLMR,1.580185,1.600796,1.518352,1.545833,2241548.0
2007-09-05,EGX:VLMR,1.538963,1.538963,1.484,1.511482,2417909.0
2007-09-06,EGX:VLMR,1.497741,1.518352,1.484,1.504611,754171.0
2007-09-09,EGX:VLMR,1.49087,1.497741,1.456519,1.470259,1587293.0
2007-09-10,EGX:VLMR,1.456519,1.47713,1.456519,1.470259,821560.0
2007-09-11,EGX:VLMR,1.47713,1.497741,1.463389,1.484,1071008.0
2007-09-12,EGX:VLMR,1.47713,1.545833,1.47713,1.518352,2702155.0
2007-09-13,EGX:VLMR,1.504611,1.525222,1.497741,1.511482,502887.0
2007-09-16,EGX:VLMR,1.504611,1.518352,1.504611,1.511482,355523.0
2007-09-17,EGX:VLMR,1.511482,1.518352,1.497741,1.511482,1265997.0
2007-09-18,EGX:VLMR,1.497741,1.497741,1.484,1.49087,470091.0
2007-09-19,EGX:VLMR,1.49087,1.518352,1.49087,1.504611,1280390.0
2007-09-20,EGX:VLMR,1.497741,1.504611,1.49087,1.497741,1212649.0
2007-09-23,EGX:VLMR,1.497741,1.511482,1.484,1.497741,662638.0
2007-09-24,EGX:VLMR,1.504611,1.504611,1.47713,1.484,399010.0
2007-09-25,EGX:VLMR,1.484,1.49087,1.47713,1.484,512444.0
2007-09-26,EGX:VLMR,1.47713,1.49087,1.463389,1.470259,463209.0
2007-09-27,EGX:VLMR,1.463389,1.484,1.456519,1.463389,909872.0
2007-09-30,EGX:VLMR,1.470259,1.47713,1.456519,1.470259,380177.0
2007-10-01,EGX:VLMR,1.470259,1.470259,1.456519,1.470259,299363.0
2007-10-02,EGX:VLMR,1.470259,1.497741,1.463389,1.484,1061300.0
2007-10-03,EGX:VLMR,1.47713,1.504611,1.463389,1.47713,385040.0
2007-10-04,EGX:VLMR,1.470259,1.559574,1.470259,1.525222,4055366.0
2007-10-08,EGX:VLMR,1.532093,1.600796,1.532093,1.573315,2796488.0
2007-10-09,EGX:VLMR,1.580185,1.648889,1.580185,1.628278,4655474.0
2007-10-10,EGX:VLMR,1.648889,1.683241,1.614537,1.648889,4292402.0
2007-10-11,EGX:VLMR,1.621408,1.642019,1.607667,1.621408,1696915.0
2007-10-16,EGX:VLMR,1.628278,1.696982,1.593926,1.642019,5550826.0
2007-10-17,EGX:VLMR,1.683241,1.696982,1.655759,1.683241,2487390.0
2007-10-18,EGX:VLMR,1.67637,1.690111,1.642019,1.6695,4251362.0
2007-10-21,EGX:VLMR,1.67637,1.690111,1.642019,1.66263,1701182.0
2007-10-22,EGX:VLMR,1.690111,1.751945,1.66263,1.703852,5183743.0
2007-10-23,EGX:VLMR,1.731333,1.813778,1.724463,1.779426,3801323.0
2007-10-24,EGX:VLMR,1.813778,1.820648,1.745074,1.786296,5610891.0
2007-10-25,EGX:VLMR,1.765685,1.772556,1.745074,1.758815,1525054.0
2007-10-28,EGX:VLMR,1.758815,1.800037,1.738204,1.772556,3672027.0
2007-10-29,EGX:VLMR,1.793167,1.868741,1.758815,1.806908,6786088.0
2007-10-30,EGX:VLMR,1.868741,1.882482,1.841259,1.86187,3608608.0
2007-10-31,EGX:VLMR,1.923704,1.923704,1.772556,1.820648,2890589.0
2007-11-01,EGX:VLMR,1.786296,1.820648,1.724463,1.765685,2260718.0
2007-11-04,EGX:VLMR,1.772556,1.800037,1.724463,1.738204,22934242.99999999
2007-11-05,EGX:VLMR,1.786296,1.800037,1.738204,1.779426,4527913.0
2007-11-06,EGX:VLMR,1.800037,1.868741,1.800037,1.834389,5200839.0
2007-11-07,EGX:VLMR,1.834389,1.834389,1.779426,1.806908,2085443.0
2007-11-08,EGX:VLMR,1.779426,1.800037,1.751945,1.779426,1902683.0
2007-11-11,EGX:VLMR,1.758815,1.800037,1.751945,1.779426,1235954.0
2007-11-12,EGX:VLMR,1.800037,1.827519,1.772556,1.786296,346155.0
2007-11-13,EGX:VLMR,1.800037,1.800037,1.738204,1.758815,1298248.0
2007-11-14,EGX:VLMR,1.738204,1.779426,1.724463,1.745074,1559893.0
2007-11-15,EGX:VLMR,1.731333,1.738204,1.67637,1.710722,1860172.0
2007-11-18,EGX:VLMR,1.724463,1.786296,1.724463,1.765685,1273860.0
2007-11-19,EGX:VLMR,1.772556,1.793167,1.745074,1.772556,1021065.0
2007-11-20,EGX:VLMR,1.772556,1.786296,1.758815,1.765685,7089919.0
2007-11-21,EGX:VLMR,1.786296,1.793167,1.765685,1.779426,634392.0
2007-11-22,EGX:VLMR,1.779426,1.786296,1.745074,1.751945,1109627.0
2007-11-25,EGX:VLMR,1.779426,1.779426,1.745074,1.751945,979788.0
2007-11-26,EGX:VLMR,1.772556,1.772556,1.738204,1.751945,514951.0
2007-11-27,EGX:VLMR,1.745074,1.758815,1.724463,1.738204,1050857.0
2007-11-28,EGX:VLMR,1.731333,1.738204,1.710722,1.724463,617382.0
2007-11-29,EGX:VLMR,1.717593,1.717593,1.66263,1.690111,1991325.0
2007-12-02,EGX:VLMR,1.690111,1.710722,1.607667,1.648889,1891241.0
2007-12-03,EGX:VLMR,1.621408,1.6695,1.614537,1.655759,1090519.0
2007-12-04,EGX:VLMR,1.66263,1.67637,1.628278,1.655759,1276651.0
2007-12-05,EGX:VLMR,1.648889,1.683241,1.635148,1.655759,611991.0
2007-12-06,EGX:VLMR,1.648889,1.717593,1.648889,1.696982,1587179.0
2007-12-09,EGX:VLMR,1.717593,1.731333,1.690111,1.717593,1500917.0
2007-12-10,EGX:VLMR,1.696982,1.703852,1.642019,1.66263,463968.0
2007-12-11,EGX:VLMR,1.655759,1.66263,1.635148,1.648889,593745.0
2007-12-12,EGX:VLMR,1.648889,1.6695,1.648889,1.655759,530065.0
2007-12-13,EGX:VLMR,1.655759,1.683241,1.648889,1.66263,1501777.0
2007-12-16,EGX:VLMR,1.67637,1.683241,1.6695,1.67637,621233.0
2007-12-17,EGX:VLMR,1.67637,1.710722,1.6695,1.696982,719750.0
2007-12-23,EGX:VLMR,1.717593,1.738204,1.696982,1.724463,665606.0
2007-12-24,EGX:VLMR,1.724463,1.738204,1.710722,1.724463,629333.0
2007-12-25,EGX:VLMR,1.731333,1.738204,1.690111,1.710722,439587.0
2007-12-26,EGX:VLMR,1.696982,1.703852,1.6695,1.683241,679889.0
2007-12-27,EGX:VLMR,1.67637,1.696982,1.67637,1.683241,1729714.0
2007-12-30,EGX:VLMR,1.683241,1.683241,1.655759,1.6695,603675.0
2007-12-31,EGX:VLMR,1.66263,1.703852,1.655759,1.67637,419457.0
2008-01-02,EGX:VLMR,1.6695,1.731333,1.655759,1.696982,570748.0
2008-01-03,EGX:VLMR,1.717593,1.717593,1.67637,1.703852,650690.0
2008-01-06,EGX:VLMR,1.717593,1.717593,1.683241,1.696982,353294.0
2008-01-08,EGX:VLMR,1.696982,1.779426,1.696982,1.745074,2043725.0
2008-01-10,EGX:VLMR,1.779426,1.827519,1.765685,1.800037,3312847.0
2008-01-13,EGX:VLMR,1.786296,1.86187,1.772556,1.841259,2466760.0
2008-01-14,EGX:VLMR,1.834389,1.834389,1.779426,1.800037,1424134.0
2008-01-15,EGX:VLMR,1.786296,1.827519,1.786296,1.813778,967401.0
2008-01-16,EGX:VLMR,1.827519,1.841259,1.779426,1.800037,1922875.0
2008-01-17,EGX:VLMR,1.800037,1.855,1.779426,1.820648,2986998.0
2008-01-20,EGX:VLMR,1.84813,1.84813,1.772556,1.793167,1913657.0
2008-01-21,EGX:VLMR,1.786296,1.786296,1.690111,1.731333,2059275.0
2008-01-22,EGX:VLMR,1.710722,1.710722,1.642019,1.683241,1901269.0
2008-01-23,EGX:VLMR,1.67637,1.758815,1.67637,1.731333,1276520.0
2008-01-24,EGX:VLMR,1.745074,1.875611,1.683241,1.820648,7189506.0
2008-01-27,EGX:VLMR,1.875611,1.903093,1.841259,1.875611,3021489.0
2008-01-28,EGX:VLMR,1.868741,1.944315,1.834389,1.889352,7493127.0
2008-01-29,EGX:VLMR,1.916833,1.951185,1.875611,1.909963,5298930.0
2008-01-30,EGX:VLMR,1.937445,2.0405,1.923704,1.992408,5331821.0
2008-01-31,EGX:VLMR,2.026759,2.0405,1.971796,2.013019,1831723.0
2008-02-03,EGX:VLMR,2.013019,2.164167,1.992408,2.088593,7047074.0
2008-02-04,EGX:VLMR,2.164167,2.21913,2.074852,2.171037,4000227.0
2008-02-05,EGX:VLMR,2.191648,2.205389,2.129815,2.177908,4312499.0
2008-02-06,EGX:VLMR,2.143556,2.143556,2.047371,2.081722,4405571.0
2008-02-07,EGX:VLMR,2.129815,2.136685,2.026759,2.074852,2571083.0
2008-02-10,EGX:VLMR,2.0405,2.0405,1.999278,2.013019,875666.0
2008-02-11,EGX:VLMR,2.006148,2.026759,1.951185,1.985537,3098892.0
2008-02-12,EGX:VLMR,2.006148,2.0405,1.978667,2.006148,936324.0
2008-02-13,EGX:VLMR,2.013019,2.074852,2.013019,2.047371,1894286.0
2008-02-14,EGX:VLMR,2.067982,2.109204,2.026759,2.067982,1230299.0
2008-02-17,EGX:VLMR,2.074852,2.074852,2.026759,2.047371,1030381.0
2008-02-18,EGX:VLMR,2.061111,2.095463,2.0405,2.074852,1316759.0
2008-02-19,EGX:VLMR,2.081722,2.136685,2.081722,2.102333,3548812.0
2008-02-20,EGX:VLMR,2.129815,2.150426,2.102333,2.129815,3067117.0
2008-02-21,EGX:VLMR,2.122945,2.129815,2.074852,2.109204,1737905.0
2008-02-24,EGX:VLMR,2.102333,2.143556,2.088593,2.122945,1169687.0
2008-02-25,EGX:VLMR,2.109204,2.129815,2.081722,2.109204,4127561.0
2008-02-26,EGX:VLMR,2.136685,2.157296,2.081722,2.122945,2766426.0
2008-02-27,EGX:VLMR,2.129815,2.603871,2.109204,2.370278,9429095.0
2008-02-28,EGX:VLMR,2.528296,2.542037,2.418371,2.473334,3354505.0
2008-03-02,EGX:VLMR,2.438982,2.521426,2.40463,2.445852,1918765.0
2008-03-03,EGX:VLMR,2.473334,2.603871,2.370278,2.493945,6396858.0
2008-03-04,EGX:VLMR,2.610741,2.645093,2.576389,2.610741,2178700.0
2008-03-05,EGX:VLMR,2.638222,2.679445,2.507685,2.610741,3445399.0
2008-03-06,EGX:VLMR,2.542037,2.562648,2.473334,2.507685,3391833.0
2008-03-09,EGX:VLMR,2.473334,2.542037,2.432111,2.473334,1181333.0
2008-03-10,EGX:VLMR,2.480204,2.521426,2.452722,2.480204,1145268.0
2008-03-11,EGX:VLMR,2.500815,2.624482,2.500815,2.597,1762653.0
2008-03-12,EGX:VLMR,2.603871,2.748148,2.603871,2.693185,4072313.0
2008-03-13,EGX:VLMR,2.734408,2.823722,2.665704,2.761889,3852531.0
2008-03-16,EGX:VLMR,2.761889,2.913037,2.748148,2.851204,3199756.0
2008-03-17,EGX:VLMR,2.858074,2.885556,2.679445,2.761889,3951524.0
2008-03-18,EGX:VLMR,2.748148,2.816852,2.713796,2.755019,2132851.0
2008-03-19,EGX:VLMR,2.761889,2.816852,2.734408,2.761889,773197.0
2008-03-23,EGX:VLMR,2.809982,2.919908,2.748148,2.858074,4475018.0
2008-03-24,EGX:VLMR,2.892426,3.009222,2.885556,2.947389,4174151.0
2008-03-25,EGX:VLMR,2.954259,3.057315,2.933648,2.995482,3892763.0
2008-03-26,EGX:VLMR,3.009222,3.119148,2.968,3.064185,4597898.0
2008-03-27,EGX:VLMR,3.016093,3.119148,3.016093,3.084797,2590349.0
2008-03-30,EGX:VLMR,3.105408,3.105408,2.995482,3.029834,1079426.0
2008-03-31,EGX:VLMR,3.022963,3.050445,3.022963,3.036704,2378697.0
2008-04-01,EGX:VLMR,3.022963,3.077926,2.988611,3.036704,1411717.0
2008-04-02,EGX:VLMR,3.077926,3.091667,2.919908,3.016093,2036587.0
2008-04-03,EGX:VLMR,3.016093,3.016093,2.892426,2.947389,1482273.0
2008-04-06,EGX:VLMR,2.947389,2.968,2.906167,2.947389,677592.0
2008-04-07,EGX:VLMR,2.968,2.995482,2.954259,2.981741,1238130.0
2008-04-08,EGX:VLMR,2.988611,2.995482,2.892426,2.96113,775871.0
2008-04-09,EGX:VLMR,2.96113,2.96113,2.919908,2.947389,365040.0
2008-04-10,EGX:VLMR,2.954259,2.954259,2.851204,2.885556,953389.0
2008-04-13,EGX:VLMR,2.851204,2.851204,2.693185,2.77563,1331212.0
2008-04-14,EGX:VLMR,2.7825,2.864945,2.727537,2.789371,3394880.0
2008-04-15,EGX:VLMR,2.816852,2.933648,2.816852,2.913037,3716617.0
2008-04-16,EGX:VLMR,2.899296,2.906167,2.7825,2.837463,1411944.0
2008-04-17,EGX:VLMR,2.830593,2.858074,2.816852,2.830593,405569.0
2008-04-20,EGX:VLMR,2.837463,2.837463,2.803111,2.816852,680605.0
2008-04-21,EGX:VLMR,2.816852,2.837463,2.768759,2.789371,956558.0
2008-04-22,EGX:VLMR,2.871815,2.871815,2.706926,2.755019,1380782.0
2008-04-23,EGX:VLMR,2.761889,2.7825,2.700056,2.720667,947774.0
2008-04-24,EGX:VLMR,2.720667,2.871815,2.720667,2.830593,1577736.0
2008-04-29,EGX:VLMR,2.851204,2.864945,2.796241,2.830593,525739.0
2008-04-30,EGX:VLMR,2.830593,2.988611,2.789371,2.892426,120770692.0
2008-05-04,EGX:VLMR,2.988611,3.009222,2.926778,2.974871,970387.0
2008-05-05,EGX:VLMR,2.968,3.057315,2.968,3.029834,3231628.0
2008-05-06,EGX:VLMR,3.016093,3.022963,2.926778,2.96113,989763.0
2008-05-07,EGX:VLMR,2.96113,2.974871,2.892426,2.940519,861615.0
2008-05-08,EGX:VLMR,2.940519,2.954259,2.878685,2.913037,665880.0
2008-05-11,EGX:VLMR,2.878685,2.899296,2.686315,2.755019,3643232.0
2008-05-12,EGX:VLMR,2.748148,2.748148,2.555778,2.651963,2144282.0
2008-05-13,EGX:VLMR,2.638222,2.645093,2.342796,2.500815,2563245.0
2008-05-14,EGX:VLMR,2.576389,2.603871,2.445852,2.507685,1096733.0
2008-05-15,EGX:VLMR,2.555778,2.576389,2.019889,2.322185,3629257.0
2008-05-18,EGX:VLMR,2.418371,2.507685,2.40463,2.4115,2952576.0
2008-05-19,EGX:VLMR,2.432111,2.480204,2.377148,2.466463,1275922.0
2008-05-20,EGX:VLMR,2.493945,2.576389,2.466463,2.528296,861659.0
2008-05-21,EGX:VLMR,2.569519,2.569519,2.473334,2.500815,648787.0
2008-05-22,EGX:VLMR,2.548908,2.562648,2.500815,2.535167,608704.0
2008-05-25,EGX:VLMR,2.548908,2.597,2.542037,2.576389,571156.0
2008-05-26,EGX:VLMR,2.59013,2.693185,2.535167,2.651963,1583538.0
2008-05-27,EGX:VLMR,2.679445,2.734408,2.658834,2.706926,1510123.0
2008-05-28,EGX:VLMR,2.734408,2.734408,2.597,2.679445,683563.0
2008-05-29,EGX:VLMR,2.700056,2.706926,2.645093,2.672574,570862.0
2008-06-01,EGX:VLMR,2.706926,2.706926,2.638222,2.665704,832071.0
2008-06-02,EGX:VLMR,2.706926,2.706926,2.624482,2.658834,892275.0
2008-06-03,EGX:VLMR,2.624482,2.720667,2.610741,2.679445,1636733.0
2008-06-04,EGX:VLMR,2.713796,2.7825,2.693185,2.741278,1951850.0
2008-06-05,EGX:VLMR,2.741278,2.837463,2.734408,2.768759,2805592.0
2008-06-08,EGX:VLMR,2.748148,2.748148,2.686315,2.713796,294894.0
2008-06-09,EGX:VLMR,2.720667,2.720667,2.645093,2.665704,615784.0
2008-06-10,EGX:VLMR,2.700056,2.713796,2.631352,2.665704,854852.0
2008-06-11,EGX:VLMR,2.645093,2.686315,2.631352,2.651963,524709.0
2008-06-12,EGX:VLMR,2.665704,2.679445,2.631352,2.651963,736634.0
2008-06-15,EGX:VLMR,2.665704,2.672574,2.645093,2.658834,228898.0
2008-06-16,EGX:VLMR,2.645093,2.693185,2.645093,2.672574,465356.0
2008-06-17,EGX:VLMR,2.658834,2.658834,2.542037,2.624482,787701.0
2008-06-18,EGX:VLMR,2.624482,2.645093,2.555778,2.583259,832211.0
2008-06-19,EGX:VLMR,2.583259,2.583259,2.473334,2.521426,770234.0
2008-06-22,EGX:VLMR,2.583259,2.597,2.521426,2.548908,776583.0
2008-06-23,EGX:VLMR,2.521426,2.603871,2.521426,2.548908,314650.0
2008-06-24,EGX:VLMR,2.555778,2.555778,2.438982,2.493945,933303.0
2008-06-25,EGX:VLMR,2.569518,2.569518,2.267222,2.4486,864860.0
2008-06-26,EGX:VLMR,2.441043,2.509059,2.357911,2.403255,1097506.0
2008-06-29,EGX:VLMR,2.456157,2.456157,2.267222,2.320124,882052.0
2008-06-30,EGX:VLMR,2.267222,2.312567,2.229435,2.27478,921719.0
2008-07-02,EGX:VLMR,2.289894,2.41837,2.289894,2.342796,1168121.0
2008-07-03,EGX:VLMR,2.410813,2.410813,2.320124,2.342796,398625.0
2008-07-06,EGX:VLMR,2.305009,2.312567,2.282337,2.297452,305344.0
2008-07-07,EGX:VLMR,2.312567,2.342796,2.123631,2.259665,1051227.0
2008-07-08,EGX:VLMR,2.184091,2.229435,2.176533,2.199205,343915.0
2008-07-09,EGX:VLMR,2.259665,2.27478,2.199205,2.252107,497936.0
2008-07-10,EGX:VLMR,2.199205,2.252107,2.199205,2.229435,313222.0
2008-07-13,EGX:VLMR,2.221878,2.229435,2.191648,2.206763,233233.0
2008-07-14,EGX:VLMR,2.21432,2.267222,2.21432,2.24455,439960.0
2008-07-15,EGX:VLMR,2.229435,2.403255,2.229435,2.350354,1536897.0
2008-07-16,EGX:VLMR,2.305009,2.350354,2.252107,2.297452,780442.0
2008-07-17,EGX:VLMR,2.342796,2.388141,2.267222,2.297452,296070.0
2008-07-20,EGX:VLMR,2.335239,2.335239,2.289894,2.297452,159724.0
2008-07-21,EGX:VLMR,2.27478,2.289894,2.191648,2.24455,493270.0
2008-07-22,EGX:VLMR,2.229435,2.24455,2.191648,2.206763,409039.0
2008-07-24,EGX:VLMR,2.24455,2.259665,2.221878,2.24455,299574.0
2008-07-27,EGX:VLMR,2.259665,2.282337,2.252107,2.267222,86074.0
2008-07-28,EGX:VLMR,2.267222,2.282337,2.252107,2.27478,434871.0
2008-07-29,EGX:VLMR,2.267222,2.27478,2.123631,2.191648,520551.0
2008-07-30,EGX:VLMR,2.191648,2.191648,2.116074,2.153861,274902.0
2008-07-31,EGX:VLMR,2.184091,2.191648,2.146304,2.184091,256861.0
2008-08-03,EGX:VLMR,2.176533,2.176533,2.108517,2.131189,290573.0
2008-08-04,EGX:VLMR,2.123631,2.123631,1.972483,2.017828,779852.0
2008-08-05,EGX:VLMR,2.063172,2.063172,1.86668,1.927139,609622.0
2008-08-06,EGX:VLMR,1.912024,1.942254,1.83645,1.881794,596867.0
2008-08-07,EGX:VLMR,1.912024,1.919581,1.745761,1.828893,752846.0
2008-08-10,EGX:VLMR,1.851565,1.851565,1.745761,1.783548,637350.0
2008-08-11,EGX:VLMR,1.775991,1.86668,1.738204,1.813778,1338750.0
2008-08-12,EGX:VLMR,1.821335,1.972483,1.80622,1.881794,3120663.0
2008-08-13,EGX:VLMR,1.813778,1.859122,1.715531,1.775991,810992.0
2008-08-14,EGX:VLMR,1.80622,1.874237,1.798663,1.844007,468059.0
2008-08-17,EGX:VLMR,1.881794,1.881794,1.844007,1.859122,295464.0
2008-08-18,EGX:VLMR,1.851565,1.851565,1.798663,1.813778,639085.0
2008-08-19,EGX:VLMR,1.80622,1.80622,1.723089,1.760876,816678.0
2008-08-20,EGX:VLMR,1.760876,1.760876,1.715531,1.730646,849534.0
2008-08-21,EGX:VLMR,1.80622,1.80622,1.730646,1.768433,147061.0
2008-08-24,EGX:VLMR,1.753318,1.813778,1.753318,1.775991,606650.0
2008-08-25,EGX:VLMR,1.775991,1.791105,1.745761,1.768433,519479.0
2008-08-26,EGX:VLMR,1.760876,1.80622,1.760876,1.783548,198528.0
2008-08-27,EGX:VLMR,1.791105,1.80622,1.775991,1.783548,321510.0
2008-08-28,EGX:VLMR,1.798663,1.844007,1.791105,1.813778,1336901.0
2008-08-31,EGX:VLMR,1.80622,1.881794,1.80622,1.844007,812263.0
2008-09-01,EGX:VLMR,1.86668,1.904467,1.851565,1.874237,316319.0
2008-09-02,EGX:VLMR,1.86668,1.86668,1.828893,1.851565,198223.0
2008-09-03,EGX:VLMR,1.86668,1.949811,1.859122,1.896909,575772.0
2008-09-04,EGX:VLMR,1.896909,1.896909,1.86668,1.874237,233752.0
2008-09-07,EGX:VLMR,1.881794,1.881794,1.80622,1.83645,336301.0
2008-09-08,EGX:VLMR,1.821335,1.86668,1.798663,1.828893,453206.0
2008-09-09,EGX:VLMR,1.821335,1.851565,1.80622,1.821335,443581.0
2008-09-10,EGX:VLMR,1.844007,1.844007,1.813778,1.821335,551588.0
2008-09-11,EGX:VLMR,1.813778,1.83645,1.80622,1.813778,414005.0
2008-09-14,EGX:VLMR,1.813778,1.821335,1.791105,1.798663,85250.0
2008-09-15,EGX:VLMR,1.783548,1.813778,1.760876,1.791105,580087.0
2008-09-16,EGX:VLMR,1.768433,1.798663,1.707974,1.745761,985663.0
2008-09-17,EGX:VLMR,1.775991,1.798663,1.738204,1.760876,512453.0
2008-09-18,EGX:VLMR,1.723089,1.768433,1.707974,1.738204,962185.0
2008-09-21,EGX:VLMR,1.760876,1.813778,1.723089,1.768433,577570.0
2008-09-22,EGX:VLMR,1.738204,1.821335,1.738204,1.768433,1233045.0
2008-09-23,EGX:VLMR,1.745761,1.775991,1.738204,1.760876,485260.0
2008-09-24,EGX:VLMR,1.738204,1.768433,1.692859,1.723089,671245.0
2008-09-25,EGX:VLMR,1.738204,1.753318,1.692859,1.723089,293259.0
2008-09-28,EGX:VLMR,1.730646,1.768433,1.730646,1.738204,225033.0
2008-09-29,EGX:VLMR,1.738204,1.775991,1.715531,1.738204,631086.0
2008-10-07,EGX:VLMR,1.685302,1.685302,0.755741,1.503924,831835.0
2008-10-08,EGX:VLMR,1.435907,1.587056,1.133611,1.375448,1883867.0
2008-10-09,EGX:VLMR,1.435907,1.511481,1.39812,1.45858,1374303.0
2008-10-12,EGX:VLMR,1.367891,1.39812,1.209185,1.345218,574594.0
2008-10-13,EGX:VLMR,1.420793,1.511481,1.367891,1.466137,2030779.0
2008-10-14,EGX:VLMR,1.503924,1.511481,1.413235,1.451022,1444605.0
2008-10-15,EGX:VLMR,1.466137,1.466137,1.405678,1.420793,295405.0
2008-10-16,EGX:VLMR,1.39812,1.420793,1.375448,1.39812,353702.0
2008-10-19,EGX:VLMR,1.39812,1.413235,1.360333,1.375448,339834.0
2008-10-20,EGX:VLMR,1.383006,1.405678,1.375448,1.390563,96796.0
2008-10-21,EGX:VLMR,1.390563,1.413235,1.360333,1.383006,385664.0
2008-10-22,EGX:VLMR,1.360333,1.383006,1.216743,1.284759,571543.0
2008-10-23,EGX:VLMR,1.231857,1.231857,1.141168,1.19407,483167.0
2008-10-26,EGX:VLMR,1.171398,1.171398,1.035365,1.088267,986529.0
2008-10-27,EGX:VLMR,1.073152,1.246972,1.073152,1.148726,1252343.0
2008-10-28,EGX:VLMR,1.171398,1.216743,1.156283,1.186513,1116193.0
2008-10-29,EGX:VLMR,1.216743,1.2243,0.982463,1.103381,2217726.0
2008-10-30,EGX:VLMR,1.005135,1.126054,1.005135,1.065594,1065164.0
2008-11-02,EGX:VLMR,1.126054,1.163841,1.103381,1.133611,680372.0
2008-11-03,EGX:VLMR,1.118496,1.209185,1.103381,1.163841,1183757.0
2008-11-04,EGX:VLMR,1.133611,1.201628,1.133611,1.171398,220156.0
2008-11-05,EGX:VLMR,1.201628,1.246972,1.156283,1.201628,1237018.0
2008-11-06,EGX:VLMR,1.171398,1.25453,1.156283,1.216743,838149.0
2008-11-09,EGX:VLMR,1.246972,1.269644,1.209185,1.231857,720395.0
2008-11-10,EGX:VLMR,1.239415,1.284759,1.216743,1.262087,387771.0
2008-11-11,EGX:VLMR,1.25453,1.307431,1.231857,1.269644,767288.0
2008-11-12,EGX:VLMR,1.239415,1.25453,1.178956,1.209185,1091363.0
2008-11-13,EGX:VLMR,1.178956,1.2243,1.156283,1.186513,544406.0
2008-11-16,EGX:VLMR,1.231857,1.231857,1.156283,1.178956,342358.0
2008-11-17,EGX:VLMR,1.156283,1.163841,1.065594,1.110939,1613712.0
2008-11-18,EGX:VLMR,1.073152,1.080709,1.042922,1.058037,728907.0
2008-11-19,EGX:VLMR,1.073152,1.095824,1.035365,1.058037,599377.0
2008-11-20,EGX:VLMR,1.042922,1.058037,0.967348,1.012693,1080448.0
2008-11-23,EGX:VLMR,1.02025,1.042922,1.005135,1.02025,490131.0
2008-11-24,EGX:VLMR,1.042922,1.042922,0.884217,0.937118,892297.0
2008-11-25,EGX:VLMR,0.937118,1.02025,0.937118,0.967348,887881.0
2008-11-26,EGX:VLMR,0.967348,0.982463,0.959791,0.967348,533520.0
2008-11-27,EGX:VLMR,1.012693,1.012693,0.952233,0.959791,420975.0
2008-11-30,EGX:VLMR,1.005135,1.027807,0.974906,1.005135,388268.0
2008-12-01,EGX:VLMR,0.974906,0.974906,0.944676,0.959791,557788.0
2008-12-02,EGX:VLMR,0.944676,0.974906,0.944676,0.967348,408448.0
2008-12-03,EGX:VLMR,0.967348,0.982463,0.922004,0.952233,659939.0
2008-12-04,EGX:VLMR,0.944676,1.02025,0.922004,0.944676,1880214.0
2008-12-10,EGX:VLMR,0.982463,0.99002,0.944676,0.959791,434932.0
2008-12-11,EGX:VLMR,0.959791,1.027807,0.952233,0.997578,1076221.0
2008-12-14,EGX:VLMR,0.99002,1.012693,0.974906,0.99002,441968.0
2008-12-15,EGX:VLMR,0.974906,1.027807,0.974906,1.005135,637433.0
2008-12-16,EGX:VLMR,1.02025,1.027807,0.997578,1.012693,561010.0
2008-12-17,EGX:VLMR,1.012693,1.05048,0.997578,1.027807,791023.0
2008-12-18,EGX:VLMR,1.02025,1.035365,1.005135,1.02025,393580.0
2008-12-21,EGX:VLMR,1.005135,1.012693,0.997578,1.005135,141802.0
2008-12-22,EGX:VLMR,1.005135,1.02025,0.982463,0.997578,476116.0
2008-12-23,EGX:VLMR,0.99002,1.005135,0.99002,0.997578,115847.0
2008-12-24,EGX:VLMR,0.99002,0.997578,0.982463,0.99002,184861.0
2008-12-25,EGX:VLMR,0.99002,1.012693,0.974906,0.99002,723407.0
2008-12-28,EGX:VLMR,0.974906,0.99002,0.974906,0.982463,269456.0
2008-12-30,EGX:VLMR,0.982463,0.997578,0.974906,0.982463,1398194.0
2008-12-31,EGX:VLMR,0.982463,0.997578,0.974906,0.982463,520035.0
2009-01-04,EGX:VLMR,0.997578,0.997578,0.982463,0.99002,393935.0
2009-01-05,EGX:VLMR,0.99002,1.035365,0.982463,1.012693,683153.0
2009-01-06,EGX:VLMR,1.02025,1.042922,1.02025,1.035365,625320.0
2009-01-08,EGX:VLMR,1.027807,1.058037,1.005135,1.035365,727281.0
2009-01-11,EGX:VLMR,1.042922,1.05048,1.027807,1.035365,387317.0
2009-01-12,EGX:VLMR,1.035365,1.080709,1.027807,1.042922,1384070.0
2009-01-13,EGX:VLMR,1.035365,1.05048,1.012693,1.035365,1219355.0
2009-01-14,EGX:VLMR,1.035365,1.042922,0.997578,1.012693,903323.0
2009-01-15,EGX:VLMR,1.005135,1.012693,0.982463,0.997578,1037435.0
2009-01-18,EGX:VLMR,0.997578,1.005135,0.974906,0.982463,944408.0
2009-01-19,EGX:VLMR,0.99002,0.997578,0.967348,0.982463,551446.0
2009-01-20,EGX:VLMR,0.967348,0.967348,0.937118,0.952233,798795.0
2009-01-21,EGX:VLMR,0.937118,0.937118,0.838872,0.884217,1171421.0
2009-01-22,EGX:VLMR,0.906889,0.906889,0.84643,0.876659,1517086.0
2009-01-25,EGX:VLMR,0.891774,0.891774,0.793528,0.831315,569646.0
2009-01-26,EGX:VLMR,0.84643,0.869102,0.808643,0.838872,554702.0
2009-01-27,EGX:VLMR,0.869102,0.891774,0.84643,0.869102,997494.0
2009-01-28,EGX:VLMR,0.869102,0.884217,0.84643,0.869102,658334.0
2009-01-29,EGX:VLMR,0.876659,0.876659,0.853987,0.869102,465308.0
2009-02-01,EGX:VLMR,0.869102,0.869102,0.831315,0.838872,678120.0
2009-02-02,EGX:VLMR,0.838872,0.838872,0.763298,0.801085,2013491.0
2009-02-03,EGX:VLMR,0.770856,0.801085,0.755741,0.778413,698414.0
2009-02-04,EGX:VLMR,0.793528,0.801085,0.702839,0.748183,2276899.0
2009-02-05,EGX:VLMR,0.748183,0.748183,0.649937,0.680167,1692364.0
2009-02-08,EGX:VLMR,0.680167,0.717954,0.672609,0.687724,445890.0
2009-02-09,EGX:VLMR,0.695281,0.695281,0.64238,0.665052,845539.0
2009-02-10,EGX:VLMR,0.680167,0.717954,0.680167,0.695281,1264623.0
2009-02-11,EGX:VLMR,0.687724,0.702839,0.672609,0.687724,1386502.0
2009-02-12,EGX:VLMR,0.695281,0.702839,0.680167,0.687724,1183583.0
2009-02-15,EGX:VLMR,0.695281,0.710396,0.687724,0.702839,351902.0
2009-02-16,EGX:VLMR,0.710396,0.725511,0.695281,0.710396,1153956.0
2009-02-17,EGX:VLMR,0.710396,0.710396,0.680167,0.695281,413899.0
2009-02-18,EGX:VLMR,0.695281,0.695281,0.672609,0.680167,778199.0
2009-02-19,EGX:VLMR,0.687724,0.695281,0.680167,0.687724,207668.0
2009-02-22,EGX:VLMR,0.680167,0.687724,0.672609,0.680167,593004.0
2009-02-23,EGX:VLMR,0.680167,0.695281,0.672609,0.680167,1014299.0
2009-02-24,EGX:VLMR,0.672609,0.680167,0.665052,0.672609,979447.0
2009-02-25,EGX:VLMR,0.680167,0.755741,0.672609,0.702839,2600216.0
2009-02-26,EGX:VLMR,0.717954,0.717954,0.695281,0.710396,1558556.0
2009-03-01,EGX:VLMR,0.710396,0.725511,0.702839,0.717954,556398.0
2009-03-02,EGX:VLMR,0.702839,0.702839,0.680167,0.687724,581264.0
2009-03-03,EGX:VLMR,0.680167,0.687724,0.665052,0.672609,844873.0
2009-03-04,EGX:VLMR,0.680167,0.687724,0.657494,0.672609,3141080.0
2009-03-05,EGX:VLMR,0.680167,0.687724,0.64238,0.665052,3873772.0
2009-03-08,EGX:VLMR,0.680167,0.680167,0.665052,0.672609,466239.0
2009-03-10,EGX:VLMR,0.680167,0.695281,0.680167,0.687724,3121433.0
2009-03-11,EGX:VLMR,0.695281,0.695281,0.657494,0.672609,2886818.0
2009-03-12,EGX:VLMR,0.665052,0.672609,0.657494,0.665052,604614.0
2009-03-15,EGX:VLMR,0.672609,0.680167,0.657494,0.672609,1569737.0
2009-03-16,EGX:VLMR,0.672609,0.710396,0.665052,0.687724,2252363.0
2009-03-17,EGX:VLMR,0.702839,0.725511,0.695281,0.710396,2291675.0
2009-03-18,EGX:VLMR,0.710396,0.717954,0.687724,0.702839,1745653.0
2009-03-19,EGX:VLMR,0.702839,0.755741,0.702839,0.733068,3969907.0
2009-03-22,EGX:VLMR,0.740626,0.8162,0.740626,0.778413,2796473.0
2009-03-23,EGX:VLMR,0.801085,0.808643,0.778413,0.793528,3958162.0
2009-03-24,EGX:VLMR,0.808643,0.84643,0.770856,0.808643,1841238.0
2009-03-25,EGX:VLMR,0.78597,0.808643,0.778413,0.793528,1111629.0
2009-03-26,EGX:VLMR,0.808643,0.8162,0.78597,0.801085,889948.0
2009-03-29,EGX:VLMR,0.808643,0.884217,0.78597,0.84643,3069021.0
2009-03-30,EGX:VLMR,0.861544,0.869102,0.801085,0.831315,2065189.0
2009-03-31,EGX:VLMR,0.808643,0.84643,0.801085,0.823757,1197356.0
2009-04-01,EGX:VLMR,0.84643,0.869102,0.823757,0.838872,1204515.0
2009-04-02,EGX:VLMR,0.869102,0.906889,0.861544,0.884217,2494374.0
2009-04-05,EGX:VLMR,0.899331,0.959791,0.899331,0.937118,1848938.0
2009-04-06,EGX:VLMR,0.959791,1.012693,0.906889,0.952233,2548412.0
2009-04-07,EGX:VLMR,0.944676,0.959791,0.899331,0.929561,1384605.0
2009-04-08,EGX:VLMR,0.922004,0.929561,0.869102,0.899331,2114730.0
2009-04-09,EGX:VLMR,0.922004,0.929561,0.899331,0.914446,867251.0
2009-04-12,EGX:VLMR,0.937118,0.959791,0.922004,0.944676,2284758.0
2009-04-13,EGX:VLMR,0.952233,0.952233,0.914446,0.929561,510261.0
2009-04-14,EGX:VLMR,0.937118,0.952233,0.914446,0.929561,1380902.0
2009-04-15,EGX:VLMR,0.929561,0.929561,0.891774,0.914446,2212318.0
2009-04-16,EGX:VLMR,0.922004,0.952233,0.922004,0.944676,1226714.0
2009-04-21,EGX:VLMR,0.929561,0.944676,0.922004,0.937118,969455.0
2009-04-22,EGX:VLMR,0.929561,0.944676,0.922004,0.929561,589145.0
2009-04-23,EGX:VLMR,0.937118,0.99002,0.929561,0.952233,2275969.0
2009-04-26,EGX:VLMR,0.982463,1.035365,0.959791,1.005135,2424768.0
2009-04-27,EGX:VLMR,1.042922,1.042922,0.997578,1.012693,1362931.0
2009-04-28,EGX:VLMR,0.997578,1.02025,0.967348,0.99002,732765.0
2009-04-29,EGX:VLMR,0.982463,1.027807,0.982463,1.012693,693399.0
2009-04-30,EGX:VLMR,1.02025,1.027807,1.005135,1.012693,885116.0
2009-05-03,EGX:VLMR,1.02025,1.027807,0.982463,1.005135,616747.0
2009-05-04,EGX:VLMR,0.997578,1.012693,0.99002,0.997578,400826.0
2009-05-05,EGX:VLMR,1.005135,1.027807,0.997578,1.012693,1253819.0
2009-05-06,EGX:VLMR,1.027807,1.035365,1.012693,1.027807,720889.0
2009-05-07,EGX:VLMR,1.027807,1.088267,1.027807,1.058037,1955334.0
2009-05-10,EGX:VLMR,1.095824,1.148726,1.095824,1.118496,1556947.0
2009-05-11,EGX:VLMR,1.133611,1.239415,1.110939,1.178956,3179469.0
2009-05-12,EGX:VLMR,1.171398,1.307431,1.163841,1.25453,5749125.0
2009-05-13,EGX:VLMR,1.299874,1.360333,1.186513,1.269644,5761077.0
2009-05-14,EGX:VLMR,1.209185,1.25453,1.126054,1.186513,3047348.0
2009-05-17,EGX:VLMR,1.163841,1.209185,1.148726,1.186513,1610229.0
2009-05-18,EGX:VLMR,1.209185,1.246972,1.201628,1.2243,2704839.0
2009-05-19,EGX:VLMR,1.246972,1.307431,1.246972,1.277202,3295596.0
2009-05-20,EGX:VLMR,1.269644,1.277202,1.231857,1.246972,1331648.0
2009-05-21,EGX:VLMR,1.209185,1.246972,1.148726,1.19407,2446736.0
2009-05-24,EGX:VLMR,1.171398,1.246972,1.171398,1.216743,972665.0
2009-05-25,EGX:VLMR,1.246972,1.277202,1.216743,1.25453,1531529.0
2009-05-26,EGX:VLMR,1.269644,1.299874,1.246972,1.277202,1453337.0
2009-05-27,EGX:VLMR,1.299874,1.314989,1.231857,1.262087,1310322.0
2009-05-28,EGX:VLMR,1.231857,1.25453,1.201628,1.2243,2444223.0
2009-05-31,EGX:VLMR,1.284759,1.292317,1.25453,1.277202,1239822.0
2009-06-01,EGX:VLMR,1.299874,1.383006,1.269644,1.330104,5843135.0
2009-06-02,EGX:VLMR,1.383006,1.435907,1.352776,1.39812,3244301.0
2009-06-03,EGX:VLMR,1.390563,1.39812,1.352776,1.375448,1471856.0
2009-06-04,EGX:VLMR,1.375448,1.405678,1.360333,1.375448,2705129.0
2009-06-07,EGX:VLMR,1.375448,1.405678,1.345218,1.383006,1536352.0
2009-06-08,EGX:VLMR,1.367891,1.383006,1.337661,1.360333,1014964.0
2009-06-09,EGX:VLMR,1.360333,1.375448,1.322546,1.345218,1623211.0
2009-06-10,EGX:VLMR,1.367891,1.451022,1.360333,1.420793,3763670.0
2009-06-11,EGX:VLMR,1.435907,1.466137,1.405678,1.435907,1718281.0
2009-06-14,EGX:VLMR,1.435907,1.556826,1.42835,1.503924,3401994.0
2009-06-15,EGX:VLMR,1.519039,1.624843,1.496367,1.571941,6385110.0
2009-06-16,EGX:VLMR,1.587056,1.624843,1.564383,1.594613,2012603.0
2009-06-17,EGX:VLMR,1.587056,1.587056,1.519039,1.549268,3116854.0
2009-06-18,EGX:VLMR,1.541711,1.594613,1.519039,1.549268,1649646.0
2009-06-21,EGX:VLMR,1.571941,1.587056,1.511481,1.541711,1568333.0
2009-06-22,EGX:VLMR,1.519039,1.549268,1.473694,1.503924,1101645.0
2009-06-23,EGX:VLMR,1.503924,1.511481,1.375448,1.42835,2631398.0
2009-06-24,EGX:VLMR,1.443465,1.45858,1.314989,1.375448,2194474.0
2009-06-25,EGX:VLMR,1.352776,1.39812,1.284759,1.330104,1801177.0
2009-06-28,EGX:VLMR,1.307431,1.367891,1.299874,1.330104,895631.0
2009-06-29,EGX:VLMR,1.367891,1.367891,1.322546,1.337661,1237569.0
2009-06-30,EGX:VLMR,1.352776,1.390563,1.345218,1.375448,1287924.0
2009-07-02,EGX:VLMR,1.39812,1.451022,1.383006,1.420793,2190763.0
2009-07-05,EGX:VLMR,1.39812,1.413235,1.360333,1.375448,1451863.0
2009-07-06,EGX:VLMR,1.360333,1.360333,1.292317,1.322546,1507679.0
2009-07-07,EGX:VLMR,1.337661,1.352776,1.322546,1.337661,1159269.0
2009-07-08,EGX:VLMR,1.322546,1.330104,1.299874,1.314989,1032255.0
2009-07-09,EGX:VLMR,1.314989,1.337661,1.292317,1.314989,1478410.0
2009-07-12,EGX:VLMR,1.307431,1.314989,1.269644,1.284759,573637.0
2009-07-13,EGX:VLMR,1.262087,1.284759,1.186513,1.231857,2363725.0
2009-07-14,EGX:VLMR,1.25453,1.292317,1.239415,1.269644,1422805.0
2009-07-15,EGX:VLMR,1.269644,1.299874,1.246972,1.284759,1255971.0
2009-07-16,EGX:VLMR,1.292317,1.367891,1.292317,1.345218,2209118.0
2009-07-19,EGX:VLMR,1.352776,1.39812,1.352776,1.383006,634636.0
2009-07-20,EGX:VLMR,1.367891,1.405678,1.360333,1.390563,899484.0
2009-07-21,EGX:VLMR,1.39812,1.413235,1.375448,1.390563,1014190.0
2009-07-22,EGX:VLMR,1.390563,1.39812,1.367891,1.383006,543904.0
2009-07-26,EGX:VLMR,1.405678,1.451022,1.39812,1.42835,1910978.0
2009-07-27,EGX:VLMR,1.451022,1.473694,1.42835,1.443465,1107055.0
2009-07-28,EGX:VLMR,1.435907,1.443465,1.405678,1.42835,1968783.0
2009-07-29,EGX:VLMR,1.405678,1.435907,1.405678,1.420793,582688.0
2009-07-30,EGX:VLMR,1.42835,1.466137,1.42835,1.451022,901811.0
2009-08-02,EGX:VLMR,1.473694,1.496367,1.473694,1.481252,1081974.0
2009-08-03,EGX:VLMR,1.488809,1.496367,1.45858,1.473694,895659.0
2009-08-04,EGX:VLMR,1.488809,1.496367,1.435907,1.45858,1362182.0
2009-08-05,EGX:VLMR,1.45858,1.541711,1.443465,1.503924,2960001.0
2009-08-06,EGX:VLMR,1.511481,1.534154,1.503924,1.519039,1067972.0
2009-08-09,EGX:VLMR,1.534154,1.549268,1.488809,1.519039,1659426.0
2009-08-10,EGX:VLMR,1.511481,1.511481,1.488809,1.503924,719129.0
2009-08-11,EGX:VLMR,1.496367,1.519039,1.473694,1.488809,1877840.0
2009-08-12,EGX:VLMR,1.473694,1.503924,1.435907,1.466137,1224403.0
2009-08-13,EGX:VLMR,1.519039,1.541711,1.503924,1.526596,1323808.0
2009-08-16,EGX:VLMR,1.534154,1.685302,1.526596,1.617285,6911447.0
2009-08-17,EGX:VLMR,1.609728,1.617285,1.534154,1.564383,3478833.0
2009-08-18,EGX:VLMR,1.564383,1.639957,1.549268,1.60217,1377439.0
2009-08-19,EGX:VLMR,1.60217,1.609728,1.526596,1.556826,1559852.0
2009-08-20,EGX:VLMR,1.594613,1.692859,1.594613,1.647515,3841512.0
2009-08-23,EGX:VLMR,1.730646,1.738204,1.692859,1.715531,1816298.0
2009-08-24,EGX:VLMR,1.723089,1.791105,1.723089,1.768433,2693370.0
2009-08-25,EGX:VLMR,1.738204,1.783548,1.730646,1.753318,2320082.0
2009-08-26,EGX:VLMR,1.768433,1.874237,1.753318,1.821335,4128635.0
2009-08-27,EGX:VLMR,1.813778,1.828893,1.775991,1.798663,2018321.0
2009-08-30,EGX:VLMR,1.813778,1.83645,1.783548,1.798663,596092.0
2009-08-31,EGX:VLMR,1.791105,1.798663,1.775991,1.791105,1183744.0
2009-09-01,EGX:VLMR,1.775991,1.775991,1.745761,1.760876,571190.0
2009-09-02,EGX:VLMR,1.738204,1.798663,1.723089,1.760876,1918614.0
2009-09-03,EGX:VLMR,1.791105,1.821335,1.723089,1.760876,3346822.0
2009-09-06,EGX:VLMR,1.760876,1.783548,1.738204,1.753318,1066500.0
2009-09-07,EGX:VLMR,1.768433,1.775991,1.745761,1.760876,992405.0
2009-09-08,EGX:VLMR,1.768433,1.775991,1.745761,1.760876,838784.0
2009-09-09,EGX:VLMR,1.753318,1.753318,1.730646,1.738204,1443592.0
2009-09-10,EGX:VLMR,1.730646,1.753318,1.723089,1.738204,2393199.0
2009-09-13,EGX:VLMR,1.745761,1.745761,1.715531,1.730646,692720.0
2009-09-14,EGX:VLMR,1.723089,1.723089,1.700417,1.715531,813708.0
2009-09-15,EGX:VLMR,1.730646,1.768433,1.715531,1.738204,1285066.0
2009-09-16,EGX:VLMR,1.760876,1.821335,1.760876,1.798663,2979645.0
2009-09-17,EGX:VLMR,1.813778,1.844007,1.80622,1.821335,1651242.0
2009-09-22,EGX:VLMR,1.83645,1.889352,1.821335,1.86668,2189060.0
2009-09-23,EGX:VLMR,1.874237,1.896909,1.83645,1.86668,1782200.0
2009-09-24,EGX:VLMR,1.844007,1.881794,1.828893,1.859122,1939795.0
2009-09-27,EGX:VLMR,1.86668,1.874237,1.844007,1.859122,887219.0
2009-09-28,EGX:VLMR,1.844007,1.859122,1.821335,1.844007,1154492.0
2009-09-29,EGX:VLMR,1.851565,1.86668,1.828893,1.844007,1316727.0
2009-09-30,EGX:VLMR,1.821335,1.83645,1.798663,1.813778,1530184.0
2009-10-01,EGX:VLMR,1.80622,1.828893,1.783548,1.798663,1514069.0
2009-10-04,EGX:VLMR,1.775991,1.813778,1.768433,1.798663,730701.0
2009-10-05,EGX:VLMR,1.80622,1.828893,1.775991,1.798663,1864170.0
2009-10-07,EGX:VLMR,1.813778,1.813778,1.783548,1.791105,859716.0
2009-10-08,EGX:VLMR,1.791105,1.791105,1.768433,1.783548,843027.0
2009-10-11,EGX:VLMR,1.791105,1.798663,1.783548,1.791105,505637.0
2009-10-12,EGX:VLMR,1.775991,1.775991,1.723089,1.753318,2453432.0
2009-10-13,EGX:VLMR,1.753318,1.791105,1.730646,1.760876,979761.0
2009-10-14,EGX:VLMR,1.783548,1.859122,1.783548,1.821335,3830402.0
2009-10-15,EGX:VLMR,1.859122,1.874237,1.83645,1.859122,1873944.0
2009-10-18,EGX:VLMR,1.844007,1.844007,1.80622,1.821335,1578125.0
2009-10-19,EGX:VLMR,1.821335,1.881794,1.813778,1.859122,2305292.0
2009-10-20,EGX:VLMR,1.874237,1.919581,1.844007,1.881794,2835255.0
2009-10-21,EGX:VLMR,1.86668,1.874237,1.844007,1.859122,1041111.0
2009-10-22,EGX:VLMR,1.851565,1.889352,1.83645,1.874237,1121483.0
2009-10-25,EGX:VLMR,1.86668,1.889352,1.844007,1.859122,1140136.0
2009-10-26,EGX:VLMR,1.83645,1.86668,1.828893,1.844007,2242762.0
2009-10-27,EGX:VLMR,1.83645,1.859122,1.821335,1.83645,804532.0
2009-10-28,EGX:VLMR,1.828893,1.851565,1.783548,1.821335,2288476.0
2009-10-29,EGX:VLMR,1.791105,1.80622,1.768433,1.783548,1483980.0
2009-11-01,EGX:VLMR,1.760876,1.775991,1.730646,1.753318,1770192.0
2009-11-02,EGX:VLMR,1.745761,1.783548,1.738204,1.760876,955574.0
2009-11-03,EGX:VLMR,1.753318,1.753318,1.639957,1.685302,1970933.0
2009-11-04,EGX:VLMR,1.677744,1.715531,1.677744,1.700417,1453334.0
2009-11-05,EGX:VLMR,1.700417,1.700417,1.6324,1.677744,1336159.0
2009-11-08,EGX:VLMR,1.715531,1.723089,1.692859,1.707974,928847.0
2009-11-09,EGX:VLMR,1.715531,1.730646,1.700417,1.715531,583884.0
2009-11-10,EGX:VLMR,1.738204,1.745761,1.715531,1.730646,951119.0
2009-11-11,EGX:VLMR,1.723089,1.723089,1.670187,1.692859,1526994.0
2009-11-12,EGX:VLMR,1.677744,1.677744,1.609728,1.639957,2774659.0
2009-11-15,EGX:VLMR,1.647515,1.647515,1.617285,1.624843,197669.0
2009-11-16,EGX:VLMR,1.639957,1.647515,1.579498,1.617285,883559.0
2009-11-17,EGX:VLMR,1.587056,1.587056,1.496367,1.534154,4793560.0
2009-11-18,EGX:VLMR,1.503924,1.534154,1.481252,1.503924,2001399.0
2009-11-19,EGX:VLMR,1.496367,1.526596,1.435907,1.488809,2701738.0
2009-11-22,EGX:VLMR,1.496367,1.541711,1.481252,1.519039,780126.0
2009-11-23,EGX:VLMR,1.534154,1.549268,1.511481,1.534154,628656.0
2009-11-24,EGX:VLMR,1.534154,1.587056,1.534154,1.564383,1432526.0
2009-11-25,EGX:VLMR,1.571941,1.647515,1.571941,1.609728,2711486.0
2009-11-30,EGX:VLMR,1.534154,1.556826,1.375448,1.473694,3079407.0
2009-12-01,EGX:VLMR,1.443465,1.496367,1.435907,1.473694,1348708.0
2009-12-02,EGX:VLMR,1.481252,1.571941,1.481252,1.534154,2652738.0
2009-12-03,EGX:VLMR,1.571941,1.587056,1.549268,1.564383,1460611.0
2009-12-06,EGX:VLMR,1.564383,1.571941,1.534154,1.549268,1357148.0
2009-12-07,EGX:VLMR,1.534154,1.549268,1.519039,1.534154,961397.0
2009-12-08,EGX:VLMR,1.519039,1.549268,1.511481,1.526596,1103691.0
2009-12-09,EGX:VLMR,1.503924,1.519039,1.435907,1.481252,2200290.0
2009-12-10,EGX:VLMR,1.511481,1.526596,1.466137,1.488809,1662922.0
2009-12-13,EGX:VLMR,1.519039,1.571941,1.511481,1.541711,1419764.0
2009-12-14,EGX:VLMR,1.587056,1.60217,1.556826,1.579498,1390977.0
2009-12-15,EGX:VLMR,1.579498,1.594613,1.556826,1.579498,482484.0
2009-12-16,EGX:VLMR,1.571941,1.624843,1.571941,1.60217,2038419.0
2009-12-17,EGX:VLMR,1.609728,1.639957,1.594613,1.617285,935040.0
2009-12-20,EGX:VLMR,1.6324,1.670187,1.60217,1.639957,1069194.0
2009-12-21,EGX:VLMR,1.617285,1.624843,1.571941,1.594613,1968394.0
2009-12-22,EGX:VLMR,1.594613,1.6324,1.571941,1.594613,590485.0
2009-12-23,EGX:VLMR,1.571941,1.594613,1.549268,1.579498,517736.0
2009-12-24,EGX:VLMR,1.579498,1.579498,1.526596,1.549268,1657174.0
2009-12-27,EGX:VLMR,1.549268,1.556826,1.473694,1.503924,1247890.0
2009-12-28,EGX:VLMR,1.473694,1.503924,1.466137,1.481252,739193.0
2009-12-29,EGX:VLMR,1.511481,1.541711,1.496367,1.511481,554584.0
2009-12-30,EGX:VLMR,1.519039,1.534154,1.45858,1.481252,796492.0
2009-12-31,EGX:VLMR,1.503924,1.511481,1.466137,1.488809,521955.0
2010-01-03,EGX:VLMR,1.511481,1.519039,1.488809,1.503924,231939.0
2010-01-04,EGX:VLMR,1.526596,1.556826,1.503924,1.526596,1689224.0
2010-01-05,EGX:VLMR,1.549268,1.594613,1.549268,1.579498,1282797.0
2010-01-06,EGX:VLMR,1.556826,1.587056,1.549268,1.564383,982591.0
2010-01-10,EGX:VLMR,1.571941,1.587056,1.556826,1.571941,618020.0
2010-01-11,EGX:VLMR,1.564383,1.571941,1.541711,1.556826,1126674.0
2010-01-12,EGX:VLMR,1.564383,1.594613,1.549268,1.571941,1042202.0
2010-01-13,EGX:VLMR,1.579498,1.579498,1.534154,1.556826,1680280.0
2010-01-14,EGX:VLMR,1.564383,1.617285,1.549268,1.587056,3822543.0
2010-01-17,EGX:VLMR,1.60217,1.617285,1.587056,1.60217,2673889.0
2010-01-18,EGX:VLMR,1.594613,1.647515,1.571941,1.609728,4236298.0
2010-01-19,EGX:VLMR,1.647515,1.655072,1.60217,1.6324,3938241.0
2010-01-20,EGX:VLMR,1.624843,1.655072,1.617285,1.639957,3220222.0
2010-01-21,EGX:VLMR,1.6324,1.66263,1.624843,1.647515,2433613.0
2010-01-24,EGX:VLMR,1.609728,1.624843,1.564383,1.594613,2806157.0
2010-01-26,EGX:VLMR,1.587056,1.587056,1.564383,1.571941,1528910.0
2010-01-27,EGX:VLMR,1.587056,1.587056,1.556826,1.571941,2531780.0
2010-01-28,EGX:VLMR,1.587056,1.594613,1.571941,1.579498,1321329.0
2010-01-31,EGX:VLMR,1.579498,1.579498,1.488809,1.519039,4221496.0
2010-02-01,EGX:VLMR,1.511481,1.534154,1.481252,1.511481,2624728.0
2010-02-02,EGX:VLMR,1.526596,1.549268,1.519039,1.534154,1363043.0
2010-02-03,EGX:VLMR,1.549268,1.579498,1.541711,1.564383,2944423.0
2010-02-04,EGX:VLMR,1.564383,1.564383,1.519039,1.534154,1067524.0
2010-02-07,EGX:VLMR,1.511481,1.519039,1.488809,1.503924,3083788.0
2010-02-08,EGX:VLMR,1.511481,1.556826,1.496367,1.519039,5374595.0
2010-02-09,EGX:VLMR,1.503924,1.556826,1.503924,1.534154,2576423.0
2010-02-10,EGX:VLMR,1.556826,1.571941,1.519039,1.549268,2669047.0
2010-02-11,EGX:VLMR,1.541711,1.564383,1.534154,1.549268,1689133.0
2010-02-14,EGX:VLMR,1.579498,1.639957,1.579498,1.609728,5287644.0
2010-02-15,EGX:VLMR,1.707974,1.723089,1.655072,1.692859,8733699.0
2010-02-16,EGX:VLMR,1.707974,1.753318,1.700417,1.723089,3821729.0
2010-02-17,EGX:VLMR,1.700417,1.715531,1.670187,1.692859,2201173.0
2010-02-18,EGX:VLMR,1.685302,1.692859,1.655072,1.66263,3143107.0
2010-02-21,EGX:VLMR,1.677744,1.685302,1.6324,1.647515,2110341.0
2010-02-22,EGX:VLMR,1.655072,1.685302,1.639957,1.66263,1928327.0
2010-02-23,EGX:VLMR,1.66263,1.66263,1.594613,1.617285,1269104.0
2010-02-24,EGX:VLMR,1.60217,1.685302,1.594613,1.639957,1598863.0
2010-02-25,EGX:VLMR,1.647515,1.685302,1.647515,1.670187,1684284.0
2010-02-28,EGX:VLMR,1.670187,1.677744,1.6324,1.655072,738561.0
2010-03-01,EGX:VLMR,1.66263,1.670187,1.6324,1.647515,342484.0
2010-03-02,EGX:VLMR,1.647515,1.66263,1.6324,1.647515,1571801.0
2010-03-03,EGX:VLMR,1.655072,1.655072,1.639957,1.647515,1128788.0
2010-03-04,EGX:VLMR,1.639957,1.655072,1.6324,1.647515,911345.0
2010-03-07,EGX:VLMR,1.639957,1.66263,1.6324,1.655072,753673.0
2010-03-08,EGX:VLMR,1.655072,1.655072,1.624843,1.639957,979698.0
2010-03-09,EGX:VLMR,1.639957,1.639957,1.60217,1.624843,967984.0
2010-03-10,EGX:VLMR,1.639957,1.647515,1.624843,1.6324,448744.0
2010-03-11,EGX:VLMR,1.647515,1.707974,1.647515,1.677744,4867956.0
2010-03-14,EGX:VLMR,1.700417,1.700417,1.6324,1.647515,3327378.0
2010-03-15,EGX:VLMR,1.6324,1.6324,1.564383,1.594613,1784401.0
2010-03-16,EGX:VLMR,1.571941,1.639957,1.571941,1.609728,2203015.0
2010-03-17,EGX:VLMR,1.647515,1.647515,1.594613,1.624843,1357243.0
2010-03-18,EGX:VLMR,1.617285,1.685302,1.617285,1.639957,4069025.0
2010-03-21,EGX:VLMR,1.647515,1.66263,1.639957,1.647515,387413.0
2010-03-22,EGX:VLMR,1.6324,1.670187,1.624843,1.647515,1387881.0
2010-03-23,EGX:VLMR,1.655072,1.707974,1.655072,1.685302,5096565.0
2010-03-24,EGX:VLMR,1.707974,1.730646,1.692859,1.715531,5338172.0
2010-03-25,EGX:VLMR,1.723089,1.753318,1.692859,1.723089,4944857.0
2010-03-28,EGX:VLMR,1.723089,1.753318,1.715531,1.738204,3744083.0
2010-03-29,EGX:VLMR,1.738204,1.753318,1.715531,1.738204,3005170.0
2010-03-30,EGX:VLMR,1.715531,1.738204,1.707974,1.723089,2194312.0
2010-03-31,EGX:VLMR,1.723089,1.723089,1.692859,1.700417,1540073.0
2010-04-01,EGX:VLMR,1.700417,1.707974,1.685302,1.700417,808984.0
2010-04-06,EGX:VLMR,1.707974,1.745761,1.707974,1.730646,2684010.0
2010-04-07,EGX:VLMR,1.760876,1.791105,1.753318,1.768433,9372925.0
2010-04-08,EGX:VLMR,1.775991,1.783548,1.753318,1.775991,2068393.0
2010-04-11,EGX:VLMR,1.775991,1.783548,1.753318,1.768433,3993492.0
2010-04-12,EGX:VLMR,1.768433,1.768433,1.730646,1.738204,1383518.0
2010-04-13,EGX:VLMR,1.730646,1.730646,1.66263,1.692859,3634438.0
2010-04-14,EGX:VLMR,1.715531,1.715531,1.685302,1.700417,1167284.0
2010-04-15,EGX:VLMR,1.700417,1.700417,1.66263,1.670187,1630617.0
2010-04-18,EGX:VLMR,1.66263,1.685302,1.647515,1.66263,908883.0
2010-04-19,EGX:VLMR,1.66263,1.66263,1.6324,1.647515,1202445.0
2010-04-20,EGX:VLMR,1.647515,1.670187,1.647515,1.655072,8594969.0
2010-04-21,EGX:VLMR,1.670187,1.715531,1.655072,1.700417,4533716.0
2010-04-22,EGX:VLMR,1.692859,1.715531,1.692859,1.707974,1231317.0
2010-04-26,EGX:VLMR,1.707974,1.745761,1.685302,1.715531,4755785.0
2010-04-27,EGX:VLMR,1.738204,1.753318,1.715531,1.738204,3157470.0
2010-04-28,EGX:VLMR,1.707974,1.738204,1.700417,1.723089,3558031.0
2010-04-29,EGX:VLMR,1.723089,1.738204,1.707974,1.723089,762316.0
2010-05-02,EGX:VLMR,1.730646,1.730646,1.685302,1.707974,549246.0
2010-05-03,EGX:VLMR,1.715531,1.715531,1.685302,1.700417,527502.0
2010-05-04,EGX:VLMR,1.707974,1.730646,1.685302,1.700417,908863.0
2010-05-05,EGX:VLMR,1.685302,1.715531,1.677744,1.692859,567781.0
2010-05-06,EGX:VLMR,1.700417,1.715531,1.685302,1.692859,976024.0
2010-05-09,EGX:VLMR,1.647515,1.66263,1.579498,1.617285,4029393.0
2010-05-10,EGX:VLMR,1.647515,1.66263,1.617285,1.639957,2055204.0
2010-05-11,EGX:VLMR,1.647515,1.647515,1.60217,1.624843,833864.0
2010-05-12,EGX:VLMR,1.6324,1.647515,1.624843,1.639957,875451.0
2010-05-13,EGX:VLMR,1.670943,1.679256,1.621064,1.646003,1047828.0
2010-05-16,EGX:VLMR,1.621064,1.621064,1.562872,1.587811,1352437.0
2010-05-17,EGX:VLMR,1.579498,1.587811,1.529619,1.554558,907917.0
2010-05-18,EGX:VLMR,1.579498,1.596124,1.554558,1.579498,448953.0
2010-05-19,EGX:VLMR,1.546245,1.554558,1.454801,1.50468,1219826.0
2010-05-20,EGX:VLMR,1.47974,1.521306,1.463114,1.496366,973442.0
2010-05-23,EGX:VLMR,1.50468,1.50468,1.463114,1.47974,504384.0
2010-05-24,EGX:VLMR,1.50468,1.512993,1.413235,1.463114,634811.0
2010-05-25,EGX:VLMR,1.413235,1.413235,1.288538,1.34673,1862362.0
2010-05-26,EGX:VLMR,1.355043,1.371669,1.246972,1.288538,4650416.0
2010-05-27,EGX:VLMR,1.313477,1.379982,1.263598,1.32179,2038966.0
2010-05-30,EGX:VLMR,1.363356,1.396609,1.330104,1.355043,1714210.0
2010-05-31,EGX:VLMR,1.338417,1.371669,1.313477,1.338417,1519261.0
2010-06-01,EGX:VLMR,1.34673,1.371669,1.32179,1.338417,546454.0
2010-06-02,EGX:VLMR,1.330104,1.363356,1.32179,1.34673,457031.0
2010-06-03,EGX:VLMR,1.371669,1.396609,1.363356,1.379982,1054264.0
2010-06-06,EGX:VLMR,1.34673,1.371669,1.32179,1.355043,556131.0
2010-06-07,EGX:VLMR,1.355043,1.404922,1.330104,1.371669,1637670.0
2010-06-08,EGX:VLMR,1.404922,1.429861,1.371669,1.404922,1704731.0
2010-06-09,EGX:VLMR,1.404922,1.421548,1.388296,1.404922,440875.0
2010-06-10,EGX:VLMR,1.388296,1.388296,1.371669,1.379982,392346.0
2010-06-13,EGX:VLMR,1.404922,1.404922,1.363356,1.379982,245078.0
2010-06-14,EGX:VLMR,1.388296,1.388296,1.363356,1.379982,130225.0
2010-06-15,EGX:VLMR,1.363356,1.404922,1.363356,1.388296,746783.0
2010-06-16,EGX:VLMR,1.396609,1.396609,1.379982,1.388296,201825.0
2010-06-17,EGX:VLMR,1.371669,1.413235,1.371669,1.396609,544303.0
2010-06-20,EGX:VLMR,1.396609,1.421548,1.388296,1.413235,1204743.0
2010-06-21,EGX:VLMR,1.413235,1.421548,1.388296,1.404922,915343.0
2010-06-22,EGX:VLMR,1.388296,1.388296,1.371669,1.379982,236481.0
2010-06-23,EGX:VLMR,1.371669,1.404922,1.363356,1.371669,1388833.0
2010-06-24,EGX:VLMR,1.379982,1.388296,1.355043,1.371669,789344.0
2010-06-27,EGX:VLMR,1.363356,1.363356,1.338417,1.34673,312576.0
2010-06-28,EGX:VLMR,1.34673,1.355043,1.330104,1.330104,343795.0
2010-06-29,EGX:VLMR,1.330104,1.330104,1.246972,1.280225,1298322.0
2010-06-30,EGX:VLMR,1.263598,1.288538,1.255285,1.271911,849054.0
2010-07-04,EGX:VLMR,1.255285,1.280225,1.246972,1.263598,307593.0
2010-07-05,EGX:VLMR,1.255285,1.263598,1.246972,1.255285,731118.0
2010-07-06,EGX:VLMR,1.263598,1.280225,1.238659,1.255285,1753983.0
2010-07-07,EGX:VLMR,1.255285,1.263598,1.205406,1.230346,632811.0
2010-07-08,EGX:VLMR,1.246972,1.255285,1.213719,1.230346,358831.0
2010-07-11,EGX:VLMR,1.246972,1.255285,1.222033,1.246972,466954.0
2010-07-12,EGX:VLMR,1.246972,1.246972,1.155527,1.18878,1344111.0
2010-07-13,EGX:VLMR,1.18878,1.213719,1.163841,1.18878,1569360.0
2010-07-14,EGX:VLMR,1.222033,1.222033,1.147214,1.180467,2868219.0
2010-07-15,EGX:VLMR,1.155527,1.18878,1.155527,1.172154,380139.0
2010-07-18,EGX:VLMR,1.155527,1.163841,1.122275,1.147214,269727.0
2010-07-19,EGX:VLMR,1.155527,1.163841,1.147214,1.155527,333052.0
2010-07-20,EGX:VLMR,1.163841,1.163841,1.130588,1.147214,568556.0
2010-07-21,EGX:VLMR,1.147214,1.163841,1.138901,1.147214,620174.0
2010-07-22,EGX:VLMR,1.147214,1.163841,1.147214,1.155527,278688.0
2010-07-25,EGX:VLMR,1.172154,1.172154,1.163841,1.163841,456455.0
2010-07-26,EGX:VLMR,1.172154,1.18878,1.163841,1.180467,470303.0
2010-07-27,EGX:VLMR,1.205406,1.230346,1.205406,1.213719,1257796.0
2010-07-28,EGX:VLMR,1.222033,1.230346,1.18878,1.205406,357246.0
2010-07-29,EGX:VLMR,1.18878,1.230346,1.18878,1.213719,310232.0
2010-08-01,EGX:VLMR,1.230346,1.255285,1.222033,1.238659,677806.0
2010-08-02,EGX:VLMR,1.230346,1.246972,1.205406,1.222033,1348529.0
2010-08-03,EGX:VLMR,1.255285,1.263598,1.230346,1.238659,424566.0
2010-08-04,EGX:VLMR,1.238659,1.313477,1.230346,1.280225,1654500.0
2010-08-05,EGX:VLMR,1.296851,1.32179,1.296851,1.305164,749320.0
2010-08-08,EGX:VLMR,1.296851,1.305164,1.271911,1.288538,747426.0
2010-08-09,EGX:VLMR,1.288538,1.296851,1.288538,1.288538,243285.0
2010-08-10,EGX:VLMR,1.288538,1.296851,1.280225,1.288538,282496.0
2010-08-11,EGX:VLMR,1.288538,1.296851,1.271911,1.280225,403643.0
2010-08-12,EGX:VLMR,1.271911,1.280225,1.263598,1.271911,250353.0
2010-08-15,EGX:VLMR,1.271911,1.271911,1.238659,1.255285,424095.0
2010-08-16,EGX:VLMR,1.246972,1.246972,1.230346,1.246972,262992.0
2010-08-17,EGX:VLMR,1.246972,1.288538,1.246972,1.271911,507980.0
2010-08-18,EGX:VLMR,1.271911,1.271911,1.246972,1.263598,452250.0
2010-08-19,EGX:VLMR,1.255285,1.271911,1.246972,1.255285,593348.0
2010-08-22,EGX:VLMR,1.263598,1.263598,1.246972,1.255285,71542.0
2010-08-23,EGX:VLMR,1.263598,1.271911,1.263598,1.271911,500569.0
2010-08-24,EGX:VLMR,1.263598,1.288538,1.263598,1.271911,353732.0
2010-08-25,EGX:VLMR,1.255285,1.263598,1.238659,1.255285,567814.0
2010-08-26,EGX:VLMR,1.263598,1.280225,1.263598,1.271911,693514.0
2010-08-29,EGX:VLMR,1.280225,1.280225,1.246972,1.255285,339487.0
2010-08-30,EGX:VLMR,1.246972,1.255285,1.246972,1.255285,366424.0
2010-08-31,EGX:VLMR,1.246972,1.263598,1.230346,1.246972,799963.0
2010-09-01,EGX:VLMR,1.255285,1.271911,1.246972,1.263598,210111.0
2010-09-02,EGX:VLMR,1.263598,1.280225,1.255285,1.271911,285786.0
2010-09-05,EGX:VLMR,1.280225,1.288538,1.246972,1.263598,782349.0
2010-09-06,EGX:VLMR,1.263598,1.271911,1.246972,1.255285,1143330.0
2010-09-07,EGX:VLMR,1.255285,1.255285,1.238659,1.246972,662834.0
2010-09-08,EGX:VLMR,1.246972,1.271911,1.246972,1.255285,1153893.0
2010-09-13,EGX:VLMR,1.271911,1.296851,1.271911,1.280225,761926.0
2010-09-14,EGX:VLMR,1.288538,1.288538,1.255285,1.271911,922520.0
2010-09-15,EGX:VLMR,1.255285,1.271911,1.238659,1.255285,1189704.0
2010-09-16,EGX:VLMR,1.246972,1.255285,1.238659,1.246972,616278.0
2010-09-19,EGX:VLMR,1.246972,1.255285,1.246972,1.255285,438651.0
2010-09-20,EGX:VLMR,1.255285,1.263598,1.246972,1.246972,474292.0
2010-09-21,EGX:VLMR,1.255285,1.263598,1.255285,1.263598,561267.0
2010-09-22,EGX:VLMR,1.255285,1.280225,1.255285,1.271911,1428682.0
2010-09-23,EGX:VLMR,1.263598,1.280225,1.263598,1.271911,725758.0
2010-09-26,EGX:VLMR,1.280225,1.288538,1.255285,1.271911,1123612.0
2010-09-27,EGX:VLMR,1.263598,1.271911,1.255285,1.263598,166003.0
2010-09-28,EGX:VLMR,1.263598,1.271911,1.263598,1.263598,460060.0
2010-09-29,EGX:VLMR,1.263598,1.280225,1.255285,1.263598,819491.0
2010-09-30,EGX:VLMR,1.305164,1.355043,1.296851,1.32179,6073155.0
2010-10-03,EGX:VLMR,1.355043,1.396609,1.355043,1.379982,3040863.0
2010-10-04,EGX:VLMR,1.388296,1.396609,1.355043,1.371669,2057624.0
2010-10-05,EGX:VLMR,1.371669,1.388296,1.355043,1.371669,512331.0
2010-10-07,EGX:VLMR,1.446488,1.47974,1.421548,1.454801,4607571.0
2010-10-10,EGX:VLMR,1.446488,1.446488,1.388296,1.404922,1496963.0
2010-10-11,EGX:VLMR,1.413235,1.421548,1.388296,1.404922,712198.0
2010-10-12,EGX:VLMR,1.421548,1.446488,1.413235,1.429861,965137.0
2010-10-13,EGX:VLMR,1.438174,1.454801,1.413235,1.438174,1179034.0
2010-10-14,EGX:VLMR,1.446488,1.471427,1.429861,1.446488,923342.0
2010-10-17,EGX:VLMR,1.429861,1.438174,1.421548,1.429861,278125.0
2010-10-18,EGX:VLMR,1.421548,1.429861,1.404922,1.421548,679294.0
2010-10-19,EGX:VLMR,1.413235,1.413235,1.371669,1.388296,2980648.0
2010-10-20,EGX:VLMR,1.379982,1.396609,1.355043,1.371669,890103.0
2010-10-21,EGX:VLMR,1.379982,1.388296,1.371669,1.379982,288494.0
2010-10-24,EGX:VLMR,1.388296,1.396609,1.363356,1.371669,171540.0
2010-10-25,EGX:VLMR,1.388296,1.421548,1.388296,1.413235,965792.0
2010-10-26,EGX:VLMR,1.413235,1.413235,1.388296,1.396609,197005.0
2010-10-27,EGX:VLMR,1.404922,1.413235,1.379982,1.396609,472390.0
2010-10-28,EGX:VLMR,1.396609,1.404922,1.379982,1.396609,684796.0
2010-10-31,EGX:VLMR,1.396609,1.404922,1.388296,1.396609,84920.0
2010-11-01,EGX:VLMR,1.388296,1.404922,1.388296,1.396609,448936.0
2010-11-02,EGX:VLMR,1.421548,1.529619,1.421548,1.47974,3407133.0
2010-11-03,EGX:VLMR,1.512993,1.529619,1.488053,1.512993,1170629.0
2010-11-04,EGX:VLMR,1.50468,1.50468,1.454801,1.47974,1012668.0
2010-11-07,EGX:VLMR,1.471427,1.496366,1.471427,1.488053,72781.0
2010-11-08,EGX:VLMR,1.47974,1.488053,1.471427,1.47974,225411.0
2010-11-09,EGX:VLMR,1.471427,1.47974,1.454801,1.463114,589258.0
2010-11-10,EGX:VLMR,1.454801,1.471427,1.446488,1.463114,897814.0
2010-11-11,EGX:VLMR,1.446488,1.446488,1.413235,1.429861,1741306.0
2010-11-14,EGX:VLMR,1.413235,1.421548,1.404922,1.413235,382980.0
2010-11-18,EGX:VLMR,1.421548,1.471427,1.421548,1.454801,534689.0
2010-11-21,EGX:VLMR,1.463114,1.471427,1.429861,1.446488,638604.0
2010-11-22,EGX:VLMR,1.438174,1.446488,1.421548,1.429861,1212349.0
2010-11-23,EGX:VLMR,1.429861,1.429861,1.396609,1.413235,1651304.0
2010-11-24,EGX:VLMR,1.413235,1.421548,1.396609,1.413235,753724.0
2010-11-25,EGX:VLMR,1.413235,1.446488,1.404922,1.429861,1592656.0
2010-11-28,EGX:VLMR,1.429861,1.429861,1.396609,1.413235,1009905.0
2010-11-29,EGX:VLMR,1.421548,1.429861,1.404922,1.413235,427341.0
2010-11-30,EGX:VLMR,1.404922,1.404922,1.379982,1.388296,1315131.0
2010-12-01,EGX:VLMR,1.388296,1.404922,1.379982,1.396609,443213.0
2010-12-02,EGX:VLMR,1.404922,1.404922,1.379982,1.396609,486941.0
2010-12-05,EGX:VLMR,1.396609,1.404922,1.379982,1.396609,393346.0
2010-12-06,EGX:VLMR,1.396609,1.396609,1.379982,1.388296,486954.0
2010-12-08,EGX:VLMR,1.396609,1.429861,1.396609,1.413235,547956.0
2010-12-09,EGX:VLMR,1.421548,1.429861,1.404922,1.421548,462045.0
2010-12-12,EGX:VLMR,1.429861,1.429861,1.396609,1.404922,367555.0
2010-12-13,EGX:VLMR,1.429861,1.429861,1.404922,1.421548,624550.0
2010-12-14,EGX:VLMR,1.429861,1.438174,1.421548,1.429861,415335.0
2010-12-15,EGX:VLMR,1.421548,1.429861,1.404922,1.421548,848942.0
2010-12-16,EGX:VLMR,1.421548,1.454801,1.421548,1.446488,2060148.0
2010-12-19,EGX:VLMR,1.429861,1.446488,1.421548,1.429861,564644.0
2010-12-20,EGX:VLMR,1.421548,1.429861,1.404922,1.413235,738213.0
2010-12-21,EGX:VLMR,1.421548,1.429861,1.404922,1.413235,284417.0
2010-12-22,EGX:VLMR,1.421548,1.429861,1.404922,1.413235,383967.0
2010-12-23,EGX:VLMR,1.413235,1.429861,1.404922,1.413235,1026536.0
2010-12-26,EGX:VLMR,1.413235,1.429861,1.404922,1.413235,223560.0
2010-12-27,EGX:VLMR,1.413235,1.413235,1.404922,1.413235,89381.0
2010-12-28,EGX:VLMR,1.404922,1.413235,1.404922,1.413235,363852.0
2010-12-29,EGX:VLMR,1.404922,1.421548,1.404922,1.413235,444513.0
2010-12-30,EGX:VLMR,1.413235,1.421548,1.404922,1.413235,519092.0
2011-01-02,EGX:VLMR,1.413235,1.429861,1.413235,1.421548,183427.0
2011-01-03,EGX:VLMR,1.421548,1.463114,1.413235,1.446488,1054905.0
2011-01-04,EGX:VLMR,1.446488,1.50468,1.446488,1.471427,4536207.0
2011-01-05,EGX:VLMR,1.47974,1.488053,1.454801,1.47974,1243252.0
2011-01-06,EGX:VLMR,1.463114,1.471427,1.446488,1.463114,971912.0
2011-01-10,EGX:VLMR,1.454801,1.454801,1.429861,1.446488,2286312.0
2011-01-11,EGX:VLMR,1.438174,1.438174,1.421548,1.429861,1281580.0
2011-01-12,EGX:VLMR,1.438174,1.438174,1.421548,1.429861,352238.0
2011-01-13,EGX:VLMR,1.438174,1.463114,1.429861,1.446488,1432186.0
2011-01-16,EGX:VLMR,1.446488,1.446488,1.413235,1.421548,1048332.0
2011-01-17,EGX:VLMR,1.421548,1.429861,1.363356,1.388296,2243934.0
2011-01-18,EGX:VLMR,1.388296,1.396609,1.255285,1.338417,2804000.0
2011-01-19,EGX:VLMR,1.296851,1.338417,1.288538,1.305164,1448693.0
2011-01-20,EGX:VLMR,1.32179,1.355043,1.32179,1.34673,1441798.0
2011-01-23,EGX:VLMR,1.34673,1.34673,1.305164,1.330104,505870.0
2011-01-24,EGX:VLMR,1.330104,1.34673,1.313477,1.32179,1068366.0
2011-01-26,EGX:VLMR,1.296851,1.296851,1.113962,1.213719,3942366.0
2011-01-27,EGX:VLMR,1.155527,1.163841,0.989264,1.047457,2591537.0
2011-03-23,EGX:VLMR,0.947699,0.947699,0.947699,0.947699,941410.0
2011-03-24,EGX:VLMR,0.856254,1.039143,0.856254,0.931072,3979178.0
2011-03-27,EGX:VLMR,1.022517,1.022517,1.022517,1.022517,51843.0
2011-03-28,EGX:VLMR,1.122275,1.122275,1.080709,1.113962,3609441.0
2011-03-29,EGX:VLMR,1.138901,1.18878,1.097335,1.138901,3255960.0
2011-03-30,EGX:VLMR,1.163841,1.180467,1.138901,1.163841,1630540.0
2011-03-31,EGX:VLMR,1.163841,1.163841,1.138901,1.147214,1021362.0
2011-04-03,EGX:VLMR,1.147214,1.172154,1.138901,1.163841,507369.0
2011-04-04,EGX:VLMR,1.163841,1.163841,1.138901,1.147214,476801.0
2011-04-05,EGX:VLMR,1.147214,1.18878,1.147214,1.163841,1145253.0
2011-04-06,EGX:VLMR,1.172154,1.172154,1.122275,1.138901,1124353.0
2011-04-07,EGX:VLMR,1.147214,1.163841,1.130588,1.155527,831665.0
2011-04-10,EGX:VLMR,1.147214,1.147214,1.130588,1.138901,227059.0
2011-04-11,EGX:VLMR,1.138901,1.147214,1.089022,1.113962,1192550.0
2011-04-12,EGX:VLMR,1.097335,1.105649,1.072396,1.089022,832327.0
2011-04-13,EGX:VLMR,1.105649,1.147214,1.097335,1.122275,1056108.0
2011-04-14,EGX:VLMR,1.147214,1.147214,1.097335,1.113962,749628.0
2011-04-17,EGX:VLMR,1.047457,1.105649,1.005891,1.022517,3777791.0
2011-04-18,EGX:VLMR,1.022517,1.039143,0.980951,1.005891,1990615.0
2011-04-19,EGX:VLMR,1.03083,1.05577,1.03083,1.047457,940859.0
2011-04-20,EGX:VLMR,1.039143,1.072396,1.014204,1.047457,2346769.0
2011-04-21,EGX:VLMR,1.05577,1.080709,1.039143,1.072396,830019.0
2011-04-26,EGX:VLMR,1.064083,1.072396,1.05577,1.064083,305989.0
2011-04-27,EGX:VLMR,1.064083,1.064083,1.047457,1.05577,654123.0
2011-04-28,EGX:VLMR,1.05577,1.064083,1.047457,1.05577,1048234.0
2011-05-02,EGX:VLMR,1.064083,1.080709,1.05577,1.072396,683490.0
2011-05-03,EGX:VLMR,1.080709,1.105649,1.080709,1.097335,1296154.0
2011-05-04,EGX:VLMR,1.097335,1.097335,1.072396,1.080709,401085.0
2011-05-05,EGX:VLMR,1.080709,1.080709,1.064083,1.072396,418934.0
2011-05-08,EGX:VLMR,1.080709,1.080709,1.03083,1.047457,1120411.0
2011-05-09,EGX:VLMR,1.047457,1.05577,1.039143,1.039143,655895.0
2011-05-10,EGX:VLMR,1.05577,1.05577,1.047457,1.047457,217323.0
2011-05-11,EGX:VLMR,1.047457,1.05577,1.039143,1.047457,223942.0
2011-05-12,EGX:VLMR,1.05577,1.05577,1.039143,1.039143,1049551.0
2011-05-15,EGX:VLMR,1.047457,1.080709,1.039143,1.064083,546928.0
2011-05-16,EGX:VLMR,1.064083,1.072396,1.047457,1.064083,581394.0
2011-05-17,EGX:VLMR,1.05577,1.080709,1.047457,1.072396,740598.0
2011-05-18,EGX:VLMR,1.072396,1.072396,1.05577,1.064083,711331.0
2011-05-19,EGX:VLMR,1.064083,1.080709,1.064083,1.072396,305873.0
2011-05-22,EGX:VLMR,1.072396,1.122275,1.072396,1.097335,2184733.0
2011-05-23,EGX:VLMR,1.122275,1.147214,1.089022,1.113962,2769148.0
2011-05-24,EGX:VLMR,1.113962,1.130588,1.097335,1.113962,959685.0
2011-05-25,EGX:VLMR,1.113962,1.138901,1.113962,1.130588,1902519.0
2011-05-26,EGX:VLMR,1.130588,1.147214,1.130588,1.130588,1376368.0
2011-05-29,EGX:VLMR,1.147214,1.163841,1.138901,1.155527,1389697.0
2011-05-30,EGX:VLMR,1.155527,1.155527,1.130588,1.147214,1262512.0
2011-05-31,EGX:VLMR,1.138901,1.172154,1.130588,1.155527,2524337.0
2011-06-01,EGX:VLMR,1.155527,1.163841,1.147214,1.155527,184168.0
2011-06-02,EGX:VLMR,1.147214,1.147214,1.122275,1.130588,1107980.0
2011-06-05,EGX:VLMR,1.147214,1.155527,1.138901,1.147214,331156.0
2011-06-06,EGX:VLMR,1.147214,1.147214,1.130588,1.138901,240230.0
2011-06-07,EGX:VLMR,1.147214,1.147214,1.122275,1.130588,832891.0
2011-06-08,EGX:VLMR,1.130588,1.138901,1.113962,1.130588,1001463.0
2011-06-09,EGX:VLMR,1.130588,1.130588,1.113962,1.122275,1108436.0
2011-06-12,EGX:VLMR,1.122275,1.138901,1.122275,1.130588,245595.0
2011-06-13,EGX:VLMR,1.130588,1.138901,1.122275,1.130588,348957.0
2011-06-14,EGX:VLMR,1.122275,1.130588,1.122275,1.130588,528478.0
2011-06-15,EGX:VLMR,1.130588,1.130588,1.122275,1.130588,534991.0
2011-06-16,EGX:VLMR,1.122275,1.130588,1.113962,1.122275,1927840.0
2011-06-19,EGX:VLMR,1.130588,1.130588,1.122275,1.130588,305067.0
2011-06-20,EGX:VLMR,1.122275,1.122275,1.097335,1.113962,677971.0
2011-06-21,EGX:VLMR,1.105649,1.105649,1.089022,1.097335,465600.0
2011-06-22,EGX:VLMR,1.089022,1.105649,1.089022,1.097335,255233.0
2011-06-23,EGX:VLMR,1.097335,1.113962,1.097335,1.105649,839151.0
2011-06-26,EGX:VLMR,1.113962,1.113962,1.097335,1.105649,299894.0
2011-06-27,EGX:VLMR,1.097335,1.105649,1.072396,1.089022,1659160.0
2011-06-28,EGX:VLMR,1.080709,1.097335,1.072396,1.080709,553206.0
2011-06-29,EGX:VLMR,1.080709,1.080709,1.05577,1.064083,424118.0
2011-06-30,EGX:VLMR,1.072396,1.089022,1.064083,1.072396,637953.0
2011-07-03,EGX:VLMR,1.072396,1.080709,1.064083,1.072396,134670.0
2011-07-04,EGX:VLMR,1.064083,1.072396,1.047457,1.064083,501520.0
2011-07-05,EGX:VLMR,1.05577,1.05577,1.03083,1.047457,870571.0
2011-07-06,EGX:VLMR,1.047457,1.047457,1.005891,1.014204,987549.0
2011-07-07,EGX:VLMR,1.014204,1.047457,1.014204,1.039143,389319.0
2011-07-10,EGX:VLMR,1.022517,1.047457,1.014204,1.022517,402380.0
2011-07-11,EGX:VLMR,1.014204,1.014204,0.980951,0.997578,930385.0
2011-07-12,EGX:VLMR,0.989264,1.022517,0.972638,0.989264,924755.0
2011-07-13,EGX:VLMR,1.022517,1.022517,1.005891,1.014204,315121.0
2011-07-14,EGX:VLMR,1.014204,1.022517,0.997578,1.014204,903184.0
2011-07-17,EGX:VLMR,1.022517,1.039143,1.022517,1.03083,911978.0
2011-07-18,EGX:VLMR,1.03083,1.03083,1.014204,1.022517,607346.0
2011-07-19,EGX:VLMR,1.022517,1.022517,1.005891,1.022517,410797.0
2011-07-20,EGX:VLMR,1.014204,1.022517,1.005891,1.005891,294194.0
2011-07-21,EGX:VLMR,1.014204,1.022517,1.005891,1.014204,129257.0
2011-07-25,EGX:VLMR,1.005891,1.022517,0.997578,1.014204,399229.0
2011-07-26,EGX:VLMR,1.014204,1.022517,0.989264,1.005891,410837.0
2011-07-27,EGX:VLMR,0.997578,0.997578,0.989264,0.997578,193053.0
2011-07-28,EGX:VLMR,1.005891,1.014204,0.997578,1.005891,509108.0
2011-07-31,EGX:VLMR,1.005891,1.022517,1.005891,1.014204,164239.0
2011-08-01,EGX:VLMR,1.022517,1.047457,1.022517,1.039143,492514.0
2011-08-02,EGX:VLMR,1.03083,1.03083,0.997578,1.014204,452366.0
2011-08-03,EGX:VLMR,1.014204,1.014204,0.989264,0.997578,956059.0
2011-08-04,EGX:VLMR,1.014204,1.014204,0.997578,1.005891,387212.0
2011-08-07,EGX:VLMR,0.989264,0.989264,0.972638,0.980951,446215.0
2011-08-08,EGX:VLMR,0.980951,0.980951,0.931072,0.947699,722499.0
2011-08-09,EGX:VLMR,0.931072,0.931072,0.87288,0.906133,1116891.0
2011-08-10,EGX:VLMR,0.989264,0.989264,0.914446,0.922759,826135.0
2011-08-11,EGX:VLMR,0.931072,0.931072,0.906133,0.914446,507323.0
2011-08-14,EGX:VLMR,0.939386,0.939386,0.922759,0.931072,115127.0
2011-08-15,EGX:VLMR,0.931072,0.947699,0.931072,0.939386,288271.0
2011-08-16,EGX:VLMR,0.939386,0.947699,0.922759,0.939386,473458.0
2011-08-17,EGX:VLMR,0.939386,0.964325,0.939386,0.956012,602932.0
2011-08-18,EGX:VLMR,0.956012,0.980951,0.947699,0.964325,602750.0
2011-08-21,EGX:VLMR,0.964325,0.964325,0.931072,0.939386,330550.0
2011-08-22,EGX:VLMR,0.947699,0.947699,0.931072,0.939386,326571.0
2011-08-23,EGX:VLMR,0.947699,0.956012,0.939386,0.947699,445311.0
2011-08-24,EGX:VLMR,0.947699,0.956012,0.939386,0.947699,421810.0
2011-08-25,EGX:VLMR,0.947699,0.964325,0.939386,0.947699,463032.0
2011-08-28,EGX:VLMR,0.947699,0.964325,0.939386,0.947699,333725.0
2011-08-29,EGX:VLMR,0.956012,0.972638,0.956012,0.956012,328083.0
2011-09-04,EGX:VLMR,0.964325,0.964325,0.956012,0.964325,223409.0
2011-09-05,EGX:VLMR,0.956012,0.972638,0.956012,0.964325,523441.0
2011-09-06,EGX:VLMR,0.956012,0.980951,0.947699,0.964325,448871.0
2011-09-07,EGX:VLMR,0.964325,0.972638,0.956012,0.964325,304654.0
2011-09-08,EGX:VLMR,0.964325,0.972638,0.964325,0.964325,130317.0
2011-09-11,EGX:VLMR,0.956012,0.964325,0.947699,0.956012,385082.0
2011-09-12,EGX:VLMR,0.956012,0.956012,0.931072,0.947699,306051.0
2011-09-13,EGX:VLMR,0.939386,0.939386,0.922759,0.931072,348363.0
2011-09-14,EGX:VLMR,0.931072,0.939386,0.914446,0.922759,507051.0
2011-09-15,EGX:VLMR,0.922759,0.922759,0.864567,0.89782,1459003.0
2011-09-18,EGX:VLMR,0.906133,0.906133,0.87288,0.881194,290573.0
2011-09-19,EGX:VLMR,0.889507,0.906133,0.881194,0.89782,286646.0
2011-09-20,EGX:VLMR,0.89782,0.922759,0.889507,0.914446,466555.0
2011-09-21,EGX:VLMR,0.914446,0.914446,0.881194,0.89782,459952.0
2011-09-22,EGX:VLMR,0.889507,0.906133,0.87288,0.881194,440552.0
2011-09-25,EGX:VLMR,0.881194,0.89782,0.856254,0.881194,703848.0
2011-09-26,EGX:VLMR,0.87288,0.881194,0.864567,0.87288,1524796.0
2011-09-27,EGX:VLMR,0.881194,0.881194,0.856254,0.864567,539462.0
2011-09-28,EGX:VLMR,0.856254,0.856254,0.823002,0.831315,1414172.0
2011-09-29,EGX:VLMR,0.839628,0.856254,0.831315,0.839628,744700.0
2011-10-02,EGX:VLMR,0.847941,0.864567,0.847941,0.847941,139676.0
2011-10-03,EGX:VLMR,0.847941,0.847941,0.839628,0.839628,396774.0
2011-10-04,EGX:VLMR,0.831315,0.847941,0.831315,0.839628,451363.0
2011-10-05,EGX:VLMR,0.839628,0.847941,0.798062,0.823002,1462196.0
2011-10-09,EGX:VLMR,0.823002,0.831315,0.806375,0.814688,470128.0
2011-10-10,EGX:VLMR,0.798062,0.806375,0.781436,0.798062,1312477.0
2011-10-11,EGX:VLMR,0.806375,0.814688,0.798062,0.806375,1056580.0
2011-10-12,EGX:VLMR,0.814688,0.823002,0.806375,0.814688,445436.0
2011-10-13,EGX:VLMR,0.814688,0.847941,0.814688,0.839628,1468895.0
2011-10-16,EGX:VLMR,0.856254,0.856254,0.839628,0.847941,399790.0
2011-10-17,EGX:VLMR,0.847941,0.856254,0.839628,0.847941,394761.0
2011-10-18,EGX:VLMR,0.839628,0.847941,0.831315,0.839628,306181.0
2011-10-19,EGX:VLMR,0.847941,0.856254,0.839628,0.847941,436833.0
2011-10-20,EGX:VLMR,0.847941,0.847941,0.839628,0.847941,339936.0
2011-10-23,EGX:VLMR,0.847941,0.856254,0.847941,0.847941,160545.0
2011-10-24,EGX:VLMR,0.847941,0.856254,0.847941,0.856254,389524.0
2011-10-25,EGX:VLMR,0.856254,0.856254,0.839628,0.847941,372886.0
2011-10-26,EGX:VLMR,0.847941,0.856254,0.847941,0.847941,203592.0
2011-10-27,EGX:VLMR,0.856254,0.864567,0.847941,0.856254,332115.0
2011-10-30,EGX:VLMR,0.864567,0.864567,0.856254,0.864567,218568.0
2011-10-31,EGX:VLMR,0.856254,0.864567,0.847941,0.856254,506837.0
2011-11-01,EGX:VLMR,0.856254,0.856254,0.839628,0.847941,671569.0
2011-11-02,EGX:VLMR,0.847941,0.856254,0.847941,0.847941,179703.0
2011-11-03,EGX:VLMR,0.847941,0.864567,0.847941,0.856254,317723.0
2011-11-09,EGX:VLMR,0.864567,0.864567,0.847941,0.856254,173461.0
2011-11-10,EGX:VLMR,0.847941,0.856254,0.847941,0.847941,35339.0
2011-11-13,EGX:VLMR,0.847941,0.847941,0.831315,0.839628,209286.0
2011-11-14,EGX:VLMR,0.839628,0.839628,0.823002,0.823002,558280.0
2011-11-15,EGX:VLMR,0.831315,0.839628,0.823002,0.831315,162618.0
2011-11-16,EGX:VLMR,0.831315,0.831315,0.823002,0.831315,683043.0
2011-11-17,EGX:VLMR,0.831315,0.831315,0.823002,0.831315,1175702.0
2011-11-20,EGX:VLMR,0.823002,0.823002,0.806375,0.814688,526493.0
2011-11-21,EGX:VLMR,0.806375,0.806375,0.789749,0.798062,636897.0
2011-11-22,EGX:VLMR,0.789749,0.789749,0.76481,0.781436,614164.0
2011-11-23,EGX:VLMR,0.76481,0.798062,0.76481,0.781436,1251539.0
2011-11-24,EGX:VLMR,0.748183,0.789749,0.748183,0.781436,1132985.0
2011-11-29,EGX:VLMR,0.856254,0.856254,0.798062,0.831315,1635767.0
2011-11-30,EGX:VLMR,0.856254,0.864567,0.831315,0.847941,853576.0
2011-12-01,EGX:VLMR,0.864567,0.864567,0.847941,0.856254,321812.0
2011-12-04,EGX:VLMR,0.856254,0.856254,0.839628,0.847941,209215.0
2011-12-05,EGX:VLMR,0.839628,0.847941,0.831315,0.839628,160991.0
2011-12-06,EGX:VLMR,0.839628,0.87288,0.839628,0.864567,988133.0
2011-12-07,EGX:VLMR,0.87288,0.906133,0.87288,0.881194,1638467.0
2011-12-08,EGX:VLMR,0.881194,0.906133,0.881194,0.889507,353075.0
2011-12-11,EGX:VLMR,0.864567,0.914446,0.864567,0.89782,479635.0
2011-12-12,EGX:VLMR,0.881194,0.881194,0.856254,0.864567,696320.0
2011-12-13,EGX:VLMR,0.864567,0.881194,0.864567,0.87288,382286.0
2011-12-14,EGX:VLMR,0.87288,0.881194,0.864567,0.87288,357404.0
2011-12-15,EGX:VLMR,0.864567,0.87288,0.856254,0.856254,658552.0
2011-12-18,EGX:VLMR,0.847941,0.847941,0.814688,0.831315,618926.0
2011-12-19,EGX:VLMR,0.831315,0.839628,0.823002,0.831315,350052.0
2011-12-20,EGX:VLMR,0.831315,0.831315,0.798062,0.806375,676215.0
2011-12-21,EGX:VLMR,0.806375,0.814688,0.789749,0.806375,487856.0
2011-12-22,EGX:VLMR,0.798062,0.806375,0.781436,0.789749,1235762.0
2011-12-25,EGX:VLMR,0.806375,0.823002,0.798062,0.814688,443294.0
2011-12-26,EGX:VLMR,0.814688,0.814688,0.798062,0.798062,330298.0
2011-12-27,EGX:VLMR,0.798062,0.806375,0.789749,0.798062,433997.0
2011-12-28,EGX:VLMR,0.806375,0.814688,0.789749,0.798062,958142.0
2011-12-29,EGX:VLMR,0.814688,0.823002,0.806375,0.814688,376323.0
2012-01-02,EGX:VLMR,0.814688,0.823002,0.814688,0.814688,95525.0
2012-01-03,EGX:VLMR,0.814688,0.814688,0.798062,0.798062,731901.0
2012-01-04,EGX:VLMR,0.798062,0.806375,0.789749,0.798062,251912.0
2012-01-05,EGX:VLMR,0.798062,0.806375,0.798062,0.798062,187648.0
2012-01-09,EGX:VLMR,0.798062,0.798062,0.773123,0.781436,1114753.0
2012-01-10,EGX:VLMR,0.781436,0.798062,0.773123,0.781436,1397613.0
2012-01-11,EGX:VLMR,0.789749,0.806375,0.781436,0.789749,744395.0
2012-01-12,EGX:VLMR,0.789749,0.806375,0.789749,0.798062,1332315.0
2012-01-15,EGX:VLMR,0.798062,0.856254,0.798062,0.831315,1903767.0
2012-01-16,EGX:VLMR,0.839628,0.847941,0.823002,0.839628,1082424.0
2012-01-17,EGX:VLMR,0.839628,0.881194,0.839628,0.864567,2014418.0
2012-01-18,EGX:VLMR,0.87288,0.87288,0.839628,0.856254,1231557.0
2012-01-19,EGX:VLMR,0.847941,0.864567,0.839628,0.847941,545372.0
2012-01-22,EGX:VLMR,0.856254,0.856254,0.831315,0.839628,553715.0
2012-01-23,EGX:VLMR,0.839628,0.856254,0.839628,0.847941,545718.0
2012-01-24,EGX:VLMR,0.847941,0.889507,0.839628,0.87288,2339277.0
2012-01-26,EGX:VLMR,0.889507,0.922759,0.881194,0.906133,2479591.0
2012-01-29,EGX:VLMR,0.914446,0.931072,0.889507,0.914446,1437042.0
2012-01-30,EGX:VLMR,0.889507,0.914446,0.889507,0.89782,843654.0
2012-01-31,EGX:VLMR,0.914446,0.947699,0.906133,0.931072,2083805.0
2012-02-01,EGX:VLMR,0.939386,0.947699,0.914446,0.931072,744458.0
2012-02-02,EGX:VLMR,0.87288,0.914446,0.87288,0.89782,763095.0
2012-02-06,EGX:VLMR,0.87288,0.89782,0.87288,0.889507,707115.0
2012-02-07,EGX:VLMR,0.889507,0.922759,0.889507,0.906133,1135710.0
2012-02-08,EGX:VLMR,0.922759,0.956012,0.914446,0.939386,1350191.0
2012-02-09,EGX:VLMR,0.947699,0.947699,0.922759,0.931072,845778.0
2012-02-12,EGX:VLMR,0.922759,0.964325,0.922759,0.947699,1847811.0
2012-02-13,EGX:VLMR,0.972638,0.989264,0.964325,0.980951,1956529.0
2012-02-14,EGX:VLMR,0.980951,0.997578,0.939386,0.972638,1825287.0
2012-02-15,EGX:VLMR,0.989264,0.989264,0.939386,0.956012,1114627.0
2012-02-16,EGX:VLMR,0.956012,0.964325,0.939386,0.956012,844427.0
2012-02-19,EGX:VLMR,0.964325,1.005891,0.964325,0.989264,1434578.0
2012-02-20,EGX:VLMR,0.989264,1.014204,0.956012,0.980951,1658289.0
2012-02-21,EGX:VLMR,0.980951,0.980951,0.947699,0.964325,642970.0
2012-02-22,EGX:VLMR,0.964325,0.972638,0.947699,0.956012,418691.0
2012-02-23,EGX:VLMR,0.964325,1.022517,0.964325,0.997578,2823283.0
2012-02-26,EGX:VLMR,1.022517,1.03083,1.005891,1.022517,594795.0
2012-02-27,EGX:VLMR,1.022517,1.022517,1.005891,1.014204,234006.0
2012-02-28,EGX:VLMR,1.014204,1.022517,0.997578,1.014204,918347.0
2012-02-29,EGX:VLMR,1.014204,1.039143,1.014204,1.03083,809506.0
2012-03-01,EGX:VLMR,1.03083,1.03083,1.014204,1.022517,698264.0
2012-03-05,EGX:VLMR,1.005891,1.022517,0.997578,1.014204,336400.0
2012-03-06,EGX:VLMR,1.014204,1.03083,1.014204,1.022517,903218.0
2012-03-07,EGX:VLMR,1.022517,1.022517,0.997578,1.005891,706397.0
2012-03-08,EGX:VLMR,1.005891,1.005891,0.980951,0.989264,1214414.0
2012-03-12,EGX:VLMR,0.980951,0.989264,0.964325,0.972638,674700.0
2012-03-13,EGX:VLMR,0.972638,0.980951,0.956012,0.964325,1005408.0
2012-03-14,EGX:VLMR,0.964325,0.972638,0.922759,0.964325,765729.0
2012-03-15,EGX:VLMR,0.964325,1.014204,0.964325,1.005891,2304516.0
2012-03-19,EGX:VLMR,0.989264,0.997578,0.980951,0.989264,549563.0
2012-03-20,EGX:VLMR,0.989264,0.989264,0.931072,0.947699,748977.0
2012-03-21,EGX:VLMR,0.947699,0.964325,0.947699,0.956012,530542.0
2012-03-22,EGX:VLMR,0.956012,0.956012,0.939386,0.956012,680153.0
2012-03-25,EGX:VLMR,0.956012,0.956012,0.922759,0.931072,891143.0
2012-03-26,EGX:VLMR,0.931072,0.947699,0.914446,0.931072,818943.0
2012-03-27,EGX:VLMR,0.931072,0.956012,0.922759,0.947699,1660239.0
2012-03-28,EGX:VLMR,0.947699,0.947699,0.939386,0.947699,355327.0
2012-03-29,EGX:VLMR,0.947699,0.956012,0.939386,0.947699,477582.0
2012-04-01,EGX:VLMR,0.947699,0.947699,0.931072,0.931072,160291.0
2012-04-02,EGX:VLMR,0.931072,0.956012,0.931072,0.947699,491602.0
2012-04-03,EGX:VLMR,0.947699,0.947699,0.939386,0.939386,93935.0
2012-04-04,EGX:VLMR,0.939386,0.947699,0.931072,0.939386,255591.0
2012-04-05,EGX:VLMR,0.939386,0.947699,0.931072,0.939386,106544.0
2012-04-08,EGX:VLMR,0.939386,0.939386,0.922759,0.931072,155982.0
2012-04-09,EGX:VLMR,0.931072,0.939386,0.89782,0.914446,472436.0
2012-04-17,EGX:VLMR,0.906133,0.906133,0.889507,0.889507,340306.0
2012-04-18,EGX:VLMR,0.889507,0.906133,0.889507,0.906133,91591.0
2012-04-19,EGX:VLMR,0.906133,0.906133,0.89782,0.906133,196795.0
2012-04-22,EGX:VLMR,0.906133,0.922759,0.89782,0.914446,278943.0
2012-04-23,EGX:VLMR,0.914446,0.939386,0.914446,0.922759,1177332.0
2012-04-24,EGX:VLMR,0.922759,0.931072,0.89782,0.922759,1347810.0
2012-04-26,EGX:VLMR,0.922759,0.922759,0.914446,0.922759,109327.0
2012-04-29,EGX:VLMR,0.922759,0.922759,0.914446,0.914446,94631.0
2012-04-30,EGX:VLMR,0.914446,0.939386,0.914446,0.922759,650730.0
2012-05-02,EGX:VLMR,0.922759,0.922759,0.906133,0.914446,504356.0
2012-05-03,EGX:VLMR,0.914446,0.914446,0.906133,0.914446,233803.0
2012-05-06,EGX:VLMR,0.914446,0.931072,0.906133,0.922759,257919.0
2012-05-07,EGX:VLMR,0.922759,0.931072,0.914446,0.922759,629168.0
2012-05-08,EGX:VLMR,0.922759,0.931072,0.922759,0.922759,227576.0
2012-05-09,EGX:VLMR,0.922759,0.922759,0.906133,0.914446,315235.0
2012-05-10,EGX:VLMR,0.914446,0.914446,0.89782,0.906133,310085.0
2012-05-13,EGX:VLMR,0.906133,0.922759,0.906133,0.914446,185290.0
2012-05-14,EGX:VLMR,0.914446,0.922759,0.906133,0.914446,317799.0
2012-05-15,EGX:VLMR,0.914446,0.914446,0.89782,0.906133,731320.0
2012-05-16,EGX:VLMR,0.906133,0.906133,0.89782,0.89782,675554.0
2012-05-17,EGX:VLMR,0.89782,0.89782,0.864567,0.881194,828905.0
2012-05-20,EGX:VLMR,0.881194,0.889507,0.864567,0.87288,293920.0
2012-05-21,EGX:VLMR,0.87288,0.914446,0.87288,0.89782,750693.0
2012-05-22,EGX:VLMR,0.89782,0.906133,0.881194,0.89782,686195.0
2012-05-23,EGX:VLMR,0.89782,0.947699,0.889507,0.914446,1805059.0
2012-05-24,EGX:VLMR,0.914446,0.939386,0.914446,0.931072,325277.0
2012-05-27,EGX:VLMR,0.931072,0.931072,0.89782,0.906133,641823.0
2012-05-28,EGX:VLMR,0.906133,0.914446,0.881194,0.889507,473663.0
2012-05-29,EGX:VLMR,0.889507,0.889507,0.87288,0.881194,730589.0
2012-05-30,EGX:VLMR,0.881194,0.914446,0.881194,0.89782,815909.0
2012-05-31,EGX:VLMR,0.89782,0.939386,0.889507,0.922759,2315850.0
2012-06-03,EGX:VLMR,0.922759,0.922759,0.89782,0.906133,374687.0
2012-06-04,EGX:VLMR,0.906133,0.914446,0.89782,0.906133,350074.0
2012-06-05,EGX:VLMR,0.906133,0.906133,0.881194,0.889507,796617.0
2012-06-06,EGX:VLMR,0.889507,0.906133,0.881194,0.889507,405870.0
2012-06-07,EGX:VLMR,0.889507,0.889507,0.881194,0.889507,251404.0
2012-06-10,EGX:VLMR,0.889507,0.89782,0.889507,0.89782,192448.0
2012-06-11,EGX:VLMR,0.89782,0.89782,0.87288,0.881194,355009.0
2012-06-12,EGX:VLMR,0.881194,0.89782,0.87288,0.889507,184367.0
2012-06-13,EGX:VLMR,0.889507,0.889507,0.864567,0.87288,588896.0
2012-06-14,EGX:VLMR,0.87288,0.881194,0.864567,0.87288,557349.0
2012-06-18,EGX:VLMR,0.87288,0.881194,0.856254,0.87288,155422.0
2012-06-19,EGX:VLMR,0.87288,0.87288,0.814688,0.839628,1148049.0
2012-06-20,EGX:VLMR,0.839628,0.856254,0.831315,0.839628,354876.0
2012-06-21,EGX:VLMR,0.839628,0.847941,0.839628,0.839628,317889.0
2012-06-24,EGX:VLMR,0.839628,0.881194,0.839628,0.864567,740472.0
2012-06-25,EGX:VLMR,0.864567,0.947699,0.864567,0.931072,1805335.0
2012-06-26,EGX:VLMR,0.931072,0.972638,0.931072,0.956012,2155977.0
2012-06-27,EGX:VLMR,0.956012,0.964325,0.931072,0.947699,651552.0
2012-06-28,EGX:VLMR,0.947699,0.980951,0.939386,0.964325,614502.0
2012-07-02,EGX:VLMR,0.964325,0.997578,0.964325,0.989264,969880.0
2012-07-03,EGX:VLMR,0.989264,0.989264,0.964325,0.972638,354091.0
2012-07-04,EGX:VLMR,0.972638,0.972638,0.964325,0.972638,218096.0
2012-07-05,EGX:VLMR,0.972638,0.980951,0.964325,0.972638,333716.0
2012-07-08,EGX:VLMR,0.972638,0.980951,0.964325,0.972638,147939.0
2012-07-09,EGX:VLMR,0.972638,0.972638,0.922759,0.939386,612223.0
2012-07-10,EGX:VLMR,0.939386,0.947699,0.906133,0.931072,396342.0
2012-07-11,EGX:VLMR,0.931072,0.947699,0.931072,0.939386,320847.0
2012-07-12,EGX:VLMR,0.939386,0.956012,0.939386,0.947699,402342.0
2012-07-15,EGX:VLMR,0.947699,0.956012,0.939386,0.947699,86175.0
2012-07-16,EGX:VLMR,0.947699,0.964325,0.947699,0.956012,274547.0
2012-07-17,EGX:VLMR,0.956012,0.989264,0.956012,0.972638,1221591.0
2012-07-18,EGX:VLMR,0.972638,0.997578,0.972638,0.989264,1137442.0
2012-07-19,EGX:VLMR,0.989264,0.997578,0.980951,0.989264,304632.0
2012-07-22,EGX:VLMR,0.989264,0.997578,0.964325,0.997578,515818.0
2012-07-24,EGX:VLMR,0.997578,1.005891,0.980951,0.989264,599577.0
2012-07-25,EGX:VLMR,0.989264,0.989264,0.980951,0.989264,410273.0
2012-07-26,EGX:VLMR,0.989264,0.997578,0.972638,0.989264,519241.0
2012-07-29,EGX:VLMR,0.989264,0.989264,0.989264,0.989264,63145.0
2012-07-30,EGX:VLMR,0.989264,0.989264,0.980951,0.989264,127851.0
2012-07-31,EGX:VLMR,0.989264,1.022517,0.989264,1.005891,1334591.0
2012-08-01,EGX:VLMR,1.005891,1.047457,1.005891,1.03083,1091856.0
2012-08-02,EGX:VLMR,1.03083,1.039143,1.022517,1.03083,403829.0
2012-08-05,EGX:VLMR,1.03083,1.039143,1.014204,1.03083,708427.0
2012-08-06,EGX:VLMR,1.03083,1.03083,1.014204,1.022517,482271.0
2012-08-07,EGX:VLMR,1.022517,1.03083,1.014204,1.022517,579539.0
2012-08-08,EGX:VLMR,1.022517,1.03083,1.005891,1.022517,702585.0
2012-08-09,EGX:VLMR,1.022517,1.022517,0.989264,1.005891,326976.0
2012-08-12,EGX:VLMR,1.005891,1.022517,1.005891,1.014204,206093.0
2012-08-13,EGX:VLMR,1.014204,1.03083,1.005891,1.022517,814527.0
2012-08-14,EGX:VLMR,1.022517,1.047457,1.022517,1.039143,988908.0
2012-08-15,EGX:VLMR,1.039143,1.039143,1.03083,1.039143,372380.0
2012-08-16,EGX:VLMR,1.039143,1.047457,1.03083,1.039143,185413.0
2012-08-21,EGX:VLMR,1.039143,1.039143,1.03083,1.03083,235004.0
2012-08-22,EGX:VLMR,1.03083,1.047457,1.03083,1.039143,117959.0
2012-08-23,EGX:VLMR,1.039143,1.064083,1.039143,1.05577,1038877.0
2012-08-26,EGX:VLMR,1.05577,1.072396,1.05577,1.064083,384033.0
2012-08-27,EGX:VLMR,1.064083,1.064083,1.047457,1.05577,541021.0
2012-08-28,EGX:VLMR,1.05577,1.064083,1.047457,1.05577,815402.0
2012-08-29,EGX:VLMR,1.05577,1.05577,1.039143,1.047457,195662.0
2012-08-30,EGX:VLMR,1.047457,1.064083,1.047457,1.05577,598622.0
2012-09-02,EGX:VLMR,1.05577,1.064083,1.05577,1.064083,343847.0
2012-09-03,EGX:VLMR,1.064083,1.064083,1.05577,1.064083,210237.0
2012-09-04,EGX:VLMR,1.064083,1.072396,1.047457,1.05577,582318.0
2012-09-05,EGX:VLMR,1.05577,1.05577,1.047457,1.047457,570570.0
2012-09-06,EGX:VLMR,1.047457,1.064083,1.047457,1.05577,649794.0
2012-09-09,EGX:VLMR,1.05577,1.064083,1.047457,1.047457,77740.0
2012-09-10,EGX:VLMR,1.047457,1.05577,1.039143,1.047457,381099.0
2012-09-11,EGX:VLMR,1.047457,1.147214,1.047457,1.113962,2897402.0
2012-09-12,EGX:VLMR,1.113962,1.138901,1.097335,1.113962,593216.0
2012-09-13,EGX:VLMR,1.113962,1.113962,1.080709,1.097335,1126096.0
2012-09-16,EGX:VLMR,1.097335,1.122275,1.097335,1.105649,758416.0
2012-09-17,EGX:VLMR,1.105649,1.122275,1.105649,1.113962,590959.0
2012-09-18,EGX:VLMR,1.113962,1.113962,1.097335,1.097335,1136549.0
2012-09-19,EGX:VLMR,1.097335,1.113962,1.089022,1.105649,1132048.0
2012-09-20,EGX:VLMR,1.105649,1.122275,1.089022,1.105649,533530.0
2012-09-23,EGX:VLMR,1.105649,1.122275,1.089022,1.097335,882140.0
2012-09-24,EGX:VLMR,1.097335,1.122275,1.097335,1.113962,829644.0
2012-09-25,EGX:VLMR,1.113962,1.130588,1.105649,1.122275,854183.0
2012-09-26,EGX:VLMR,1.122275,1.122275,1.105649,1.113962,420586.0
2012-09-27,EGX:VLMR,1.113962,1.122275,1.105649,1.113962,698510.0
2012-09-30,EGX:VLMR,1.113962,1.113962,1.105649,1.105649,34238.0
2012-10-01,EGX:VLMR,1.105649,1.105649,1.080709,1.089022,1100307.0
2012-10-02,EGX:VLMR,1.089022,1.089022,1.047457,1.064083,1434534.0
2012-10-03,EGX:VLMR,1.064083,1.072396,1.05577,1.05577,603205.0
2012-10-04,EGX:VLMR,1.05577,1.097335,1.05577,1.072396,903965.0
2012-10-08,EGX:VLMR,1.072396,1.072396,1.05577,1.05577,384625.0
2012-10-09,EGX:VLMR,1.05577,1.097335,1.05577,1.072396,583452.0
2012-10-10,EGX:VLMR,1.072396,1.097335,1.072396,1.089022,157488.0
2012-10-11,EGX:VLMR,1.089022,1.097335,1.080709,1.080709,174197.0
2012-10-14,EGX:VLMR,1.080709,1.113962,1.072396,1.105649,582987.0
2012-10-15,EGX:VLMR,1.105649,1.105649,1.064083,1.080709,1414375.0
2012-10-16,EGX:VLMR,1.080709,1.080709,1.072396,1.072396,241734.0
2012-10-17,EGX:VLMR,1.072396,1.089022,1.05577,1.072396,787217.0
2012-10-18,EGX:VLMR,1.072396,1.072396,1.039143,1.05577,844814.0
2012-10-21,EGX:VLMR,1.05577,1.05577,1.039143,1.039143,693690.0
2012-10-22,EGX:VLMR,1.039143,1.05577,1.039143,1.047457,824934.0
2012-10-23,EGX:VLMR,1.047457,1.047457,1.03083,1.039143,217854.0
2012-10-24,EGX:VLMR,1.039143,1.05577,1.039143,1.047457,85165.0
2012-10-29,EGX:VLMR,1.047457,1.072396,1.047457,1.064083,302546.0
2012-10-30,EGX:VLMR,1.064083,1.064083,1.039143,1.047457,184022.0
2012-10-31,EGX:VLMR,1.047457,1.05577,1.039143,1.047457,377593.0
2012-11-01,EGX:VLMR,1.047457,1.047457,0.972638,1.014204,1095140.0
2012-11-04,EGX:VLMR,1.014204,1.014204,0.989264,0.989264,390826.0
2012-11-05,EGX:VLMR,0.989264,0.997578,0.980951,0.989264,228477.0
2012-11-06,EGX:VLMR,0.989264,1.014204,0.989264,1.005891,144065.0
2012-11-07,EGX:VLMR,1.005891,1.014204,0.997578,1.005891,429708.0
2012-11-08,EGX:VLMR,1.005891,1.014204,0.997578,1.005891,186026.0
2012-11-11,EGX:VLMR,1.005891,1.005891,0.997578,0.997578,139678.0
2012-11-12,EGX:VLMR,0.997578,1.005891,0.997578,1.005891,76330.0
2012-11-13,EGX:VLMR,1.005891,1.014204,0.997578,1.005891,125926.0
2012-11-14,EGX:VLMR,1.005891,1.005891,0.997578,0.997578,272980.0
2012-11-18,EGX:VLMR,0.997578,1.005891,0.997578,0.997578,516168.0
2012-11-19,EGX:VLMR,0.997578,0.997578,0.980951,0.989264,353423.0
2012-11-20,EGX:VLMR,0.989264,0.997578,0.972638,0.980951,280430.0
2012-11-21,EGX:VLMR,0.980951,0.997578,0.972638,0.980951,377591.0
2012-11-22,EGX:VLMR,0.980951,0.989264,0.972638,0.980951,378067.0
2012-11-25,EGX:VLMR,0.980951,0.980951,0.889507,0.889507,1235499.0
2012-11-26,EGX:VLMR,0.889507,0.956012,0.881194,0.922759,504722.0
2012-11-27,EGX:VLMR,0.922759,0.931072,0.906133,0.914446,147644.0
2012-11-28,EGX:VLMR,0.914446,0.914446,0.864567,0.881194,530892.0
2012-11-29,EGX:VLMR,0.881194,0.881194,0.864567,0.87288,1166842.0
2012-12-02,EGX:VLMR,0.87288,0.914446,0.864567,0.889507,751970.0
2012-12-03,EGX:VLMR,0.889507,0.889507,0.856254,0.864567,266889.0
2012-12-04,EGX:VLMR,0.864567,0.906133,0.864567,0.89782,737715.0
2012-12-05,EGX:VLMR,0.89782,0.906133,0.881194,0.889507,392428.0
2012-12-06,EGX:VLMR,0.889507,0.889507,0.856254,0.87288,375701.0
2012-12-09,EGX:VLMR,0.87288,0.906133,0.87288,0.89782,163568.0
2012-12-10,EGX:VLMR,0.89782,0.906133,0.889507,0.89782,227343.0
2012-12-11,EGX:VLMR,0.89782,0.906133,0.889507,0.89782,342352.0
2012-12-12,EGX:VLMR,0.89782,0.931072,0.89782,0.914446,789137.0
2012-12-13,EGX:VLMR,0.914446,0.972638,0.914446,0.939386,714236.0
2012-12-16,EGX:VLMR,0.939386,0.980951,0.939386,0.964325,353439.0
2012-12-17,EGX:VLMR,0.964325,0.972638,0.956012,0.964325,344250.0
2012-12-18,EGX:VLMR,0.964325,0.980951,0.964325,0.972638,442759.0
2012-12-19,EGX:VLMR,0.972638,1.014204,0.972638,0.997578,836806.0
2012-12-20,EGX:VLMR,0.997578,1.005891,0.989264,0.997578,519847.0
2012-12-23,EGX:VLMR,0.997578,1.014204,0.956012,0.980951,668113.0
2012-12-24,EGX:VLMR,0.980951,1.014204,0.972638,0.997578,602767.0
2012-12-25,EGX:VLMR,0.997578,1.005891,0.980951,0.989264,192485.0
2012-12-26,EGX:VLMR,0.989264,0.997578,0.989264,0.989264,1503412.0
2012-12-27,EGX:VLMR,0.989264,0.997578,0.989264,0.997578,476441.0
2012-12-30,EGX:VLMR,0.997578,1.039143,0.997578,1.022517,431237.0
2012-12-31,EGX:VLMR,1.022517,1.089022,1.022517,1.064083,1047652.0
2013-01-02,EGX:VLMR,1.064083,1.080709,1.05577,1.064083,496802.0
2013-01-03,EGX:VLMR,1.064083,1.113962,1.05577,1.097335,1722814.0
2013-01-06,EGX:VLMR,1.097335,1.097335,1.064083,1.080709,463778.0
2013-01-08,EGX:VLMR,1.080709,1.080709,1.064083,1.072396,408965.0
2013-01-09,EGX:VLMR,1.072396,1.089022,1.072396,1.080709,721461.0
2013-01-10,EGX:VLMR,1.080709,1.089022,1.064083,1.080709,563333.0
2013-01-13,EGX:VLMR,1.080709,1.097335,1.072396,1.089022,748244.0
2013-01-14,EGX:VLMR,1.089022,1.097335,1.080709,1.089022,322726.0
2013-01-15,EGX:VLMR,1.089022,1.089022,1.064083,1.072396,768732.0
2013-01-16,EGX:VLMR,1.072396,1.080709,1.05577,1.072396,1529014.0
2013-01-17,EGX:VLMR,1.072396,1.080709,1.05577,1.072396,2273172.0
2013-01-20,EGX:VLMR,1.072396,1.072396,1.039143,1.047457,479516.0
2013-01-21,EGX:VLMR,1.047457,1.05577,1.022517,1.039143,451889.0
2013-01-22,EGX:VLMR,1.047457,1.05577,1.039143,1.047457,145913.0
2013-01-23,EGX:VLMR,1.039143,1.072396,1.039143,1.05577,370918.0
2013-01-27,EGX:VLMR,1.039143,1.072396,1.03083,1.064083,509460.0
2013-01-28,EGX:VLMR,1.064083,1.064083,1.039143,1.05577,594056.0
2013-01-29,EGX:VLMR,1.039143,1.064083,1.039143,1.047457,379331.0
2013-01-30,EGX:VLMR,1.05577,1.064083,1.047457,1.05577,279650.0
2013-01-31,EGX:VLMR,1.05577,1.05577,1.039143,1.047457,860178.0
2013-02-03,EGX:VLMR,1.047457,1.072396,1.047457,1.064083,509975.0
2013-02-04,EGX:VLMR,1.064083,1.089022,1.064083,1.080709,1064509.0
2013-02-05,EGX:VLMR,1.072396,1.089022,1.072396,1.080709,455230.0
2013-02-06,EGX:VLMR,1.080709,1.089022,1.072396,1.080709,535630.0
2013-02-07,EGX:VLMR,1.072396,1.080709,1.05577,1.064083,384968.0
2013-02-10,EGX:VLMR,1.064083,1.080709,1.064083,1.072396,140636.0
2013-02-11,EGX:VLMR,1.064083,1.072396,1.064083,1.072396,461906.0
2013-02-12,EGX:VLMR,1.072396,1.072396,1.064083,1.072396,454117.0
2013-02-13,EGX:VLMR,1.072396,1.072396,1.064083,1.072396,219140.0
2013-02-14,EGX:VLMR,1.072396,1.072396,1.05577,1.064083,822048.0
2013-02-17,EGX:VLMR,1.072396,1.072396,1.022517,1.039143,1528475.0
2013-02-18,EGX:VLMR,1.03083,1.039143,1.022517,1.03083,306393.0
2013-02-19,EGX:VLMR,1.039143,1.047457,1.03083,1.03083,854324.0
2013-02-20,EGX:VLMR,1.039143,1.039143,1.022517,1.03083,824574.0
2013-02-21,EGX:VLMR,1.03083,1.039143,1.022517,1.03083,1231089.0
2013-02-24,EGX:VLMR,1.03083,1.039143,1.022517,1.03083,265770.0
2013-02-25,EGX:VLMR,1.03083,1.03083,1.014204,1.022517,363712.0
2013-02-26,EGX:VLMR,1.022517,1.03083,1.014204,1.022517,200948.0
2013-02-27,EGX:VLMR,1.022517,1.022517,0.980951,0.997578,808426.0
2013-02-28,EGX:VLMR,0.980951,0.980951,0.956012,0.972638,808932.0
2013-03-03,EGX:VLMR,0.956012,0.964325,0.956012,0.956012,154598.0
2013-03-04,EGX:VLMR,0.997578,0.997578,0.931072,0.947699,642576.0
2013-03-05,EGX:VLMR,0.922759,0.939386,0.881194,0.89782,811118.0
2013-03-06,EGX:VLMR,0.956012,0.956012,0.889507,0.914446,1040820.0
2013-03-07,EGX:VLMR,0.939386,0.947699,0.931072,0.939386,569375.0
2013-03-10,EGX:VLMR,0.947699,0.972638,0.947699,0.964325,273847.0
2013-03-11,EGX:VLMR,0.956012,0.964325,0.956012,0.956012,294012.0
2013-03-12,EGX:VLMR,0.956012,0.964325,0.931072,0.947699,407218.0
2013-03-13,EGX:VLMR,0.939386,0.947699,0.939386,0.939386,411725.0
2013-03-14,EGX:VLMR,0.939386,0.972638,0.939386,0.956012,985461.0
2013-03-17,EGX:VLMR,0.956012,0.980951,0.956012,0.972638,167610.0
2013-03-18,EGX:VLMR,0.964325,1.005891,0.964325,0.989264,737032.0
2013-03-19,EGX:VLMR,0.997578,1.014204,0.989264,1.005891,521563.0
2013-03-20,EGX:VLMR,0.997578,1.005891,0.989264,0.997578,167022.0
2013-03-21,EGX:VLMR,0.997578,1.005891,0.989264,0.997578,521390.0
2013-03-24,EGX:VLMR,0.997578,0.997578,0.989264,0.997578,74901.0
2013-03-25,EGX:VLMR,0.997578,0.997578,0.989264,0.997578,202363.0
2013-03-26,EGX:VLMR,0.980951,1.005891,0.980951,0.989264,723896.0
2013-03-27,EGX:VLMR,0.989264,0.997578,0.980951,0.997578,655273.0
2013-03-28,EGX:VLMR,0.997578,1.005891,0.989264,0.997578,422781.0
2013-03-31,EGX:VLMR,0.997578,0.997578,0.980951,0.989264,92291.0
2013-04-01,EGX:VLMR,0.980951,0.989264,0.972638,0.980951,251759.0
2013-04-02,EGX:VLMR,0.980951,0.980951,0.964325,0.972638,248285.0
2013-04-03,EGX:VLMR,0.972638,0.980951,0.947699,0.964325,464946.0
2013-04-04,EGX:VLMR,0.956012,0.972638,0.947699,0.964325,473728.0
2013-04-07,EGX:VLMR,0.964325,0.972638,0.956012,0.964325,120901.0
2013-04-08,EGX:VLMR,0.964325,0.997578,0.964325,0.980951,922615.0
2013-04-09,EGX:VLMR,0.997578,0.997578,0.989264,0.989264,702963.0
2013-04-10,EGX:VLMR,0.989264,0.997578,0.980951,0.989264,321405.0
2013-04-11,EGX:VLMR,0.980951,0.989264,0.980951,0.989264,311982.0
2013-04-14,EGX:VLMR,0.989264,0.997578,0.980951,0.997578,131982.0
2013-04-15,EGX:VLMR,0.997578,0.997578,0.980951,0.989264,488338.0
2013-04-16,EGX:VLMR,0.980951,0.989264,0.972638,0.980951,805964.0
2013-04-17,EGX:VLMR,0.980951,0.980951,0.964325,0.972638,1822190.0
2013-04-18,EGX:VLMR,0.972638,0.972638,0.956012,0.964325,295505.0
2013-04-21,EGX:VLMR,0.972638,0.972638,0.964325,0.964325,40682.0
2013-04-22,EGX:VLMR,0.972638,0.980951,0.964325,0.972638,565968.0
2013-04-23,EGX:VLMR,0.980951,0.980951,0.964325,0.972638,290946.0
2013-04-24,EGX:VLMR,0.972638,0.989264,0.972638,0.980951,607506.0
2013-04-28,EGX:VLMR,0.980951,0.980951,0.972638,0.972638,160533.0
2013-04-29,EGX:VLMR,0.980951,0.989264,0.972638,0.980951,86961.0
2013-04-30,EGX:VLMR,0.980951,0.980951,0.964325,0.972638,805928.0
2013-05-02,EGX:VLMR,0.972638,0.972638,0.964325,0.972638,374084.0
2013-05-07,EGX:VLMR,0.972638,0.972638,0.964325,0.972638,152126.0
2013-05-08,EGX:VLMR,0.972638,0.972638,0.964325,0.972638,285223.0
2013-05-09,EGX:VLMR,0.972638,0.980951,0.972638,0.972638,351386.0
2013-05-12,EGX:VLMR,0.972638,0.972638,0.956012,0.964325,527749.0
2013-05-13,EGX:VLMR,0.956012,0.964325,0.947699,0.956012,428347.0
2013-05-14,EGX:VLMR,0.964325,0.964325,0.956012,0.956012,105185.0
2013-05-15,EGX:VLMR,0.956012,0.964325,0.947699,0.956012,210128.0
2013-05-16,EGX:VLMR,0.956012,0.956012,0.881194,0.906133,4365652.0
2013-05-19,EGX:VLMR,0.89782,0.906133,0.889507,0.89782,768263.0
2013-05-20,EGX:VLMR,0.89782,0.89782,0.864567,0.881194,690940.0
2013-05-21,EGX:VLMR,0.87288,0.881194,0.864567,0.87288,394255.0
2013-05-22,EGX:VLMR,0.881194,0.881194,0.856254,0.864567,1531634.0
2013-05-23,EGX:VLMR,0.856254,0.856254,0.798062,0.823002,2519959.0
2013-05-26,EGX:VLMR,0.823002,0.839628,0.806375,0.839628,1630810.0
2013-05-27,EGX:VLMR,0.823002,0.831315,0.789749,0.806375,1993285.0
2013-05-28,EGX:VLMR,0.806375,0.806375,0.756496,0.773123,2048466.0
2013-05-29,EGX:VLMR,0.76481,0.773123,0.748183,0.756496,5971124.0
2013-06-02,EGX:VLMR,0.76481,0.76481,0.73987,0.756496,2464864.0
2013-06-03,EGX:VLMR,0.748183,0.748183,0.714931,0.731557,4412450.0
2013-06-04,EGX:VLMR,0.731557,0.731557,0.714931,0.723244,1416094.0
2013-06-05,EGX:VLMR,0.714931,0.714931,0.656739,0.665052,16680252.0
2013-06-06,EGX:VLMR,0.648425,0.665052,0.623486,0.640112,3053689.0
2013-06-09,EGX:VLMR,0.648425,0.648425,0.598547,0.615173,1491640.0
2013-06-10,EGX:VLMR,0.615173,0.615173,0.556981,0.590233,5667789.0
2013-06-11,EGX:VLMR,0.60686,0.60686,0.573607,0.58192,2206618.0
2013-06-12,EGX:VLMR,0.598547,0.598547,0.532041,0.548668,3781801.0
2013-06-13,EGX:VLMR,0.540355,0.58192,0.540355,0.565294,2105546.0
2013-06-16,EGX:VLMR,0.58192,0.58192,0.556981,0.556981,236654.0
2013-06-17,EGX:VLMR,0.556981,0.573607,0.540355,0.565294,1581022.0
2013-06-18,EGX:VLMR,0.565294,0.565294,0.540355,0.548668,3434379.0
2013-06-19,EGX:VLMR,0.556981,0.58192,0.556981,0.573607,1175379.0
2013-06-20,EGX:VLMR,0.573607,0.590233,0.565294,0.58192,4180794.0
2013-06-23,EGX:VLMR,0.58192,0.58192,0.548668,0.556981,1750357.0
2013-06-24,EGX:VLMR,0.556981,0.573607,0.556981,0.573607,454111.0
2013-06-25,EGX:VLMR,0.573607,0.58192,0.573607,0.573607,767417.0
2013-06-26,EGX:VLMR,0.58192,0.58192,0.573607,0.573607,376828.0
2013-06-27,EGX:VLMR,0.573607,0.590233,0.573607,0.58192,1137907.0
2013-06-30,EGX:VLMR,0.573607,0.598547,0.573607,0.590233,669830.0
2013-07-02,EGX:VLMR,0.590233,0.623486,0.590233,0.615173,5124078.0
2013-07-03,EGX:VLMR,0.556981,0.623486,0.556981,0.615173,2054284.0
2013-07-04,EGX:VLMR,0.673365,0.673365,0.640112,0.665052,14971633.0
2013-07-07,EGX:VLMR,0.714931,0.714931,0.631799,0.648425,1886689.0
2013-07-08,EGX:VLMR,0.648425,0.656739,0.590233,0.60686,4696402.0
2013-07-09,EGX:VLMR,0.598547,0.631799,0.598547,0.615173,1978167.0
2013-07-10,EGX:VLMR,0.623486,0.640112,0.615173,0.631799,1796689.0
2013-07-11,EGX:VLMR,0.631799,0.631799,0.615173,0.623486,1209235.0
2013-07-14,EGX:VLMR,0.623486,0.623486,0.60686,0.615173,660935.0
2013-07-15,EGX:VLMR,0.615173,0.615173,0.60686,0.615173,743623.0
2013-07-16,EGX:VLMR,0.615173,0.623486,0.60686,0.615173,1002320.0
2013-07-17,EGX:VLMR,0.623486,0.623486,0.598547,0.60686,1252693.0
2013-07-18,EGX:VLMR,0.60686,0.623486,0.590233,0.60686,2220879.0
2013-07-21,EGX:VLMR,0.60686,0.615173,0.598547,0.60686,216613.0
2013-07-22,EGX:VLMR,0.615173,0.623486,0.60686,0.615173,610227.0
2013-07-24,EGX:VLMR,0.60686,0.60686,0.590233,0.598547,886976.0
2013-07-25,EGX:VLMR,0.590233,0.615173,0.590233,0.60686,446985.0
2013-07-28,EGX:VLMR,0.60686,0.615173,0.598547,0.60686,372082.0
2013-07-29,EGX:VLMR,0.60686,0.615173,0.60686,0.60686,214045.0
2013-07-30,EGX:VLMR,0.615173,0.623486,0.615173,0.615173,771794.0
2013-07-31,EGX:VLMR,0.615173,0.623486,0.60686,0.615173,1109053.0
2013-08-01,EGX:VLMR,0.615173,0.615173,0.60686,0.60686,511868.0
2013-08-04,EGX:VLMR,0.615173,0.623486,0.615173,0.615173,808932.0
2013-08-05,EGX:VLMR,0.623486,0.631799,0.615173,0.623486,2450731.0
2013-08-06,EGX:VLMR,0.623486,0.631799,0.615173,0.623486,722988.0
2013-08-07,EGX:VLMR,0.623486,0.631799,0.615173,0.623486,802776.0
2013-08-12,EGX:VLMR,0.623486,0.631799,0.615173,0.623486,384471.0
2013-08-13,EGX:VLMR,0.631799,0.631799,0.623486,0.623486,684062.0
2013-08-14,EGX:VLMR,0.623486,0.623486,0.60686,0.615173,1479334.0
2013-08-18,EGX:VLMR,0.60686,0.60686,0.590233,0.598547,1253826.0
2013-08-19,EGX:VLMR,0.598547,0.60686,0.590233,0.598547,1021054.0
2013-08-20,EGX:VLMR,0.615173,0.615173,0.598547,0.598547,5391267.0
2013-08-21,EGX:VLMR,0.60686,0.60686,0.598547,0.60686,282667.0
2013-08-22,EGX:VLMR,0.60686,0.615173,0.598547,0.60686,504254.0
2013-08-25,EGX:VLMR,0.60686,0.615173,0.60686,0.615173,548415.0
2013-08-26,EGX:VLMR,0.615173,0.623486,0.598547,0.598547,7441709.0
2013-08-27,EGX:VLMR,0.60686,0.60686,0.58192,0.58192,2738667.0
2013-08-28,EGX:VLMR,0.58192,0.58192,0.573607,0.58192,1151713.0
2013-08-29,EGX:VLMR,0.58192,0.590233,0.58192,0.590233,825390.0
2013-09-01,EGX:VLMR,0.590233,0.598547,0.58192,0.590233,800690.0
2013-09-02,EGX:VLMR,0.590233,0.590233,0.58192,0.58192,398744.0
2013-09-03,EGX:VLMR,0.58192,0.590233,0.573607,0.573607,289264.0
2013-09-04,EGX:VLMR,0.58192,0.590233,0.573607,0.58192,1144544.0
2013-09-05,EGX:VLMR,0.58192,0.590233,0.573607,0.58192,404671.0
2013-09-08,EGX:VLMR,0.58192,0.58192,0.573607,0.573607,60758.0
2013-09-09,EGX:VLMR,0.573607,0.590233,0.573607,0.58192,383037.0
2013-09-10,EGX:VLMR,0.58192,0.60686,0.573607,0.58192,3823132.0
2013-09-11,EGX:VLMR,0.598547,0.640112,0.598547,0.623486,3811481.0
2013-09-12,EGX:VLMR,0.631799,0.648425,0.623486,0.631799,2198583.0
2013-09-15,EGX:VLMR,0.640112,0.673365,0.631799,0.648425,2495428.0
2013-09-16,EGX:VLMR,0.665052,0.673365,0.656739,0.665052,1185487.0
2013-09-17,EGX:VLMR,0.656739,0.665052,0.648425,0.656739,522897.0
2013-09-18,EGX:VLMR,0.656739,0.656739,0.648425,0.648425,1099385.0
2013-09-19,EGX:VLMR,0.656739,0.706617,0.656739,0.689991,3870604.0
2013-09-22,EGX:VLMR,0.698304,0.714931,0.689991,0.698304,901396.0
2013-09-23,EGX:VLMR,0.698304,0.706617,0.689991,0.706617,1865012.0
2013-09-24,EGX:VLMR,0.714931,0.714931,0.698304,0.706617,897166.0
2013-09-25,EGX:VLMR,0.706617,0.706617,0.698304,0.698304,621823.0
2013-09-26,EGX:VLMR,0.706617,0.723244,0.706617,0.714931,1811021.0
2013-09-29,EGX:VLMR,0.723244,0.731557,0.714931,0.723244,1992634.0
2013-09-30,EGX:VLMR,0.723244,0.731557,0.706617,0.714931,1975501.0
2013-10-01,EGX:VLMR,0.714931,0.731557,0.714931,0.723244,777807.0
2013-10-02,EGX:VLMR,0.723244,0.731557,0.714931,0.723244,1752310.0
2013-10-03,EGX:VLMR,0.723244,0.731557,0.723244,0.723244,198379.0
2013-10-07,EGX:VLMR,0.731557,0.731557,0.723244,0.723244,962011.0
2013-10-08,EGX:VLMR,0.731557,0.731557,0.723244,0.723244,591935.0
2013-10-09,EGX:VLMR,0.731557,0.748183,0.723244,0.731557,2511720.0
2013-10-10,EGX:VLMR,0.748183,0.781436,0.748183,0.773123,2434887.0
2013-10-13,EGX:VLMR,0.76481,0.789749,0.76481,0.781436,1245620.0
2013-10-20,EGX:VLMR,0.789749,0.798062,0.781436,0.789749,1857348.0
2013-10-21,EGX:VLMR,0.789749,0.806375,0.781436,0.798062,1130950.0
2013-10-22,EGX:VLMR,0.798062,0.814688,0.789749,0.806375,1981949.0
2013-10-23,EGX:VLMR,0.789749,0.806375,0.781436,0.789749,863814.0
2013-10-24,EGX:VLMR,0.789749,0.798062,0.781436,0.789749,605499.0
2013-10-27,EGX:VLMR,0.798062,0.798062,0.756496,0.773123,2217412.0
2013-10-28,EGX:VLMR,0.76481,0.76481,0.73987,0.748183,1860437.0
2013-10-29,EGX:VLMR,0.748183,0.789749,0.748183,0.773123,1641673.0
2013-10-30,EGX:VLMR,0.781436,0.789749,0.773123,0.773123,780033.0
2013-10-31,EGX:VLMR,0.773123,0.781436,0.76481,0.773123,689485.0
2013-11-03,EGX:VLMR,0.773123,0.773123,0.76481,0.773123,332843.0
2013-11-04,EGX:VLMR,0.773123,0.789749,0.773123,0.781436,948594.0
2013-11-06,EGX:VLMR,0.789749,0.798062,0.789749,0.789749,453407.0
2013-11-07,EGX:VLMR,0.789749,0.798062,0.789749,0.789749,537428.0
2013-11-10,EGX:VLMR,0.789749,0.789749,0.773123,0.781436,980454.0
2013-11-11,EGX:VLMR,0.773123,0.781436,0.773123,0.773123,1767703.0
2013-11-12,EGX:VLMR,0.781436,0.789749,0.773123,0.781436,500305.0
2013-11-13,EGX:VLMR,0.773123,0.773123,0.756496,0.76481,1786321.0
2013-11-14,EGX:VLMR,0.756496,0.76481,0.73987,0.756496,2361849.0
2013-11-17,EGX:VLMR,0.756496,0.76481,0.748183,0.756496,607811.0
2013-11-18,EGX:VLMR,0.76481,0.76481,0.756496,0.76481,205854.0
2013-11-19,EGX:VLMR,0.76481,0.773123,0.756496,0.76481,627921.0
2013-11-20,EGX:VLMR,0.76481,0.773123,0.76481,0.773123,579007.0
2013-11-21,EGX:VLMR,0.773123,0.773123,0.756496,0.76481,2743209.0
2013-11-24,EGX:VLMR,0.756496,0.781436,0.756496,0.773123,1175560.0
2013-11-25,EGX:VLMR,0.76481,0.76481,0.748183,0.756496,1148119.0
2013-11-26,EGX:VLMR,0.756496,0.773123,0.756496,0.76481,1572474.0
2013-11-27,EGX:VLMR,0.756496,0.756496,0.73987,0.748183,1591873.0
2013-11-28,EGX:VLMR,0.748183,0.756496,0.73987,0.748183,309629.0
2013-12-01,EGX:VLMR,0.756496,0.756496,0.748183,0.756496,405873.0
2013-12-02,EGX:VLMR,0.756496,0.76481,0.73987,0.748183,788678.0
2013-12-03,EGX:VLMR,0.748183,0.748183,0.73987,0.73987,660632.0
2013-12-04,EGX:VLMR,0.73987,0.748183,0.731557,0.73987,1600645.0
2013-12-05,EGX:VLMR,0.73987,0.748183,0.73987,0.73987,92922.0
2013-12-08,EGX:VLMR,0.748183,0.773123,0.748183,0.76481,1431294.0
2013-12-09,EGX:VLMR,0.76481,0.781436,0.76481,0.773123,3229627.0
2013-12-10,EGX:VLMR,0.773123,0.773123,0.76481,0.773123,596659.0
2013-12-11,EGX:VLMR,0.773123,0.773123,0.756496,0.76481,1253226.0
2013-12-12,EGX:VLMR,0.76481,0.781436,0.76481,0.773123,3231825.0
2013-12-15,EGX:VLMR,0.781436,0.781436,0.773123,0.781436,531286.0
2013-12-16,EGX:VLMR,0.773123,0.773123,0.76481,0.773123,1221814.0
2013-12-17,EGX:VLMR,0.76481,0.781436,0.76481,0.773123,1909996.0
2013-12-18,EGX:VLMR,0.773123,0.773123,0.76481,0.773123,2389341.0
2013-12-19,EGX:VLMR,0.773123,0.773123,0.748183,0.756496,2847851.0
2013-12-22,EGX:VLMR,0.756496,0.756496,0.73987,0.748183,627851.0
2013-12-23,EGX:VLMR,0.748183,0.748183,0.731557,0.73987,817048.0
2013-12-24,EGX:VLMR,0.731557,0.748183,0.731557,0.73987,1330408.0
2013-12-25,EGX:VLMR,0.748183,0.76481,0.748183,0.756496,580645.0
2013-12-26,EGX:VLMR,0.756496,0.756496,0.748183,0.748183,270389.0
2013-12-29,EGX:VLMR,0.748183,0.756496,0.73987,0.748183,173798.0
2013-12-30,EGX:VLMR,0.748183,0.76481,0.748183,0.756496,677881.0
2013-12-31,EGX:VLMR,0.756496,0.76481,0.748183,0.756496,835778.0
2014-01-02,EGX:VLMR,0.756496,0.756496,0.748183,0.748183,481918.0
2014-01-05,EGX:VLMR,0.748183,0.748183,0.731557,0.73987,849088.0
2014-01-06,EGX:VLMR,0.73987,0.73987,0.714931,0.723244,953035.0
2014-01-08,EGX:VLMR,0.731557,0.731557,0.714931,0.723244,771645.0
2014-01-09,EGX:VLMR,0.723244,0.723244,0.706617,0.714931,1129243.0
2014-01-12,EGX:VLMR,0.723244,0.748183,0.723244,0.73987,2437108.0
2014-01-14,EGX:VLMR,0.73987,0.748183,0.723244,0.731557,1317418.0
2014-01-15,EGX:VLMR,0.73987,0.748183,0.731557,0.731557,1086630.0
2014-01-16,EGX:VLMR,0.73987,0.748183,0.73987,0.73987,974592.0
2014-01-19,EGX:VLMR,0.73987,0.756496,0.731557,0.73987,842733.0
2014-01-20,EGX:VLMR,0.73987,0.773123,0.73987,0.756496,3068014.0
2014-01-21,EGX:VLMR,0.76481,0.831315,0.76481,0.806375,6311747.0
2014-01-22,EGX:VLMR,0.823002,0.839628,0.823002,0.831315,2833098.0
2014-01-23,EGX:VLMR,0.831315,0.831315,0.814688,0.823002,1491768.0
2014-01-26,EGX:VLMR,0.823002,0.831315,0.806375,0.814688,718247.0
2014-01-27,EGX:VLMR,0.814688,0.831315,0.806375,0.823002,833869.0
2014-01-28,EGX:VLMR,0.831315,0.839628,0.823002,0.831315,2364850.0
2014-01-29,EGX:VLMR,0.831315,0.831315,0.806375,0.823002,1265865.0
2014-01-30,EGX:VLMR,0.823002,0.831315,0.814688,0.823002,697290.0
2014-02-02,EGX:VLMR,0.831315,0.831315,0.806375,0.814688,740460.0
2014-02-03,EGX:VLMR,0.806375,0.814688,0.798062,0.806375,851814.0
2014-02-04,EGX:VLMR,0.806375,0.806375,0.76481,0.789749,2525960.0
2014-02-05,EGX:VLMR,0.789749,0.798062,0.781436,0.798062,837733.0
2014-02-06,EGX:VLMR,0.798062,0.814688,0.789749,0.798062,1287241.0
2014-02-09,EGX:VLMR,0.789749,0.806375,0.789749,0.798062,470421.0
2014-02-10,EGX:VLMR,0.806375,0.814688,0.798062,0.806375,537248.0
2014-02-11,EGX:VLMR,0.806375,0.806375,0.798062,0.806375,662332.0
2014-02-12,EGX:VLMR,0.806375,0.806375,0.798062,0.806375,237924.0
2014-02-13,EGX:VLMR,0.798062,0.806375,0.789749,0.798062,755708.0
2014-02-16,EGX:VLMR,0.798062,0.806375,0.789749,0.798062,409121.0
2014-02-17,EGX:VLMR,0.789749,0.798062,0.789749,0.789749,812194.0
2014-02-18,EGX:VLMR,0.798062,0.806375,0.798062,0.806375,708962.0
2014-02-19,EGX:VLMR,0.806375,0.814688,0.798062,0.806375,1386673.0
2014-02-20,EGX:VLMR,0.814688,0.831315,0.806375,0.823002,1584135.0
2014-02-23,EGX:VLMR,0.831315,0.89782,0.831315,0.864567,5436649.0
2014-02-24,EGX:VLMR,0.87288,0.922759,0.856254,0.89782,4812964.0
2014-02-25,EGX:VLMR,0.914446,0.931072,0.889507,0.914446,2467071.0
2014-02-26,EGX:VLMR,0.89782,0.931072,0.89782,0.922759,1959752.0
2014-02-27,EGX:VLMR,0.922759,0.964325,0.922759,0.947699,2749555.0
2014-03-02,EGX:VLMR,0.964325,0.964325,0.914446,0.939386,1664355.0
2014-03-03,EGX:VLMR,0.939386,0.939386,0.889507,0.906133,2465438.0
2014-03-04,EGX:VLMR,0.906133,0.939386,0.906133,0.922759,1216864.0
2014-03-05,EGX:VLMR,0.931072,0.947699,0.914446,0.922759,2286873.0
2014-03-06,EGX:VLMR,0.914446,0.914446,0.89782,0.906133,863498.0
2014-03-09,EGX:VLMR,0.906133,0.914446,0.89782,0.906133,642128.0
2014-03-10,EGX:VLMR,0.89782,0.939386,0.889507,0.914446,1604457.0
2014-03-11,EGX:VLMR,0.939386,0.947699,0.922759,0.939386,804290.0
2014-03-12,EGX:VLMR,0.947699,0.947699,0.922759,0.931072,796171.0
2014-03-13,EGX:VLMR,0.922759,0.947699,0.922759,0.939386,1156360.0
2014-03-16,EGX:VLMR,0.939386,0.939386,0.914446,0.922759,1151117.0
2014-03-17,EGX:VLMR,0.956012,0.956012,0.914446,0.922759,925874.0
2014-03-18,EGX:VLMR,0.922759,0.922759,0.914446,0.914446,608089.0
2014-03-19,EGX:VLMR,0.922759,0.972638,0.914446,0.947699,2498766.0
2014-03-20,EGX:VLMR,0.972638,0.989264,0.956012,0.980951,5070965.0
2014-03-23,EGX:VLMR,0.972638,0.980951,0.947699,0.964325,979977.0
2014-03-24,EGX:VLMR,0.964325,0.964325,0.956012,0.956012,799377.0
2014-03-25,EGX:VLMR,0.964325,0.972638,0.956012,0.964325,1122984.0
2014-03-26,EGX:VLMR,0.972638,0.980951,0.956012,0.964325,1957361.0
2014-03-27,EGX:VLMR,0.980951,0.980951,0.931072,0.947699,2087270.0
2014-03-30,EGX:VLMR,0.939386,0.947699,0.922759,0.931072,2812055.0
2014-03-31,EGX:VLMR,0.960616,0.960616,0.900037,0.917345,1464009.0
2014-04-01,EGX:VLMR,0.908691,0.934654,0.908691,0.925999,274374.0
2014-04-02,EGX:VLMR,0.925999,0.934654,0.908691,0.917345,1245636.0
2014-04-03,EGX:VLMR,0.917345,0.917345,0.874074,0.891383,1430457.0
2014-04-06,EGX:VLMR,0.900037,0.908691,0.804841,0.848112,2395824.0
2014-04-07,EGX:VLMR,0.813495,0.874074,0.813495,0.848112,664512.0
2014-04-08,EGX:VLMR,0.874074,0.900037,0.86542,0.882728,946720.0
2014-04-09,EGX:VLMR,0.891383,0.891383,0.86542,0.874074,422139.0
2014-04-10,EGX:VLMR,0.882728,0.900037,0.874074,0.891383,889347.0
2014-04-13,EGX:VLMR,0.900037,0.900037,0.86542,0.874074,616100.0
2014-04-14,EGX:VLMR,0.882728,0.891383,0.874074,0.882728,255166.0
2014-04-15,EGX:VLMR,0.882728,0.891383,0.874074,0.882728,348198.0
2014-04-16,EGX:VLMR,0.874074,0.891383,0.874074,0.891383,1293073.0
2014-04-17,EGX:VLMR,0.891383,0.908691,0.874074,0.891383,1076469.0
2014-04-22,EGX:VLMR,0.900037,0.908691,0.891383,0.900037,2173600.0
2014-04-23,EGX:VLMR,0.891383,0.908691,0.882728,0.891383,2787776.0
2014-04-27,EGX:VLMR,0.900037,0.900037,0.891383,0.900037,2115379.0
2014-04-28,EGX:VLMR,0.891383,0.900037,0.874074,0.882728,1525182.0
2014-04-29,EGX:VLMR,0.891383,0.900037,0.874074,0.891383,671372.0
2014-04-30,EGX:VLMR,0.900037,0.925999,0.891383,0.908691,1352297.0
2014-05-04,EGX:VLMR,0.908691,0.934654,0.908691,0.925999,489797.0
2014-05-05,EGX:VLMR,0.925999,0.943308,0.908691,0.934654,1177263.0
2014-05-06,EGX:VLMR,0.943308,0.951962,0.934654,0.943308,417632.0
2014-05-07,EGX:VLMR,0.951962,0.951962,0.925999,0.943308,920090.0
2014-05-08,EGX:VLMR,0.943308,0.943308,0.925999,0.943308,601174.0
2014-05-11,EGX:VLMR,0.925999,0.943308,0.925999,0.934654,239507.0
2014-05-12,EGX:VLMR,0.934654,0.943308,0.934654,0.943308,279670.0
2014-05-13,EGX:VLMR,0.943308,0.951962,0.943308,0.943308,364253.0
2014-05-14,EGX:VLMR,0.943308,0.951962,0.943308,0.951962,633711.0
2014-05-15,EGX:VLMR,0.960616,0.995233,0.943308,0.96927,2799043.0
2014-05-18,EGX:VLMR,0.995233,0.995233,0.96927,0.977925,928149.0
2014-05-19,EGX:VLMR,0.96927,0.986579,0.96927,0.986579,1122823.0
2014-05-20,EGX:VLMR,0.977925,0.977925,0.951962,0.960616,1432930.0
2014-05-21,EGX:VLMR,0.960616,0.977925,0.951962,0.960616,1956832.0
2014-05-22,EGX:VLMR,0.977925,0.986579,0.96927,0.977925,1752879.0
2014-05-25,EGX:VLMR,0.977925,0.995233,0.96927,0.986579,866752.0
2014-05-26,EGX:VLMR,0.986579,0.995233,0.96927,0.977925,393163.0
2014-05-28,EGX:VLMR,0.96927,0.977925,0.960616,0.96927,1085617.0
2014-05-29,EGX:VLMR,0.977925,0.977925,0.943308,0.960616,1441143.0
2014-06-01,EGX:VLMR,0.960616,0.960616,0.882728,0.908691,2350303.0
2014-06-02,EGX:VLMR,0.934654,0.951962,0.908691,0.925999,1371944.0
2014-06-03,EGX:VLMR,0.943308,0.943308,0.917345,0.925999,320389.0
2014-06-04,EGX:VLMR,0.934654,0.951962,0.925999,0.943308,560577.0
2014-06-05,EGX:VLMR,0.951962,0.96927,0.951962,0.960616,1629848.0
2014-06-09,EGX:VLMR,0.96927,0.96927,0.951962,0.960616,513780.0
2014-06-10,EGX:VLMR,0.951962,0.951962,0.943308,0.951962,439593.0
2014-06-11,EGX:VLMR,0.951962,0.951962,0.934654,0.943308,540325.0
2014-06-12,EGX:VLMR,0.943308,0.951962,0.934654,0.943308,427427.0
2014-06-15,EGX:VLMR,0.934654,0.943308,0.934654,0.934654,126157.0
2014-06-16,EGX:VLMR,0.934654,0.943308,0.925999,0.925999,790600.0
2014-06-17,EGX:VLMR,0.925999,0.934654,0.917345,0.917345,342288.0
2014-06-18,EGX:VLMR,0.925999,0.925999,0.900037,0.908691,882005.0
2014-06-19,EGX:VLMR,0.908691,0.917345,0.891383,0.900037,522071.0
2014-06-22,EGX:VLMR,0.900037,0.908691,0.900037,0.908691,156851.0
2014-06-23,EGX:VLMR,0.908691,0.925999,0.900037,0.908691,1045727.0
2014-06-24,EGX:VLMR,0.934654,0.934654,0.900037,0.908691,649319.0
2014-06-25,EGX:VLMR,0.900037,0.908691,0.891383,0.900037,1801754.0
2014-06-26,EGX:VLMR,0.908691,0.908691,0.900037,0.908691,84569.0
2014-06-29,EGX:VLMR,0.908691,0.908691,0.900037,0.900037,142157.0
2014-06-30,EGX:VLMR,0.900037,0.908691,0.900037,0.908691,577483.0
2014-07-02,EGX:VLMR,0.900037,0.908691,0.891383,0.900037,681629.0
2014-07-03,EGX:VLMR,0.908691,0.908691,0.900037,0.908691,71453.0
2014-07-06,EGX:VLMR,0.900037,0.917345,0.900037,0.908691,861149.0
2014-07-07,EGX:VLMR,0.908691,0.908691,0.900037,0.908691,368044.0
2014-07-08,EGX:VLMR,0.908691,0.943308,0.908691,0.925999,714133.0
2014-07-09,EGX:VLMR,0.934654,0.934654,0.925999,0.934654,167864.0
2014-07-10,EGX:VLMR,0.917345,0.925999,0.908691,0.917345,238279.0
2014-07-13,EGX:VLMR,0.917345,0.917345,0.908691,0.908691,144438.0
2014-07-14,EGX:VLMR,0.917345,0.917345,0.900037,0.908691,395337.0
2014-07-15,EGX:VLMR,0.917345,0.925999,0.908691,0.917345,99135.0
2014-07-16,EGX:VLMR,0.917345,0.917345,0.900037,0.908691,374020.0
2014-07-17,EGX:VLMR,0.908691,0.917345,0.908691,0.917345,99769.0
2014-07-20,EGX:VLMR,0.908691,0.908691,0.908691,0.908691,53277.0
2014-07-21,EGX:VLMR,0.908691,0.908691,0.900037,0.900037,31293.0
2014-07-22,EGX:VLMR,0.908691,0.908691,0.900037,0.908691,240811.0
2014-07-24,EGX:VLMR,0.908691,0.917345,0.908691,0.908691,247852.0
2014-07-27,EGX:VLMR,0.908691,0.917345,0.908691,0.908691,142692.0
2014-07-31,EGX:VLMR,0.917345,0.917345,0.900037,0.900037,671282.0
2014-08-03,EGX:VLMR,0.908691,0.908691,0.900037,0.900037,212674.0
2014-08-04,EGX:VLMR,0.900037,0.917345,0.900037,0.908691,70982.0
2014-08-05,EGX:VLMR,0.908691,0.917345,0.900037,0.908691,332096.0
2014-08-06,EGX:VLMR,0.900037,0.917345,0.900037,0.908691,211355.0
2014-08-07,EGX:VLMR,0.908691,0.917345,0.900037,0.908691,1146503.0
2014-08-10,EGX:VLMR,0.908691,0.908691,0.900037,0.900037,462541.0
2014-08-11,EGX:VLMR,0.908691,0.908691,0.900037,0.900037,645404.0
2014-08-12,EGX:VLMR,0.900037,0.908691,0.900037,0.908691,572222.0
2014-08-13,EGX:VLMR,0.908691,0.917345,0.908691,0.908691,515796.0
2014-08-14,EGX:VLMR,0.908691,0.908691,0.900037,0.908691,344280.0
2014-08-17,EGX:VLMR,0.908691,0.908691,0.900037,0.908691,364013.0
2014-08-18,EGX:VLMR,0.908691,0.908691,0.900037,0.900037,234824.0
2014-08-19,EGX:VLMR,0.900037,0.900037,0.856766,0.874074,2605394.0
2014-08-20,EGX:VLMR,0.874074,0.874074,0.813495,0.839457,1798703.0
2014-08-21,EGX:VLMR,0.839457,0.856766,0.830803,0.839457,276314.0
2014-08-24,EGX:VLMR,0.848112,0.856766,0.839457,0.848112,260108.0
2014-08-25,EGX:VLMR,0.848112,0.848112,0.830803,0.839457,351543.0
2014-08-26,EGX:VLMR,0.839457,0.839457,0.822149,0.830803,1484176.0
2014-08-27,EGX:VLMR,0.830803,0.839457,0.830803,0.839457,360760.0
2014-08-28,EGX:VLMR,0.839457,0.848112,0.839457,0.839457,412197.0
2014-08-31,EGX:VLMR,0.839457,0.856766,0.830803,0.839457,702973.0
2014-09-01,EGX:VLMR,0.839457,0.839457,0.822149,0.830803,160916.0
2014-09-02,EGX:VLMR,0.839457,0.839457,0.796186,0.813495,2394871.0
2014-09-03,EGX:VLMR,0.804841,0.822149,0.804841,0.822149,1084517.0
2014-09-04,EGX:VLMR,0.813495,0.822149,0.804841,0.813495,1022969.0
2014-09-07,EGX:VLMR,0.822149,0.822149,0.804841,0.813495,264312.0
2014-09-08,EGX:VLMR,0.813495,0.813495,0.796186,0.813495,1426394.0
2014-09-09,EGX:VLMR,0.813495,0.813495,0.796186,0.804841,143305.0
2014-09-10,EGX:VLMR,0.804841,0.804841,0.787532,0.796186,876320.0
2014-09-11,EGX:VLMR,0.787532,0.796186,0.778878,0.787532,462710.0
2014-09-14,EGX:VLMR,0.796186,0.813495,0.796186,0.804841,1529943.0
2014-09-15,EGX:VLMR,0.804841,0.813495,0.804841,0.813495,242465.0
2014-09-16,EGX:VLMR,0.813495,0.813495,0.796186,0.804841,124061.0
2014-09-17,EGX:VLMR,0.804841,0.813495,0.804841,0.804841,119448.0
2014-09-18,EGX:VLMR,0.813495,0.813495,0.796186,0.804841,1090734.0
2014-09-21,EGX:VLMR,0.804841,0.813495,0.804841,0.813495,719631.0
2014-09-22,EGX:VLMR,0.813495,0.839457,0.804841,0.822149,1228443.0
2014-09-23,EGX:VLMR,0.822149,0.830803,0.822149,0.830803,377285.0
2014-09-24,EGX:VLMR,0.822149,0.822149,0.813495,0.813495,466225.0
2014-09-25,EGX:VLMR,0.822149,0.822149,0.813495,0.822149,1081058.0
2014-09-28,EGX:VLMR,0.813495,0.813495,0.796186,0.804841,410609.0
2014-09-29,EGX:VLMR,0.813495,0.813495,0.804841,0.804841,93251.0
2014-09-30,EGX:VLMR,0.804841,0.813495,0.796186,0.804841,490231.0
2014-10-01,EGX:VLMR,0.804841,0.822149,0.804841,0.813495,246174.0
2014-10-02,EGX:VLMR,0.813495,0.813495,0.804841,0.804841,147918.0
2014-10-08,EGX:VLMR,0.804841,0.804841,0.778878,0.787532,627671.0
2014-10-09,EGX:VLMR,0.787532,0.804841,0.787532,0.804841,130624.0
2014-10-12,EGX:VLMR,0.796186,0.796186,0.76157,0.770224,766509.0
2014-10-13,EGX:VLMR,0.770224,0.778878,0.752915,0.76157,778677.0
2014-10-14,EGX:VLMR,0.770224,0.770224,0.735607,0.744261,721541.0
2014-10-15,EGX:VLMR,0.752915,0.752915,0.735607,0.744261,420743.0
2014-10-16,EGX:VLMR,0.735607,0.744261,0.709644,0.726953,1037342.0
2014-10-19,EGX:VLMR,0.744261,0.744261,0.70099,0.718299,664560.0
2014-10-20,EGX:VLMR,0.726953,0.744261,0.709644,0.726953,698181.0
2014-10-21,EGX:VLMR,0.735607,0.76157,0.735607,0.744261,520103.0
2014-10-22,EGX:VLMR,0.76157,0.76157,0.752915,0.76157,414696.0
2014-10-23,EGX:VLMR,0.744261,0.770224,0.744261,0.76157,578316.0
2014-10-26,EGX:VLMR,0.76157,0.76157,0.735607,0.752915,271786.0
2014-10-27,EGX:VLMR,0.752915,0.752915,0.726953,0.744261,1638222.0
2014-10-28,EGX:VLMR,0.735607,0.752915,0.735607,0.744261,221076.0
2014-10-29,EGX:VLMR,0.744261,0.76157,0.744261,0.752915,630043.0
2014-10-30,EGX:VLMR,0.752915,0.770224,0.744261,0.76157,922545.0
2014-11-02,EGX:VLMR,0.770224,0.787532,0.76157,0.770224,1176177.0
2014-11-03,EGX:VLMR,0.778878,0.796186,0.778878,0.778878,5157351.0
2014-11-04,EGX:VLMR,0.787532,0.787532,0.770224,0.778878,615943.0
2014-11-05,EGX:VLMR,0.778878,0.778878,0.76157,0.770224,435044.0
2014-11-06,EGX:VLMR,0.770224,0.770224,0.744261,0.752915,786266.0
2014-11-09,EGX:VLMR,0.752915,0.752915,0.726953,0.735607,765662.0
2014-11-10,EGX:VLMR,0.726953,0.752915,0.726953,0.744261,478115.0
2014-11-11,EGX:VLMR,0.735607,0.744261,0.718299,0.726953,1037617.0
2014-11-12,EGX:VLMR,0.735607,0.735607,0.709644,0.726953,1510883.0
2014-11-13,EGX:VLMR,0.726953,0.726953,0.709644,0.726953,1599254.0
2014-11-16,EGX:VLMR,0.726953,0.726953,0.709644,0.718299,161325.0
2014-11-17,EGX:VLMR,0.718299,0.726953,0.709644,0.718299,543034.0
2014-11-18,EGX:VLMR,0.726953,0.726953,0.718299,0.718299,243119.0
2014-11-19,EGX:VLMR,0.726953,0.726953,0.718299,0.718299,192322.0
2014-11-20,EGX:VLMR,0.718299,0.726953,0.718299,0.718299,141394.0
2014-11-23,EGX:VLMR,0.718299,0.726953,0.692336,0.709644,971237.0
2014-11-24,EGX:VLMR,0.70099,0.70099,0.683682,0.692336,353397.0
2014-11-25,EGX:VLMR,0.692336,0.709644,0.692336,0.70099,603441.0
2014-11-26,EGX:VLMR,0.709644,0.709644,0.70099,0.709644,282601.0
2014-11-27,EGX:VLMR,0.70099,0.718299,0.70099,0.718299,448055.0
2014-11-30,EGX:VLMR,0.718299,0.718299,0.709644,0.718299,527619.0
2014-12-01,EGX:VLMR,0.709644,0.709644,0.692336,0.70099,579543.0
2014-12-02,EGX:VLMR,0.70099,0.70099,0.675028,0.683682,1229047.0
2014-12-03,EGX:VLMR,0.683682,0.692336,0.675028,0.675028,621092.0
2014-12-04,EGX:VLMR,0.692336,0.70099,0.692336,0.692336,437714.0
2014-12-07,EGX:VLMR,0.683682,0.692336,0.683682,0.683682,1205020.0
2014-12-08,EGX:VLMR,0.692336,0.692336,0.683682,0.683682,696010.0
2014-12-09,EGX:VLMR,0.683682,0.683682,0.649065,0.666373,1467653.0
2014-12-10,EGX:VLMR,0.649065,0.657719,0.631757,0.640411,1680580.0
2014-12-11,EGX:VLMR,0.640411,0.640411,0.579831,0.588486,3250850.0
2014-12-14,EGX:VLMR,0.562523,0.571177,0.53656,0.553869,1788990.0
2014-12-15,EGX:VLMR,0.571177,0.605794,0.562523,0.588486,2877401.0
2014-12-16,EGX:VLMR,0.605794,0.631757,0.562523,0.605794,4208991.0
2014-12-17,EGX:VLMR,0.623102,0.657719,0.588486,0.614448,3565041.0
2014-12-18,EGX:VLMR,0.623102,0.649065,0.614448,0.631757,3572853.0
2014-12-21,EGX:VLMR,0.657719,0.675028,0.649065,0.657719,1171436.0
2014-12-22,EGX:VLMR,0.666373,0.709644,0.666373,0.692336,3397036.0
2014-12-23,EGX:VLMR,0.70099,0.70099,0.675028,0.683682,2794502.0
2014-12-24,EGX:VLMR,0.692336,0.718299,0.692336,0.709644,1883816.0
2014-12-25,EGX:VLMR,0.709644,0.744261,0.709644,0.726953,1271359.0
2014-12-28,EGX:VLMR,0.726953,0.726953,0.683682,0.70099,1652320.0
2014-12-29,EGX:VLMR,0.692336,0.692336,0.657719,0.675028,1299835.0
2014-12-30,EGX:VLMR,0.649065,0.666373,0.640411,0.649065,348119.0
2014-12-31,EGX:VLMR,0.657719,0.666373,0.640411,0.649065,1016382.0
2015-01-04,EGX:VLMR,0.649065,0.657719,0.640411,0.649065,173712.0
2015-01-05,EGX:VLMR,0.649065,0.657719,0.640411,0.649065,504620.0
2015-01-06,EGX:VLMR,0.640411,0.640411,0.614448,0.631757,610746.0
2015-01-08,EGX:VLMR,0.640411,0.657719,0.623102,0.631757,1217015.0
2015-01-11,EGX:VLMR,0.631757,0.640411,0.631757,0.640411,93992.0
2015-01-12,EGX:VLMR,0.640411,0.649065,0.631757,0.649065,237099.0
2015-01-13,EGX:VLMR,0.640411,0.649065,0.631757,0.640411,256538.0
2015-01-14,EGX:VLMR,0.649065,0.649065,0.631757,0.640411,266938.0
2015-01-15,EGX:VLMR,0.640411,0.649065,0.631757,0.640411,231762.0
2015-01-18,EGX:VLMR,0.640411,0.649065,0.631757,0.640411,365283.0
2015-01-19,EGX:VLMR,0.631757,0.631757,0.614448,0.623102,1439657.0
2015-01-20,EGX:VLMR,0.631757,0.631757,0.605794,0.605794,1439878.0
2015-01-21,EGX:VLMR,0.614448,0.614448,0.605794,0.614448,91071.0
2015-01-22,EGX:VLMR,0.614448,0.631757,0.614448,0.623102,323371.0
2015-01-26,EGX:VLMR,0.623102,0.640411,0.614448,0.623102,584116.0
2015-01-27,EGX:VLMR,0.640411,0.649065,0.631757,0.640411,3176008.0
2015-01-28,EGX:VLMR,0.631757,0.631757,0.623102,0.631757,198257.0
2015-01-29,EGX:VLMR,0.623102,0.640411,0.614448,0.623102,520878.0
2015-02-01,EGX:VLMR,0.631757,0.631757,0.623102,0.623102,133553.0
2015-02-02,EGX:VLMR,0.623102,0.631757,0.614448,0.623102,479159.0
2015-02-03,EGX:VLMR,0.631757,0.631757,0.59714,0.614448,13173382.0
2015-02-04,EGX:VLMR,0.623102,0.623102,0.605794,0.614448,1682338.0
2015-02-05,EGX:VLMR,0.605794,0.614448,0.59714,0.605794,1227430.0
2015-02-08,EGX:VLMR,0.605794,0.614448,0.605794,0.605794,92789.0
2015-02-09,EGX:VLMR,0.614448,0.614448,0.59714,0.605794,199049.0
2015-02-10,EGX:VLMR,0.605794,0.605794,0.59714,0.605794,143252.0
2015-02-11,EGX:VLMR,0.605794,0.605794,0.59714,0.59714,374626.0
2015-02-12,EGX:VLMR,0.605794,0.605794,0.59714,0.605794,210676.0
2015-02-15,EGX:VLMR,0.605794,0.614448,0.605794,0.614448,178486.0
2015-02-16,EGX:VLMR,0.605794,0.605794,0.59714,0.605794,532346.0
2015-02-17,EGX:VLMR,0.605794,0.605794,0.588486,0.59714,587883.0
2015-02-18,EGX:VLMR,0.59714,0.605794,0.59714,0.605794,94140.0
2015-02-19,EGX:VLMR,0.605794,0.605794,0.588486,0.59714,962802.0
2015-02-22,EGX:VLMR,0.59714,0.605794,0.59714,0.605794,387792.0
2015-02-23,EGX:VLMR,0.59714,0.605794,0.588486,0.59714,560118.0
2015-02-24,EGX:VLMR,0.59714,0.59714,0.59714,0.59714,242727.0
2015-02-25,EGX:VLMR,0.59714,0.59714,0.579831,0.588486,1526762.0
2015-02-26,EGX:VLMR,0.588486,0.59714,0.588486,0.588486,675473.0
2015-03-01,EGX:VLMR,0.588486,0.59714,0.579831,0.588486,207674.0
2015-03-02,EGX:VLMR,0.588486,0.588486,0.571177,0.579831,2324415.0
2015-03-03,EGX:VLMR,0.579831,0.579831,0.571177,0.571177,220044.0
2015-03-04,EGX:VLMR,0.571177,0.579831,0.562523,0.571177,1837353.0
2015-03-05,EGX:VLMR,0.571177,0.588486,0.571177,0.579831,721176.0
2015-03-08,EGX:VLMR,0.579831,0.59714,0.571177,0.579831,654213.0
2015-03-09,EGX:VLMR,0.588486,0.59714,0.579831,0.588486,693829.0
2015-03-10,EGX:VLMR,0.579831,0.579831,0.571177,0.571177,601490.0
2015-03-11,EGX:VLMR,0.571177,0.571177,0.562523,0.571177,545556.0
2015-03-12,EGX:VLMR,0.571177,0.579831,0.571177,0.571177,268348.0
2015-03-15,EGX:VLMR,0.579831,0.588486,0.562523,0.579831,535457.0
2015-03-16,EGX:VLMR,0.571177,0.571177,0.562523,0.571177,311306.0
2015-03-17,EGX:VLMR,0.562523,0.571177,0.553869,0.562523,1230112.0
2015-03-18,EGX:VLMR,0.562523,0.562523,0.553869,0.553869,781548.0
2015-03-19,EGX:VLMR,0.562523,0.562523,0.527906,0.545215,3808715.0
2015-03-22,EGX:VLMR,0.545215,0.545215,0.510598,0.519252,3235064.0
2015-03-23,EGX:VLMR,0.519252,0.527906,0.501944,0.519252,672566.0
2015-03-24,EGX:VLMR,0.519252,0.519252,0.493289,0.510598,3195914.0
2015-03-25,EGX:VLMR,0.501944,0.519252,0.501944,0.510598,1558421.0
2015-03-26,EGX:VLMR,0.501944,0.519252,0.501944,0.510598,1147435.0
2015-03-29,EGX:VLMR,0.519252,0.527906,0.501944,0.510598,1034716.0
2015-03-30,EGX:VLMR,0.510598,0.519252,0.510598,0.510598,816313.0
2015-03-31,EGX:VLMR,0.510598,0.510598,0.501944,0.510598,931478.0
2015-04-01,EGX:VLMR,0.501944,0.510598,0.501944,0.501944,95272.0
2015-04-02,EGX:VLMR,0.510598,0.510598,0.501944,0.510598,3182563.0
2015-04-05,EGX:VLMR,0.510598,0.510598,0.501944,0.501944,500453.0
2015-04-06,EGX:VLMR,0.501944,0.519252,0.501944,0.510598,462190.0
2015-04-07,EGX:VLMR,0.519252,0.527906,0.510598,0.519252,1774331.0
2015-04-08,EGX:VLMR,0.519252,0.571177,0.519252,0.545215,5499601.0
2015-04-09,EGX:VLMR,0.571177,0.59714,0.562523,0.579831,697903.0
2015-04-14,EGX:VLMR,0.571177,0.571177,0.553869,0.562523,768381.0
2015-04-15,EGX:VLMR,0.562523,0.571177,0.553869,0.571177,1055388.0
2015-04-16,EGX:VLMR,0.562523,0.571177,0.562523,0.571177,1099979.0
2015-04-19,EGX:VLMR,0.562523,0.571177,0.562523,0.562523,378081.0
2015-04-20,EGX:VLMR,0.545215,0.553869,0.53656,0.545215,719019.0
2015-04-21,EGX:VLMR,0.545215,0.553869,0.53656,0.545215,835891.0
2015-04-22,EGX:VLMR,0.545215,0.553869,0.545215,0.545215,373137.0
2015-04-23,EGX:VLMR,0.545215,0.553869,0.545215,0.545215,454193.0
2015-04-26,EGX:VLMR,0.545215,0.545215,0.53656,0.545215,512953.0
2015-04-27,EGX:VLMR,0.545215,0.545215,0.53656,0.545215,440371.0
2015-04-28,EGX:VLMR,0.545215,0.553869,0.545215,0.545215,451557.0
2015-04-29,EGX:VLMR,0.545215,0.562523,0.545215,0.553869,178070.0
2015-04-30,EGX:VLMR,0.553869,0.579831,0.553869,0.571177,958886.0
2015-05-03,EGX:VLMR,0.571177,0.571177,0.562523,0.562523,278403.0
2015-05-04,EGX:VLMR,0.562523,0.571177,0.553869,0.562523,301010.0
2015-05-05,EGX:VLMR,0.562523,0.571177,0.562523,0.571177,1909770.0
2015-05-06,EGX:VLMR,0.571177,0.571177,0.562523,0.571177,367456.0
2015-05-07,EGX:VLMR,0.571177,0.571177,0.562523,0.562523,508675.0
2015-05-10,EGX:VLMR,0.562523,0.571177,0.562523,0.562523,52044.0
2015-05-11,EGX:VLMR,0.562523,0.562523,0.562523,0.562523,213948.0
2015-05-12,EGX:VLMR,0.562523,0.562523,0.553869,0.562523,249857.0
2015-05-13,EGX:VLMR,0.562523,0.562523,0.545215,0.553869,1296631.0
2015-05-14,EGX:VLMR,0.553869,0.553869,0.527906,0.53656,1995424.0
2015-05-17,EGX:VLMR,0.53656,0.553869,0.53656,0.545215,1134161.0
2015-05-18,EGX:VLMR,0.553869,0.579831,0.553869,0.571177,2713642.0
2015-05-19,EGX:VLMR,0.579831,0.579831,0.53656,0.553869,1773952.0
2015-05-20,EGX:VLMR,0.545215,0.553869,0.545215,0.545215,413633.0
2015-05-21,EGX:VLMR,0.553869,0.571177,0.553869,0.571177,2196173.0
2015-05-24,EGX:VLMR,0.562523,0.562523,0.553869,0.562523,640840.0
2015-05-25,EGX:VLMR,0.553869,0.562523,0.553869,0.562523,395332.0
2015-05-26,EGX:VLMR,0.553869,0.562523,0.553869,0.553869,63340.0
2015-05-27,EGX:VLMR,0.553869,0.562523,0.553869,0.553869,157702.0
2015-05-28,EGX:VLMR,0.553869,0.553869,0.545215,0.545215,508143.0
2015-06-02,EGX:VLMR,0.545215,0.545215,0.53656,0.545215,276985.0
2015-06-03,EGX:VLMR,0.545215,0.545215,0.53656,0.545215,297182.0
2015-06-04,EGX:VLMR,0.53656,0.545215,0.53656,0.53656,323425.0
2015-06-07,EGX:VLMR,0.53656,0.545215,0.53656,0.53656,422150.0
2015-06-08,EGX:VLMR,0.545215,0.545215,0.53656,0.545215,164258.0
2015-06-09,EGX:VLMR,0.545215,0.545215,0.53656,0.53656,271662.0
2015-06-10,EGX:VLMR,0.53656,0.545215,0.53656,0.53656,97775.0
2015-06-11,EGX:VLMR,0.53656,0.545215,0.53656,0.53656,110479.0
2015-06-14,EGX:VLMR,0.53656,0.545215,0.527906,0.545215,167467.0
2015-06-15,EGX:VLMR,0.53656,0.53656,0.527906,0.527906,529867.0
2015-06-16,EGX:VLMR,0.527906,0.545215,0.527906,0.53656,76260.0
2015-06-17,EGX:VLMR,0.53656,0.53656,0.527906,0.527906,433445.0
2015-06-18,EGX:VLMR,0.53656,0.545215,0.527906,0.53656,314152.0
2015-06-21,EGX:VLMR,0.53656,0.53656,0.527906,0.53656,1676128.0
2015-06-22,EGX:VLMR,0.527906,0.53656,0.519252,0.527906,607932.0
2015-06-23,EGX:VLMR,0.527906,0.53656,0.527906,0.527906,870466.0
2015-06-24,EGX:VLMR,0.53656,0.545215,0.53656,0.53656,218085.0
2015-06-25,EGX:VLMR,0.527906,0.53656,0.527906,0.53656,626356.0
2015-06-28,EGX:VLMR,0.53656,0.545215,0.527906,0.53656,153797.0
2015-06-29,EGX:VLMR,0.545215,0.545215,0.527906,0.53656,2098001.0
2015-07-02,EGX:VLMR,0.53656,0.545215,0.53656,0.53656,3839184.0
2015-07-05,EGX:VLMR,0.53656,0.545215,0.53656,0.53656,235157.0
2015-07-06,EGX:VLMR,0.53656,0.545215,0.527906,0.53656,1644829.0
2015-07-07,EGX:VLMR,0.545215,0.545215,0.527906,0.53656,898368.0
2015-07-08,EGX:VLMR,0.53656,0.53656,0.519252,0.53656,1760952.0
2015-07-09,EGX:VLMR,0.519252,0.527906,0.519252,0.527906,738598.0
2015-07-12,EGX:VLMR,0.527906,0.53656,0.527906,0.527906,41507.0
2015-07-13,EGX:VLMR,0.527906,0.527906,0.527906,0.527906,201471.0
2015-07-14,EGX:VLMR,0.527906,0.53656,0.527906,0.53656,49536.0
2015-07-15,EGX:VLMR,0.527906,0.545215,0.527906,0.53656,164362.0
2015-07-16,EGX:VLMR,0.545215,0.571177,0.545215,0.553869,1429025.0
2015-07-21,EGX:VLMR,0.562523,0.562523,0.553869,0.553869,902490.0
2015-07-22,EGX:VLMR,0.553869,0.553869,0.553869,0.553869,112495.0
2015-07-26,EGX:VLMR,0.562523,0.562523,0.553869,0.553869,338886.0
2015-07-27,EGX:VLMR,0.553869,0.553869,0.545215,0.545215,328377.0
2015-07-28,EGX:VLMR,0.553869,0.553869,0.53656,0.545215,218775.0
2015-07-29,EGX:VLMR,0.545215,0.545215,0.53656,0.53656,432669.0
2015-07-30,EGX:VLMR,0.545215,0.545215,0.53656,0.545215,455605.0
2015-08-02,EGX:VLMR,0.545215,0.545215,0.53656,0.53656,713621.0
2015-08-03,EGX:VLMR,0.545215,0.545215,0.53656,0.53656,159392.0
2015-08-04,EGX:VLMR,0.545215,0.545215,0.53656,0.53656,72838.0
2015-08-05,EGX:VLMR,0.53656,0.545215,0.53656,0.545215,996821.0
2015-08-09,EGX:VLMR,0.53656,0.545215,0.53656,0.53656,321372.0
2015-08-10,EGX:VLMR,0.53656,0.545215,0.53656,0.53656,138206.0
2015-08-11,EGX:VLMR,0.53656,0.545215,0.53656,0.53656,13930.0
2015-08-12,EGX:VLMR,0.53656,0.53656,0.53656,0.53656,195236.0
2015-08-13,EGX:VLMR,0.53656,0.545215,0.53656,0.545215,164009.0
2015-08-16,EGX:VLMR,0.53656,0.53656,0.53656,0.53656,323119.0
2015-08-17,EGX:VLMR,0.53656,0.545215,0.527906,0.53656,225462.0
2015-08-18,EGX:VLMR,0.545215,0.545215,0.527906,0.527906,1034427.0
2015-08-19,EGX:VLMR,0.527906,0.53656,0.527906,0.527906,185825.0
2015-08-20,EGX:VLMR,0.527906,0.527906,0.519252,0.527906,817860.0
2015-08-23,EGX:VLMR,0.519252,0.519252,0.501944,0.510598,532944.0
2015-08-24,EGX:VLMR,0.501944,0.510598,0.493289,0.501944,602624.0
2015-08-25,EGX:VLMR,0.493289,0.519252,0.493289,0.510598,416178.0
2015-08-26,EGX:VLMR,0.510598,0.510598,0.501944,0.501944,93985.0
2015-08-27,EGX:VLMR,0.510598,0.53656,0.510598,0.527906,636265.0
2015-08-30,EGX:VLMR,0.527906,0.53656,0.510598,0.510598,627347.0
2015-08-31,EGX:VLMR,0.519252,0.53656,0.519252,0.53656,652545.0
2015-09-01,EGX:VLMR,0.527906,0.53656,0.527906,0.527906,311698.0
2015-09-02,EGX:VLMR,0.527906,0.53656,0.519252,0.527906,1239526.0
2015-09-03,EGX:VLMR,0.527906,0.527906,0.519252,0.527906,780956.0
2015-09-06,EGX:VLMR,0.527906,0.527906,0.519252,0.527906,46345.0
2015-09-07,EGX:VLMR,0.527906,0.527906,0.510598,0.510598,1240277.0
2015-09-08,EGX:VLMR,0.501944,0.519252,0.493289,0.501944,519142.0
2015-09-09,EGX:VLMR,0.510598,0.510598,0.501944,0.510598,120660.0
2015-09-10,EGX:VLMR,0.510598,0.519252,0.510598,0.519252,185880.0
2015-09-13,EGX:VLMR,0.510598,0.527906,0.510598,0.519252,356684.0
2015-09-14,EGX:VLMR,0.519252,0.519252,0.510598,0.510598,396784.0
2015-09-15,EGX:VLMR,0.510598,0.519252,0.510598,0.510598,901858.0
2015-09-16,EGX:VLMR,0.510598,0.519252,0.510598,0.510598,108563.0
2015-09-17,EGX:VLMR,0.510598,0.510598,0.475981,0.493289,6392160.0
2015-09-20,EGX:VLMR,0.484635,0.493289,0.484635,0.484635,160018.0
2015-09-21,EGX:VLMR,0.493289,0.501944,0.484635,0.493289,481606.0
2015-09-22,EGX:VLMR,0.501944,0.501944,0.493289,0.501944,145273.0
2015-09-28,EGX:VLMR,0.501944,0.510598,0.493289,0.501944,220429.0
2015-09-29,EGX:VLMR,0.501944,0.501944,0.493289,0.493289,192625.0
2015-09-30,EGX:VLMR,0.493289,0.501944,0.493289,0.501944,1752430.0
2015-10-01,EGX:VLMR,0.493289,0.501944,0.493289,0.493289,6320.0
2015-10-04,EGX:VLMR,0.493289,0.493289,0.475981,0.484635,861787.0
2015-10-05,EGX:VLMR,0.475981,0.484635,0.467327,0.475981,812256.0
2015-10-07,EGX:VLMR,0.484635,0.484635,0.475981,0.484635,269381.0
2015-10-08,EGX:VLMR,0.484635,0.493289,0.475981,0.484635,694386.0
2015-10-11,EGX:VLMR,0.484635,0.484635,0.475981,0.484635,74721.0
2015-10-12,EGX:VLMR,0.484635,0.493289,0.475981,0.484635,366932.0
2015-10-13,EGX:VLMR,0.484635,0.493289,0.484635,0.484635,39495.0
2015-10-15,EGX:VLMR,0.484635,0.484635,0.475981,0.484635,547405.0
2015-10-18,EGX:VLMR,0.484635,0.484635,0.475981,0.484635,528979.0
2015-10-19,EGX:VLMR,0.475981,0.484635,0.475981,0.484635,257186.0
2015-10-20,EGX:VLMR,0.484635,0.493289,0.475981,0.484635,221014.0
2015-10-21,EGX:VLMR,0.493289,0.519252,0.493289,0.501944,1056788.0
2015-10-22,EGX:VLMR,0.501944,0.510598,0.501944,0.501944,24787.0
2015-10-25,EGX:VLMR,0.501944,0.510598,0.501944,0.510598,278967.0
2015-10-26,EGX:VLMR,0.510598,0.519252,0.510598,0.510598,575890.0
2015-10-27,EGX:VLMR,0.510598,0.519252,0.501944,0.510598,27982.0
2015-10-28,EGX:VLMR,0.501944,0.510598,0.501944,0.501944,283762.0
2015-10-29,EGX:VLMR,0.501944,0.501944,0.493289,0.501944,658141.0
2015-11-01,EGX:VLMR,0.501944,0.501944,0.493289,0.493289,554586.0
2015-11-02,EGX:VLMR,0.493289,0.501944,0.493289,0.493289,2574.0
2015-11-03,EGX:VLMR,0.493289,0.501944,0.493289,0.493289,125235.0
2015-11-04,EGX:VLMR,0.493289,0.501944,0.493289,0.501944,260636.0
2015-11-05,EGX:VLMR,0.510598,0.519252,0.510598,0.510598,603567.0
2015-11-08,EGX:VLMR,0.501944,0.501944,0.493289,0.501944,173291.0
2015-11-09,EGX:VLMR,0.493289,0.501944,0.493289,0.493289,478037.0
2015-11-10,EGX:VLMR,0.493289,0.493289,0.467327,0.484635,1815289.0
2015-11-11,EGX:VLMR,0.484635,0.484635,0.475981,0.475981,393639.0
2015-11-12,EGX:VLMR,0.475981,0.484635,0.467327,0.475981,860337.0
2015-11-15,EGX:VLMR,0.467327,0.467327,0.458673,0.458673,1228194.0
2015-11-16,EGX:VLMR,0.467327,0.467327,0.458673,0.467327,649402.0
2015-11-17,EGX:VLMR,0.467327,0.467327,0.450018,0.450018,1051128.0
2015-11-18,EGX:VLMR,0.450018,0.458673,0.450018,0.450018,116280.0
2015-11-19,EGX:VLMR,0.458673,0.467327,0.458673,0.458673,280464.0
2015-11-22,EGX:VLMR,0.458673,0.467327,0.458673,0.458673,21042.0
2015-11-23,EGX:VLMR,0.458673,0.458673,0.450018,0.458673,369932.0
2015-11-24,EGX:VLMR,0.458673,0.458673,0.450018,0.458673,408812.0
2015-11-25,EGX:VLMR,0.458673,0.458673,0.450018,0.450018,572193.0
2015-11-26,EGX:VLMR,0.450018,0.458673,0.450018,0.450018,595685.0
2015-11-29,EGX:VLMR,0.458673,0.458673,0.450018,0.450018,642901.0
2015-11-30,EGX:VLMR,0.450018,0.458673,0.441364,0.450018,449161.0
2015-12-01,EGX:VLMR,0.441364,0.450018,0.441364,0.450018,185266.0
2015-12-02,EGX:VLMR,0.458673,0.467327,0.450018,0.467327,496387.0
2015-12-03,EGX:VLMR,0.467327,0.467327,0.458673,0.467327,139838.0
2015-12-06,EGX:VLMR,0.458673,0.467327,0.458673,0.467327,240753.0
2015-12-07,EGX:VLMR,0.467327,0.467327,0.458673,0.458673,242737.0
2015-12-08,EGX:VLMR,0.458673,0.467327,0.450018,0.458673,390732.0
2015-12-09,EGX:VLMR,0.458673,0.458673,0.450018,0.450018,170664.0
2015-12-10,EGX:VLMR,0.458673,0.458673,0.450018,0.450018,269574.0
2015-12-13,EGX:VLMR,0.450018,0.450018,0.43271,0.441364,819736.0
2015-12-14,EGX:VLMR,0.441364,0.450018,0.441364,0.441364,214927.0
2015-12-15,EGX:VLMR,0.450018,0.450018,0.441364,0.450018,11391607.0
2015-12-16,EGX:VLMR,0.450018,0.458673,0.441364,0.450018,171651.0
2015-12-17,EGX:VLMR,0.450018,0.458673,0.450018,0.450018,1072180.0
2015-12-20,EGX:VLMR,0.450018,0.450018,0.441364,0.450018,456822.0
2015-12-21,EGX:VLMR,0.450018,0.450018,0.441364,0.450018,458061.0
2015-12-22,EGX:VLMR,0.450018,0.450018,0.450018,0.450018,105818.0
2015-12-24,EGX:VLMR,0.450018,0.450018,0.450018,0.450018,8132.0
2015-12-27,EGX:VLMR,0.450018,0.458673,0.441364,0.441364,939027.0
2015-12-28,EGX:VLMR,0.441364,0.450018,0.441364,0.450018,122860.0
2015-12-29,EGX:VLMR,0.450018,0.450018,0.441364,0.441364,147042.0
2015-12-30,EGX:VLMR,0.450018,0.450018,0.441364,0.450018,375980.0
2015-12-31,EGX:VLMR,0.450018,0.450018,0.441364,0.450018,137845.0
2016-01-03,EGX:VLMR,0.450018,0.450018,0.441364,0.450018,41852.0
2016-01-04,EGX:VLMR,0.441364,0.450018,0.441364,0.441364,66356.0
2016-01-05,EGX:VLMR,0.441364,0.450018,0.441364,0.441364,95243.0
2016-01-06,EGX:VLMR,0.450018,0.458673,0.450018,0.450018,1876535.0
2016-01-10,EGX:VLMR,0.441364,0.450018,0.441364,0.441364,37860.0
2016-01-11,EGX:VLMR,0.450018,0.450018,0.441364,0.441364,298982.0
2016-01-12,EGX:VLMR,0.441364,0.450018,0.441364,0.441364,405311.0
2016-01-13,EGX:VLMR,0.441364,0.450018,0.43271,0.441364,1201361.0
2016-01-14,EGX:VLMR,0.43271,0.43271,0.406747,0.424056,2059139.0
2016-01-17,EGX:VLMR,0.415402,0.43271,0.415402,0.415402,1237784.0
2016-01-18,EGX:VLMR,0.424056,0.424056,0.415402,0.424056,74998.0
2016-01-19,EGX:VLMR,0.424056,0.43271,0.424056,0.43271,25530.0
2016-01-20,EGX:VLMR,0.424056,0.424056,0.415402,0.415402,628270.0
2016-01-21,EGX:VLMR,0.415402,0.424056,0.415402,0.415402,641366.0
2016-01-24,EGX:VLMR,0.424056,0.424056,0.415402,0.424056,67550.0
2016-01-26,EGX:VLMR,0.415402,0.424056,0.415402,0.424056,4921632.0
2016-01-27,EGX:VLMR,0.424056,0.424056,0.415402,0.424056,49967.0
2016-01-28,EGX:VLMR,0.424056,0.424056,0.415402,0.424056,141253.0
2016-01-31,EGX:VLMR,0.424056,0.424056,0.415402,0.424056,245629.0
2016-02-01,EGX:VLMR,0.424056,0.424056,0.415402,0.415402,136250.0
2016-02-02,EGX:VLMR,0.424056,0.424056,0.415402,0.415402,373923.0
2016-02-03,EGX:VLMR,0.415402,0.415402,0.406747,0.415402,130546.0
2016-02-04,EGX:VLMR,0.424056,0.43271,0.415402,0.424056,507922.0
2016-02-07,EGX:VLMR,0.424056,0.424056,0.415402,0.424056,134893.0
2016-02-08,EGX:VLMR,0.424056,0.424056,0.406747,0.415402,809880.0
2016-02-09,EGX:VLMR,0.406747,0.415402,0.406747,0.406747,297716.0
2016-02-10,EGX:VLMR,0.406747,0.415402,0.406747,0.415402,47407.0
2016-02-11,EGX:VLMR,0.406747,0.415402,0.398093,0.406747,325396.0
2016-02-14,EGX:VLMR,0.406747,0.415402,0.398093,0.406747,371337.0
2016-02-15,EGX:VLMR,0.406747,0.406747,0.398093,0.406747,602455.0
2016-02-16,EGX:VLMR,0.398093,0.406747,0.398093,0.406747,166966.0
2016-02-17,EGX:VLMR,0.398093,0.406747,0.398093,0.398093,278604.0
2016-02-18,EGX:VLMR,0.398093,0.398093,0.389439,0.398093,777503.0
2016-02-21,EGX:VLMR,0.389439,0.398093,0.389439,0.398093,42051.0
2016-02-22,EGX:VLMR,0.389439,0.406747,0.389439,0.398093,374395.0
2016-02-23,EGX:VLMR,0.389439,0.406747,0.389439,0.389439,2037180.0
2016-02-24,EGX:VLMR,0.389439,0.389439,0.380785,0.380785,853099.0
2016-02-25,EGX:VLMR,0.380785,0.389439,0.380785,0.389439,76915.0
2016-02-28,EGX:VLMR,0.389439,0.398093,0.389439,0.389439,598360.0
2016-02-29,EGX:VLMR,0.398093,0.406747,0.398093,0.398093,1030012.0
2016-03-01,EGX:VLMR,0.406747,0.415402,0.406747,0.406747,407148.0
2016-03-02,EGX:VLMR,0.398093,0.406747,0.398093,0.406747,267989.0
2016-03-03,EGX:VLMR,0.406747,0.406747,0.398093,0.398093,806943.0
2016-03-06,EGX:VLMR,0.406747,0.415402,0.406747,0.406747,458918.0
2016-03-07,EGX:VLMR,0.406747,0.415402,0.398093,0.406747,260178.0
2016-03-08,EGX:VLMR,0.406747,0.406747,0.398093,0.398093,304455.0
2016-03-09,EGX:VLMR,0.398093,0.406747,0.398093,0.398093,119333.0
2016-03-10,EGX:VLMR,0.406747,0.43271,0.406747,0.424056,2405612.0
2016-03-13,EGX:VLMR,0.43271,0.43271,0.415402,0.43271,674354.0
2016-03-14,EGX:VLMR,0.424056,0.441364,0.424056,0.424056,847817.0
2016-03-15,EGX:VLMR,0.424056,0.43271,0.406747,0.415402,2751964.0
2016-03-16,EGX:VLMR,0.424056,0.441364,0.424056,0.43271,2209550.0
2016-03-17,EGX:VLMR,0.43271,0.43271,0.398093,0.415402,12308403.0
2016-03-20,EGX:VLMR,0.415402,0.424056,0.406747,0.415402,65524376.99999999
2016-03-21,EGX:VLMR,0.415402,0.424056,0.415402,0.415402,925813.0
2016-03-22,EGX:VLMR,0.424056,0.424056,0.415402,0.415402,335783.0
2016-03-23,EGX:VLMR,0.415402,0.415402,0.415402,0.415402,305955.0
2016-03-24,EGX:VLMR,0.415402,0.415402,0.406747,0.415402,181490.0
2016-03-27,EGX:VLMR,0.415402,0.415402,0.406747,0.415402,198900.0
2016-03-28,EGX:VLMR,0.415402,0.415402,0.406747,0.415402,80787.0
2016-03-29,EGX:VLMR,0.406747,0.415402,0.406747,0.415402,151578.0
2016-03-30,EGX:VLMR,0.415402,0.415402,0.406747,0.415402,349354.0
2016-03-31,EGX:VLMR,0.415402,0.415402,0.406747,0.406747,4144297.0
2016-04-03,EGX:VLMR,0.406747,0.415402,0.406747,0.415402,52078.0
2016-04-04,EGX:VLMR,0.415402,0.415402,0.406747,0.415402,98415.0
2016-04-05,EGX:VLMR,0.415402,0.415402,0.406747,0.406747,60334.0
2016-04-06,EGX:VLMR,0.406747,0.415402,0.406747,0.406747,11784843.0
2016-04-07,EGX:VLMR,0.415402,0.424056,0.406747,0.415402,581465.0
2016-04-10,EGX:VLMR,0.424056,0.424056,0.415402,0.424056,154075.0
2016-04-11,EGX:VLMR,0.415402,0.43271,0.415402,0.424056,703611.0
2016-04-12,EGX:VLMR,0.406747,0.406747,0.406747,0.406747,552213.0
2016-04-13,EGX:VLMR,0.406747,0.415402,0.406747,0.406747,357723.0
2016-04-14,EGX:VLMR,0.406747,0.406747,0.398093,0.398093,381802.0
2016-04-17,EGX:VLMR,0.398093,0.415402,0.398093,0.406747,1268078.0
2016-04-18,EGX:VLMR,0.406747,0.406747,0.398093,0.406747,223246.0
2016-04-19,EGX:VLMR,0.406747,0.415402,0.398093,0.406747,805989.0
2016-04-20,EGX:VLMR,0.406747,0.406747,0.398093,0.398093,140446.0
2016-04-21,EGX:VLMR,0.398093,0.406747,0.398093,0.398093,780196.0
2016-04-24,EGX:VLMR,0.406747,0.406747,0.398093,0.398093,148996.0
2016-04-26,EGX:VLMR,0.398093,0.406747,0.398093,0.406747,20711.0
2016-04-27,EGX:VLMR,0.406747,0.406747,0.389439,0.398093,545572.0
2016-04-28,EGX:VLMR,0.398093,0.398093,0.389439,0.398093,151335.0
2016-05-03,EGX:VLMR,0.398093,0.398093,0.389439,0.398093,45620.0
2016-05-04,EGX:VLMR,0.389439,0.398093,0.389439,0.389439,687951.0
2016-05-05,EGX:VLMR,0.398093,0.398093,0.389439,0.398093,151411.0
2016-05-08,EGX:VLMR,0.398093,0.398093,0.389439,0.398093,429766.0
2016-05-09,EGX:VLMR,0.398093,0.406747,0.389439,0.398093,36148.0
2016-05-10,EGX:VLMR,0.398093,0.398093,0.389439,0.398093,105810.0
2016-05-11,EGX:VLMR,0.398093,0.398093,0.389439,0.389439,636839.0
2016-05-12,EGX:VLMR,0.398093,0.398093,0.389439,0.389439,482984.0
2016-05-15,EGX:VLMR,0.389439,0.389439,0.380785,0.389439,916071.0
2016-05-16,EGX:VLMR,0.389439,0.398093,0.380785,0.389439,1103466.0
2016-05-17,EGX:VLMR,0.389439,0.389439,0.389439,0.389439,578430.0
2016-05-18,EGX:VLMR,0.389439,0.389439,0.372131,0.380785,2010664.0
2016-05-19,EGX:VLMR,0.372131,0.380785,0.372131,0.372131,1839865.0
2016-05-22,EGX:VLMR,0.380785,0.380785,0.372131,0.380785,98543.0
2016-05-23,EGX:VLMR,0.372131,0.372131,0.363476,0.372131,545792.0
2016-05-24,EGX:VLMR,0.372131,0.372131,0.372131,0.372131,382258.0
2016-05-25,EGX:VLMR,0.363476,0.363476,0.363476,0.363476,1122750.0
2016-05-26,EGX:VLMR,0.363476,0.372131,0.363476,0.363476,580665.0
2016-05-29,EGX:VLMR,0.363476,0.372131,0.354822,0.363476,570882.0
2016-05-30,EGX:VLMR,0.354822,0.354822,0.346168,0.346168,1064039.0
2016-05-31,EGX:VLMR,0.346168,0.346168,0.311551,0.32886,7795963.0
2016-06-01,EGX:VLMR,0.337514,0.346168,0.32886,0.337514,435056.0
2016-06-02,EGX:VLMR,0.337514,0.346168,0.337514,0.337514,329841.0
2016-06-05,EGX:VLMR,0.337514,0.337514,0.32886,0.337514,177146.0
2016-06-06,EGX:VLMR,0.337514,0.337514,0.32886,0.32886,1997929.0
2016-06-07,EGX:VLMR,0.32886,0.32886,0.320205,0.32886,430337.0
2016-06-08,EGX:VLMR,0.32886,0.32886,0.320205,0.32886,1847340.0
2016-06-09,EGX:VLMR,0.320205,0.32886,0.320205,0.320205,772869.0
2016-06-12,EGX:VLMR,0.320205,0.320205,0.320205,0.320205,221967.0
2016-06-13,EGX:VLMR,0.320205,0.32886,0.320205,0.320205,473882.0
2016-06-14,EGX:VLMR,0.32886,0.32886,0.320205,0.32886,559429.0
2016-06-15,EGX:VLMR,0.32886,0.337514,0.32886,0.32886,887576.0
2016-06-16,EGX:VLMR,0.337514,0.354822,0.337514,0.346168,1120723.0
2016-06-19,EGX:VLMR,0.354822,0.363476,0.346168,0.354822,574704.0
2016-06-20,EGX:VLMR,0.354822,0.363476,0.346168,0.354822,451240.0
2016-06-21,EGX:VLMR,0.354822,0.363476,0.354822,0.354822,1016186.0
2016-06-22,EGX:VLMR,0.354822,0.354822,0.346168,0.354822,395460.0
2016-06-23,EGX:VLMR,0.354822,0.354822,0.346168,0.354822,181103.0
2016-06-26,EGX:VLMR,0.337514,0.346168,0.320205,0.337514,1316899.0
2016-06-27,EGX:VLMR,0.346168,0.346168,0.346168,0.346168,218864.0
2016-06-28,EGX:VLMR,0.346168,0.346168,0.337514,0.346168,85175.0
2016-06-29,EGX:VLMR,0.346168,0.354822,0.346168,0.354822,525293.0
2016-07-03,EGX:VLMR,0.354822,0.354822,0.354822,0.354822,446027.0
2016-07-04,EGX:VLMR,0.363476,0.363476,0.354822,0.363476,598352.0
2016-07-10,EGX:VLMR,0.363476,0.389439,0.354822,0.380785,2243953.0
2016-07-11,EGX:VLMR,0.380785,0.380785,0.363476,0.372131,3791772.0
2016-07-12,EGX:VLMR,0.363476,0.372131,0.363476,0.363476,1482968.0
2016-07-13,EGX:VLMR,0.372131,0.372131,0.363476,0.372131,152064.0
2016-07-14,EGX:VLMR,0.372131,0.389439,0.363476,0.380785,1337382.0
2016-07-17,EGX:VLMR,0.380785,0.415402,0.380785,0.406747,2033698.0
2016-07-18,EGX:VLMR,0.441364,0.450018,0.415402,0.424056,2276850.0
2016-07-19,EGX:VLMR,0.415402,0.424056,0.406747,0.415402,1403341.0
2016-07-20,EGX:VLMR,0.415402,0.415402,0.398093,0.406747,683837.0
2016-07-21,EGX:VLMR,0.398093,0.406747,0.389439,0.398093,1406774.0
2016-07-24,EGX:VLMR,0.398093,0.406747,0.398093,0.398093,216310.0
2016-07-25,EGX:VLMR,0.398093,0.406747,0.389439,0.398093,528570.0
2016-07-26,EGX:VLMR,0.406747,0.406747,0.398093,0.406747,847106.0
2016-07-27,EGX:VLMR,0.406747,0.406747,0.389439,0.398093,1095498.0
2016-07-28,EGX:VLMR,0.398093,0.398093,0.389439,0.398093,701294.0
2016-07-31,EGX:VLMR,0.389439,0.398093,0.389439,0.389439,217176.0
2016-08-01,EGX:VLMR,0.398093,0.398093,0.389439,0.398093,69536.0
2016-08-02,EGX:VLMR,0.389439,0.398093,0.389439,0.398093,95916.0
2016-08-03,EGX:VLMR,0.398093,0.406747,0.398093,0.398093,291382.0
2016-08-04,EGX:VLMR,0.406747,0.406747,0.398093,0.398093,1044086.0
2016-08-07,EGX:VLMR,0.398093,0.398093,0.398093,0.398093,67484.0
2016-08-08,EGX:VLMR,0.398093,0.398093,0.398093,0.398093,112014.0
2016-08-09,EGX:VLMR,0.389439,0.406747,0.389439,0.406747,48928.0
2016-08-10,EGX:VLMR,0.406747,0.406747,0.398093,0.398093,167707.0
2016-08-11,EGX:VLMR,0.398093,0.398093,0.398093,0.398093,278996.0
2016-08-14,EGX:VLMR,0.398093,0.406747,0.398093,0.406747,107155.0
2016-08-15,EGX:VLMR,0.406747,0.406747,0.398093,0.406747,45782.0
2016-08-16,EGX:VLMR,0.398093,0.406747,0.398093,0.406747,219663.0
2016-08-17,EGX:VLMR,0.406747,0.406747,0.398093,0.398093,136562.0
2016-08-18,EGX:VLMR,0.398093,0.406747,0.398093,0.398093,43227.0
2016-08-21,EGX:VLMR,0.406747,0.406747,0.398093,0.406747,135580.0
2016-08-22,EGX:VLMR,0.406747,0.415402,0.398093,0.406747,275796.0
2016-08-23,EGX:VLMR,0.398093,0.406747,0.398093,0.398093,1088833.0
2016-08-24,EGX:VLMR,0.398093,0.398093,0.389439,0.398093,235078.0
2016-08-25,EGX:VLMR,0.398093,0.398093,0.389439,0.389439,1098969.0
2016-08-28,EGX:VLMR,0.389439,0.389439,0.389439,0.389439,145904.0
2016-08-29,EGX:VLMR,0.389439,0.389439,0.389439,0.389439,177281.0
2016-08-30,EGX:VLMR,0.389439,0.389439,0.389439,0.389439,252540.0
2016-08-31,EGX:VLMR,0.389439,0.398093,0.389439,0.389439,177385.0
2016-09-01,EGX:VLMR,0.389439,0.389439,0.380785,0.380785,69636.0
2016-09-04,EGX:VLMR,0.398093,0.398093,0.389439,0.398093,35227.0
2016-09-05,EGX:VLMR,0.398093,0.398093,0.389439,0.389439,154571.0
2016-09-06,EGX:VLMR,0.389439,0.389439,0.389439,0.389439,70273.0
2016-09-07,EGX:VLMR,0.389439,0.389439,0.389439,0.389439,58760.0
2016-09-08,EGX:VLMR,0.389439,0.389439,0.380785,0.389439,45119.0
2016-09-14,EGX:VLMR,0.389439,0.389439,0.389439,0.389439,40155.0
2016-09-15,EGX:VLMR,0.380785,0.389439,0.380785,0.380785,390878.0
2016-09-18,EGX:VLMR,0.389439,0.389439,0.380785,0.380785,65685.0
2016-09-19,EGX:VLMR,0.380785,0.389439,0.380785,0.389439,274817.0
2016-09-20,EGX:VLMR,0.380785,0.380785,0.372131,0.380785,1101422.0
2016-09-21,EGX:VLMR,0.380785,0.389439,0.372131,0.380785,76709.0
2016-09-22,EGX:VLMR,0.380785,0.380785,0.372131,0.380785,245921.0
2016-09-25,EGX:VLMR,0.380785,0.380785,0.372131,0.380785,70455.0
2016-09-26,EGX:VLMR,0.380785,0.380785,0.372131,0.372131,95886.0
2016-09-27,EGX:VLMR,0.372131,0.380785,0.372131,0.372131,384107.0
2016-09-28,EGX:VLMR,0.372131,0.380785,0.372131,0.372131,623728.0
2016-09-29,EGX:VLMR,0.372131,0.380785,0.363476,0.380785,158008.0
2016-10-03,EGX:VLMR,0.380785,0.389439,0.372131,0.380785,227981.0
2016-10-04,EGX:VLMR,0.380785,0.380785,0.372131,0.380785,83320.0
2016-10-05,EGX:VLMR,0.380785,0.380785,0.372131,0.380785,217005.0
2016-10-09,EGX:VLMR,0.380785,0.380785,0.372131,0.372131,183404.0
2016-10-10,EGX:VLMR,0.372131,0.372131,0.354822,0.354822,5457057.0
2016-10-11,EGX:VLMR,0.354822,0.354822,0.354822,0.354822,44448.0
2016-10-12,EGX:VLMR,0.354822,0.363476,0.346168,0.354822,1043853.0
2016-10-13,EGX:VLMR,0.354822,0.354822,0.346168,0.346168,459587.0
2016-10-16,EGX:VLMR,0.346168,0.346168,0.337514,0.337514,841242.0
2016-10-17,EGX:VLMR,0.337514,0.346168,0.337514,0.346168,1566878.0
2016-10-18,EGX:VLMR,0.346168,0.346168,0.337514,0.337514,142467.0
2016-10-19,EGX:VLMR,0.337514,0.346168,0.337514,0.346168,75555.0
2016-10-20,EGX:VLMR,0.346168,0.346168,0.337514,0.346168,1154695.0
2016-10-23,EGX:VLMR,0.346168,0.346168,0.337514,0.337514,87316.0
2016-10-24,EGX:VLMR,0.337514,0.346168,0.337514,0.337514,289213.0
2016-10-25,EGX:VLMR,0.337514,0.363476,0.337514,0.354822,1292289.0
2016-10-26,EGX:VLMR,0.354822,0.372131,0.354822,0.363476,60240.0
2016-10-27,EGX:VLMR,0.363476,0.363476,0.354822,0.363476,148974.0
2016-10-30,EGX:VLMR,0.363476,0.372131,0.354822,0.363476,159838.0
2016-10-31,EGX:VLMR,0.363476,0.372131,0.354822,0.363476,346267.0
2016-11-01,EGX:VLMR,0.363476,0.363476,0.354822,0.354822,112411.0
2016-11-02,EGX:VLMR,0.354822,0.372131,0.354822,0.354822,2791901.0
2016-11-03,EGX:VLMR,0.354822,0.372131,0.346168,0.363476,1936398.0
2016-11-06,EGX:VLMR,0.363476,0.372131,0.363476,0.372131,216993.0
2016-11-07,EGX:VLMR,0.372131,0.372131,0.363476,0.363476,656684.0
2016-11-08,EGX:VLMR,0.363476,0.389439,0.363476,0.380785,1854827.0
2016-11-09,EGX:VLMR,0.380785,0.398093,0.363476,0.389439,1585456.0
2016-11-10,EGX:VLMR,0.389439,0.424056,0.389439,0.406747,3804111.0
2016-11-13,EGX:VLMR,0.406747,0.441364,0.406747,0.424056,2053965.0
2016-11-14,EGX:VLMR,0.424056,0.43271,0.406747,0.415402,2311110.0
2016-11-15,EGX:VLMR,0.415402,0.424056,0.406747,0.424056,1079942.0
2016-11-16,EGX:VLMR,0.424056,0.458673,0.424056,0.441364,5167996.0
2016-11-17,EGX:VLMR,0.441364,0.484635,0.441364,0.484635,4377053.0
2016-11-20,EGX:VLMR,0.484635,0.527906,0.484635,0.519252,2239865.0
2016-11-21,EGX:VLMR,0.519252,0.519252,0.493289,0.501944,3071307.0
2016-11-22,EGX:VLMR,0.501944,0.527906,0.493289,0.519252,3058675.0
2016-11-23,EGX:VLMR,0.519252,0.519252,0.510598,0.510598,584780.0
2016-11-24,EGX:VLMR,0.510598,0.519252,0.501944,0.510598,1070214.0
2016-11-27,EGX:VLMR,0.510598,0.510598,0.493289,0.501944,598804.0
2016-11-28,EGX:VLMR,0.501944,0.519252,0.493289,0.510598,1128871.0
2016-11-29,EGX:VLMR,0.510598,0.519252,0.501944,0.501944,593502.0
2016-11-30,EGX:VLMR,0.501944,0.519252,0.501944,0.510598,1304513.0
2016-12-01,EGX:VLMR,0.510598,0.510598,0.501944,0.501944,740766.0
2016-12-04,EGX:VLMR,0.501944,0.510598,0.501944,0.510598,990860.0
2016-12-05,EGX:VLMR,0.510598,0.519252,0.501944,0.501944,1224814.0
2016-12-06,EGX:VLMR,0.501944,0.510598,0.501944,0.510598,320848.0
2016-12-07,EGX:VLMR,0.510598,0.510598,0.493289,0.501944,626652.0
2016-12-08,EGX:VLMR,0.501944,0.510598,0.493289,0.501944,418974.0
2016-12-12,EGX:VLMR,0.501944,0.510598,0.493289,0.501944,2420962.0
2016-12-13,EGX:VLMR,0.501944,0.501944,0.493289,0.501944,228296.0
2016-12-14,EGX:VLMR,0.501944,0.501944,0.493289,0.501944,59206.0
2016-12-15,EGX:VLMR,0.501944,0.510598,0.493289,0.501944,1181865.0
2016-12-18,EGX:VLMR,0.501944,0.510598,0.501944,0.501944,713405.0
2016-12-19,EGX:VLMR,0.501944,0.519252,0.501944,0.510598,1102662.0
2016-12-20,EGX:VLMR,0.510598,0.527906,0.510598,0.519252,1122924.0
2016-12-21,EGX:VLMR,0.519252,0.519252,0.510598,0.519252,323515.0
2016-12-22,EGX:VLMR,0.519252,0.519252,0.501944,0.510598,1123255.0
2016-12-25,EGX:VLMR,0.510598,0.510598,0.501944,0.510598,371887.0
2016-12-26,EGX:VLMR,0.510598,0.510598,0.501944,0.501944,102522.0
2016-12-27,EGX:VLMR,0.501944,0.519252,0.501944,0.510598,308599.0
2016-12-28,EGX:VLMR,0.510598,0.527906,0.510598,0.519252,3134102.0
2016-12-29,EGX:VLMR,0.519252,0.519252,0.493289,0.501944,3909619.0
2017-01-02,EGX:VLMR,0.501944,0.510598,0.501944,0.501944,80165.0
2017-01-03,EGX:VLMR,0.501944,0.519252,0.501944,0.510598,521731.0
2017-01-04,EGX:VLMR,0.510598,0.545215,0.510598,0.527906,3400263.0
2017-01-05,EGX:VLMR,0.527906,0.553869,0.527906,0.545215,4140966.0
2017-01-08,EGX:VLMR,0.545215,0.545215,0.53656,0.53656,774779.0
2017-01-09,EGX:VLMR,0.53656,0.545215,0.53656,0.53656,669517.0
2017-01-10,EGX:VLMR,0.53656,0.553869,0.53656,0.545215,1450034.0
2017-01-11,EGX:VLMR,0.545215,0.545215,0.53656,0.545215,178330.0
2017-01-12,EGX:VLMR,0.545215,0.562523,0.545215,0.553869,2025412.0
2017-01-15,EGX:VLMR,0.553869,0.571177,0.553869,0.562523,1042941.0
2017-01-16,EGX:VLMR,0.562523,0.59714,0.553869,0.579831,2493353.0
2017-01-17,EGX:VLMR,0.579831,0.605794,0.579831,0.605794,2269888.0
2017-01-18,EGX:VLMR,0.605794,0.605794,0.571177,0.579831,966727.0
2017-01-19,EGX:VLMR,0.579831,0.579831,0.527906,0.553869,2804266.0
2017-01-22,EGX:VLMR,0.553869,0.562523,0.53656,0.553869,931612.0
2017-01-23,EGX:VLMR,0.553869,0.579831,0.553869,0.571177,901918.0
2017-01-24,EGX:VLMR,0.571177,0.571177,0.553869,0.562523,688113.0
2017-01-26,EGX:VLMR,0.562523,0.588486,0.562523,0.579831,1481318.0
2017-01-29,EGX:VLMR,0.579831,0.588486,0.579831,0.579831,313686.0
2017-01-30,EGX:VLMR,0.579831,0.588486,0.553869,0.571177,952193.0
2017-01-31,EGX:VLMR,0.571177,0.571177,0.553869,0.562523,702667.0
2017-02-01,EGX:VLMR,0.562523,0.571177,0.553869,0.562523,1716974.0
2017-02-02,EGX:VLMR,0.562523,0.571177,0.562523,0.571177,479658.0
2017-02-05,EGX:VLMR,0.571177,0.571177,0.562523,0.571177,199139.0
2017-02-06,EGX:VLMR,0.571177,0.571177,0.562523,0.571177,294839.0
2017-02-07,EGX:VLMR,0.571177,0.571177,0.562523,0.571177,138690.0
2017-02-08,EGX:VLMR,0.571177,0.571177,0.553869,0.562523,872262.0
2017-02-09,EGX:VLMR,0.562523,0.571177,0.553869,0.562523,982070.0
2017-02-12,EGX:VLMR,0.562523,0.562523,0.553869,0.553869,979714.0
2017-02-13,EGX:VLMR,0.553869,0.571177,0.545215,0.553869,2884157.0
2017-02-14,EGX:VLMR,0.553869,0.562523,0.553869,0.553869,1962640.0
2017-02-15,EGX:VLMR,0.553869,0.553869,0.545215,0.553869,525815.0
2017-02-16,EGX:VLMR,0.553869,0.562523,0.553869,0.553869,349093.0
2017-02-19,EGX:VLMR,0.553869,0.562523,0.553869,0.562523,170649.0
2017-02-20,EGX:VLMR,0.553869,0.571177,0.553869,0.562523,598225.0
2017-02-21,EGX:VLMR,0.562523,0.579831,0.562523,0.571177,1076079.0
2017-02-22,EGX:VLMR,0.571177,0.579831,0.571177,0.571177,436563.0
2017-02-23,EGX:VLMR,0.571177,0.571177,0.553869,0.562523,782399.0
2017-02-26,EGX:VLMR,0.562523,0.562523,0.553869,0.562523,218351.0
2017-02-27,EGX:VLMR,0.562523,0.562523,0.553869,0.562523,66305.0
2017-02-28,EGX:VLMR,0.562523,0.562523,0.553869,0.553869,52629.0
2017-03-01,EGX:VLMR,0.553869,0.571177,0.553869,0.562523,857378.0
2017-03-02,EGX:VLMR,0.553869,0.571177,0.553869,0.562523,252728.0
2017-03-05,EGX:VLMR,0.562523,0.571177,0.562523,0.571177,113424.0
2017-03-06,EGX:VLMR,0.571177,0.571177,0.562523,0.562523,49611.0
2017-03-07,EGX:VLMR,0.562523,0.562523,0.553869,0.562523,183001.0
2017-03-08,EGX:VLMR,0.562523,0.571177,0.553869,0.553869,212888.0
2017-03-09,EGX:VLMR,0.553869,0.562523,0.553869,0.553869,538868.0
2017-03-12,EGX:VLMR,0.553869,0.562523,0.553869,0.553869,226273.0
2017-03-13,EGX:VLMR,0.553869,0.571177,0.553869,0.562523,1057373.0
2017-03-14,EGX:VLMR,0.562523,0.571177,0.562523,0.571177,493583.0
2017-03-15,EGX:VLMR,0.571177,0.571177,0.562523,0.571177,175174.0
2017-03-16,EGX:VLMR,0.571177,0.59714,0.571177,0.579831,1707957.0
2017-03-19,EGX:VLMR,0.579831,0.59714,0.579831,0.588486,400820.0
2017-03-20,EGX:VLMR,0.588486,0.588486,0.562523,0.571177,831385.0
2017-03-21,EGX:VLMR,0.571177,0.588486,0.571177,0.579831,861151.0
2017-03-22,EGX:VLMR,0.579831,0.579831,0.571177,0.579831,618066.0
2017-03-23,EGX:VLMR,0.579831,0.579831,0.571177,0.571177,531936.0
2017-03-26,EGX:VLMR,0.571177,0.579831,0.571177,0.579831,439187.0
2017-03-27,EGX:VLMR,0.579831,0.579831,0.571177,0.579831,375437.0
2017-03-28,EGX:VLMR,0.579831,0.588486,0.571177,0.579831,192346.0
2017-03-29,EGX:VLMR,0.579831,0.588486,0.579831,0.579831,621074.0
2017-03-30,EGX:VLMR,0.579831,0.588486,0.571177,0.579831,163901.0
2017-04-02,EGX:VLMR,0.579831,0.579831,0.571177,0.579831,55137.0
2017-04-03,EGX:VLMR,0.579831,0.579831,0.579831,0.579831,90674.0
2017-04-04,EGX:VLMR,0.579831,0.588486,0.579831,0.588486,167548.0
2017-04-05,EGX:VLMR,0.588486,0.588486,0.579831,0.579831,112733.0
2017-04-06,EGX:VLMR,0.579831,0.588486,0.571177,0.579831,668264.0
2017-04-09,EGX:VLMR,0.579831,0.579831,0.571177,0.571177,284271.0
2017-04-10,EGX:VLMR,0.571177,0.588486,0.571177,0.579831,911576.0
2017-04-11,EGX:VLMR,0.579831,0.59714,0.571177,0.579831,1581296.0
2017-04-12,EGX:VLMR,0.579831,0.579831,0.545215,0.553869,2419531.0
2017-04-13,EGX:VLMR,0.553869,0.553869,0.545215,0.553869,60518.0
2017-04-18,EGX:VLMR,0.553869,0.553869,0.545215,0.553869,353929.0
2017-04-19,EGX:VLMR,0.553869,0.562523,0.545215,0.553869,814191.0
2017-04-20,EGX:VLMR,0.553869,0.562523,0.553869,0.553869,323855.0
2017-04-23,EGX:VLMR,0.553869,0.553869,0.545215,0.545215,54308.0
2017-04-24,EGX:VLMR,0.545215,0.553869,0.545215,0.545215,671147.0
2017-04-26,EGX:VLMR,0.545215,0.553869,0.545215,0.553869,507968.0
2017-04-27,EGX:VLMR,0.553869,0.562523,0.545215,0.553869,321783.0
2017-04-30,EGX:VLMR,0.553869,0.553869,0.545215,0.545215,375069.0
2017-05-02,EGX:VLMR,0.545215,0.553869,0.545215,0.545215,1385547.0
2017-05-03,EGX:VLMR,0.545215,0.545215,0.545215,0.545215,159290.0
2017-05-04,EGX:VLMR,0.545215,0.545215,0.53656,0.545215,407692.0
2017-05-07,EGX:VLMR,0.545215,0.545215,0.545215,0.545215,209522.0
2017-05-08,EGX:VLMR,0.545215,0.553869,0.545215,0.553869,1117401.0
2017-05-09,EGX:VLMR,0.553869,0.571177,0.545215,0.562523,1805448.0
2017-05-10,EGX:VLMR,0.562523,0.571177,0.553869,0.562523,1857571.0
2017-05-11,EGX:VLMR,0.562523,0.571177,0.562523,0.562523,698168.0
2017-05-14,EGX:VLMR,0.562523,0.562523,0.553869,0.553869,58355.0
2017-05-15,EGX:VLMR,0.553869,0.562523,0.553869,0.562523,725042.0
2017-05-16,EGX:VLMR,0.562523,0.571177,0.553869,0.562523,678671.0
2017-05-17,EGX:VLMR,0.562523,0.562523,0.553869,0.553869,829523.0
2017-05-18,EGX:VLMR,0.553869,0.562523,0.545215,0.553869,1617304.0
2017-05-21,EGX:VLMR,0.553869,0.562523,0.553869,0.553869,90589.0
2017-05-22,EGX:VLMR,0.553869,0.562523,0.553869,0.553869,1623627.0
2017-05-23,EGX:VLMR,0.553869,0.562523,0.553869,0.553869,85446.0
2017-05-24,EGX:VLMR,0.553869,0.562523,0.553869,0.562523,294884.0
2017-05-25,EGX:VLMR,0.562523,0.562523,0.553869,0.553869,554839.0
2017-05-28,EGX:VLMR,0.553869,0.562523,0.553869,0.553869,33800.0
2017-05-29,EGX:VLMR,0.553869,0.553869,0.545215,0.553869,576650.0
2017-05-30,EGX:VLMR,0.553869,0.553869,0.545215,0.553869,1586548.0
2017-05-31,EGX:VLMR,0.553869,0.553869,0.545215,0.545215,541784.0
2017-06-01,EGX:VLMR,0.545215,0.553869,0.545215,0.545215,151359.0
2017-06-04,EGX:VLMR,0.545215,0.553869,0.545215,0.545215,46576.0
2017-06-05,EGX:VLMR,0.545215,0.545215,0.545215,0.545215,45102.0
2017-06-06,EGX:VLMR,0.545215,0.553869,0.545215,0.545215,672381.0
2017-06-07,EGX:VLMR,0.545215,0.553869,0.545215,0.545215,37828.0
2017-06-08,EGX:VLMR,0.545215,0.553869,0.545215,0.545215,83811.0
2017-06-11,EGX:VLMR,0.545215,0.545215,0.545215,0.545215,74780.0
2017-06-12,EGX:VLMR,0.545215,0.553869,0.545215,0.545215,818687.0
2017-06-13,EGX:VLMR,0.545215,0.553869,0.545215,0.553869,444854.0
2017-06-14,EGX:VLMR,0.553869,0.553869,0.545215,0.545215,53690.0
2017-06-15,EGX:VLMR,0.545215,0.562523,0.545215,0.553869,1668808.0
2017-06-18,EGX:VLMR,0.553869,0.553869,0.545215,0.553869,116478.0
2017-06-19,EGX:VLMR,0.553869,0.553869,0.553869,0.553869,86332.0
2017-06-20,EGX:VLMR,0.553869,0.562523,0.553869,0.562523,380960.0
2017-06-21,EGX:VLMR,0.562523,0.562523,0.553869,0.553869,962116.0
2017-06-22,EGX:VLMR,0.553869,0.562523,0.553869,0.553869,67643.0
2017-06-28,EGX:VLMR,0.553869,0.562523,0.553869,0.553869,412739.0
2017-07-02,EGX:VLMR,0.553869,0.562523,0.553869,0.553869,415028.0
2017-07-03,EGX:VLMR,0.553869,0.553869,0.553869,0.553869,472116.0
2017-07-04,EGX:VLMR,0.553869,0.553869,0.545215,0.553869,682806.0
2017-07-05,EGX:VLMR,0.553869,0.553869,0.527906,0.53656,1972331.0
2017-07-06,EGX:VLMR,0.53656,0.53656,0.519252,0.527906,2710420.0
2017-07-09,EGX:VLMR,0.527906,0.527906,0.510598,0.519252,331414.0
2017-07-10,EGX:VLMR,0.519252,0.519252,0.510598,0.510598,1553539.0
2017-07-11,EGX:VLMR,0.510598,0.527906,0.510598,0.519252,789846.0
2017-07-12,EGX:VLMR,0.519252,0.527906,0.519252,0.527906,1270515.0
2017-07-13,EGX:VLMR,0.527906,0.527906,0.519252,0.527906,940934.0
2017-07-16,EGX:VLMR,0.527906,0.527906,0.519252,0.527906,550583.0
2017-07-17,EGX:VLMR,0.527906,0.53656,0.527906,0.53656,248125.0
2017-07-18,EGX:VLMR,0.53656,0.53656,0.519252,0.527906,520996.0
2017-07-19,EGX:VLMR,0.527906,0.527906,0.519252,0.527906,636167.0
2017-07-20,EGX:VLMR,0.527906,0.527906,0.519252,0.519252,761042.0
2017-07-24,EGX:VLMR,0.519252,0.527906,0.519252,0.527906,885225.0
2017-07-25,EGX:VLMR,0.527906,0.527906,0.510598,0.519252,809090.0
2017-07-26,EGX:VLMR,0.519252,0.519252,0.510598,0.510598,1113638.0
2017-07-27,EGX:VLMR,0.510598,0.510598,0.510598,0.510598,589636.0
2017-07-30,EGX:VLMR,0.510598,0.519252,0.510598,0.510598,568891.0
2017-07-31,EGX:VLMR,0.510598,0.519252,0.510598,0.510598,52192.0
2017-08-01,EGX:VLMR,0.510598,0.519252,0.510598,0.510598,38545.0
2017-08-02,EGX:VLMR,0.510598,0.519252,0.501944,0.501944,446477.0
2017-08-03,EGX:VLMR,0.501944,0.510598,0.501944,0.510598,424811.0
2017-08-06,EGX:VLMR,0.510598,0.510598,0.510598,0.510598,655187.0
2017-08-07,EGX:VLMR,0.510598,0.527906,0.510598,0.519252,808833.0
2017-08-08,EGX:VLMR,0.519252,0.527906,0.519252,0.519252,366864.0
2017-08-09,EGX:VLMR,0.519252,0.519252,0.510598,0.510598,51872.0
2017-08-10,EGX:VLMR,0.510598,0.519252,0.510598,0.519252,41253.0
2017-08-13,EGX:VLMR,0.519252,0.519252,0.510598,0.519252,25169.0
2017-08-14,EGX:VLMR,0.519252,0.519252,0.510598,0.510598,1196522.0
2017-08-15,EGX:VLMR,0.510598,0.519252,0.510598,0.519252,229322.0
2017-08-16,EGX:VLMR,0.519252,0.519252,0.510598,0.519252,352466.0
2017-08-17,EGX:VLMR,0.519252,0.519252,0.519252,0.519252,786825.0
2017-08-20,EGX:VLMR,0.519252,0.519252,0.519252,0.519252,494136.0
2017-08-21,EGX:VLMR,0.519252,0.519252,0.510598,0.519252,502599.0
2017-08-22,EGX:VLMR,0.519252,0.527906,0.510598,0.519252,125699.0
2017-08-23,EGX:VLMR,0.519252,0.527906,0.519252,0.519252,208054.0
2017-08-24,EGX:VLMR,0.519252,0.519252,0.519252,0.519252,104297.0
2017-08-27,EGX:VLMR,0.519252,0.519252,0.519252,0.519252,721708.0
2017-08-28,EGX:VLMR,0.519252,0.527906,0.510598,0.519252,1862142.0
2017-08-29,EGX:VLMR,0.519252,0.519252,0.519252,0.519252,112797.0
2017-08-30,EGX:VLMR,0.519252,0.519252,0.519252,0.519252,172229.0
2017-09-05,EGX:VLMR,0.519252,0.519252,0.519252,0.519252,195493.0
2017-09-06,EGX:VLMR,0.519252,0.519252,0.510598,0.519252,349954.0
2017-09-07,EGX:VLMR,0.519252,0.519252,0.510598,0.519252,14947.0
2017-09-10,EGX:VLMR,0.519252,0.519252,0.510598,0.510598,645166.0
2017-09-11,EGX:VLMR,0.510598,0.519252,0.510598,0.519252,86873.0
2017-09-12,EGX:VLMR,0.519252,0.519252,0.510598,0.510598,738229.0
2017-09-13,EGX:VLMR,0.510598,0.519252,0.510598,0.510598,1101857.0
2017-09-14,EGX:VLMR,0.510598,0.519252,0.510598,0.510598,365232.0
2017-09-17,EGX:VLMR,0.510598,0.553869,0.510598,0.527906,3225130.0
2017-09-18,EGX:VLMR,0.527906,0.562523,0.527906,0.553869,250228.0
2017-09-19,EGX:VLMR,0.553869,0.553869,0.545215,0.553869,722478.0
2017-09-20,EGX:VLMR,0.553869,0.579831,0.545215,0.562523,2245967.0
2017-09-24,EGX:VLMR,0.562523,0.579831,0.562523,0.579831,1371257.0
2017-09-25,EGX:VLMR,0.579831,0.588486,0.579831,0.588486,1041565.0
2017-09-26,EGX:VLMR,0.588486,0.588486,0.579831,0.588486,238444.0
2017-09-27,EGX:VLMR,0.588486,0.588486,0.571177,0.579831,288297.0
2017-09-28,EGX:VLMR,0.579831,0.588486,0.579831,0.588486,200641.0
2017-10-01,EGX:VLMR,0.588486,0.588486,0.579831,0.588486,751662.0
2017-10-02,EGX:VLMR,0.588486,0.640411,0.579831,0.623102,5432958.0
2017-10-03,EGX:VLMR,0.623102,0.657719,0.623102,0.649065,1350568.0
2017-10-04,EGX:VLMR,0.649065,0.683682,0.649065,0.666373,2029641.0
2017-10-08,EGX:VLMR,0.666373,0.709644,0.666373,0.70099,1449007.0
2017-10-09,EGX:VLMR,0.70099,0.709644,0.683682,0.692336,1302833.0
2017-10-10,EGX:VLMR,0.692336,0.692336,0.657719,0.675028,1536991.0
2017-10-11,EGX:VLMR,0.675028,0.675028,0.657719,0.666373,368598.0
2017-10-12,EGX:VLMR,0.666373,0.675028,0.666373,0.666373,681869.0
2017-10-15,EGX:VLMR,0.666373,0.70099,0.666373,0.683682,2696053.0
2017-10-16,EGX:VLMR,0.683682,0.683682,0.666373,0.675028,603542.0
2017-10-17,EGX:VLMR,0.675028,0.692336,0.675028,0.683682,790884.0
2017-10-18,EGX:VLMR,0.683682,0.70099,0.675028,0.683682,1387037.0
2017-10-19,EGX:VLMR,0.683682,0.692336,0.649065,0.666373,2355369.0
2017-10-22,EGX:VLMR,0.666373,0.675028,0.657719,0.666373,107140.0
2017-10-23,EGX:VLMR,0.666373,0.666373,0.657719,0.666373,335983.0
2017-10-24,EGX:VLMR,0.666373,0.675028,0.657719,0.666373,455453.0
2017-10-25,EGX:VLMR,0.666373,0.683682,0.657719,0.675028,631634.0
2017-10-26,EGX:VLMR,0.675028,0.692336,0.666373,0.675028,1634982.0
2017-10-29,EGX:VLMR,0.675028,0.683682,0.657719,0.666373,252130.0
2017-10-30,EGX:VLMR,0.666373,0.683682,0.666373,0.675028,64102.0
2017-10-31,EGX:VLMR,0.675028,0.692336,0.675028,0.683682,542419.0
2017-11-01,EGX:VLMR,0.683682,0.683682,0.675028,0.683682,277413.0
2017-11-02,EGX:VLMR,0.683682,0.683682,0.675028,0.683682,941514.0
2017-11-05,EGX:VLMR,0.683682,0.683682,0.666373,0.675028,572457.0
2017-11-06,EGX:VLMR,0.675028,0.675028,0.649065,0.657719,1985043.0
2017-11-07,EGX:VLMR,0.657719,0.666373,0.649065,0.657719,854168.0
2017-11-08,EGX:VLMR,0.657719,0.666373,0.649065,0.657719,427060.0
2017-11-09,EGX:VLMR,0.657719,0.666373,0.657719,0.657719,71103.0
2017-11-12,EGX:VLMR,0.657719,0.666373,0.657719,0.666373,60891.0
2017-11-13,EGX:VLMR,0.666373,0.666373,0.657719,0.666373,109197.0
2017-11-14,EGX:VLMR,0.666373,0.666373,0.657719,0.666373,149713.0
2017-11-15,EGX:VLMR,0.666373,0.675028,0.657719,0.657719,1352081.0
2017-11-16,EGX:VLMR,0.657719,0.683682,0.657719,0.675028,866711.0
2017-11-19,EGX:VLMR,0.675028,0.675028,0.666373,0.666373,320275.0
2017-11-20,EGX:VLMR,0.666373,0.675028,0.666373,0.675028,840100.0
2017-11-21,EGX:VLMR,0.675028,0.70099,0.675028,0.692336,1178643.0
2017-11-22,EGX:VLMR,0.692336,0.735607,0.692336,0.718299,2979364.0
2017-11-23,EGX:VLMR,0.718299,0.744261,0.718299,0.744261,9973059.0
2017-11-26,EGX:VLMR,0.744261,0.744261,0.718299,0.718299,590372.0
2017-11-27,EGX:VLMR,0.718299,0.735607,0.709644,0.726953,891254.0
2017-11-28,EGX:VLMR,0.726953,0.735607,0.718299,0.735607,802665.0
2017-11-29,EGX:VLMR,0.735607,0.735607,0.718299,0.718299,456516.0
2017-12-03,EGX:VLMR,0.718299,0.726953,0.718299,0.726953,3422.0
2017-12-04,EGX:VLMR,0.726953,0.726953,0.718299,0.718299,170509.0
2017-12-05,EGX:VLMR,0.718299,0.726953,0.709644,0.718299,121623.0
2017-12-06,EGX:VLMR,0.718299,0.718299,0.709644,0.709644,127822.0
2017-12-07,EGX:VLMR,0.709644,0.709644,0.692336,0.70099,231246.0
2017-12-10,EGX:VLMR,0.70099,0.709644,0.692336,0.70099,435278.0
2017-12-11,EGX:VLMR,0.70099,0.718299,0.70099,0.709644,1134237.0
2017-12-12,EGX:VLMR,0.709644,0.744261,0.709644,0.735607,1341335.0
2017-12-13,EGX:VLMR,0.735607,0.744261,0.735607,0.735607,2178142.0
2017-12-14,EGX:VLMR,0.735607,0.744261,0.726953,0.735607,1197075.0
2017-12-17,EGX:VLMR,0.735607,0.744261,0.735607,0.735607,942968.0
2017-12-18,EGX:VLMR,0.735607,0.744261,0.726953,0.735607,558383.0
2017-12-19,EGX:VLMR,0.735607,0.744261,0.735607,0.735607,571700.0
2017-12-20,EGX:VLMR,0.735607,0.735607,0.726953,0.735607,203144.0
2017-12-21,EGX:VLMR,0.735607,0.735607,0.726953,0.726953,118142.0
2017-12-24,EGX:VLMR,0.726953,0.726953,0.726953,0.726953,108825.0
2017-12-25,EGX:VLMR,0.726953,0.726953,0.726953,0.726953,136851.0
2017-12-26,EGX:VLMR,0.726953,0.726953,0.718299,0.726953,539810.0
2017-12-27,EGX:VLMR,0.726953,0.735607,0.726953,0.735607,1319138.0
2017-12-28,EGX:VLMR,0.735607,0.744261,0.735607,0.735607,981944.0
2017-12-31,EGX:VLMR,0.735607,0.744261,0.726953,0.735607,402587.0
2018-01-02,EGX:VLMR,0.735607,0.778878,0.735607,0.76157,1710209.0
2018-01-03,EGX:VLMR,0.76157,0.770224,0.752915,0.76157,763637.0
2018-01-04,EGX:VLMR,0.76157,0.76157,0.752915,0.752915,299890.0
2018-01-08,EGX:VLMR,0.752915,0.76157,0.752915,0.76157,552134.0
2018-01-09,EGX:VLMR,0.76157,0.770224,0.752915,0.76157,57771.0
2018-01-10,EGX:VLMR,0.76157,0.76157,0.76157,0.76157,387258.0
2018-01-11,EGX:VLMR,0.76157,0.76157,0.752915,0.76157,274622.0
2018-01-14,EGX:VLMR,0.76157,0.76157,0.752915,0.752915,257571.0
2018-01-15,EGX:VLMR,0.752915,0.76157,0.752915,0.76157,106328.0
2018-01-16,EGX:VLMR,0.76157,0.787532,0.752915,0.770224,1314790.0
2018-01-17,EGX:VLMR,0.770224,0.822149,0.770224,0.804841,3023124.0
2018-01-18,EGX:VLMR,0.804841,0.830803,0.804841,0.822149,4189893.0
2018-01-21,EGX:VLMR,0.822149,0.830803,0.822149,0.822149,531051.0
2018-01-22,EGX:VLMR,0.822149,0.830803,0.813495,0.822149,269913.0
2018-01-23,EGX:VLMR,0.822149,0.822149,0.813495,0.822149,1798321.0
2018-01-24,EGX:VLMR,0.822149,0.830803,0.822149,0.822149,141621.0
2018-01-28,EGX:VLMR,0.822149,0.830803,0.822149,0.822149,420616.0
2018-01-29,EGX:VLMR,0.822149,0.830803,0.813495,0.822149,283778.0
2018-01-30,EGX:VLMR,0.822149,0.856766,0.822149,0.839457,1293162.0
2018-01-31,EGX:VLMR,0.839457,0.848112,0.839457,0.839457,3302099.0
2018-02-01,EGX:VLMR,0.839457,0.86542,0.839457,0.86542,4601097.0
2018-02-04,EGX:VLMR,0.86542,0.86542,0.848112,0.856766,247832.0
2018-02-05,EGX:VLMR,0.856766,0.856766,0.839457,0.839457,589656.0
2018-02-06,EGX:VLMR,0.839457,0.839457,0.813495,0.830803,1032143.0
2018-02-07,EGX:VLMR,0.830803,0.848112,0.830803,0.830803,1059682.0
2018-02-08,EGX:VLMR,0.830803,0.839457,0.830803,0.830803,456141.0
2018-02-11,EGX:VLMR,0.830803,0.830803,0.822149,0.830803,706836.0
2018-02-12,EGX:VLMR,0.830803,0.839457,0.822149,0.830803,423565.0
2018-02-13,EGX:VLMR,0.830803,0.839457,0.822149,0.830803,447999.0
2018-02-14,EGX:VLMR,0.830803,0.848112,0.830803,0.839457,402124.0
2018-02-15,EGX:VLMR,0.839457,0.856766,0.839457,0.856766,591363.0
2018-02-18,EGX:VLMR,0.856766,0.856766,0.848112,0.856766,2303902.0
2018-02-19,EGX:VLMR,0.856766,0.891383,0.856766,0.882728,1360565.0
2018-02-20,EGX:VLMR,0.882728,0.891383,0.874074,0.882728,1911589.0
2018-02-21,EGX:VLMR,0.882728,0.882728,0.86542,0.874074,96887.0
2018-02-22,EGX:VLMR,0.874074,0.874074,0.86542,0.874074,1521859.0
2018-02-25,EGX:VLMR,0.874074,0.874074,0.839457,0.856766,940563.0
2018-02-26,EGX:VLMR,0.856766,0.856766,0.839457,0.848112,695347.0
2018-02-27,EGX:VLMR,0.848112,0.856766,0.839457,0.839457,1063160.0
2018-02-28,EGX:VLMR,0.839457,0.848112,0.830803,0.839457,988034.0
2018-03-01,EGX:VLMR,0.839457,0.86542,0.839457,0.86542,1453716.0
2018-03-04,EGX:VLMR,0.86542,0.86542,0.856766,0.856766,610831.0
2018-03-05,EGX:VLMR,0.856766,0.856766,0.848112,0.856766,591346.0
2018-03-06,EGX:VLMR,0.856766,0.86542,0.848112,0.856766,960743.0
2018-03-07,EGX:VLMR,0.856766,0.856766,0.848112,0.856766,1930057.0
2018-03-08,EGX:VLMR,0.856766,0.86542,0.848112,0.856766,1346018.0
2018-03-11,EGX:VLMR,0.856766,0.891383,0.856766,0.874074,1861333.0
2018-03-12,EGX:VLMR,0.874074,0.891383,0.874074,0.882728,1710959.0
2018-03-13,EGX:VLMR,0.882728,0.891383,0.874074,0.882728,947365.0
2018-03-14,EGX:VLMR,0.882728,0.925999,0.882728,0.900037,9558945.0
2018-03-15,EGX:VLMR,0.900037,0.934654,0.900037,0.917345,13147554.0
2018-03-18,EGX:VLMR,0.917345,0.934654,0.900037,0.917345,1384085.0
2018-03-19,EGX:VLMR,0.917345,0.917345,0.86542,0.882728,2498854.0
2018-03-20,EGX:VLMR,0.882728,0.891383,0.874074,0.882728,344678.0
2018-03-21,EGX:VLMR,0.882728,0.891383,0.874074,0.882728,2260863.0
2018-03-22,EGX:VLMR,0.882728,0.882728,0.874074,0.882728,1099071.0
2018-03-25,EGX:VLMR,0.882728,0.891383,0.882728,0.891383,491324.0
2018-03-26,EGX:VLMR,0.891383,0.891383,0.856766,0.86542,4757945.0
2018-03-27,EGX:VLMR,0.86542,0.891383,0.86542,0.874074,603687.0
2018-03-28,EGX:VLMR,0.874074,0.874074,0.856766,0.86542,2664806.0
2018-03-29,EGX:VLMR,0.86542,0.874074,0.856766,0.86542,236837.0
2018-04-01,EGX:VLMR,0.86542,0.874074,0.86542,0.874074,530919.0
2018-04-02,EGX:VLMR,0.874074,0.908691,0.86542,0.891383,1484062.0
2018-04-03,EGX:VLMR,0.891383,0.908691,0.856766,0.874074,1547003.0
2018-04-04,EGX:VLMR,0.874074,0.900037,0.874074,0.900037,1871970.0
2018-04-05,EGX:VLMR,0.900037,0.934654,0.882728,0.917345,1942199.0
2018-04-10,EGX:VLMR,0.917345,0.934654,0.917345,0.925999,1670382.0
2018-04-11,EGX:VLMR,0.925999,0.925999,0.891383,0.900037,1691661.0
2018-04-12,EGX:VLMR,0.900037,0.900037,0.891383,0.900037,545504.0
2018-04-15,EGX:VLMR,0.900037,0.900037,0.891383,0.891383,959174.0
2018-04-16,EGX:VLMR,0.891383,0.917345,0.891383,0.908691,2077370.0
2018-04-17,EGX:VLMR,0.908691,0.934654,0.908691,0.925999,1520688.0
2018-04-18,EGX:VLMR,0.925999,0.951962,0.925999,0.943308,1981637.0
2018-04-19,EGX:VLMR,0.943308,0.943308,0.934654,0.943308,1196005.0
2018-04-22,EGX:VLMR,0.943308,0.943308,0.900037,0.908691,1546042.0
2018-04-23,EGX:VLMR,0.908691,0.951962,0.908691,0.934654,1161076.0
2018-04-24,EGX:VLMR,0.934654,0.977925,0.934654,0.96927,1383139.0
2018-04-26,EGX:VLMR,0.96927,1.012541,0.96927,0.995233,2989344.0
2018-04-29,EGX:VLMR,0.995233,0.995233,0.960616,0.96927,1198420.0
2018-04-30,EGX:VLMR,0.96927,0.986579,0.960616,0.96927,1873764.0
2018-05-02,EGX:VLMR,0.96927,1.003887,0.96927,0.995233,772415.0
2018-05-03,EGX:VLMR,0.995233,1.012541,0.995233,1.003887,1150761.0
2018-05-06,EGX:VLMR,1.003887,1.003887,0.986579,0.986579,558734.0
2018-05-07,EGX:VLMR,0.986579,0.995233,0.986579,0.995233,133731.0
2018-05-08,EGX:VLMR,0.995233,0.995233,0.977925,0.986579,1123244.0
2018-05-09,EGX:VLMR,0.986579,0.986579,0.960616,0.96927,2151495.0
2018-05-10,EGX:VLMR,0.96927,0.986579,0.96927,0.977925,674905.0
2018-05-13,EGX:VLMR,0.977925,0.986579,0.96927,0.96927,250287.0
2018-05-14,EGX:VLMR,0.96927,0.977925,0.960616,0.96927,773647.0
2018-05-15,EGX:VLMR,0.96927,0.977925,0.96927,0.977925,208101.0
2018-05-16,EGX:VLMR,0.977925,1.012541,0.977925,1.003887,3034105.0
2018-05-17,EGX:VLMR,1.003887,1.012541,0.995233,1.003887,1031006.0
2018-05-20,EGX:VLMR,1.003887,1.012541,0.995233,1.003887,663281.0
2018-05-21,EGX:VLMR,1.003887,1.038504,1.003887,1.021196,2306941.0
2018-05-22,EGX:VLMR,1.021196,1.021196,1.003887,1.012541,855992.0
2018-05-23,EGX:VLMR,1.012541,1.021196,1.012541,1.012541,489757.0
2018-05-24,EGX:VLMR,1.012541,1.021196,1.012541,1.012541,43472.0
2018-05-27,EGX:VLMR,1.012541,1.021196,1.012541,1.021196,171460.0
2018-05-28,EGX:VLMR,1.021196,1.02985,1.012541,1.021196,2881060.0
2018-05-29,EGX:VLMR,1.021196,1.02985,1.021196,1.02985,1254663.0
2018-05-30,EGX:VLMR,1.02985,1.02985,1.012541,1.021196,1257042.0
2018-05-31,EGX:VLMR,1.021196,1.021196,1.003887,1.012541,527738.0
2018-06-03,EGX:VLMR,1.012541,1.021196,1.012541,1.012541,67274.0
2018-06-04,EGX:VLMR,1.012541,1.02985,1.012541,1.021196,1357069.0
2018-06-05,EGX:VLMR,1.021196,1.021196,0.995233,1.012541,1857046.0
2018-06-06,EGX:VLMR,1.012541,1.012541,0.995233,1.003887,1589017.0
2018-06-07,EGX:VLMR,1.003887,1.012541,0.995233,1.003887,1665584.0
2018-06-10,EGX:VLMR,1.003887,1.003887,0.995233,1.003887,127556.0
2018-06-11,EGX:VLMR,1.003887,1.003887,0.986579,0.995233,400011.0
2018-06-12,EGX:VLMR,0.995233,0.995233,0.986579,0.995233,73988.0
2018-06-13,EGX:VLMR,0.995233,1.003887,0.995233,0.995233,297319.0
2018-06-14,EGX:VLMR,0.995233,0.995233,0.96927,0.986579,1320721.0
2018-06-19,EGX:VLMR,0.986579,0.986579,0.977925,0.977925,153766.0
2018-06-20,EGX:VLMR,0.977925,0.986579,0.977925,0.986579,418559.0
2018-06-21,EGX:VLMR,0.986579,0.995233,0.986579,0.995233,101286.0
2018-06-24,EGX:VLMR,0.995233,0.995233,0.986579,0.986579,89378.0
2018-06-25,EGX:VLMR,0.986579,0.995233,0.986579,0.995233,535348.0
2018-06-26,EGX:VLMR,0.995233,0.995233,0.977925,0.986579,706824.0
2018-06-27,EGX:VLMR,0.986579,0.995233,0.977925,0.986579,612287.0
2018-06-28,EGX:VLMR,0.986579,0.995233,0.986579,0.995233,1389687.0
2018-07-02,EGX:VLMR,0.995233,0.995233,0.986579,0.986579,82287.0
2018-07-03,EGX:VLMR,0.986579,1.003887,0.986579,0.995233,685673.0
2018-07-04,EGX:VLMR,0.995233,1.003887,0.995233,0.995233,101551.0
2018-07-05,EGX:VLMR,0.995233,1.003887,0.995233,0.995233,505324.0
2018-07-08,EGX:VLMR,0.995233,1.003887,0.995233,1.003887,262190.0
2018-07-09,EGX:VLMR,1.003887,1.003887,0.986579,1.003887,1052529.0
2018-07-10,EGX:VLMR,1.003887,1.02985,1.003887,1.012541,977200.0
2018-07-11,EGX:VLMR,1.012541,1.021196,1.012541,1.012541,141450.0
2018-07-12,EGX:VLMR,1.012541,1.012541,1.003887,1.012541,164002.0
2018-07-15,EGX:VLMR,1.012541,1.012541,1.003887,1.012541,219552.0
2018-07-16,EGX:VLMR,1.012541,1.012541,1.003887,1.012541,534108.0
2018-07-17,EGX:VLMR,1.012541,1.012541,1.003887,1.003887,641847.0
2018-07-18,EGX:VLMR,1.003887,1.012541,1.003887,1.012541,188402.0
2018-07-19,EGX:VLMR,1.012541,1.012541,1.012541,1.012541,275918.0
2018-07-22,EGX:VLMR,1.012541,1.012541,1.003887,1.012541,281436.0
2018-07-24,EGX:VLMR,1.012541,1.012541,0.995233,1.003887,332821.0
2018-07-25,EGX:VLMR,1.003887,1.003887,0.995233,1.003887,115310.0
2018-07-26,EGX:VLMR,1.003887,1.003887,0.986579,0.995233,1600211.0
2018-07-29,EGX:VLMR,0.995233,0.995233,0.986579,0.995233,25725.0
2018-07-30,EGX:VLMR,0.995233,0.995233,0.986579,0.995233,42628.0
2018-07-31,EGX:VLMR,0.995233,0.995233,0.986579,0.986579,1147020.0
2018-08-01,EGX:VLMR,0.986579,1.003887,0.986579,0.995233,309688.0
2018-08-02,EGX:VLMR,0.995233,1.003887,0.995233,0.995233,103489.0
2018-08-05,EGX:VLMR,0.995233,1.012541,0.995233,1.003887,344448.0
2018-08-06,EGX:VLMR,1.003887,1.012541,1.003887,1.003887,541435.0
2018-08-07,EGX:VLMR,1.003887,1.012541,1.003887,1.012541,1351530.0
2018-08-08,EGX:VLMR,1.012541,1.021196,1.012541,1.012541,348882.0
2018-08-09,EGX:VLMR,1.012541,1.012541,1.003887,1.003887,200873.0
2018-08-12,EGX:VLMR,1.003887,1.003887,0.995233,1.003887,149184.0
2018-08-13,EGX:VLMR,1.003887,1.003887,0.986579,0.986579,554496.0
2018-08-14,EGX:VLMR,0.986579,0.995233,0.986579,0.995233,139158.0
2018-08-15,EGX:VLMR,0.995233,1.003887,0.995233,0.995233,1405341.0
2018-08-16,EGX:VLMR,0.995233,1.003887,0.995233,0.995233,6364.0
2018-08-19,EGX:VLMR,0.995233,1.003887,0.995233,0.995233,131959.0
2018-08-26,EGX:VLMR,0.995233,0.995233,0.995233,0.995233,27299.0
2018-08-27,EGX:VLMR,0.995233,1.021196,0.995233,1.012541,878783.0
2018-08-28,EGX:VLMR,1.012541,1.021196,1.003887,1.012541,85111.0
2018-08-29,EGX:VLMR,1.012541,1.021196,1.012541,1.021196,1766878.0
2018-08-30,EGX:VLMR,1.021196,1.038504,1.021196,1.02985,1021801.0
2018-09-02,EGX:VLMR,1.02985,1.02985,1.021196,1.02985,451326.0
2018-09-03,EGX:VLMR,1.02985,1.02985,1.012541,1.021196,2954498.0
2018-09-04,EGX:VLMR,1.021196,1.02985,1.012541,1.021196,1924434.0
2018-09-05,EGX:VLMR,1.021196,1.021196,1.012541,1.021196,262577.0
2018-09-06,EGX:VLMR,1.021196,1.047158,1.021196,1.038504,6368176.0
2018-09-09,EGX:VLMR,1.038504,1.047158,1.021196,1.038504,333637.0
2018-09-10,EGX:VLMR,1.038504,1.047158,1.02985,1.038504,1472035.0
2018-09-13,EGX:VLMR,1.055812,1.064467,1.055812,1.055812,1197302.0
2018-09-16,EGX:VLMR,1.055812,1.055812,1.047158,1.047158,514747.0
2018-09-17,EGX:VLMR,1.047158,1.047158,1.038504,1.047158,204843.0
2018-09-18,EGX:VLMR,1.047158,1.047158,1.02985,1.038504,261420.0
2018-09-19,EGX:VLMR,1.038504,1.038504,0.995233,1.012541,1006934.0
2018-09-20,EGX:VLMR,1.012541,1.012541,0.934654,0.975328,4294933.0
2018-09-23,EGX:VLMR,0.975328,0.986579,0.975328,0.983983,643138.0
2018-09-24,EGX:VLMR,0.983983,0.994368,0.96927,0.976194,685746.0
2018-09-25,EGX:VLMR,0.976194,0.977925,0.961482,0.971867,309983.0
2018-09-26,EGX:VLMR,0.971867,0.990906,0.971867,0.984848,1098935.0
2018-09-27,EGX:VLMR,0.984848,1.005618,0.977925,1.003022,1228856.0
2018-09-30,EGX:VLMR,1.003022,1.011676,0.995233,1.007349,76251.0
2018-10-01,EGX:VLMR,1.007349,1.012541,1.000426,1.00908,1162304.0
2018-10-02,EGX:VLMR,1.00908,1.00908,1.003022,1.003887,67019.0
2018-10-03,EGX:VLMR,1.003887,1.003887,0.996964,1.000426,19149.0
2018-10-04,EGX:VLMR,1.000426,1.000426,0.989175,0.994368,269058.0
2018-10-08,EGX:VLMR,0.994368,0.994368,0.964078,0.972732,1124578.0
2018-10-09,EGX:VLMR,0.972732,0.977925,0.961482,0.96754,1334008.0
2018-10-10,EGX:VLMR,0.96754,0.96927,0.961482,0.964078,423405.0
2018-10-11,EGX:VLMR,0.964078,0.976194,0.951962,0.961482,2647790.0
2018-10-14,EGX:VLMR,0.961482,0.977925,0.961482,0.977059,605244.0
2018-10-15,EGX:VLMR,0.977059,0.977925,0.968405,0.974463,2181786.0
2018-10-16,EGX:VLMR,0.974463,0.985713,0.974463,0.977925,1855686.0
2018-10-17,EGX:VLMR,0.977925,0.994368,0.965809,0.98831,652370.0
2018-10-18,EGX:VLMR,0.98831,0.990906,0.983117,0.987444,414062.0
2018-10-21,EGX:VLMR,0.987444,0.987444,0.973598,0.982252,68699.0
2018-10-22,EGX:VLMR,0.982252,0.982252,0.970136,0.976194,146173.0
2018-10-23,EGX:VLMR,0.976194,0.977925,0.96927,0.970136,204619.0
2018-10-24,EGX:VLMR,0.970136,0.977925,0.961482,0.96927,1647235.0
2018-10-25,EGX:VLMR,0.96927,0.96927,0.947635,0.956289,1747404.0
2018-10-28,EGX:VLMR,0.956289,0.960616,0.951962,0.957155,107115.0
2018-10-29,EGX:VLMR,0.957155,0.960616,0.938115,0.954558,2115118.0
2018-10-30,EGX:VLMR,0.954558,0.96754,0.951962,0.959751,80885.0
2018-10-31,EGX:VLMR,0.959751,0.968405,0.951962,0.960616,119701.0
2018-11-01,EGX:VLMR,0.960616,0.976194,0.957155,0.965809,102056.0
2018-11-04,EGX:VLMR,0.965809,0.968405,0.951962,0.952827,848358.0
2018-11-05,EGX:VLMR,0.952827,0.952827,0.945904,0.951962,236704.0
2018-11-06,EGX:VLMR,0.951962,0.966674,0.951962,0.953693,109499.0
2018-11-07,EGX:VLMR,0.953693,0.96754,0.949366,0.955424,780043.0
2018-11-08,EGX:VLMR,0.955424,0.960616,0.955424,0.959751,875178.0
2018-11-11,EGX:VLMR,0.959751,0.968405,0.957155,0.96754,109095.0
2018-11-12,EGX:VLMR,0.96754,0.96927,0.960616,0.96927,91377.0
2018-11-13,EGX:VLMR,0.96927,0.96927,0.949366,0.95802,308989.0
2018-11-14,EGX:VLMR,0.95802,0.95802,0.943308,0.951962,172831.0
2018-11-15,EGX:VLMR,0.951962,0.966674,0.951962,0.956289,670846.0
2018-11-18,EGX:VLMR,0.956289,0.961482,0.951962,0.957155,109108.0
2018-11-19,EGX:VLMR,0.957155,0.961482,0.954558,0.959751,256581.0
2018-11-22,EGX:VLMR,0.951962,0.951962,0.943308,0.944173,1494422.0
2018-11-25,EGX:VLMR,0.944173,0.944173,0.925999,0.930327,668641.0
2018-11-26,EGX:VLMR,0.930327,0.941577,0.930327,0.934654,522894.0
2018-11-27,EGX:VLMR,0.934654,0.942442,0.934654,0.934654,300317.0
2018-11-28,EGX:VLMR,0.934654,0.943308,0.926865,0.933788,47358.0
2018-11-29,EGX:VLMR,0.933788,0.943308,0.933788,0.938981,14755953.0
2018-12-02,EGX:VLMR,0.938981,0.938981,0.934654,0.934654,378428.0
2018-12-03,EGX:VLMR,0.934654,0.949366,0.934654,0.944173,184095.0
2018-12-04,EGX:VLMR,0.944173,0.944173,0.929461,0.934654,679988.0
2018-12-05,EGX:VLMR,0.934654,0.935519,0.933788,0.934654,501099.0
2018-12-06,EGX:VLMR,0.934654,0.934654,0.919076,0.92773,259724.0
2018-12-09,EGX:VLMR,0.92773,0.942442,0.891383,0.913884,309780.0
2018-12-10,EGX:VLMR,0.913884,0.934654,0.908691,0.919942,433214.0
2018-12-11,EGX:VLMR,0.919942,0.934654,0.919942,0.925999,295214.0
2018-12-12,EGX:VLMR,0.925999,0.934654,0.925999,0.933788,178637.0
2018-12-13,EGX:VLMR,0.933788,0.934654,0.925999,0.932057,96825.0
2018-12-16,EGX:VLMR,0.932057,0.933788,0.918211,0.930327,229770.0
2018-12-17,EGX:VLMR,0.930327,0.93725,0.930327,0.933788,266493.0
2018-12-18,EGX:VLMR,0.933788,0.933788,0.918211,0.930327,962928.0
2018-12-19,EGX:VLMR,0.930327,0.930327,0.911287,0.917345,534588.0
2018-12-20,EGX:VLMR,0.917345,0.951097,0.917345,0.935519,2015398.0
2018-12-23,EGX:VLMR,0.935519,0.943308,0.925999,0.929461,232228.0
2018-12-24,EGX:VLMR,0.929461,0.932923,0.924269,0.925999,128167.0
2018-12-25,EGX:VLMR,0.925999,0.930327,0.921672,0.925999,55797.0
2018-12-26,EGX:VLMR,0.925999,0.934654,0.924269,0.925999,484495.0
2018-12-27,EGX:VLMR,0.925999,0.930327,0.922538,0.925999,79120.0
2018-12-30,EGX:VLMR,0.925999,0.929461,0.922538,0.926865,24854.0
2018-12-31,EGX:VLMR,0.926865,0.929461,0.926865,0.929461,15697.0
2019-01-02,EGX:VLMR,0.929461,0.934654,0.925999,0.92773,34032.0
2019-01-03,EGX:VLMR,0.92773,0.939846,0.92773,0.935519,167660.0
2019-01-06,EGX:VLMR,0.935519,0.943308,0.930327,0.938981,120226.0
2019-01-08,EGX:VLMR,0.938981,0.94677,0.935519,0.941577,311271.0
2019-01-09,EGX:VLMR,0.941577,0.944173,0.936384,0.938981,2043962.0
2019-01-10,EGX:VLMR,0.938981,0.963213,0.93725,0.955424,588365.0
2019-01-13,EGX:VLMR,0.955424,0.994368,0.955424,0.972732,995854.0
2019-01-14,EGX:VLMR,0.972732,0.984848,0.96927,0.972732,28116.0
2019-01-15,EGX:VLMR,0.972732,0.996098,0.972732,0.993502,1089853.0
2019-01-16,EGX:VLMR,0.993502,1.003887,0.973598,0.983983,1363622.0
2019-01-17,EGX:VLMR,0.983983,0.985713,0.960616,0.980521,1397542.0
2019-01-20,EGX:VLMR,0.980521,0.993502,0.980521,0.990041,102224.0
2019-01-21,EGX:VLMR,0.990041,1.088698,0.977925,1.051485,8300991.0
2019-01-22,EGX:VLMR,1.051485,1.099083,1.051485,1.084371,3717889.0
2019-01-23,EGX:VLMR,1.084371,1.084371,1.045427,1.055812,1213965.0
2019-01-27,EGX:VLMR,1.055812,1.055812,1.021196,1.033312,1801721.0
2019-01-28,EGX:VLMR,1.033312,1.039369,1.028984,1.035042,235336.0
2019-01-29,EGX:VLMR,1.035042,1.084371,1.034177,1.062736,2080126.0
2019-01-30,EGX:VLMR,1.062736,1.090429,1.062736,1.085237,2863172.0
2019-01-31,EGX:VLMR,1.085237,1.103411,1.08091,1.091295,3385615.0
2019-02-03,EGX:VLMR,1.091295,1.105141,1.084371,1.098218,1167374.0
2019-02-04,EGX:VLMR,1.098218,1.099083,1.088698,1.093891,399664.0
2019-02-05,EGX:VLMR,1.093891,1.100814,1.088698,1.097353,1013259.0
2019-02-06,EGX:VLMR,1.097353,1.099083,1.086102,1.095622,1051329.0
2019-02-07,EGX:VLMR,1.095622,1.107738,1.09216,1.099949,1648438.0
2019-02-10,EGX:VLMR,1.099949,1.116392,1.099949,1.109468,791973.0
2019-02-11,EGX:VLMR,1.109468,1.113796,1.107738,1.110334,666950.0
2019-02-12,EGX:VLMR,1.110334,1.116392,1.107738,1.114661,295775.0
2019-02-13,EGX:VLMR,1.114661,1.114661,1.107738,1.109468,178218.0
2019-02-14,EGX:VLMR,1.109468,1.109468,1.091295,1.099083,348299.0
2019-02-17,EGX:VLMR,1.099083,1.12245,1.093026,1.115526,788499.0
2019-02-18,EGX:VLMR,1.115526,1.125046,1.112065,1.117257,1208596.0
2019-02-19,EGX:VLMR,1.117257,1.125046,1.11293,1.119854,546543.0
2019-02-20,EGX:VLMR,1.119854,1.125046,1.116392,1.116392,210728.0
2019-02-21,EGX:VLMR,1.116392,1.118123,1.111199,1.116392,577995.0
2019-02-24,EGX:VLMR,1.116392,1.116392,1.105141,1.107738,553183.0
2019-02-25,EGX:VLMR,1.107738,1.111199,1.099083,1.102545,369859.0
2019-02-26,EGX:VLMR,1.102545,1.114661,1.10168,1.107738,773925.0
2019-02-27,EGX:VLMR,1.107738,1.116392,1.099083,1.107738,1152460.0
2019-02-28,EGX:VLMR,1.107738,1.33967,1.107738,1.258321,11590148.0
2019-03-03,EGX:VLMR,1.258321,1.258321,1.195145,1.215915,240247.0
2019-03-04,EGX:VLMR,1.215915,1.247936,1.211588,1.228896,1641867.0
2019-03-05,EGX:VLMR,1.228896,1.237551,1.224569,1.229762,1905311.0
2019-03-06,EGX:VLMR,1.229762,1.229762,1.176971,1.207261,1182781.0
2019-03-07,EGX:VLMR,1.207261,1.213319,1.185625,1.202068,1350388.0
2019-03-10,EGX:VLMR,1.202068,1.209857,1.198607,1.202934,81211.0
2019-03-11,EGX:VLMR,1.202934,1.228896,1.198607,1.2263,1534852.0
2019-03-12,EGX:VLMR,1.2263,1.228896,1.213319,1.2263,1201940.0
2019-03-13,EGX:VLMR,1.2263,1.263513,1.221973,1.238416,3069784.0
2019-03-14,EGX:VLMR,1.238416,1.289476,1.238416,1.264379,2819865.0
2019-03-17,EGX:VLMR,1.264379,1.309381,1.264379,1.29813,1248624.0
2019-03-18,EGX:VLMR,1.29813,1.306784,1.282553,1.293803,450970.0
2019-03-19,EGX:VLMR,1.293803,1.29813,1.281687,1.289476,3244711.0
2019-03-20,EGX:VLMR,1.289476,1.331881,1.280822,1.309381,10022043.0
2019-03-21,EGX:VLMR,1.309381,1.324093,1.309381,1.315438,1458323.0
2019-03-24,EGX:VLMR,1.315438,1.315438,1.29813,1.311111,69959.0
2019-03-25,EGX:VLMR,1.311111,1.340536,1.311111,1.326689,3379655.0
2019-03-26,EGX:VLMR,1.326689,1.367364,1.326689,1.350055,5613987.0
2019-03-27,EGX:VLMR,1.350055,1.371691,1.350055,1.359575,2633033.0
2019-03-28,EGX:VLMR,1.359575,1.367364,1.337939,1.362171,1190414.0
2019-03-31,EGX:VLMR,1.362171,1.375152,1.359575,1.369095,249985.0
2019-04-01,EGX:VLMR,1.369095,1.369095,1.358709,1.366498,281892.0
2019-04-02,EGX:VLMR,1.366498,1.371691,1.366498,1.368229,1044125.0
2019-04-03,EGX:VLMR,1.368229,1.36996,1.36044,1.367364,81063.0
2019-04-04,EGX:VLMR,1.367364,1.367364,1.344863,1.362171,15500531.0
2019-04-07,EGX:VLMR,1.362171,1.362171,1.358709,1.358709,109861.0
2019-04-08,EGX:VLMR,1.358709,1.358709,1.343997,1.356113,133611.0
2019-04-09,EGX:VLMR,1.356113,1.356113,1.335343,1.341401,983566.0
2019-04-10,EGX:VLMR,1.341401,1.341401,1.280822,1.305053,1365970.0
2019-04-11,EGX:VLMR,1.305053,1.305053,1.228896,1.248801,2025257.0
2019-04-14,EGX:VLMR,1.248801,1.248801,1.224569,1.232358,296007.0
2019-04-15,EGX:VLMR,1.232358,1.242743,1.212453,1.221973,1083779.0
2019-04-16,EGX:VLMR,1.221973,1.221973,1.191683,1.201203,1953980.0
2019-04-17,EGX:VLMR,1.201203,1.220242,1.19428,1.204665,438480.0
2019-04-18,EGX:VLMR,1.204665,1.249667,1.204665,1.233224,1059465.0
2019-04-21,EGX:VLMR,1.233224,1.270437,1.233224,1.257455,344399.0
2019-04-22,EGX:VLMR,1.257455,1.257455,1.228896,1.242743,613241.0
2019-04-23,EGX:VLMR,1.242743,1.242743,1.190818,1.197741,607186.0
2019-04-24,EGX:VLMR,1.197741,1.246205,1.197741,1.231493,262132.0
2019-04-30,EGX:VLMR,1.231493,1.270437,1.228896,1.260917,780348.0
2019-05-02,EGX:VLMR,1.260917,1.264379,1.252263,1.263513,527980.0
2019-05-05,EGX:VLMR,1.263513,1.263513,1.238416,1.249667,105076.0
2019-05-06,EGX:VLMR,1.249667,1.249667,1.220242,1.232358,262102.0
2019-05-07,EGX:VLMR,1.232358,1.246205,1.228896,1.234954,211730.0
2019-05-08,EGX:VLMR,1.234954,1.237551,1.217646,1.2263,588760.0
2019-05-09,EGX:VLMR,1.2263,1.233224,1.220242,1.228031,167064.0
2019-05-12,EGX:VLMR,1.228031,1.228896,1.219377,1.221973,107329.0
2019-05-13,EGX:VLMR,1.221973,1.228896,1.183029,1.193414,791609.0
2019-05-14,EGX:VLMR,1.193414,1.207261,1.193414,1.199472,157046.0
2019-05-15,EGX:VLMR,1.199472,1.202934,1.19428,1.196876,597180.0
2019-05-16,EGX:VLMR,1.196876,1.208126,1.189953,1.196876,288892.0
2019-05-19,EGX:VLMR,1.196876,1.209857,1.196876,1.202934,365628.0
2019-05-20,EGX:VLMR,1.202934,1.208992,1.198607,1.204665,80256.0
2019-05-21,EGX:VLMR,1.204665,1.21505,1.204665,1.208126,1328562.0
2019-05-22,EGX:VLMR,1.208126,1.278225,1.208126,1.241878,590044.0
2019-05-23,EGX:VLMR,1.241878,1.280822,1.241012,1.275629,1037655.0
2019-05-26,EGX:VLMR,1.275629,1.280822,1.263513,1.275629,909384.0
2019-05-27,EGX:VLMR,1.275629,1.280822,1.255724,1.278225,262661.0
2019-05-28,EGX:VLMR,1.278225,1.280822,1.272167,1.280822,705161.0
2019-05-29,EGX:VLMR,1.280822,1.280822,1.236685,1.249667,701065.0
2019-05-30,EGX:VLMR,1.249667,1.259186,1.237551,1.24707,422551.0
2019-06-02,EGX:VLMR,1.24707,1.253994,1.214184,1.229762,354376.0
2019-06-03,EGX:VLMR,1.229762,1.252263,1.228896,1.230627,162514.0
2019-06-09,EGX:VLMR,1.230627,1.264379,1.230627,1.253994,599630.0
2019-06-10,EGX:VLMR,1.253994,1.263513,1.24707,1.253994,614854.0
2019-06-11,EGX:VLMR,1.253994,1.260917,1.238416,1.246205,214078.0
2019-06-12,EGX:VLMR,1.246205,1.246205,1.238416,1.241012,86607.0
2019-06-13,EGX:VLMR,1.241012,1.241878,1.23582,1.237551,297419.0
2019-06-16,EGX:VLMR,1.237551,1.237551,1.220242,1.233224,214550.0
2019-06-17,EGX:VLMR,1.233224,1.233224,1.210723,1.216781,363418.0
2019-06-18,EGX:VLMR,1.216781,1.227166,1.210723,1.212453,70601.0
2019-06-19,EGX:VLMR,1.212453,1.220242,1.200338,1.20553,176465.0
2019-06-20,EGX:VLMR,1.20553,1.220242,1.186491,1.195145,996564.0
2019-06-23,EGX:VLMR,1.195145,1.210723,1.189953,1.19428,225491.0
2019-06-24,EGX:VLMR,1.19428,1.19428,1.186491,1.191683,246529.0
2019-06-25,EGX:VLMR,1.191683,1.191683,1.182164,1.183895,356686.0
2019-06-26,EGX:VLMR,1.183895,1.183895,1.151009,1.169182,2464965.0
2019-06-27,EGX:VLMR,1.169182,1.172644,1.151009,1.159663,911953.0
2019-07-02,EGX:VLMR,1.159663,1.159663,1.150143,1.155336,900824.0
2019-07-03,EGX:VLMR,1.155336,1.167452,1.127642,1.147547,751790.0
2019-07-04,EGX:VLMR,1.147547,1.147547,1.094756,1.105141,3114981.0
2019-07-07,EGX:VLMR,1.105141,1.138027,1.099083,1.112065,1073495.0
2019-07-08,EGX:VLMR,1.112065,1.168317,1.097353,1.106872,3825623.0
2019-07-09,EGX:VLMR,1.106872,1.168317,1.106872,1.152739,183887.0
2019-07-10,EGX:VLMR,1.152739,1.159663,1.1337,1.150143,329461.0
2019-07-11,EGX:VLMR,1.150143,1.150143,1.129373,1.1337,305807.0
2019-07-14,EGX:VLMR,1.1337,1.151009,1.119854,1.131104,217990.0
2019-07-15,EGX:VLMR,1.131104,1.1337,1.120719,1.128508,334195.0
2019-07-16,EGX:VLMR,1.128508,1.128508,1.103411,1.114661,370015.0
2019-07-17,EGX:VLMR,1.114661,1.125046,1.107738,1.118123,342117.0
2019-07-18,EGX:VLMR,1.118123,1.12245,1.103411,1.110334,603981.0
2019-07-21,EGX:VLMR,1.110334,1.110334,1.090429,1.095622,201679.0
2019-07-22,EGX:VLMR,1.095622,1.103411,1.09216,1.099083,1388765.0
2019-07-24,EGX:VLMR,1.099083,1.099083,1.080044,1.085237,832221.0
2019-07-25,EGX:VLMR,1.085237,1.085237,1.062736,1.065332,1955573.0
2019-07-28,EGX:VLMR,1.065332,1.068794,1.063601,1.064467,567689.0
2019-07-29,EGX:VLMR,1.064467,1.064467,1.051485,1.057543,280004.0
2019-07-30,EGX:VLMR,1.057543,1.081775,1.0411,1.056678,2163529.0
2019-07-31,EGX:VLMR,1.056678,1.072255,1.040235,1.06014,1982754.0
2019-08-01,EGX:VLMR,1.06014,1.075717,1.048024,1.069659,656409.0
2019-08-04,EGX:VLMR,1.069659,1.073121,1.064467,1.067928,503790.0
2019-08-05,EGX:VLMR,1.067928,1.078313,1.067063,1.073121,700144.0
2019-08-06,EGX:VLMR,1.073121,1.107738,1.073121,1.093026,1021011.0
2019-08-07,EGX:VLMR,1.093026,1.168317,1.093026,1.141489,1562273.0
2019-08-08,EGX:VLMR,1.141489,1.189953,1.141489,1.178702,1080783.0
2019-08-14,EGX:VLMR,1.178702,1.178702,1.168317,1.170913,937896.0
2019-08-15,EGX:VLMR,1.170913,1.170913,1.159663,1.167452,642833.0
2019-08-18,EGX:VLMR,1.167452,1.176971,1.15447,1.16399,140258.0
2019-08-19,EGX:VLMR,1.16399,1.167452,1.142354,1.146682,377332.0
2019-08-20,EGX:VLMR,1.146682,1.16399,1.142354,1.144951,119017.0
2019-08-21,EGX:VLMR,1.144951,1.144951,1.125046,1.131104,599880.0
2019-08-22,EGX:VLMR,1.131104,1.142354,1.107738,1.115526,1858727.0
2019-08-25,EGX:VLMR,1.115526,1.1337,1.107738,1.116392,1244241.0
2019-08-26,EGX:VLMR,1.116392,1.138027,1.107738,1.123315,2327142.0
2019-08-27,EGX:VLMR,1.123315,1.1337,1.120719,1.131104,96669.0
2019-08-28,EGX:VLMR,1.131104,1.185625,1.125046,1.160528,2598303.0
2019-08-29,EGX:VLMR,1.160528,1.220242,1.160528,1.209857,4953526.0
2019-09-01,EGX:VLMR,1.209857,1.233224,1.196011,1.218511,891835.0
2019-09-02,EGX:VLMR,1.218511,1.271302,1.218511,1.255724,2076368.0
2019-09-03,EGX:VLMR,1.255724,1.262648,1.241878,1.254859,756897.0
2019-09-04,EGX:VLMR,1.254859,1.254859,1.241878,1.24707,819848.0
2019-09-05,EGX:VLMR,1.24707,1.254859,1.246205,1.253128,958808.0
2019-09-08,EGX:VLMR,1.253128,1.254859,1.246205,1.249667,68663.0
2019-09-09,EGX:VLMR,1.249667,1.254859,1.246205,1.251397,613814.0
2019-09-10,EGX:VLMR,1.251397,1.272167,1.250532,1.260052,716287.0
2019-09-11,EGX:VLMR,1.260052,1.278225,1.255724,1.271302,392931.0
2019-09-12,EGX:VLMR,1.271302,1.314573,1.259186,1.297265,2382081.0
2019-09-15,EGX:VLMR,1.297265,1.29813,1.280822,1.286014,369643.0
2019-09-16,EGX:VLMR,1.286014,1.28688,1.273033,1.280822,1141907.0
2019-09-17,EGX:VLMR,1.280822,1.28861,1.246205,1.255724,514409.0
2019-09-18,EGX:VLMR,1.255724,1.263513,1.238416,1.260052,2392012.0
2019-09-19,EGX:VLMR,1.260052,1.280822,1.228031,1.261782,10471660.0
2019-09-22,EGX:VLMR,1.261782,1.261782,1.151009,1.171779,3791999.0
2019-09-23,EGX:VLMR,1.171779,1.171779,1.091295,1.141489,947475.0
2019-09-24,EGX:VLMR,1.141489,1.151009,1.116392,1.131104,957139.0
2019-09-25,EGX:VLMR,1.131104,1.170048,1.131104,1.160528,641549.0
2019-09-26,EGX:VLMR,1.160528,1.197741,1.160528,1.190818,882296.0
2019-09-29,EGX:VLMR,1.190818,1.241878,1.190818,1.223704,1560205.0
2019-09-30,EGX:VLMR,1.223704,1.228896,1.220242,1.220242,865538.0
2019-10-01,EGX:VLMR,1.220242,1.243609,1.220242,1.23582,617811.0
2019-10-02,EGX:VLMR,1.23582,1.23582,1.228896,1.228896,294663.0
2019-10-03,EGX:VLMR,1.228896,1.234089,1.211588,1.21505,564943.0
2019-10-07,EGX:VLMR,1.21505,1.242743,1.21505,1.231493,351425.0
2019-10-08,EGX:VLMR,1.231493,1.238416,1.228896,1.234954,306998.0
2019-10-09,EGX:VLMR,1.234954,1.234954,1.211588,1.216781,121330.0
2019-10-10,EGX:VLMR,1.216781,1.220242,1.207261,1.215915,198974.0
2019-10-13,EGX:VLMR,1.215915,1.220242,1.204665,1.218511,240221.0
2019-10-14,EGX:VLMR,1.218511,1.220242,1.207261,1.214184,103684.0
2019-10-15,EGX:VLMR,1.214184,1.215915,1.185625,1.190818,502375.0
2019-10-16,EGX:VLMR,1.190818,1.215915,1.190818,1.195145,15091.0
2019-10-17,EGX:VLMR,1.195145,1.209857,1.189953,1.197741,33237.0
2019-10-20,EGX:VLMR,1.197741,1.216781,1.197741,1.212453,45898.0
2019-10-21,EGX:VLMR,1.212453,1.212453,1.176971,1.191683,449433.0
2019-10-22,EGX:VLMR,1.191683,1.202068,1.185625,1.187356,94132.0
2019-10-23,EGX:VLMR,1.187356,1.19428,1.176971,1.183895,54867.0
2019-10-24,EGX:VLMR,1.183895,1.185625,1.181298,1.183895,45249.0
2019-10-27,EGX:VLMR,1.183895,1.186491,1.183895,1.185625,82487.0
2019-10-28,EGX:VLMR,1.185625,1.19428,1.183895,1.185625,220648.0
2019-10-29,EGX:VLMR,1.185625,1.208126,1.185625,1.192549,190964.0
2019-10-30,EGX:VLMR,1.192549,1.192549,1.191683,1.192549,3675.0
2019-10-31,EGX:VLMR,1.192549,1.207261,1.189087,1.202068,465475.0
2019-11-03,EGX:VLMR,1.202068,1.202068,1.190818,1.19428,328497.0
2019-11-04,EGX:VLMR,1.19428,1.19428,1.185625,1.189953,93330.0
2019-11-05,EGX:VLMR,1.189953,1.228896,1.189953,1.210723,1072396.0
2019-11-06,EGX:VLMR,1.210723,1.228896,1.210723,1.221108,533828.0
2019-11-07,EGX:VLMR,1.221108,1.253994,1.221108,1.244474,912110.0
2019-11-11,EGX:VLMR,1.244474,1.254859,1.241012,1.252263,260623.0
2019-11-12,EGX:VLMR,1.252263,1.252263,1.240147,1.244474,135956.0
2019-11-13,EGX:VLMR,1.244474,1.24707,1.234089,1.243609,232167.0
2019-11-14,EGX:VLMR,1.243609,1.246205,1.229762,1.234089,186490.0
2019-11-17,EGX:VLMR,1.234089,1.249667,1.234089,1.245339,477433.0
2019-11-18,EGX:VLMR,1.245339,1.246205,1.236685,1.241878,82296.0
2019-11-19,EGX:VLMR,1.241878,1.241878,1.229762,1.238416,1649493.0
2019-11-20,EGX:VLMR,1.238416,1.238416,1.230627,1.234954,1032429.0
2019-11-21,EGX:VLMR,1.234954,1.237551,1.220242,1.223704,365687.0
2019-11-24,EGX:VLMR,1.223704,1.228896,1.219377,1.225435,821272.0
2019-11-25,EGX:VLMR,1.225435,1.225435,1.19428,1.210723,1545401.0
2019-11-26,EGX:VLMR,1.210723,1.210723,1.116392,1.160528,1560466.0
2019-11-27,EGX:VLMR,1.160528,1.18476,1.160528,1.168317,948879.0
2019-11-28,EGX:VLMR,1.168317,1.176971,1.165721,1.170048,182099.0
2019-12-01,EGX:VLMR,1.170048,1.176971,1.16399,1.168317,20369.0
2019-12-02,EGX:VLMR,1.168317,1.176106,1.167452,1.169182,216572.0
2019-12-03,EGX:VLMR,1.169182,1.176971,1.164855,1.169182,232752.0
2019-12-04,EGX:VLMR,1.169182,1.185625,1.169182,1.178702,131463.0
2019-12-05,EGX:VLMR,1.178702,1.185625,1.176971,1.177837,34401.0
2019-12-08,EGX:VLMR,1.177837,1.18476,1.176971,1.176971,30488.0
2019-12-09,EGX:VLMR,1.176971,1.176971,1.163125,1.174375,257107.0
2019-12-10,EGX:VLMR,1.174375,1.174375,1.15447,1.159663,51653.0
2019-12-11,EGX:VLMR,1.159663,1.159663,1.1337,1.14322,93916.0
2019-12-12,EGX:VLMR,1.14322,1.146682,1.125046,1.135431,351207.0
2019-12-15,EGX:VLMR,1.135431,1.151009,1.135431,1.145816,67712.0
2019-12-16,EGX:VLMR,1.145816,1.159663,1.142354,1.152739,338912.0
2019-12-17,EGX:VLMR,1.152739,1.158797,1.142354,1.145816,13497630.0
2019-12-18,EGX:VLMR,1.145816,1.151009,1.142354,1.144951,200994.0
2019-12-19,EGX:VLMR,1.144951,1.144951,1.115526,1.125046,1323246.0
2019-12-22,EGX:VLMR,1.125046,1.125046,1.115526,1.118123,281245.0
2019-12-23,EGX:VLMR,1.118123,1.1337,1.116392,1.124181,111841.0
2019-12-24,EGX:VLMR,1.124181,1.125046,1.109468,1.118123,281426.0
2019-12-25,EGX:VLMR,1.118123,1.120719,1.108603,1.112065,140372.0
2019-12-26,EGX:VLMR,1.112065,1.116392,1.106007,1.108603,306041.0
2019-12-29,EGX:VLMR,1.108603,1.125046,1.107738,1.118123,199561.0
2019-12-30,EGX:VLMR,1.118123,1.158797,1.118123,1.137162,534512.0
2019-12-31,EGX:VLMR,1.137162,1.19428,1.100814,1.14322,1615350.0
2020-01-02,EGX:VLMR,1.14322,1.14322,1.103411,1.12245,365592.0
2020-01-05,EGX:VLMR,1.12245,1.12245,1.042831,1.054947,414479.0
2020-01-06,EGX:VLMR,1.054947,1.08091,1.003022,1.019465,1963529.0
2020-01-08,EGX:VLMR,1.019465,1.080044,1.016869,1.059274,1678048.0
2020-01-09,EGX:VLMR,1.059274,1.103411,1.059274,1.084371,639811.0
2020-01-12,EGX:VLMR,1.084371,1.094756,1.084371,1.091295,197156.0
2020-01-13,EGX:VLMR,1.091295,1.102545,1.086102,1.090429,265060.0
2020-01-14,EGX:VLMR,1.090429,1.096487,1.073121,1.081775,2898369.0
2020-01-15,EGX:VLMR,1.081775,1.090429,1.080044,1.081775,1014104.0
2020-01-16,EGX:VLMR,1.081775,1.099083,1.081775,1.094756,2141532.0
2020-01-19,EGX:VLMR,1.094756,1.099083,1.083506,1.098218,909977.0
2020-01-20,EGX:VLMR,1.098218,1.099083,1.085237,1.099083,2034194.0
2020-01-21,EGX:VLMR,1.099083,1.105141,1.090429,1.096487,1292970.0
2020-01-22,EGX:VLMR,1.096487,1.106007,1.096487,1.099083,1182435.0
2020-01-23,EGX:VLMR,1.099083,1.116392,1.099083,1.103411,516002.0
2020-01-26,EGX:VLMR,1.103411,1.116392,1.100814,1.107738,471207.0
2020-01-27,EGX:VLMR,1.107738,1.107738,1.096487,1.099949,35927.0
2020-01-28,EGX:VLMR,1.099949,1.099949,1.093026,1.095622,100695.0
2020-01-29,EGX:VLMR,1.095622,1.098218,1.085237,1.090429,144585.0
2020-01-30,EGX:VLMR,1.090429,1.099083,1.087833,1.099083,245548.0
2020-02-02,EGX:VLMR,1.099083,1.099083,1.081775,1.081775,255137.0
2020-02-03,EGX:VLMR,1.081775,1.083506,1.081775,1.081775,112542.0
2020-02-04,EGX:VLMR,1.081775,1.090429,1.081775,1.08264,126058.0
2020-02-05,EGX:VLMR,1.08264,1.099083,1.081775,1.089564,754297.0
2020-02-06,EGX:VLMR,1.089564,1.103411,1.089564,1.099083,1167504.0
2020-02-09,EGX:VLMR,1.099083,1.099083,1.093891,1.096487,15990.0
2020-02-10,EGX:VLMR,1.096487,1.098218,1.093026,1.096487,50568.0
2020-02-11,EGX:VLMR,1.096487,1.099083,1.086102,1.094756,632791.0
2020-02-12,EGX:VLMR,1.094756,1.099083,1.094756,1.099083,594233.0
2020-02-13,EGX:VLMR,1.099083,1.099083,1.099083,1.099083,2447308.0
2020-02-16,EGX:VLMR,1.099083,1.099083,1.09216,1.098218,55140.0
2020-02-17,EGX:VLMR,1.098218,1.099083,1.084371,1.088698,18824.0
2020-02-18,EGX:VLMR,1.088698,1.099083,1.048024,1.073986,134935.0
2020-02-19,EGX:VLMR,1.073986,1.073986,1.055812,1.067928,284141.0
2020-02-20,EGX:VLMR,1.067928,1.067928,1.047158,1.062736,3361157.0
2020-02-23,EGX:VLMR,1.062736,1.073121,1.047158,1.058409,88830.0
2020-02-24,EGX:VLMR,1.058409,1.064467,1.051485,1.058409,881930.0
2020-02-25,EGX:VLMR,1.058409,1.068794,1.0411,1.051485,415901.0
2020-02-26,EGX:VLMR,1.051485,1.054947,1.003887,1.026388,501286.0
2020-02-27,EGX:VLMR,1.026388,1.054947,0.962347,0.98831,2362419.0
2020-03-01,EGX:VLMR,0.98831,0.98831,0.889652,0.940712,1622843.0
2020-03-02,EGX:VLMR,0.940712,1.034177,0.940712,1.007349,1853188.0
2020-03-03,EGX:VLMR,1.007349,1.038504,1.007349,1.030715,302584.0
2020-03-04,EGX:VLMR,1.030715,1.030715,0.996098,1.014272,288629.0
2020-03-05,EGX:VLMR,1.014272,1.054947,1.014272,1.044562,449099.0
2020-03-08,EGX:VLMR,1.044562,1.044562,0.995233,1.005618,176690.0
2020-03-09,EGX:VLMR,1.005618,1.012541,0.905229,0.919942,1446116.0
2020-03-10,EGX:VLMR,0.919942,1.001291,0.919942,0.964078,859950.0
2020-03-11,EGX:VLMR,0.964078,0.986579,0.917345,0.950231,549593.0
2020-03-15,EGX:VLMR,0.950231,0.950231,0.8559,0.87494,1547344.0
2020-03-16,EGX:VLMR,0.87494,0.87494,0.787532,0.827342,1272666.0
2020-03-17,EGX:VLMR,0.827342,0.853304,0.79359,0.818687,1550399.0
2020-03-18,EGX:VLMR,0.818687,0.830803,0.745992,0.78234,993556.0
2020-03-19,EGX:VLMR,0.78234,0.860228,0.71051,0.822149,2671566.0
2020-03-22,EGX:VLMR,0.822149,0.86542,0.822149,0.836861,916298.0
2020-03-23,EGX:VLMR,0.836861,0.86542,0.834265,0.853304,1508538.0
2020-03-24,EGX:VLMR,0.853304,0.853304,0.798783,0.810899,866606.0
2020-03-25,EGX:VLMR,0.810899,0.837727,0.810899,0.827342,1647141.0
2020-03-26,EGX:VLMR,0.827342,0.83513,0.813495,0.829072,1058081.0
2020-03-29,EGX:VLMR,0.829072,0.829072,0.810899,0.813495,134735.0
2020-03-30,EGX:VLMR,0.813495,0.813495,0.796186,0.798783,397624.0
2020-03-31,EGX:VLMR,0.798783,0.813495,0.79359,0.810033,809344.0
2020-04-01,EGX:VLMR,0.810033,0.813495,0.803975,0.806571,793272.0
2020-04-02,EGX:VLMR,0.806571,0.806571,0.801379,0.806571,9352114.0
2020-04-05,EGX:VLMR,0.806571,0.806571,0.791859,0.796186,231789.0
2020-04-06,EGX:VLMR,0.796186,0.822149,0.796186,0.811764,808352.0
2020-04-07,EGX:VLMR,0.811764,0.839457,0.811764,0.824745,1018648.0
2020-04-08,EGX:VLMR,0.824745,0.839457,0.815226,0.826476,1020411.0
2020-04-09,EGX:VLMR,0.826476,0.845515,0.822149,0.834265,733463.0
2020-04-12,EGX:VLMR,0.834265,0.839457,0.825611,0.826476,1416235.0
2020-04-13,EGX:VLMR,0.826476,0.843785,0.826476,0.834265,357764.0
2020-04-14,EGX:VLMR,0.834265,0.839457,0.8334,0.835996,1267615.0
2020-04-15,EGX:VLMR,0.835996,0.837727,0.82388,0.829938,721970.0
2020-04-16,EGX:VLMR,0.829938,0.8334,0.824745,0.829938,1254168.0
2020-04-21,EGX:VLMR,0.829938,0.829938,0.752915,0.776282,1527055.0
2020-04-22,EGX:VLMR,0.776282,0.797052,0.76157,0.771955,946242.0
2020-04-23,EGX:VLMR,0.771955,0.810899,0.771955,0.801379,782395.0
2020-04-26,EGX:VLMR,0.801379,0.856766,0.757243,0.818687,1565116.0
2020-04-27,EGX:VLMR,0.818687,0.859362,0.818687,0.849842,706847.0
2020-04-28,EGX:VLMR,0.849842,0.880132,0.840323,0.864555,2072986.0
2020-04-29,EGX:VLMR,0.864555,0.882728,0.861093,0.877536,3117351.0
2020-04-30,EGX:VLMR,0.877536,0.878401,0.857631,0.86542,674828.0
2020-05-03,EGX:VLMR,0.86542,0.86542,0.845515,0.848112,2366316.0
2020-05-04,EGX:VLMR,0.848112,0.856766,0.8334,0.845515,301613.0
2020-05-05,EGX:VLMR,0.845515,0.900037,0.845515,0.866285,2149295.0
2020-05-06,EGX:VLMR,0.866285,0.902633,0.866285,0.893979,1217359.0
2020-05-07,EGX:VLMR,0.893979,0.893979,0.866285,0.875805,919537.0
2020-05-10,EGX:VLMR,0.875805,0.875805,0.856766,0.866285,971653.0
2020-05-11,EGX:VLMR,0.866285,0.882728,0.856766,0.866285,763186.0
2020-05-12,EGX:VLMR,0.866285,0.893113,0.866285,0.88619,3628599.0
2020-05-13,EGX:VLMR,0.88619,0.888786,0.861958,0.866285,680191.0
2020-05-14,EGX:VLMR,0.866285,0.866285,0.840323,0.852439,707431.0
2020-05-17,EGX:VLMR,0.852439,0.864555,0.841188,0.855035,231110.0
2020-05-18,EGX:VLMR,0.855035,0.856766,0.847246,0.848112,1301189.0
2020-05-19,EGX:VLMR,0.848112,0.86542,0.848112,0.860228,2114857.0
2020-05-20,EGX:VLMR,0.860228,0.861958,0.848112,0.8559,560841.0
2020-05-21,EGX:VLMR,0.8559,0.862824,0.8559,0.856766,469266.0
2020-05-31,EGX:VLMR,0.856766,0.878401,0.856766,0.870613,803099.0
2020-06-01,EGX:VLMR,0.870613,0.900037,0.870613,0.88619,2566296.0
2020-06-02,EGX:VLMR,0.88619,0.925999,0.88619,0.91648,1288994.0
2020-06-03,EGX:VLMR,0.91648,0.951962,0.91648,0.945904,3066070.0
2020-06-04,EGX:VLMR,0.945904,0.961482,0.934654,0.947635,1778505.0
2020-06-07,EGX:VLMR,0.947635,1.012541,0.947635,0.977925,2599784.0
2020-06-08,EGX:VLMR,0.977925,0.99956,0.971867,0.990041,1916322.0
2020-06-09,EGX:VLMR,0.990041,0.995233,0.97879,0.987444,646589.0
2020-06-10,EGX:VLMR,0.987444,0.987444,0.96927,0.976194,411387.0
2020-06-11,EGX:VLMR,0.976194,0.977925,0.941577,0.951097,1306775.0
2020-06-14,EGX:VLMR,0.951097,0.951097,0.917345,0.925134,2017397.0
2020-06-15,EGX:VLMR,0.925134,0.925134,0.906095,0.913884,2173716.0
2020-06-16,EGX:VLMR,0.913884,0.951962,0.913884,0.94677,1196315.0
2020-06-17,EGX:VLMR,0.94677,0.951962,0.934654,0.940712,514408.0
2020-06-18,EGX:VLMR,0.940712,0.968405,0.934654,0.956289,3108642.0
2020-06-21,EGX:VLMR,0.956289,0.972732,0.939846,0.956289,1409689.0
2020-06-22,EGX:VLMR,0.956289,0.96927,0.9485,0.957155,377264.0
2020-06-23,EGX:VLMR,0.957155,0.96754,0.951097,0.957155,649317.0
2020-06-24,EGX:VLMR,0.957155,0.96927,0.957155,0.962347,508292.0
2020-06-25,EGX:VLMR,0.962347,0.977059,0.951962,0.959751,1092123.0
2020-06-28,EGX:VLMR,0.959751,0.977925,0.951962,0.964943,646555.0
2020-06-29,EGX:VLMR,0.964943,0.977059,0.960616,0.965809,286108.0
2020-06-30,EGX:VLMR,0.965809,0.96754,0.951962,0.955424,483263.0
2020-07-05,EGX:VLMR,0.955424,0.96754,0.955424,0.962347,359688.0
2020-07-06,EGX:VLMR,0.962347,0.968405,0.949366,0.951962,1217460.0
2020-07-07,EGX:VLMR,0.951962,0.964943,0.951962,0.954558,626083.0
2020-07-08,EGX:VLMR,0.954558,0.954558,0.940712,0.949366,1211043.0
2020-07-09,EGX:VLMR,0.949366,0.949366,0.93725,0.940712,767070.0
2020-07-12,EGX:VLMR,0.940712,0.951962,0.939846,0.944173,746469.0
2020-07-13,EGX:VLMR,0.944173,0.944173,0.91648,0.925134,914422.0
2020-07-14,EGX:VLMR,0.925134,0.925134,0.887056,0.902633,1833237.0
2020-07-15,EGX:VLMR,0.902633,0.917345,0.874074,0.902633,1037285.0
2020-07-16,EGX:VLMR,0.902633,0.919942,0.883594,0.906095,294911.0
2020-07-19,EGX:VLMR,0.906095,0.917345,0.882728,0.894844,588211.0
2020-07-20,EGX:VLMR,0.894844,0.90696,0.887056,0.892248,1088321.0
2020-07-21,EGX:VLMR,0.892248,0.907826,0.882728,0.888786,469510.0
2020-07-22,EGX:VLMR,0.888786,0.900037,0.86542,0.874074,1865808.0
2020-07-26,EGX:VLMR,0.874074,0.905229,0.874074,0.896575,413977.0
2020-07-27,EGX:VLMR,0.896575,0.908691,0.887921,0.894844,2069813.0
2020-07-28,EGX:VLMR,0.894844,0.903499,0.891383,0.896575,1938305.0
2020-07-29,EGX:VLMR,0.896575,0.913018,0.89571,0.905229,445797.0
2020-08-04,EGX:VLMR,0.905229,0.923403,0.905229,0.912153,635451.0
2020-08-05,EGX:VLMR,0.912153,0.925999,0.901768,0.909556,584598.0
2020-08-06,EGX:VLMR,0.909556,0.910422,0.900037,0.907826,578490.0
2020-08-09,EGX:VLMR,0.907826,0.917345,0.900037,0.909556,408297.0
2020-08-10,EGX:VLMR,0.909556,0.934654,0.908691,0.928596,1500861.0
2020-08-11,EGX:VLMR,0.928596,0.932923,0.918211,0.920807,75040.0
2020-08-12,EGX:VLMR,0.920807,0.926865,0.919076,0.921672,357577.0
2020-08-13,EGX:VLMR,0.921672,0.932923,0.917345,0.922538,1381543.0
2020-08-16,EGX:VLMR,0.922538,0.964943,0.922538,0.947635,1414775.0
2020-08-17,EGX:VLMR,0.947635,0.970136,0.947635,0.962347,899006.0
2020-08-18,EGX:VLMR,0.962347,0.977925,0.951962,0.965809,1427156.0
2020-08-19,EGX:VLMR,0.965809,0.995233,0.965809,0.983117,465362.0
2020-08-23,EGX:VLMR,0.983117,0.996964,0.977925,0.993502,730432.0
2020-08-24,EGX:VLMR,0.993502,0.995233,0.977925,0.983117,472942.0
2020-08-25,EGX:VLMR,0.983117,0.990041,0.975328,0.977925,258621.0
2020-08-26,EGX:VLMR,0.977925,0.985713,0.973598,0.977925,183341.0
2020-08-27,EGX:VLMR,0.977925,0.990041,0.970136,0.977925,537938.0
2020-08-30,EGX:VLMR,0.977925,0.986579,0.977925,0.981386,409233.0
2020-08-31,EGX:VLMR,0.981386,0.985713,0.970136,0.977059,1102831.0
2020-09-01,EGX:VLMR,0.977059,0.977059,0.960616,0.96927,959026.0
2020-09-02,EGX:VLMR,0.96927,0.96927,0.960616,0.964943,158838.0
2020-09-03,EGX:VLMR,0.964943,0.964943,0.957155,0.961482,807016.0
2020-09-06,EGX:VLMR,0.961482,0.96927,0.951962,0.952827,223819.0
2020-09-07,EGX:VLMR,0.952827,0.952827,0.947635,0.951097,329252.0
2020-09-08,EGX:VLMR,0.951097,0.951097,0.917345,0.92773,1832528.0
2020-09-09,EGX:VLMR,0.92773,0.92773,0.891383,0.908691,1337059.0
2020-09-10,EGX:VLMR,0.908691,0.925999,0.908691,0.925999,883025.0
2020-09-13,EGX:VLMR,0.925134,0.930327,0.917345,0.919942,120728.0
2020-09-14,EGX:VLMR,0.919942,0.934654,0.918211,0.92773,473035.0
2020-09-15,EGX:VLMR,0.92773,0.92773,0.921672,0.925999,321569.0
2020-09-16,EGX:VLMR,0.925999,0.934654,0.925999,0.929461,504461.0
2020-09-17,EGX:VLMR,0.929461,0.943308,0.923403,0.936384,844800.0
2020-09-20,EGX:VLMR,0.936384,0.936384,0.925999,0.930327,148012.0
2020-09-21,EGX:VLMR,0.930327,0.930327,0.913018,0.923403,685105.0
2020-09-22,EGX:VLMR,0.923403,0.936384,0.913884,0.933788,1537595.0
2020-09-23,EGX:VLMR,0.933788,0.950231,0.933788,0.944173,327472.0
2020-09-24,EGX:VLMR,0.944173,0.9485,0.934654,0.943308,728111.0
2020-09-27,EGX:VLMR,0.943308,0.943308,0.93725,0.943308,315973.0
2020-09-28,EGX:VLMR,0.943308,0.947635,0.934654,0.940712,450025.0
2020-09-29,EGX:VLMR,0.940712,0.940712,0.92773,0.933788,612198.0
2020-09-30,EGX:VLMR,0.933788,0.939846,0.919076,0.925134,793746.0
2020-10-01,EGX:VLMR,0.925134,0.926865,0.918211,0.923403,258616.0
2020-10-04,EGX:VLMR,0.923403,0.925999,0.921672,0.925134,208588.0
2020-10-05,EGX:VLMR,0.925134,0.925999,0.913018,0.91648,543863.0
2020-10-06,EGX:VLMR,0.91648,0.924269,0.910422,0.913884,775229.0
2020-10-07,EGX:VLMR,0.913884,0.932057,0.908691,0.910422,966842.0
2020-10-11,EGX:VLMR,0.910422,0.917345,0.910422,0.912153,56883.0
2020-10-12,EGX:VLMR,0.912153,0.930327,0.912153,0.923403,253539.0
2020-10-13,EGX:VLMR,0.923403,0.923403,0.913018,0.918211,395325.0
2020-10-14,EGX:VLMR,0.918211,0.918211,0.912153,0.915614,542407.0
2020-10-15,EGX:VLMR,0.915614,0.925999,0.908691,0.912153,119050.0
2020-10-18,EGX:VLMR,0.912153,0.917345,0.908691,0.909556,71955.0
2020-10-19,EGX:VLMR,0.909556,0.920807,0.90696,0.910422,75576.0
2020-10-20,EGX:VLMR,0.910422,0.913884,0.908691,0.909556,191870.0
2020-10-21,EGX:VLMR,0.909556,0.917345,0.908691,0.912153,448864.0
2020-10-22,EGX:VLMR,0.912153,0.917345,0.900037,0.909556,441744.0
2020-10-25,EGX:VLMR,0.909556,0.909556,0.892248,0.898306,758093.0
2020-10-26,EGX:VLMR,0.898306,0.904364,0.89571,0.899171,659465.0
2020-10-27,EGX:VLMR,0.899171,0.904364,0.898306,0.900037,900293.0
2020-10-28,EGX:VLMR,0.900037,0.904364,0.891383,0.897441,121578.0
2020-11-01,EGX:VLMR,0.897441,0.899171,0.894844,0.89571,37324.0
2020-11-02,EGX:VLMR,0.89571,0.900902,0.894844,0.896575,383557.0
2020-11-03,EGX:VLMR,0.896575,0.900902,0.89571,0.898306,286912.0
2020-11-04,EGX:VLMR,0.898306,0.900037,0.891383,0.892248,899982.0
2020-11-05,EGX:VLMR,0.892248,0.902633,0.891383,0.896575,137114.0
2020-11-08,EGX:VLMR,0.896575,0.904364,0.896575,0.900037,76332.0
2020-11-09,EGX:VLMR,0.900037,0.917345,0.896575,0.902633,288459.0
2020-11-10,EGX:VLMR,0.902633,0.925999,0.902633,0.919076,993814.0
2020-11-11,EGX:VLMR,0.919076,0.934654,0.917345,0.92773,701929.0
2020-11-12,EGX:VLMR,0.92773,0.930327,0.920807,0.925134,2694787.0
2020-11-15,EGX:VLMR,0.925134,0.929461,0.921672,0.926865,181975.0
2020-11-16,EGX:VLMR,0.926865,0.92773,0.925999,0.925999,308664.0
2020-11-17,EGX:VLMR,0.925999,0.931192,0.917345,0.922538,1173088.0
2020-11-18,EGX:VLMR,0.922538,0.922538,0.904364,0.909556,218220.0
2020-11-19,EGX:VLMR,0.909556,0.909556,0.898306,0.903499,1190675.0
2020-11-22,EGX:VLMR,0.903499,0.925999,0.901768,0.907826,193195.0
2020-11-23,EGX:VLMR,0.907826,0.908691,0.900037,0.904364,1750728.0
2020-11-24,EGX:VLMR,0.904364,0.904364,0.893979,0.899171,615830.0
2020-11-25,EGX:VLMR,0.899171,0.900037,0.885325,0.891383,504033.0
2020-11-26,EGX:VLMR,0.891383,0.899171,0.882728,0.887056,648620.0
2020-11-29,EGX:VLMR,0.887056,0.900037,0.887056,0.896575,206289.0
2020-11-30,EGX:VLMR,0.896575,0.900037,0.891383,0.894844,625260.0
2020-12-01,EGX:VLMR,0.894844,0.899171,0.813495,0.884459,1711927.0
2020-12-02,EGX:VLMR,0.884459,0.890517,0.868882,0.877536,806268.0
2020-12-03,EGX:VLMR,0.877536,0.883594,0.874074,0.881863,330546.0
2020-12-06,EGX:VLMR,0.881863,0.900037,0.879267,0.889652,2100727.0
2020-12-07,EGX:VLMR,0.889652,0.899171,0.839457,0.869747,1096939.0
2020-12-08,EGX:VLMR,0.869747,0.892248,0.866285,0.880998,865898.0
2020-12-09,EGX:VLMR,0.880998,0.890517,0.880998,0.883594,55993.0
2020-12-10,EGX:VLMR,0.883594,0.893113,0.882728,0.88619,3303836.0
2020-12-13,EGX:VLMR,0.88619,0.89571,0.88619,0.891383,482296.0
2020-12-14,EGX:VLMR,0.891383,0.900037,0.891383,0.891383,938040.0
2020-12-15,EGX:VLMR,0.891383,0.891383,0.885325,0.889652,1105742.0
2020-12-16,EGX:VLMR,0.889652,0.891383,0.874074,0.884459,473344.0
2020-12-17,EGX:VLMR,0.884459,0.884459,0.86542,0.873209,459163.0
2020-12-20,EGX:VLMR,0.873209,0.878401,0.866285,0.873209,131037.0
2020-12-21,EGX:VLMR,0.873209,0.874074,0.848977,0.863689,1101654.0
2020-12-22,EGX:VLMR,0.863689,0.882728,0.863689,0.878401,354880.0
2020-12-23,EGX:VLMR,0.878401,0.889652,0.861958,0.867151,1221669.0
2020-12-24,EGX:VLMR,0.867151,0.880998,0.867151,0.87494,407942.0
2020-12-27,EGX:VLMR,0.87494,0.878401,0.867151,0.874074,280001.0
2020-12-28,EGX:VLMR,0.874074,0.882728,0.874074,0.880998,281909.0
2020-12-29,EGX:VLMR,0.880998,0.882728,0.879267,0.881863,478228.0
2020-12-30,EGX:VLMR,0.881863,0.882728,0.880998,0.882728,566927.0
2020-12-31,EGX:VLMR,0.882728,0.882728,0.866285,0.876671,347864.0
2021-01-03,EGX:VLMR,0.876671,0.882728,0.874074,0.87494,39974.0
2021-01-04,EGX:VLMR,0.87494,0.880132,0.870613,0.874074,53277.0
2021-01-05,EGX:VLMR,0.874074,0.874074,0.822149,0.842054,3171225.0
2021-01-06,EGX:VLMR,0.842054,0.874074,0.842054,0.86542,3708233.0
2021-01-10,EGX:VLMR,0.86542,0.893979,0.86542,0.883594,801950.0
2021-01-11,EGX:VLMR,0.883594,0.883594,0.874074,0.880132,94590.0
2021-01-12,EGX:VLMR,0.880132,0.882728,0.876671,0.880998,136974.0
2021-01-13,EGX:VLMR,0.880998,0.887056,0.874074,0.878401,1000283.0
2021-01-14,EGX:VLMR,0.878401,0.887921,0.878401,0.885325,460506.0
2021-01-17,EGX:VLMR,0.885325,0.934654,0.882728,0.914749,3424764.0
2021-01-18,EGX:VLMR,0.914749,0.943308,0.912153,0.930327,1418604.0
2021-01-19,EGX:VLMR,0.930327,0.930327,0.917345,0.925134,340772.0
2021-01-20,EGX:VLMR,0.925134,0.929461,0.907826,0.918211,602397.0
2021-01-21,EGX:VLMR,0.918211,0.918211,0.901768,0.904364,1063647.0
2021-01-24,EGX:VLMR,0.904364,0.907826,0.904364,0.90696,1791033.0
2021-01-25,EGX:VLMR,0.90696,0.914749,0.904364,0.908691,1462737.0
2021-01-26,EGX:VLMR,0.908691,0.912153,0.906095,0.908691,798542.0
2021-01-27,EGX:VLMR,0.908691,0.909556,0.902633,0.908691,511485.0
2021-01-31,EGX:VLMR,0.908691,0.908691,0.903499,0.905229,1676725.0
2021-02-01,EGX:VLMR,0.905229,0.951097,0.902633,0.926865,2853964.0
2021-02-02,EGX:VLMR,0.926865,0.944173,0.925999,0.935519,1108372.0
2021-02-03,EGX:VLMR,0.935519,0.935519,0.928596,0.933788,672477.0
2021-02-04,EGX:VLMR,0.933788,0.940712,0.930327,0.934654,493424.0
2021-02-07,EGX:VLMR,0.934654,0.934654,0.930327,0.932057,567582.0
2021-02-08,EGX:VLMR,0.932057,0.938981,0.917345,0.931192,1142260.0
2021-02-09,EGX:VLMR,0.931192,0.934654,0.918211,0.932057,197144.0
2021-02-10,EGX:VLMR,0.932057,0.990041,0.925999,0.964943,4746658.0
2021-02-11,EGX:VLMR,0.964943,1.003887,0.964943,0.991771,2746951.0
2021-02-14,EGX:VLMR,0.991771,0.993502,0.961482,0.975328,460929.0
2021-02-15,EGX:VLMR,0.975328,0.995233,0.963213,0.982252,1716323.0
2021-02-16,EGX:VLMR,0.982252,0.997829,0.982252,0.993502,777506.0
2021-02-17,EGX:VLMR,0.993502,0.993502,0.970136,0.977059,588991.0
2021-02-18,EGX:VLMR,0.977059,0.986579,0.973598,0.982252,573160.0
2021-02-21,EGX:VLMR,0.982252,0.989175,0.977925,0.983117,134844.0
2021-02-22,EGX:VLMR,0.983117,1.003887,0.977925,0.995233,2222378.0
2021-02-23,EGX:VLMR,0.995233,1.003887,0.97879,0.995233,573895.0
2021-02-24,EGX:VLMR,0.995233,0.996098,0.985713,0.98831,644634.0
2021-02-25,EGX:VLMR,0.98831,1.004753,0.98831,1.001291,601854.0
2021-02-28,EGX:VLMR,1.001291,1.007349,0.990041,1.002156,221377.0
2021-03-01,EGX:VLMR,1.002156,1.003887,0.973598,0.983117,668161.0
2021-03-02,EGX:VLMR,0.983117,0.983117,0.952827,0.962347,1454141.0
2021-03-03,EGX:VLMR,0.962347,0.992637,0.962347,0.968405,12699352.0
2021-03-04,EGX:VLMR,0.968405,0.993502,0.968405,0.980521,127254.0
2021-03-07,EGX:VLMR,0.980521,0.986579,0.97879,0.984848,49791.0
2021-03-08,EGX:VLMR,0.984848,0.985713,0.963213,0.981386,694489.0
2021-03-09,EGX:VLMR,0.981386,0.981386,0.959751,0.964943,559057.0
2021-03-10,EGX:VLMR,0.964943,0.977925,0.964943,0.970136,382670.0
2021-03-11,EGX:VLMR,0.970136,0.985713,0.970136,0.984848,48242.0
2021-03-14,EGX:VLMR,0.984848,1.003022,0.977925,0.994368,4364230.0
2021-03-15,EGX:VLMR,0.994368,1.013407,0.994368,1.003887,1664703.0
2021-03-16,EGX:VLMR,1.003887,1.009945,0.995233,1.000426,372321.0
2021-03-17,EGX:VLMR,1.000426,1.012541,1.000426,1.005618,2087325.0
2021-03-18,EGX:VLMR,1.005618,1.007349,0.996098,1.002156,1775510.0
2021-03-21,EGX:VLMR,1.002156,1.003887,0.997829,1.003022,1848544.0
2021-03-22,EGX:VLMR,1.003022,1.003022,0.983117,0.990906,829226.0
2021-03-23,EGX:VLMR,0.990906,0.990906,0.971001,0.977925,1797482.0
2021-03-24,EGX:VLMR,0.977925,0.986579,0.96927,0.972732,389546.0
2021-03-25,EGX:VLMR,0.972732,0.995233,0.971001,0.97879,909048.0
2021-03-28,EGX:VLMR,0.97879,0.995233,0.97879,0.992637,27281.0
2021-03-29,EGX:VLMR,0.992637,0.995233,0.990906,0.994368,376249.0
2021-03-30,EGX:VLMR,0.994368,0.998695,0.987444,0.992637,233295.0
2021-03-31,EGX:VLMR,0.992637,1.008214,0.989175,0.997829,712130.0
2021-04-01,EGX:VLMR,0.997829,1.007349,0.995233,1.003022,182169.0
2021-04-04,EGX:VLMR,1.003022,1.003887,0.998695,1.003022,652899.0
2021-04-05,EGX:VLMR,1.003022,1.003022,0.991771,0.993502,360187.0
2021-04-06,EGX:VLMR,0.993502,0.996964,0.982252,0.987444,1930375.0
2021-04-07,EGX:VLMR,0.987444,0.990906,0.947635,0.957155,1696180.0
2021-04-08,EGX:VLMR,0.957155,0.977925,0.957155,0.966674,432863.0
2021-04-11,EGX:VLMR,0.966674,0.977925,0.953693,0.957155,246250.0
2021-04-12,EGX:VLMR,0.957155,0.972732,0.957155,0.965809,150825.0
2021-04-13,EGX:VLMR,0.965809,0.96927,0.951962,0.957155,522202.0
2021-04-14,EGX:VLMR,0.957155,0.960616,0.891383,0.912153,2940052.0
2021-04-15,EGX:VLMR,0.911981,0.948155,0.911981,0.923404,514877.0
2021-04-18,EGX:VLMR,0.923404,0.960531,0.923404,0.949107,328143.0
2021-04-19,EGX:VLMR,0.949107,0.971002,0.949107,0.967194,603588.0
2021-04-20,EGX:VLMR,0.967194,0.985282,0.961483,0.977666,1245079.0
2021-04-21,EGX:VLMR,0.977666,0.977666,0.961483,0.963387,58378.0
2021-04-22,EGX:VLMR,0.963387,0.978618,0.951963,0.97005,1251756.0
2021-04-25,EGX:VLMR,0.97005,0.97005,0.961483,0.963387,16550.0
2021-04-26,EGX:VLMR,0.963387,0.966242,0.942443,0.955771,715275.0
2021-04-27,EGX:VLMR,0.955771,0.955771,0.949107,0.951963,323516.0
2021-04-28,EGX:VLMR,0.951963,0.951963,0.951011,0.951963,166457.0
2021-05-04,EGX:VLMR,0.951963,0.951963,0.948155,0.951963,1145911.0
2021-05-05,EGX:VLMR,0.951963,0.951963,0.937684,0.946251,83907.0
2021-05-06,EGX:VLMR,0.946251,0.951963,0.942443,0.951963,372334.0
2021-05-09,EGX:VLMR,0.951963,0.951963,0.937684,0.947203,101497.0
2021-05-10,EGX:VLMR,0.947203,0.951963,0.942443,0.943395,100533.0
2021-05-11,EGX:VLMR,0.943395,0.951963,0.943395,0.951011,542369.0
2021-05-17,EGX:VLMR,0.951011,0.966242,0.951011,0.951963,1908979.0
2021-05-18,EGX:VLMR,0.951963,1.009081,0.951963,0.991945,2976866.0
2021-05-19,EGX:VLMR,0.991945,0.994801,0.983378,0.990993,333203.0
2021-05-20,EGX:VLMR,0.990993,0.996705,0.982426,0.987186,355230.0
2021-05-23,EGX:VLMR,0.987186,0.988138,0.980522,0.981474,153442.0
2021-05-24,EGX:VLMR,0.981474,0.981474,0.961483,0.967194,348301.0
2021-05-25,EGX:VLMR,0.967194,0.967194,0.940539,0.949107,1144743.0
2021-05-26,EGX:VLMR,0.949107,0.97005,0.93102,0.934828,867142.0
2021-05-27,EGX:VLMR,0.934828,0.942443,0.92626,0.931972,569378.0
2021-05-30,EGX:VLMR,0.931972,0.950059,0.931972,0.937684,194697.0
2021-05-31,EGX:VLMR,0.937684,0.971002,0.937684,0.961483,293953.0
2021-06-01,EGX:VLMR,0.961483,0.961483,0.932924,0.949107,484292.0
2021-06-02,EGX:VLMR,0.949107,0.951963,0.942443,0.951963,184959.0
2021-06-03,EGX:VLMR,0.951963,0.961483,0.944347,0.951011,439445.0
2021-06-06,EGX:VLMR,0.951011,0.967194,0.951011,0.958627,379471.0
2021-06-07,EGX:VLMR,0.958627,0.980522,0.958627,0.971954,2003564.0
2021-06-08,EGX:VLMR,0.971954,0.971954,0.961483,0.964339,154317.0
2021-06-09,EGX:VLMR,0.964339,0.97005,0.957675,0.96529,36060.0
2021-06-10,EGX:VLMR,0.96529,0.971002,0.96529,0.969098,218828.0
2021-06-13,EGX:VLMR,0.969098,0.969098,0.954819,0.957675,66700.0
2021-06-14,EGX:VLMR,0.957675,0.961483,0.952915,0.956723,195782.0
2021-06-15,EGX:VLMR,0.956723,0.969098,0.956723,0.964339,492109.0
2021-06-16,EGX:VLMR,0.964339,0.964339,0.934828,0.941491,957423.0
2021-06-17,EGX:VLMR,0.941491,0.971002,0.941491,0.963387,1045636.0
2021-06-20,EGX:VLMR,0.963387,0.964339,0.960531,0.962435,95980.0
2021-06-21,EGX:VLMR,0.962435,0.969098,0.962435,0.963387,1905157.0
2021-06-22,EGX:VLMR,0.963387,0.973858,0.961483,0.97005,643398.0
2021-06-23,EGX:VLMR,0.97005,0.971002,0.961483,0.964339,139003.0
2021-06-24,EGX:VLMR,0.964339,0.968146,0.960531,0.962435,216798.0
2021-06-27,EGX:VLMR,0.962435,0.966242,0.949107,0.957675,1411091.0
2021-06-28,EGX:VLMR,0.957675,0.961483,0.950059,0.952915,633523.0
2021-06-29,EGX:VLMR,0.952915,0.952915,0.945299,0.950059,394721.0
2021-06-30,EGX:VLMR,0.950059,0.951963,0.942443,0.945299,431383.0
2021-07-04,EGX:VLMR,0.945299,0.951963,0.939587,0.942443,280857.0
2021-07-05,EGX:VLMR,0.942443,0.943395,0.93102,0.933876,1031595.0
2021-07-06,EGX:VLMR,0.933876,0.949107,0.923404,0.934828,626784.0
2021-07-07,EGX:VLMR,0.934828,0.950059,0.934828,0.942443,90752.0
2021-07-08,EGX:VLMR,0.942443,0.942443,0.923404,0.928164,207225.0
2021-07-11,EGX:VLMR,0.928164,0.929116,0.918644,0.924356,386707.0
2021-07-12,EGX:VLMR,0.924356,0.932924,0.919596,0.928164,184415.0
2021-07-13,EGX:VLMR,0.928164,0.951963,0.928164,0.948155,1389705.0
2021-07-14,EGX:VLMR,0.948155,0.951963,0.91674,0.934828,913710.0
2021-07-15,EGX:VLMR,0.934828,0.947203,0.924356,0.93102,125052.0
2021-07-18,EGX:VLMR,0.93102,0.941491,0.92626,0.930068,56994.0
2021-07-25,EGX:VLMR,0.930068,0.942443,0.928164,0.939587,217106.0
2021-07-26,EGX:VLMR,0.939587,0.947203,0.932924,0.934828,429798.0
2021-07-27,EGX:VLMR,0.934828,0.949107,0.934828,0.936732,249884.0
2021-07-28,EGX:VLMR,0.936732,0.950059,0.932924,0.939587,362488.0
2021-07-29,EGX:VLMR,0.939587,0.951963,0.934828,0.947203,230371.0
2021-08-01,EGX:VLMR,0.947203,0.947203,0.938636,0.942443,151292.0
2021-08-02,EGX:VLMR,0.942443,0.951963,0.927212,0.933876,328061.0
2021-08-03,EGX:VLMR,0.933876,0.942443,0.925308,0.932924,189204.0
2021-08-04,EGX:VLMR,0.932924,0.942443,0.929116,0.937684,912636.0
2021-08-05,EGX:VLMR,0.937684,0.937684,0.932924,0.932924,76483.0
2021-08-08,EGX:VLMR,0.932924,0.940539,0.928164,0.932924,254583.0
2021-08-09,EGX:VLMR,0.932924,0.942443,0.932924,0.937684,302948.0
2021-08-10,EGX:VLMR,0.937684,0.971002,0.93578,0.958627,2046799.0
2021-08-11,EGX:VLMR,0.958627,0.994801,0.956723,0.971002,2215897.0
2021-08-15,EGX:VLMR,0.971002,1.047159,0.971002,1.013841,1244155.0
2021-08-16,EGX:VLMR,1.013841,1.013841,0.990042,0.999561,1188117.0
2021-08-17,EGX:VLMR,0.999561,1.009081,0.98433,0.990993,1319091.0
2021-08-18,EGX:VLMR,0.990993,1.0186,0.990042,1.004321,1256217.0
2021-08-19,EGX:VLMR,1.004321,1.03764,1.000513,1.02336,3635895.0
2021-08-22,EGX:VLMR,1.02336,1.044303,1.021456,1.036688,982164.0
2021-08-23,EGX:VLMR,1.036688,1.087142,1.036688,1.070006,2419141.0
2021-08-24,EGX:VLMR,1.070006,1.094757,1.070006,1.091902,2850569.0
2021-08-25,EGX:VLMR,1.091902,1.091902,1.073814,1.079526,1212064.0
2021-08-26,EGX:VLMR,1.079526,1.085238,1.073814,1.082382,107676.0
2021-08-29,EGX:VLMR,1.082382,1.091902,1.082382,1.087142,276186.0
2021-08-30,EGX:VLMR,1.087142,1.093805,1.080478,1.08619,1101163.0
2021-08-31,EGX:VLMR,1.08619,1.08619,1.072862,1.078574,1432338.0
2021-09-01,EGX:VLMR,1.078574,1.078574,1.066199,1.074766,1400553.0
2021-09-02,EGX:VLMR,1.074766,1.074766,1.066199,1.066199,709279.0
2021-09-05,EGX:VLMR,1.066199,1.075718,1.061439,1.075718,434592.0
2021-09-06,EGX:VLMR,1.075718,1.075718,1.066199,1.070958,229529.0
2021-09-07,EGX:VLMR,1.070958,1.089046,1.070958,1.085238,1023362.0
2021-09-08,EGX:VLMR,1.085238,1.104277,1.085238,1.101421,1011495.0
2021-09-09,EGX:VLMR,1.101421,1.109989,1.094757,1.105229,1275138.0
2021-09-12,EGX:VLMR,1.105229,1.110941,1.099517,1.109989,175287.0
2021-09-13,EGX:VLMR,1.109989,1.112845,1.104277,1.111893,329422.0
2021-09-14,EGX:VLMR,1.111893,1.112845,1.093805,1.094757,344186.0
2021-09-15,EGX:VLMR,1.094757,1.113797,1.093805,1.113797,648266.0
2021-09-16,EGX:VLMR,1.113797,1.115701,1.104277,1.113797,235926.0
2021-09-19,EGX:VLMR,1.113797,1.117605,1.101421,1.107133,636501.0
2021-09-20,EGX:VLMR,1.107133,1.107133,1.072862,1.075718,705484.0
2021-09-21,EGX:VLMR,1.075718,1.085238,1.056679,1.066199,643267.0
2021-09-22,EGX:VLMR,1.066199,1.075718,1.066199,1.067151,269067.0
2021-09-23,EGX:VLMR,1.067151,1.084286,1.066199,1.07667,418963.0
2021-09-26,EGX:VLMR,1.07667,1.085238,1.070958,1.085238,117894.0
2021-09-27,EGX:VLMR,1.085238,1.095709,1.085238,1.09095,705442.0
2021-09-28,EGX:VLMR,1.09095,1.104277,1.085238,1.102373,632655.0
2021-09-29,EGX:VLMR,1.102373,1.102373,1.085238,1.085238,96343.0
2021-09-30,EGX:VLMR,1.085238,1.103325,1.085238,1.096661,215246.0
2021-10-03,EGX:VLMR,1.096661,1.104277,1.094757,1.094757,221330.0
2021-10-04,EGX:VLMR,1.094757,1.101421,1.094757,1.099517,75292.0
2021-10-05,EGX:VLMR,1.099517,1.115701,1.099517,1.114749,1008660.0
2021-10-06,EGX:VLMR,1.114749,1.117605,1.109037,1.115701,551755.0
2021-10-10,EGX:VLMR,1.115701,1.199473,1.115701,1.180434,3270555.0
2021-10-11,EGX:VLMR,1.180434,1.180434,1.170914,1.175674,180279.0
2021-10-12,EGX:VLMR,1.175674,1.203281,1.175674,1.195666,571170.0
2021-10-13,EGX:VLMR,1.195666,1.223272,1.195666,1.215657,1212575.0
2021-10-14,EGX:VLMR,1.215657,1.256591,1.215657,1.255639,1396857.0
2021-10-17,EGX:VLMR,1.255639,1.266111,1.251831,1.256591,791920.0
2021-10-18,EGX:VLMR,1.256591,1.266111,1.256591,1.256591,440475.0
2021-10-19,EGX:VLMR,1.256591,1.304189,1.256591,1.290862,1315765.0
2021-10-20,EGX:VLMR,1.290862,1.318469,1.290862,1.304189,828925.0
2021-10-24,EGX:VLMR,1.304189,1.332748,1.299429,1.323229,873101.0
2021-10-25,EGX:VLMR,1.323229,1.323229,1.300381,1.312757,678795.0
2021-10-26,EGX:VLMR,1.312757,1.312757,1.288958,1.29467,795999.0
2021-10-27,EGX:VLMR,1.29467,1.323229,1.28515,1.309901,826658.0
2021-10-28,EGX:VLMR,1.309901,1.315613,1.304189,1.312757,600918.0
2021-10-31,EGX:VLMR,1.312757,1.313709,1.303237,1.304189,933803.0
2021-11-01,EGX:VLMR,1.304189,1.318469,1.304189,1.306093,439571.0
2021-11-02,EGX:VLMR,1.306093,1.311805,1.304189,1.307045,317951.0
2021-11-03,EGX:VLMR,1.307045,1.308949,1.304189,1.305141,221842.0
2021-11-04,EGX:VLMR,1.305141,1.305141,1.29467,1.299429,472074.0
2021-11-07,EGX:VLMR,1.299429,1.299429,1.291814,1.29467,18712.0
2021-11-08,EGX:VLMR,1.29467,1.306093,1.29467,1.305141,452443.0
2021-11-09,EGX:VLMR,1.305141,1.342268,1.304189,1.332748,901632.0
2021-11-10,EGX:VLMR,1.332748,1.350835,1.323229,1.324181,70946.0
2021-11-11,EGX:VLMR,1.324181,1.336556,1.324181,1.334652,236333.0
2021-11-14,EGX:VLMR,1.334652,1.418425,1.334652,1.374635,1661269.0
2021-11-15,EGX:VLMR,1.374635,1.380346,1.357499,1.366067,809036.0
2021-11-16,EGX:VLMR,1.366067,1.370827,1.361307,1.366067,134086.0
2021-11-17,EGX:VLMR,1.366067,1.389866,1.366067,1.386058,456906.0
2021-11-18,EGX:VLMR,1.386058,1.394626,1.370827,1.389866,436166.0
2021-11-21,EGX:VLMR,1.389866,1.390818,1.370827,1.389866,13018.0
2021-11-22,EGX:VLMR,1.389866,1.389866,1.352739,1.361307,358542.0
2021-11-23,EGX:VLMR,1.361307,1.361307,1.347028,1.348932,160193.0
2021-11-24,EGX:VLMR,1.348932,1.348932,1.293718,1.322277,479664.0
2021-11-25,EGX:VLMR,1.322277,1.330844,1.315613,1.327988,70856.0
2021-11-28,EGX:VLMR,1.327988,1.327988,1.277534,1.28991,208351.0
2021-11-29,EGX:VLMR,1.28991,1.305141,1.28991,1.304189,175595.0
2021-11-30,EGX:VLMR,1.304189,1.313709,1.300381,1.304189,409498.0
2021-12-01,EGX:VLMR,1.304189,1.313709,1.304189,1.308949,142498.0
2021-12-02,EGX:VLMR,1.308949,1.313709,1.28991,1.293718,32907.0
2021-12-05,EGX:VLMR,1.293718,1.29467,1.293718,1.29467,60264.0
2021-12-06,EGX:VLMR,1.29467,1.297526,1.291814,1.29467,316706.0
2021-12-07,EGX:VLMR,1.29467,1.29467,1.287054,1.288958,214109.0
2021-12-08,EGX:VLMR,1.288958,1.296574,1.277534,1.29467,631543.0
2021-12-09,EGX:VLMR,1.29467,1.29467,1.28039,1.293718,237069.0
2021-12-12,EGX:VLMR,1.293718,1.293718,1.279438,1.284198,81590.0
2021-12-13,EGX:VLMR,1.284198,1.28515,1.283246,1.28515,289821.0
2021-12-14,EGX:VLMR,1.28515,1.292766,1.279438,1.28991,473545.0
2021-12-15,EGX:VLMR,1.28991,1.28991,1.282294,1.282294,85359.0
2021-12-16,EGX:VLMR,1.282294,1.29467,1.282294,1.29467,987555.0
2021-12-19,EGX:VLMR,1.29467,1.29467,1.281342,1.282294,117598.0
2021-12-20,EGX:VLMR,1.282294,1.297526,1.264207,1.267063,198515.0
2021-12-21,EGX:VLMR,1.267063,1.271823,1.256591,1.257543,265218.0
2021-12-22,EGX:VLMR,1.257543,1.27563,1.251831,1.27563,1318831.0
2021-12-23,EGX:VLMR,1.27563,1.293718,1.272775,1.284198,793707.0
2021-12-26,EGX:VLMR,1.284198,1.284198,1.256591,1.258495,449469.0
2021-12-27,EGX:VLMR,1.258495,1.266111,1.256591,1.266111,133033.0
2021-12-28,EGX:VLMR,1.266111,1.266111,1.247072,1.247072,717048.0
2021-12-29,EGX:VLMR,1.247072,1.248023,1.242312,1.242312,625515.0
2021-12-30,EGX:VLMR,1.242312,1.264207,1.242312,1.255639,303305.0
2022-01-02,EGX:VLMR,1.255639,1.256591,1.247072,1.256591,130530.0
2022-01-03,EGX:VLMR,1.256591,1.271823,1.256591,1.270871,226164.0
2022-01-04,EGX:VLMR,1.270871,1.332748,1.270871,1.327988,1270489.0
2022-01-05,EGX:VLMR,1.327988,1.380346,1.327988,1.341316,1068438.0
2022-01-09,EGX:VLMR,1.341316,1.350835,1.335604,1.342268,134588.0
2022-01-10,EGX:VLMR,1.342268,1.342268,1.337508,1.33846,38162.0
2022-01-11,EGX:VLMR,1.33846,1.351787,1.337508,1.347028,432425.0
2022-01-12,EGX:VLMR,1.347028,1.351787,1.335604,1.351787,61012.0
2022-01-13,EGX:VLMR,1.351787,1.351787,1.323229,1.345124,338888.0
2022-01-16,EGX:VLMR,1.345124,1.345124,1.32894,1.329892,167604.0
2022-01-17,EGX:VLMR,1.329892,1.332748,1.323229,1.326084,175731.0
2022-01-18,EGX:VLMR,1.326084,1.332748,1.326084,1.331796,372333.0
2022-01-19,EGX:VLMR,1.331796,1.331796,1.327988,1.330844,114641.0
2022-01-20,EGX:VLMR,1.330844,1.341316,1.324181,1.331796,277666.0
2022-01-23,EGX:VLMR,1.331796,1.332748,1.322277,1.322277,155603.0
2022-01-24,EGX:VLMR,1.323229,1.323229,1.300381,1.313709,138468.0
2022-01-25,EGX:VLMR,1.305141,1.320373,1.305141,1.314661,57430.0
2022-01-26,EGX:VLMR,1.314661,1.3337,1.314661,1.327988,532023.0
2022-01-30,EGX:VLMR,1.327988,1.342268,1.327988,1.327988,17917.0
2022-01-31,EGX:VLMR,1.327988,1.32894,1.315613,1.323229,200459.0
2022-02-01,EGX:VLMR,1.323229,1.331796,1.321325,1.323229,821419.0
2022-02-02,EGX:VLMR,1.323229,1.331796,1.321325,1.323229,102134.0
2022-02-03,EGX:VLMR,1.324181,1.324181,1.318469,1.321325,265470.0
2022-02-06,EGX:VLMR,1.321325,1.324181,1.321325,1.323229,207071.0
2022-02-07,EGX:VLMR,1.323229,1.323229,1.313709,1.322277,54273.0
2022-02-08,EGX:VLMR,1.322277,1.323229,1.313709,1.323229,114044.0
2022-02-09,EGX:VLMR,1.323229,1.332748,1.315613,1.327988,482252.0
2022-02-10,EGX:VLMR,1.327988,1.351787,1.319421,1.351787,657215.0
2022-02-13,EGX:VLMR,1.351787,1.351787,1.32894,1.330844,80472.0
2022-02-14,EGX:VLMR,1.329892,1.329892,1.313709,1.315613,386687.0
2022-02-15,EGX:VLMR,1.318469,1.332748,1.318469,1.332748,702122.0
2022-02-16,EGX:VLMR,1.332748,1.332748,1.324181,1.329892,160752.0
2022-02-17,EGX:VLMR,1.32894,1.329892,1.323229,1.329892,299468.0
2022-02-20,EGX:VLMR,1.329892,1.332748,1.315613,1.317517,284118.0
2022-02-21,EGX:VLMR,1.317517,1.327988,1.315613,1.317517,241365.0
2022-02-22,EGX:VLMR,1.317517,1.332748,1.315613,1.323229,495125.0
2022-02-23,EGX:VLMR,1.326084,1.332748,1.326084,1.332748,601823.0
2022-02-24,EGX:VLMR,1.332748,1.340364,1.28991,1.332748,1457389.0
2022-02-27,EGX:VLMR,1.332748,1.340364,1.313709,1.336556,80657.0
2022-02-28,EGX:VLMR,1.336556,1.351787,1.332748,1.334652,760035.0
2022-03-01,EGX:VLMR,1.334652,1.351787,1.334652,1.345124,110611.0
2022-03-02,EGX:VLMR,1.345124,1.359403,1.345124,1.358451,389129.0
2022-03-03,EGX:VLMR,1.356547,1.380346,1.351787,1.37749,1009208.0
2022-03-06,EGX:VLMR,1.37749,1.379394,1.362259,1.362259,80520.0
2022-03-07,EGX:VLMR,1.365115,1.388914,1.363211,1.380346,519707.0
2022-03-08,EGX:VLMR,1.37749,1.379394,1.363211,1.369875,328253.0
2022-03-09,EGX:VLMR,1.376538,1.376538,1.355595,1.357499,265999.0
2022-03-10,EGX:VLMR,1.356547,1.356547,1.337508,1.341316,591520.0
2022-03-13,EGX:VLMR,1.341316,1.342268,1.319421,1.332748,322436.0
2022-03-14,EGX:VLMR,1.332748,1.342268,1.323229,1.327036,356923.0
2022-03-15,EGX:VLMR,1.327036,1.327036,1.308949,1.309901,236053.0
2022-03-16,EGX:VLMR,1.313709,1.313709,1.292766,1.298478,395353.0
2022-03-17,EGX:VLMR,1.298478,1.304189,1.256591,1.303237,1081554.0
2022-03-20,EGX:VLMR,1.303237,1.351787,1.303237,1.342268,284503.0
2022-03-21,EGX:VLMR,1.337508,1.358451,1.268967,1.28515,896274.0
2022-03-22,EGX:VLMR,1.28515,1.304189,1.278486,1.279438,109368.0
2022-03-23,EGX:VLMR,1.281342,1.28991,1.267063,1.267063,379765.0
2022-03-24,EGX:VLMR,1.267063,1.28515,1.248975,1.251831,199589.0
2022-03-27,EGX:VLMR,1.251831,1.266111,1.239456,1.252783,114698.0
2022-03-28,EGX:VLMR,1.252783,1.256591,1.24612,1.247072,106796.0
2022-03-29,EGX:VLMR,1.247072,1.266111,1.242312,1.265159,79560.0
2022-03-30,EGX:VLMR,1.261351,1.266111,1.261351,1.265159,6689.0
2022-03-31,EGX:VLMR,1.261351,1.266111,1.251831,1.256591,794913.0
2022-04-03,EGX:VLMR,1.256591,1.27563,1.249927,1.249927,33764.0
2022-04-04,EGX:VLMR,1.255639,1.256591,1.243264,1.24612,98023.0
2022-04-05,EGX:VLMR,1.24612,1.24612,1.19281,1.208993,256412.0
2022-04-06,EGX:VLMR,1.208993,1.232792,1.145211,1.232792,443051.0
2022-04-07,EGX:VLMR,1.232792,1.237552,1.208993,1.22232,302304.0
2022-04-10,EGX:VLMR,1.22232,1.237552,1.22232,1.22232,313392.0
2022-04-11,EGX:VLMR,1.223272,1.229936,1.221369,1.223272,82611.0
2022-04-12,EGX:VLMR,1.223272,1.248023,1.223272,1.238504,805452.0
2022-04-13,EGX:VLMR,1.240408,1.266111,1.240408,1.256591,1390054.0
2022-04-14,EGX:VLMR,1.256591,1.270871,1.248023,1.266111,331399.0
2022-04-17,EGX:VLMR,1.266111,1.266111,1.247072,1.254687,986524.0
2022-04-18,EGX:VLMR,1.254687,1.270871,1.254687,1.268967,655713.0
2022-04-19,EGX:VLMR,1.268967,1.268967,1.187098,1.189954,373120.0
2022-04-20,EGX:VLMR,1.189954,1.199473,1.185194,1.185194,13782.0
2022-04-21,EGX:VLMR,1.190906,1.198521,1.186146,1.189954,121292.0
2022-04-26,EGX:VLMR,1.189954,1.218513,1.179482,1.218513,364667.0
2022-04-27,EGX:VLMR,1.218513,1.218513,1.194714,1.208993,349532.0
2022-04-28,EGX:VLMR,1.213753,1.23184,1.213753,1.228032,305624.0
2022-05-08,EGX:VLMR,1.228032,1.247072,1.228032,1.24612,451564.0
2022-05-09,EGX:VLMR,1.247072,1.256591,1.237552,1.248023,401023.0
2022-05-10,EGX:VLMR,1.251831,1.256591,1.240408,1.250879,230059.0
2022-05-11,EGX:VLMR,1.250879,1.256591,1.244216,1.250879,303362.0
2022-05-12,EGX:VLMR,1.250879,1.250879,1.226128,1.229936,210350.0
2022-05-15,EGX:VLMR,1.229936,1.245168,1.225176,1.228032,218940.0
2022-05-16,EGX:VLMR,1.228032,1.279438,1.228032,1.27563,1505202.0
2022-05-17,EGX:VLMR,1.27563,1.28991,1.270871,1.283246,403551.0
2022-05-18,EGX:VLMR,1.283246,1.28515,1.27563,1.277534,395625.0
2022-05-19,EGX:VLMR,1.277534,1.298478,1.266111,1.28515,510436.0
2022-05-22,EGX:VLMR,1.28515,1.297526,1.27563,1.28515,123104.0
2022-05-23,EGX:VLMR,1.288958,1.293718,1.273726,1.28515,100201.0
2022-05-24,EGX:VLMR,1.276582,1.276582,1.267063,1.270871,93940.0
2022-05-25,EGX:VLMR,1.270871,1.27563,1.260399,1.266111,178181.0
2022-05-26,EGX:VLMR,1.266111,1.266111,1.256591,1.261351,261452.0
2022-05-29,EGX:VLMR,1.264207,1.28515,1.256591,1.283246,249734.0
2022-05-30,EGX:VLMR,1.283246,1.284198,1.270871,1.27563,81265.0
2022-05-31,EGX:VLMR,1.27563,1.282294,1.266111,1.276582,237573.0
2022-06-01,EGX:VLMR,1.276582,1.28039,1.268015,1.279438,174509.0
2022-06-02,EGX:VLMR,1.279438,1.279438,1.267063,1.277534,138348.0
2022-06-05,EGX:VLMR,1.276582,1.281342,1.27563,1.279438,23473.0
2022-06-06,EGX:VLMR,1.279438,1.281342,1.27563,1.281342,180394.0
2022-06-07,EGX:VLMR,1.28039,1.282294,1.268015,1.282294,47060.0
2022-06-08,EGX:VLMR,1.282294,1.282294,1.257543,1.260399,719696.0
2022-06-09,EGX:VLMR,1.260399,1.265159,1.255639,1.265159,684012.0
2022-06-12,EGX:VLMR,1.258495,1.266111,1.257543,1.266111,141596.0
2022-06-13,EGX:VLMR,1.265159,1.273726,1.265159,1.266111,112468.0
2022-06-14,EGX:VLMR,1.266111,1.274678,1.253735,1.273726,69973.0
2022-06-15,EGX:VLMR,1.271823,1.271823,1.257543,1.260399,216094.0
2022-06-16,EGX:VLMR,1.260399,1.261351,1.247072,1.247072,369415.0
2022-06-19,EGX:VLMR,1.247072,1.249927,1.247072,1.249927,36455.0
2022-06-20,EGX:VLMR,1.249927,1.266111,1.248975,1.249927,51005.0
2022-06-21,EGX:VLMR,1.249927,1.249927,1.247072,1.247072,382332.0
2022-06-22,EGX:VLMR,1.247072,1.262303,1.242312,1.242312,119961.0
2022-06-23,EGX:VLMR,1.242312,1.244216,1.240408,1.242312,18419.0
2022-06-26,EGX:VLMR,1.242312,1.242312,1.237552,1.237552,83879.0
2022-06-27,EGX:VLMR,1.237552,1.263255,1.23184,1.235648,38878.0
2022-06-28,EGX:VLMR,1.235648,1.235648,1.206137,1.216609,207771.0
2022-06-29,EGX:VLMR,1.209945,1.219465,1.203281,1.214705,55012.0
2022-07-03,EGX:VLMR,1.216609,1.216609,1.196617,1.199473,47161.0
2022-07-04,EGX:VLMR,1.199473,1.199473,1.151875,1.156635,359227.0
2022-07-05,EGX:VLMR,1.156635,1.174722,1.152827,1.174722,59110.0
2022-07-06,EGX:VLMR,1.172818,1.17853,1.161395,1.17853,36419.0
2022-07-07,EGX:VLMR,1.17853,1.185194,1.176626,1.179482,30875.0
2022-07-17,EGX:VLMR,1.179482,1.181386,1.177578,1.180434,22991.0
2022-07-18,EGX:VLMR,1.181386,1.189954,1.180434,1.189954,97526.0
2022-07-19,EGX:VLMR,1.189954,1.198521,1.189954,1.189954,224283.0
2022-07-20,EGX:VLMR,1.189954,1.198521,1.189954,1.198521,12336.0
2022-07-21,EGX:VLMR,1.189954,1.202329,1.189954,1.202329,147.0
2022-07-24,EGX:VLMR,1.189954,1.202329,1.189954,1.199473,20902.0
2022-07-25,EGX:VLMR,1.199473,1.209945,1.199473,1.205185,94893.0
2022-07-26,EGX:VLMR,1.206137,1.206137,1.182338,1.182338,620031.0
2022-07-27,EGX:VLMR,1.182338,1.199473,1.182338,1.199473,15819.0
2022-07-28,EGX:VLMR,1.199473,1.208993,1.199473,1.208993,19388.0
2022-07-31,EGX:VLMR,1.203281,1.213753,1.201377,1.208993,16012.0
2022-08-01,EGX:VLMR,1.208993,1.209945,1.204233,1.208993,55961.0
2022-08-02,EGX:VLMR,1.208993,1.215657,1.204233,1.215657,59562.0
2022-08-03,EGX:VLMR,1.209945,1.218513,1.208993,1.218513,32484.0
2022-08-04,EGX:VLMR,1.216609,1.221369,1.208993,1.220417,190474.0
2022-08-07,EGX:VLMR,1.220417,1.247072,1.220417,1.247072,224636.0
2022-08-08,EGX:VLMR,1.243264,1.254687,1.230888,1.254687,231977.0
2022-08-09,EGX:VLMR,1.249927,1.266111,1.249927,1.252783,158911.0
2022-08-10,EGX:VLMR,1.253735,1.262303,1.248975,1.262303,34646.0
2022-08-11,EGX:VLMR,1.261351,1.272775,1.252783,1.252783,90482.0
2022-08-14,EGX:VLMR,1.254687,1.271823,1.254687,1.268967,26967.0
2022-08-15,EGX:VLMR,1.268967,1.268967,1.262303,1.264207,24489.0
2022-08-16,EGX:VLMR,1.264207,1.266111,1.258495,1.258495,48423.0
2022-08-17,EGX:VLMR,1.260399,1.260399,1.225176,1.245168,108743.0
2022-08-18,EGX:VLMR,1.245168,1.245168,1.237552,1.239456,3358.0
2022-08-21,EGX:VLMR,1.245168,1.261351,1.237552,1.240408,80388.0
2022-08-22,EGX:VLMR,1.245168,1.247072,1.237552,1.238504,67104.0
2022-08-23,EGX:VLMR,1.238504,1.238504,1.22232,1.225176,88757.0
2022-08-24,EGX:VLMR,1.225176,1.2366,1.223272,1.226128,12013.0
2022-08-25,EGX:VLMR,1.225176,1.237552,1.225176,1.232792,54323.0
2022-08-28,EGX:VLMR,1.232792,1.244216,1.232792,1.244216,10811.0
2022-08-29,EGX:VLMR,1.232792,1.232792,1.225176,1.229936,114830.0
2022-08-30,EGX:VLMR,1.229936,1.261351,1.228032,1.258495,160270.0
2022-08-31,EGX:VLMR,1.253735,1.262303,1.247072,1.247072,201696.0
2022-09-01,EGX:VLMR,1.248975,1.248975,1.232792,1.234696,77431.0
2022-09-04,EGX:VLMR,1.232792,1.248023,1.228984,1.228984,24851.0
2022-09-05,EGX:VLMR,1.230888,1.237552,1.230888,1.232792,15478.0
2022-09-06,EGX:VLMR,1.232792,1.247072,1.228032,1.247072,121419.0
2022-09-07,EGX:VLMR,1.238504,1.245168,1.226128,1.228032,208252.0
2022-09-08,EGX:VLMR,1.228032,1.228984,1.22708,1.228032,64170.0
2022-09-11,EGX:VLMR,1.228032,1.24612,1.228032,1.230888,6410.0
2022-09-12,EGX:VLMR,1.228032,1.228032,1.223272,1.228032,211139.0
2022-09-13,EGX:VLMR,1.228032,1.228032,1.212801,1.218513,213428.0
2022-09-14,EGX:VLMR,1.218513,1.218513,1.194714,1.208993,210645.0
2022-09-15,EGX:VLMR,1.208993,1.208993,1.169011,1.169011,421145.0
2022-09-18,EGX:VLMR,1.169011,1.184242,1.162347,1.180434,214053.0
2022-09-19,EGX:VLMR,1.177578,1.180434,1.164251,1.169011,429680.0
2022-09-20,EGX:VLMR,1.169011,1.170914,1.123316,1.162347,234417.0
2022-09-21,EGX:VLMR,1.157587,1.164251,1.147115,1.150923,213726.0
2022-09-22,EGX:VLMR,1.150923,1.150923,1.098565,1.098565,223906.0
2022-09-25,EGX:VLMR,1.098565,1.1395,1.098565,1.136644,118198.0
2022-09-26,EGX:VLMR,1.136644,1.160443,1.136644,1.153779,342703.0
2022-09-27,EGX:VLMR,1.153779,1.158539,1.137596,1.138548,208827.0
2022-09-28,EGX:VLMR,1.138548,1.142356,1.099517,1.099517,287735.0
2022-09-29,EGX:VLMR,1.099517,1.1395,1.099517,1.132836,190676.0
2022-10-02,EGX:VLMR,1.132836,1.132836,1.098565,1.098565,216902.0
2022-10-03,EGX:VLMR,1.104277,1.121412,1.104277,1.114749,211498.0
2022-10-04,EGX:VLMR,1.115701,1.128076,1.114749,1.114749,159268.0
2022-10-05,EGX:VLMR,1.118557,1.142356,1.118557,1.142356,211175.0
2022-10-09,EGX:VLMR,1.142356,1.151875,1.132836,1.151875,210102.0
2022-10-10,EGX:VLMR,1.151875,1.151875,1.142356,1.151875,7247.0
2022-10-11,EGX:VLMR,1.151875,1.151875,1.129028,1.132836,211179.0
2022-10-12,EGX:VLMR,1.132836,1.142356,1.132836,1.142356,224247.0
2022-10-13,EGX:VLMR,1.133788,1.142356,1.131884,1.132836,108921.0
2022-10-16,EGX:VLMR,1.13474,1.142356,1.123316,1.123316,139924.0
2022-10-17,EGX:VLMR,1.127124,1.131884,1.123316,1.130932,142275.0
2022-10-18,EGX:VLMR,1.12998,1.132836,1.123316,1.131884,197534.0
2022-10-19,EGX:VLMR,1.131884,1.1395,1.124268,1.138548,176345.0
2022-10-20,EGX:VLMR,1.138548,1.1395,1.129028,1.131884,259481.0
2022-10-23,EGX:VLMR,1.131884,1.142356,1.127124,1.142356,112277.0
2022-10-24,EGX:VLMR,1.1395,1.142356,1.123316,1.123316,211891.0
2022-10-25,EGX:VLMR,1.123316,1.129028,1.123316,1.127124,156072.0
2022-10-26,EGX:VLMR,1.128076,1.132836,1.12522,1.128076,230070.0
2022-10-27,EGX:VLMR,1.128076,1.128076,1.100469,1.123316,404315.0
2022-10-30,EGX:VLMR,1.108085,1.109037,1.099517,1.108085,41224.0
2022-10-31,EGX:VLMR,1.106181,1.121412,1.100469,1.100469,359060.0
2022-11-01,EGX:VLMR,1.100469,1.111893,1.099517,1.103325,17213.0
2022-11-02,EGX:VLMR,1.103325,1.106181,1.096661,1.106181,36318.0
2022-11-03,EGX:VLMR,1.105229,1.105229,1.098565,1.099517,66902.0
2022-11-06,EGX:VLMR,1.099517,1.109037,1.098565,1.109037,133217.0
2022-11-07,EGX:VLMR,1.109037,1.1395,1.109037,1.1395,139435.0
2022-11-08,EGX:VLMR,1.1395,1.1395,1.126172,1.126172,51063.0
2022-11-09,EGX:VLMR,1.127124,1.127124,1.102373,1.123316,127211.0
2022-11-10,EGX:VLMR,1.123316,1.123316,1.103325,1.104277,184300.0
2022-11-13,EGX:VLMR,1.104277,1.130932,1.104277,1.130932,27221.0
2022-11-14,EGX:VLMR,1.128076,1.141404,1.128076,1.138548,106418.0
2022-11-15,EGX:VLMR,1.138548,1.189954,1.135692,1.187098,270244.0
2022-11-16,EGX:VLMR,1.187098,1.187098,1.152827,1.156635,229264.0
2022-11-17,EGX:VLMR,1.156635,1.169963,1.150923,1.150923,135094.0
2022-11-20,EGX:VLMR,1.155683,1.18805,1.151875,1.153779,68181.0
2022-11-21,EGX:VLMR,1.153779,1.155683,1.149971,1.151875,159428.0
2022-11-22,EGX:VLMR,1.150923,1.169963,1.150923,1.165203,117896.0
2022-11-23,EGX:VLMR,1.163299,1.180434,1.142356,1.151875,195909.0
2022-11-24,EGX:VLMR,1.151875,1.151875,1.138548,1.138548,214558.0
2022-11-27,EGX:VLMR,1.142356,1.151875,1.136644,1.137596,130416.0
2022-11-28,EGX:VLMR,1.137596,1.164251,1.136644,1.161395,77463.0
2022-11-29,EGX:VLMR,1.161395,1.175674,1.147115,1.170914,183644.0
2022-11-30,EGX:VLMR,1.167107,1.182338,1.161395,1.182338,211615.0
2022-12-01,EGX:VLMR,1.180434,1.206137,1.180434,1.193762,218098.0
2022-12-04,EGX:VLMR,1.203281,1.208041,1.18805,1.189954,163759.0
2022-12-05,EGX:VLMR,1.189954,1.207089,1.182338,1.207089,239339.0
2022-12-06,EGX:VLMR,1.207089,1.207089,1.185194,1.189002,95813.0
2022-12-07,EGX:VLMR,1.189002,1.208041,1.17853,1.180434,182486.0
2022-12-08,EGX:VLMR,1.184242,1.208993,1.180434,1.208993,470136.0
2022-12-11,EGX:VLMR,1.206137,1.206137,1.18329,1.185194,99986.0
2022-12-12,EGX:VLMR,1.184242,1.184242,1.153779,1.153779,578904.0
2022-12-13,EGX:VLMR,1.153779,1.161395,1.153779,1.161395,246382.0
2022-12-14,EGX:VLMR,1.161395,1.162347,1.156635,1.157587,358758.0
2022-12-15,EGX:VLMR,1.157587,1.180434,1.149971,1.180434,770938.0
2022-12-18,EGX:VLMR,1.180434,1.180434,1.160443,1.179482,161836.0
2022-12-19,EGX:VLMR,1.176626,1.17853,1.166155,1.175674,230319.0
2022-12-20,EGX:VLMR,1.172818,1.179482,1.151875,1.156635,136876.0
2022-12-21,EGX:VLMR,1.155683,1.166155,1.14426,1.14426,210615.0
2022-12-22,EGX:VLMR,1.147115,1.164251,1.147115,1.163299,254754.0
2022-12-25,EGX:VLMR,1.163299,1.180434,1.162347,1.180434,179205.0
2022-12-26,EGX:VLMR,1.177578,1.180434,1.161395,1.176626,401127.0
2022-12-27,EGX:VLMR,1.176626,1.176626,1.162347,1.164251,47242.0
2022-12-28,EGX:VLMR,1.164251,1.180434,1.163299,1.176626,212236.0
2022-12-29,EGX:VLMR,1.180434,1.180434,1.161395,1.163299,138690.0
2023-01-02,EGX:VLMR,1.163299,1.175674,1.162347,1.163299,80018.0
2023-01-03,EGX:VLMR,1.164251,1.172818,1.159491,1.159491,183533.0
2023-01-04,EGX:VLMR,1.160443,1.17377,1.158539,1.170914,153896.0
2023-01-05,EGX:VLMR,1.170914,1.172818,1.156635,1.170914,339095.0
2023-01-09,EGX:VLMR,1.170914,1.180434,1.163299,1.180434,234479.0
2023-01-10,EGX:VLMR,1.180434,1.180434,1.169963,1.175674,257249.0
2023-01-11,EGX:VLMR,1.175674,1.180434,1.161395,1.176626,352481.0
2023-01-12,EGX:VLMR,1.176626,1.176626,1.155683,1.166155,410775.0
2023-01-15,EGX:VLMR,1.158539,1.160443,1.152827,1.156635,155715.0
2023-01-16,EGX:VLMR,1.156635,1.180434,1.151875,1.180434,411487.0
2023-01-17,EGX:VLMR,1.171866,1.171866,1.155683,1.155683,109797.0
2023-01-18,EGX:VLMR,1.157587,1.169963,1.143308,1.143308,211896.0
2023-01-19,EGX:VLMR,1.147115,1.161395,1.14426,1.161395,210851.0
2023-01-22,EGX:VLMR,1.149971,1.161395,1.1395,1.142356,257501.0
2023-01-23,EGX:VLMR,1.142356,1.161395,1.137596,1.161395,253523.0
2023-01-24,EGX:VLMR,1.161395,1.161395,1.150923,1.151875,171037.0
2023-01-25,EGX:VLMR,1.151875,1.17853,1.151875,1.166155,311139.0
2023-01-29,EGX:VLMR,1.167107,1.17853,1.161395,1.17853,216093.0
2023-01-30,EGX:VLMR,1.176626,1.176626,1.154731,1.154731,218507.0
2023-01-31,EGX:VLMR,1.157587,1.170914,1.152827,1.156635,98056.0
2023-02-01,EGX:VLMR,1.167107,1.174722,1.157587,1.17377,71536.0
2023-02-02,EGX:VLMR,1.17377,1.17377,1.159491,1.161395,218494.0
2023-02-05,EGX:VLMR,1.161395,1.170914,1.161395,1.163299,64108.0
2023-02-06,EGX:VLMR,1.163299,1.176626,1.163299,1.175674,211593.0
2023-02-07,EGX:VLMR,1.171866,1.177578,1.169963,1.170914,129303.0
2023-02-08,EGX:VLMR,1.170914,1.182338,1.166155,1.181386,369859.0
2023-02-09,EGX:VLMR,1.181386,1.185194,1.170914,1.181386,845001.0
2023-02-12,EGX:VLMR,1.181386,1.181386,1.172818,1.180434,30731.0
2023-02-13,EGX:VLMR,1.180434,1.180434,1.169963,1.170914,1221714.0
2023-02-14,EGX:VLMR,1.170914,1.170914,1.169963,1.169963,62497.0
2023-02-15,EGX:VLMR,1.170914,1.179482,1.169963,1.170914,92843.0
2023-02-16,EGX:VLMR,1.170914,1.170914,1.166155,1.169011,409129.0
2023-02-19,EGX:VLMR,1.169011,1.174722,1.159491,1.161395,141822.0
2023-02-20,EGX:VLMR,1.161395,1.170914,1.159491,1.166155,211734.0
2023-02-21,EGX:VLMR,1.161395,1.170914,1.150923,1.170914,434542.0
2023-02-22,EGX:VLMR,1.169011,1.170914,1.149971,1.170914,160567.0
2023-02-23,EGX:VLMR,1.170914,1.202329,1.169963,1.19281,923396.0
2023-02-26,EGX:VLMR,1.19281,1.226128,1.19281,1.220417,365802.0
2023-02-27,EGX:VLMR,1.220417,1.2366,1.208993,1.208993,443943.0
2023-02-28,EGX:VLMR,1.208993,1.223272,1.189002,1.189954,486823.0
2023-03-01,EGX:VLMR,1.191858,1.203281,1.180434,1.189002,418226.0
2023-03-02,EGX:VLMR,1.18329,1.197569,1.18329,1.189954,119812.0
2023-03-05,EGX:VLMR,1.189954,1.196617,1.184242,1.19281,75267.0
2023-03-06,EGX:VLMR,1.191858,1.196617,1.159491,1.161395,799015.0
2023-03-07,EGX:VLMR,1.161395,1.168059,1.140452,1.147115,518081.0
2023-03-08,EGX:VLMR,1.142356,1.160443,1.132836,1.132836,355191.0
2023-03-09,EGX:VLMR,1.140452,1.160443,1.132836,1.154731,55731.0
2023-03-12,EGX:VLMR,1.154731,1.208993,1.141404,1.190906,1527358.0
2023-03-13,EGX:VLMR,1.190906,1.195666,1.162347,1.167107,307268.0
2023-03-14,EGX:VLMR,1.167107,1.169011,1.151875,1.151875,215373.0
2023-03-15,EGX:VLMR,1.151875,1.177578,1.14426,1.151875,342846.0
2023-03-16,EGX:VLMR,1.151875,1.156635,1.113797,1.113797,5930918.0
2023-03-19,EGX:VLMR,1.113797,1.142356,1.113797,1.1395,81057.0
2023-03-20,EGX:VLMR,1.1395,1.142356,1.126172,1.131884,241532.0
2023-03-21,EGX:VLMR,1.131884,1.142356,1.131884,1.132836,797493.0
2023-03-22,EGX:VLMR,1.132836,1.140452,1.123316,1.128076,496020.0
2023-03-23,EGX:VLMR,1.128076,1.151875,1.128076,1.142356,83388.0
2023-03-26,EGX:VLMR,1.143308,1.153779,1.141404,1.141404,83488.0
2023-03-27,EGX:VLMR,1.142356,1.161395,1.1395,1.141404,44908.0
2023-03-28,EGX:VLMR,1.141404,1.142356,1.132836,1.137596,70184.0
2023-03-29,EGX:VLMR,1.137596,1.156635,1.137596,1.146163,122699.0
2023-03-30,EGX:VLMR,1.146163,1.151875,1.142356,1.147115,278057.0
2023-04-02,EGX:VLMR,1.14426,1.151875,1.14426,1.151875,58758.0
2023-04-03,EGX:VLMR,1.151875,1.158539,1.147115,1.151875,457763.0
2023-04-04,EGX:VLMR,1.151875,1.162347,1.151875,1.151875,798555.0
2023-04-05,EGX:VLMR,1.151875,1.165203,1.149971,1.151875,397212.0
2023-04-06,EGX:VLMR,1.151875,1.174722,1.151875,1.161395,89277.0
2023-04-09,EGX:VLMR,1.161395,1.174722,1.161395,1.167107,103453.0
2023-04-10,EGX:VLMR,1.167107,1.182338,1.162347,1.164251,212798.0
2023-04-11,EGX:VLMR,1.165203,1.177578,1.160443,1.170914,673846.0
2023-04-12,EGX:VLMR,1.170914,1.170914,1.056679,1.070006,351227.0
2023-04-13,EGX:VLMR,1.070006,1.085238,1.066199,1.08143,333785.0
2023-04-18,EGX:VLMR,1.08143,1.098565,1.08143,1.096661,110274.0
2023-04-19,EGX:VLMR,1.094757,1.113797,1.091902,1.094757,609671.0
2023-04-26,EGX:VLMR,1.094757,1.107133,1.083334,1.085238,432533.0
2023-04-27,EGX:VLMR,1.085238,1.094757,1.085238,1.093805,339345.0
2023-04-30,EGX:VLMR,1.093805,1.102373,1.085238,1.089046,181315.0
2023-05-01,EGX:VLMR,1.089046,1.094757,1.083334,1.085238,334552.0
2023-05-02,EGX:VLMR,1.085238,1.093805,1.084286,1.085238,260310.0
2023-05-03,EGX:VLMR,1.085238,1.092854,1.060487,1.065247,874707.0
2023-05-07,EGX:VLMR,1.065247,1.073814,1.063343,1.066199,83445.0
2023-05-08,EGX:VLMR,1.066199,1.074766,1.065247,1.066199,493981.0
2023-05-09,EGX:VLMR,1.066199,1.075718,1.03764,1.03764,808421.0
2023-05-10,EGX:VLMR,1.03764,1.056679,1.03764,1.046207,213836.0
2023-05-11,EGX:VLMR,1.046207,1.050015,1.009081,1.009081,1326543.0
2023-05-14,EGX:VLMR,1.009081,1.016696,0.943395,0.943395,1182674.0
2023-05-15,EGX:VLMR,0.943395,0.975762,0.943395,0.956723,334139.0
2023-05-16,EGX:VLMR,0.956723,0.972906,0.951963,0.97005,654381.0
2023-05-17,EGX:VLMR,0.97005,0.972906,0.959579,0.96529,87556.0
2023-05-18,EGX:VLMR,0.96529,0.980522,0.96529,0.980522,162782.0
2023-05-21,EGX:VLMR,0.980522,0.992897,0.978618,0.990042,195195.0
2023-05-22,EGX:VLMR,0.981474,0.996705,0.968146,0.971002,584097.0
2023-05-23,EGX:VLMR,0.971002,0.978618,0.968146,0.971954,140896.0
2023-05-24,EGX:VLMR,0.971954,0.988138,0.971954,0.977666,810062.0
2023-05-25,EGX:VLMR,0.97957,0.980522,0.971002,0.973858,200378.0
2023-05-28,EGX:VLMR,0.972906,0.980522,0.971954,0.97957,49756.0
2023-05-29,EGX:VLMR,0.975762,0.990042,0.975762,0.97957,216649.0
2023-05-30,EGX:VLMR,0.97957,0.98909,0.97957,0.980522,53781.0
2023-05-31,EGX:VLMR,0.980522,0.988138,0.978618,0.980522,223613.0
2023-06-01,EGX:VLMR,0.980522,0.985282,0.973858,0.976714,364998.0
2023-06-04,EGX:VLMR,0.97481,0.985282,0.97481,0.977666,25108.0
2023-06-05,EGX:VLMR,0.97957,0.980522,0.975762,0.976714,364300.0
2023-06-06,EGX:VLMR,0.976714,0.98433,0.976714,0.980522,311729.0
2023-06-07,EGX:VLMR,0.980522,0.986234,0.978618,0.978618,275554.0
2023-06-08,EGX:VLMR,0.978618,0.98433,0.978618,0.98433,280539.0
2023-06-11,EGX:VLMR,0.98433,0.987186,0.97957,0.980522,128215.0
2023-06-12,EGX:VLMR,0.980522,0.980522,0.978618,0.97957,43767.0
2023-06-13,EGX:VLMR,0.97957,0.985282,0.969098,0.971002,319051.0
2023-06-14,EGX:VLMR,0.971002,0.980522,0.971002,0.980522,53971.0
2023-06-15,EGX:VLMR,0.980522,0.980522,0.971002,0.971002,227254.0
2023-06-18,EGX:VLMR,0.971002,0.978618,0.97005,0.971002,142128.0
2023-06-19,EGX:VLMR,0.971002,0.977666,0.97005,0.976714,170268.0
2023-06-20,EGX:VLMR,0.976714,0.976714,0.971002,0.972906,69582.0
2023-06-21,EGX:VLMR,0.972906,0.976714,0.971002,0.976714,60188.0
2023-06-22,EGX:VLMR,0.973858,0.973858,0.97005,0.971002,396836.0
2023-06-25,EGX:VLMR,0.971002,0.975762,0.97005,0.97005,14813.0
2023-06-26,EGX:VLMR,0.97005,0.971954,0.969098,0.969098,374227.0
2023-07-04,EGX:VLMR,0.97005,0.973858,0.964339,0.966242,38759.0
2023-07-05,EGX:VLMR,0.966242,0.967194,0.963387,0.964339,86011.0
2023-07-06,EGX:VLMR,0.964339,0.967194,0.964339,0.964339,17618.0
2023-07-09,EGX:VLMR,0.96529,0.968146,0.963387,0.964339,20220.0
2023-07-10,EGX:VLMR,0.96529,0.967194,0.962435,0.967194,61471.0
2023-07-11,EGX:VLMR,0.966242,0.968146,0.962435,0.963387,110307.0
2023-07-12,EGX:VLMR,0.963387,0.96529,0.962435,0.962435,71618.0
2023-07-13,EGX:VLMR,0.962435,0.96529,0.961483,0.961483,112004.0
2023-07-16,EGX:VLMR,0.962435,0.97005,0.962435,0.967194,157234.0
2023-07-17,EGX:VLMR,0.967194,0.972906,0.967194,0.971002,292568.0
2023-07-18,EGX:VLMR,0.971002,0.973858,0.96529,0.966242,462778.0
2023-07-19,EGX:VLMR,0.966242,0.97005,0.966242,0.967194,224506.0
2023-07-24,EGX:VLMR,0.967194,0.975762,0.959579,0.961483,151723.0
2023-07-25,EGX:VLMR,0.961483,0.961483,0.947203,0.947203,157867.0
2023-07-26,EGX:VLMR,0.948155,0.951963,0.948155,0.951011,102869.0
2023-07-27,EGX:VLMR,0.951011,0.951011,0.937684,0.937684,290768.0
2023-07-30,EGX:VLMR,0.937684,0.942443,0.933876,0.941491,118038.0
2023-07-31,EGX:VLMR,0.941491,0.947203,0.937684,0.938636,39911.0
2023-08-01,EGX:VLMR,0.938636,0.942443,0.936732,0.937684,79939.0
2023-08-02,EGX:VLMR,0.937684,0.939587,0.924356,0.93102,181812.0
2023-08-03,EGX:VLMR,0.92626,0.944347,0.923404,0.925308,249632.0
2023-08-06,EGX:VLMR,0.925308,0.93102,0.922452,0.923404,100228.0
2023-08-07,EGX:VLMR,0.923404,0.928164,0.919596,0.919596,60069.0
2023-08-08,EGX:VLMR,0.920548,0.922452,0.911981,0.913884,132945.0
2023-08-09,EGX:VLMR,0.913884,0.937684,0.911981,0.915788,435193.0
2023-08-10,EGX:VLMR,0.923404,0.938636,0.917692,0.922452,189330.0
2023-08-13,EGX:VLMR,0.922452,0.924356,0.913884,0.913884,96026.0
2023-08-14,EGX:VLMR,0.913884,0.914836,0.911981,0.913884,64915.0
2023-08-15,EGX:VLMR,0.913884,0.913884,0.904365,0.906269,166291.0
2023-08-16,EGX:VLMR,0.909125,0.909125,0.899605,0.906269,57235.0
2023-08-17,EGX:VLMR,0.907221,0.909125,0.904365,0.909125,55965.0
2023-08-20,EGX:VLMR,0.905317,0.909125,0.900557,0.904365,238841.0
2023-08-21,EGX:VLMR,0.902461,0.904365,0.898653,0.904365,73847.0
2023-08-22,EGX:VLMR,0.904365,0.904365,0.900557,0.904365,112217.0
2023-08-23,EGX:VLMR,0.904365,0.907221,0.901509,0.904365,34974.0
2023-08-24,EGX:VLMR,0.904365,0.904365,0.901509,0.903413,27513.0
2023-08-27,EGX:VLMR,0.903413,0.904365,0.898653,0.904365,43030.0
2023-08-28,EGX:VLMR,0.900557,0.904365,0.899605,0.901509,5661.0
2023-08-29,EGX:VLMR,0.900557,0.904365,0.900557,0.904365,47924.0
2023-08-30,EGX:VLMR,0.904365,0.907221,0.902461,0.904365,63792.0
2023-08-31,EGX:VLMR,0.903413,0.911981,0.903413,0.910077,44011.0
2023-09-03,EGX:VLMR,0.910077,0.918644,0.904365,0.904365,147849.0
2023-09-04,EGX:VLMR,0.904365,0.904365,0.899605,0.904365,89030.0
2023-09-05,EGX:VLMR,0.904365,0.904365,0.900557,0.904365,141915.0
2023-09-06,EGX:VLMR,0.904365,0.904365,0.890085,0.892941,152385.0
2023-09-07,EGX:VLMR,0.892941,0.892941,0.875806,0.875806,240100.0
2023-09-10,EGX:VLMR,0.875806,0.885326,0.874854,0.875806,72946.0
2023-09-11,EGX:VLMR,0.875806,0.888181,0.874854,0.875806,141514.0
2023-09-12,EGX:VLMR,0.875806,0.885326,0.875806,0.884374,85012.0
2023-09-13,EGX:VLMR,0.875806,0.894845,0.875806,0.894845,68546.0
2023-09-14,EGX:VLMR,0.894845,0.900557,0.880566,0.88247,475429.0
2023-09-17,EGX:VLMR,0.880566,0.894845,0.880566,0.885326,71348.0
2023-09-18,EGX:VLMR,0.885326,0.894845,0.885326,0.892941,49508.0
2023-09-19,EGX:VLMR,0.894845,0.896749,0.881518,0.88247,92598.0
2023-09-20,EGX:VLMR,0.88247,0.885326,0.86819,0.86819,243493.0
2023-09-21,EGX:VLMR,0.871046,0.878662,0.866286,0.878662,178619.0
2023-09-24,EGX:VLMR,0.870094,0.900557,0.870094,0.893893,209082.0
2023-09-25,EGX:VLMR,0.893893,0.893893,0.885326,0.888181,187362.0
2023-09-26,EGX:VLMR,0.888181,0.894845,0.885326,0.885326,80782.0
2023-09-27,EGX:VLMR,0.885326,0.893893,0.884374,0.884374,89013.0
2023-10-01,EGX:VLMR,0.884374,0.885326,0.86343,0.86343,253160.0
2023-10-02,EGX:VLMR,0.864382,0.880566,0.861527,0.862478,175891.0
2023-10-03,EGX:VLMR,0.862478,0.871046,0.862478,0.866286,72916.0
2023-10-04,EGX:VLMR,0.866286,0.866286,0.86343,0.864382,77041.0
2023-10-08,EGX:VLMR,0.865334,0.866286,0.843439,0.852959,235749.0
2023-10-09,EGX:VLMR,0.856767,0.861527,0.854863,0.855815,48235.0
2023-10-10,EGX:VLMR,0.856767,0.873902,0.856767,0.858671,21031.0
2023-10-11,EGX:VLMR,0.857719,0.866286,0.857719,0.861527,87646.0
2023-10-12,EGX:VLMR,0.861527,0.866286,0.858671,0.860575,82731.0
2023-10-15,EGX:VLMR,0.860575,0.869142,0.856767,0.857719,133773.0
2023-10-16,EGX:VLMR,0.857719,0.870094,0.857719,0.86343,290123.0
2023-10-17,EGX:VLMR,0.86343,0.866286,0.861527,0.866286,58513.0
2023-10-18,EGX:VLMR,0.866286,0.880566,0.862478,0.879614,468690.0
2023-10-19,EGX:VLMR,0.879614,0.888181,0.879614,0.888181,285244.0
2023-10-22,EGX:VLMR,0.888181,0.893893,0.883422,0.890085,69775.0
2023-10-23,EGX:VLMR,0.890085,0.896749,0.886278,0.894845,224830.0
2023-10-24,EGX:VLMR,0.894845,0.894845,0.888181,0.889133,188613.0
2023-10-25,EGX:VLMR,0.889133,0.893893,0.883422,0.885326,222830.0
2023-10-26,EGX:VLMR,0.88723,0.894845,0.885326,0.894845,201683.0
2023-10-29,EGX:VLMR,0.894845,0.894845,0.88723,0.889133,105554.0
2023-10-30,EGX:VLMR,0.889133,0.894845,0.889133,0.892941,74547.0
2023-10-31,EGX:VLMR,0.893893,0.894845,0.88247,0.885326,161841.0
2023-11-01,EGX:VLMR,0.884374,0.885326,0.866286,0.866286,435704.0
2023-11-02,EGX:VLMR,0.866286,0.869142,0.86343,0.864382,125717.0
2023-11-05,EGX:VLMR,0.864382,0.866286,0.852007,0.852959,241496.0
2023-11-06,EGX:VLMR,0.852959,0.870094,0.852007,0.852959,111776.0
2023-11-07,EGX:VLMR,0.852959,0.856767,0.846295,0.847247,146154.0
2023-11-08,EGX:VLMR,0.847247,0.866286,0.828208,0.828208,269408.0
2023-11-09,EGX:VLMR,0.828208,0.847247,0.81964,0.821544,125814.0
2023-11-12,EGX:VLMR,0.821544,0.847247,0.821544,0.828208,106281.0
2023-11-13,EGX:VLMR,0.828208,0.836775,0.823448,0.823448,62510.0
2023-11-14,EGX:VLMR,0.825352,0.828208,0.820592,0.820592,97403.0
2023-11-15,EGX:VLMR,0.8244,0.828208,0.796793,0.806313,227457.0
2023-11-16,EGX:VLMR,0.804409,0.809169,0.76157,0.773946,397498.0
2023-11-19,EGX:VLMR,0.773946,0.784418,0.770138,0.776802,129627.0
2023-11-20,EGX:VLMR,0.776802,0.808217,0.776802,0.797745,65255.0
2023-11-21,EGX:VLMR,0.797745,0.798697,0.778706,0.790129,108875.0
2023-11-22,EGX:VLMR,0.787273,0.790129,0.760618,0.764426,269028.0
2023-11-23,EGX:VLMR,0.765378,0.78061,0.765378,0.77585,45461.0
2023-11-26,EGX:VLMR,0.77585,0.778706,0.767282,0.772042,91070.0
2023-11-27,EGX:VLMR,0.772042,0.772994,0.760618,0.76157,253394.0
2023-11-28,EGX:VLMR,0.76157,0.77109,0.744435,0.747291,187915.0
2023-11-29,EGX:VLMR,0.751099,0.754907,0.7273,0.7273,203490.0
2023-11-30,EGX:VLMR,0.731108,0.738723,0.7273,0.733012,244581.0
2023-12-03,EGX:VLMR,0.733012,0.764426,0.729204,0.762522,246903.0
2023-12-04,EGX:VLMR,0.762522,0.765378,0.747291,0.759666,224526.0
2023-12-05,EGX:VLMR,0.759666,0.764426,0.739675,0.741579,324181.0
2023-12-06,EGX:VLMR,0.740627,0.745387,0.728252,0.728252,449508.0
2023-12-07,EGX:VLMR,0.728252,0.748243,0.728252,0.739675,105868.0
2023-12-10,EGX:VLMR,0.747291,0.756811,0.740627,0.740627,55719.0
2023-12-11,EGX:VLMR,0.743483,0.752051,0.737771,0.742531,236072.0
2023-12-12,EGX:VLMR,0.743483,0.750147,0.742531,0.750147,63188.0
2023-12-13,EGX:VLMR,0.746339,0.760618,0.746339,0.756811,151489.0
2023-12-14,EGX:VLMR,0.756811,0.763474,0.754907,0.763474,81885.0
2023-12-17,EGX:VLMR,0.763474,0.778706,0.76157,0.776802,287705.0
2023-12-18,EGX:VLMR,0.776802,0.789177,0.770138,0.77109,519551.0
2023-12-19,EGX:VLMR,0.77109,0.781562,0.768234,0.769186,367645.0
2023-12-20,EGX:VLMR,0.769186,0.774898,0.76157,0.76157,266696.0
2023-12-21,EGX:VLMR,0.76157,0.767282,0.76157,0.763474,219751.0
2023-12-24,EGX:VLMR,0.763474,0.777754,0.763474,0.767282,61354.0
2023-12-25,EGX:VLMR,0.767282,0.77585,0.767282,0.77109,180418.0
2023-12-26,EGX:VLMR,0.769186,0.772042,0.76157,0.768234,517275.0
2023-12-27,EGX:VLMR,0.768234,0.77109,0.765378,0.769186,92040.0
2023-12-28,EGX:VLMR,0.769186,0.769186,0.750147,0.752051,478660.0
2023-12-31,EGX:VLMR,0.752051,0.758715,0.737771,0.748243,246681.0
2024-01-02,EGX:VLMR,0.748243,0.755859,0.748243,0.752051,48206.0
2024-01-03,EGX:VLMR,0.752051,0.753955,0.748243,0.750147,85525.0
2024-01-04,EGX:VLMR,0.750147,0.753955,0.747291,0.747291,225017.0
2024-01-08,EGX:VLMR,0.749195,0.752051,0.743483,0.752051,339185.0
2024-01-09,EGX:VLMR,0.752051,0.77585,0.752051,0.774898,199267.0
2024-01-10,EGX:VLMR,0.774898,0.802505,0.774898,0.799649,319992.0
2024-01-11,EGX:VLMR,0.799649,0.815832,0.799649,0.810121,343410.0
2024-01-14,EGX:VLMR,0.810121,0.825352,0.805361,0.815832,163431.0
2024-01-15,EGX:VLMR,0.815832,0.823448,0.813928,0.818688,91511.0
2024-01-16,EGX:VLMR,0.818688,0.818688,0.801553,0.809169,222715.0
2024-01-17,EGX:VLMR,0.809169,0.816784,0.797745,0.799649,263214.0
2024-01-18,EGX:VLMR,0.799649,0.809169,0.797745,0.799649,216096.0
2024-01-21,EGX:VLMR,0.799649,0.813928,0.799649,0.813928,142757.0
2024-01-22,EGX:VLMR,0.811072,0.812976,0.801553,0.802505,134037.0
2024-01-23,EGX:VLMR,0.805361,0.805361,0.777754,0.784418,412563.0
2024-01-24,EGX:VLMR,0.778706,0.781562,0.776802,0.78061,130655.0
2024-01-28,EGX:VLMR,0.78061,0.793937,0.778706,0.793937,33975.0
2024-01-29,EGX:VLMR,0.792033,0.798697,0.779658,0.78061,230215.0
2024-01-30,EGX:VLMR,0.78061,0.78061,0.768234,0.770138,140126.0
2024-01-31,EGX:VLMR,0.770138,0.78061,0.751099,0.752051,262902.0
2024-02-01,EGX:VLMR,0.752051,0.770138,0.748243,0.760618,453151.0
2024-02-04,EGX:VLMR,0.760618,0.760618,0.752051,0.753955,183223.0
2024-02-05,EGX:VLMR,0.753003,0.76633,0.753003,0.758715,161426.0
2024-02-06,EGX:VLMR,0.760618,0.77109,0.747291,0.752051,351012.0
2024-02-07,EGX:VLMR,0.752051,0.76157,0.742531,0.742531,206777.0
2024-02-08,EGX:VLMR,0.742531,0.757763,0.742531,0.752051,86931.0
2024-02-11,EGX:VLMR,0.752051,0.759666,0.742531,0.751099,35554.0
2024-02-12,EGX:VLMR,0.748243,0.758715,0.741579,0.742531,155688.0
2024-02-13,EGX:VLMR,0.742531,0.748243,0.737771,0.742531,111290.0
2024-02-14,EGX:VLMR,0.742531,0.742531,0.737771,0.742531,87705.0
2024-02-15,EGX:VLMR,0.738723,0.752051,0.738723,0.749195,277335.0
2024-02-18,EGX:VLMR,0.749195,0.758715,0.749195,0.755859,106882.0
2024-02-19,EGX:VLMR,0.755859,0.77585,0.755859,0.76157,342584.0
2024-02-20,EGX:VLMR,0.76157,0.772994,0.753955,0.760618,187661.0
2024-02-21,EGX:VLMR,0.76157,0.76157,0.752051,0.752051,215663.0
2024-02-22,EGX:VLMR,0.752051,0.756811,0.746339,0.750147,246243.0
2024-02-25,EGX:VLMR,0.747291,0.847247,0.747291,0.847247,1437647.0
2024-02-26,EGX:VLMR,0.847247,0.905317,0.837727,0.883422,1772395.0
2024-02-27,EGX:VLMR,0.883422,0.894845,0.861527,0.862478,686747.0
2024-02-28,EGX:VLMR,0.862478,0.875806,0.858671,0.87295,847914.0
2024-02-29,EGX:VLMR,0.87295,0.875806,0.866286,0.871046,359393.0
2024-03-03,EGX:VLMR,0.871046,0.88247,0.869142,0.869142,402664.0
2024-03-04,EGX:VLMR,0.869142,0.871046,0.853911,0.854863,1183179.0
2024-03-05,EGX:VLMR,0.854863,0.856767,0.837727,0.847247,568462.0
2024-03-06,EGX:VLMR,0.847247,0.88247,0.837727,0.847247,1368307.0
2024-03-07,EGX:VLMR,0.847247,0.860575,0.837727,0.856767,711588.0
2024-03-10,EGX:VLMR,0.856767,0.904365,0.847247,0.891037,700529.0
2024-03-11,EGX:VLMR,0.891037,0.894845,0.875806,0.880566,273307.0
2024-03-12,EGX:VLMR,0.880566,0.888181,0.873902,0.876758,1446775.0
2024-03-13,EGX:VLMR,0.876758,0.881518,0.864382,0.865334,612552.0
2024-03-14,EGX:VLMR,0.865334,0.870094,0.856767,0.856767,1324275.0
2024-03-17,EGX:VLMR,0.856767,0.866286,0.850103,0.858671,213857.0
2024-03-18,EGX:VLMR,0.858671,0.858671,0.842487,0.842487,440550.0
2024-03-19,EGX:VLMR,0.842487,0.847247,0.81964,0.823448,446413.0
2024-03-20,EGX:VLMR,0.823448,0.837727,0.822496,0.82916,317752.0
2024-03-21,EGX:VLMR,0.82916,0.837727,0.823448,0.832968,385329.0
2024-03-24,EGX:VLMR,0.832968,0.850103,0.81964,0.838679,214427.0
2024-03-25,EGX:VLMR,0.838679,0.838679,0.828208,0.832016,141305.0
2024-03-26,EGX:VLMR,0.83392,0.851055,0.83392,0.837727,156112.0
2024-03-27,EGX:VLMR,0.837727,0.851055,0.828208,0.828208,268926.0
2024-03-28,EGX:VLMR,0.828208,0.839631,0.828208,0.839631,247783.0
2024-03-31,EGX:VLMR,0.837727,0.846295,0.837727,0.845343,148344.0
2024-04-01,EGX:VLMR,0.845343,0.86343,0.845343,0.855815,164971.0
2024-04-02,EGX:VLMR,0.855815,0.856767,0.850103,0.855815,122219.0
2024-04-03,EGX:VLMR,0.854863,0.856767,0.852007,0.856767,133714.0
2024-04-04,EGX:VLMR,0.856767,0.856767,0.854863,0.854863,97242.0
2024-04-07,EGX:VLMR,0.855815,0.856767,0.855815,0.856767,85919.0
2024-04-08,EGX:VLMR,0.856767,0.856767,0.853911,0.856767,98658.0
2024-04-15,EGX:VLMR,0.856767,0.856767,0.851055,0.852959,357450.0
2024-04-16,EGX:VLMR,0.853911,0.856767,0.852007,0.855815,517047.0
2024-04-17,EGX:VLMR,0.855815,0.857719,0.828208,0.83392,891142.0
2024-04-18,EGX:VLMR,0.831064,0.843439,0.821544,0.837727,1184068.0
2024-04-22,EGX:VLMR,0.845343,0.847247,0.834872,0.847247,294965.0
2024-04-23,EGX:VLMR,0.847247,0.848199,0.837727,0.840583,706348.0
2024-04-24,EGX:VLMR,0.840583,0.840583,0.823448,0.828208,662429.0
2024-04-28,EGX:VLMR,0.828208,0.828208,0.767282,0.77109,237740.0
2024-04-29,EGX:VLMR,0.77109,0.777754,0.762522,0.773946,132396.0
2024-04-30,EGX:VLMR,0.773946,0.778706,0.767282,0.77109,200996.0
2024-05-01,EGX:VLMR,0.77109,0.77585,0.76633,0.774898,98201.0
2024-05-02,EGX:VLMR,0.772994,0.779658,0.772042,0.779658,140016.0
2024-05-07,EGX:VLMR,0.779658,0.784418,0.77585,0.783466,142147.0
2024-05-08,EGX:VLMR,0.783466,0.785369,0.779658,0.779658,468241.0
2024-05-09,EGX:VLMR,0.78061,0.784418,0.777754,0.78061,287985.0
2024-05-12,EGX:VLMR,0.78061,0.78061,0.774898,0.77585,86591.0
2024-05-13,EGX:VLMR,0.77585,0.776802,0.763474,0.76633,479398.0
2024-05-14,EGX:VLMR,0.76633,0.772042,0.752051,0.76157,1113202.0
2024-05-15,EGX:VLMR,0.76157,0.769186,0.699693,0.737771,619519.0
2024-05-16,EGX:VLMR,0.737771,0.752051,0.715876,0.733012,356585.0
2024-05-19,EGX:VLMR,0.720636,0.750147,0.720636,0.744435,55141.0
2024-05-20,EGX:VLMR,0.745387,0.76157,0.742531,0.756811,434698.0
2024-05-21,EGX:VLMR,0.756811,0.760618,0.733012,0.742531,1337487.0
2024-05-22,EGX:VLMR,0.742531,0.751099,0.737771,0.743483,236670.0
2024-05-23,EGX:VLMR,0.742531,0.746339,0.739675,0.742531,200660.0
2024-05-26,EGX:VLMR,0.742531,0.751099,0.742531,0.747291,58143.0
2024-05-27,EGX:VLMR,0.749195,0.750147,0.744435,0.746339,47091.0
2024-05-28,EGX:VLMR,0.746339,0.746339,0.737771,0.741579,238558.0
2024-05-29,EGX:VLMR,0.742531,0.742531,0.737771,0.740627,99159.0
2024-05-30,EGX:VLMR,0.740627,0.740627,0.730156,0.730156,275919.0
2024-06-02,EGX:VLMR,0.730156,0.739675,0.725396,0.725396,84492.0
2024-06-03,EGX:VLMR,0.725396,0.73206,0.725396,0.7273,49469.0
2024-06-04,EGX:VLMR,0.7273,0.734915,0.7273,0.728252,12325.0
2024-06-05,EGX:VLMR,0.731108,0.734915,0.729204,0.73206,383517.0
2024-06-06,EGX:VLMR,0.733012,0.752051,0.733012,0.752051,662078.0
2024-06-09,EGX:VLMR,0.752051,0.758715,0.745387,0.747291,30594.0
2024-06-10,EGX:VLMR,0.747291,0.747291,0.737771,0.742531,80942.0
2024-06-11,EGX:VLMR,0.742531,0.747291,0.742531,0.744435,70122.0
2024-06-12,EGX:VLMR,0.744435,0.745387,0.743483,0.744435,12506.0
2024-06-13,EGX:VLMR,0.744435,0.744435,0.740627,0.742531,155987.0
2024-06-23,EGX:VLMR,0.742531,0.742531,0.73206,0.733012,536401.0
2024-06-24,EGX:VLMR,0.733012,0.733963,0.720636,0.721588,438173.0
2024-06-25,EGX:VLMR,0.72254,0.723492,0.697789,0.701597,732287.0
2024-06-26,EGX:VLMR,0.701597,0.709212,0.700645,0.704453,44898.0
2024-06-27,EGX:VLMR,0.704453,0.713972,0.702549,0.704453,89479.0
2024-07-01,EGX:VLMR,0.704453,0.713972,0.704453,0.706357,35499.0
2024-07-02,EGX:VLMR,0.707309,0.707309,0.697789,0.701597,196293.0
2024-07-03,EGX:VLMR,0.698741,0.704453,0.698741,0.704453,56986.0
2024-07-04,EGX:VLMR,0.702549,0.702549,0.693981,0.694933,328151.0
2024-07-07,EGX:VLMR,0.694933,0.698741,0.682557,0.686365,258145.0
2024-07-08,EGX:VLMR,0.686365,0.691125,0.677798,0.680654,96332.0
2024-07-09,EGX:VLMR,0.680654,0.685413,0.679702,0.679702,253513.0
2024-07-10,EGX:VLMR,0.679702,0.687317,0.679702,0.685413,634041.0
2024-07-14,EGX:VLMR,0.685413,0.696837,0.685413,0.696837,310466.0
2024-07-15,EGX:VLMR,0.694933,0.696837,0.688269,0.693029,349794.0
2024-07-16,EGX:VLMR,0.693029,0.704453,0.693029,0.703501,536424.0
2024-07-17,EGX:VLMR,0.703501,0.742531,0.703501,0.7273,2177905.0
2024-07-18,EGX:VLMR,0.723492,0.756811,0.723492,0.752051,1145030.0
2024-07-21,EGX:VLMR,0.752051,0.764426,0.747291,0.764426,702504.0
2024-07-22,EGX:VLMR,0.764426,0.77109,0.752051,0.752051,1670944.0
2024-07-23,EGX:VLMR,0.752051,0.755859,0.741579,0.742531,1192795.0
2024-07-24,EGX:VLMR,0.742531,0.748243,0.742531,0.745387,163446.0
2024-07-28,EGX:VLMR,0.745387,0.750147,0.741579,0.741579,334513.0
2024-07-29,EGX:VLMR,0.741579,0.742531,0.73206,0.735867,1045212.0
2024-07-30,EGX:VLMR,0.735867,0.737771,0.733963,0.736819,337202.0
2024-07-31,EGX:VLMR,0.736819,0.738723,0.723492,0.730156,591198.0
2024-08-01,EGX:VLMR,0.730156,0.733012,0.721588,0.72254,608787.0
2024-08-04,EGX:VLMR,0.72254,0.72254,0.709212,0.713972,442243.0
2024-08-05,EGX:VLMR,0.710164,0.711116,0.685413,0.694933,513334.0
2024-08-06,EGX:VLMR,0.694933,0.715876,0.694933,0.700645,248306.0
2024-08-07,EGX:VLMR,0.700645,0.710164,0.699693,0.706357,128999.0
2024-08-08,EGX:VLMR,0.707309,0.710164,0.704453,0.705405,105849.0
2024-08-11,EGX:VLMR,0.705405,0.713972,0.704453,0.70826,221096.0
2024-08-12,EGX:VLMR,0.70826,0.713972,0.702549,0.702549,553454.0
2024-08-13,EGX:VLMR,0.702549,0.705405,0.698741,0.698741,399392.0
2024-08-14,EGX:VLMR,0.698741,0.701597,0.696837,0.699693,167361.0
2024-08-15,EGX:VLMR,0.699693,0.699693,0.693981,0.694933,453013.0
2024-08-18,EGX:VLMR,0.694933,0.701597,0.693029,0.693029,253418.0
2024-08-19,EGX:VLMR,0.693029,0.696837,0.688269,0.689221,863611.0
2024-08-20,EGX:VLMR,0.689221,0.692077,0.687317,0.689221,537344.0
2024-08-21,EGX:VLMR,0.689221,0.690173,0.686365,0.687317,318741.0
2024-08-22,EGX:VLMR,0.687317,0.694933,0.685413,0.685413,636036.0
2024-08-25,EGX:VLMR,0.685413,0.687317,0.680654,0.680654,260919.0
2024-08-26,EGX:VLMR,0.680654,0.685413,0.67399,0.675894,611800.0
2024-08-27,EGX:VLMR,0.675894,0.681606,0.675894,0.67875,160610.0
2024-08-28,EGX:VLMR,0.67875,0.683509,0.675894,0.677798,243786.0
2024-08-29,EGX:VLMR,0.677798,0.685413,0.677798,0.684461,542223.0
2024-09-01,EGX:VLMR,0.684461,0.687317,0.684461,0.685413,251132.0
2024-09-02,EGX:VLMR,0.685413,0.690173,0.684461,0.686365,320795.0
2024-09-03,EGX:VLMR,0.686365,0.690173,0.685413,0.686365,240951.0
2024-09-04,EGX:VLMR,0.686365,0.687317,0.680654,0.680654,439671.0
2024-09-05,EGX:VLMR,0.680654,0.684461,0.67875,0.683509,169467.0
2024-09-08,EGX:VLMR,0.683509,0.687317,0.681606,0.685413,82087.0
2024-09-09,EGX:VLMR,0.685413,0.739675,0.685413,0.739675,3989189.0
2024-09-10,EGX:VLMR,0.739675,0.77109,0.739675,0.76157,3367066.0
2024-09-11,EGX:VLMR,0.76157,0.82916,0.753003,0.828208,4816788.0
2024-09-12,EGX:VLMR,0.828208,0.852959,0.809169,0.839631,1559618.0
2024-09-16,EGX:VLMR,0.839631,0.839631,0.810121,0.812976,1573993.0
2024-09-17,EGX:VLMR,0.812976,0.812976,0.784418,0.785369,1531662.0
2024-09-18,EGX:VLMR,0.785369,0.799649,0.779658,0.786321,2207333.0
2024-09-19,EGX:VLMR,0.786321,0.812976,0.786321,0.799649,1822307.0
2024-09-22,EGX:VLMR,0.799649,0.818688,0.799649,0.811072,657862.0
2024-09-23,EGX:VLMR,0.810121,0.815832,0.805361,0.808217,281898.0
2024-09-24,EGX:VLMR,0.808217,0.809169,0.799649,0.804409,419437.0
2024-09-25,EGX:VLMR,0.804409,0.809169,0.803457,0.807265,230342.0
2024-09-26,EGX:VLMR,0.807265,0.809169,0.803457,0.804409,243802.0
2024-09-29,EGX:VLMR,0.804409,0.823448,0.802505,0.816784,746792.0
2024-09-30,EGX:VLMR,0.816784,0.818688,0.809169,0.809169,448623.0
2024-10-01,EGX:VLMR,0.809169,0.81964,0.809169,0.817736,254426.0
2024-10-02,EGX:VLMR,0.817736,0.817736,0.798697,0.806313,476423.0
2024-10-03,EGX:VLMR,0.806313,0.809169,0.799649,0.801553,286370.0
2024-10-07,EGX:VLMR,0.801553,0.801553,0.791081,0.791081,270311.0
2024-10-08,EGX:VLMR,0.791081,0.794889,0.784418,0.785369,388442.0
2024-10-09,EGX:VLMR,0.785369,0.800601,0.785369,0.799649,250528.0
2024-10-10,EGX:VLMR,0.799649,0.807265,0.792985,0.792985,320187.0
2024-10-13,EGX:VLMR,0.792985,0.799649,0.790129,0.790129,125751.0
2024-10-14,EGX:VLMR,0.790129,0.794889,0.787273,0.790129,165534.0
2024-10-15,EGX:VLMR,0.790129,0.794889,0.778706,0.781562,403143.0
2024-10-16,EGX:VLMR,0.781562,0.788225,0.78061,0.785369,389210.0
2024-10-17,EGX:VLMR,0.785369,0.801553,0.785369,0.797745,332874.0
2024-10-20,EGX:VLMR,0.797745,0.800601,0.785369,0.786321,182204.0
2024-10-21,EGX:VLMR,0.786321,0.795841,0.78061,0.791081,373962.0
2024-10-22,EGX:VLMR,0.791081,0.794889,0.786321,0.787273,62931.0
2024-10-23,EGX:VLMR,0.788225,0.790129,0.786321,0.788225,55177.0
2024-10-24,EGX:VLMR,0.788225,0.789177,0.785369,0.789177,76307.0
2024-10-27,EGX:VLMR,0.789177,0.793937,0.787273,0.787273,213991.0
2024-10-28,EGX:VLMR,0.787273,0.790129,0.78061,0.78061,581384.0
2024-10-29,EGX:VLMR,0.78061,0.785369,0.78061,0.78061,35699.0
2024-10-30,EGX:VLMR,0.781562,0.781562,0.768234,0.769186,422601.0
2024-10-31,EGX:VLMR,0.769186,0.772994,0.76157,0.76157,596467.0
2024-11-03,EGX:VLMR,0.76157,0.76633,0.760618,0.76157,258465.0
2024-11-04,EGX:VLMR,0.76157,0.76157,0.752051,0.752051,443586.0
2024-11-05,EGX:VLMR,0.752051,0.758715,0.751099,0.752051,45115.0
2024-11-06,EGX:VLMR,0.753003,0.760618,0.749195,0.749195,281238.0
2024-11-07,EGX:VLMR,0.750147,0.755859,0.749195,0.749195,100722.0
2024-11-10,EGX:VLMR,0.750147,0.755859,0.750147,0.752051,123444.0
2024-11-11,EGX:VLMR,0.752051,0.757763,0.750147,0.752051,804436.0
2024-11-12,EGX:VLMR,0.752051,0.763474,0.752051,0.758715,469333.0
2024-11-13,EGX:VLMR,0.760618,0.76157,0.755859,0.756811,152270.0
2024-11-14,EGX:VLMR,0.756811,0.76157,0.756811,0.76157,90342.0
2024-11-17,EGX:VLMR,0.76157,0.76157,0.755859,0.756811,91604.0
2024-11-18,EGX:VLMR,0.759666,0.759666,0.753003,0.757763,164951.0
2024-11-19,EGX:VLMR,0.757763,0.757763,0.751099,0.757763,431589.0
2024-11-20,EGX:VLMR,0.756811,0.756811,0.748243,0.750147,150936.0
2024-11-21,EGX:VLMR,0.750147,0.756811,0.750147,0.751099,114213.0
2024-11-24,EGX:VLMR,0.751099,0.753955,0.747291,0.747291,133502.0
2024-11-25,EGX:VLMR,0.747291,0.747291,0.739675,0.742531,259685.0
2024-11-26,EGX:VLMR,0.742531,0.742531,0.731108,0.733012,299949.0
2024-11-27,EGX:VLMR,0.733012,0.734915,0.723492,0.728252,321841.0
2024-11-28,EGX:VLMR,0.723492,0.733012,0.723492,0.733012,187408.0
2024-12-01,EGX:VLMR,0.733012,0.750147,0.733012,0.738723,75536.0
2024-12-02,EGX:VLMR,0.738723,0.741579,0.736819,0.737771,185698.0
2024-12-03,EGX:VLMR,0.737771,0.737771,0.72254,0.730156,300027.0
2024-12-04,EGX:VLMR,0.730156,0.731108,0.726348,0.728252,57350.0
2024-12-05,EGX:VLMR,0.728252,0.733012,0.723492,0.729204,132679.0
2024-12-08,EGX:VLMR,0.729204,0.733012,0.728252,0.728252,128218.0
2024-12-09,EGX:VLMR,0.728252,0.769186,0.728252,0.758715,782002.0
2024-12-10,EGX:VLMR,0.758715,0.767282,0.757763,0.76157,479672.0
2024-12-11,EGX:VLMR,0.76157,0.764426,0.759666,0.76157,179497.0
2024-12-12,EGX:VLMR,0.76157,0.76157,0.742531,0.755859,316204.0
2024-12-15,EGX:VLMR,0.756811,0.756811,0.748243,0.750147,35525.0
2024-12-16,EGX:VLMR,0.750147,0.752051,0.749195,0.750147,40851.0
2024-12-17,EGX:VLMR,0.750147,0.753955,0.748243,0.751099,64427.0
2024-12-18,EGX:VLMR,0.750147,0.752051,0.747291,0.749195,113303.0
2024-12-19,EGX:VLMR,0.749195,0.752051,0.740627,0.752051,451285.0
2024-12-22,EGX:VLMR,0.752051,0.752051,0.748243,0.749195,30525.0
2024-12-23,EGX:VLMR,0.749195,0.749195,0.741579,0.742531,372620.0
2024-12-24,EGX:VLMR,0.742531,0.748243,0.741579,0.748243,128749.0
2024-12-25,EGX:VLMR,0.748243,0.750147,0.746339,0.750147,127531.0
2024-12-26,EGX:VLMR,0.750147,0.755859,0.750147,0.752051,683839.0
2024-12-29,EGX:VLMR,0.752051,0.755859,0.752051,0.754907,60631.0
2024-12-30,EGX:VLMR,0.755859,0.758715,0.753003,0.755859,81995.0
2024-12-31,EGX:VLMR,0.755859,0.768234,0.753955,0.764426,332825.0
2025-01-02,EGX:VLMR,0.764426,0.794889,0.764426,0.785369,597264.0
2025-01-05,EGX:VLMR,0.785369,0.787273,0.781562,0.782514,228551.0
2025-01-06,EGX:VLMR,0.782514,0.782514,0.776802,0.778706,154104.0
2025-01-08,EGX:VLMR,0.778706,0.778706,0.769186,0.770138,345196.0
2025-01-09,EGX:VLMR,0.770138,0.77109,0.769186,0.770138,69083.0
2025-01-12,EGX:VLMR,0.770138,0.770138,0.760618,0.760618,248611.0
2025-01-13,EGX:VLMR,0.760618,0.762522,0.760618,0.760618,201923.0
2025-01-14,EGX:VLMR,0.760618,0.760618,0.752051,0.755859,256971.0
2025-01-15,EGX:VLMR,0.755859,0.760618,0.755859,0.756811,125475.0
2025-01-16,EGX:VLMR,0.756811,0.77109,0.756811,0.770138,167864.0
2025-01-19,EGX:VLMR,0.770138,0.770138,0.762522,0.762522,137459.0
2025-01-20,EGX:VLMR,0.762522,0.77109,0.76157,0.764426,209600.0
2025-01-21,EGX:VLMR,0.764426,0.76633,0.762522,0.764426,85998.0
2025-01-22,EGX:VLMR,0.764426,0.77109,0.764426,0.767282,113383.0
2025-01-23,EGX:VLMR,0.769186,0.769186,0.765378,0.76633,282499.0
2025-01-26,EGX:VLMR,0.76633,0.77109,0.76633,0.769186,129065.0
2025-01-27,EGX:VLMR,0.768234,0.769186,0.758715,0.760618,287508.0
2025-01-28,EGX:VLMR,0.760618,0.76157,0.756811,0.756811,145458.0
2025-01-29,EGX:VLMR,0.756811,0.76157,0.756811,0.756811,248841.0
2025-01-30,EGX:VLMR,0.756811,0.758715,0.753955,0.755859,78026.0
2025-02-02,EGX:VLMR,0.756811,0.759666,0.753003,0.753003,134775.0
2025-02-03,EGX:VLMR,0.753003,0.753955,0.742531,0.745387,711279.0
2025-02-04,EGX:VLMR,0.745387,0.748243,0.745387,0.746339,121123.0
2025-02-05,EGX:VLMR,0.746339,0.748243,0.742531,0.742531,217052.0
2025-02-06,EGX:VLMR,0.742531,0.752051,0.742531,0.752051,114583.0
2025-02-09,EGX:VLMR,0.752051,0.752051,0.749195,0.752051,90923.0
2025-02-10,EGX:VLMR,0.752051,0.753003,0.750147,0.751099,118228.0
2025-02-11,EGX:VLMR,0.751099,0.751099,0.747291,0.747291,105145.0
2025-02-12,EGX:VLMR,0.747291,0.750147,0.742531,0.744435,245340.0
2025-02-13,EGX:VLMR,0.742531,0.747291,0.742531,0.743483,84686.0
2025-02-16,EGX:VLMR,0.743483,0.749195,0.743483,0.749195,82421.0
2025-02-17,EGX:VLMR,0.749195,0.750147,0.747291,0.747291,60175.0
2025-02-18,EGX:VLMR,0.748243,0.759666,0.746339,0.759666,387288.0
2025-02-19,EGX:VLMR,0.759666,0.759666,0.750147,0.751099,196107.0
2025-02-20,EGX:VLMR,0.751099,0.756811,0.751099,0.753003,13196.0
2025-02-23,EGX:VLMR,0.753955,0.754907,0.749195,0.750147,117711.0
2025-02-24,EGX:VLMR,0.750147,0.756811,0.750147,0.753003,91517.0
2025-02-25,EGX:VLMR,0.753003,0.754907,0.752051,0.753955,15747.0
2025-02-26,EGX:VLMR,0.753955,0.755859,0.753955,0.754907,35380.0
2025-02-27,EGX:VLMR,0.754907,0.755859,0.753003,0.753003,45687.0
2025-03-02,EGX:VLMR,0.753955,0.755859,0.750147,0.752051,84606.0
2025-03-03,EGX:VLMR,0.752051,0.752051,0.735867,0.735867,600479.0
2025-03-04,EGX:VLMR,0.735867,0.739675,0.735867,0.737771,27788.0
2025-03-05,EGX:VLMR,0.737771,0.738723,0.730156,0.730156,181938.0
2025-03-06,EGX:VLMR,0.730156,0.731108,0.72254,0.723492,160212.0
2025-03-09,EGX:VLMR,0.723492,0.723492,0.718732,0.719684,43649.0
2025-03-10,EGX:VLMR,0.719684,0.721588,0.713972,0.721588,87865.0
2025-03-11,EGX:VLMR,0.718732,0.72254,0.713972,0.714924,58716.0
2025-03-12,EGX:VLMR,0.714924,0.721588,0.714924,0.715876,62111.0
2025-03-13,EGX:VLMR,0.714924,0.718732,0.709212,0.709212,202922.0
2025-03-16,EGX:VLMR,0.709212,0.713972,0.699693,0.704453,128927.0
2025-03-17,EGX:VLMR,0.700645,0.706357,0.699693,0.705405,79832.0
2025-03-18,EGX:VLMR,0.705405,0.705405,0.699693,0.701597,84625.0
2025-03-19,EGX:VLMR,0.700645,0.703501,0.67875,0.685413,437027.0
2025-03-20,EGX:VLMR,0.685413,0.697789,0.685413,0.695885,233084.0
2025-03-23,EGX:VLMR,0.695885,0.712068,0.694933,0.704453,175603.0
2025-03-24,EGX:VLMR,0.703501,0.704453,0.695885,0.699693,576480.0
2025-03-25,EGX:VLMR,0.699693,0.70826,0.699693,0.702549,231288.0
2025-03-26,EGX:VLMR,0.704453,0.704453,0.701597,0.701597,77062.0
2025-03-27,EGX:VLMR,0.701597,0.706357,0.701597,0.705405,104670.0
2025-04-03,EGX:VLMR,0.705405,0.705405,0.701597,0.705405,80422.0
2025-04-06,EGX:VLMR,0.705405,0.705405,0.675894,0.686365,379106.0
2025-04-07,EGX:VLMR,0.684461,0.690173,0.680654,0.687317,314911.0
2025-04-08,EGX:VLMR,0.687317,0.695885,0.685413,0.685413,298034.0
2025-04-09,EGX:VLMR,0.685413,0.693029,0.685413,0.690173,212227.0
2025-04-10,EGX:VLMR,0.690173,0.704453,0.689221,0.690173,229472.0
2025-04-13,EGX:VLMR,0.690173,0.694933,0.690173,0.693029,17325.0
2025-04-14,EGX:VLMR,0.693029,0.694933,0.692077,0.694933,72461.0
2025-04-15,EGX:VLMR,0.694933,0.701597,0.694933,0.694933,176220.0
2025-04-16,EGX:VLMR,0.694933,0.701597,0.694933,0.700645,239667.0
2025-04-17,EGX:VLMR,0.700645,0.701597,0.694933,0.698741,157444.0
2025-04-22,EGX:VLMR,0.698741,0.700645,0.696837,0.697789,231845.0
2025-04-23,EGX:VLMR,0.697789,0.702549,0.697789,0.700645,235043.0
2025-04-27,EGX:VLMR,0.700645,0.700645,0.661614,0.661614,593679.0
2025-04-28,EGX:VLMR,0.662566,0.666374,0.662566,0.66447,215759.0
2025-04-29,EGX:VLMR,0.66447,0.671134,0.662566,0.66923,66701.0
2025-04-30,EGX:VLMR,0.66923,0.673038,0.663518,0.663518,293561.0
2025-05-04,EGX:VLMR,0.663518,0.668278,0.663518,0.66447,288758.0
2025-05-05,EGX:VLMR,0.66447,0.666374,0.662566,0.66447,213179.0
2025-05-06,EGX:VLMR,0.66447,0.666374,0.663518,0.663518,282080.0
2025-05-07,EGX:VLMR,0.663518,0.665422,0.662566,0.66447,234643.0
2025-05-08,EGX:VLMR,0.66447,0.666374,0.663518,0.665422,104369.0
2025-05-11,EGX:VLMR,0.665422,0.667326,0.663518,0.66447,195184.0
2025-05-12,EGX:VLMR,0.66447,0.666374,0.663518,0.666374,150594.0
2025-05-13,EGX:VLMR,0.666374,0.666374,0.663518,0.666374,67235.0
2025-05-14,EGX:VLMR,0.665422,0.666374,0.663518,0.665422,208164.0
2025-05-15,EGX:VLMR,0.663518,0.666374,0.662566,0.666374,164442.0
2025-05-18,EGX:VLMR,0.666374,0.666374,0.656854,0.65971,507105.0
2025-05-19,EGX:VLMR,0.65971,0.661614,0.657806,0.658758,252654.0
2025-05-20,EGX:VLMR,0.658758,0.662566,0.658758,0.661614,88614.0
2025-05-21,EGX:VLMR,0.661614,0.661614,0.657806,0.658758,221029.0
2025-05-22,EGX:VLMR,0.658758,0.661614,0.655903,0.655903,328797.0
2025-05-25,EGX:VLMR,0.655903,0.655903,0.650191,0.651143,116351.0
2025-05-26,EGX:VLMR,0.650191,0.652095,0.650191,0.651143,87179.0
2025-05-27,EGX:VLMR,0.651143,0.653047,0.650191,0.652095,95279.0
2025-05-28,EGX:VLMR,0.652095,0.661614,0.652095,0.657806,150140.0
2025-05-29,EGX:VLMR,0.657806,0.658758,0.652095,0.652095,158407.0
2025-06-01,EGX:VLMR,0.652095,0.656854,0.652095,0.653047,44580.0
2025-06-02,EGX:VLMR,0.653047,0.657806,0.650191,0.653999,60674.0
2025-06-03,EGX:VLMR,0.653047,0.654951,0.649239,0.649239,64539.0
2025-06-04,EGX:VLMR,0.649239,0.656854,0.649239,0.654951,120106.0
2025-06-10,EGX:VLMR,0.654951,0.656854,0.652095,0.653047,125206.0
2025-06-11,EGX:VLMR,0.653047,0.656854,0.653047,0.656854,131656.0
2025-06-12,EGX:VLMR,0.656854,0.656854,0.647335,0.649239,398998.0
2025-06-15,EGX:VLMR,0.648287,0.648287,0.621632,0.635911,318371.0
2025-06-16,EGX:VLMR,0.635911,0.635911,0.623536,0.623536,333875.0
2025-06-17,EGX:VLMR,0.623536,0.6302,0.612112,0.614016,409021.0
2025-06-18,EGX:VLMR,0.613064,0.618776,0.596881,0.617824,226763.0
2025-06-19,EGX:VLMR,0.617824,0.617824,0.600689,0.614016,76805.0
2025-06-22,EGX:VLMR,0.614016,0.627344,0.602593,0.623536,86923.0
2025-06-23,EGX:VLMR,0.62544,0.6302,0.62544,0.629248,171474.0
2025-06-24,EGX:VLMR,0.629248,0.647335,0.629248,0.646383,152874.0
2025-06-25,EGX:VLMR,0.646383,0.647335,0.643527,0.647335,71223.0
2025-06-29,EGX:VLMR,0.647335,0.650191,0.646383,0.649239,166953.0
2025-06-30,EGX:VLMR,0.647335,0.654951,0.647335,0.653999,193424.0
2025-07-01,EGX:VLMR,0.653999,0.661614,0.653999,0.658758,115440.0
2025-07-02,EGX:VLMR,0.658758,0.660662,0.653999,0.653999,173656.0
2025-07-06,EGX:VLMR,0.653999,0.654951,0.639719,0.645431,287849.0
2025-07-07,EGX:VLMR,0.644479,0.652095,0.644479,0.650191,61520.0
2025-07-09,EGX:VLMR,0.650191,0.653999,0.648287,0.649239,59068.0
2025-07-10,EGX:VLMR,0.649239,0.654951,0.649239,0.654951,96100.0
2025-07-13,EGX:VLMR,0.654951,0.657806,0.653047,0.653047,288184.0
2025-07-14,EGX:VLMR,0.653047,0.653047,0.645431,0.649239,480675.0
2025-07-16,EGX:VLMR,0.647335,0.652095,0.647335,0.650191,226919.0
2025-07-17,EGX:VLMR,0.649239,0.651143,0.648287,0.650191,49200.0
2025-07-20,EGX:VLMR,0.650191,0.651143,0.648287,0.650191,101131.0
2025-07-21,EGX:VLMR,0.650191,0.653047,0.650191,0.652095,81060.0
2025-07-22,EGX:VLMR,0.652095,0.653999,0.651143,0.653047,167281.0
2025-07-23,EGX:VLMR,0.653,0.671,0.653,0.662,535471.0
2025-07-27,EGX:VLMR,0.66,0.667,0.649,0.65,524965.0
2025-07-28,EGX:VLMR,0.65,0.656,0.65,0.654,269065.0
2025-07-29,EGX:VLMR,0.653,0.659,0.652,0.657,173353.0
2025-07-30,EGX:VLMR,0.658,0.659,0.656,0.657,426430.0
2025-07-31,EGX:VLMR,0.657,0.662,0.655,0.66,257952.0
2025-08-03,EGX:VLMR,0.66,0.662,0.658,0.66,57560.0
2025-08-04,EGX:VLMR,0.66,0.664,0.66,0.661,318526.0
2025-08-05,EGX:VLMR,0.661,0.667,0.661,0.665,137366.0
2025-08-06,EGX:VLMR,0.665,0.666,0.661,0.662,99002.0
2025-08-07,EGX:VLMR,0.661,0.666,0.661,0.666,15292.0
2025-08-10,EGX:VLMR,0.664,0.673,0.664,0.672,169904.0
2025-08-11,EGX:VLMR,0.672,0.688,0.672,0.68,342185.0
2025-08-12,EGX:VLMR,0.68,0.697,0.68,0.697,681807.0
2025-08-13,EGX:VLMR,0.697,0.705,0.694,0.704,891346.0
2025-08-14,EGX:VLMR,0.704,0.704,0.694,0.695,331592.0
2025-08-17,EGX:VLMR,0.695,0.71,0.695,0.707,333542.0
2025-08-18,EGX:VLMR,0.708,0.719,0.706,0.719,769629.0
2025-08-19,EGX:VLMR,0.719,0.719,0.715,0.715,395469.0
2025-08-20,EGX:VLMR,0.715,0.72,0.709,0.71,514570.0
2025-08-21,EGX:VLMR,0.71,0.712,0.708,0.71,473612.0
2025-08-24,EGX:VLMR,0.71,0.71,0.707,0.71,211079.0
2025-08-25,EGX:VLMR,0.71,0.71,0.706,0.71,119715.0
2025-08-26,EGX:VLMR,0.709,0.709,0.706,0.707,49742.0
2025-08-27,EGX:VLMR,0.706,0.716,0.705,0.715,463539.0
2025-08-28,EGX:VLMR,0.715,0.717,0.711,0.711,111220.0
2025-08-31,EGX:VLMR,0.711,0.714,0.707,0.71,188960.0
2025-09-01,EGX:VLMR,0.707,0.711,0.707,0.71,279037.0
2025-09-02,EGX:VLMR,0.71,0.715,0.708,0.715,371597.0
2025-09-03,EGX:VLMR,0.715,0.716,0.712,0.715,540803.0
2025-09-07,EGX:VLMR,0.715,0.719,0.711,0.716,148692.0
2025-09-08,EGX:VLMR,0.717,0.718,0.713,0.713,59151.0
2025-09-09,EGX:VLMR,0.714,0.717,0.713,0.715,14681.0
2025-09-10,EGX:VLMR,0.713,0.716,0.711,0.715,56111.0
2025-09-11,EGX:VLMR,0.715,0.716,0.715,0.715,113889.0
2025-09-14,EGX:VLMR,0.715,0.718,0.713,0.718,126354.0
2025-09-15,EGX:VLMR,0.718,0.725,0.718,0.722,145869.0
2025-09-16,EGX:VLMR,0.722,0.725,0.719,0.724,351265.0
2025-09-17,EGX:VLMR,0.724,0.728,0.724,0.726,221017.0
2025-09-18,EGX:VLMR,0.726,0.728,0.726,0.727,102139.0
2025-09-21,EGX:VLMR,0.727,0.728,0.726,0.728,126895.0
2025-09-22,EGX:VLMR,0.727,0.728,0.726,0.727,156155.0
2025-09-23,EGX:VLMR,0.728,0.728,0.726,0.727,215437.0
2025-09-24,EGX:VLMR,0.727,0.731,0.727,0.73,889564.0
2025-09-25,EGX:VLMR,0.73,0.731,0.729,0.73,120141.0
2025-09-28,EGX:VLMR,0.73,0.73,0.728,0.728,65420.0
2025-09-29,EGX:VLMR,0.728,0.729,0.724,0.726,242312.0
2025-09-30,EGX:VLMR,0.726,0.729,0.726,0.726,56413.0
2025-10-01,EGX:VLMR,0.726,0.729,0.726,0.727,178477.0
2025-10-02,EGX:VLMR,0.727,0.728,0.725,0.725,117416.0
2025-10-05,EGX:VLMR,0.725,0.726,0.723,0.723,145253.0
2025-10-06,EGX:VLMR,0.724,0.724,0.722,0.723,49133.0
2025-10-07,EGX:VLMR,0.723,0.724,0.719,0.72,208369.0
2025-10-08,EGX:VLMR,0.72,0.72,0.715,0.715,258136.0
2025-10-12,EGX:VLMR,0.715,0.719,0.712,0.712,87479.0
2025-10-13,EGX:VLMR,0.712,0.714,0.711,0.712,85491.0
2025-10-14,EGX:VLMR,0.712,0.715,0.71,0.713,56873.0
2025-10-15,EGX:VLMR,0.713,0.714,0.71,0.711,135931.0
2025-10-16,EGX:VLMR,0.711,0.713,0.71,0.71,171036.0
2025-10-19,EGX:VLMR,0.71,0.712,0.709,0.71,135212.0
2025-10-20,EGX:VLMR,0.71,0.712,0.709,0.71,125880.0
2025-10-21,EGX:VLMR,0.71,0.71,0.708,0.709,165631.0
2025-10-22,EGX:VLMR,0.709,0.71,0.708,0.71,52369.0
2025-10-23,EGX:VLMR,0.71,0.71,0.708,0.709,97192.0
2025-10-26,EGX:VLMR,0.709,0.71,0.708,0.708,157400.0
2025-10-27,EGX:VLMR,0.708,0.709,0.707,0.709,35148.0
2025-10-28,EGX:VLMR,0.709,0.709,0.707,0.709,61486.0
2025-10-29,EGX:VLMR,0.708,0.71,0.707,0.71,78392.0
2025-10-30,EGX:VLMR,0.71,0.71,0.708,0.709,186591.0
2025-11-02,EGX:VLMR,0.709,0.71,0.709,0.709,46979.0
2025-11-03,EGX:VLMR,0.709,0.71,0.709,0.709,98691.0
2025-11-04,EGX:VLMR,0.709,0.71,0.708,0.71,139373.0
2025-11-05,EGX:VLMR,0.71,0.71,0.708,0.708,48814.0
2025-11-06,EGX:VLMR,0.708,0.709,0.708,0.708,42797.0
2025-11-09,EGX:VLMR,0.708,0.708,0.706,0.707,94413.0
2025-11-10,EGX:VLMR,0.708,0.708,0.702,0.702,108908.0
2025-11-11,EGX:VLMR,0.703,0.703,0.696,0.697,306916.0
2025-11-12,EGX:VLMR,0.697,0.699,0.697,0.697,177205.0
2025-11-13,EGX:VLMR,0.697,0.698,0.695,0.697,69444.0
2025-11-16,EGX:VLMR,0.696,0.696,0.689,0.691,324074.0
2025-11-17,EGX:VLMR,0.692,0.693,0.679,0.68,1480344.0
2025-11-18,EGX:VLMR,0.679,0.682,0.676,0.68,115995.0
2025-11-19,EGX:VLMR,0.679,0.68,0.677,0.677,45981.0
2025-11-20,EGX:VLMR,0.678,0.681,0.676,0.679,66198.0
2025-11-23,EGX:VLMR,0.68,0.681,0.676,0.677,373854.0
2025-11-24,EGX:VLMR,0.677,0.679,0.675,0.676,113826.0
2025-11-25,EGX:VLMR,0.676,0.681,0.675,0.675,124550.0
2025-11-26,EGX:VLMR,0.676,0.68,0.674,0.675,202799.0
2025-11-27,EGX:VLMR,0.675,0.677,0.67,0.673,321566.0
2025-11-30,EGX:VLMR,0.671,0.672,0.665,0.669,286560.0
2025-12-01,EGX:VLMR,0.67,0.67,0.665,0.669,198031.0
2025-12-02,EGX:VLMR,0.669,0.67,0.665,0.666,159200.0
2025-12-03,EGX:VLMR,0.666,0.669,0.659,0.66,764625.0
2025-12-04,EGX:VLMR,0.66,0.66,0.655,0.657,297613.0
2025-12-07,EGX:VLMR,0.657,0.66,0.653,0.656,262574.0
2025-12-08,EGX:VLMR,0.656,0.66,0.654,0.655,908980.0
2025-12-09,EGX:VLMR,0.655,0.669,0.652,0.665,502567.0
2025-12-10,EGX:VLMR,0.665,0.671,0.66,0.668,952943.0
2025-12-11,EGX:VLMR,0.661,0.675,0.661,0.674,264489.0
2025-12-14,EGX:VLMR,0.674,0.694,0.674,0.69,646064.0
2025-12-15,EGX:VLMR,0.693,0.695,0.69,0.693,729694.0
2025-12-16,EGX:VLMR,0.692,0.692,0.683,0.684,450042.0
2025-12-17,EGX:VLMR,0.683,0.689,0.683,0.687,102706.0
2025-12-18,EGX:VLMR,0.686,0.689,0.686,0.688,96523.0
2025-12-21,EGX:VLMR,0.688,0.69,0.685,0.685,133357.0
2025-12-22,EGX:VLMR,0.685,0.689,0.683,0.689,227360.0
2025-12-23,EGX:VLMR,0.689,0.689,0.686,0.686,127460.0
2025-12-24,EGX:VLMR,0.686,0.694,0.686,0.687,312534.0
2025-12-25,EGX:VLMR,0.687,0.709,0.686,0.705,913172.0
2025-12-28,EGX:VLMR,0.705,0.71,0.705,0.706,290276.0
2025-12-29,EGX:VLMR,0.706,0.708,0.704,0.704,193136.0
2025-12-30,EGX:VLMR,0.704,0.706,0.703,0.703,112454.0
2025-12-31,EGX:VLMR,0.703,0.705,0.695,0.699,313265.0
2026-01-04,EGX:VLMR,0.699,0.7,0.696,0.697,59603.0
2026-01-05,EGX:VLMR,0.697,0.697,0.693,0.695,116292.0
2026-01-06,EGX:VLMR,0.695,0.696,0.691,0.693,280004.0
2026-01-08,EGX:VLMR,0.693,0.693,0.674,0.685,869524.0
2026-01-11,EGX:VLMR,0.685,0.685,0.67,0.68,688764.0
2026-01-12,EGX:VLMR,0.68,0.684,0.676,0.681,54426.0
2026-01-13,EGX:VLMR,0.681,0.684,0.674,0.674,97549.0
2026-01-14,EGX:VLMR,0.674,0.68,0.671,0.68,188854.0
2026-01-15,EGX:VLMR,0.68,0.684,0.671,0.674,267705.0
2026-01-18,EGX:VLMR,0.674,0.678,0.674,0.675,25542.0
2026-01-19,EGX:VLMR,0.675,0.679,0.67,0.677,335488.0
2026-01-20,EGX:VLMR,0.677,0.679,0.67,0.671,216312.0
2026-01-21,EGX:VLMR,0.671,0.676,0.67,0.674,248299.0
2026-01-22,EGX:VLMR,0.674,0.679,0.672,0.679,253850.0
2026-01-25,EGX:VLMR,0.679,0.701,0.679,0.698,1429347.0
2026-01-26,EGX:VLMR,0.698,0.699,0.69,0.699,296196.0
2026-01-27,EGX:VLMR,0.698,0.7,0.696,0.699,171841.0
2026-01-28,EGX:VLMR,0.699,0.704,0.696,0.699,1038070.0
2026-02-01,EGX:VLMR,0.699,0.7,0.694,0.7,110660.0
2026-02-02,EGX:VLMR,0.7,0.7,0.695,0.698,83471.0
2026-02-03,EGX:VLMR,0.698,0.707,0.698,0.704,379437.0
2026-02-04,EGX:VLMR,0.7,0.707,0.7,0.706,509147.0
2026-02-05,EGX:VLMR,0.706,0.706,0.701,0.705,166716.0
2026-02-08,EGX:VLMR,0.705,0.71,0.705,0.708,308842.0
2026-02-09,EGX:VLMR,0.708,0.71,0.706,0.709,275517.0
2026-02-10,EGX:VLMR,0.708,0.71,0.707,0.71,325099.0
2026-02-11,EGX:VLMR,0.71,0.71,0.707,0.708,125901.0
2026-02-12,EGX:VLMR,0.708,0.71,0.706,0.709,83536.0
2026-02-15,EGX:VLMR,0.709,0.71,0.707,0.709,168985.0
2026-02-16,EGX:VLMR,0.71,0.71,0.708,0.708,138842.0
2026-02-17,EGX:VLMR,0.709,0.71,0.708,0.709,223945.0
2026-02-18,EGX:VLMR,0.709,0.71,0.709,0.71,206230.0
2026-02-19,EGX:VLMR,0.71,0.71,0.705,0.706,111730.0
2026-02-22,EGX:VLMR,0.706,0.706,0.702,0.703,109388.0
2026-02-23,EGX:VLMR,0.702,0.708,0.702,0.707,63485.0
2026-02-24,EGX:VLMR,0.704,0.708,0.704,0.707,21442.0
2026-02-25,EGX:VLMR,0.707,0.709,0.701,0.709,95857.0
2026-02-26,EGX:VLMR,0.708,0.708,0.701,0.701,86190.0
2026-03-01,EGX:VLMR,0.701,0.701,0.671,0.686,265111.0
2026-03-02,EGX:VLMR,0.686,0.694,0.685,0.686,156700.0
2026-03-03,EGX:VLMR,0.686,0.696,0.684,0.695,1142346.0
2026-03-04,EGX:VLMR,0.695,0.7,0.695,0.699,115612.0
2026-03-05,EGX:VLMR,0.699,0.7,0.696,0.7,181440.0
2026-03-08,EGX:VLMR,0.7,0.709,0.7,0.705,276741.0
2026-03-09,EGX:VLMR,0.705,0.707,0.704,0.705,303582.0
2026-03-10,EGX:VLMR,0.705,0.71,0.704,0.71,327856.0
2026-03-11,EGX:VLMR,0.71,0.71,0.709,0.71,167271.0
2026-03-12,EGX:VLMR,0.71,0.71,0.709,0.71,117041.0
2026-03-15,EGX:VLMR,0.709,0.71,0.708,0.708,86674.0
2026-03-16,EGX:VLMR,0.708,0.709,0.705,0.706,75478.0
2026-03-17,EGX:VLMR,0.706,0.71,0.706,0.709,255884.0
2026-03-18,EGX:VLMR,0.709,0.711,0.707,0.709,205489.0
2026-03-24,EGX:VLMR,0.709,0.711,0.705,0.71,102807.0
2026-03-25,EGX:VLMR,0.71,0.71,0.707,0.709,92725.0
2026-03-26,EGX:VLMR,0.707,0.709,0.706,0.708,117179.0
2026-03-29,EGX:VLMR,0.707,0.709,0.705,0.708,135038.0
2026-03-30,EGX:VLMR,0.708,0.708,0.701,0.702,319429.0
2026-03-31,EGX:VLMR,0.702,0.704,0.699,0.699,220861.0
2026-04-01,EGX:VLMR,0.699,0.701,0.698,0.698,201257.0
2026-04-02,EGX:VLMR,0.698,0.7,0.697,0.699,95545.0
2026-04-05,EGX:VLMR,0.699,0.703,0.699,0.7,104609.0
2026-04-06,EGX:VLMR,0.7,0.706,0.7,0.706,147860.0
2026-04-07,EGX:VLMR,0.705,0.706,0.697,0.7,181471.0
2026-04-08,EGX:VLMR,0.7,0.708,0.7,0.705,39658.0
2026-04-09,EGX:VLMR,0.705,0.705,0.702,0.703,57453.0
2026-04-14,EGX:VLMR,0.702,0.706,0.702,0.705,70069.0
2026-04-15,EGX:VLMR,0.706,0.714,0.705,0.713,343555.0
2026-04-16,EGX:VLMR,0.713,0.73,0.713,0.729,712437.0
2026-04-19,EGX:VLMR,0.729,0.731,0.725,0.73,312022.0
2026-04-20,EGX:VLMR,0.73,0.732,0.727,0.732,538781.0
2026-04-21,EGX:VLMR,0.732,0.732,0.73,0.732,438337.0
2026-04-22,EGX:VLMR,0.732,0.736,0.732,0.735,315974.0
2026-04-23,EGX:VLMR,0.735,0.737,0.732,0.734,2988536.0
2026-04-26,EGX:VLMR,0.734,0.735,0.728,0.729,1037282.0
2026-04-27,EGX:VLMR,0.729,0.729,0.682,0.69,1256882.0
2026-04-28,EGX:VLMR,0.69,0.69,0.682,0.686,3736382.0
2026-04-29,EGX:VLMR,0.686,0.69,0.683,0.69,94773.0
2026-04-30,EGX:VLMR,0.69,0.69,0.688,0.69,158135.0
2026-05-03,EGX:VLMR,0.69,0.69,0.687,0.69,277665.0
2026-05-04,EGX:VLMR,0.69,0.69,0.685,0.687,341982.0
2026-05-05,EGX:VLMR,0.685,0.689,0.684,0.688,234341.0
2026-05-06,EGX:VLMR,0.688,0.69,0.686,0.687,260330.0
2026-05-10,EGX:VLMR,0.69,0.69,0.687,0.689,162213.0
2026-05-11,EGX:VLMR,0.689,0.69,0.687,0.688,230892.0
2026-05-12,EGX:VLMR,0.688,0.688,0.685,0.686,352186.0
2026-05-13,EGX:VLMR,0.686,0.688,0.675,0.675,1059044.0
2026-05-14,EGX:VLMR,0.675,0.686,0.674,0.675,580741.0
2026-05-17,EGX:VLMR,0.675,0.68,0.669,0.669,835651.0
2026-05-18,EGX:VLMR,0.67,0.674,0.668,0.669,150960.0
2026-05-19,EGX:VLMR,0.669,0.671,0.667,0.667,346063.0
2026-05-20,EGX:VLMR,0.667,0.669,0.665,0.665,295251.0
2026-05-21,EGX:VLMR,0.665,0.669,0.665,0.667,152654.0
2026-05-24,EGX:VLMR,0.667,0.669,0.659,0.663,257860.0
2026-05-25,EGX:VLMR,0.667,0.669,0.66,0.66,400182.0
2026-06-01,EGX:VLMR,0.66,0.669,0.66,0.667,115717.0
2026-06-02,EGX:VLMR,0.667,0.672,0.665,0.67,122958.0
2026-06-03,EGX:VLMR,0.67,0.673,0.667,0.673,70225.0
2026-06-04,EGX:VLMR,0.673,0.673,0.669,0.672,88509.0
2026-06-07,EGX:VLMR,0.672,0.675,0.67,0.672,172688.0
2026-06-08,EGX:VLMR,0.672,0.674,0.671,0.674,84612.0
2026-06-09,EGX:VLMR,0.673,0.674,0.672,0.674,88073.0
2026-06-10,EGX:VLMR,0.674,0.675,0.672,0.672,167753.0
2026-06-11,EGX:VLMR,0.672,0.673,0.67,0.672,216429.0
